collection,repeat_id,decision,final_T,final_B_pool,k_requested,selected_policy,reference_policy,loss,success,param_error,seed
trec-covid,0,recalibration,5,466,5,ad_probe,ad_c(full_target_scalar_reference),0.006038653492743379,False,90.58444379244219,2000032
trec-covid,0,selection,5,466,5,ad_probe,best_in_menu_on_eval,0.0,True,,2000032
trec-covid,1,recalibration,5,449,5,ad_probe,ad_c(full_target_scalar_reference),0.004201937130885056,True,67.96028920734346,2001032
trec-covid,1,selection,5,449,5,ad_probe,best_in_menu_on_eval,0.0,True,,2001032
trec-covid,2,recalibration,5,481,5,ad_probe,ad_c(full_target_scalar_reference),0.003232276446225396,True,46.78750610312363,2002032
trec-covid,2,selection,5,481,5,ad_probe,best_in_menu_on_eval,0.0,True,,2002032
trec-covid,3,recalibration,5,392,5,ad_probe,ad_c(full_target_scalar_reference),0.00354705465279119,True,58.93261963858998,2003032
trec-covid,3,selection,5,392,5,ad_probe,best_in_menu_on_eval,0.0,True,,2003032
trec-covid,4,recalibration,5,500,5,ad_probe,ad_c(full_target_scalar_reference),0.0013176708385718022,True,19.07601722542472,2004032
trec-covid,4,selection,5,500,5,ad_probe,best_in_menu_on_eval,0.0,True,,2004032
trec-covid,5,recalibration,5,456,5,ad_probe,ad_c(full_target_scalar_reference),0.0024708612334062435,True,35.812768091559434,2005032
trec-covid,5,selection,5,456,5,ad_probe,best_in_menu_on_eval,0.0,True,,2005032
trec-covid,6,recalibration,5,463,5,ad_probe,ad_c(full_target_scalar_reference),0.003191883131429263,True,47.33116672023982,2006032
trec-covid,6,selection,5,463,5,ad_probe,best_in_menu_on_eval,0.0,True,,2006032
trec-covid,7,recalibration,5,458,5,ad_probe,ad_c(full_target_scalar_reference),0.0038871478454806374,True,58.93261963858998,2007032
trec-covid,7,selection,5,458,5,ad_probe,best_in_menu_on_eval,0.0,True,,2007032
trec-covid,8,recalibration,5,434,5,ad_probe,ad_c(full_target_scalar_reference),0.006252331637765396,False,89.55941982348088,2008032
trec-covid,8,selection,5,434,5,ad_probe,best_in_menu_on_eval,0.0,True,,2008032
trec-covid,9,recalibration,5,441,5,ad_probe,ad_c(full_target_scalar_reference),0.004496007334157767,True,69.46719569701696,2009032
trec-covid,9,selection,5,441,5,ad_probe,best_in_menu_on_eval,0.0,True,,2009032
trec-covid,10,recalibration,5,455,5,ad_probe,ad_c(full_target_scalar_reference),0.003710993093340803,True,58.93261963858998,2010032
trec-covid,10,selection,5,455,5,ad_probe,best_in_menu_on_eval,0.0,True,,2010032
trec-covid,11,recalibration,5,430,5,ad_probe,ad_c(full_target_scalar_reference),0.005677331406752098,False,78.23984019904788,2011032
trec-covid,11,selection,5,430,5,ad_probe,best_in_menu_on_eval,0.0,True,,2011032
trec-covid,12,recalibration,5,430,5,ad_probe,ad_c(full_target_scalar_reference),0.004722392347583551,True,64.53848907186833,2012032
trec-covid,12,selection,5,430,5,ad_probe,best_in_menu_on_eval,0.0,True,,2012032
trec-covid,13,recalibration,5,427,5,ad_probe,ad_c(full_target_scalar_reference),0.00838658046126508,False,101.46301828897123,2013032
trec-covid,13,selection,5,427,5,ad_probe,best_in_menu_on_eval,0.0,True,,2013032
trec-covid,14,recalibration,5,437,5,ad_probe,ad_c(full_target_scalar_reference),0.0005513738289301406,True,4.007434251607947,2014032
trec-covid,14,selection,5,437,5,ad_probe,best_in_menu_on_eval,0.0,True,,2014032
trec-covid,15,recalibration,5,443,5,ad_probe,ad_c(full_target_scalar_reference),0.002962523252501695,True,40.156745059161835,2015032
trec-covid,15,selection,5,443,5,ad_probe,best_in_menu_on_eval,0.0,True,,2015032
trec-covid,16,recalibration,5,427,5,ad_probe,ad_c(full_target_scalar_reference),0.018035038644889347,False,177.24403127620403,2016032
trec-covid,16,selection,5,427,5,ad_probe,best_in_menu_on_eval,0.0,True,,2016032
trec-covid,17,recalibration,5,443,5,ad_probe,ad_c(full_target_scalar_reference),0.004733624549066548,True,64.53848907186833,2017032
trec-covid,17,selection,5,443,5,ad_probe,best_in_menu_on_eval,0.0,True,,2017032
trec-covid,18,recalibration,5,452,5,ad_probe,ad_c(full_target_scalar_reference),0.00037318163642612034,True,2.490381342264243,2018032
trec-covid,18,selection,5,452,5,ad_probe,best_in_menu_on_eval,0.0,True,,2018032
trec-covid,19,recalibration,5,469,5,ad_probe,ad_c(full_target_scalar_reference),0.004611454190765821,True,64.53848907186833,2019032
trec-covid,19,selection,5,469,5,ad_probe,best_in_menu_on_eval,0.0,True,,2019032
trec-covid,20,recalibration,5,414,5,ad_probe,ad_c(full_target_scalar_reference),0.0059817165792532545,False,89.55941982348088,2020032
trec-covid,20,selection,5,414,5,ad_probe,best_in_menu_on_eval,0.0,True,,2020032
trec-covid,21,recalibration,5,478,5,ad_probe,ad_c(full_target_scalar_reference),0.004723174686745588,True,70.30915589806784,2021032
trec-covid,21,selection,5,478,5,ad_probe,best_in_menu_on_eval,0.0,True,,2021032
trec-covid,22,recalibration,5,481,5,ad_probe,ad_c(full_target_scalar_reference),0.001388442246922847,True,19.07601722542472,2022032
trec-covid,22,selection,5,481,5,ad_probe,best_in_menu_on_eval,0.0,True,,2022032
trec-covid,23,recalibration,5,451,5,ad_probe,ad_c(full_target_scalar_reference),0.0035772028966102737,True,51.433867816491954,2023032
trec-covid,23,selection,5,451,5,ad_probe,best_in_menu_on_eval,0.0,True,,2023032
trec-covid,24,recalibration,5,477,5,ad_probe,ad_c(full_target_scalar_reference),0.0045606004290200675,True,64.53848907186833,2024032
trec-covid,24,selection,5,477,5,ad_probe,best_in_menu_on_eval,0.0,True,,2024032
trec-covid,25,recalibration,5,437,5,ad_probe,ad_c(full_target_scalar_reference),0.007519058250962739,False,99.44776442587914,2025032
trec-covid,25,selection,5,437,5,ad_probe,best_in_menu_on_eval,0.0,True,,2025032
trec-covid,26,recalibration,5,463,5,ad_probe,ad_c(full_target_scalar_reference),0.006185449725762876,False,125.01781617374019,2026032
trec-covid,26,selection,5,463,5,ad_probe,best_in_menu_on_eval,0.0,True,,2026032
trec-covid,27,recalibration,5,400,5,ad_probe,ad_c(full_target_scalar_reference),0.006112335305281678,False,89.55941982348088,2027032
trec-covid,27,selection,5,400,5,ad_probe,best_in_menu_on_eval,0.0,True,,2027032
trec-covid,28,recalibration,5,453,5,ad_probe,ad_c(full_target_scalar_reference),0.004829758676208412,True,64.53848907186833,2028032
trec-covid,28,selection,5,453,5,ad_probe,best_in_menu_on_eval,0.0,True,,2028032
trec-covid,29,recalibration,5,495,5,ad_probe,ad_c(full_target_scalar_reference),0.0020161946761447364,True,26.03325693549681,2029032
trec-covid,29,selection,5,495,5,ad_probe,best_in_menu_on_eval,0.0,True,,2029032
trec-covid,30,recalibration,5,441,5,ad_probe,ad_c(full_target_scalar_reference),0.009465905670740578,False,111.16893438369246,2030032
trec-covid,30,selection,5,441,5,ad_probe,best_in_menu_on_eval,0.0,True,,2030032
trec-covid,31,recalibration,5,424,5,ad_probe,ad_c(full_target_scalar_reference),0.005323650586198228,False,76.89183000158846,2031032
trec-covid,31,selection,5,424,5,ad_probe,best_in_menu_on_eval,0.0,True,,2031032
trec-covid,32,recalibration,5,446,5,ad_probe,ad_c(full_target_scalar_reference),0.0012134240045694467,True,19.07601722542472,2032032
trec-covid,32,selection,5,446,5,ad_probe,best_in_menu_on_eval,0.0,True,,2032032
trec-covid,33,recalibration,5,459,5,ad_probe,ad_c(full_target_scalar_reference),0.005544195924213069,False,78.23984019904788,2033032
trec-covid,33,selection,5,459,5,ad_probe,best_in_menu_on_eval,0.0,True,,2033032
trec-covid,34,recalibration,5,470,5,ad_probe,ad_c(full_target_scalar_reference),0.004958783227977687,True,78.4777126244175,2034032
trec-covid,34,selection,5,470,5,ad_probe,best_in_menu_on_eval,0.0,True,,2034032
trec-covid,35,recalibration,5,478,5,ad_probe,ad_c(full_target_scalar_reference),0.005080069913601534,False,78.4777126244175,2035032
trec-covid,35,selection,5,478,5,ad_probe,best_in_menu_on_eval,0.0,True,,2035032
trec-covid,36,recalibration,5,420,5,ad_probe,ad_c(full_target_scalar_reference),0.003024597948219798,True,40.156745059161835,2036032
trec-covid,36,selection,5,420,5,ad_probe,best_in_menu_on_eval,0.0,True,,2036032
trec-covid,37,recalibration,5,465,5,ad_probe,ad_c(full_target_scalar_reference),0.0032694344741544396,True,51.608519899114754,2037032
trec-covid,37,selection,5,465,5,ad_probe,best_in_menu_on_eval,0.0,True,,2037032
trec-covid,38,recalibration,5,481,5,ad_probe,ad_c(full_target_scalar_reference),0.006901998135585272,False,147.49048550850972,2038032
trec-covid,38,selection,5,481,5,ad_probe,best_in_menu_on_eval,0.0,True,,2038032
trec-covid,39,recalibration,5,448,5,ad_probe,ad_c(full_target_scalar_reference),0.0032822421940633673,True,51.608519899114754,2039032
trec-covid,39,selection,5,448,5,ad_probe,best_in_menu_on_eval,0.0,True,,2039032
trec-covid,40,recalibration,5,488,5,ad_probe,ad_c(full_target_scalar_reference),0.0035613053578590903,True,49.54448109632597,2040032
trec-covid,40,selection,5,488,5,ad_probe,best_in_menu_on_eval,0.0,True,,2040032
trec-covid,41,recalibration,5,475,5,ad_probe,ad_c(full_target_scalar_reference),0.000511043117093074,True,4.007434251607947,2041032
trec-covid,41,selection,5,475,5,ad_probe,best_in_menu_on_eval,0.0,True,,2041032
trec-covid,42,recalibration,5,449,5,ad_probe,ad_c(full_target_scalar_reference),0.0013424335052619196,True,19.07601722542472,2042032
trec-covid,42,selection,5,449,5,ad_probe,best_in_menu_on_eval,0.0,True,,2042032
trec-covid,43,recalibration,5,440,5,ad_probe,ad_c(full_target_scalar_reference),0.0048890468267883125,True,81.49417566398523,2043032
trec-covid,43,selection,5,440,5,ad_probe,best_in_menu_on_eval,0.0,True,,2043032
trec-covid,44,recalibration,5,480,5,ad_probe,ad_c(full_target_scalar_reference),0.0036370071298418016,True,58.93261963858998,2044032
trec-covid,44,selection,5,480,5,ad_probe,best_in_menu_on_eval,0.0,True,,2044032
trec-covid,45,recalibration,5,463,5,ad_probe,ad_c(full_target_scalar_reference),0.004580641538929495,True,78.4777126244175,2045032
trec-covid,45,selection,5,463,5,ad_probe,best_in_menu_on_eval,0.0,True,,2045032
trec-covid,46,recalibration,5,484,5,ad_probe,ad_c(full_target_scalar_reference),0.0021005855571957915,True,26.03325693549681,2046032
trec-covid,46,selection,5,484,5,ad_probe,best_in_menu_on_eval,0.0,True,,2046032
trec-covid,47,recalibration,5,474,5,ad_probe,ad_c(full_target_scalar_reference),0.005210937095767296,False,91.3445756816509,2047032
trec-covid,47,selection,5,474,5,ad_probe,best_in_menu_on_eval,0.0,True,,2047032
trec-covid,48,recalibration,5,451,5,ad_probe,ad_c(full_target_scalar_reference),0.004738002232534386,True,64.53848907186833,2048032
trec-covid,48,selection,5,451,5,ad_probe,best_in_menu_on_eval,0.0,True,,2048032
trec-covid,49,recalibration,5,461,5,ad_probe,ad_c(full_target_scalar_reference),3.4885749171473246e-05,True,2.490381342264243,2049032
trec-covid,49,selection,5,461,5,ad_probe,best_in_menu_on_eval,0.0,True,,2049032
trec-covid,0,recalibration,10,916,10,ad_probe,ad_c(full_target_scalar_reference),0.0010485094314676563,True,16.92501153357682,901
trec-covid,0,selection,10,916,10,ad_probe,best_in_menu_on_eval,0.0,True,,901
trec-covid,1,recalibration,10,916,10,ad_probe,ad_c(full_target_scalar_reference),0.004376915941148557,True,73.21900091588049,1901
trec-covid,1,selection,10,916,10,ad_probe,best_in_menu_on_eval,0.0,True,,1901
trec-covid,2,recalibration,10,910,10,ad_probe,ad_c(full_target_scalar_reference),0.0002938305138105446,True,3.3153805219808987,2901
trec-covid,2,selection,10,910,10,ad_probe,best_in_menu_on_eval,0.0,True,,2901
trec-covid,3,recalibration,10,884,10,ad_probe,ad_c(full_target_scalar_reference),0.005202868833259072,False,68.59860711239904,3901
trec-covid,3,selection,10,884,10,ad_probe,best_in_menu_on_eval,0.0,True,,3901
trec-covid,4,recalibration,10,934,10,ad_probe,ad_c(full_target_scalar_reference),0.0045770215567190325,True,68.70516613150374,4901
trec-covid,4,selection,10,934,10,ad_probe,best_in_menu_on_eval,0.0,True,,4901
trec-covid,5,recalibration,10,896,10,ad_probe,ad_c(full_target_scalar_reference),0.0017572597984619048,True,23.787486682904955,5901
trec-covid,5,selection,10,896,10,ad_probe,best_in_menu_on_eval,0.0,True,,5901
trec-covid,6,recalibration,10,990,10,ad_probe,ad_c(full_target_scalar_reference),0.003914735098890343,True,52.25548477995716,6901
trec-covid,6,selection,10,990,10,ad_probe,best_in_menu_on_eval,0.0,True,,6901
trec-covid,7,recalibration,10,933,10,ad_probe,ad_c(full_target_scalar_reference),0.0006184451952573333,True,10.78319928384451,7901
trec-covid,7,selection,10,933,10,ad_probe,best_in_menu_on_eval,0.0,True,,7901
trec-covid,8,recalibration,10,876,10,ad_probe,ad_c(full_target_scalar_reference),0.0017055228689950713,True,27.444392658492063,8901
trec-covid,8,selection,10,876,10,ad_probe,best_in_menu_on_eval,0.0,True,,8901
trec-covid,9,recalibration,10,911,10,ad_probe,ad_c(full_target_scalar_reference),0.0058208417468542245,False,85.30880955078595,9901
trec-covid,9,selection,10,911,10,ad_probe,best_in_menu_on_eval,0.0,True,,9901
trec-covid,10,recalibration,10,866,10,ad_probe,ad_c(full_target_scalar_reference),0.0006176382874918257,True,8.29281794158021,10901
trec-covid,10,selection,10,866,10,ad_probe,best_in_menu_on_eval,0.0,True,,10901
trec-covid,11,recalibration,10,948,10,ad_probe,ad_c(full_target_scalar_reference),0.0017890568840367577,True,24.910774031252032,11901
trec-covid,11,selection,10,948,10,ad_probe,best_in_menu_on_eval,0.0,True,,11901
trec-covid,12,recalibration,10,980,10,ad_probe,ad_c(full_target_scalar_reference),0.00028065286768191866,True,3.3153805219808987,12901
trec-covid,12,selection,10,980,10,ad_probe,best_in_menu_on_eval,0.0,True,,12901
trec-covid,13,recalibration,10,888,10,ad_probe,ad_c(full_target_scalar_reference),0.000970882277841853,True,14.261819138880526,13901
trec-covid,13,selection,10,888,10,ad_probe,best_in_menu_on_eval,0.0,True,,13901
trec-covid,14,recalibration,10,880,10,ad_probe,ad_c(full_target_scalar_reference),0.0041462123881837384,True,57.986178444180155,14901
trec-covid,14,selection,10,880,10,ad_probe,best_in_menu_on_eval,0.0,True,,14901
trec-covid,15,recalibration,10,939,10,ad_probe,ad_c(full_target_scalar_reference),0.0022474564445061768,True,28.09904196654651,15901
trec-covid,15,selection,10,939,10,ad_probe,best_in_menu_on_eval,0.0,True,,15901
trec-covid,16,recalibration,10,866,10,ad_probe,ad_c(full_target_scalar_reference),0.000568227277986888,True,8.29281794158021,16901
trec-covid,16,selection,10,866,10,ad_probe,best_in_menu_on_eval,0.0,True,,16901
trec-covid,17,recalibration,10,901,10,ad_probe,ad_c(full_target_scalar_reference),0.00525325627143422,False,86.41937567281809,17901
trec-covid,17,selection,10,901,10,ad_probe,best_in_menu_on_eval,0.0,True,,17901
trec-covid,18,recalibration,10,961,10,ad_probe,ad_c(full_target_scalar_reference),0.005722073100715264,False,96.48905269054183,18901
trec-covid,18,selection,10,961,10,ad_probe,best_in_menu_on_eval,0.0,True,,18901
trec-covid,19,recalibration,10,868,10,ad_probe,ad_c(full_target_scalar_reference),0.00041982934097939406,True,2.171988483801215,19901
trec-covid,19,selection,10,868,10,ad_probe,best_in_menu_on_eval,0.0,True,,19901
trec-covid,20,recalibration,10,891,10,ad_probe,ad_c(full_target_scalar_reference),0.003607873283080293,True,55.2705697688524,20901
trec-covid,20,selection,10,891,10,ad_probe,best_in_menu_on_eval,0.0,True,,20901
trec-covid,21,recalibration,10,943,10,ad_probe,ad_c(full_target_scalar_reference),0.0011315054514813572,True,12.691369608716457,21901
trec-covid,21,selection,10,943,10,ad_probe,best_in_menu_on_eval,0.0,True,,21901
trec-covid,22,recalibration,10,926,10,ad_probe,ad_c(full_target_scalar_reference),0.0004997612872741364,True,7.534291486908387,22901
trec-covid,22,selection,10,926,10,ad_probe,best_in_menu_on_eval,0.0,True,,22901
trec-covid,23,recalibration,10,953,10,ad_probe,ad_c(full_target_scalar_reference),0.0011863494555360427,True,11.771437796616283,23901
trec-covid,23,selection,10,953,10,ad_probe,best_in_menu_on_eval,0.0,True,,23901
trec-covid,24,recalibration,10,806,10,ad_probe,ad_c(full_target_scalar_reference),0.0022700996467417967,True,33.48840717737636,24901
trec-covid,24,selection,10,806,10,ad_probe,best_in_menu_on_eval,0.0,True,,24901
trec-covid,25,recalibration,10,877,10,ad_probe,ad_c(full_target_scalar_reference),0.004093331038576148,True,63.446454422966724,25901
trec-covid,25,selection,10,877,10,ad_probe,best_in_menu_on_eval,0.0,True,,25901
trec-covid,26,recalibration,10,909,10,ad_probe,ad_c(full_target_scalar_reference),0.0036897083896412913,True,60.53785779806583,26901
trec-covid,26,selection,10,909,10,ad_probe,best_in_menu_on_eval,0.0,True,,26901
trec-covid,27,recalibration,10,915,10,ad_probe,ad_c(full_target_scalar_reference),0.0003169486825431722,True,1.378487496601167,27901
trec-covid,27,selection,10,915,10,ad_probe,best_in_menu_on_eval,0.0,True,,27901
trec-covid,28,recalibration,10,942,10,ad_probe,ad_c(full_target_scalar_reference),0.004201857810520709,True,59.99494593658477,28901
trec-covid,28,selection,10,942,10,ad_probe,best_in_menu_on_eval,0.0,True,,28901
trec-covid,29,recalibration,10,930,10,ad_probe,ad_c(full_target_scalar_reference),0.006381469698222064,False,128.65809718089457,29901
trec-covid,29,selection,10,930,10,ad_probe,best_in_menu_on_eval,0.0,True,,29901
trec-covid,30,recalibration,10,955,10,ad_probe,ad_c(full_target_scalar_reference),0.005041708381502946,False,79.65243244449721,30901
trec-covid,30,selection,10,955,10,ad_probe,best_in_menu_on_eval,0.0,True,,30901
trec-covid,31,recalibration,10,943,10,ad_probe,ad_c(full_target_scalar_reference),0.003000135742106058,True,37.78886901591136,31901
trec-covid,31,selection,10,943,10,ad_probe,best_in_menu_on_eval,0.0,True,,31901
trec-covid,32,recalibration,10,901,10,ad_probe,ad_c(full_target_scalar_reference),0.0037654585945712388,True,75.4806856805011,32901
trec-covid,32,selection,10,901,10,ad_probe,best_in_menu_on_eval,0.0,True,,32901
trec-covid,33,recalibration,10,889,10,ad_probe,ad_c(full_target_scalar_reference),0.0018885698806592605,True,27.444392658492063,33901
trec-covid,33,selection,10,889,10,ad_probe,best_in_menu_on_eval,0.0,True,,33901
trec-covid,34,recalibration,10,894,10,ad_probe,ad_c(full_target_scalar_reference),0.0013515156811593487,True,22.148562380429667,34901
trec-covid,34,selection,10,894,10,ad_probe,best_in_menu_on_eval,0.0,True,,34901
trec-covid,35,recalibration,10,844,10,ad_probe,ad_c(full_target_scalar_reference),0.0025501255577189685,True,37.87472942839182,35901
trec-covid,35,selection,10,844,10,ad_probe,best_in_menu_on_eval,0.0,True,,35901
trec-covid,36,recalibration,10,934,10,ad_probe,ad_c(full_target_scalar_reference),0.000506874078999478,True,7.534291486908387,36901
trec-covid,36,selection,10,934,10,ad_probe,best_in_menu_on_eval,0.0,True,,36901
trec-covid,37,recalibration,10,926,10,ad_probe,ad_c(full_target_scalar_reference),0.000450155509958472,True,8.63219359199661,37901
trec-covid,37,selection,10,926,10,ad_probe,best_in_menu_on_eval,0.0,True,,37901
trec-covid,38,recalibration,10,948,10,ad_probe,ad_c(full_target_scalar_reference),0.0003174347842394981,True,7.126293308257345,38901
trec-covid,38,selection,10,948,10,ad_probe,best_in_menu_on_eval,0.0,True,,38901
trec-covid,39,recalibration,10,869,10,ad_probe,ad_c(full_target_scalar_reference),0.003346408969310155,True,44.8506130777439,39901
trec-covid,39,selection,10,869,10,ad_probe,best_in_menu_on_eval,0.0,True,,39901
trec-covid,40,recalibration,10,914,10,ad_probe,ad_c(full_target_scalar_reference),0.004197925495616747,True,56.35229904657393,40901
trec-covid,40,selection,10,914,10,ad_probe,best_in_menu_on_eval,0.0,True,,40901
trec-covid,41,recalibration,10,942,10,ad_probe,ad_c(full_target_scalar_reference),0.00039158997361765646,True,5.3832857950604875,41901
trec-covid,41,selection,10,942,10,ad_probe,best_in_menu_on_eval,0.0,True,,41901
trec-covid,42,recalibration,10,846,10,ad_probe,ad_c(full_target_scalar_reference),0.004275314978214345,True,68.44529327186035,42901
trec-covid,42,selection,10,846,10,ad_probe,best_in_menu_on_eval,0.0,True,,42901
trec-covid,43,recalibration,10,894,10,ad_probe,ad_c(full_target_scalar_reference),0.0029505098397080848,True,47.98392361350659,43901
trec-covid,43,selection,10,894,10,ad_probe,best_in_menu_on_eval,0.0,True,,43901
trec-covid,44,recalibration,10,909,10,ad_probe,ad_c(full_target_scalar_reference),0.002013730634721267,True,29.546685997245135,44901
trec-covid,44,selection,10,909,10,ad_probe,best_in_menu_on_eval,0.0,True,,44901
trec-covid,45,recalibration,10,986,10,ad_probe,ad_c(full_target_scalar_reference),0.0017336331093852353,True,21.390035925757843,45901
trec-covid,45,selection,10,986,10,ad_probe,best_in_menu_on_eval,0.0,True,,45901
trec-covid,46,recalibration,10,877,10,ad_probe,ad_c(full_target_scalar_reference),0.0015288180001114121,True,23.787486682904955,46901
trec-covid,46,selection,10,877,10,ad_probe,best_in_menu_on_eval,0.0,True,,46901
trec-covid,47,recalibration,10,898,10,ad_probe,ad_c(full_target_scalar_reference),0.0044115492216945384,True,80.4058856893339,47901
trec-covid,47,selection,10,898,10,ad_probe,best_in_menu_on_eval,0.0,True,,47901
trec-covid,48,recalibration,10,934,10,ad_probe,ad_c(full_target_scalar_reference),0.0024719216056544313,True,28.852495211383257,48901
trec-covid,48,selection,10,934,10,ad_probe,best_in_menu_on_eval,0.0,True,,48901
trec-covid,49,recalibration,10,976,10,ad_probe,ad_c(full_target_scalar_reference),0.006392498189312409,False,84.41214199574503,49901
trec-covid,49,selection,10,976,10,ad_probe,best_in_menu_on_eval,0.0,True,,49901
trec-covid,0,recalibration,20,1826,20,ad_probe,ad_c(full_target_scalar_reference),0.004725550100038722,True,77.56583510031817,2200423
trec-covid,0,selection,20,1826,20,ad_probe,best_in_menu_on_eval,0.0,True,,2200423
trec-covid,1,recalibration,20,1865,20,ad_probe,ad_c(full_target_scalar_reference),0.004282974450608754,True,63.446454422966724,2201423
trec-covid,1,selection,20,1865,20,ad_probe,best_in_menu_on_eval,0.0,True,,2201423
trec-covid,2,recalibration,20,1848,20,ad_probe,ad_c(full_target_scalar_reference),0.004110598552986441,True,60.9588378985913,2202423
trec-covid,2,selection,20,1848,20,ad_probe,best_in_menu_on_eval,0.0,True,,2202423
trec-covid,3,recalibration,20,1817,20,ad_probe,ad_c(full_target_scalar_reference),0.0019536595739256257,True,33.095000997329294,2203423
trec-covid,3,selection,20,1817,20,ad_probe,best_in_menu_on_eval,0.0,True,,2203423
trec-covid,4,recalibration,20,1848,20,ad_probe,ad_c(full_target_scalar_reference),0.002885161295729105,True,37.78886901591136,2204423
trec-covid,4,selection,20,1848,20,ad_probe,best_in_menu_on_eval,0.0,True,,2204423
trec-covid,5,recalibration,20,1857,20,ad_probe,ad_c(full_target_scalar_reference),0.00016488758679054916,True,4.889755578031327,2205423
trec-covid,5,selection,20,1857,20,ad_probe,best_in_menu_on_eval,0.0,True,,2205423
trec-covid,6,recalibration,20,1776,20,ad_probe,ad_c(full_target_scalar_reference),0.002374560041519133,True,33.095000997329294,2206423
trec-covid,6,selection,20,1776,20,ad_probe,best_in_menu_on_eval,0.0,True,,2206423
trec-covid,7,recalibration,20,1830,20,ad_probe,ad_c(full_target_scalar_reference),0.0003049037542758176,True,3.877385511321222,2207423
trec-covid,7,selection,20,1830,20,ad_probe,best_in_menu_on_eval,0.0,True,,2207423
trec-covid,8,recalibration,20,1838,20,ad_probe,ad_c(full_target_scalar_reference),0.002402831601189162,True,37.78886901591136,2208423
trec-covid,8,selection,20,1838,20,ad_probe,best_in_menu_on_eval,0.0,True,,2208423
trec-covid,9,recalibration,20,1802,20,ad_probe,ad_c(full_target_scalar_reference),0.0032988278742210886,True,47.05933641168173,2209423
trec-covid,9,selection,20,1802,20,ad_probe,best_in_menu_on_eval,0.0,True,,2209423
trec-covid,10,recalibration,20,1821,20,ad_probe,ad_c(full_target_scalar_reference),0.002274015128426232,True,27.80797707536135,2210423
trec-covid,10,selection,20,1821,20,ad_probe,best_in_menu_on_eval,0.0,True,,2210423
trec-covid,11,recalibration,20,1759,20,ad_probe,ad_c(full_target_scalar_reference),0.0003680703462064089,True,6.141812249732311,2211423
trec-covid,11,selection,20,1759,20,ad_probe,best_in_menu_on_eval,0.0,True,,2211423
trec-covid,12,recalibration,20,1883,20,ad_probe,ad_c(full_target_scalar_reference),0.0017287197471825277,True,18.89113791103773,2212423
trec-covid,12,selection,20,1883,20,ad_probe,best_in_menu_on_eval,0.0,True,,2212423
trec-covid,13,recalibration,20,1850,20,ad_probe,ad_c(full_target_scalar_reference),0.00013717421124827267,True,0.7585264546718236,2213423
trec-covid,13,selection,20,1850,20,ad_probe,best_in_menu_on_eval,0.0,True,,2213423
trec-covid,14,recalibration,20,1796,20,ad_probe,ad_c(full_target_scalar_reference),0.0011591836223118213,True,16.92501153357682,2214423
trec-covid,14,selection,20,1796,20,ad_probe,best_in_menu_on_eval,0.0,True,,2214423
trec-covid,15,recalibration,20,1830,20,ad_probe,ad_c(full_target_scalar_reference),0.0009374909692288907,True,15.419111249837556,2215423
trec-covid,15,selection,20,1830,20,ad_probe,best_in_menu_on_eval,0.0,True,,2215423
trec-covid,16,recalibration,20,1819,20,ad_probe,ad_c(full_target_scalar_reference),0.00025275685111408874,True,7.126293308257345,2216423
trec-covid,16,selection,20,1819,20,ad_probe,best_in_menu_on_eval,0.0,True,,2216423
trec-covid,17,recalibration,20,1877,20,ad_probe,ad_c(full_target_scalar_reference),0.00013717421124830043,True,0.7585264546718236,2217423
trec-covid,17,selection,20,1877,20,ad_probe,best_in_menu_on_eval,0.0,True,,2217423
trec-covid,18,recalibration,20,1843,20,ad_probe,ad_c(full_target_scalar_reference),0.0024901134758579108,True,33.095000997329294,2218423
trec-covid,18,selection,20,1843,20,ad_probe,best_in_menu_on_eval,0.0,True,,2218423
trec-covid,19,recalibration,20,1875,20,ad_probe,ad_c(full_target_scalar_reference),0.003604902938177293,True,38.82088841730581,2219423
trec-covid,19,selection,20,1875,20,ad_probe,best_in_menu_on_eval,0.0,True,,2219423
trec-covid,20,recalibration,20,1847,20,ad_probe,ad_c(full_target_scalar_reference),0.00042694643960963785,True,6.141812249732311,2220423
trec-covid,20,selection,20,1847,20,ad_probe,best_in_menu_on_eval,0.0,True,,2220423
trec-covid,21,recalibration,20,1808,20,ad_probe,ad_c(full_target_scalar_reference),0.0,True,0.0,2221423
trec-covid,21,selection,20,1808,20,ad_probe,best_in_menu_on_eval,0.0,True,,2221423
trec-covid,22,recalibration,20,1856,20,ad_probe,ad_c(full_target_scalar_reference),0.0031116830691608477,True,43.62331795402571,2222423
trec-covid,22,selection,20,1856,20,ad_probe,best_in_menu_on_eval,0.0,True,,2222423
trec-covid,23,recalibration,20,1804,20,ad_probe,ad_c(full_target_scalar_reference),0.001050493854724624,True,14.261819138880526,2223423
trec-covid,23,selection,20,1804,20,ad_probe,best_in_menu_on_eval,0.0,True,,2223423
trec-covid,24,recalibration,20,1738,20,ad_probe,ad_c(full_target_scalar_reference),0.0014133474551422456,True,23.52704987703089,2224423
trec-covid,24,selection,20,1738,20,ad_probe,best_in_menu_on_eval,0.0,True,,2224423
trec-covid,25,recalibration,20,1828,20,ad_probe,ad_c(full_target_scalar_reference),0.0022878801538332577,True,33.095000997329294,2225423
trec-covid,25,selection,20,1828,20,ad_probe,best_in_menu_on_eval,0.0,True,,2225423
trec-covid,26,recalibration,20,1829,20,ad_probe,ad_c(full_target_scalar_reference),0.0010564033717707366,True,13.268105557989657,2226423
trec-covid,26,selection,20,1829,20,ad_probe,best_in_menu_on_eval,0.0,True,,2226423
trec-covid,27,recalibration,20,1809,20,ad_probe,ad_c(full_target_scalar_reference),0.005674725270637754,False,83.89963001126438,2227423
trec-covid,27,selection,20,1809,20,ad_probe,best_in_menu_on_eval,0.0,True,,2227423
trec-covid,28,recalibration,20,1823,20,ad_probe,ad_c(full_target_scalar_reference),0.0003579333271182539,True,4.6359119659931025,2228423
trec-covid,28,selection,20,1823,20,ad_probe,best_in_menu_on_eval,0.0,True,,2228423
trec-covid,29,recalibration,20,1786,20,ad_probe,ad_c(full_target_scalar_reference),0.0031542226748177277,True,50.57650049772036,2229423
trec-covid,29,selection,20,1786,20,ad_probe,best_in_menu_on_eval,0.0,True,,2229423
trec-covid,30,recalibration,20,1842,20,ad_probe,ad_c(full_target_scalar_reference),0.0023057098934129855,True,26.017431219295077,2230423
trec-covid,30,selection,20,1842,20,ad_probe,best_in_menu_on_eval,0.0,True,,2230423
trec-covid,31,recalibration,20,1840,20,ad_probe,ad_c(full_target_scalar_reference),0.0012510892096689735,True,11.771437796616283,2231423
trec-covid,31,selection,20,1840,20,ad_probe,best_in_menu_on_eval,0.0,True,,2231423
trec-covid,32,recalibration,20,1896,20,ad_probe,ad_c(full_target_scalar_reference),0.00034774865573253266,True,5.3832857950604875,2232423
trec-covid,32,selection,20,1896,20,ad_probe,best_in_menu_on_eval,0.0,True,,2232423
trec-covid,33,recalibration,20,1852,20,ad_probe,ad_c(full_target_scalar_reference),0.0030830265045167574,True,41.30013709734152,2233423
trec-covid,33,selection,20,1852,20,ad_probe,best_in_menu_on_eval,0.0,True,,2233423
trec-covid,34,recalibration,20,1850,20,ad_probe,ad_c(full_target_scalar_reference),0.0008654387255779133,True,13.268105557989657,2234423
trec-covid,34,selection,20,1850,20,ad_probe,best_in_menu_on_eval,0.0,True,,2234423
trec-covid,35,recalibration,20,1814,20,ad_probe,ad_c(full_target_scalar_reference),0.0011750840058246254,True,16.66119337464761,2235423
trec-covid,35,selection,20,1814,20,ad_probe,best_in_menu_on_eval,0.0,True,,2235423
trec-covid,36,recalibration,20,1885,20,ad_probe,ad_c(full_target_scalar_reference),0.00200609208995145,True,33.095000997329294,2236423
trec-covid,36,selection,20,1885,20,ad_probe,best_in_menu_on_eval,0.0,True,,2236423
trec-covid,37,recalibration,20,1785,20,ad_probe,ad_c(full_target_scalar_reference),0.0003227609059226755,True,3.3153805219808987,2237423
trec-covid,37,selection,20,1785,20,ad_probe,best_in_menu_on_eval,0.0,True,,2237423
trec-covid,38,recalibration,20,1777,20,ad_probe,ad_c(full_target_scalar_reference),0.002560270871573206,True,35.25494252095834,2238423
trec-covid,38,selection,20,1777,20,ad_probe,best_in_menu_on_eval,0.0,True,,2238423
trec-covid,39,recalibration,20,1863,20,ad_probe,ad_c(full_target_scalar_reference),0.000445386719773469,True,7.126293308257345,2239423
trec-covid,39,selection,20,1863,20,ad_probe,best_in_menu_on_eval,0.0,True,,2239423
trec-covid,40,recalibration,20,1815,20,ad_probe,ad_c(full_target_scalar_reference),0.003508318950372749,True,44.8506130777439,2240423
trec-covid,40,selection,20,1815,20,ad_probe,best_in_menu_on_eval,0.0,True,,2240423
trec-covid,41,recalibration,20,1831,20,ad_probe,ad_c(full_target_scalar_reference),0.0003934807441946797,True,7.126293308257345,2241423
trec-covid,41,selection,20,1831,20,ad_probe,best_in_menu_on_eval,0.0,True,,2241423
trec-covid,42,recalibration,20,1825,20,ad_probe,ad_c(full_target_scalar_reference),0.0,True,0.0,2242423
trec-covid,42,selection,20,1825,20,ad_probe,best_in_menu_on_eval,0.0,True,,2242423
trec-covid,43,recalibration,20,1834,20,ad_probe,ad_c(full_target_scalar_reference),0.0005179946734023555,True,3.2489077969361233,2243423
trec-covid,43,selection,20,1834,20,ad_probe,best_in_menu_on_eval,0.0,True,,2243423
trec-covid,44,recalibration,20,1775,20,ad_probe,ad_c(full_target_scalar_reference),0.0016900271666467348,True,33.095000997329294,2244423
trec-covid,44,selection,20,1775,20,ad_probe,best_in_menu_on_eval,0.0,True,,2244423
trec-covid,45,recalibration,20,1761,20,ad_probe,ad_c(full_target_scalar_reference),0.0,True,0.0,2245423
trec-covid,45,selection,20,1761,20,ad_probe,best_in_menu_on_eval,0.0,True,,2245423
trec-covid,46,recalibration,20,1800,20,ad_probe,ad_c(full_target_scalar_reference),0.003955714492975146,True,55.662997587495965,2246423
trec-covid,46,selection,20,1800,20,ad_probe,best_in_menu_on_eval,0.0,True,,2246423
trec-covid,47,recalibration,20,1873,20,ad_probe,ad_c(full_target_scalar_reference),0.002459082808211055,True,26.017431219295077,2247423
trec-covid,47,selection,20,1873,20,ad_probe,best_in_menu_on_eval,0.0,True,,2247423
trec-covid,48,recalibration,20,1850,20,ad_probe,ad_c(full_target_scalar_reference),0.003166833204634817,True,43.62331795402571,2248423
trec-covid,48,selection,20,1850,20,ad_probe,best_in_menu_on_eval,0.0,True,,2248423
trec-covid,49,recalibration,20,1831,20,ad_probe,ad_c(full_target_scalar_reference),0.00037179480543096666,True,6.141812249732311,2249423
trec-covid,49,selection,20,1831,20,ad_probe,best_in_menu_on_eval,0.0,True,,2249423
trec-covid,0,recalibration,25,2261,50,ad_probe,ad_c(full_target_scalar_reference),0.0002674378102136832,True,4.007434251607947,2300472
trec-covid,0,selection,25,2261,50,ad_probe,best_in_menu_on_eval,0.0,True,,2300472
trec-covid,1,recalibration,25,2286,50,ad_probe,ad_c(full_target_scalar_reference),0.0008157833017262417,True,4.007434251607947,2301472
trec-covid,1,selection,25,2286,50,ad_probe,best_in_menu_on_eval,0.0,True,,2301472
trec-covid,2,recalibration,25,2312,50,ad_probe,ad_c(full_target_scalar_reference),0.0008021377062280427,True,14.774005841728922,2302472
trec-covid,2,selection,25,2312,50,ad_probe,best_in_menu_on_eval,0.0,True,,2302472
trec-covid,3,recalibration,25,2226,50,ad_probe,ad_c(full_target_scalar_reference),0.0023292634720115182,True,35.812768091559434,2303472
trec-covid,3,selection,25,2226,50,ad_probe,best_in_menu_on_eval,0.0,True,,2303472
trec-covid,4,recalibration,25,2286,50,ad_probe,ad_c(full_target_scalar_reference),0.0008993818345084392,True,11.762205274250448,2304472
trec-covid,4,selection,25,2286,50,ad_probe,best_in_menu_on_eval,0.0,True,,2304472
trec-covid,5,recalibration,25,2304,50,ad_probe,ad_c(full_target_scalar_reference),0.0012395299840711888,True,19.07601722542472,2305472
trec-covid,5,selection,25,2304,50,ad_probe,best_in_menu_on_eval,0.0,True,,2305472
trec-covid,6,recalibration,25,2318,50,ad_probe,ad_c(full_target_scalar_reference),0.00325324804010213,True,40.156745059161835,2306472
trec-covid,6,selection,25,2318,50,ad_probe,best_in_menu_on_eval,0.0,True,,2306472
trec-covid,7,recalibration,25,2296,50,ad_probe,ad_c(full_target_scalar_reference),0.004361292634909031,True,67.96028920734346,2307472
trec-covid,7,selection,25,2296,50,ad_probe,best_in_menu_on_eval,0.0,True,,2307472
trec-covid,8,recalibration,25,2299,50,ad_probe,ad_c(full_target_scalar_reference),0.0020691049664542105,True,26.03325693549681,2308472
trec-covid,8,selection,25,2299,50,ad_probe,best_in_menu_on_eval,0.0,True,,2308472
trec-covid,9,recalibration,25,2235,50,ad_probe,ad_c(full_target_scalar_reference),0.0,True,2.490381342264243,2309472
trec-covid,9,selection,25,2235,50,ad_probe,best_in_menu_on_eval,0.0,True,,2309472
trec-covid,10,recalibration,25,2214,50,ad_probe,ad_c(full_target_scalar_reference),0.0012009854706072909,True,14.774005841728922,2310472
trec-covid,10,selection,25,2214,50,ad_probe,best_in_menu_on_eval,0.0,True,,2310472
trec-covid,11,recalibration,25,2365,50,ad_probe,ad_c(full_target_scalar_reference),0.004005470364576838,True,51.608519899114754,2311472
trec-covid,11,selection,25,2365,50,ad_probe,best_in_menu_on_eval,0.0,True,,2311472
trec-covid,12,recalibration,25,2353,50,ad_probe,ad_c(full_target_scalar_reference),0.0008065381931433718,True,4.007434251607947,2312472
trec-covid,12,selection,25,2353,50,ad_probe,best_in_menu_on_eval,0.0,True,,2312472
trec-covid,13,recalibration,25,2344,50,ad_probe,ad_c(full_target_scalar_reference),4.711425206126163e-05,True,2.490381342264243,2313472
trec-covid,13,selection,25,2344,50,ad_probe,best_in_menu_on_eval,0.0,True,,2313472
trec-covid,14,recalibration,25,2228,50,ad_probe,ad_c(full_target_scalar_reference),0.003887340701259817,True,51.608519899114754,2314472
trec-covid,14,selection,25,2228,50,ad_probe,best_in_menu_on_eval,0.0,True,,2314472
trec-covid,15,recalibration,25,2296,50,ad_probe,ad_c(full_target_scalar_reference),0.0008543052804681761,True,4.007434251607947,2315472
trec-covid,15,selection,25,2296,50,ad_probe,best_in_menu_on_eval,0.0,True,,2315472
trec-covid,16,recalibration,25,2298,50,ad_probe,ad_c(full_target_scalar_reference),0.0005489983267761012,True,2.490381342264243,2316472
trec-covid,16,selection,25,2298,50,ad_probe,best_in_menu_on_eval,0.0,True,,2316472
trec-covid,17,recalibration,25,2232,50,ad_probe,ad_c(full_target_scalar_reference),0.0009470467778700531,True,11.762205274250448,2317472
trec-covid,17,selection,25,2232,50,ad_probe,best_in_menu_on_eval,0.0,True,,2317472
trec-covid,18,recalibration,25,2288,50,ad_probe,ad_c(full_target_scalar_reference),0.0005997995018382218,True,14.774005841728922,2318472
trec-covid,18,selection,25,2288,50,ad_probe,best_in_menu_on_eval,0.0,True,,2318472
trec-covid,19,recalibration,25,2263,50,ad_probe,ad_c(full_target_scalar_reference),0.00037633235905713824,True,2.490381342264243,2319472
trec-covid,19,selection,25,2263,50,ad_probe,best_in_menu_on_eval,0.0,True,,2319472
trec-covid,20,recalibration,25,2251,50,ad_probe,ad_c(full_target_scalar_reference),0.0017443590942510107,True,35.812768091559434,2320472
trec-covid,20,selection,25,2251,50,ad_probe,best_in_menu_on_eval,0.0,True,,2320472
trec-covid,21,recalibration,25,2245,50,ad_probe,ad_c(full_target_scalar_reference),0.002378720743072195,True,35.812768091559434,2321472
trec-covid,21,selection,25,2245,50,ad_probe,best_in_menu_on_eval,0.0,True,,2321472
trec-covid,22,recalibration,25,2258,50,ad_probe,ad_c(full_target_scalar_reference),0.0003425088385711622,True,2.490381342264243,2322472
trec-covid,22,selection,25,2258,50,ad_probe,best_in_menu_on_eval,0.0,True,,2322472
trec-covid,23,recalibration,25,2265,50,ad_probe,ad_c(full_target_scalar_reference),0.0007438408556830756,True,4.007434251607947,2323472
trec-covid,23,selection,25,2265,50,ad_probe,best_in_menu_on_eval,0.0,True,,2323472
trec-covid,24,recalibration,25,2265,50,ad_probe,ad_c(full_target_scalar_reference),0.0005961125788373489,True,4.007434251607947,2324472
trec-covid,24,selection,25,2265,50,ad_probe,best_in_menu_on_eval,0.0,True,,2324472
trec-covid,25,recalibration,25,2280,50,ad_probe,ad_c(full_target_scalar_reference),0.0008341474231399887,True,14.774005841728922,2325472
trec-covid,25,selection,25,2280,50,ad_probe,best_in_menu_on_eval,0.0,True,,2325472
trec-covid,26,recalibration,25,2206,50,ad_probe,ad_c(full_target_scalar_reference),4.171011470281705e-05,True,2.490381342264243,2326472
trec-covid,26,selection,25,2206,50,ad_probe,best_in_menu_on_eval,0.0,True,,2326472
trec-covid,27,recalibration,25,2314,50,ad_probe,ad_c(full_target_scalar_reference),0.004277134756884363,True,51.608519899114754,2327472
trec-covid,27,selection,25,2314,50,ad_probe,best_in_menu_on_eval,0.0,True,,2327472
trec-covid,28,recalibration,25,2309,50,ad_probe,ad_c(full_target_scalar_reference),6.279434850862964e-05,True,2.490381342264243,2328472
trec-covid,28,selection,25,2309,50,ad_probe,best_in_menu_on_eval,0.0,True,,2328472
trec-covid,29,recalibration,25,2240,50,ad_probe,ad_c(full_target_scalar_reference),0.0009060445412978346,True,14.774005841728922,2329472
trec-covid,29,selection,25,2240,50,ad_probe,best_in_menu_on_eval,0.0,True,,2329472
trec-covid,30,recalibration,25,2314,50,ad_probe,ad_c(full_target_scalar_reference),0.001887360939825139,True,26.03325693549681,2330472
trec-covid,30,selection,25,2314,50,ad_probe,best_in_menu_on_eval,0.0,True,,2330472
trec-covid,31,recalibration,25,2370,50,ad_probe,ad_c(full_target_scalar_reference),0.003516906981167453,True,40.156745059161835,2331472
trec-covid,31,selection,25,2370,50,ad_probe,best_in_menu_on_eval,0.0,True,,2331472
trec-covid,32,recalibration,25,2250,50,ad_probe,ad_c(full_target_scalar_reference),0.001176941734970731,True,14.774005841728922,2332472
trec-covid,32,selection,25,2250,50,ad_probe,best_in_menu_on_eval,0.0,True,,2332472
trec-covid,33,recalibration,25,2271,50,ad_probe,ad_c(full_target_scalar_reference),0.0028326503954557436,True,35.812768091559434,2333472
trec-covid,33,selection,25,2271,50,ad_probe,best_in_menu_on_eval,0.0,True,,2333472
trec-covid,34,recalibration,25,2271,50,ad_probe,ad_c(full_target_scalar_reference),0.000983948988261929,True,11.762205274250448,2334472
trec-covid,34,selection,25,2271,50,ad_probe,best_in_menu_on_eval,0.0,True,,2334472
trec-covid,35,recalibration,25,2303,50,ad_probe,ad_c(full_target_scalar_reference),0.0005435452517104089,True,4.007434251607947,2335472
trec-covid,35,selection,25,2303,50,ad_probe,best_in_menu_on_eval,0.0,True,,2335472
trec-covid,36,recalibration,25,2292,50,ad_probe,ad_c(full_target_scalar_reference),0.00371082212738999,True,49.54448109632597,2336472
trec-covid,36,selection,25,2292,50,ad_probe,best_in_menu_on_eval,0.0,True,,2336472
trec-covid,37,recalibration,25,2239,50,ad_probe,ad_c(full_target_scalar_reference),0.0010942165373682214,True,19.07601722542472,2337472
trec-covid,37,selection,25,2239,50,ad_probe,best_in_menu_on_eval,0.0,True,,2337472
trec-covid,38,recalibration,25,2257,50,ad_probe,ad_c(full_target_scalar_reference),0.0031335701759355045,True,49.54448109632597,2338472
trec-covid,38,selection,25,2257,50,ad_probe,best_in_menu_on_eval,0.0,True,,2338472
trec-covid,39,recalibration,25,2327,50,ad_probe,ad_c(full_target_scalar_reference),0.0036003168791438334,True,40.156745059161835,2339472
trec-covid,39,selection,25,2327,50,ad_probe,best_in_menu_on_eval,0.0,True,,2339472
trec-covid,40,recalibration,25,2337,50,ad_probe,ad_c(full_target_scalar_reference),0.003192992725896751,True,49.54448109632597,2340472
trec-covid,40,selection,25,2337,50,ad_probe,best_in_menu_on_eval,0.0,True,,2340472
trec-covid,41,recalibration,25,2346,50,ad_probe,ad_c(full_target_scalar_reference),0.002493847063787469,True,26.03325693549681,2341472
trec-covid,41,selection,25,2346,50,ad_probe,best_in_menu_on_eval,0.0,True,,2341472
trec-covid,42,recalibration,25,2278,50,ad_probe,ad_c(full_target_scalar_reference),0.00010450446321144669,True,2.490381342264243,2342472
trec-covid,42,selection,25,2278,50,ad_probe,best_in_menu_on_eval,0.0,True,,2342472
trec-covid,43,recalibration,25,2251,50,ad_probe,ad_c(full_target_scalar_reference),0.003920230955814397,True,51.433867816491954,2343472
trec-covid,43,selection,25,2251,50,ad_probe,best_in_menu_on_eval,0.0,True,,2343472
trec-covid,44,recalibration,25,2294,50,ad_probe,ad_c(full_target_scalar_reference),0.00116204555863135,True,19.07601722542472,2344472
trec-covid,44,selection,25,2294,50,ad_probe,best_in_menu_on_eval,0.0,True,,2344472
trec-covid,45,recalibration,25,2301,50,ad_probe,ad_c(full_target_scalar_reference),0.0,True,2.490381342264243,2345472
trec-covid,45,selection,25,2301,50,ad_probe,best_in_menu_on_eval,0.0,True,,2345472
trec-covid,46,recalibration,25,2283,50,ad_probe,ad_c(full_target_scalar_reference),0.0009846353971472294,True,14.774005841728922,2346472
trec-covid,46,selection,25,2283,50,ad_probe,best_in_menu_on_eval,0.0,True,,2346472
trec-covid,47,recalibration,25,2282,50,ad_probe,ad_c(full_target_scalar_reference),0.002233322164341092,True,26.03325693549681,2347472
trec-covid,47,selection,25,2282,50,ad_probe,best_in_menu_on_eval,0.0,True,,2347472
trec-covid,48,recalibration,25,2313,50,ad_probe,ad_c(full_target_scalar_reference),0.00021076289291277472,True,4.007434251607947,2348472
trec-covid,48,selection,25,2313,50,ad_probe,best_in_menu_on_eval,0.0,True,,2348472
trec-covid,49,recalibration,25,2298,50,ad_probe,ad_c(full_target_scalar_reference),0.0005243657755820419,True,4.007434251607947,2349472
trec-covid,49,selection,25,2298,50,ad_probe,best_in_menu_on_eval,0.0,True,,2349472
trec-covid,0,recalibration,25,2253,100,ad_probe,ad_c(full_target_scalar_reference),0.002353329344283346,True,35.812768091559434,2400755
trec-covid,0,selection,25,2253,100,ad_probe,best_in_menu_on_eval,0.0,True,,2400755
trec-covid,1,recalibration,25,2299,100,ad_probe,ad_c(full_target_scalar_reference),0.0008813839866667617,True,14.774005841728922,2401755
trec-covid,1,selection,25,2299,100,ad_probe,best_in_menu_on_eval,0.0,True,,2401755
trec-covid,2,recalibration,25,2240,100,ad_probe,ad_c(full_target_scalar_reference),0.003017437188263271,True,35.812768091559434,2402755
trec-covid,2,selection,25,2240,100,ad_probe,best_in_menu_on_eval,0.0,True,,2402755
trec-covid,3,recalibration,25,2335,100,ad_probe,ad_c(full_target_scalar_reference),0.0033920159024942442,True,40.156745059161835,2403755
trec-covid,3,selection,25,2335,100,ad_probe,best_in_menu_on_eval,0.0,True,,2403755
trec-covid,4,recalibration,25,2319,100,ad_probe,ad_c(full_target_scalar_reference),0.0002668944718414584,True,2.490381342264243,2404755
trec-covid,4,selection,25,2319,100,ad_probe,best_in_menu_on_eval,0.0,True,,2404755
trec-covid,5,recalibration,25,2269,100,ad_probe,ad_c(full_target_scalar_reference),0.001881524441076976,True,26.03325693549681,2405755
trec-covid,5,selection,25,2269,100,ad_probe,best_in_menu_on_eval,0.0,True,,2405755
trec-covid,6,recalibration,25,2278,100,ad_probe,ad_c(full_target_scalar_reference),0.0001227286187909099,True,2.490381342264243,2406755
trec-covid,6,selection,25,2278,100,ad_probe,best_in_menu_on_eval,0.0,True,,2406755
trec-covid,7,recalibration,25,2290,100,ad_probe,ad_c(full_target_scalar_reference),0.00040537764010434296,True,4.007434251607947,2407755
trec-covid,7,selection,25,2290,100,ad_probe,best_in_menu_on_eval,0.0,True,,2407755
trec-covid,8,recalibration,25,2246,100,ad_probe,ad_c(full_target_scalar_reference),0.00010450446321143281,True,2.490381342264243,2408755
trec-covid,8,selection,25,2246,100,ad_probe,best_in_menu_on_eval,0.0,True,,2408755
trec-covid,9,recalibration,25,2328,100,ad_probe,ad_c(full_target_scalar_reference),0.0008180730130112474,True,11.762205274250448,2409755
trec-covid,9,selection,25,2328,100,ad_probe,best_in_menu_on_eval,0.0,True,,2409755
trec-covid,10,recalibration,25,2327,100,ad_probe,ad_c(full_target_scalar_reference),0.0,True,2.490381342264243,2410755
trec-covid,10,selection,25,2327,100,ad_probe,best_in_menu_on_eval,0.0,True,,2410755
trec-covid,11,recalibration,25,2230,100,ad_probe,ad_c(full_target_scalar_reference),0.0012028620436400905,True,19.07601722542472,2411755
trec-covid,11,selection,25,2230,100,ad_probe,best_in_menu_on_eval,0.0,True,,2411755
trec-covid,12,recalibration,25,2280,100,ad_probe,ad_c(full_target_scalar_reference),0.001335916809201504,True,26.03325693549681,2412755
trec-covid,12,selection,25,2280,100,ad_probe,best_in_menu_on_eval,0.0,True,,2412755
trec-covid,13,recalibration,25,2255,100,ad_probe,ad_c(full_target_scalar_reference),0.0005512991012869284,True,11.762205274250448,2413755
trec-covid,13,selection,25,2255,100,ad_probe,best_in_menu_on_eval,0.0,True,,2413755
trec-covid,14,recalibration,25,2262,100,ad_probe,ad_c(full_target_scalar_reference),0.002700306296076052,True,40.156745059161835,2414755
trec-covid,14,selection,25,2262,100,ad_probe,best_in_menu_on_eval,0.0,True,,2414755
trec-covid,15,recalibration,25,2305,100,ad_probe,ad_c(full_target_scalar_reference),0.0005187170577284905,True,4.007434251607947,2415755
trec-covid,15,selection,25,2305,100,ad_probe,best_in_menu_on_eval,0.0,True,,2415755
trec-covid,16,recalibration,25,2289,100,ad_probe,ad_c(full_target_scalar_reference),0.000881469791236475,True,14.774005841728922,2416755
trec-covid,16,selection,25,2289,100,ad_probe,best_in_menu_on_eval,0.0,True,,2416755
trec-covid,17,recalibration,25,2325,100,ad_probe,ad_c(full_target_scalar_reference),0.002271501009241561,True,26.03325693549681,2417755
trec-covid,17,selection,25,2325,100,ad_probe,best_in_menu_on_eval,0.0,True,,2417755
trec-covid,18,recalibration,25,2232,100,ad_probe,ad_c(full_target_scalar_reference),0.00037633235905713824,True,2.490381342264243,2418755
trec-covid,18,selection,25,2232,100,ad_probe,best_in_menu_on_eval,0.0,True,,2418755
trec-covid,19,recalibration,25,2221,100,ad_probe,ad_c(full_target_scalar_reference),0.0024253579089680843,True,47.33116672023982,2419755
trec-covid,19,selection,25,2221,100,ad_probe,best_in_menu_on_eval,0.0,True,,2419755
trec-covid,20,recalibration,25,2242,100,ad_probe,ad_c(full_target_scalar_reference),0.0036300489181271683,True,47.33116672023982,2420755
trec-covid,20,selection,25,2242,100,ad_probe,best_in_menu_on_eval,0.0,True,,2420755
trec-covid,21,recalibration,25,2242,100,ad_probe,ad_c(full_target_scalar_reference),0.0010396947886380098,True,14.774005841728922,2421755
trec-covid,21,selection,25,2242,100,ad_probe,best_in_menu_on_eval,0.0,True,,2421755
trec-covid,22,recalibration,25,2205,100,ad_probe,ad_c(full_target_scalar_reference),0.0,True,2.490381342264243,2422755
trec-covid,22,selection,25,2205,100,ad_probe,best_in_menu_on_eval,0.0,True,,2422755
trec-covid,23,recalibration,25,2259,100,ad_probe,ad_c(full_target_scalar_reference),0.0028316372406911455,True,40.156745059161835,2423755
trec-covid,23,selection,25,2259,100,ad_probe,best_in_menu_on_eval,0.0,True,,2423755
trec-covid,24,recalibration,25,2300,100,ad_probe,ad_c(full_target_scalar_reference),0.0018071513432314223,True,19.07601722542472,2424755
trec-covid,24,selection,25,2300,100,ad_probe,best_in_menu_on_eval,0.0,True,,2424755
trec-covid,25,recalibration,25,2281,100,ad_probe,ad_c(full_target_scalar_reference),0.00010450446321144669,True,2.490381342264243,2425755
trec-covid,25,selection,25,2281,100,ad_probe,best_in_menu_on_eval,0.0,True,,2425755
trec-covid,26,recalibration,25,2207,100,ad_probe,ad_c(full_target_scalar_reference),0.00010450446321144669,True,2.490381342264243,2426755
trec-covid,26,selection,25,2207,100,ad_probe,best_in_menu_on_eval,0.0,True,,2426755
trec-covid,27,recalibration,25,2253,100,ad_probe,ad_c(full_target_scalar_reference),4.171011470281705e-05,True,2.490381342264243,2427755
trec-covid,27,selection,25,2253,100,ad_probe,best_in_menu_on_eval,0.0,True,,2427755
trec-covid,28,recalibration,25,2242,100,ad_probe,ad_c(full_target_scalar_reference),0.003880296368084568,True,46.78750610312363,2428755
trec-covid,28,selection,25,2242,100,ad_probe,best_in_menu_on_eval,0.0,True,,2428755
trec-covid,29,recalibration,25,2267,100,ad_probe,ad_c(full_target_scalar_reference),0.0011879000132723472,True,14.774005841728922,2429755
trec-covid,29,selection,25,2267,100,ad_probe,best_in_menu_on_eval,0.0,True,,2429755
trec-covid,30,recalibration,25,2230,100,ad_probe,ad_c(full_target_scalar_reference),0.00037633235905713824,True,2.490381342264243,2430755
trec-covid,30,selection,25,2230,100,ad_probe,best_in_menu_on_eval,0.0,True,,2430755
trec-covid,31,recalibration,25,2244,100,ad_probe,ad_c(full_target_scalar_reference),0.0005247111160737589,True,14.774005841728922,2431755
trec-covid,31,selection,25,2244,100,ad_probe,best_in_menu_on_eval,0.0,True,,2431755
trec-covid,32,recalibration,25,2262,100,ad_probe,ad_c(full_target_scalar_reference),4.171011470280317e-05,True,2.490381342264243,2432755
trec-covid,32,selection,25,2262,100,ad_probe,best_in_menu_on_eval,0.0,True,,2432755
trec-covid,33,recalibration,25,2241,100,ad_probe,ad_c(full_target_scalar_reference),0.001534550586293655,True,19.07601722542472,2433755
trec-covid,33,selection,25,2241,100,ad_probe,best_in_menu_on_eval,0.0,True,,2433755
trec-covid,34,recalibration,25,2274,100,ad_probe,ad_c(full_target_scalar_reference),0.0019459294823737233,True,26.03325693549681,2434755
trec-covid,34,selection,25,2274,100,ad_probe,best_in_menu_on_eval,0.0,True,,2434755
trec-covid,35,recalibration,25,2297,100,ad_probe,ad_c(full_target_scalar_reference),6.279434850862964e-05,True,2.490381342264243,2435755
trec-covid,35,selection,25,2297,100,ad_probe,best_in_menu_on_eval,0.0,True,,2435755
trec-covid,36,recalibration,25,2258,100,ad_probe,ad_c(full_target_scalar_reference),0.0022665554321390224,True,35.812768091559434,2436755
trec-covid,36,selection,25,2258,100,ad_probe,best_in_menu_on_eval,0.0,True,,2436755
trec-covid,37,recalibration,25,2301,100,ad_probe,ad_c(full_target_scalar_reference),0.0022506982138186943,True,26.03325693549681,2437755
trec-covid,37,selection,25,2301,100,ad_probe,best_in_menu_on_eval,0.0,True,,2437755
trec-covid,38,recalibration,25,2322,100,ad_probe,ad_c(full_target_scalar_reference),0.00481413164298819,True,64.53848907186833,2438755
trec-covid,38,selection,25,2322,100,ad_probe,best_in_menu_on_eval,0.0,True,,2438755
trec-covid,39,recalibration,25,2305,100,ad_probe,ad_c(full_target_scalar_reference),0.0002668944718414584,True,2.490381342264243,2439755
trec-covid,39,selection,25,2305,100,ad_probe,best_in_menu_on_eval,0.0,True,,2439755
trec-covid,40,recalibration,25,2338,100,ad_probe,ad_c(full_target_scalar_reference),0.0035744030563475276,True,51.608519899114754,2440755
trec-covid,40,selection,25,2338,100,ad_probe,best_in_menu_on_eval,0.0,True,,2440755
trec-covid,41,recalibration,25,2256,100,ad_probe,ad_c(full_target_scalar_reference),0.002683287919017091,True,47.33116672023982,2441755
trec-covid,41,selection,25,2256,100,ad_probe,best_in_menu_on_eval,0.0,True,,2441755
trec-covid,42,recalibration,25,2299,100,ad_probe,ad_c(full_target_scalar_reference),0.00040183072218087645,True,14.774005841728922,2442755
trec-covid,42,selection,25,2299,100,ad_probe,best_in_menu_on_eval,0.0,True,,2442755
trec-covid,43,recalibration,25,2302,100,ad_probe,ad_c(full_target_scalar_reference),0.00021978021978021067,True,2.490381342264243,2443755
trec-covid,43,selection,25,2302,100,ad_probe,best_in_menu_on_eval,0.0,True,,2443755
trec-covid,44,recalibration,25,2298,100,ad_probe,ad_c(full_target_scalar_reference),0.002373773799603282,True,49.54448109632597,2444755
trec-covid,44,selection,25,2298,100,ad_probe,best_in_menu_on_eval,0.0,True,,2444755
trec-covid,45,recalibration,25,2313,100,ad_probe,ad_c(full_target_scalar_reference),0.00048721802999389385,True,4.007434251607947,2445755
trec-covid,45,selection,25,2313,100,ad_probe,best_in_menu_on_eval,0.0,True,,2445755
trec-covid,46,recalibration,25,2313,100,ad_probe,ad_c(full_target_scalar_reference),0.000668055024880515,True,4.007434251607947,2446755
trec-covid,46,selection,25,2313,100,ad_probe,best_in_menu_on_eval,0.0,True,,2446755
trec-covid,47,recalibration,25,2318,100,ad_probe,ad_c(full_target_scalar_reference),0.0009602295000222943,True,11.762205274250448,2447755
trec-covid,47,selection,25,2318,100,ad_probe,best_in_menu_on_eval,0.0,True,,2447755
trec-covid,48,recalibration,25,2284,100,ad_probe,ad_c(full_target_scalar_reference),0.0043654178972577645,True,51.608519899114754,2448755
trec-covid,48,selection,25,2284,100,ad_probe,best_in_menu_on_eval,0.0,True,,2448755
trec-covid,49,recalibration,25,2239,100,ad_probe,ad_c(full_target_scalar_reference),0.0036370052031158492,True,64.53848907186833,2449755
trec-covid,49,selection,25,2239,100,ad_probe,best_in_menu_on_eval,0.0,True,,2449755
webis-touche2020,0,recalibration,5,349,5,ad_probe,ad_c(full_target_scalar_reference),0.008631993006992994,False,1.0803214313164204,2000913
webis-touche2020,0,selection,5,349,5,glob_probe,best_in_menu_on_eval,0.0,True,,2000913
webis-touche2020,1,recalibration,5,345,5,ad_probe,ad_c(full_target_scalar_reference),0.005905100334448132,False,1.6358648224225378,2001913
webis-touche2020,1,selection,5,345,5,glob_probe,best_in_menu_on_eval,0.0,True,,2001913
webis-touche2020,2,recalibration,5,344,5,ad_probe,ad_c(full_target_scalar_reference),0.005121953397815487,False,0.8173717997794627,2002913
webis-touche2020,2,selection,5,344,5,glob_probe,best_in_menu_on_eval,0.0,True,,2002913
webis-touche2020,3,recalibration,5,381,5,ad_probe,ad_c(full_target_scalar_reference),0.01085730002138674,False,2.0015383652382424,2003913
webis-touche2020,3,selection,5,381,5,glob_probe,best_in_menu_on_eval,0.0,True,,2003913
webis-touche2020,4,recalibration,5,380,5,ad_probe,ad_c(full_target_scalar_reference),0.008791387678704826,False,1.4711694466810217,2004913
webis-touche2020,4,selection,5,380,5,glob_probe,best_in_menu_on_eval,0.0,True,,2004913
webis-touche2020,5,recalibration,5,342,5,ad_probe,ad_c(full_target_scalar_reference),0.01911510997334062,False,2.3362196633605636,2005913
webis-touche2020,5,selection,5,342,5,glob_probe,best_in_menu_on_eval,0.0,True,,2005913
webis-touche2020,6,recalibration,5,352,5,ad_probe,ad_c(full_target_scalar_reference),0.003878933566433568,True,0.7749297838599576,2006913
webis-touche2020,6,selection,5,352,5,glob_probe,best_in_menu_on_eval,0.0,True,,2006913
webis-touche2020,7,recalibration,5,407,5,ad_probe,ad_c(full_target_scalar_reference),0.017566437687739633,False,2.958085737257969,2007913
webis-touche2020,7,selection,5,407,5,glob_probe,best_in_menu_on_eval,0.0,True,,2007913
webis-touche2020,8,recalibration,5,367,5,ad_probe,ad_c(full_target_scalar_reference),0.006173513986013984,False,0.880127894469342,2008913
webis-touche2020,8,selection,5,367,5,glob_probe,best_in_menu_on_eval,0.0,True,,2008913
webis-touche2020,9,recalibration,5,351,5,ad_probe,ad_c(full_target_scalar_reference),0.008199680754028577,False,1.6358648224225378,2009913
webis-touche2020,9,selection,5,351,5,glob_probe,best_in_menu_on_eval,0.0,True,,2009913
webis-touche2020,10,recalibration,5,324,5,ad_probe,ad_c(full_target_scalar_reference),0.008631993006993022,False,1.0803214313164204,2010913
webis-touche2020,10,selection,5,324,5,glob_probe,best_in_menu_on_eval,0.0,True,,2010913
webis-touche2020,11,recalibration,5,413,5,ad_probe,ad_c(full_target_scalar_reference),0.006318125646619266,False,0.9562386917151269,2011913
webis-touche2020,11,selection,5,413,5,glob_probe,best_in_menu_on_eval,0.0,True,,2011913
webis-touche2020,12,recalibration,5,360,5,ad_probe,ad_c(full_target_scalar_reference),0.007757867132867108,False,1.0803214313164204,2012913
webis-touche2020,12,selection,5,360,5,glob_probe,best_in_menu_on_eval,0.0,True,,2012913
webis-touche2020,13,recalibration,5,377,5,ad_probe,ad_c(full_target_scalar_reference),0.0,True,0.020396321993389144,2013913
webis-touche2020,13,selection,5,377,5,glob_probe,best_in_menu_on_eval,0.0,True,,2013913
webis-touche2020,14,recalibration,5,401,5,ad_probe,ad_c(full_target_scalar_reference),0.007512541065172684,False,1.2889753489050015,2014913
webis-touche2020,14,selection,5,401,5,glob_probe,best_in_menu_on_eval,0.0,True,,2014913
webis-touche2020,15,recalibration,5,379,5,ad_probe,ad_c(full_target_scalar_reference),0.00788488677220392,False,1.3882592745557316,2015913
webis-touche2020,15,selection,5,379,5,glob_probe,best_in_menu_on_eval,0.0,True,,2015913
webis-touche2020,16,recalibration,5,373,5,ad_probe,ad_c(full_target_scalar_reference),0.0063374125874125775,False,0.6254704209388571,2016913
webis-touche2020,16,selection,5,373,5,glob_probe,best_in_menu_on_eval,0.0,True,,2016913
webis-touche2020,17,recalibration,5,338,5,ad_probe,ad_c(full_target_scalar_reference),0.003332604895104896,True,0.7703692248067231,2017913
webis-touche2020,17,selection,5,338,5,glob_probe,best_in_menu_on_eval,0.0,True,,2017913
webis-touche2020,18,recalibration,5,343,5,ad_probe,ad_c(full_target_scalar_reference),0.00886002584372153,False,1.8749765002539927,2018913
webis-touche2020,18,selection,5,343,5,glob_probe,best_in_menu_on_eval,0.0,True,,2018913
webis-touche2020,19,recalibration,5,430,5,ad_probe,ad_c(full_target_scalar_reference),0.013548519168578466,False,2.1098886723871044,2019913
webis-touche2020,19,selection,5,430,5,glob_probe,best_in_menu_on_eval,0.0,True,,2019913
webis-touche2020,20,recalibration,5,386,5,ad_probe,ad_c(full_target_scalar_reference),0.005121953397815432,False,0.8173717997794627,2020913
webis-touche2020,20,selection,5,386,5,glob_probe,best_in_menu_on_eval,0.0,True,,2020913
webis-touche2020,21,recalibration,5,348,5,ad_probe,ad_c(full_target_scalar_reference),0.006173513986014012,False,0.4549859022741769,2021913
webis-touche2020,21,selection,5,348,5,glob_probe,best_in_menu_on_eval,0.0,True,,2021913
webis-touche2020,22,recalibration,5,380,5,ad_probe,ad_c(full_target_scalar_reference),0.0059050154638390084,False,1.9986627457925357,2022913
webis-touche2020,22,selection,5,380,5,glob_probe,best_in_menu_on_eval,0.0,True,,2022913
webis-touche2020,23,recalibration,5,366,5,ad_probe,ad_c(full_target_scalar_reference),0.005121953397815404,False,0.8849977788555812,2023913
webis-touche2020,23,selection,5,366,5,glob_probe,best_in_menu_on_eval,0.0,True,,2023913
webis-touche2020,24,recalibration,5,343,5,ad_probe,ad_c(full_target_scalar_reference),0.013980831421542883,False,2.14561231897607,2024913
webis-touche2020,24,selection,5,343,5,glob_probe,best_in_menu_on_eval,0.0,True,,2024913
webis-touche2020,25,recalibration,5,294,5,ad_probe,ad_c(full_target_scalar_reference),0.014681570028437035,False,2.3362196633605636,2025913
webis-touche2020,25,selection,5,294,5,glob_probe,best_in_menu_on_eval,0.0,True,,2025913
webis-touche2020,26,recalibration,5,372,5,ad_probe,ad_c(full_target_scalar_reference),0.006318125646619321,False,0.9562386917151269,2026913
webis-touche2020,26,selection,5,372,5,glob_probe,best_in_menu_on_eval,0.0,True,,2026913
webis-touche2020,27,recalibration,5,361,5,ad_probe,ad_c(full_target_scalar_reference),0.005463286713286747,False,0.4549859022741769,2027913
webis-touche2020,27,selection,5,361,5,glob_probe,best_in_menu_on_eval,0.0,True,,2027913
webis-touche2020,28,recalibration,5,406,5,ad_probe,ad_c(full_target_scalar_reference),0.003373701649563715,True,0.5729537879307429,2028913
webis-touche2020,28,selection,5,406,5,glob_probe,best_in_menu_on_eval,0.0,True,,2028913
webis-touche2020,29,recalibration,5,355,5,ad_probe,ad_c(full_target_scalar_reference),0.00704763986013987,False,0.880127894469342,2029913
webis-touche2020,29,selection,5,355,5,glob_probe,best_in_menu_on_eval,0.0,True,,2029913
webis-touche2020,30,recalibration,5,384,5,ad_probe,ad_c(full_target_scalar_reference),0.00963313852045572,False,1.3621136507236855,2030913
webis-touche2020,30,selection,5,384,5,glob_probe,best_in_menu_on_eval,0.0,True,,2030913
webis-touche2020,31,recalibration,5,418,5,ad_probe,ad_c(full_target_scalar_reference),0.007100067875929955,False,1.2889753489050015,2031913
webis-touche2020,31,selection,5,418,5,glob_probe,best_in_menu_on_eval,0.0,True,,2031913
webis-touche2020,32,recalibration,5,382,5,ad_probe,ad_c(full_target_scalar_reference),0.007047639860139843,False,0.880127894469342,2032913
webis-touche2020,32,selection,5,382,5,glob_probe,best_in_menu_on_eval,0.0,True,,2032913
webis-touche2020,33,recalibration,5,384,5,ad_probe,ad_c(full_target_scalar_reference),0.0061735139860139565,False,0.4549859022741769,2033913
webis-touche2020,33,selection,5,384,5,glob_probe,best_in_menu_on_eval,0.0,True,,2033913
webis-touche2020,34,recalibration,5,339,5,ad_probe,ad_c(full_target_scalar_reference),0.008631993006993022,False,1.0803214313164204,2034913
webis-touche2020,34,selection,5,339,5,glob_probe,best_in_menu_on_eval,0.0,True,,2034913
webis-touche2020,35,recalibration,5,403,5,ad_probe,ad_c(full_target_scalar_reference),0.023824606648648078,False,3.653510329644874,2035913
webis-touche2020,35,selection,5,403,5,glob_probe,best_in_menu_on_eval,0.0,True,,2035913
webis-touche2020,36,recalibration,5,353,5,ad_probe,ad_c(full_target_scalar_reference),0.0017482517482517446,True,0.030798315820857347,2036913
webis-touche2020,36,selection,5,353,5,glob_probe,best_in_menu_on_eval,0.0,True,,2036913
webis-touche2020,37,recalibration,5,361,5,ad_probe,ad_c(full_target_scalar_reference),0.008631993006992994,False,1.0803214313164204,2037913
webis-touche2020,37,selection,5,361,5,glob_probe,best_in_menu_on_eval,0.0,True,,2037913
webis-touche2020,38,recalibration,5,371,5,ad_probe,ad_c(full_target_scalar_reference),0.008296240124733761,False,1.2889753489050015,2038913
webis-touche2020,38,selection,5,371,5,glob_probe,best_in_menu_on_eval,0.0,True,,2038913
webis-touche2020,39,recalibration,5,396,5,ad_probe,ad_c(full_target_scalar_reference),0.0017482517482517446,True,0.030798315820857347,2039913
webis-touche2020,39,selection,5,396,5,glob_probe,best_in_menu_on_eval,0.0,True,,2039913
webis-touche2020,40,recalibration,5,427,5,ad_probe,ad_c(full_target_scalar_reference),0.015445840232456515,False,2.958085737257969,2040913
webis-touche2020,40,selection,5,427,5,glob_probe,best_in_menu_on_eval,0.0,True,,2040913
webis-touche2020,41,recalibration,5,349,5,ad_probe,ad_c(full_target_scalar_reference),0.008199680754028632,False,1.6358648224225378,2041913
webis-touche2020,41,selection,5,349,5,glob_probe,best_in_menu_on_eval,0.0,True,,2041913
webis-touche2020,42,recalibration,5,344,5,ad_probe,ad_c(full_target_scalar_reference),0.008199680754028577,False,1.6358648224225378,2042913
webis-touche2020,42,selection,5,344,5,glob_probe,best_in_menu_on_eval,0.0,True,,2042913
webis-touche2020,43,recalibration,5,366,5,ad_probe,ad_c(full_target_scalar_reference),0.007047639860139843,False,0.6254704209388571,2043913
webis-touche2020,43,selection,5,366,5,glob_probe,best_in_menu_on_eval,0.0,True,,2043913
webis-touche2020,44,recalibration,5,378,5,ad_probe,ad_c(full_target_scalar_reference),0.0017482517482517446,True,0.030798315820857347,2044913
webis-touche2020,44,selection,5,378,5,glob_probe,best_in_menu_on_eval,0.0,True,,2044913
webis-touche2020,45,recalibration,5,374,5,ad_probe,ad_c(full_target_scalar_reference),0.0017482517482517446,True,0.030798315820857347,2045913
webis-touche2020,45,selection,5,374,5,glob_probe,best_in_menu_on_eval,0.0,True,,2045913
webis-touche2020,46,recalibration,5,346,5,ad_probe,ad_c(full_target_scalar_reference),0.007047639860139843,False,0.6339157744780497,2046913
webis-touche2020,46,selection,5,346,5,glob_probe,best_in_menu_on_eval,0.0,True,,2046913
webis-touche2020,47,recalibration,5,395,5,ad_probe,ad_c(full_target_scalar_reference),0.0,True,0.0,2047913
webis-touche2020,47,selection,5,395,5,glob_probe,best_in_menu_on_eval,0.0,True,,2047913
webis-touche2020,48,recalibration,5,366,5,ad_probe,ad_c(full_target_scalar_reference),0.003878933566433568,True,0.4030447334406384,2048913
webis-touche2020,48,selection,5,366,5,glob_probe,best_in_menu_on_eval,0.0,True,,2048913
webis-touche2020,49,recalibration,5,395,5,ad_probe,ad_c(full_target_scalar_reference),0.00963313852045572,False,1.3621136507236855,2049913
webis-touche2020,49,selection,5,395,5,glob_probe,best_in_menu_on_eval,0.0,True,,2049913
webis-touche2020,0,recalibration,10,712,10,ad_probe,ad_c(full_target_scalar_reference),0.004828946473508816,True,0.7201855654300822,33
webis-touche2020,0,selection,10,712,10,glob_probe,best_in_menu_on_eval,0.0,True,,33
webis-touche2020,1,recalibration,10,740,10,ad_probe,ad_c(full_target_scalar_reference),0.0,True,0.009096752567477218,1033
webis-touche2020,1,selection,10,740,10,glob_probe,best_in_menu_on_eval,0.0,True,,1033
webis-touche2020,2,recalibration,10,691,10,ad_probe,ad_c(full_target_scalar_reference),0.0,True,0.058983942828282565,2033
webis-touche2020,2,selection,10,691,10,glob_probe,best_in_menu_on_eval,0.0,True,,2033
webis-touche2020,3,recalibration,10,746,10,ad_probe,ad_c(full_target_scalar_reference),0.0043762327416173585,True,0.31273521046942854,3033
webis-touche2020,3,selection,10,746,10,glob_probe,best_in_menu_on_eval,0.0,True,,3033
webis-touche2020,4,recalibration,10,781,10,ad_probe,ad_c(full_target_scalar_reference),0.009759720702528646,False,1.8410964626323203,4033
webis-touche2020,4,selection,10,781,10,glob_probe,best_in_menu_on_eval,0.0,True,,4033
webis-touche2020,5,recalibration,10,818,10,ad_probe,ad_c(full_target_scalar_reference),0.004894440791876703,True,0.7201855654300822,5033
webis-touche2020,5,selection,10,818,10,glob_probe,best_in_menu_on_eval,0.0,True,,5033
webis-touche2020,6,recalibration,10,728,10,ad_probe,ad_c(full_target_scalar_reference),0.0027736686390532894,True,0.19132420572362463,6033
webis-touche2020,6,selection,10,728,10,glob_probe,best_in_menu_on_eval,0.0,True,,6033
webis-touche2020,7,recalibration,10,708,10,ad_probe,ad_c(full_target_scalar_reference),0.0019723865877711855,True,0.4526970504244847,7033
webis-touche2020,7,selection,10,708,10,glob_probe,best_in_menu_on_eval,0.0,True,,7033
webis-touche2020,8,recalibration,10,771,10,ad_probe,ad_c(full_target_scalar_reference),0.002856559885737575,True,0.6951627938551024,8033
webis-touche2020,8,selection,10,771,10,glob_probe,best_in_menu_on_eval,0.0,True,,8033
webis-touche2020,9,recalibration,10,815,10,ad_probe,ad_c(full_target_scalar_reference),0.013133434860556514,False,1.8113560069120087,9033
webis-touche2020,9,selection,10,815,10,glob_probe,best_in_menu_on_eval,0.0,True,,9033
webis-touche2020,10,recalibration,10,748,10,ad_probe,ad_c(full_target_scalar_reference),0.0038062275020718794,True,1.0477081490323954,10033
webis-touche2020,10,selection,10,748,10,glob_probe,best_in_menu_on_eval,0.0,True,,10033
webis-touche2020,11,recalibration,10,696,10,ad_probe,ad_c(full_target_scalar_reference),0.005362426035502993,False,0.49498936069920596,11033
webis-touche2020,11,selection,10,696,10,glob_probe,best_in_menu_on_eval,0.0,True,,11033
webis-touche2020,12,recalibration,10,763,10,ad_probe,ad_c(full_target_scalar_reference),0.005362426035502993,False,0.6675568983717595,12033
webis-touche2020,12,selection,10,763,10,glob_probe,best_in_menu_on_eval,0.0,True,,12033
webis-touche2020,13,recalibration,10,780,10,ad_probe,ad_c(full_target_scalar_reference),0.004376232741617386,True,0.2274929511370889,13033
webis-touche2020,13,selection,10,780,10,glob_probe,best_in_menu_on_eval,0.0,True,,13033
webis-touche2020,14,recalibration,10,696,10,ad_probe,ad_c(full_target_scalar_reference),0.006348619329388572,False,0.8252485596380321,14033
webis-touche2020,14,selection,10,696,10,glob_probe,best_in_menu_on_eval,0.0,True,,14033
webis-touche2020,15,recalibration,10,716,10,ad_probe,ad_c(full_target_scalar_reference),0.008136094674556227,False,1.2544461373660214,15033
webis-touche2020,15,selection,10,716,10,glob_probe,best_in_menu_on_eval,0.0,True,,15033
webis-touche2020,16,recalibration,10,696,10,ad_probe,ad_c(full_target_scalar_reference),0.0024038461538461453,True,0.21729479014039388,16033
webis-touche2020,16,selection,10,696,10,glob_probe,best_in_menu_on_eval,0.0,True,,16033
webis-touche2020,17,recalibration,10,700,10,ad_probe,ad_c(full_target_scalar_reference),0.0043762327416173585,True,0.32813436837985677,17033
webis-touche2020,17,selection,10,700,10,glob_probe,best_in_menu_on_eval,0.0,True,,17033
webis-touche2020,18,recalibration,10,737,10,ad_probe,ad_c(full_target_scalar_reference),0.0038062275020718794,True,0.6721277377158374,18033
webis-touche2020,18,selection,10,737,10,glob_probe,best_in_menu_on_eval,0.0,True,,18033
webis-touche2020,19,recalibration,10,831,10,ad_probe,ad_c(full_target_scalar_reference),0.009918488663154201,False,1.5358947270139183,19033
webis-touche2020,19,selection,10,831,10,glob_probe,best_in_menu_on_eval,0.0,True,,19033
webis-touche2020,20,recalibration,10,687,10,ad_probe,ad_c(full_target_scalar_reference),0.006964990138067062,False,0.7676536667952991,20033
webis-touche2020,20,selection,10,687,10,glob_probe,best_in_menu_on_eval,0.0,True,,20033
webis-touche2020,21,recalibration,10,686,10,ad_probe,ad_c(full_target_scalar_reference),0.005362426035502965,False,0.5402281616065174,21033
webis-touche2020,21,selection,10,686,10,glob_probe,best_in_menu_on_eval,0.0,True,,21033
webis-touche2020,22,recalibration,10,753,10,ad_probe,ad_c(full_target_scalar_reference),0.0027736686390532617,True,0.20152236672031876,22033
webis-touche2020,22,selection,10,753,10,glob_probe,best_in_menu_on_eval,0.0,True,,22033
webis-touche2020,23,recalibration,10,780,10,ad_probe,ad_c(full_target_scalar_reference),0.010834239578905114,False,1.694898819896987,23033
webis-touche2020,23,selection,10,780,10,glob_probe,best_in_menu_on_eval,0.0,True,,23033
webis-touche2020,24,recalibration,10,743,10,ad_probe,ad_c(full_target_scalar_reference),0.005362426035502993,False,0.5142575771897473,24033
webis-touche2020,24,selection,10,743,10,glob_probe,best_in_menu_on_eval,0.0,True,,24033
webis-touche2020,25,recalibration,10,788,10,ad_probe,ad_c(full_target_scalar_reference),0.002403846153846173,True,0.20152236672031876,25033
webis-touche2020,25,selection,10,788,10,glob_probe,best_in_menu_on_eval,0.0,True,,25033
webis-touche2020,26,recalibration,10,717,10,ad_probe,ad_c(full_target_scalar_reference),0.004992603550295849,True,0.7726495043333408,26033
webis-touche2020,26,selection,10,717,10,glob_probe,best_in_menu_on_eval,0.0,True,,26033
webis-touche2020,27,recalibration,10,751,10,ad_probe,ad_c(full_target_scalar_reference),0.002922054204105462,True,0.09172801265070696,27033
webis-touche2020,27,selection,10,751,10,glob_probe,best_in_menu_on_eval,0.0,True,,27033
webis-touche2020,28,recalibration,10,774,10,ad_probe,ad_c(full_target_scalar_reference),0.002403846153846173,True,0.2274929511370889,28033
webis-touche2020,28,selection,10,774,10,glob_probe,best_in_menu_on_eval,0.0,True,,28033
webis-touche2020,29,recalibration,10,727,10,ad_probe,ad_c(full_target_scalar_reference),0.007128141755160217,False,1.1235557147896333,29033
webis-touche2020,29,selection,10,727,10,glob_probe,best_in_menu_on_eval,0.0,True,,29033
webis-touche2020,30,recalibration,10,766,10,ad_probe,ad_c(full_target_scalar_reference),0.005778614089843065,False,0.8281497331782566,30033
webis-touche2020,30,selection,10,766,10,glob_probe,best_in_menu_on_eval,0.0,True,,30033
webis-touche2020,31,recalibration,10,706,10,ad_probe,ad_c(full_target_scalar_reference),0.008264728582454361,False,1.4776489657852068,31033
webis-touche2020,31,selection,10,706,10,glob_probe,best_in_menu_on_eval,0.0,True,,31033
webis-touche2020,32,recalibration,10,745,10,ad_probe,ad_c(full_target_scalar_reference),0.0009496676163343043,True,0.27107773605494323,32033
webis-touche2020,32,selection,10,745,10,glob_probe,best_in_menu_on_eval,0.0,True,,32033
webis-touche2020,33,recalibration,10,792,10,ad_probe,ad_c(full_target_scalar_reference),0.00577861408984312,False,0.8263659318256238,33033
webis-touche2020,33,selection,10,792,10,glob_probe,best_in_menu_on_eval,0.0,True,,33033
webis-touche2020,34,recalibration,10,708,10,ad_probe,ad_c(full_target_scalar_reference),0.002922054204105462,True,0.09595068942030238,34033
webis-touche2020,34,selection,10,708,10,glob_probe,best_in_menu_on_eval,0.0,True,,34033
webis-touche2020,35,recalibration,10,766,10,ad_probe,ad_c(full_target_scalar_reference),0.0029220542041055175,True,0.442965307732182,35033
webis-touche2020,35,selection,10,766,10,glob_probe,best_in_menu_on_eval,0.0,True,,35033
webis-touche2020,36,recalibration,10,727,10,ad_probe,ad_c(full_target_scalar_reference),0.005978796844181483,False,0.6149578430670672,36033
webis-touche2020,36,selection,10,727,10,glob_probe,best_in_menu_on_eval,0.0,True,,36033
webis-touche2020,37,recalibration,10,690,10,ad_probe,ad_c(full_target_scalar_reference),0.010853485978904093,False,1.7336784914673897,37033
webis-touche2020,37,selection,10,690,10,glob_probe,best_in_menu_on_eval,0.0,True,,37033
webis-touche2020,38,recalibration,10,782,10,ad_probe,ad_c(full_target_scalar_reference),0.004894440791876703,True,0.7943367436401978,38033
webis-touche2020,38,selection,10,782,10,glob_probe,best_in_menu_on_eval,0.0,True,,38033
webis-touche2020,39,recalibration,10,751,10,ad_probe,ad_c(full_target_scalar_reference),0.004828946473508816,True,0.6941296372778663,39033
webis-touche2020,39,selection,10,751,10,glob_probe,best_in_menu_on_eval,0.0,True,,39033
webis-touche2020,40,recalibration,10,686,10,ad_probe,ad_c(full_target_scalar_reference),0.003390039447731752,True,0.3772667309332842,40033
webis-touche2020,40,selection,10,686,10,glob_probe,best_in_menu_on_eval,0.0,True,,40033
webis-touche2020,41,recalibration,10,719,10,ad_probe,ad_c(full_target_scalar_reference),0.0063486193293885995,False,0.6308092478707756,41033
webis-touche2020,41,selection,10,719,10,glob_probe,best_in_menu_on_eval,0.0,True,,41033
webis-touche2020,42,recalibration,10,775,10,ad_probe,ad_c(full_target_scalar_reference),0.0018338409143006384,True,0.3275297872134759,42033
webis-touche2020,42,selection,10,775,10,glob_probe,best_in_menu_on_eval,0.0,True,,42033
webis-touche2020,43,recalibration,10,786,10,ad_probe,ad_c(full_target_scalar_reference),0.0,True,0.010198160996694128,43033
webis-touche2020,43,selection,10,786,10,glob_probe,best_in_menu_on_eval,0.0,True,,43033
webis-touche2020,44,recalibration,10,668,10,ad_probe,ad_c(full_target_scalar_reference),0.0049926035502958765,True,0.5142575771897473,44033
webis-touche2020,44,selection,10,668,10,glob_probe,best_in_menu_on_eval,0.0,True,,44033
webis-touche2020,45,recalibration,10,715,10,ad_probe,ad_c(full_target_scalar_reference),0.005547337278106523,False,0.6308092478707756,45033
webis-touche2020,45,selection,10,715,10,glob_probe,best_in_menu_on_eval,0.0,True,,45033
webis-touche2020,46,recalibration,10,730,10,ad_probe,ad_c(full_target_scalar_reference),0.001833840914300694,True,0.25062639472047543,46033
webis-touche2020,46,selection,10,730,10,glob_probe,best_in_menu_on_eval,0.0,True,,46033
webis-touche2020,47,recalibration,10,745,10,ad_probe,ad_c(full_target_scalar_reference),0.010899733897272973,False,1.4862527641885528,47033
webis-touche2020,47,selection,10,745,10,glob_probe,best_in_menu_on_eval,0.0,True,,47033
webis-touche2020,48,recalibration,10,730,10,ad_probe,ad_c(full_target_scalar_reference),0.0027736686390532617,True,0.24289210904751712,48033
webis-touche2020,48,selection,10,730,10,glob_probe,best_in_menu_on_eval,0.0,True,,48033
webis-touche2020,49,recalibration,10,732,10,ad_probe,ad_c(full_target_scalar_reference),0.004828946473508816,True,0.6656576674514145,49033
webis-touche2020,49,selection,10,732,10,glob_probe,best_in_menu_on_eval,0.0,True,,49033
webis-touche2020,0,recalibration,20,1459,20,ad_probe,ad_c(full_target_scalar_reference),0.002466199850266443,True,0.27107773605494323,2200105
webis-touche2020,0,selection,20,1459,20,glob_probe,best_in_menu_on_eval,0.0,True,,2200105
webis-touche2020,1,recalibration,20,1473,20,ad_probe,ad_c(full_target_scalar_reference),0.0024661998502663873,True,0.2966750549620656,2201105
webis-touche2020,1,selection,20,1473,20,glob_probe,best_in_menu_on_eval,0.0,True,,2201105
webis-touche2020,2,recalibration,20,1542,20,ad_probe,ad_c(full_target_scalar_reference),0.00511871974416564,False,0.28647689396537146,2202105
webis-touche2020,2,selection,20,1542,20,glob_probe,best_in_menu_on_eval,0.0,True,,2202105
webis-touche2020,3,recalibration,20,1517,20,ad_probe,ad_c(full_target_scalar_reference),0.0,True,0.005200996913734102,2203105
webis-touche2020,3,selection,20,1517,20,glob_probe,best_in_menu_on_eval,0.0,True,,2203105
webis-touche2020,4,recalibration,20,1518,20,ad_probe,ad_c(full_target_scalar_reference),0.00392965910207288,True,0.6721277377158374,2204105
webis-touche2020,4,selection,20,1518,20,glob_probe,best_in_menu_on_eval,0.0,True,,2204105
webis-touche2020,5,recalibration,20,1451,20,ad_probe,ad_c(full_target_scalar_reference),0.0021551724137931216,True,0.2955736465328487,2205105
webis-touche2020,5,selection,20,1451,20,glob_probe,best_in_menu_on_eval,0.0,True,,2205105
webis-touche2020,6,recalibration,20,1533,20,ad_probe,ad_c(full_target_scalar_reference),0.005118719744165667,False,0.920618235285354,2206105
webis-touche2020,6,selection,20,1533,20,glob_probe,best_in_menu_on_eval,0.0,True,,2206105
webis-touche2020,7,recalibration,20,1374,20,ad_probe,ad_c(full_target_scalar_reference),0.001077586206896547,True,0.6830385384628279,2207105
webis-touche2020,7,selection,20,1374,20,glob_probe,best_in_menu_on_eval,0.0,True,,2207105
webis-touche2020,8,recalibration,20,1562,20,ad_probe,ad_c(full_target_scalar_reference),0.009408998065617263,False,1.4297143606183766,2208105
webis-touche2020,8,selection,20,1562,20,glob_probe,best_in_menu_on_eval,0.0,True,,2208105
webis-touche2020,9,recalibration,20,1442,20,ad_probe,ad_c(full_target_scalar_reference),0.0026525198938992245,True,0.24289210904751712,2209105
webis-touche2020,9,selection,20,1442,20,glob_probe,best_in_menu_on_eval,0.0,True,,2209105
webis-touche2020,10,recalibration,20,1539,20,ad_probe,ad_c(full_target_scalar_reference),0.006494100429891153,False,0.8868052457472952,2210105
webis-touche2020,10,selection,20,1539,20,glob_probe,best_in_menu_on_eval,0.0,True,,2210105
webis-touche2020,11,recalibration,20,1486,20,ad_probe,ad_c(full_target_scalar_reference),0.0,True,0.20152236672031876,2211105
webis-touche2020,11,selection,20,1486,20,glob_probe,best_in_menu_on_eval,0.0,True,,2211105
webis-touche2020,12,recalibration,20,1505,20,ad_probe,ad_c(full_target_scalar_reference),0.0,True,0.005200996913734102,2212105
webis-touche2020,12,selection,20,1505,20,glob_probe,best_in_menu_on_eval,0.0,True,,2212105
webis-touche2020,13,recalibration,20,1501,20,ad_probe,ad_c(full_target_scalar_reference),0.001277139208173711,True,0.6721277377158374,2213105
webis-touche2020,13,selection,20,1501,20,glob_probe,best_in_menu_on_eval,0.0,True,,2213105
webis-touche2020,14,recalibration,20,1474,20,ad_probe,ad_c(full_target_scalar_reference),0.0038415805359919564,True,0.395849004747161,2214105
webis-touche2020,14,selection,20,1474,20,glob_probe,best_in_menu_on_eval,0.0,True,,2214105
webis-touche2020,15,recalibration,20,1481,20,ad_probe,ad_c(full_target_scalar_reference),0.0011890606420927596,True,0.6951627938551024,2215105
webis-touche2020,15,selection,20,1481,20,glob_probe,best_in_menu_on_eval,0.0,True,,2215105
webis-touche2020,16,recalibration,20,1494,20,ad_probe,ad_c(full_target_scalar_reference),0.0,True,0.2966750549620656,2216105
webis-touche2020,16,selection,20,1494,20,glob_probe,best_in_menu_on_eval,0.0,True,,2216105
webis-touche2020,17,recalibration,20,1508,20,ad_probe,ad_c(full_target_scalar_reference),0.003929659102072908,True,0.395849004747161,2217105
webis-touche2020,17,selection,20,1508,20,glob_probe,best_in_menu_on_eval,0.0,True,,2217105
webis-touche2020,18,recalibration,20,1546,20,ad_probe,ad_c(full_target_scalar_reference),0.005118719744165612,False,0.6721277377158374,2218105
webis-touche2020,18,selection,20,1546,20,glob_probe,best_in_menu_on_eval,0.0,True,,2218105
webis-touche2020,19,recalibration,20,1495,20,ad_probe,ad_c(full_target_scalar_reference),0.00511871974416564,False,0.395849004747161,2219105
webis-touche2020,19,selection,20,1495,20,glob_probe,best_in_menu_on_eval,0.0,True,,2219105
webis-touche2020,20,recalibration,20,1633,20,ad_probe,ad_c(full_target_scalar_reference),0.009451464517120534,False,1.5228219150978948,2220105
webis-touche2020,20,selection,20,1633,20,glob_probe,best_in_menu_on_eval,0.0,True,,2220105
webis-touche2020,21,recalibration,20,1506,20,ad_probe,ad_c(full_target_scalar_reference),0.0030920212408415415,True,0.920618235285354,2221105
webis-touche2020,21,selection,20,1506,20,glob_probe,best_in_menu_on_eval,0.0,True,,2221105
webis-touche2020,22,recalibration,20,1473,20,ad_probe,ad_c(full_target_scalar_reference),0.010692970822281156,False,0.6479708118073564,2222105
webis-touche2020,22,selection,20,1473,20,glob_probe,best_in_menu_on_eval,0.0,True,,2222105
webis-touche2020,23,recalibration,20,1509,20,ad_probe,ad_c(full_target_scalar_reference),0.005885278514588893,False,0.24289210904751712,2223105
webis-touche2020,23,selection,20,1509,20,glob_probe,best_in_menu_on_eval,0.0,True,,2223105
webis-touche2020,24,recalibration,20,1525,20,ad_probe,ad_c(full_target_scalar_reference),0.005885278514588865,False,0.21729479014039388,2224105
webis-touche2020,24,selection,20,1525,20,glob_probe,best_in_menu_on_eval,0.0,True,,2224105
webis-touche2020,25,recalibration,20,1478,20,ad_probe,ad_c(full_target_scalar_reference),0.0053050397877983935,False,0.7943367436401978,2225105
webis-touche2020,25,selection,20,1478,20,glob_probe,best_in_menu_on_eval,0.0,True,,2225105
webis-touche2020,26,recalibration,20,1356,20,ad_probe,ad_c(full_target_scalar_reference),0.010692970822281184,False,0.6296930977084534,2226105
webis-touche2020,26,selection,20,1356,20,glob_probe,best_in_menu_on_eval,0.0,True,,2226105
webis-touche2020,27,recalibration,20,1387,20,ad_probe,ad_c(full_target_scalar_reference),0.00853779840848809,False,0.6083088570022772,2227105
webis-touche2020,27,selection,20,1387,20,glob_probe,best_in_menu_on_eval,0.0,True,,2227105
webis-touche2020,28,recalibration,20,1482,20,ad_probe,ad_c(full_target_scalar_reference),0.0038415805359919564,True,0.385650843750466,2228105
webis-touche2020,28,selection,20,1482,20,glob_probe,best_in_menu_on_eval,0.0,True,,2228105
webis-touche2020,29,recalibration,20,1480,20,ad_probe,ad_c(full_target_scalar_reference),0.0026525198938992245,True,0.42901531785740765,2229105
webis-touche2020,29,selection,20,1480,20,glob_probe,best_in_menu_on_eval,0.0,True,,2229105
webis-touche2020,30,recalibration,20,1479,20,ad_probe,ad_c(full_target_scalar_reference),0.005118719744165667,False,0.4526970504244847,2230105
webis-touche2020,30,selection,20,1479,20,glob_probe,best_in_menu_on_eval,0.0,True,,2230105
webis-touche2020,31,recalibration,20,1622,20,ad_probe,ad_c(full_target_scalar_reference),0.008306316927006507,False,1.4968159784075352,2231105
webis-touche2020,31,selection,20,1622,20,glob_probe,best_in_menu_on_eval,0.0,True,,2231105
webis-touche2020,32,recalibration,20,1486,20,ad_probe,ad_c(full_target_scalar_reference),0.004559018567639267,True,0.42901531785740765,2232105
webis-touche2020,32,selection,20,1486,20,glob_probe,best_in_menu_on_eval,0.0,True,,2232105
webis-touche2020,33,recalibration,20,1509,20,ad_probe,ad_c(full_target_scalar_reference),0.006933601776833553,False,1.0869865638802914,2233105
webis-touche2020,33,selection,20,1509,20,glob_probe,best_in_menu_on_eval,0.0,True,,2233105
webis-touche2020,34,recalibration,20,1549,20,ad_probe,ad_c(full_target_scalar_reference),0.006582178995972077,False,1.1028155371675972,2234105
webis-touche2020,34,selection,20,1549,20,glob_probe,best_in_menu_on_eval,0.0,True,,2234105
webis-touche2020,35,recalibration,20,1450,20,ad_probe,ad_c(full_target_scalar_reference),0.002155172413793094,True,0.24289210904751712,2235105
webis-touche2020,35,selection,20,1450,20,glob_probe,best_in_menu_on_eval,0.0,True,,2235105
webis-touche2020,36,recalibration,20,1487,20,ad_probe,ad_c(full_target_scalar_reference),0.00392965910207288,True,0.41888406088642594,2236105
webis-touche2020,36,selection,20,1487,20,glob_probe,best_in_menu_on_eval,0.0,True,,2236105
webis-touche2020,37,recalibration,20,1531,20,ad_probe,ad_c(full_target_scalar_reference),0.005885278514588893,False,0.19132420572362463,2237105
webis-touche2020,37,selection,20,1531,20,glob_probe,best_in_menu_on_eval,0.0,True,,2237105
webis-touche2020,38,recalibration,20,1535,20,ad_probe,ad_c(full_target_scalar_reference),0.0,True,0.01539915791042823,2238105
webis-touche2020,38,selection,20,1535,20,glob_probe,best_in_menu_on_eval,0.0,True,,2238105
webis-touche2020,39,recalibration,20,1551,20,ad_probe,ad_c(full_target_scalar_reference),0.0024661998502663873,True,0.37025168584003687,2239105
webis-touche2020,39,selection,20,1551,20,glob_probe,best_in_menu_on_eval,0.0,True,,2239105
webis-touche2020,40,recalibration,20,1439,20,ad_probe,ad_c(full_target_scalar_reference),0.004559018567639239,True,0.5230665976699367,2240105
webis-touche2020,40,selection,20,1439,20,glob_probe,best_in_menu_on_eval,0.0,True,,2240105
webis-touche2020,41,recalibration,20,1510,20,ad_probe,ad_c(full_target_scalar_reference),0.003929659102072908,True,0.2966750549620656,2241105
webis-touche2020,41,selection,20,1510,20,glob_probe,best_in_menu_on_eval,0.0,True,,2241105
webis-touche2020,42,recalibration,20,1508,20,ad_probe,ad_c(full_target_scalar_reference),0.009366710875331585,False,0.42901531785740765,2242105
webis-touche2020,42,selection,20,1508,20,glob_probe,best_in_menu_on_eval,0.0,True,,2242105
webis-touche2020,43,recalibration,20,1538,20,ad_probe,ad_c(full_target_scalar_reference),0.0038415805359919286,True,0.41888406088642594,2243105
webis-touche2020,43,selection,20,1538,20,glob_probe,best_in_menu_on_eval,0.0,True,,2243105
webis-touche2020,44,recalibration,20,1498,20,ad_probe,ad_c(full_target_scalar_reference),0.005885278514588865,False,0.5230665976699367,2244105
webis-touche2020,44,selection,20,1498,20,glob_probe,best_in_menu_on_eval,0.0,True,,2244105
webis-touche2020,45,recalibration,20,1547,20,ad_probe,ad_c(full_target_scalar_reference),0.006933601776833498,False,0.920618235285354,2245105
webis-touche2020,45,selection,20,1547,20,glob_probe,best_in_menu_on_eval,0.0,True,,2245105
webis-touche2020,46,recalibration,20,1498,20,ad_probe,ad_c(full_target_scalar_reference),0.0038415805359919564,True,0.28647689396537146,2246105
webis-touche2020,46,selection,20,1498,20,glob_probe,best_in_menu_on_eval,0.0,True,,2246105
webis-touche2020,47,recalibration,20,1472,20,ad_probe,ad_c(full_target_scalar_reference),0.008289124668435038,False,0.6083088570022772,2247105
webis-touche2020,47,selection,20,1472,20,glob_probe,best_in_menu_on_eval,0.0,True,,2247105
webis-touche2020,48,recalibration,20,1405,20,ad_probe,ad_c(full_target_scalar_reference),0.0010775862068965747,True,0.5444508383761129,2248105
webis-touche2020,48,selection,20,1405,20,glob_probe,best_in_menu_on_eval,0.0,True,,2248105
webis-touche2020,49,recalibration,20,1443,20,ad_probe,ad_c(full_target_scalar_reference),0.0,True,0.010198160996694128,2249105
webis-touche2020,49,selection,20,1443,20,glob_probe,best_in_menu_on_eval,0.0,True,,2249105
webis-touche2020,0,recalibration,24,1770,50,ad_probe,ad_c(full_target_scalar_reference),0.0025000000000000022,True,0.24289210904751712,2300702
webis-touche2020,0,selection,24,1770,50,glob_probe,best_in_menu_on_eval,0.0,True,,2300702
webis-touche2020,1,recalibration,24,1693,50,ad_probe,ad_c(full_target_scalar_reference),0.0,True,0.009096752567477218,2301702
webis-touche2020,1,selection,24,1693,50,glob_probe,best_in_menu_on_eval,0.0,True,,2301702
webis-touche2020,2,recalibration,24,1817,50,ad_probe,ad_c(full_target_scalar_reference),0.003076923076923088,True,0.7645962398229349,2302702
webis-touche2020,2,selection,24,1817,50,glob_probe,best_in_menu_on_eval,0.0,True,,2302702
webis-touche2020,3,recalibration,24,1735,50,ad_probe,ad_c(full_target_scalar_reference),0.002788461538461545,True,0.5142575771897473,2303702
webis-touche2020,3,selection,24,1735,50,glob_probe,best_in_menu_on_eval,0.0,True,,2303702
webis-touche2020,4,recalibration,24,1770,50,ad_probe,ad_c(full_target_scalar_reference),0.0013793103448275779,True,0.2966750549620656,2304702
webis-touche2020,4,selection,24,1770,50,glob_probe,best_in_menu_on_eval,0.0,True,,2304702
webis-touche2020,5,recalibration,24,1756,50,ad_probe,ad_c(full_target_scalar_reference),0.0,True,0.010198160996694128,2305702
webis-touche2020,5,selection,24,1756,50,glob_probe,best_in_menu_on_eval,0.0,True,,2305702
webis-touche2020,6,recalibration,24,1768,50,ad_probe,ad_c(full_target_scalar_reference),0.0014814814814815003,True,0.41888406088642594,2306702
webis-touche2020,6,selection,24,1768,50,glob_probe,best_in_menu_on_eval,0.0,True,,2306702
webis-touche2020,7,recalibration,24,1843,50,ad_probe,ad_c(full_target_scalar_reference),0.00804297806112686,False,1.0869865638802914,2307702
webis-touche2020,7,selection,24,1843,50,glob_probe,best_in_menu_on_eval,0.0,True,,2307702
webis-touche2020,8,recalibration,24,1788,50,ad_probe,ad_c(full_target_scalar_reference),0.0030769230769230604,True,0.01539915791042823,2308702
webis-touche2020,8,selection,24,1788,50,glob_probe,best_in_menu_on_eval,0.0,True,,2308702
webis-touche2020,9,recalibration,24,1792,50,ad_probe,ad_c(full_target_scalar_reference),0.0025000000000000022,True,0.42901531785740765,2309702
webis-touche2020,9,selection,24,1792,50,glob_probe,best_in_menu_on_eval,0.0,True,,2309702
webis-touche2020,10,recalibration,24,1852,50,ad_probe,ad_c(full_target_scalar_reference),0.0028607918263090504,True,0.6721277377158374,2310702
webis-touche2020,10,selection,24,1852,50,glob_probe,best_in_menu_on_eval,0.0,True,,2310702
webis-touche2020,11,recalibration,24,1783,50,ad_probe,ad_c(full_target_scalar_reference),0.0,True,0.010198160996694128,2311702
webis-touche2020,11,selection,24,1783,50,glob_probe,best_in_menu_on_eval,0.0,True,,2311702
webis-touche2020,12,recalibration,24,1816,50,ad_probe,ad_c(full_target_scalar_reference),0.004326923076923089,True,0.32813436837985677,2312702
webis-touche2020,12,selection,24,1816,50,glob_probe,best_in_menu_on_eval,0.0,True,,2312702
webis-touche2020,13,recalibration,24,1777,50,ad_probe,ad_c(full_target_scalar_reference),0.0012500000000000011,True,0.6296930977084534,2313702
webis-touche2020,13,selection,24,1777,50,glob_probe,best_in_menu_on_eval,0.0,True,,2313702
webis-touche2020,14,recalibration,24,1749,50,ad_probe,ad_c(full_target_scalar_reference),0.0025000000000000022,True,0.5184802539593445,2314702
webis-touche2020,14,selection,24,1749,50,glob_probe,best_in_menu_on_eval,0.0,True,,2314702
webis-touche2020,15,recalibration,24,1786,50,ad_probe,ad_c(full_target_scalar_reference),0.0030769230769230604,True,0.385650843750466,2315702
webis-touche2020,15,selection,24,1786,50,glob_probe,best_in_menu_on_eval,0.0,True,,2315702
webis-touche2020,16,recalibration,24,1750,50,ad_probe,ad_c(full_target_scalar_reference),0.007533156498673699,False,0.8868052457472952,2316702
webis-touche2020,16,selection,24,1750,50,glob_probe,best_in_menu_on_eval,0.0,True,,2316702
webis-touche2020,17,recalibration,24,1807,50,ad_probe,ad_c(full_target_scalar_reference),0.005937714903232139,False,0.3932867419793027,2317702
webis-touche2020,17,selection,24,1807,50,glob_probe,best_in_menu_on_eval,0.0,True,,2317702
webis-touche2020,18,recalibration,24,1815,50,ad_probe,ad_c(full_target_scalar_reference),0.0030769230769230604,True,0.395849004747161,2318702
webis-touche2020,18,selection,24,1815,50,glob_probe,best_in_menu_on_eval,0.0,True,,2318702
webis-touche2020,19,recalibration,24,1789,50,ad_probe,ad_c(full_target_scalar_reference),0.0,True,0.058983942828282565,2319702
webis-touche2020,19,selection,24,1789,50,glob_probe,best_in_menu_on_eval,0.0,True,,2319702
webis-touche2020,20,recalibration,24,1733,50,ad_probe,ad_c(full_target_scalar_reference),0.0012500000000000011,True,0.3109728044432778,2320702
webis-touche2020,20,selection,24,1733,50,glob_probe,best_in_menu_on_eval,0.0,True,,2320702
webis-touche2020,21,recalibration,24,1854,50,ad_probe,ad_c(full_target_scalar_reference),0.004456233421750638,True,1.1591761712194062,2321702
webis-touche2020,21,selection,24,1854,50,glob_probe,best_in_menu_on_eval,0.0,True,,2321702
webis-touche2020,22,recalibration,24,1898,50,ad_probe,ad_c(full_target_scalar_reference),0.005937714903232111,False,0.6721277377158374,2322702
webis-touche2020,22,selection,24,1898,50,glob_probe,best_in_menu_on_eval,0.0,True,,2322702
webis-touche2020,23,recalibration,24,1668,50,ad_probe,ad_c(full_target_scalar_reference),0.0037500000000000033,True,0.5402281616065174,2323702
webis-touche2020,23,selection,24,1668,50,glob_probe,best_in_menu_on_eval,0.0,True,,2323702
webis-touche2020,24,recalibration,24,1838,50,ad_probe,ad_c(full_target_scalar_reference),0.006153846153846149,False,0.7943367436401978,2324702
webis-touche2020,24,selection,24,1838,50,glob_probe,best_in_menu_on_eval,0.0,True,,2324702
webis-touche2020,25,recalibration,24,1882,50,ad_probe,ad_c(full_target_scalar_reference),0.0030769230769230327,True,0.8511847893175215,2325702
webis-touche2020,25,selection,24,1882,50,glob_probe,best_in_menu_on_eval,0.0,True,,2325702
webis-touche2020,26,recalibration,24,1795,50,ad_probe,ad_c(full_target_scalar_reference),0.005937714903232139,False,0.6721277377158374,2326702
webis-touche2020,26,selection,24,1795,50,glob_probe,best_in_menu_on_eval,0.0,True,,2326702
webis-touche2020,27,recalibration,24,1849,50,ad_probe,ad_c(full_target_scalar_reference),0.004456233421750638,True,0.4086858998897309,2327702
webis-touche2020,27,selection,24,1849,50,glob_probe,best_in_menu_on_eval,0.0,True,,2327702
webis-touche2020,28,recalibration,24,1780,50,ad_probe,ad_c(full_target_scalar_reference),0.004456233421750666,True,0.8511847893175215,2328702
webis-touche2020,28,selection,24,1780,50,glob_probe,best_in_menu_on_eval,0.0,True,,2328702
webis-touche2020,29,recalibration,24,1818,50,ad_probe,ad_c(full_target_scalar_reference),0.0065384615384615485,False,0.6083088570022772,2329702
webis-touche2020,29,selection,24,1818,50,glob_probe,best_in_menu_on_eval,0.0,True,,2329702
webis-touche2020,30,recalibration,24,1895,50,ad_probe,ad_c(full_target_scalar_reference),0.007635327635327649,False,1.0301385182029668,2330702
webis-touche2020,30,selection,24,1895,50,glob_probe,best_in_menu_on_eval,0.0,True,,2330702
webis-touche2020,31,recalibration,24,1910,50,ad_probe,ad_c(full_target_scalar_reference),0.006153846153846121,False,1.1226070203100642,2331702
webis-touche2020,31,selection,24,1910,50,glob_probe,best_in_menu_on_eval,0.0,True,,2331702
webis-touche2020,32,recalibration,24,1733,50,ad_probe,ad_c(full_target_scalar_reference),0.002788461538461573,True,0.5230665976699367,2332702
webis-touche2020,32,selection,24,1733,50,glob_probe,best_in_menu_on_eval,0.0,True,,2332702
webis-touche2020,33,recalibration,24,1724,50,ad_probe,ad_c(full_target_scalar_reference),0.0065384615384615485,False,0.5402281616065174,2333702
webis-touche2020,33,selection,24,1724,50,glob_probe,best_in_menu_on_eval,0.0,True,,2333702
webis-touche2020,34,recalibration,24,1819,50,ad_probe,ad_c(full_target_scalar_reference),0.003076923076923088,True,0.2966750549620656,2334702
webis-touche2020,34,selection,24,1819,50,glob_probe,best_in_menu_on_eval,0.0,True,,2334702
webis-touche2020,35,recalibration,24,1689,50,ad_probe,ad_c(full_target_scalar_reference),0.0,True,0.3109728044432778,2335702
webis-touche2020,35,selection,24,1689,50,glob_probe,best_in_menu_on_eval,0.0,True,,2335702
webis-touche2020,36,recalibration,24,1801,50,ad_probe,ad_c(full_target_scalar_reference),0.0,True,0.010198160996694128,2336702
webis-touche2020,36,selection,24,1801,50,glob_probe,best_in_menu_on_eval,0.0,True,,2336702
webis-touche2020,37,recalibration,24,1798,50,ad_probe,ad_c(full_target_scalar_reference),0.003076923076923088,True,0.21692152463074788,2337702
webis-touche2020,37,selection,24,1798,50,glob_probe,best_in_menu_on_eval,0.0,True,,2337702
webis-touche2020,38,recalibration,24,1779,50,ad_probe,ad_c(full_target_scalar_reference),0.004558404558404533,True,0.41888406088642594,2338702
webis-touche2020,38,selection,24,1779,50,glob_probe,best_in_menu_on_eval,0.0,True,,2338702
webis-touche2020,39,recalibration,24,1787,50,ad_probe,ad_c(full_target_scalar_reference),0.0014814814814814725,True,0.2966750549620656,2339702
webis-touche2020,39,selection,24,1787,50,glob_probe,best_in_menu_on_eval,0.0,True,,2339702
webis-touche2020,40,recalibration,24,1720,50,ad_probe,ad_c(full_target_scalar_reference),0.0045584045584045885,True,0.395849004747161,2340702
webis-touche2020,40,selection,24,1720,50,glob_probe,best_in_menu_on_eval,0.0,True,,2340702
webis-touche2020,41,recalibration,24,1741,50,ad_probe,ad_c(full_target_scalar_reference),0.0065384615384615485,False,0.5230665976699367,2341702
webis-touche2020,41,selection,24,1741,50,glob_probe,best_in_menu_on_eval,0.0,True,,2341702
webis-touche2020,42,recalibration,24,1747,50,ad_probe,ad_c(full_target_scalar_reference),0.0,True,0.005200996913734102,2342702
webis-touche2020,42,selection,24,1747,50,glob_probe,best_in_menu_on_eval,0.0,True,,2342702
webis-touche2020,43,recalibration,24,1664,50,ad_probe,ad_c(full_target_scalar_reference),0.004326923076923089,True,0.6521934885769518,2343702
webis-touche2020,43,selection,24,1664,50,glob_probe,best_in_menu_on_eval,0.0,True,,2343702
webis-touche2020,44,recalibration,24,1732,50,ad_probe,ad_c(full_target_scalar_reference),0.0,True,0.005200996913734102,2344702
webis-touche2020,44,selection,24,1732,50,glob_probe,best_in_menu_on_eval,0.0,True,,2344702
webis-touche2020,45,recalibration,24,1782,50,ad_probe,ad_c(full_target_scalar_reference),0.012403846153846182,False,0.6521934885769518,2345702
webis-touche2020,45,selection,24,1782,50,glob_probe,best_in_menu_on_eval,0.0,True,,2345702
webis-touche2020,46,recalibration,24,1779,50,ad_probe,ad_c(full_target_scalar_reference),0.0013793103448275779,True,0.6951627938551024,2346702
webis-touche2020,46,selection,24,1779,50,glob_probe,best_in_menu_on_eval,0.0,True,,2346702
webis-touche2020,47,recalibration,24,1775,50,ad_probe,ad_c(full_target_scalar_reference),0.0050000000000000044,False,0.42901531785740765,2347702
webis-touche2020,47,selection,24,1775,50,glob_probe,best_in_menu_on_eval,0.0,True,,2347702
webis-touche2020,48,recalibration,24,1776,50,ad_probe,ad_c(full_target_scalar_reference),0.0037500000000000033,True,0.32503744034123283,2348702
webis-touche2020,48,selection,24,1776,50,glob_probe,best_in_menu_on_eval,0.0,True,,2348702
webis-touche2020,49,recalibration,24,1870,50,ad_probe,ad_c(full_target_scalar_reference),0.004456233421750694,True,0.8868052457472952,2349702
webis-touche2020,49,selection,24,1870,50,glob_probe,best_in_menu_on_eval,0.0,True,,2349702
webis-touche2020,0,recalibration,24,1783,100,ad_probe,ad_c(full_target_scalar_reference),0.004038461538461546,True,0.42901531785740765,2400120
webis-touche2020,0,selection,24,1783,100,glob_probe,best_in_menu_on_eval,0.0,True,,2400120
webis-touche2020,1,recalibration,24,1836,100,ad_probe,ad_c(full_target_scalar_reference),0.006039886039886061,False,1.3255444998143435,2401120
webis-touche2020,1,selection,24,1836,100,glob_probe,best_in_menu_on_eval,0.0,True,,2401120
webis-touche2020,2,recalibration,24,1768,100,ad_probe,ad_c(full_target_scalar_reference),0.01111990113804992,False,0.920618235285354,2402120
webis-touche2020,2,selection,24,1768,100,glob_probe,best_in_menu_on_eval,0.0,True,,2402120
webis-touche2020,3,recalibration,24,1812,100,ad_probe,ad_c(full_target_scalar_reference),0.0,True,0.28647689396537146,2403120
webis-touche2020,3,selection,24,1812,100,glob_probe,best_in_menu_on_eval,0.0,True,,2403120
webis-touche2020,4,recalibration,24,1864,100,ad_probe,ad_c(full_target_scalar_reference),0.0075331564986737265,False,0.7943367436401978,2404120
webis-touche2020,4,selection,24,1864,100,glob_probe,best_in_menu_on_eval,0.0,True,,2404120
webis-touche2020,5,recalibration,24,1858,100,ad_probe,ad_c(full_target_scalar_reference),0.004456233421750666,True,0.7943367436401978,2405120
webis-touche2020,5,selection,24,1858,100,glob_probe,best_in_menu_on_eval,0.0,True,,2405120
webis-touche2020,6,recalibration,24,1761,100,ad_probe,ad_c(full_target_scalar_reference),0.0068269230769230915,False,0.31273521046942854,2406120
webis-touche2020,6,selection,24,1761,100,glob_probe,best_in_menu_on_eval,0.0,True,,2406120
webis-touche2020,7,recalibration,24,1829,100,ad_probe,ad_c(full_target_scalar_reference),0.007635327635327649,False,0.7943367436401978,2407120
webis-touche2020,7,selection,24,1829,100,glob_probe,best_in_menu_on_eval,0.0,True,,2407120
webis-touche2020,8,recalibration,24,1857,100,ad_probe,ad_c(full_target_scalar_reference),0.002860791826309078,True,0.385650843750466,2408120
webis-touche2020,8,selection,24,1857,100,glob_probe,best_in_menu_on_eval,0.0,True,,2408120
webis-touche2020,9,recalibration,24,1781,100,ad_probe,ad_c(full_target_scalar_reference),0.0,True,0.01539915791042823,2409120
webis-touche2020,9,selection,24,1781,100,glob_probe,best_in_menu_on_eval,0.0,True,,2409120
webis-touche2020,10,recalibration,24,1791,100,ad_probe,ad_c(full_target_scalar_reference),0.006826923076923064,False,0.42901531785740765,2410120
webis-touche2020,10,selection,24,1791,100,glob_probe,best_in_menu_on_eval,0.0,True,,2410120
webis-touche2020,11,recalibration,24,1775,100,ad_probe,ad_c(full_target_scalar_reference),0.004326923076923117,True,0.19132420572362463,2411120
webis-touche2020,11,selection,24,1775,100,glob_probe,best_in_menu_on_eval,0.0,True,,2411120
webis-touche2020,12,recalibration,24,1863,100,ad_probe,ad_c(full_target_scalar_reference),0.0046153846153846045,True,0.5142575771897473,2412120
webis-touche2020,12,selection,24,1863,100,glob_probe,best_in_menu_on_eval,0.0,True,,2412120
webis-touche2020,13,recalibration,24,1782,100,ad_probe,ad_c(full_target_scalar_reference),0.005937714903232139,False,0.37025168584003687,2413120
webis-touche2020,13,selection,24,1782,100,glob_probe,best_in_menu_on_eval,0.0,True,,2413120
webis-touche2020,14,recalibration,24,1840,100,ad_probe,ad_c(full_target_scalar_reference),0.0030769230769230604,True,0.8511847893175215,2414120
webis-touche2020,14,selection,24,1840,100,glob_probe,best_in_menu_on_eval,0.0,True,,2414120
webis-touche2020,15,recalibration,24,1794,100,ad_probe,ad_c(full_target_scalar_reference),0.0025000000000000022,True,0.21692152463074788,2415120
webis-touche2020,15,selection,24,1794,100,glob_probe,best_in_menu_on_eval,0.0,True,,2415120
webis-touche2020,16,recalibration,24,1803,100,ad_probe,ad_c(full_target_scalar_reference),0.0,True,0.21692152463074788,2416120
webis-touche2020,16,selection,24,1803,100,glob_probe,best_in_menu_on_eval,0.0,True,,2416120
webis-touche2020,17,recalibration,24,1852,100,ad_probe,ad_c(full_target_scalar_reference),0.008663667716299284,False,1.338617311730367,2417120
webis-touche2020,17,selection,24,1852,100,glob_probe,best_in_menu_on_eval,0.0,True,,2417120
webis-touche2020,18,recalibration,24,1767,100,ad_probe,ad_c(full_target_scalar_reference),0.0030769230769230604,True,0.01539915791042823,2418120
webis-touche2020,18,selection,24,1767,100,glob_probe,best_in_menu_on_eval,0.0,True,,2418120
webis-touche2020,19,recalibration,24,1780,100,ad_probe,ad_c(full_target_scalar_reference),0.0025000000000000022,True,0.2955736465328487,2419120
webis-touche2020,19,selection,24,1780,100,glob_probe,best_in_menu_on_eval,0.0,True,,2419120
webis-touche2020,20,recalibration,24,1685,100,ad_probe,ad_c(full_target_scalar_reference),0.0040384615384615186,True,0.6479708118073564,2420120
webis-touche2020,20,selection,24,1685,100,glob_probe,best_in_menu_on_eval,0.0,True,,2420120
webis-touche2020,21,recalibration,24,1775,100,ad_probe,ad_c(full_target_scalar_reference),0.009903846153846152,False,0.7204202137412885,2421120
webis-touche2020,21,selection,24,1775,100,glob_probe,best_in_menu_on_eval,0.0,True,,2421120
webis-touche2020,22,recalibration,24,1818,100,ad_probe,ad_c(full_target_scalar_reference),0.0,True,0.4526970504244847,2422120
webis-touche2020,22,selection,24,1818,100,glob_probe,best_in_menu_on_eval,0.0,True,,2422120
webis-touche2020,23,recalibration,24,1790,100,ad_probe,ad_c(full_target_scalar_reference),0.003076923076923116,True,0.7943367436401978,2423120
webis-touche2020,23,selection,24,1790,100,glob_probe,best_in_menu_on_eval,0.0,True,,2423120
webis-touche2020,24,recalibration,24,1861,100,ad_probe,ad_c(full_target_scalar_reference),0.005576923076923063,False,0.32813436837985677,2424120
webis-touche2020,24,selection,24,1861,100,glob_probe,best_in_menu_on_eval,0.0,True,,2424120
webis-touche2020,25,recalibration,24,1818,100,ad_probe,ad_c(full_target_scalar_reference),0.003076923076923088,True,0.8511847893175215,2425120
webis-touche2020,25,selection,24,1818,100,glob_probe,best_in_menu_on_eval,0.0,True,,2425120
webis-touche2020,26,recalibration,24,1689,100,ad_probe,ad_c(full_target_scalar_reference),0.0014814814814814725,True,0.2966750549620656,2426120
webis-touche2020,26,selection,24,1689,100,glob_probe,best_in_menu_on_eval,0.0,True,,2426120
webis-touche2020,27,recalibration,24,1810,100,ad_probe,ad_c(full_target_scalar_reference),0.002860791826309106,True,0.2966750549620656,2427120
webis-touche2020,27,selection,24,1810,100,glob_probe,best_in_menu_on_eval,0.0,True,,2427120
webis-touche2020,28,recalibration,24,1734,100,ad_probe,ad_c(full_target_scalar_reference),0.006826923076923064,False,0.6125315337718735,2428120
webis-touche2020,28,selection,24,1734,100,glob_probe,best_in_menu_on_eval,0.0,True,,2428120
webis-touche2020,29,recalibration,24,1773,100,ad_probe,ad_c(full_target_scalar_reference),0.0012500000000000011,True,0.20152236672031876,2429120
webis-touche2020,29,selection,24,1773,100,glob_probe,best_in_menu_on_eval,0.0,True,,2429120
webis-touche2020,30,recalibration,24,1731,100,ad_probe,ad_c(full_target_scalar_reference),0.0025000000000000022,True,0.2274929511370889,2430120
webis-touche2020,30,selection,24,1731,100,glob_probe,best_in_menu_on_eval,0.0,True,,2430120
webis-touche2020,31,recalibration,24,1777,100,ad_probe,ad_c(full_target_scalar_reference),0.0037500000000000033,True,0.2274929511370889,2431120
webis-touche2020,31,selection,24,1777,100,glob_probe,best_in_menu_on_eval,0.0,True,,2431120
webis-touche2020,32,recalibration,24,1811,100,ad_probe,ad_c(full_target_scalar_reference),0.0012500000000000011,True,0.5444508383761129,2432120
webis-touche2020,32,selection,24,1811,100,glob_probe,best_in_menu_on_eval,0.0,True,,2432120
webis-touche2020,33,recalibration,24,1821,100,ad_probe,ad_c(full_target_scalar_reference),0.0014814814814814448,True,0.20716353316941216,2433120
webis-touche2020,33,selection,24,1821,100,glob_probe,best_in_menu_on_eval,0.0,True,,2433120
webis-touche2020,34,recalibration,24,1777,100,ad_probe,ad_c(full_target_scalar_reference),0.0030769230769230604,True,0.2966750549620656,2434120
webis-touche2020,34,selection,24,1777,100,glob_probe,best_in_menu_on_eval,0.0,True,,2434120
webis-touche2020,35,recalibration,24,1725,100,ad_probe,ad_c(full_target_scalar_reference),0.004558404558404533,True,0.395849004747161,2435120
webis-touche2020,35,selection,24,1725,100,glob_probe,best_in_menu_on_eval,0.0,True,,2435120
webis-touche2020,36,recalibration,24,1689,100,ad_probe,ad_c(full_target_scalar_reference),0.0037500000000000033,True,0.24289210904751712,2436120
webis-touche2020,36,selection,24,1689,100,glob_probe,best_in_menu_on_eval,0.0,True,,2436120
webis-touche2020,37,recalibration,24,1816,100,ad_probe,ad_c(full_target_scalar_reference),0.0071153846153846345,False,0.6083088570022772,2437120
webis-touche2020,37,selection,24,1816,100,glob_probe,best_in_menu_on_eval,0.0,True,,2437120
webis-touche2020,38,recalibration,24,1779,100,ad_probe,ad_c(full_target_scalar_reference),0.0014814814814814725,True,0.2966750549620656,2438120
webis-touche2020,38,selection,24,1779,100,glob_probe,best_in_menu_on_eval,0.0,True,,2438120
webis-touche2020,39,recalibration,24,1835,100,ad_probe,ad_c(full_target_scalar_reference),0.0014814814814814725,True,0.395849004747161,2439120
webis-touche2020,39,selection,24,1835,100,glob_probe,best_in_menu_on_eval,0.0,True,,2439120
webis-touche2020,40,recalibration,24,1713,100,ad_probe,ad_c(full_target_scalar_reference),0.003076923076923088,True,0.01539915791042823,2440120
webis-touche2020,40,selection,24,1713,100,glob_probe,best_in_menu_on_eval,0.0,True,,2440120
webis-touche2020,41,recalibration,24,1833,100,ad_probe,ad_c(full_target_scalar_reference),0.006826923076923064,False,0.20152236672031876,2441120
webis-touche2020,41,selection,24,1833,100,glob_probe,best_in_menu_on_eval,0.0,True,,2441120
webis-touche2020,42,recalibration,24,1776,100,ad_probe,ad_c(full_target_scalar_reference),0.001538461538461544,True,0.5230665976699367,2442120
webis-touche2020,42,selection,24,1776,100,glob_probe,best_in_menu_on_eval,0.0,True,,2442120
webis-touche2020,43,recalibration,24,1730,100,ad_probe,ad_c(full_target_scalar_reference),0.0037500000000000033,True,0.21692152463074788,2443120
webis-touche2020,43,selection,24,1730,100,glob_probe,best_in_menu_on_eval,0.0,True,,2443120
webis-touche2020,44,recalibration,24,1821,100,ad_probe,ad_c(full_target_scalar_reference),0.008365384615384608,False,0.6083088570022772,2444120
webis-touche2020,44,selection,24,1821,100,glob_probe,best_in_menu_on_eval,0.0,True,,2444120
webis-touche2020,45,recalibration,24,1891,100,ad_probe,ad_c(full_target_scalar_reference),0.004558404558404533,True,0.7943367436401978,2445120
webis-touche2020,45,selection,24,1891,100,glob_probe,best_in_menu_on_eval,0.0,True,,2445120
webis-touche2020,46,recalibration,24,1724,100,ad_probe,ad_c(full_target_scalar_reference),0.0012500000000000011,True,0.2274929511370889,2446120
webis-touche2020,46,selection,24,1724,100,glob_probe,best_in_menu_on_eval,0.0,True,,2446120
webis-touche2020,47,recalibration,24,1755,100,ad_probe,ad_c(full_target_scalar_reference),0.0,True,0.2274929511370889,2447120
webis-touche2020,47,selection,24,1755,100,glob_probe,best_in_menu_on_eval,0.0,True,,2447120
webis-touche2020,48,recalibration,24,1837,100,ad_probe,ad_c(full_target_scalar_reference),0.0,True,0.21729479014039388,2448120
webis-touche2020,48,selection,24,1837,100,glob_probe,best_in_menu_on_eval,0.0,True,,2448120
webis-touche2020,49,recalibration,24,1806,100,ad_probe,ad_c(full_target_scalar_reference),0.007635327635327621,False,0.8511847893175215,2449120
webis-touche2020,49,selection,24,1806,100,glob_probe,best_in_menu_on_eval,0.0,True,,2449120
dbpedia-entity,0,recalibration,5,480,5,ad_probe,ad_c(full_target_scalar_reference),0.00708933187290306,False,1.4442778983957876,2000126
dbpedia-entity,0,selection,5,480,5,trunc,best_in_menu_on_eval,0.04157974743371812,False,,2000126
dbpedia-entity,1,recalibration,5,525,5,ad_probe,ad_c(full_target_scalar_reference),0.010929410939786471,False,2.1954025944174322,2001126
dbpedia-entity,1,selection,5,525,5,glob_probe,best_in_menu_on_eval,0.0,True,,2001126
dbpedia-entity,2,recalibration,5,468,5,ad_probe,ad_c(full_target_scalar_reference),0.014027885044777838,False,2.6174897427501813,2002126
dbpedia-entity,2,selection,5,468,5,glob_probe,best_in_menu_on_eval,0.0,True,,2002126
dbpedia-entity,3,recalibration,5,466,5,ad_probe,ad_c(full_target_scalar_reference),0.006821432870826927,False,1.448599071423863,2003126
dbpedia-entity,3,selection,5,466,5,glob_probe,best_in_menu_on_eval,0.0,True,,2003126
dbpedia-entity,4,recalibration,5,426,5,ad_probe,ad_c(full_target_scalar_reference),0.019613380555411092,False,4.867624167331712,2004126
dbpedia-entity,4,selection,5,426,5,glob_probe,best_in_menu_on_eval,0.0,True,,2004126
dbpedia-entity,5,recalibration,5,457,5,ad_probe,ad_c(full_target_scalar_reference),0.020823642234537615,False,5.274753298604725,2005126
dbpedia-entity,5,selection,5,457,5,glob_probe,best_in_menu_on_eval,0.0,True,,2005126
dbpedia-entity,6,recalibration,5,419,5,ad_probe,ad_c(full_target_scalar_reference),0.0065977735896553535,False,1.3345245253460432,2006126
dbpedia-entity,6,selection,5,419,5,glob_probe,best_in_menu_on_eval,0.0,True,,2006126
dbpedia-entity,7,recalibration,5,467,5,ad_probe,ad_c(full_target_scalar_reference),0.05961100139701822,False,21.23602572664231,2007126
dbpedia-entity,7,selection,5,467,5,ad_probe,best_in_menu_on_eval,0.0,True,,2007126
dbpedia-entity,8,recalibration,5,477,5,ad_probe,ad_c(full_target_scalar_reference),0.04261991832080367,False,5.688945874030408,2008126
dbpedia-entity,8,selection,5,477,5,glob_probe,best_in_menu_on_eval,0.0,True,,2008126
dbpedia-entity,9,recalibration,5,439,5,ad_probe,ad_c(full_target_scalar_reference),0.02100509669220771,False,3.1958261960038516,2009126
dbpedia-entity,9,selection,5,439,5,glob_probe,best_in_menu_on_eval,0.0,True,,2009126
dbpedia-entity,10,recalibration,5,424,5,ad_probe,ad_c(full_target_scalar_reference),0.016786761858573862,False,4.127202533147555,2010126
dbpedia-entity,10,selection,5,424,5,glob_probe,best_in_menu_on_eval,0.0,True,,2010126
dbpedia-entity,11,recalibration,5,509,5,ad_probe,ad_c(full_target_scalar_reference),0.03182465680488325,False,4.274336199709425,2011126
dbpedia-entity,11,selection,5,509,5,glob_probe,best_in_menu_on_eval,0.0,True,,2011126
dbpedia-entity,12,recalibration,5,487,5,ad_probe,ad_c(full_target_scalar_reference),0.016403727171741683,False,4.085738137371955,2012126
dbpedia-entity,12,selection,5,487,5,glob_probe,best_in_menu_on_eval,0.0,True,,2012126
dbpedia-entity,13,recalibration,5,501,5,ad_probe,ad_c(full_target_scalar_reference),0.04760998155663043,False,5.968138972351803,2013126
dbpedia-entity,13,selection,5,501,5,glob_probe,best_in_menu_on_eval,0.0,True,,2013126
dbpedia-entity,14,recalibration,5,410,5,ad_probe,ad_c(full_target_scalar_reference),0.023675275485956715,False,6.163196682520315,2014126
dbpedia-entity,14,selection,5,410,5,glob_probe,best_in_menu_on_eval,0.0,True,,2014126
dbpedia-entity,15,recalibration,5,494,5,ad_probe,ad_c(full_target_scalar_reference),0.010929410939786471,False,2.198390535261627,2015126
dbpedia-entity,15,selection,5,494,5,glob_probe,best_in_menu_on_eval,0.0,True,,2015126
dbpedia-entity,16,recalibration,5,483,5,ad_probe,ad_c(full_target_scalar_reference),0.03291158391513235,False,8.466055727066758,2016126
dbpedia-entity,16,selection,5,483,5,glob_probe,best_in_menu_on_eval,0.0,True,,2016126
dbpedia-entity,17,recalibration,5,415,5,ad_probe,ad_c(full_target_scalar_reference),0.015622290415394341,False,2.7853949404260625,2017126
dbpedia-entity,17,selection,5,415,5,glob_probe,best_in_menu_on_eval,0.0,True,,2017126
dbpedia-entity,18,recalibration,5,413,5,ad_probe,ad_c(full_target_scalar_reference),0.0048957046128243475,True,1.2440735479302205,2018126
dbpedia-entity,18,selection,5,413,5,glob_probe,best_in_menu_on_eval,0.0,True,,2018126
dbpedia-entity,19,recalibration,5,485,5,ad_probe,ad_c(full_target_scalar_reference),0.0032164696827924055,True,0.7150464019124554,2019126
dbpedia-entity,19,selection,5,485,5,glob_probe,best_in_menu_on_eval,0.0,True,,2019126
dbpedia-entity,20,recalibration,5,474,5,ad_probe,ad_c(full_target_scalar_reference),0.008363274365001644,False,1.6436952438053076,2020126
dbpedia-entity,20,selection,5,474,5,glob_probe,best_in_menu_on_eval,0.0,True,,2020126
dbpedia-entity,21,recalibration,5,482,5,ad_probe,ad_c(full_target_scalar_reference),0.04156282918519272,False,5.3548130756936985,2021126
dbpedia-entity,21,selection,5,482,5,glob_probe,best_in_menu_on_eval,0.0,True,,2021126
dbpedia-entity,22,recalibration,5,436,5,ad_probe,ad_c(full_target_scalar_reference),0.04425445649649418,False,12.398692883220841,2022126
dbpedia-entity,22,selection,5,436,5,glob_probe,best_in_menu_on_eval,0.0,True,,2022126
dbpedia-entity,23,recalibration,5,448,5,ad_probe,ad_c(full_target_scalar_reference),0.029984320925615954,False,3.9234563116086703,2023126
dbpedia-entity,23,selection,5,448,5,glob_probe,best_in_menu_on_eval,0.0,True,,2023126
dbpedia-entity,24,recalibration,5,513,5,ad_probe,ad_c(full_target_scalar_reference),0.04171352237386061,False,5.3548130756936985,2024126
dbpedia-entity,24,selection,5,513,5,glob_probe,best_in_menu_on_eval,0.0,True,,2024126
dbpedia-entity,25,recalibration,5,475,5,ad_probe,ad_c(full_target_scalar_reference),0.042847098584551074,False,12.072385414629382,2025126
dbpedia-entity,25,selection,5,475,5,ad_probe,best_in_menu_on_eval,0.016035118220908584,False,,2025126
dbpedia-entity,26,recalibration,5,429,5,ad_probe,ad_c(full_target_scalar_reference),0.0030004441610546884,True,0.9467501459020546,2026126
dbpedia-entity,26,selection,5,429,5,glob_probe,best_in_menu_on_eval,0.0,True,,2026126
dbpedia-entity,27,recalibration,5,458,5,ad_probe,ad_c(full_target_scalar_reference),0.005056486661570547,False,0.8458769010737406,2027126
dbpedia-entity,27,selection,5,458,5,glob_probe,best_in_menu_on_eval,0.0,True,,2027126
dbpedia-entity,28,recalibration,5,472,5,ad_probe,ad_c(full_target_scalar_reference),0.026745183408222295,False,6.915721620686304,2028126
dbpedia-entity,28,selection,5,472,5,glob_probe,best_in_menu_on_eval,0.0,True,,2028126
dbpedia-entity,29,recalibration,5,464,5,ad_probe,ad_c(full_target_scalar_reference),0.009878462600888871,False,2.2278426692803137,2029126
dbpedia-entity,29,selection,5,464,5,glob_probe,best_in_menu_on_eval,0.0,True,,2029126
dbpedia-entity,30,recalibration,5,484,5,ad_probe,ad_c(full_target_scalar_reference),0.0141493500945154,False,2.6174897427501813,2030126
dbpedia-entity,30,selection,5,484,5,glob_probe,best_in_menu_on_eval,0.0,True,,2030126
dbpedia-entity,31,recalibration,5,481,5,ad_probe,ad_c(full_target_scalar_reference),0.041344974926028094,False,10.897946498438115,2031126
dbpedia-entity,31,selection,5,481,5,trunc,best_in_menu_on_eval,0.04135287304228674,False,,2031126
dbpedia-entity,32,recalibration,5,446,5,ad_probe,ad_c(full_target_scalar_reference),0.007713573399361906,False,1.5903733460662872,2032126
dbpedia-entity,32,selection,5,446,5,glob_probe,best_in_menu_on_eval,0.0,True,,2032126
dbpedia-entity,33,recalibration,5,445,5,ad_probe,ad_c(full_target_scalar_reference),0.004846210075783897,True,1.2761688206819084,2033126
dbpedia-entity,33,selection,5,445,5,glob_probe,best_in_menu_on_eval,0.0,True,,2033126
dbpedia-entity,34,recalibration,5,474,5,ad_probe,ad_c(full_target_scalar_reference),6.672489423620309e-05,True,0.041536708694348334,2034126
dbpedia-entity,34,selection,5,474,5,glob_probe,best_in_menu_on_eval,0.0,True,,2034126
dbpedia-entity,35,recalibration,5,445,5,ad_probe,ad_c(full_target_scalar_reference),0.017038393677932695,False,4.314760881574513,2035126
dbpedia-entity,35,selection,5,445,5,glob_probe,best_in_menu_on_eval,0.0,True,,2035126
dbpedia-entity,36,recalibration,5,484,5,ad_probe,ad_c(full_target_scalar_reference),0.005877652568637315,False,1.141080620074951,2036126
dbpedia-entity,36,selection,5,484,5,trunc,best_in_menu_on_eval,0.040988050628413764,False,,2036126
dbpedia-entity,37,recalibration,5,466,5,ad_probe,ad_c(full_target_scalar_reference),0.023426624222504633,False,6.177947308973046,2037126
dbpedia-entity,37,selection,5,466,5,glob_probe,best_in_menu_on_eval,0.0,True,,2037126
dbpedia-entity,38,recalibration,5,509,5,ad_probe,ad_c(full_target_scalar_reference),0.0031203939232718747,True,1.0679552826672971,2038126
dbpedia-entity,38,selection,5,509,5,glob_probe,best_in_menu_on_eval,0.0,True,,2038126
dbpedia-entity,39,recalibration,5,469,5,ad_probe,ad_c(full_target_scalar_reference),0.006726143294404935,False,1.3703608875178865,2039126
dbpedia-entity,39,selection,5,469,5,glob_probe,best_in_menu_on_eval,0.0,True,,2039126
dbpedia-entity,40,recalibration,5,448,5,ad_probe,ad_c(full_target_scalar_reference),0.03405093424832947,False,9.031476502921757,2040126
dbpedia-entity,40,selection,5,448,5,trunc,best_in_menu_on_eval,0.0408802631392971,False,,2040126
dbpedia-entity,41,recalibration,5,441,5,ad_probe,ad_c(full_target_scalar_reference),0.03247910334195023,False,4.41661688299411,2041126
dbpedia-entity,41,selection,5,441,5,glob_probe,best_in_menu_on_eval,0.0,True,,2041126
dbpedia-entity,42,recalibration,5,408,5,ad_probe,ad_c(full_target_scalar_reference),0.03122384568275502,False,4.077858070930234,2042126
dbpedia-entity,42,selection,5,408,5,glob_probe,best_in_menu_on_eval,0.0,True,,2042126
dbpedia-entity,43,recalibration,5,477,5,ad_probe,ad_c(full_target_scalar_reference),0.012527489195094166,False,2.8023126586593623,2043126
dbpedia-entity,43,selection,5,477,5,glob_probe,best_in_menu_on_eval,0.0,True,,2043126
dbpedia-entity,44,recalibration,5,435,5,ad_probe,ad_c(full_target_scalar_reference),0.04324311008838522,False,12.04553957238179,2044126
dbpedia-entity,44,selection,5,435,5,glob_probe,best_in_menu_on_eval,0.0,True,,2044126
dbpedia-entity,45,recalibration,5,449,5,ad_probe,ad_c(full_target_scalar_reference),0.013963205278054863,False,2.5520147861897824,2045126
dbpedia-entity,45,selection,5,449,5,glob_probe,best_in_menu_on_eval,0.0,True,,2045126
dbpedia-entity,46,recalibration,5,407,5,ad_probe,ad_c(full_target_scalar_reference),0.015100513923741649,False,3.7054558341099355,2046126
dbpedia-entity,46,selection,5,407,5,glob_probe,best_in_menu_on_eval,0.0,True,,2046126
dbpedia-entity,47,recalibration,5,475,5,ad_probe,ad_c(full_target_scalar_reference),0.006726143294404935,False,1.3563497481393583,2047126
dbpedia-entity,47,selection,5,475,5,trunc,best_in_menu_on_eval,0.041633576867294464,False,,2047126
dbpedia-entity,48,recalibration,5,445,5,ad_probe,ad_c(full_target_scalar_reference),0.005577667988405449,False,1.127654623150514,2048126
dbpedia-entity,48,selection,5,445,5,glob_probe,best_in_menu_on_eval,0.0,True,,2048126
dbpedia-entity,49,recalibration,5,474,5,ad_probe,ad_c(full_target_scalar_reference),0.04207818097752655,False,5.4046262875447315,2049126
dbpedia-entity,49,selection,5,474,5,glob_probe,best_in_menu_on_eval,0.0,True,,2049126
dbpedia-entity,0,recalibration,10,908,10,ad_probe,ad_c(full_target_scalar_reference),0.030606256180459257,False,7.635530717570317,457
dbpedia-entity,0,selection,10,908,10,glob_probe,best_in_menu_on_eval,0.0,True,,457
dbpedia-entity,1,recalibration,10,921,10,ad_probe,ad_c(full_target_scalar_reference),0.022281621563114168,False,5.700011005450602,1457
dbpedia-entity,1,selection,10,921,10,glob_probe,best_in_menu_on_eval,0.0,True,,1457
dbpedia-entity,2,recalibration,10,939,10,ad_probe,ad_c(full_target_scalar_reference),0.0008591923282011971,True,0.33675484660905397,2457
dbpedia-entity,2,selection,10,939,10,glob_probe,best_in_menu_on_eval,0.0,True,,2457
dbpedia-entity,3,recalibration,10,915,10,ad_probe,ad_c(full_target_scalar_reference),0.004823220690559876,True,1.2719420315868604,3457
dbpedia-entity,3,selection,10,915,10,glob_probe,best_in_menu_on_eval,0.0,True,,3457
dbpedia-entity,4,recalibration,10,936,10,ad_probe,ad_c(full_target_scalar_reference),0.012169128849992134,False,2.2962592625888307,4457
dbpedia-entity,4,selection,10,936,10,glob_probe,best_in_menu_on_eval,0.0,True,,4457
dbpedia-entity,5,recalibration,10,941,10,ad_probe,ad_c(full_target_scalar_reference),0.03338676612629854,False,4.621620231229612,5457
dbpedia-entity,5,selection,10,941,10,glob_probe,best_in_menu_on_eval,0.0,True,,5457
dbpedia-entity,6,recalibration,10,943,10,ad_probe,ad_c(full_target_scalar_reference),0.004828719740723936,True,1.284077297438694,6457
dbpedia-entity,6,selection,10,943,10,glob_probe,best_in_menu_on_eval,0.0,True,,6457
dbpedia-entity,7,recalibration,10,928,10,ad_probe,ad_c(full_target_scalar_reference),0.02215920660387241,False,5.79278053223671,7457
dbpedia-entity,7,selection,10,928,10,glob_probe,best_in_menu_on_eval,0.0,True,,7457
dbpedia-entity,8,recalibration,10,912,10,ad_probe,ad_c(full_target_scalar_reference),0.00456399273902422,True,1.220932764468147,8457
dbpedia-entity,8,selection,10,912,10,glob_probe,best_in_menu_on_eval,0.0,True,,8457
dbpedia-entity,9,recalibration,10,847,10,ad_probe,ad_c(full_target_scalar_reference),0.03931816157756074,False,10.167154633550053,9457
dbpedia-entity,9,selection,10,847,10,glob_probe,best_in_menu_on_eval,0.0,True,,9457
dbpedia-entity,10,recalibration,10,1005,10,ad_probe,ad_c(full_target_scalar_reference),0.021103866569569696,False,5.702082840213693,10457
dbpedia-entity,10,selection,10,1005,10,glob_probe,best_in_menu_on_eval,0.0,True,,10457
dbpedia-entity,11,recalibration,10,933,10,ad_probe,ad_c(full_target_scalar_reference),0.004474003001048277,True,1.152154333405198,11457
dbpedia-entity,11,selection,10,933,10,glob_probe,best_in_menu_on_eval,0.0,True,,11457
dbpedia-entity,12,recalibration,10,912,10,ad_probe,ad_c(full_target_scalar_reference),0.009903380267802492,False,1.961187836853835,12457
dbpedia-entity,12,selection,10,912,10,glob_probe,best_in_menu_on_eval,0.0,True,,12457
dbpedia-entity,13,recalibration,10,952,10,ad_probe,ad_c(full_target_scalar_reference),0.010673770113921094,False,2.4079771310653353,13457
dbpedia-entity,13,selection,10,952,10,glob_probe,best_in_menu_on_eval,0.0,True,,13457
dbpedia-entity,14,recalibration,10,874,10,ad_probe,ad_c(full_target_scalar_reference),0.000409563473810437,True,0.19443725051409544,14457
dbpedia-entity,14,selection,10,874,10,glob_probe,best_in_menu_on_eval,0.0,True,,14457
dbpedia-entity,15,recalibration,10,920,10,ad_probe,ad_c(full_target_scalar_reference),0.021012564977489323,False,5.450264629636864,15457
dbpedia-entity,15,selection,10,920,10,glob_probe,best_in_menu_on_eval,0.0,True,,15457
dbpedia-entity,16,recalibration,10,967,10,ad_probe,ad_c(full_target_scalar_reference),0.04467717255196482,False,5.793378036906318,16457
dbpedia-entity,16,selection,10,967,10,glob_probe,best_in_menu_on_eval,0.0,True,,16457
dbpedia-entity,17,recalibration,10,886,10,ad_probe,ad_c(full_target_scalar_reference),0.03814908139644327,False,5.0195197852419025,17457
dbpedia-entity,17,selection,10,886,10,glob_probe,best_in_menu_on_eval,0.0,True,,17457
dbpedia-entity,18,recalibration,10,967,10,ad_probe,ad_c(full_target_scalar_reference),0.0028405984504776827,True,0.9741071378296446,18457
dbpedia-entity,18,selection,10,967,10,glob_probe,best_in_menu_on_eval,0.0,True,,18457
dbpedia-entity,19,recalibration,10,892,10,ad_probe,ad_c(full_target_scalar_reference),0.0032916055596263483,True,1.1188657106697466,19457
dbpedia-entity,19,selection,10,892,10,glob_probe,best_in_menu_on_eval,0.0,True,,19457
dbpedia-entity,20,recalibration,10,942,10,ad_probe,ad_c(full_target_scalar_reference),0.014293817614592252,False,3.157555349178944,20457
dbpedia-entity,20,selection,10,942,10,glob_probe,best_in_menu_on_eval,0.0,True,,20457
dbpedia-entity,21,recalibration,10,907,10,ad_probe,ad_c(full_target_scalar_reference),0.056901123179549484,False,18.298140609063495,21457
dbpedia-entity,21,selection,10,907,10,glob_probe,best_in_menu_on_eval,0.0,True,,21457
dbpedia-entity,22,recalibration,10,940,10,ad_probe,ad_c(full_target_scalar_reference),0.009385837927059604,False,2.1225485909213955,22457
dbpedia-entity,22,selection,10,940,10,glob_probe,best_in_menu_on_eval,0.0,True,,22457
dbpedia-entity,23,recalibration,10,947,10,ad_probe,ad_c(full_target_scalar_reference),0.009949167813590037,False,1.9471983674439155,23457
dbpedia-entity,23,selection,10,947,10,trunc,best_in_menu_on_eval,0.04216410317004787,False,,23457
dbpedia-entity,24,recalibration,10,900,10,ad_probe,ad_c(full_target_scalar_reference),0.014027188228721121,False,2.705481986282024,24457
dbpedia-entity,24,selection,10,900,10,glob_probe,best_in_menu_on_eval,0.0,True,,24457
dbpedia-entity,25,recalibration,10,847,10,ad_probe,ad_c(full_target_scalar_reference),0.0028390113439137055,True,0.8457124021901361,25457
dbpedia-entity,25,selection,10,847,10,glob_probe,best_in_menu_on_eval,0.0,True,,25457
dbpedia-entity,26,recalibration,10,896,10,ad_probe,ad_c(full_target_scalar_reference),0.011961644996783316,False,2.6664200532251154,26457
dbpedia-entity,26,selection,10,896,10,glob_probe,best_in_menu_on_eval,0.0,True,,26457
dbpedia-entity,27,recalibration,10,947,10,ad_probe,ad_c(full_target_scalar_reference),0.0028498869967804874,True,0.6511570642517679,27457
dbpedia-entity,27,selection,10,947,10,glob_probe,best_in_menu_on_eval,0.0,True,,27457
dbpedia-entity,28,recalibration,10,937,10,ad_probe,ad_c(full_target_scalar_reference),0.030788239092425895,False,7.795840622729932,28457
dbpedia-entity,28,selection,10,937,10,glob_probe,best_in_menu_on_eval,0.0,True,,28457
dbpedia-entity,29,recalibration,10,1022,10,ad_probe,ad_c(full_target_scalar_reference),0.015217659557474672,False,3.6726656686512857,29457
dbpedia-entity,29,selection,10,1022,10,trunc,best_in_menu_on_eval,0.04188129774018362,False,,29457
dbpedia-entity,30,recalibration,10,907,10,ad_probe,ad_c(full_target_scalar_reference),0.033370231136664374,False,8.81270082392305,30457
dbpedia-entity,30,selection,10,907,10,ad_probe,best_in_menu_on_eval,0.025762642387402557,False,,30457
dbpedia-entity,31,recalibration,10,963,10,ad_probe,ad_c(full_target_scalar_reference),0.03070284563056755,False,3.9451911684972956,31457
dbpedia-entity,31,selection,10,963,10,trunc,best_in_menu_on_eval,0.04248461599056064,False,,31457
dbpedia-entity,32,recalibration,10,941,10,ad_probe,ad_c(full_target_scalar_reference),0.023647023600555622,False,3.4208982322457624,32457
dbpedia-entity,32,selection,10,941,10,glob_probe,best_in_menu_on_eval,0.0,True,,32457
dbpedia-entity,33,recalibration,10,878,10,ad_probe,ad_c(full_target_scalar_reference),0.012422298487739375,False,2.8352730193594855,33457
dbpedia-entity,33,selection,10,878,10,glob_probe,best_in_menu_on_eval,0.0,True,,33457
dbpedia-entity,34,recalibration,10,949,10,ad_probe,ad_c(full_target_scalar_reference),0.01661193278227624,False,2.8412894415061167,34457
dbpedia-entity,34,selection,10,949,10,glob_probe,best_in_menu_on_eval,0.0,True,,34457
dbpedia-entity,35,recalibration,10,922,10,ad_probe,ad_c(full_target_scalar_reference),0.0014638457815099315,True,0.4511853028692716,35457
dbpedia-entity,35,selection,10,922,10,glob_probe,best_in_menu_on_eval,0.0,True,,35457
dbpedia-entity,36,recalibration,10,974,10,ad_probe,ad_c(full_target_scalar_reference),0.035991355347082615,False,4.904932583655402,36457
dbpedia-entity,36,selection,10,974,10,glob_probe,best_in_menu_on_eval,0.0,True,,36457
dbpedia-entity,37,recalibration,10,932,10,ad_probe,ad_c(full_target_scalar_reference),0.002581668778032231,True,0.7840871739047603,37457
dbpedia-entity,37,selection,10,932,10,trunc,best_in_menu_on_eval,0.041916885917016644,False,,37457
dbpedia-entity,38,recalibration,10,878,10,ad_probe,ad_c(full_target_scalar_reference),0.03186622880962833,False,7.951914139336564,38457
dbpedia-entity,38,selection,10,878,10,glob_probe,best_in_menu_on_eval,0.0,True,,38457
dbpedia-entity,39,recalibration,10,898,10,ad_probe,ad_c(full_target_scalar_reference),0.005941884607989917,False,1.1791695156969535,39457
dbpedia-entity,39,selection,10,898,10,glob_probe,best_in_menu_on_eval,0.0,True,,39457
dbpedia-entity,40,recalibration,10,841,10,ad_probe,ad_c(full_target_scalar_reference),0.009663954871843211,False,2.13803839234018,40457
dbpedia-entity,40,selection,10,841,10,glob_probe,best_in_menu_on_eval,0.0,True,,40457
dbpedia-entity,41,recalibration,10,936,10,ad_probe,ad_c(full_target_scalar_reference),0.023863951220020885,False,6.397742938955808,41457
dbpedia-entity,41,selection,10,936,10,glob_probe,best_in_menu_on_eval,0.0,True,,41457
dbpedia-entity,42,recalibration,10,923,10,ad_probe,ad_c(full_target_scalar_reference),0.004682208359152312,True,0.8856991265232921,42457
dbpedia-entity,42,selection,10,923,10,glob_probe,best_in_menu_on_eval,0.0,True,,42457
dbpedia-entity,43,recalibration,10,961,10,ad_probe,ad_c(full_target_scalar_reference),0.005825900413293755,False,1.1361221617385837,43457
dbpedia-entity,43,selection,10,961,10,glob_probe,best_in_menu_on_eval,0.0,True,,43457
dbpedia-entity,44,recalibration,10,899,10,ad_probe,ad_c(full_target_scalar_reference),0.007223467323174082,False,1.4746911782558252,44457
dbpedia-entity,44,selection,10,899,10,glob_probe,best_in_menu_on_eval,0.0,True,,44457
dbpedia-entity,45,recalibration,10,881,10,ad_probe,ad_c(full_target_scalar_reference),0.015093842484519476,False,2.7437008926535107,45457
dbpedia-entity,45,selection,10,881,10,trunc,best_in_menu_on_eval,0.04203246908873548,False,,45457
dbpedia-entity,46,recalibration,10,949,10,ad_probe,ad_c(full_target_scalar_reference),0.015137651330407592,False,3.6472514205674873,46457
dbpedia-entity,46,selection,10,949,10,glob_probe,best_in_menu_on_eval,0.0,True,,46457
dbpedia-entity,47,recalibration,10,946,10,ad_probe,ad_c(full_target_scalar_reference),0.029650333794760314,False,7.402339161729346,47457
dbpedia-entity,47,selection,10,946,10,glob_probe,best_in_menu_on_eval,0.0,True,,47457
dbpedia-entity,48,recalibration,10,961,10,ad_probe,ad_c(full_target_scalar_reference),0.011958506139369496,False,2.319251356760563,48457
dbpedia-entity,48,selection,10,961,10,glob_probe,best_in_menu_on_eval,0.0,True,,48457
dbpedia-entity,49,recalibration,10,959,10,ad_probe,ad_c(full_target_scalar_reference),0.012335177152242693,False,2.3478296407930435,49457
dbpedia-entity,49,selection,10,959,10,glob_probe,best_in_menu_on_eval,0.0,True,,49457
dbpedia-entity,0,recalibration,20,1852,20,ad_probe,ad_c(full_target_scalar_reference),0.013174124801234727,False,2.506512350904857,2200321
dbpedia-entity,0,selection,20,1852,20,glob_probe,best_in_menu_on_eval,0.0,True,,2200321
dbpedia-entity,1,recalibration,20,1845,20,ad_probe,ad_c(full_target_scalar_reference),0.005060044420533871,False,1.2861289887891143,2201321
dbpedia-entity,1,selection,20,1845,20,glob_probe,best_in_menu_on_eval,0.0,True,,2201321
dbpedia-entity,2,recalibration,20,1783,20,ad_probe,ad_c(full_target_scalar_reference),0.019087453384203312,False,3.3447714295903603,2202321
dbpedia-entity,2,selection,20,1783,20,glob_probe,best_in_menu_on_eval,0.0,True,,2202321
dbpedia-entity,3,recalibration,20,1727,20,ad_probe,ad_c(full_target_scalar_reference),0.01461985694057813,False,2.6950448561155955,2203321
dbpedia-entity,3,selection,20,1727,20,glob_probe,best_in_menu_on_eval,0.0,True,,2203321
dbpedia-entity,4,recalibration,20,1840,20,ad_probe,ad_c(full_target_scalar_reference),0.0032574931532567686,True,1.1238951083842483,2204321
dbpedia-entity,4,selection,20,1840,20,glob_probe,best_in_menu_on_eval,0.0,True,,2204321
dbpedia-entity,5,recalibration,20,1875,20,ad_probe,ad_c(full_target_scalar_reference),0.01027164814409931,False,1.9112650047977002,2205321
dbpedia-entity,5,selection,20,1875,20,glob_probe,best_in_menu_on_eval,0.0,True,,2205321
dbpedia-entity,6,recalibration,20,1799,20,ad_probe,ad_c(full_target_scalar_reference),0.0071976384004800165,False,1.6317319099303482,2206321
dbpedia-entity,6,selection,20,1799,20,glob_probe,best_in_menu_on_eval,0.0,True,,2206321
dbpedia-entity,7,recalibration,20,1783,20,ad_probe,ad_c(full_target_scalar_reference),0.005114810581036966,False,0.9482887440254277,2207321
dbpedia-entity,7,selection,20,1783,20,glob_probe,best_in_menu_on_eval,0.0,True,,2207321
dbpedia-entity,8,recalibration,20,1854,20,ad_probe,ad_c(full_target_scalar_reference),0.030217884512499044,False,7.824208039824805,2208321
dbpedia-entity,8,selection,20,1854,20,glob_probe,best_in_menu_on_eval,0.0,True,,2208321
dbpedia-entity,9,recalibration,20,1837,20,ad_probe,ad_c(full_target_scalar_reference),0.016639282930846377,False,4.058397696566594,2209321
dbpedia-entity,9,selection,20,1837,20,glob_probe,best_in_menu_on_eval,0.0,True,,2209321
dbpedia-entity,10,recalibration,20,1734,20,ad_probe,ad_c(full_target_scalar_reference),0.000795577481121329,True,0.23755910529546576,2210321
dbpedia-entity,10,selection,20,1734,20,glob_probe,best_in_menu_on_eval,0.0,True,,2210321
dbpedia-entity,11,recalibration,20,1928,20,ad_probe,ad_c(full_target_scalar_reference),0.014830191364083423,False,3.7554215249962706,2211321
dbpedia-entity,11,selection,20,1928,20,glob_probe,best_in_menu_on_eval,0.0,True,,2211321
dbpedia-entity,12,recalibration,20,1771,20,ad_probe,ad_c(full_target_scalar_reference),0.0021762102672278905,True,0.6219537185611248,2212321
dbpedia-entity,12,selection,20,1771,20,glob_probe,best_in_menu_on_eval,0.0,True,,2212321
dbpedia-entity,13,recalibration,20,1795,20,ad_probe,ad_c(full_target_scalar_reference),0.0017875910598157407,True,0.4021700961896961,2213321
dbpedia-entity,13,selection,20,1795,20,glob_probe,best_in_menu_on_eval,0.0,True,,2213321
dbpedia-entity,14,recalibration,20,1845,20,ad_probe,ad_c(full_target_scalar_reference),0.01533023796679242,False,3.4440253980156594,2214321
dbpedia-entity,14,selection,20,1845,20,glob_probe,best_in_menu_on_eval,0.0,True,,2214321
dbpedia-entity,15,recalibration,20,1855,20,ad_probe,ad_c(full_target_scalar_reference),0.005724686920236616,False,0.9934787605743463,2215321
dbpedia-entity,15,selection,20,1855,20,glob_probe,best_in_menu_on_eval,0.0,True,,2215321
dbpedia-entity,16,recalibration,20,1814,20,ad_probe,ad_c(full_target_scalar_reference),0.01277851488624801,False,3.007007024804828,2216321
dbpedia-entity,16,selection,20,1814,20,glob_probe,best_in_menu_on_eval,0.0,True,,2216321
dbpedia-entity,17,recalibration,20,1857,20,ad_probe,ad_c(full_target_scalar_reference),0.006321060468599399,False,1.5907926307294336,2217321
dbpedia-entity,17,selection,20,1857,20,glob_probe,best_in_menu_on_eval,0.0,True,,2217321
dbpedia-entity,18,recalibration,20,1881,20,ad_probe,ad_c(full_target_scalar_reference),0.012934605821084438,False,2.8163591636324057,2218321
dbpedia-entity,18,selection,20,1881,20,glob_probe,best_in_menu_on_eval,0.0,True,,2218321
dbpedia-entity,19,recalibration,20,1886,20,ad_probe,ad_c(full_target_scalar_reference),0.031724817608527744,False,4.198218171765264,2219321
dbpedia-entity,19,selection,20,1886,20,glob_probe,best_in_menu_on_eval,0.0,True,,2219321
dbpedia-entity,20,recalibration,20,1791,20,ad_probe,ad_c(full_target_scalar_reference),0.009963903292830117,False,2.303771737567681,2220321
dbpedia-entity,20,selection,20,1791,20,glob_probe,best_in_menu_on_eval,0.0,True,,2220321
dbpedia-entity,21,recalibration,20,1842,20,ad_probe,ad_c(full_target_scalar_reference),0.016842549833165466,False,2.8551378675634425,2221321
dbpedia-entity,21,selection,20,1842,20,glob_probe,best_in_menu_on_eval,0.0,True,,2221321
dbpedia-entity,22,recalibration,20,1785,20,ad_probe,ad_c(full_target_scalar_reference),0.0010047691787998525,True,0.3399637062709022,2222321
dbpedia-entity,22,selection,20,1785,20,glob_probe,best_in_menu_on_eval,0.0,True,,2222321
dbpedia-entity,23,recalibration,20,1820,20,ad_probe,ad_c(full_target_scalar_reference),0.014132399230434328,False,3.2640359709486635,2223321
dbpedia-entity,23,selection,20,1820,20,glob_probe,best_in_menu_on_eval,0.0,True,,2223321
dbpedia-entity,24,recalibration,20,1835,20,ad_probe,ad_c(full_target_scalar_reference),0.0018914125456096775,True,0.5511434611038517,2224321
dbpedia-entity,24,selection,20,1835,20,glob_probe,best_in_menu_on_eval,0.0,True,,2224321
dbpedia-entity,25,recalibration,20,1796,20,ad_probe,ad_c(full_target_scalar_reference),0.019317324848696804,False,4.826472481337735,2225321
dbpedia-entity,25,selection,20,1796,20,glob_probe,best_in_menu_on_eval,0.0,True,,2225321
dbpedia-entity,26,recalibration,20,1690,20,ad_probe,ad_c(full_target_scalar_reference),0.027646947826235613,False,7.029775619774833,2226321
dbpedia-entity,26,selection,20,1690,20,glob_probe,best_in_menu_on_eval,0.0,True,,2226321
dbpedia-entity,27,recalibration,20,1767,20,ad_probe,ad_c(full_target_scalar_reference),0.029631818542919436,False,3.843362322979626,2227321
dbpedia-entity,27,selection,20,1767,20,glob_probe,best_in_menu_on_eval,0.0,True,,2227321
dbpedia-entity,28,recalibration,20,1875,20,ad_probe,ad_c(full_target_scalar_reference),0.005831718278510589,False,1.1577986605884814,2228321
dbpedia-entity,28,selection,20,1875,20,glob_probe,best_in_menu_on_eval,0.0,True,,2228321
dbpedia-entity,29,recalibration,20,1835,20,ad_probe,ad_c(full_target_scalar_reference),0.017687960270293568,False,4.36221102715216,2229321
dbpedia-entity,29,selection,20,1835,20,glob_probe,best_in_menu_on_eval,0.0,True,,2229321
dbpedia-entity,30,recalibration,20,1781,20,ad_probe,ad_c(full_target_scalar_reference),0.01643409084352948,False,2.908039069778937,2230321
dbpedia-entity,30,selection,20,1781,20,glob_probe,best_in_menu_on_eval,0.0,True,,2230321
dbpedia-entity,31,recalibration,20,1895,20,ad_probe,ad_c(full_target_scalar_reference),0.002066277813354195,True,0.5229219193605079,2231321
dbpedia-entity,31,selection,20,1895,20,glob_probe,best_in_menu_on_eval,0.0,True,,2231321
dbpedia-entity,32,recalibration,20,1910,20,ad_probe,ad_c(full_target_scalar_reference),0.02058147561532489,False,3.0376606280935334,2232321
dbpedia-entity,32,selection,20,1910,20,trunc,best_in_menu_on_eval,0.043680075921948114,False,,2232321
dbpedia-entity,33,recalibration,20,1925,20,ad_probe,ad_c(full_target_scalar_reference),0.0010047691787998803,True,0.33625797475072794,2233321
dbpedia-entity,33,selection,20,1925,20,glob_probe,best_in_menu_on_eval,0.0,True,,2233321
dbpedia-entity,34,recalibration,20,1838,20,ad_probe,ad_c(full_target_scalar_reference),0.002954409062148916,True,0.9951107394388572,2234321
dbpedia-entity,34,selection,20,1838,20,glob_probe,best_in_menu_on_eval,0.0,True,,2234321
dbpedia-entity,35,recalibration,20,1859,20,ad_probe,ad_c(full_target_scalar_reference),0.007271032750339218,False,1.5899496570097664,2235321
dbpedia-entity,35,selection,20,1859,20,glob_probe,best_in_menu_on_eval,0.0,True,,2235321
dbpedia-entity,36,recalibration,20,1886,20,ad_probe,ad_c(full_target_scalar_reference),0.016912090982888872,False,4.220981707361034,2236321
dbpedia-entity,36,selection,20,1886,20,glob_probe,best_in_menu_on_eval,0.0,True,,2236321
dbpedia-entity,37,recalibration,20,1865,20,ad_probe,ad_c(full_target_scalar_reference),0.002021411505617965,True,0.6412517813307996,2237321
dbpedia-entity,37,selection,20,1865,20,glob_probe,best_in_menu_on_eval,0.0,True,,2237321
dbpedia-entity,38,recalibration,20,1901,20,ad_probe,ad_c(full_target_scalar_reference),0.0025194876342356787,True,0.4633623351260052,2238321
dbpedia-entity,38,selection,20,1901,20,glob_probe,best_in_menu_on_eval,0.0,True,,2238321
dbpedia-entity,39,recalibration,20,1848,20,ad_probe,ad_c(full_target_scalar_reference),0.005660932118608242,False,1.3909692193598193,2239321
dbpedia-entity,39,selection,20,1848,20,glob_probe,best_in_menu_on_eval,0.0,True,,2239321
dbpedia-entity,40,recalibration,20,1756,20,ad_probe,ad_c(full_target_scalar_reference),0.004478050987037574,True,0.8611185390199818,2240321
dbpedia-entity,40,selection,20,1756,20,glob_probe,best_in_menu_on_eval,0.0,True,,2240321
dbpedia-entity,41,recalibration,20,1834,20,ad_probe,ad_c(full_target_scalar_reference),0.0157576063566644,False,3.8724125128863047,2241321
dbpedia-entity,41,selection,20,1834,20,glob_probe,best_in_menu_on_eval,0.0,True,,2241321
dbpedia-entity,42,recalibration,20,1805,20,ad_probe,ad_c(full_target_scalar_reference),0.006962348341231384,False,1.406644229256064,2242321
dbpedia-entity,42,selection,20,1805,20,glob_probe,best_in_menu_on_eval,0.0,True,,2242321
dbpedia-entity,43,recalibration,20,1796,20,ad_probe,ad_c(full_target_scalar_reference),0.006470352195842938,False,1.2445559843317824,2243321
dbpedia-entity,43,selection,20,1796,20,glob_probe,best_in_menu_on_eval,0.0,True,,2243321
dbpedia-entity,44,recalibration,20,1810,20,ad_probe,ad_c(full_target_scalar_reference),0.0071362727647578394,False,1.4732769467178581,2244321
dbpedia-entity,44,selection,20,1810,20,glob_probe,best_in_menu_on_eval,0.0,True,,2244321
dbpedia-entity,45,recalibration,20,1895,20,ad_probe,ad_c(full_target_scalar_reference),0.006096474298114246,False,1.1831435509147035,2245321
dbpedia-entity,45,selection,20,1895,20,glob_probe,best_in_menu_on_eval,0.0,True,,2245321
dbpedia-entity,46,recalibration,20,1796,20,ad_probe,ad_c(full_target_scalar_reference),0.0007267768780926387,True,0.1653022160248856,2246321
dbpedia-entity,46,selection,20,1796,20,glob_probe,best_in_menu_on_eval,0.0,True,,2246321
dbpedia-entity,47,recalibration,20,1858,20,ad_probe,ad_c(full_target_scalar_reference),0.004279342595850416,True,0.8117887634266845,2247321
dbpedia-entity,47,selection,20,1858,20,glob_probe,best_in_menu_on_eval,0.0,True,,2247321
dbpedia-entity,48,recalibration,20,1840,20,ad_probe,ad_c(full_target_scalar_reference),0.0019409645301461387,True,0.49269717130113655,2248321
dbpedia-entity,48,selection,20,1840,20,glob_probe,best_in_menu_on_eval,0.0,True,,2248321
dbpedia-entity,49,recalibration,20,1847,20,ad_probe,ad_c(full_target_scalar_reference),0.009462824137704717,False,2.1048377561221976,2249321
dbpedia-entity,49,selection,20,1847,20,glob_probe,best_in_menu_on_eval,0.0,True,,2249321
dbpedia-entity,0,recalibration,50,4640,50,ad_probe,ad_c(full_target_scalar_reference),0.02026717370375533,False,3.058832498716863,2300030
dbpedia-entity,0,selection,50,4640,50,glob_probe,best_in_menu_on_eval,0.0,True,,2300030
dbpedia-entity,1,recalibration,50,4592,50,ad_probe,ad_c(full_target_scalar_reference),0.0005713355552411647,True,0.1485298541673128,2301030
dbpedia-entity,1,selection,50,4592,50,glob_probe,best_in_menu_on_eval,0.0,True,,2301030
dbpedia-entity,2,recalibration,50,4687,50,ad_probe,ad_c(full_target_scalar_reference),0.006819007282179934,False,1.391561798384953,2302030
dbpedia-entity,2,selection,50,4687,50,glob_probe,best_in_menu_on_eval,0.0,True,,2302030
dbpedia-entity,3,recalibration,50,4622,50,ad_probe,ad_c(full_target_scalar_reference),0.003445200600050463,True,0.7097037886037558,2303030
dbpedia-entity,3,selection,50,4622,50,glob_probe,best_in_menu_on_eval,0.0,True,,2303030
dbpedia-entity,4,recalibration,50,4516,50,ad_probe,ad_c(full_target_scalar_reference),0.013174326768080669,False,3.1058909807613357,2304030
dbpedia-entity,4,selection,50,4516,50,glob_probe,best_in_menu_on_eval,0.0,True,,2304030
dbpedia-entity,5,recalibration,50,4432,50,ad_probe,ad_c(full_target_scalar_reference),0.0012669172067051315,True,0.3652370695102025,2305030
dbpedia-entity,5,selection,50,4432,50,glob_probe,best_in_menu_on_eval,0.0,True,,2305030
dbpedia-entity,6,recalibration,50,4599,50,ad_probe,ad_c(full_target_scalar_reference),0.017942099589496302,False,4.208997443938868,2306030
dbpedia-entity,6,selection,50,4599,50,glob_probe,best_in_menu_on_eval,0.0,True,,2306030
dbpedia-entity,7,recalibration,50,4508,50,ad_probe,ad_c(full_target_scalar_reference),0.001120592900345635,True,0.4181347671167206,2307030
dbpedia-entity,7,selection,50,4508,50,glob_probe,best_in_menu_on_eval,0.0,True,,2307030
dbpedia-entity,8,recalibration,50,4619,50,ad_probe,ad_c(full_target_scalar_reference),0.008518384941583829,False,1.7544995694468506,2308030
dbpedia-entity,8,selection,50,4619,50,glob_probe,best_in_menu_on_eval,0.0,True,,2308030
dbpedia-entity,9,recalibration,50,4485,50,ad_probe,ad_c(full_target_scalar_reference),0.004737367872127973,True,1.0432120159923368,2309030
dbpedia-entity,9,selection,50,4485,50,glob_probe,best_in_menu_on_eval,0.0,True,,2309030
dbpedia-entity,10,recalibration,50,4510,50,ad_probe,ad_c(full_target_scalar_reference),0.00032409559568508106,True,0.08662587665201649,2310030
dbpedia-entity,10,selection,50,4510,50,glob_probe,best_in_menu_on_eval,0.0,True,,2310030
dbpedia-entity,11,recalibration,50,4578,50,ad_probe,ad_c(full_target_scalar_reference),0.0007458669062430923,True,0.27951879660406753,2311030
dbpedia-entity,11,selection,50,4578,50,glob_probe,best_in_menu_on_eval,0.0,True,,2311030
dbpedia-entity,12,recalibration,50,4636,50,ad_probe,ad_c(full_target_scalar_reference),0.005470484362069983,False,1.5057512841070366,2312030
dbpedia-entity,12,selection,50,4636,50,glob_probe,best_in_menu_on_eval,0.0,True,,2312030
dbpedia-entity,13,recalibration,50,4570,50,ad_probe,ad_c(full_target_scalar_reference),0.007571308604095911,False,1.4711163602038209,2313030
dbpedia-entity,13,selection,50,4570,50,glob_probe,best_in_menu_on_eval,0.0,True,,2313030
dbpedia-entity,14,recalibration,50,4530,50,ad_probe,ad_c(full_target_scalar_reference),0.011168548805695927,False,2.515077663969839,2314030
dbpedia-entity,14,selection,50,4530,50,glob_probe,best_in_menu_on_eval,0.0,True,,2314030
dbpedia-entity,15,recalibration,50,4555,50,ad_probe,ad_c(full_target_scalar_reference),0.0,True,0.01040724796247261,2315030
dbpedia-entity,15,selection,50,4555,50,glob_probe,best_in_menu_on_eval,0.0,True,,2315030
dbpedia-entity,16,recalibration,50,4607,50,ad_probe,ad_c(full_target_scalar_reference),0.013274870635638147,False,2.757690227293873,2316030
dbpedia-entity,16,selection,50,4607,50,glob_probe,best_in_menu_on_eval,0.0,True,,2316030
dbpedia-entity,17,recalibration,50,4575,50,ad_probe,ad_c(full_target_scalar_reference),0.0110476321883817,False,2.2475213940662826,2317030
dbpedia-entity,17,selection,50,4575,50,glob_probe,best_in_menu_on_eval,0.0,True,,2317030
dbpedia-entity,18,recalibration,50,4543,50,ad_probe,ad_c(full_target_scalar_reference),0.006071007879070556,False,1.5804121199794547,2318030
dbpedia-entity,18,selection,50,4543,50,glob_probe,best_in_menu_on_eval,0.0,True,,2318030
dbpedia-entity,19,recalibration,50,4622,50,ad_probe,ad_c(full_target_scalar_reference),0.007541045666081242,False,1.753586138088858,2319030
dbpedia-entity,19,selection,50,4622,50,glob_probe,best_in_menu_on_eval,0.0,True,,2319030
dbpedia-entity,20,recalibration,50,4653,50,ad_probe,ad_c(full_target_scalar_reference),0.010428211714214541,False,2.184189587413325,2320030
dbpedia-entity,20,selection,50,4653,50,glob_probe,best_in_menu_on_eval,0.0,True,,2320030
dbpedia-entity,21,recalibration,50,4577,50,ad_probe,ad_c(full_target_scalar_reference),0.00268100431089463,True,0.9453286457673382,2321030
dbpedia-entity,21,selection,50,4577,50,glob_probe,best_in_menu_on_eval,0.0,True,,2321030
dbpedia-entity,22,recalibration,50,4704,50,ad_probe,ad_c(full_target_scalar_reference),0.005875846748382568,False,1.4007347495086844,2322030
dbpedia-entity,22,selection,50,4704,50,glob_probe,best_in_menu_on_eval,0.0,True,,2322030
dbpedia-entity,23,recalibration,50,4521,50,ad_probe,ad_c(full_target_scalar_reference),0.0007911157750213338,True,0.1861567531224484,2323030
dbpedia-entity,23,selection,50,4521,50,glob_probe,best_in_menu_on_eval,0.0,True,,2323030
dbpedia-entity,24,recalibration,50,4483,50,ad_probe,ad_c(full_target_scalar_reference),0.001909766689519421,True,0.38933545184662854,2324030
dbpedia-entity,24,selection,50,4483,50,glob_probe,best_in_menu_on_eval,0.0,True,,2324030
dbpedia-entity,25,recalibration,50,4568,50,ad_probe,ad_c(full_target_scalar_reference),0.006051216746847887,False,1.1871084369027365,2325030
dbpedia-entity,25,selection,50,4568,50,glob_probe,best_in_menu_on_eval,0.0,True,,2325030
dbpedia-entity,26,recalibration,50,4677,50,ad_probe,ad_c(full_target_scalar_reference),0.00912064052107009,False,1.6839109211560217,2326030
dbpedia-entity,26,selection,50,4677,50,glob_probe,best_in_menu_on_eval,0.0,True,,2326030
dbpedia-entity,27,recalibration,50,4576,50,ad_probe,ad_c(full_target_scalar_reference),0.011117827597328933,False,2.109171694949948,2327030
dbpedia-entity,27,selection,50,4576,50,glob_probe,best_in_menu_on_eval,0.0,True,,2327030
dbpedia-entity,28,recalibration,50,4522,50,ad_probe,ad_c(full_target_scalar_reference),0.0022433873402130655,True,0.5566665477142383,2328030
dbpedia-entity,28,selection,50,4522,50,glob_probe,best_in_menu_on_eval,0.0,True,,2328030
dbpedia-entity,29,recalibration,50,4445,50,ad_probe,ad_c(full_target_scalar_reference),0.003976617888928974,True,0.9223663340646819,2329030
dbpedia-entity,29,selection,50,4445,50,glob_probe,best_in_menu_on_eval,0.0,True,,2329030
dbpedia-entity,30,recalibration,50,4603,50,ad_probe,ad_c(full_target_scalar_reference),0.007067421892809428,False,1.4803671167920864,2330030
dbpedia-entity,30,selection,50,4603,50,glob_probe,best_in_menu_on_eval,0.0,True,,2330030
dbpedia-entity,31,recalibration,50,4411,50,ad_probe,ad_c(full_target_scalar_reference),0.002201059297885083,True,0.5775981859201753,2331030
dbpedia-entity,31,selection,50,4411,50,glob_probe,best_in_menu_on_eval,0.0,True,,2331030
dbpedia-entity,32,recalibration,50,4338,50,ad_probe,ad_c(full_target_scalar_reference),0.007818550749052966,False,1.702596573112852,2332030
dbpedia-entity,32,selection,50,4338,50,glob_probe,best_in_menu_on_eval,0.0,True,,2332030
dbpedia-entity,33,recalibration,50,4517,50,ad_probe,ad_c(full_target_scalar_reference),0.01300200141100602,False,2.800498308608086,2333030
dbpedia-entity,33,selection,50,4517,50,glob_probe,best_in_menu_on_eval,0.0,True,,2333030
dbpedia-entity,34,recalibration,50,4529,50,ad_probe,ad_c(full_target_scalar_reference),0.0027684022071160497,True,0.8322015423469029,2334030
dbpedia-entity,34,selection,50,4529,50,glob_probe,best_in_menu_on_eval,0.0,True,,2334030
dbpedia-entity,35,recalibration,50,4540,50,ad_probe,ad_c(full_target_scalar_reference),0.0022000370199225516,True,0.6674922049569769,2335030
dbpedia-entity,35,selection,50,4540,50,glob_probe,best_in_menu_on_eval,0.0,True,,2335030
dbpedia-entity,36,recalibration,50,4559,50,ad_probe,ad_c(full_target_scalar_reference),0.0009503499232260404,True,0.27787507424357116,2336030
dbpedia-entity,36,selection,50,4559,50,glob_probe,best_in_menu_on_eval,0.0,True,,2336030
dbpedia-entity,37,recalibration,50,4514,50,ad_probe,ad_c(full_target_scalar_reference),0.0005182983147038744,True,0.20807033638587846,2337030
dbpedia-entity,37,selection,50,4514,50,glob_probe,best_in_menu_on_eval,0.0,True,,2337030
dbpedia-entity,38,recalibration,50,4519,50,ad_probe,ad_c(full_target_scalar_reference),0.00620686801831985,False,1.1018380298245694,2338030
dbpedia-entity,38,selection,50,4519,50,glob_probe,best_in_menu_on_eval,0.0,True,,2338030
dbpedia-entity,39,recalibration,50,4607,50,ad_probe,ad_c(full_target_scalar_reference),0.00547031814589799,False,1.4377284820353697,2339030
dbpedia-entity,39,selection,50,4607,50,glob_probe,best_in_menu_on_eval,0.0,True,,2339030
dbpedia-entity,40,recalibration,50,4723,50,ad_probe,ad_c(full_target_scalar_reference),0.0007911157750213615,True,0.19006656286166113,2340030
dbpedia-entity,40,selection,50,4723,50,glob_probe,best_in_menu_on_eval,0.0,True,,2340030
dbpedia-entity,41,recalibration,50,4407,50,ad_probe,ad_c(full_target_scalar_reference),0.0031681908242959522,True,1.1125203610512777,2341030
dbpedia-entity,41,selection,50,4407,50,glob_probe,best_in_menu_on_eval,0.0,True,,2341030
dbpedia-entity,42,recalibration,50,4582,50,ad_probe,ad_c(full_target_scalar_reference),0.002457459491630676,True,0.9032019672517837,2342030
dbpedia-entity,42,selection,50,4582,50,glob_probe,best_in_menu_on_eval,0.0,True,,2342030
dbpedia-entity,43,recalibration,50,4579,50,ad_probe,ad_c(full_target_scalar_reference),0.0012327907939022331,True,0.5017370501089449,2343030
dbpedia-entity,43,selection,50,4579,50,glob_probe,best_in_menu_on_eval,0.0,True,,2343030
dbpedia-entity,44,recalibration,50,4559,50,ad_probe,ad_c(full_target_scalar_reference),0.0061312652882686,False,1.3548945908435623,2344030
dbpedia-entity,44,selection,50,4559,50,glob_probe,best_in_menu_on_eval,0.0,True,,2344030
dbpedia-entity,45,recalibration,50,4389,50,ad_probe,ad_c(full_target_scalar_reference),0.015082902072295484,False,3.4768905752443526,2345030
dbpedia-entity,45,selection,50,4389,50,glob_probe,best_in_menu_on_eval,0.0,True,,2345030
dbpedia-entity,46,recalibration,50,4727,50,ad_probe,ad_c(full_target_scalar_reference),0.006438958293484787,False,1.2490077553342003,2346030
dbpedia-entity,46,selection,50,4727,50,trunc,best_in_menu_on_eval,0.04688999209413308,False,,2346030
dbpedia-entity,47,recalibration,50,4522,50,ad_probe,ad_c(full_target_scalar_reference),0.00039276412666972016,True,0.0633035218763549,2347030
dbpedia-entity,47,selection,50,4522,50,glob_probe,best_in_menu_on_eval,0.0,True,,2347030
dbpedia-entity,48,recalibration,50,4500,50,ad_probe,ad_c(full_target_scalar_reference),0.0005713355552411092,True,0.10484023057070324,2348030
dbpedia-entity,48,selection,50,4500,50,glob_probe,best_in_menu_on_eval,0.0,True,,2348030
dbpedia-entity,49,recalibration,50,4469,50,ad_probe,ad_c(full_target_scalar_reference),0.006824203498415032,False,1.4447225592241555,2349030
dbpedia-entity,49,selection,50,4469,50,glob_probe,best_in_menu_on_eval,0.0,True,,2349030
dbpedia-entity,0,recalibration,100,9136,100,ad_probe,ad_c(full_target_scalar_reference),0.0024980128600270157,True,0.567583689967563,2400083
dbpedia-entity,0,selection,100,9136,100,glob_probe,best_in_menu_on_eval,0.0,True,,2400083
dbpedia-entity,1,recalibration,100,9113,100,ad_probe,ad_c(full_target_scalar_reference),0.00026700041718810685,True,0.10499795069110895,2401083
dbpedia-entity,1,selection,100,9113,100,glob_probe,best_in_menu_on_eval,0.0,True,,2401083
dbpedia-entity,2,recalibration,100,9071,100,ad_probe,ad_c(full_target_scalar_reference),0.002166332742710997,True,0.4181347671167206,2402083
dbpedia-entity,2,selection,100,9071,100,glob_probe,best_in_menu_on_eval,0.0,True,,2402083
dbpedia-entity,3,recalibration,100,9019,100,ad_probe,ad_c(full_target_scalar_reference),0.004633289815994784,True,0.9675193805395663,2403083
dbpedia-entity,3,selection,100,9019,100,glob_probe,best_in_menu_on_eval,0.0,True,,2403083
dbpedia-entity,4,recalibration,100,9046,100,ad_probe,ad_c(full_target_scalar_reference),0.0028587358561666387,True,0.5460368639944875,2404083
dbpedia-entity,4,selection,100,9046,100,glob_probe,best_in_menu_on_eval,0.0,True,,2404083
dbpedia-entity,5,recalibration,100,9028,100,ad_probe,ad_c(full_target_scalar_reference),0.00505634866043797,False,1.0727608744083152,2405083
dbpedia-entity,5,selection,100,9028,100,glob_probe,best_in_menu_on_eval,0.0,True,,2405083
dbpedia-entity,6,recalibration,100,8887,100,ad_probe,ad_c(full_target_scalar_reference),0.002088184701148049,True,0.47528232529262304,2406083
dbpedia-entity,6,selection,100,8887,100,glob_probe,best_in_menu_on_eval,0.0,True,,2406083
dbpedia-entity,7,recalibration,100,9100,100,ad_probe,ad_c(full_target_scalar_reference),0.0013318722046395115,True,0.5017370501089449,2407083
dbpedia-entity,7,selection,100,9100,100,glob_probe,best_in_menu_on_eval,0.0,True,,2407083
dbpedia-entity,8,recalibration,100,9232,100,ad_probe,ad_c(full_target_scalar_reference),0.0032855086889630736,True,1.0954118469161376,2408083
dbpedia-entity,8,selection,100,9232,100,glob_probe,best_in_menu_on_eval,0.0,True,,2408083
dbpedia-entity,9,recalibration,100,9069,100,ad_probe,ad_c(full_target_scalar_reference),0.0005937111014618357,True,0.36200686144286465,2409083
dbpedia-entity,9,selection,100,9069,100,glob_probe,best_in_menu_on_eval,0.0,True,,2409083
dbpedia-entity,10,recalibration,100,8982,100,ad_probe,ad_c(full_target_scalar_reference),0.0009726673789173801,True,0.23288925987733755,2410083
dbpedia-entity,10,selection,100,8982,100,glob_probe,best_in_menu_on_eval,0.0,True,,2410083
dbpedia-entity,11,recalibration,100,9072,100,ad_probe,ad_c(full_target_scalar_reference),0.0023175462278025027,True,0.7545402662377008,2411083
dbpedia-entity,11,selection,100,9072,100,glob_probe,best_in_menu_on_eval,0.0,True,,2411083
dbpedia-entity,12,recalibration,100,9189,100,ad_probe,ad_c(full_target_scalar_reference),0.00018203309692665925,True,0.09105380781342198,2412083
dbpedia-entity,12,selection,100,9189,100,glob_probe,best_in_menu_on_eval,0.0,True,,2412083
dbpedia-entity,13,recalibration,100,9136,100,ad_probe,ad_c(full_target_scalar_reference),0.007160282291302694,False,1.212692409330681,2413083
dbpedia-entity,13,selection,100,9136,100,glob_probe,best_in_menu_on_eval,0.0,True,,2413083
dbpedia-entity,14,recalibration,100,9118,100,ad_probe,ad_c(full_target_scalar_reference),0.004677752389152079,True,0.988415063836591,2414083
dbpedia-entity,14,selection,100,9118,100,glob_probe,best_in_menu_on_eval,0.0,True,,2414083
dbpedia-entity,15,recalibration,100,9212,100,ad_probe,ad_c(full_target_scalar_reference),0.005944718772413371,False,1.496625555558154,2415083
dbpedia-entity,15,selection,100,9212,100,glob_probe,best_in_menu_on_eval,0.0,True,,2415083
dbpedia-entity,16,recalibration,100,8998,100,ad_probe,ad_c(full_target_scalar_reference),0.007065969735261662,False,1.5948752705841676,2416083
dbpedia-entity,16,selection,100,8998,100,glob_probe,best_in_menu_on_eval,0.0,True,,2416083
dbpedia-entity,17,recalibration,100,9301,100,ad_probe,ad_c(full_target_scalar_reference),0.0015539966669600447,True,0.44109820532143296,2417083
dbpedia-entity,17,selection,100,9301,100,glob_probe,best_in_menu_on_eval,0.0,True,,2417083
dbpedia-entity,18,recalibration,100,9177,100,ad_probe,ad_c(full_target_scalar_reference),0.0004499810168354379,True,0.24504684511693675,2418083
dbpedia-entity,18,selection,100,9177,100,glob_probe,best_in_menu_on_eval,0.0,True,,2418083
dbpedia-entity,19,recalibration,100,9237,100,ad_probe,ad_c(full_target_scalar_reference),0.0006087111755656016,True,0.22809128476504803,2419083
dbpedia-entity,19,selection,100,9237,100,glob_probe,best_in_menu_on_eval,0.0,True,,2419083
dbpedia-entity,20,recalibration,100,8957,100,ad_probe,ad_c(full_target_scalar_reference),0.004976729873271607,True,1.108408241577953,2420083
dbpedia-entity,20,selection,100,8957,100,glob_probe,best_in_menu_on_eval,0.0,True,,2420083
dbpedia-entity,21,recalibration,100,9183,100,ad_probe,ad_c(full_target_scalar_reference),0.0,True,0.01800377352421556,2421083
dbpedia-entity,21,selection,100,9183,100,glob_probe,best_in_menu_on_eval,0.0,True,,2421083
dbpedia-entity,22,recalibration,100,9219,100,ad_probe,ad_c(full_target_scalar_reference),0.012681679149187247,False,2.6196193301529966,2422083
dbpedia-entity,22,selection,100,9219,100,glob_probe,best_in_menu_on_eval,0.0,True,,2422083
dbpedia-entity,23,recalibration,100,9164,100,ad_probe,ad_c(full_target_scalar_reference),0.006898051952063389,False,1.5949416300509434,2423083
dbpedia-entity,23,selection,100,9164,100,glob_probe,best_in_menu_on_eval,0.0,True,,2423083
dbpedia-entity,24,recalibration,100,9032,100,ad_probe,ad_c(full_target_scalar_reference),0.0028325728192178656,True,0.8289799019142148,2424083
dbpedia-entity,24,selection,100,9032,100,glob_probe,best_in_menu_on_eval,0.0,True,,2424083
dbpedia-entity,25,recalibration,100,9113,100,ad_probe,ad_c(full_target_scalar_reference),0.0025393300084870507,True,0.6511570642517679,2425083
dbpedia-entity,25,selection,100,9113,100,glob_probe,best_in_menu_on_eval,0.0,True,,2425083
dbpedia-entity,26,recalibration,100,9006,100,ad_probe,ad_c(full_target_scalar_reference),0.003695907324075237,True,0.7648576479995608,2426083
dbpedia-entity,26,selection,100,9006,100,glob_probe,best_in_menu_on_eval,0.0,True,,2426083
dbpedia-entity,27,recalibration,100,9221,100,ad_probe,ad_c(full_target_scalar_reference),0.0022504341050078314,True,0.658831944438953,2427083
dbpedia-entity,27,selection,100,9221,100,glob_probe,best_in_menu_on_eval,0.0,True,,2427083
dbpedia-entity,28,recalibration,100,9009,100,ad_probe,ad_c(full_target_scalar_reference),0.0009205840455840664,True,0.17851169148060642,2428083
dbpedia-entity,28,selection,100,9009,100,glob_probe,best_in_menu_on_eval,0.0,True,,2428083
dbpedia-entity,29,recalibration,100,9127,100,ad_probe,ad_c(full_target_scalar_reference),0.0027316773436915354,True,0.5424056743393084,2429083
dbpedia-entity,29,selection,100,9127,100,glob_probe,best_in_menu_on_eval,0.0,True,,2429083
dbpedia-entity,30,recalibration,100,9006,100,ad_probe,ad_c(full_target_scalar_reference),0.002614690450119861,True,0.9453286457673382,2430083
dbpedia-entity,30,selection,100,9006,100,glob_probe,best_in_menu_on_eval,0.0,True,,2430083
dbpedia-entity,31,recalibration,100,9333,100,ad_probe,ad_c(full_target_scalar_reference),0.0056142098321153855,False,0.9781125869931735,2431083
dbpedia-entity,31,selection,100,9333,100,glob_probe,best_in_menu_on_eval,0.0,True,,2431083
dbpedia-entity,32,recalibration,100,8972,100,ad_probe,ad_c(full_target_scalar_reference),0.0009004082437638061,True,0.35186046913938007,2432083
dbpedia-entity,32,selection,100,8972,100,glob_probe,best_in_menu_on_eval,0.0,True,,2432083
dbpedia-entity,33,recalibration,100,9264,100,ad_probe,ad_c(full_target_scalar_reference),0.0027835861381598215,True,0.4624270018095338,2433083
dbpedia-entity,33,selection,100,9264,100,glob_probe,best_in_menu_on_eval,0.0,True,,2433083
dbpedia-entity,34,recalibration,100,9158,100,ad_probe,ad_c(full_target_scalar_reference),0.006831218724961868,False,1.3374982155369164,2434083
dbpedia-entity,34,selection,100,9158,100,glob_probe,best_in_menu_on_eval,0.0,True,,2434083
dbpedia-entity,35,recalibration,100,9195,100,ad_probe,ad_c(full_target_scalar_reference),0.0012143508371181833,True,0.41468898882822103,2435083
dbpedia-entity,35,selection,100,9195,100,glob_probe,best_in_menu_on_eval,0.0,True,,2435083
dbpedia-entity,36,recalibration,100,9194,100,ad_probe,ad_c(full_target_scalar_reference),0.004905914785941878,True,0.8664567637892855,2436083
dbpedia-entity,36,selection,100,9194,100,glob_probe,best_in_menu_on_eval,0.0,True,,2436083
dbpedia-entity,37,recalibration,100,9011,100,ad_probe,ad_c(full_target_scalar_reference),0.006172869545963772,False,1.3295560680415246,2437083
dbpedia-entity,37,selection,100,9011,100,glob_probe,best_in_menu_on_eval,0.0,True,,2437083
dbpedia-entity,38,recalibration,100,9440,100,ad_probe,ad_c(full_target_scalar_reference),0.0006812483187214891,True,0.20807033638587846,2438083
dbpedia-entity,38,selection,100,9440,100,glob_probe,best_in_menu_on_eval,0.0,True,,2438083
dbpedia-entity,39,recalibration,100,9090,100,ad_probe,ad_c(full_target_scalar_reference),0.005439719130269138,False,1.3142181818576315,2439083
dbpedia-entity,39,selection,100,9090,100,glob_probe,best_in_menu_on_eval,0.0,True,,2439083
dbpedia-entity,40,recalibration,100,8998,100,ad_probe,ad_c(full_target_scalar_reference),0.001591608539039363,True,0.44978036151346323,2440083
dbpedia-entity,40,selection,100,8998,100,glob_probe,best_in_menu_on_eval,0.0,True,,2440083
dbpedia-entity,41,recalibration,100,9022,100,ad_probe,ad_c(full_target_scalar_reference),0.002666259176296981,True,1.0361312063469814,2441083
dbpedia-entity,41,selection,100,9022,100,glob_probe,best_in_menu_on_eval,0.0,True,,2441083
dbpedia-entity,42,recalibration,100,9071,100,ad_probe,ad_c(full_target_scalar_reference),0.00021071769194083712,True,0.1977116245035031,2442083
dbpedia-entity,42,selection,100,9071,100,glob_probe,best_in_menu_on_eval,0.0,True,,2442083
dbpedia-entity,43,recalibration,100,9156,100,ad_probe,ad_c(full_target_scalar_reference),0.0030101380739252503,True,0.4793825621614225,2443083
dbpedia-entity,43,selection,100,9156,100,glob_probe,best_in_menu_on_eval,0.0,True,,2443083
dbpedia-entity,44,recalibration,100,9300,100,ad_probe,ad_c(full_target_scalar_reference),0.002885861116314975,True,0.5513794773031879,2444083
dbpedia-entity,44,selection,100,9300,100,glob_probe,best_in_menu_on_eval,0.0,True,,2444083
dbpedia-entity,45,recalibration,100,9118,100,ad_probe,ad_c(full_target_scalar_reference),0.0,True,0.007645061641841977,2445083
dbpedia-entity,45,selection,100,9118,100,glob_probe,best_in_menu_on_eval,0.0,True,,2445083
dbpedia-entity,46,recalibration,100,8955,100,ad_probe,ad_c(full_target_scalar_reference),0.004899762796899937,True,0.988415063836591,2446083
dbpedia-entity,46,selection,100,8955,100,glob_probe,best_in_menu_on_eval,0.0,True,,2446083
dbpedia-entity,47,recalibration,100,9231,100,ad_probe,ad_c(full_target_scalar_reference),0.00039978213507629867,True,0.17890951442885772,2447083
dbpedia-entity,47,selection,100,9231,100,glob_probe,best_in_menu_on_eval,0.0,True,,2447083
dbpedia-entity,48,recalibration,100,9154,100,ad_probe,ad_c(full_target_scalar_reference),0.0021743697979920984,True,0.9572989648033516,2448083
dbpedia-entity,48,selection,100,9154,100,glob_probe,best_in_menu_on_eval,0.0,True,,2448083
dbpedia-entity,49,recalibration,100,9026,100,ad_probe,ad_c(full_target_scalar_reference),0.0006494671942851027,True,0.3407342970979972,2449083
dbpedia-entity,49,selection,100,9026,100,glob_probe,best_in_menu_on_eval,0.0,True,,2449083
nfcorpus,0,recalibration,5,445,5,ad_probe,ad_c(full_target_scalar_reference),0.019524795217706586,False,17.287675713991533,2000372
nfcorpus,0,selection,5,445,5,glob_probe,best_in_menu_on_eval,0.0025161574297556666,True,,2000372
nfcorpus,1,recalibration,5,399,5,ad_probe,ad_c(full_target_scalar_reference),0.02164870971185956,False,9.039689614314788,2001372
nfcorpus,1,selection,5,399,5,glob_probe,best_in_menu_on_eval,0.0,True,,2001372
nfcorpus,2,recalibration,5,417,5,ad_probe,ad_c(full_target_scalar_reference),0.02028940997476912,False,9.148343100818021,2002372
nfcorpus,2,selection,5,417,5,trunc,best_in_menu_on_eval,0.014203785983425282,False,,2002372
nfcorpus,3,recalibration,5,450,5,ad_probe,ad_c(full_target_scalar_reference),0.022299643892897777,False,9.153990642089672,2003372
nfcorpus,3,selection,5,450,5,glob_probe,best_in_menu_on_eval,0.0,True,,2003372
nfcorpus,4,recalibration,5,461,5,ad_probe,ad_c(full_target_scalar_reference),0.00014334955388811688,True,0.47201671071900897,2004372
nfcorpus,4,selection,5,461,5,glob_probe,best_in_menu_on_eval,0.0,True,,2004372
nfcorpus,5,recalibration,5,438,5,ad_probe,ad_c(full_target_scalar_reference),0.02620856724078438,False,9.482140284673338,2005372
nfcorpus,5,selection,5,438,5,glob_probe,best_in_menu_on_eval,0.0,True,,2005372
nfcorpus,6,recalibration,5,490,5,ad_probe,ad_c(full_target_scalar_reference),0.027511013524345748,False,9.857999573724536,2006372
nfcorpus,6,selection,5,490,5,glob_probe,best_in_menu_on_eval,0.0,True,,2006372
nfcorpus,7,recalibration,5,403,5,ad_probe,ad_c(full_target_scalar_reference),0.013419652907706497,False,8.835290155688336,2007372
nfcorpus,7,selection,5,403,5,glob_probe,best_in_menu_on_eval,0.0,True,,2007372
nfcorpus,8,recalibration,5,462,5,ad_probe,ad_c(full_target_scalar_reference),0.019977549977019837,False,8.478543712959251,2008372
nfcorpus,8,selection,5,462,5,trunc,best_in_menu_on_eval,0.011812031532555195,False,,2008372
nfcorpus,9,recalibration,5,424,5,ad_probe,ad_c(full_target_scalar_reference),0.009251314019049106,False,4.297178220412087,2009372
nfcorpus,9,selection,5,424,5,glob_probe,best_in_menu_on_eval,0.0,True,,2009372
nfcorpus,10,recalibration,5,427,5,ad_probe,ad_c(full_target_scalar_reference),0.023588638341771287,False,9.26692429931258,2010372
nfcorpus,10,selection,5,427,5,glob_probe,best_in_menu_on_eval,0.0,True,,2010372
nfcorpus,11,recalibration,5,449,5,ad_probe,ad_c(full_target_scalar_reference),0.020178830704414397,False,8.679241003125124,2011372
nfcorpus,11,selection,5,449,5,trunc,best_in_menu_on_eval,0.012199892093699954,False,,2011372
nfcorpus,12,recalibration,5,386,5,ad_probe,ad_c(full_target_scalar_reference),0.007180000746755372,False,4.224665323350484,2012372
nfcorpus,12,selection,5,386,5,glob_probe,best_in_menu_on_eval,0.0,True,,2012372
nfcorpus,13,recalibration,5,467,5,ad_probe,ad_c(full_target_scalar_reference),0.02312226178840021,False,8.905131911926883,2013372
nfcorpus,13,selection,5,467,5,glob_probe,best_in_menu_on_eval,0.0,True,,2013372
nfcorpus,14,recalibration,5,439,5,ad_probe,ad_c(full_target_scalar_reference),0.0075881625903796435,False,3.9495000530100786,2014372
nfcorpus,14,selection,5,439,5,trunc,best_in_menu_on_eval,0.012936792866279745,False,,2014372
nfcorpus,15,recalibration,5,435,5,ad_probe,ad_c(full_target_scalar_reference),0.017333733902272996,False,7.207931838736054,2015372
nfcorpus,15,selection,5,435,5,glob_probe,best_in_menu_on_eval,0.0,True,,2015372
nfcorpus,16,recalibration,5,400,5,ad_probe,ad_c(full_target_scalar_reference),0.006144425102618145,False,2.7333793520999308,2016372
nfcorpus,16,selection,5,400,5,glob_probe,best_in_menu_on_eval,0.0,True,,2016372
nfcorpus,17,recalibration,5,497,5,ad_probe,ad_c(full_target_scalar_reference),0.004556223869076975,True,1.7940521175815913,2017372
nfcorpus,17,selection,5,497,5,trunc,best_in_menu_on_eval,0.012146756617557763,False,,2017372
nfcorpus,18,recalibration,5,449,5,ad_probe,ad_c(full_target_scalar_reference),0.03125425373457516,False,47.43847093962103,2018372
nfcorpus,18,selection,5,449,5,ad_probe,best_in_menu_on_eval,0.0,True,,2018372
nfcorpus,19,recalibration,5,421,5,ad_probe,ad_c(full_target_scalar_reference),0.009241104103178799,False,4.297178220412087,2019372
nfcorpus,19,selection,5,421,5,glob_probe,best_in_menu_on_eval,0.0,True,,2019372
nfcorpus,20,recalibration,5,475,5,ad_probe,ad_c(full_target_scalar_reference),0.02419445993892244,False,25.34784365811052,2020372
nfcorpus,20,selection,5,475,5,ad_probe,best_in_menu_on_eval,0.0,True,,2020372
nfcorpus,21,recalibration,5,404,5,ad_probe,ad_c(full_target_scalar_reference),0.016670800446523054,False,8.43822043308508,2021372
nfcorpus,21,selection,5,404,5,trunc,best_in_menu_on_eval,0.018180847982335158,False,,2021372
nfcorpus,22,recalibration,5,420,5,ad_probe,ad_c(full_target_scalar_reference),0.011735965653586145,False,5.867538632084067,2022372
nfcorpus,22,selection,5,420,5,glob_probe,best_in_menu_on_eval,0.0,True,,2022372
nfcorpus,23,recalibration,5,410,5,ad_probe,ad_c(full_target_scalar_reference),0.018754865616341543,False,7.679620386661153,2023372
nfcorpus,23,selection,5,410,5,trunc,best_in_menu_on_eval,0.010948793155443393,False,,2023372
nfcorpus,24,recalibration,5,417,5,ad_probe,ad_c(full_target_scalar_reference),0.018360695238613944,False,15.368448082433462,2024372
nfcorpus,24,selection,5,417,5,glob_probe,best_in_menu_on_eval,0.0018264664725672342,True,,2024372
nfcorpus,25,recalibration,5,412,5,ad_probe,ad_c(full_target_scalar_reference),0.020697280778670335,False,20.0220988231733,2025372
nfcorpus,25,selection,5,412,5,trunc,best_in_menu_on_eval,0.016449929153989157,False,,2025372
nfcorpus,26,recalibration,5,415,5,ad_probe,ad_c(full_target_scalar_reference),0.015858851173586236,False,7.087820595936752,2026372
nfcorpus,26,selection,5,415,5,glob_probe,best_in_menu_on_eval,0.0,True,,2026372
nfcorpus,27,recalibration,5,459,5,ad_probe,ad_c(full_target_scalar_reference),0.013532607954836018,False,6.570176001119261,2027372
nfcorpus,27,selection,5,459,5,glob_probe,best_in_menu_on_eval,0.0,True,,2027372
nfcorpus,28,recalibration,5,432,5,ad_probe,ad_c(full_target_scalar_reference),0.0034687078720765097,True,0.8133178387424476,2028372
nfcorpus,28,selection,5,432,5,glob_probe,best_in_menu_on_eval,0.0,True,,2028372
nfcorpus,29,recalibration,5,461,5,ad_probe,ad_c(full_target_scalar_reference),0.01925360059805828,False,8.034762216558526,2029372
nfcorpus,29,selection,5,461,5,glob_probe,best_in_menu_on_eval,0.0,True,,2029372
nfcorpus,30,recalibration,5,457,5,ad_probe,ad_c(full_target_scalar_reference),0.005239602943334337,False,2.7027116628525274,2030372
nfcorpus,30,selection,5,457,5,trunc,best_in_menu_on_eval,0.012107349924725064,False,,2030372
nfcorpus,31,recalibration,5,466,5,ad_probe,ad_c(full_target_scalar_reference),0.015444160951194746,False,6.97575169233708,2031372
nfcorpus,31,selection,5,466,5,glob_probe,best_in_menu_on_eval,0.0,True,,2031372
nfcorpus,32,recalibration,5,397,5,ad_probe,ad_c(full_target_scalar_reference),0.006167641448783151,False,2.660001934411417,2032372
nfcorpus,32,selection,5,397,5,glob_probe,best_in_menu_on_eval,0.0,True,,2032372
nfcorpus,33,recalibration,5,440,5,ad_probe,ad_c(full_target_scalar_reference),0.00025608179163677525,True,0.6336635510561983,2033372
nfcorpus,33,selection,5,440,5,glob_probe,best_in_menu_on_eval,0.0,True,,2033372
nfcorpus,34,recalibration,5,498,5,ad_probe,ad_c(full_target_scalar_reference),0.005424964855256148,False,2.052778513665409,2034372
nfcorpus,34,selection,5,498,5,trunc,best_in_menu_on_eval,0.012055245519757424,False,,2034372
nfcorpus,35,recalibration,5,419,5,ad_probe,ad_c(full_target_scalar_reference),0.008162764005122253,False,5.97334066249889,2035372
nfcorpus,35,selection,5,419,5,glob_probe,best_in_menu_on_eval,0.0,True,,2035372
nfcorpus,36,recalibration,5,416,5,ad_probe,ad_c(full_target_scalar_reference),0.02322706599063426,False,24.524689756732784,2036372
nfcorpus,36,selection,5,416,5,glob_probe,best_in_menu_on_eval,0.006945550728166133,True,,2036372
nfcorpus,37,recalibration,5,488,5,ad_probe,ad_c(full_target_scalar_reference),0.007796291437232983,False,5.469029275094508,2037372
nfcorpus,37,selection,5,488,5,glob_probe,best_in_menu_on_eval,0.0,True,,2037372
nfcorpus,38,recalibration,5,445,5,ad_probe,ad_c(full_target_scalar_reference),0.009928404428929255,False,4.560108633629277,2038372
nfcorpus,38,selection,5,445,5,glob_probe,best_in_menu_on_eval,0.0,True,,2038372
nfcorpus,39,recalibration,5,453,5,ad_probe,ad_c(full_target_scalar_reference),0.009282143961088812,False,4.36883657689466,2039372
nfcorpus,39,selection,5,453,5,glob_probe,best_in_menu_on_eval,0.0,True,,2039372
nfcorpus,40,recalibration,5,423,5,ad_probe,ad_c(full_target_scalar_reference),0.015916097866266937,False,7.422568834274933,2040372
nfcorpus,40,selection,5,423,5,glob_probe,best_in_menu_on_eval,0.0,True,,2040372
nfcorpus,41,recalibration,5,439,5,ad_probe,ad_c(full_target_scalar_reference),0.012541721380569026,False,6.20449788893447,2041372
nfcorpus,41,selection,5,439,5,glob_probe,best_in_menu_on_eval,0.0,True,,2041372
nfcorpus,42,recalibration,5,455,5,ad_probe,ad_c(full_target_scalar_reference),0.012207663766793664,False,5.909414217407387,2042372
nfcorpus,42,selection,5,455,5,glob_probe,best_in_menu_on_eval,0.0,True,,2042372
nfcorpus,43,recalibration,5,388,5,ad_probe,ad_c(full_target_scalar_reference),0.007387225994063384,False,5.22782473096907,2043372
nfcorpus,43,selection,5,388,5,glob_probe,best_in_menu_on_eval,0.0,True,,2043372
nfcorpus,44,recalibration,5,438,5,ad_probe,ad_c(full_target_scalar_reference),0.006704698481918292,False,3.987046524414131,2044372
nfcorpus,44,selection,5,438,5,glob_probe,best_in_menu_on_eval,0.0,True,,2044372
nfcorpus,45,recalibration,5,352,5,ad_probe,ad_c(full_target_scalar_reference),0.018910260445232058,False,16.73614702626059,2045372
nfcorpus,45,selection,5,352,5,ad_probe,best_in_menu_on_eval,0.0,True,,2045372
nfcorpus,46,recalibration,5,345,5,ad_probe,ad_c(full_target_scalar_reference),0.009910688067869766,False,4.642022214130954,2046372
nfcorpus,46,selection,5,345,5,glob_probe,best_in_menu_on_eval,0.0,True,,2046372
nfcorpus,47,recalibration,5,370,5,ad_probe,ad_c(full_target_scalar_reference),0.01692785613807446,False,7.411072849570224,2047372
nfcorpus,47,selection,5,370,5,glob_probe,best_in_menu_on_eval,0.0,True,,2047372
nfcorpus,48,recalibration,5,447,5,ad_probe,ad_c(full_target_scalar_reference),0.013625129240079664,False,6.69068279092204,2048372
nfcorpus,48,selection,5,447,5,glob_probe,best_in_menu_on_eval,0.0,True,,2048372
nfcorpus,49,recalibration,5,432,5,ad_probe,ad_c(full_target_scalar_reference),0.012418232681220914,False,6.20449788893447,2049372
nfcorpus,49,selection,5,432,5,glob_probe,best_in_menu_on_eval,0.0,True,,2049372
nfcorpus,0,recalibration,10,879,10,ad_probe,ad_c(full_target_scalar_reference),0.01832411835537473,False,7.53335594638647,733
nfcorpus,0,selection,10,879,10,glob_probe,best_in_menu_on_eval,0.0,True,,733
nfcorpus,1,recalibration,10,889,10,ad_probe,ad_c(full_target_scalar_reference),0.0002977342275109762,True,0.3432833918021334,1733
nfcorpus,1,selection,10,889,10,glob_probe,best_in_menu_on_eval,0.0,True,,1733
nfcorpus,2,recalibration,10,899,10,ad_probe,ad_c(full_target_scalar_reference),0.004688100418428126,True,2.3483410170347465,2733
nfcorpus,2,selection,10,899,10,glob_probe,best_in_menu_on_eval,0.0,True,,2733
nfcorpus,3,recalibration,10,864,10,ad_probe,ad_c(full_target_scalar_reference),0.025572644856680177,False,9.26686590475849,3733
nfcorpus,3,selection,10,864,10,glob_probe,best_in_menu_on_eval,0.0,True,,3733
nfcorpus,4,recalibration,10,948,10,ad_probe,ad_c(full_target_scalar_reference),0.003487054324974481,True,1.2854872084420386,4733
nfcorpus,4,selection,10,948,10,trunc,best_in_menu_on_eval,0.01223755282785624,False,,4733
nfcorpus,5,recalibration,10,873,10,ad_probe,ad_c(full_target_scalar_reference),0.005718204286311451,False,3.178739266966387,5733
nfcorpus,5,selection,10,873,10,glob_probe,best_in_menu_on_eval,0.0,True,,5733
nfcorpus,6,recalibration,10,864,10,ad_probe,ad_c(full_target_scalar_reference),0.007169258346988006,False,4.230339893988264,6733
nfcorpus,6,selection,10,864,10,glob_probe,best_in_menu_on_eval,0.0,True,,6733
nfcorpus,7,recalibration,10,854,10,ad_probe,ad_c(full_target_scalar_reference),0.004187882731443021,True,1.4786489645674532,7733
nfcorpus,7,selection,10,854,10,ad_probe,best_in_menu_on_eval,0.015610639784231661,False,,7733
nfcorpus,8,recalibration,10,926,10,ad_probe,ad_c(full_target_scalar_reference),0.007675119710181311,False,5.187210779660711,8733
nfcorpus,8,selection,10,926,10,trunc,best_in_menu_on_eval,0.013794732737061222,False,,8733
nfcorpus,9,recalibration,10,831,10,ad_probe,ad_c(full_target_scalar_reference),0.00686833220577282,False,3.282690106486614,9733
nfcorpus,9,selection,10,831,10,glob_probe,best_in_menu_on_eval,0.0,True,,9733
nfcorpus,10,recalibration,10,878,10,ad_probe,ad_c(full_target_scalar_reference),0.009164133092418425,False,5.811112597817226,10733
nfcorpus,10,selection,10,878,10,trunc,best_in_menu_on_eval,0.015007675712270935,False,,10733
nfcorpus,11,recalibration,10,915,10,ad_probe,ad_c(full_target_scalar_reference),0.004520494758600474,True,1.3815689223342371,11733
nfcorpus,11,selection,10,915,10,glob_probe,best_in_menu_on_eval,0.0,True,,11733
nfcorpus,12,recalibration,10,947,10,ad_probe,ad_c(full_target_scalar_reference),0.00029496809055953865,True,0.4557253078155714,12733
nfcorpus,12,selection,10,947,10,glob_probe,best_in_menu_on_eval,0.0,True,,12733
nfcorpus,13,recalibration,10,920,10,ad_probe,ad_c(full_target_scalar_reference),0.013653697843054119,False,6.7518913234738855,13733
nfcorpus,13,selection,10,920,10,trunc,best_in_menu_on_eval,0.01251511851899953,False,,13733
nfcorpus,14,recalibration,10,938,10,ad_probe,ad_c(full_target_scalar_reference),0.007305938933888395,False,4.228291111834507,14733
nfcorpus,14,selection,10,938,10,glob_probe,best_in_menu_on_eval,0.0,True,,14733
nfcorpus,15,recalibration,10,874,10,ad_probe,ad_c(full_target_scalar_reference),0.010281571317744598,False,4.850670147210829,15733
nfcorpus,15,selection,10,874,10,glob_probe,best_in_menu_on_eval,0.0,True,,15733
nfcorpus,16,recalibration,10,878,10,ad_probe,ad_c(full_target_scalar_reference),0.007017465141068602,False,3.3000758305160165,16733
nfcorpus,16,selection,10,878,10,glob_probe,best_in_menu_on_eval,0.0,True,,16733
nfcorpus,17,recalibration,10,792,10,ad_probe,ad_c(full_target_scalar_reference),0.0035996946133336483,True,1.1464460084252242,17733
nfcorpus,17,selection,10,792,10,glob_probe,best_in_menu_on_eval,0.0,True,,17733
nfcorpus,18,recalibration,10,892,10,ad_probe,ad_c(full_target_scalar_reference),0.005475812873980412,False,2.819522150515338,18733
nfcorpus,18,selection,10,892,10,glob_probe,best_in_menu_on_eval,0.0,True,,18733
nfcorpus,19,recalibration,10,817,10,ad_probe,ad_c(full_target_scalar_reference),0.013671650188888468,False,9.082695110428284,19733
nfcorpus,19,selection,10,817,10,glob_probe,best_in_menu_on_eval,0.0,True,,19733
nfcorpus,20,recalibration,10,949,10,ad_probe,ad_c(full_target_scalar_reference),0.004629006997976026,True,1.8225850369101249,20733
nfcorpus,20,selection,10,949,10,glob_probe,best_in_menu_on_eval,0.0,True,,20733
nfcorpus,21,recalibration,10,887,10,ad_probe,ad_c(full_target_scalar_reference),0.004359132530800919,True,1.3591135570239565,21733
nfcorpus,21,selection,10,887,10,glob_probe,best_in_menu_on_eval,0.0,True,,21733
nfcorpus,22,recalibration,10,932,10,ad_probe,ad_c(full_target_scalar_reference),0.00965479365988453,False,7.3273677417451015,22733
nfcorpus,22,selection,10,932,10,trunc,best_in_menu_on_eval,0.012382716441590669,False,,22733
nfcorpus,23,recalibration,10,880,10,ad_probe,ad_c(full_target_scalar_reference),4.437344692934109e-05,True,0.2065953518615693,23733
nfcorpus,23,selection,10,880,10,trunc,best_in_menu_on_eval,0.012774386230343993,False,,23733
nfcorpus,24,recalibration,10,866,10,ad_probe,ad_c(full_target_scalar_reference),0.020761918145216246,False,19.671727309407324,24733
nfcorpus,24,selection,10,866,10,glob_probe,best_in_menu_on_eval,0.004043458616107054,True,,24733
nfcorpus,25,recalibration,10,883,10,ad_probe,ad_c(full_target_scalar_reference),4.43734469293966e-05,True,0.15763166277926288,25733
nfcorpus,25,selection,10,883,10,trunc,best_in_menu_on_eval,0.012479101110777685,False,,25733
nfcorpus,26,recalibration,10,816,10,ad_probe,ad_c(full_target_scalar_reference),0.00993276590457362,False,4.479434949983137,26733
nfcorpus,26,selection,10,816,10,glob_probe,best_in_menu_on_eval,0.0,True,,26733
nfcorpus,27,recalibration,10,826,10,ad_probe,ad_c(full_target_scalar_reference),0.010195701206966945,False,4.983903039945922,27733
nfcorpus,27,selection,10,826,10,glob_probe,best_in_menu_on_eval,0.0,True,,27733
nfcorpus,28,recalibration,10,857,10,ad_probe,ad_c(full_target_scalar_reference),0.009432548218901826,False,7.481155602175297,28733
nfcorpus,28,selection,10,857,10,glob_probe,best_in_menu_on_eval,0.0,True,,28733
nfcorpus,29,recalibration,10,839,10,ad_probe,ad_c(full_target_scalar_reference),0.005269152023763407,False,2.61017006012346,29733
nfcorpus,29,selection,10,839,10,glob_probe,best_in_menu_on_eval,0.0,True,,29733
nfcorpus,30,recalibration,10,883,10,ad_probe,ad_c(full_target_scalar_reference),0.019733348518673616,False,16.153728137173594,30733
nfcorpus,30,selection,10,883,10,trunc,best_in_menu_on_eval,0.014710016104767215,False,,30733
nfcorpus,31,recalibration,10,955,10,ad_probe,ad_c(full_target_scalar_reference),0.006316878583342067,False,2.704913369549601,31733
nfcorpus,31,selection,10,955,10,glob_probe,best_in_menu_on_eval,0.0,True,,31733
nfcorpus,32,recalibration,10,927,10,ad_probe,ad_c(full_target_scalar_reference),0.010223667606669595,False,5.040456817943841,32733
nfcorpus,32,selection,10,927,10,glob_probe,best_in_menu_on_eval,0.0,True,,32733
nfcorpus,33,recalibration,10,794,10,ad_probe,ad_c(full_target_scalar_reference),0.005472403035697626,False,2.8645089662546805,33733
nfcorpus,33,selection,10,794,10,trunc,best_in_menu_on_eval,0.012221514877485268,False,,33733
nfcorpus,34,recalibration,10,883,10,ad_probe,ad_c(full_target_scalar_reference),0.005080518261226102,False,1.5996752925822424,34733
nfcorpus,34,selection,10,883,10,glob_probe,best_in_menu_on_eval,0.0,True,,34733
nfcorpus,35,recalibration,10,958,10,ad_probe,ad_c(full_target_scalar_reference),0.00789571913205872,False,4.974791332660198,35733
nfcorpus,35,selection,10,958,10,glob_probe,best_in_menu_on_eval,0.0,True,,35733
nfcorpus,36,recalibration,10,930,10,ad_probe,ad_c(full_target_scalar_reference),0.012206920226555867,False,5.739328405501636,36733
nfcorpus,36,selection,10,930,10,glob_probe,best_in_menu_on_eval,0.0,True,,36733
nfcorpus,37,recalibration,10,878,10,ad_probe,ad_c(full_target_scalar_reference),0.005718204286311479,False,3.2610808644471803,37733
nfcorpus,37,selection,10,878,10,glob_probe,best_in_menu_on_eval,0.0,True,,37733
nfcorpus,38,recalibration,10,824,10,ad_probe,ad_c(full_target_scalar_reference),0.0073750747838220165,False,3.4590676176524724,38733
nfcorpus,38,selection,10,824,10,glob_probe,best_in_menu_on_eval,0.0,True,,38733
nfcorpus,39,recalibration,10,889,10,ad_probe,ad_c(full_target_scalar_reference),0.007646116992810731,False,3.7853417010946284,39733
nfcorpus,39,selection,10,889,10,glob_probe,best_in_menu_on_eval,0.0,True,,39733
nfcorpus,40,recalibration,10,934,10,ad_probe,ad_c(full_target_scalar_reference),0.01915643692918914,False,7.900025627981079,40733
nfcorpus,40,selection,10,934,10,glob_probe,best_in_menu_on_eval,0.0,True,,40733
nfcorpus,41,recalibration,10,842,10,ad_probe,ad_c(full_target_scalar_reference),0.016566293560030754,False,11.853039113068592,41733
nfcorpus,41,selection,10,842,10,glob_probe,best_in_menu_on_eval,0.0,True,,41733
nfcorpus,42,recalibration,10,802,10,ad_probe,ad_c(full_target_scalar_reference),0.00028736121394307146,True,0.22729274318042947,42733
nfcorpus,42,selection,10,802,10,glob_probe,best_in_menu_on_eval,0.0,True,,42733
nfcorpus,43,recalibration,10,939,10,ad_probe,ad_c(full_target_scalar_reference),0.013397208233873747,False,8.845930212237237,43733
nfcorpus,43,selection,10,939,10,glob_probe,best_in_menu_on_eval,0.0,True,,43733
nfcorpus,44,recalibration,10,803,10,ad_probe,ad_c(full_target_scalar_reference),0.019363513008683303,False,16.353748751593706,44733
nfcorpus,44,selection,10,803,10,glob_probe,best_in_menu_on_eval,0.002716827074363215,True,,44733
nfcorpus,45,recalibration,10,851,10,ad_probe,ad_c(full_target_scalar_reference),0.011305977713817195,False,5.379594688974879,45733
nfcorpus,45,selection,10,851,10,glob_probe,best_in_menu_on_eval,0.0,True,,45733
nfcorpus,46,recalibration,10,869,10,ad_probe,ad_c(full_target_scalar_reference),0.016973615279338244,False,7.705385903058485,46733
nfcorpus,46,selection,10,869,10,glob_probe,best_in_menu_on_eval,0.0,True,,46733
nfcorpus,47,recalibration,10,870,10,ad_probe,ad_c(full_target_scalar_reference),0.020344211045720845,False,18.16329532397981,47733
nfcorpus,47,selection,10,870,10,glob_probe,best_in_menu_on_eval,0.003296151189696145,True,,47733
nfcorpus,48,recalibration,10,1005,10,ad_probe,ad_c(full_target_scalar_reference),0.0006009606274988977,True,1.0597296830032352,48733
nfcorpus,48,selection,10,1005,10,glob_probe,best_in_menu_on_eval,0.0,True,,48733
nfcorpus,49,recalibration,10,906,10,ad_probe,ad_c(full_target_scalar_reference),0.020337412704729607,False,8.621491523621952,49733
nfcorpus,49,selection,10,906,10,glob_probe,best_in_menu_on_eval,0.0,True,,49733
nfcorpus,0,recalibration,20,1772,20,ad_probe,ad_c(full_target_scalar_reference),0.0007379314939078563,True,1.2227259307630796,2200300
nfcorpus,0,selection,20,1772,20,glob_probe,best_in_menu_on_eval,0.0,True,,2200300
nfcorpus,1,recalibration,20,1747,20,ad_probe,ad_c(full_target_scalar_reference),0.007215005353996162,False,3.837904214028578,2201300
nfcorpus,1,selection,20,1747,20,trunc,best_in_menu_on_eval,0.01630436600373722,False,,2201300
nfcorpus,2,recalibration,20,1835,20,ad_probe,ad_c(full_target_scalar_reference),0.004369238252034641,True,1.5864858347894195,2202300
nfcorpus,2,selection,20,1835,20,glob_probe,best_in_menu_on_eval,0.0,True,,2202300
nfcorpus,3,recalibration,20,1841,20,ad_probe,ad_c(full_target_scalar_reference),0.010788732975368892,False,5.168406916607529,2203300
nfcorpus,3,selection,20,1841,20,trunc,best_in_menu_on_eval,0.012820589540921634,False,,2203300
nfcorpus,4,recalibration,20,1699,20,ad_probe,ad_c(full_target_scalar_reference),0.007658417042103738,False,3.800282618661617,2204300
nfcorpus,4,selection,20,1699,20,glob_probe,best_in_menu_on_eval,0.0,True,,2204300
nfcorpus,5,recalibration,20,1654,20,ad_probe,ad_c(full_target_scalar_reference),4.5837917125063354e-05,True,0.222514436679079,2205300
nfcorpus,5,selection,20,1654,20,glob_probe,best_in_menu_on_eval,0.0,True,,2205300
nfcorpus,6,recalibration,20,1920,20,ad_probe,ad_c(full_target_scalar_reference),0.004781779506160072,True,1.8831530035225885,2206300
nfcorpus,6,selection,20,1920,20,glob_probe,best_in_menu_on_eval,0.0,True,,2206300
nfcorpus,7,recalibration,20,1761,20,ad_probe,ad_c(full_target_scalar_reference),0.023402159227817007,False,8.887876689972149,2207300
nfcorpus,7,selection,20,1761,20,glob_probe,best_in_menu_on_eval,0.0,True,,2207300
nfcorpus,8,recalibration,20,1692,20,ad_probe,ad_c(full_target_scalar_reference),0.005556889754552596,False,2.727707613758307,2208300
nfcorpus,8,selection,20,1692,20,glob_probe,best_in_menu_on_eval,0.0,True,,2208300
nfcorpus,9,recalibration,20,1635,20,ad_probe,ad_c(full_target_scalar_reference),0.007982487988623554,False,5.036584691612946,2209300
nfcorpus,9,selection,20,1635,20,glob_probe,best_in_menu_on_eval,0.0,True,,2209300
nfcorpus,10,recalibration,20,1674,20,ad_probe,ad_c(full_target_scalar_reference),0.0,True,0.056961096366263675,2210300
nfcorpus,10,selection,20,1674,20,trunc,best_in_menu_on_eval,0.012653672723275916,False,,2210300
nfcorpus,11,recalibration,20,1745,20,ad_probe,ad_c(full_target_scalar_reference),0.00364755422618529,True,0.9220827139109478,2211300
nfcorpus,11,selection,20,1745,20,glob_probe,best_in_menu_on_eval,0.0,True,,2211300
nfcorpus,12,recalibration,20,1722,20,ad_probe,ad_c(full_target_scalar_reference),0.008461406963324869,False,6.483167337915736,2212300
nfcorpus,12,selection,20,1722,20,glob_probe,best_in_menu_on_eval,0.0,True,,2212300
nfcorpus,13,recalibration,20,1706,20,ad_probe,ad_c(full_target_scalar_reference),0.007706446406271661,False,3.717250854644794,2213300
nfcorpus,13,selection,20,1706,20,glob_probe,best_in_menu_on_eval,0.0,True,,2213300
nfcorpus,14,recalibration,20,1645,20,ad_probe,ad_c(full_target_scalar_reference),0.0058483590586675405,False,3.236968827484988,2214300
nfcorpus,14,selection,20,1645,20,glob_probe,best_in_menu_on_eval,0.0,True,,2214300
nfcorpus,15,recalibration,20,1726,20,ad_probe,ad_c(full_target_scalar_reference),0.017110304395521747,False,7.3152503365054935,2215300
nfcorpus,15,selection,20,1726,20,glob_probe,best_in_menu_on_eval,0.0,True,,2215300
nfcorpus,16,recalibration,20,1634,20,ad_probe,ad_c(full_target_scalar_reference),0.014096695123983982,False,6.732024972993929,2216300
nfcorpus,16,selection,20,1634,20,glob_probe,best_in_menu_on_eval,0.0,True,,2216300
nfcorpus,17,recalibration,20,1846,20,ad_probe,ad_c(full_target_scalar_reference),6.74087016545033e-05,True,0.349036661914516,2217300
nfcorpus,17,selection,20,1846,20,glob_probe,best_in_menu_on_eval,0.0,True,,2217300
nfcorpus,18,recalibration,20,1597,20,ad_probe,ad_c(full_target_scalar_reference),0.004039361835629224,True,1.3087313367148834,2218300
nfcorpus,18,selection,20,1597,20,glob_probe,best_in_menu_on_eval,0.0,True,,2218300
nfcorpus,19,recalibration,20,1676,20,ad_probe,ad_c(full_target_scalar_reference),0.010248555503756807,False,8.276398145123837,2219300
nfcorpus,19,selection,20,1676,20,glob_probe,best_in_menu_on_eval,0.0,True,,2219300
nfcorpus,20,recalibration,20,1607,20,ad_probe,ad_c(full_target_scalar_reference),0.0038744212739355577,True,3.2249819792541334,2220300
nfcorpus,20,selection,20,1607,20,trunc,best_in_menu_on_eval,0.014426913756899057,False,,2220300
nfcorpus,21,recalibration,20,1712,20,ad_probe,ad_c(full_target_scalar_reference),4.58379171250356e-05,True,0.17553614634004866,2221300
nfcorpus,21,selection,20,1712,20,glob_probe,best_in_menu_on_eval,0.0,True,,2221300
nfcorpus,22,recalibration,20,1627,20,ad_probe,ad_c(full_target_scalar_reference),0.014447104046292403,False,6.8892516934293955,2222300
nfcorpus,22,selection,20,1627,20,glob_probe,best_in_menu_on_eval,0.0,True,,2222300
nfcorpus,23,recalibration,20,1833,20,ad_probe,ad_c(full_target_scalar_reference),0.004749737467004689,True,1.9047150965144883,2223300
nfcorpus,23,selection,20,1833,20,glob_probe,best_in_menu_on_eval,0.0,True,,2223300
nfcorpus,24,recalibration,20,1731,20,ad_probe,ad_c(full_target_scalar_reference),0.004764941087624347,True,1.8607327473527704,2224300
nfcorpus,24,selection,20,1731,20,glob_probe,best_in_menu_on_eval,0.0,True,,2224300
nfcorpus,25,recalibration,20,1731,20,ad_probe,ad_c(full_target_scalar_reference),0.008922316401325514,False,4.203008635143821,2225300
nfcorpus,25,selection,20,1731,20,glob_probe,best_in_menu_on_eval,0.0,True,,2225300
nfcorpus,26,recalibration,20,1852,20,ad_probe,ad_c(full_target_scalar_reference),0.0006371325790648641,True,1.1642598847709014,2226300
nfcorpus,26,selection,20,1852,20,glob_probe,best_in_menu_on_eval,0.0,True,,2226300
nfcorpus,27,recalibration,20,1767,20,ad_probe,ad_c(full_target_scalar_reference),0.01471136108747248,False,10.135133843264194,2227300
nfcorpus,27,selection,20,1767,20,glob_probe,best_in_menu_on_eval,0.0,True,,2227300
nfcorpus,28,recalibration,20,1701,20,ad_probe,ad_c(full_target_scalar_reference),0.00030756043964005886,True,0.2881706441720926,2228300
nfcorpus,28,selection,20,1701,20,trunc,best_in_menu_on_eval,0.01447191761786551,False,,2228300
nfcorpus,29,recalibration,20,1746,20,ad_probe,ad_c(full_target_scalar_reference),0.007727269848439161,False,3.54482885778536,2229300
nfcorpus,29,selection,20,1746,20,glob_probe,best_in_menu_on_eval,0.0,True,,2229300
nfcorpus,30,recalibration,20,1709,20,ad_probe,ad_c(full_target_scalar_reference),0.0006371325790649196,True,1.1349323686889061,2230300
nfcorpus,30,selection,20,1709,20,glob_probe,best_in_menu_on_eval,0.0,True,,2230300
nfcorpus,31,recalibration,20,1706,20,ad_probe,ad_c(full_target_scalar_reference),0.008391051917162162,False,5.637581475710968,2231300
nfcorpus,31,selection,20,1706,20,trunc,best_in_menu_on_eval,0.013807705397804043,False,,2231300
nfcorpus,32,recalibration,20,1654,20,ad_probe,ad_c(full_target_scalar_reference),0.005556013720477843,False,2.105590261486901,2232300
nfcorpus,32,selection,20,1654,20,glob_probe,best_in_menu_on_eval,0.0,True,,2232300
nfcorpus,33,recalibration,20,1786,20,ad_probe,ad_c(full_target_scalar_reference),0.005113018427187976,False,2.580842544041465,2233300
nfcorpus,33,selection,20,1786,20,glob_probe,best_in_menu_on_eval,0.0,True,,2233300
nfcorpus,34,recalibration,20,1685,20,ad_probe,ad_c(full_target_scalar_reference),0.0052570693036156635,False,2.4051084301449865,2234300
nfcorpus,34,selection,20,1685,20,glob_probe,best_in_menu_on_eval,0.0,True,,2234300
nfcorpus,35,recalibration,20,1780,20,ad_probe,ad_c(full_target_scalar_reference),0.00782437417719703,False,4.8604561544662825,2235300
nfcorpus,35,selection,20,1780,20,glob_probe,best_in_menu_on_eval,0.0,True,,2235300
nfcorpus,36,recalibration,20,1727,20,ad_probe,ad_c(full_target_scalar_reference),0.005770047167254599,False,2.935197549964416,2236300
nfcorpus,36,selection,20,1727,20,glob_probe,best_in_menu_on_eval,0.0,True,,2236300
nfcorpus,37,recalibration,20,1670,20,ad_probe,ad_c(full_target_scalar_reference),0.0052614118546434885,False,3.504055543240442,2237300
nfcorpus,37,selection,20,1670,20,ad_probe,best_in_menu_on_eval,0.01422642096615434,False,,2237300
nfcorpus,38,recalibration,20,1772,20,ad_probe,ad_c(full_target_scalar_reference),0.005848408179728037,False,3.1329201950766024,2238300
nfcorpus,38,selection,20,1772,20,glob_probe,best_in_menu_on_eval,0.0,True,,2238300
nfcorpus,39,recalibration,20,1805,20,ad_probe,ad_c(full_target_scalar_reference),0.008120503887440844,False,5.272843581827848,2239300
nfcorpus,39,selection,20,1805,20,glob_probe,best_in_menu_on_eval,0.0,True,,2239300
nfcorpus,40,recalibration,20,1780,20,ad_probe,ad_c(full_target_scalar_reference),0.01247822049825012,False,5.730188129368377,2240300
nfcorpus,40,selection,20,1780,20,glob_probe,best_in_menu_on_eval,0.0,True,,2240300
nfcorpus,41,recalibration,20,1681,20,ad_probe,ad_c(full_target_scalar_reference),0.0037106571520175435,True,1.0527290233685704,2241300
nfcorpus,41,selection,20,1681,20,glob_probe,best_in_menu_on_eval,0.0,True,,2241300
nfcorpus,42,recalibration,20,1643,20,ad_probe,ad_c(full_target_scalar_reference),0.0,True,0.12844621116320987,2242300
nfcorpus,42,selection,20,1643,20,glob_probe,best_in_menu_on_eval,0.0,True,,2242300
nfcorpus,43,recalibration,20,1723,20,ad_probe,ad_c(full_target_scalar_reference),0.005325444170841048,False,1.6664567403359065,2243300
nfcorpus,43,selection,20,1723,20,glob_probe,best_in_menu_on_eval,0.0,True,,2243300
nfcorpus,44,recalibration,20,1733,20,ad_probe,ad_c(full_target_scalar_reference),0.00030470301104004727,True,0.38955845209876294,2244300
nfcorpus,44,selection,20,1733,20,glob_probe,best_in_menu_on_eval,0.0,True,,2244300
nfcorpus,45,recalibration,20,1886,20,ad_probe,ad_c(full_target_scalar_reference),0.0037184964157538913,True,1.1811292812121774,2245300
nfcorpus,45,selection,20,1886,20,glob_probe,best_in_menu_on_eval,0.0,True,,2245300
nfcorpus,46,recalibration,20,1768,20,ad_probe,ad_c(full_target_scalar_reference),0.025191820751514438,False,29.95374131050616,2246300
nfcorpus,46,selection,20,1768,20,ad_probe,best_in_menu_on_eval,0.0,True,,2246300
nfcorpus,47,recalibration,20,1756,20,ad_probe,ad_c(full_target_scalar_reference),0.007627365935456126,False,4.485774810560438,2247300
nfcorpus,47,selection,20,1756,20,glob_probe,best_in_menu_on_eval,0.0,True,,2247300
nfcorpus,48,recalibration,20,1673,20,ad_probe,ad_c(full_target_scalar_reference),0.016310335689155603,False,7.479734453053746,2248300
nfcorpus,48,selection,20,1673,20,glob_probe,best_in_menu_on_eval,0.0,True,,2248300
nfcorpus,49,recalibration,20,1800,20,ad_probe,ad_c(full_target_scalar_reference),0.007242275323497138,False,3.2767089163768652,2249300
nfcorpus,49,selection,20,1800,20,trunc,best_in_menu_on_eval,0.013658889149560871,False,,2249300
nfcorpus,0,recalibration,50,4321,50,ad_probe,ad_c(full_target_scalar_reference),0.004069940483077655,True,1.068912763292591,2300315
nfcorpus,0,selection,50,4321,50,glob_probe,best_in_menu_on_eval,0.0,True,,2300315
nfcorpus,1,recalibration,50,4409,50,ad_probe,ad_c(full_target_scalar_reference),0.0005516928463971671,True,1.1024752402214322,2301315
nfcorpus,1,selection,50,4409,50,glob_probe,best_in_menu_on_eval,0.0,True,,2301315
nfcorpus,2,recalibration,50,4198,50,ad_probe,ad_c(full_target_scalar_reference),0.0007098064086086819,True,1.3695409944899257,2302315
nfcorpus,2,selection,50,4198,50,glob_probe,best_in_menu_on_eval,0.0,True,,2302315
nfcorpus,3,recalibration,50,4270,50,ad_probe,ad_c(full_target_scalar_reference),0.009382864514164813,False,6.7755186270963765,2303315
nfcorpus,3,selection,50,4270,50,glob_probe,best_in_menu_on_eval,0.0,True,,2303315
nfcorpus,4,recalibration,50,4361,50,ad_probe,ad_c(full_target_scalar_reference),0.004279747548132207,True,1.2832698955986093,2304315
nfcorpus,4,selection,50,4361,50,glob_probe,best_in_menu_on_eval,0.0,True,,2304315
nfcorpus,5,recalibration,50,4424,50,ad_probe,ad_c(full_target_scalar_reference),0.0003500797274428036,True,0.4548856651860156,2305315
nfcorpus,5,selection,50,4424,50,glob_probe,best_in_menu_on_eval,0.0,True,,2305315
nfcorpus,6,recalibration,50,4215,50,ad_probe,ad_c(full_target_scalar_reference),0.006138957421507635,False,2.2035544096037345,2306315
nfcorpus,6,selection,50,4215,50,glob_probe,best_in_menu_on_eval,0.0,True,,2306315
nfcorpus,7,recalibration,50,4404,50,ad_probe,ad_c(full_target_scalar_reference),0.005214415930758637,False,1.4895928512563774,2307315
nfcorpus,7,selection,50,4404,50,glob_probe,best_in_menu_on_eval,0.0,True,,2307315
nfcorpus,8,recalibration,50,4392,50,ad_probe,ad_c(full_target_scalar_reference),0.005031558317149465,False,1.8837436341943707,2308315
nfcorpus,8,selection,50,4392,50,glob_probe,best_in_menu_on_eval,0.0,True,,2308315
nfcorpus,9,recalibration,50,4409,50,ad_probe,ad_c(full_target_scalar_reference),0.005671311632498649,False,2.1668657007594785,2309315
nfcorpus,9,selection,50,4409,50,glob_probe,best_in_menu_on_eval,0.0,True,,2309315
nfcorpus,10,recalibration,50,4246,50,ad_probe,ad_c(full_target_scalar_reference),0.005095778278206897,False,2.0173405546007377,2310315
nfcorpus,10,selection,50,4246,50,glob_probe,best_in_menu_on_eval,0.0,True,,2310315
nfcorpus,11,recalibration,50,4352,50,ad_probe,ad_c(full_target_scalar_reference),0.0016808602758210112,True,2.5200802803777957,2311315
nfcorpus,11,selection,50,4352,50,trunc,best_in_menu_on_eval,0.017441693920544538,False,,2311315
nfcorpus,12,recalibration,50,4026,50,ad_probe,ad_c(full_target_scalar_reference),0.006895548379618643,False,2.808857727271482,2312315
nfcorpus,12,selection,50,4026,50,glob_probe,best_in_menu_on_eval,0.0,True,,2312315
nfcorpus,13,recalibration,50,4165,50,ad_probe,ad_c(full_target_scalar_reference),0.004031772184645482,True,0.80862481181709,2313315
nfcorpus,13,selection,50,4165,50,glob_probe,best_in_menu_on_eval,0.0,True,,2313315
nfcorpus,14,recalibration,50,4555,50,ad_probe,ad_c(full_target_scalar_reference),0.00783426424331865,False,3.2767089163768652,2314315
nfcorpus,14,selection,50,4555,50,glob_probe,best_in_menu_on_eval,0.0,True,,2314315
nfcorpus,15,recalibration,50,4317,50,ad_probe,ad_c(full_target_scalar_reference),0.001462267224595054,True,2.623697597509235,2315315
nfcorpus,15,selection,50,4317,50,ad_probe,best_in_menu_on_eval,0.014188355189316465,False,,2315315
nfcorpus,16,recalibration,50,4216,50,ad_probe,ad_c(full_target_scalar_reference),5.0875050875059946e-05,True,0.17036584643011388,2316315
nfcorpus,16,selection,50,4216,50,glob_probe,best_in_menu_on_eval,0.0,True,,2316315
nfcorpus,17,recalibration,50,4336,50,ad_probe,ad_c(full_target_scalar_reference),0.008090521281503255,False,4.9997984358254275,2317315
nfcorpus,17,selection,50,4336,50,glob_probe,best_in_menu_on_eval,0.0,True,,2317315
nfcorpus,18,recalibration,50,4211,50,ad_probe,ad_c(full_target_scalar_reference),0.00750183959525591,False,4.739853882403564,2318315
nfcorpus,18,selection,50,4211,50,glob_probe,best_in_menu_on_eval,0.0,True,,2318315
nfcorpus,19,recalibration,50,4465,50,ad_probe,ad_c(full_target_scalar_reference),0.000166978601232326,True,0.5035871274670765,2319315
nfcorpus,19,selection,50,4465,50,glob_probe,best_in_menu_on_eval,0.0,True,,2319315
nfcorpus,20,recalibration,50,4471,50,ad_probe,ad_c(full_target_scalar_reference),0.005249049060561228,False,1.8837436341943707,2320315
nfcorpus,20,selection,50,4471,50,glob_probe,best_in_menu_on_eval,0.0,True,,2320315
nfcorpus,21,recalibration,50,4350,50,ad_probe,ad_c(full_target_scalar_reference),0.008036613162697187,False,3.7656192832189515,2321315
nfcorpus,21,selection,50,4350,50,glob_probe,best_in_menu_on_eval,0.0,True,,2321315
nfcorpus,22,recalibration,50,4427,50,ad_probe,ad_c(full_target_scalar_reference),0.006094664881153844,False,1.974077154951111,2322315
nfcorpus,22,selection,50,4427,50,glob_probe,best_in_menu_on_eval,0.0,True,,2322315
nfcorpus,23,recalibration,50,4347,50,ad_probe,ad_c(full_target_scalar_reference),0.0,True,0.0967159448317485,2323315
nfcorpus,23,selection,50,4347,50,glob_probe,best_in_menu_on_eval,0.0,True,,2323315
nfcorpus,24,recalibration,50,4420,50,ad_probe,ad_c(full_target_scalar_reference),0.00013797148685584792,True,0.46298735621921416,2324315
nfcorpus,24,selection,50,4420,50,ad_probe,best_in_menu_on_eval,0.020379204043250304,False,,2324315
nfcorpus,25,recalibration,50,4404,50,ad_probe,ad_c(full_target_scalar_reference),0.00443555184305694,True,1.3110317394264275,2325315
nfcorpus,25,selection,50,4404,50,glob_probe,best_in_menu_on_eval,0.0,True,,2325315
nfcorpus,26,recalibration,50,4458,50,ad_probe,ad_c(full_target_scalar_reference),0.0002796042817734823,True,0.6736666371630751,2326315
nfcorpus,26,selection,50,4458,50,glob_probe,best_in_menu_on_eval,0.0,True,,2326315
nfcorpus,27,recalibration,50,4510,50,ad_probe,ad_c(full_target_scalar_reference),0.004100522146312402,True,0.9828283126533233,2327315
nfcorpus,27,selection,50,4510,50,glob_probe,best_in_menu_on_eval,0.0,True,,2327315
nfcorpus,28,recalibration,50,4320,50,ad_probe,ad_c(full_target_scalar_reference),0.00018426278952840547,True,0.599174449488471,2328315
nfcorpus,28,selection,50,4320,50,glob_probe,best_in_menu_on_eval,0.0,True,,2328315
nfcorpus,29,recalibration,50,4468,50,ad_probe,ad_c(full_target_scalar_reference),0.0007071471481929492,True,1.1024752402214322,2329315
nfcorpus,29,selection,50,4468,50,glob_probe,best_in_menu_on_eval,0.0,True,,2329315
nfcorpus,30,recalibration,50,4347,50,ad_probe,ad_c(full_target_scalar_reference),0.0003116555638248142,True,0.8351310627570054,2330315
nfcorpus,30,selection,50,4347,50,glob_probe,best_in_menu_on_eval,0.0,True,,2330315
nfcorpus,31,recalibration,50,4390,50,ad_probe,ad_c(full_target_scalar_reference),0.004279747548132179,True,1.2145517471377936,2331315
nfcorpus,31,selection,50,4390,50,glob_probe,best_in_menu_on_eval,0.0,True,,2331315
nfcorpus,32,recalibration,50,4222,50,ad_probe,ad_c(full_target_scalar_reference),0.006779105699596721,False,2.70598365867148,2332315
nfcorpus,32,selection,50,4222,50,trunc,best_in_menu_on_eval,0.01580506350316288,False,,2332315
nfcorpus,33,recalibration,50,4253,50,ad_probe,ad_c(full_target_scalar_reference),0.005251969515929739,False,2.272451977538017,2333315
nfcorpus,33,selection,50,4253,50,glob_probe,best_in_menu_on_eval,0.0,True,,2333315
nfcorpus,34,recalibration,50,4269,50,ad_probe,ad_c(full_target_scalar_reference),0.006350820062638901,False,3.6407097170253966,2334315
nfcorpus,34,selection,50,4269,50,glob_probe,best_in_menu_on_eval,0.0,True,,2334315
nfcorpus,35,recalibration,50,4189,50,ad_probe,ad_c(full_target_scalar_reference),0.007796188711384433,False,2.904926184044408,2335315
nfcorpus,35,selection,50,4189,50,glob_probe,best_in_menu_on_eval,0.0,True,,2335315
nfcorpus,36,recalibration,50,4304,50,ad_probe,ad_c(full_target_scalar_reference),0.01002648348706342,False,4.599804412539147,2336315
nfcorpus,36,selection,50,4304,50,glob_probe,best_in_menu_on_eval,0.0,True,,2336315
nfcorpus,37,recalibration,50,4493,50,ad_probe,ad_c(full_target_scalar_reference),0.0016778859481167974,True,2.135298067856649,2337315
nfcorpus,37,selection,50,4493,50,ad_probe,best_in_menu_on_eval,0.019600661925323254,False,,2337315
nfcorpus,38,recalibration,50,4368,50,ad_probe,ad_c(full_target_scalar_reference),0.005115263024396244,False,2.580842544041465,2338315
nfcorpus,38,selection,50,4368,50,glob_probe,best_in_menu_on_eval,0.0,True,,2338315
nfcorpus,39,recalibration,50,4231,50,ad_probe,ad_c(full_target_scalar_reference),0.006288693795559186,False,2.5940734919513044,2339315
nfcorpus,39,selection,50,4231,50,glob_probe,best_in_menu_on_eval,0.0,True,,2339315
nfcorpus,40,recalibration,50,4437,50,ad_probe,ad_c(full_target_scalar_reference),0.006252134329767234,False,2.70598365867148,2340315
nfcorpus,40,selection,50,4437,50,glob_probe,best_in_menu_on_eval,0.0,True,,2340315
nfcorpus,41,recalibration,50,4180,50,ad_probe,ad_c(full_target_scalar_reference),0.0003500797274427758,True,0.4019658924458671,2341315
nfcorpus,41,selection,50,4180,50,glob_probe,best_in_menu_on_eval,0.0,True,,2341315
nfcorpus,42,recalibration,50,4438,50,ad_probe,ad_c(full_target_scalar_reference),0.005060245992112411,False,2.155442024355107,2342315
nfcorpus,42,selection,50,4438,50,glob_probe,best_in_menu_on_eval,0.0,True,,2342315
nfcorpus,43,recalibration,50,4416,50,ad_probe,ad_c(full_target_scalar_reference),0.0065505200830209,False,2.533582875649115,2343315
nfcorpus,43,selection,50,4416,50,glob_probe,best_in_menu_on_eval,0.0,True,,2343315
nfcorpus,44,recalibration,50,4338,50,ad_probe,ad_c(full_target_scalar_reference),0.0,True,0.07607662343633059,2344315
nfcorpus,44,selection,50,4338,50,glob_probe,best_in_menu_on_eval,0.0,True,,2344315
nfcorpus,45,recalibration,50,4236,50,ad_probe,ad_c(full_target_scalar_reference),0.004875774704544783,True,2.0173405546007377,2345315
nfcorpus,45,selection,50,4236,50,glob_probe,best_in_menu_on_eval,0.0,True,,2345315
nfcorpus,46,recalibration,50,4570,50,ad_probe,ad_c(full_target_scalar_reference),0.01025575802521353,False,4.728978621571128,2346315
nfcorpus,46,selection,50,4570,50,glob_probe,best_in_menu_on_eval,0.0,True,,2346315
nfcorpus,47,recalibration,50,4590,50,ad_probe,ad_c(full_target_scalar_reference),5.0875050875059946e-05,True,0.17917420345199453,2347315
nfcorpus,47,selection,50,4590,50,trunc,best_in_menu_on_eval,0.015556703134262134,False,,2347315
nfcorpus,48,recalibration,50,4222,50,ad_probe,ad_c(full_target_scalar_reference),0.005872897964437074,False,2.8063289799839666,2348315
nfcorpus,48,selection,50,4222,50,glob_probe,best_in_menu_on_eval,0.0,True,,2348315
nfcorpus,49,recalibration,50,4463,50,ad_probe,ad_c(full_target_scalar_reference),0.006111246579050822,False,3.3992570605809487,2349315
nfcorpus,49,selection,50,4463,50,glob_probe,best_in_menu_on_eval,0.0,True,,2349315
nfcorpus,0,recalibration,100,8701,100,ad_probe,ad_c(full_target_scalar_reference),0.0004621036023333136,True,0.47357795170156614,2400083
nfcorpus,0,selection,100,8701,100,trunc,best_in_menu_on_eval,0.019150447481597915,False,,2400083
nfcorpus,1,recalibration,100,8713,100,ad_probe,ad_c(full_target_scalar_reference),0.0025188115181526416,True,3.368949180954287,2401083
nfcorpus,1,selection,100,8713,100,trunc,best_in_menu_on_eval,0.019683093696664516,False,,2401083
nfcorpus,2,recalibration,100,8639,100,ad_probe,ad_c(full_target_scalar_reference),2.9309182566883418e-05,True,0.2936301536595831,2402083
nfcorpus,2,selection,100,8639,100,glob_probe,best_in_menu_on_eval,0.0,True,,2402083
nfcorpus,3,recalibration,100,8627,100,ad_probe,ad_c(full_target_scalar_reference),0.0007489858600658872,True,1.8632539903864735,2403083
nfcorpus,3,selection,100,8627,100,glob_probe,best_in_menu_on_eval,0.0,True,,2403083
nfcorpus,4,recalibration,100,8910,100,ad_probe,ad_c(full_target_scalar_reference),0.0016335572169358104,True,2.371475333369684,2404083
nfcorpus,4,selection,100,8910,100,glob_probe,best_in_menu_on_eval,0.0,True,,2404083
nfcorpus,5,recalibration,100,8801,100,ad_probe,ad_c(full_target_scalar_reference),0.004707539628028501,True,1.059387037073833,2405083
nfcorpus,5,selection,100,8801,100,glob_probe,best_in_menu_on_eval,0.0,True,,2405083
nfcorpus,6,recalibration,100,8758,100,ad_probe,ad_c(full_target_scalar_reference),0.0045626275769632685,True,0.8785255225323372,2406083
nfcorpus,6,selection,100,8758,100,glob_probe,best_in_menu_on_eval,0.0,True,,2406083
nfcorpus,7,recalibration,100,8453,100,ad_probe,ad_c(full_target_scalar_reference),0.00042659265065272955,True,0.5288202843659864,2407083
nfcorpus,7,selection,100,8453,100,glob_probe,best_in_menu_on_eval,0.0,True,,2407083
nfcorpus,8,recalibration,100,8775,100,ad_probe,ad_c(full_target_scalar_reference),0.004647221982829353,True,1.10555593009145,2408083
nfcorpus,8,selection,100,8775,100,glob_probe,best_in_menu_on_eval,0.0,True,,2408083
nfcorpus,9,recalibration,100,8539,100,ad_probe,ad_c(full_target_scalar_reference),0.006313086566765491,False,2.589627840492117,2409083
nfcorpus,9,selection,100,8539,100,glob_probe,best_in_menu_on_eval,0.0,True,,2409083
nfcorpus,10,recalibration,100,8685,100,ad_probe,ad_c(full_target_scalar_reference),0.0031302413698114373,True,2.331310375484799,2410083
nfcorpus,10,selection,100,8685,100,trunc,best_in_menu_on_eval,0.02113318584080512,False,,2410083
nfcorpus,11,recalibration,100,8716,100,ad_probe,ad_c(full_target_scalar_reference),0.005791778754940691,False,2.513173020465617,2411083
nfcorpus,11,selection,100,8716,100,glob_probe,best_in_menu_on_eval,0.0,True,,2411083
nfcorpus,12,recalibration,100,8514,100,ad_probe,ad_c(full_target_scalar_reference),0.0032221765363810856,True,3.0276024090676454,2412083
nfcorpus,12,selection,100,8514,100,glob_probe,best_in_menu_on_eval,0.0,True,,2412083
nfcorpus,13,recalibration,100,8831,100,ad_probe,ad_c(full_target_scalar_reference),0.00019178590460977585,True,0.43803891690191143,2413083
nfcorpus,13,selection,100,8831,100,trunc,best_in_menu_on_eval,0.01801084240055209,False,,2413083
nfcorpus,14,recalibration,100,8753,100,ad_probe,ad_c(full_target_scalar_reference),7.931423690551997e-05,True,0.6897758417383084,2414083
nfcorpus,14,selection,100,8753,100,glob_probe,best_in_menu_on_eval,0.0,True,,2414083
nfcorpus,15,recalibration,100,8396,100,ad_probe,ad_c(full_target_scalar_reference),0.0,True,0.12844621116320987,2415083
nfcorpus,15,selection,100,8396,100,glob_probe,best_in_menu_on_eval,0.0,True,,2415083
nfcorpus,16,recalibration,100,8657,100,ad_probe,ad_c(full_target_scalar_reference),0.00045629419748838274,True,0.8842135353661948,2416083
nfcorpus,16,selection,100,8657,100,glob_probe,best_in_menu_on_eval,0.0,True,,2416083
nfcorpus,17,recalibration,100,8499,100,ad_probe,ad_c(full_target_scalar_reference),0.00012950389165514165,True,0.46085365519629207,2417083
nfcorpus,17,selection,100,8499,100,glob_probe,best_in_menu_on_eval,0.0,True,,2417083
nfcorpus,18,recalibration,100,8644,100,ad_probe,ad_c(full_target_scalar_reference),0.0001689067978100922,True,0.46085365519629207,2418083
nfcorpus,18,selection,100,8644,100,glob_probe,best_in_menu_on_eval,0.0,True,,2418083
nfcorpus,19,recalibration,100,8467,100,ad_probe,ad_c(full_target_scalar_reference),0.00640603330453593,False,1.8646611971347777,2419083
nfcorpus,19,selection,100,8467,100,glob_probe,best_in_menu_on_eval,0.0,True,,2419083
nfcorpus,20,recalibration,100,8706,100,ad_probe,ad_c(full_target_scalar_reference),0.006133853639344489,False,2.4281631865755013,2420083
nfcorpus,20,selection,100,8706,100,glob_probe,best_in_menu_on_eval,0.0,True,,2420083
nfcorpus,21,recalibration,100,8768,100,ad_probe,ad_c(full_target_scalar_reference),0.00039070474688671086,True,0.3594220085481421,2421083
nfcorpus,21,selection,100,8768,100,glob_probe,best_in_menu_on_eval,0.0,True,,2421083
nfcorpus,22,recalibration,100,8782,100,ad_probe,ad_c(full_target_scalar_reference),0.0007716617323739461,True,1.3695409944899257,2422083
nfcorpus,22,selection,100,8782,100,glob_probe,best_in_menu_on_eval,0.0,True,,2422083
nfcorpus,23,recalibration,100,8815,100,ad_probe,ad_c(full_target_scalar_reference),0.004696888072368788,True,1.0152831834064973,2423083
nfcorpus,23,selection,100,8815,100,glob_probe,best_in_menu_on_eval,0.0,True,,2423083
nfcorpus,24,recalibration,100,8613,100,ad_probe,ad_c(full_target_scalar_reference),0.0013105021436638775,True,2.371475333369684,2424083
nfcorpus,24,selection,100,8613,100,glob_probe,best_in_menu_on_eval,0.0,True,,2424083
nfcorpus,25,recalibration,100,8762,100,ad_probe,ad_c(full_target_scalar_reference),0.005052486161315817,False,1.0351317755824052,2425083
nfcorpus,25,selection,100,8762,100,glob_probe,best_in_menu_on_eval,0.0,True,,2425083
nfcorpus,26,recalibration,100,8641,100,ad_probe,ad_c(full_target_scalar_reference),0.007917096171514232,False,2.7335805031586133,2426083
nfcorpus,26,selection,100,8641,100,glob_probe,best_in_menu_on_eval,0.0,True,,2426083
nfcorpus,27,recalibration,100,8508,100,ad_probe,ad_c(full_target_scalar_reference),0.003888423563223914,True,3.977129663942444,2427083
nfcorpus,27,selection,100,8508,100,glob_probe,best_in_menu_on_eval,0.0,True,,2427083
nfcorpus,28,recalibration,100,8869,100,ad_probe,ad_c(full_target_scalar_reference),0.0,True,0.04218318901807372,2428083
nfcorpus,28,selection,100,8869,100,glob_probe,best_in_menu_on_eval,0.0,True,,2428083
nfcorpus,29,recalibration,100,8648,100,ad_probe,ad_c(full_target_scalar_reference),0.0068071595944407814,False,1.7484513923679845,2429083
nfcorpus,29,selection,100,8648,100,glob_probe,best_in_menu_on_eval,0.0,True,,2429083
nfcorpus,30,recalibration,100,8617,100,ad_probe,ad_c(full_target_scalar_reference),0.0,True,0.03937185032486035,2430083
nfcorpus,30,selection,100,8617,100,glob_probe,best_in_menu_on_eval,0.0,True,,2430083
nfcorpus,31,recalibration,100,8531,100,ad_probe,ad_c(full_target_scalar_reference),0.005345905442239868,False,1.3306863995705545,2431083
nfcorpus,31,selection,100,8531,100,glob_probe,best_in_menu_on_eval,0.0,True,,2431083
nfcorpus,32,recalibration,100,8586,100,ad_probe,ad_c(full_target_scalar_reference),0.0004514266858268168,True,0.7307856290300361,2432083
nfcorpus,32,selection,100,8586,100,glob_probe,best_in_menu_on_eval,0.0,True,,2432083
nfcorpus,33,recalibration,100,8628,100,ad_probe,ad_c(full_target_scalar_reference),0.0009294585021446533,True,1.620841529206336,2433083
nfcorpus,33,selection,100,8628,100,ad_probe,best_in_menu_on_eval,0.021225978954232977,False,,2433083
nfcorpus,34,recalibration,100,8802,100,ad_probe,ad_c(full_target_scalar_reference),0.00022557731632852351,True,0.6736666371630751,2434083
nfcorpus,34,selection,100,8802,100,glob_probe,best_in_menu_on_eval,0.0,True,,2434083
nfcorpus,35,recalibration,100,8668,100,ad_probe,ad_c(full_target_scalar_reference),0.006643608779926341,False,2.543876116392047,2435083
nfcorpus,35,selection,100,8668,100,glob_probe,best_in_menu_on_eval,0.0,True,,2435083
nfcorpus,36,recalibration,100,8669,100,ad_probe,ad_c(full_target_scalar_reference),0.00717294866703011,False,2.6851194614170613,2436083
nfcorpus,36,selection,100,8669,100,glob_probe,best_in_menu_on_eval,0.0,True,,2436083
nfcorpus,37,recalibration,100,8607,100,ad_probe,ad_c(full_target_scalar_reference),0.0004514520466736005,True,0.739383219562475,2437083
nfcorpus,37,selection,100,8607,100,glob_probe,best_in_menu_on_eval,0.0,True,,2437083
nfcorpus,38,recalibration,100,8700,100,ad_probe,ad_c(full_target_scalar_reference),0.005143513718711107,False,1.3087313367148834,2438083
nfcorpus,38,selection,100,8700,100,glob_probe,best_in_menu_on_eval,0.0,True,,2438083
nfcorpus,39,recalibration,100,8678,100,ad_probe,ad_c(full_target_scalar_reference),0.002668180393655864,True,2.7262407147850265,2439083
nfcorpus,39,selection,100,8678,100,glob_probe,best_in_menu_on_eval,0.0,True,,2439083
nfcorpus,40,recalibration,100,8749,100,ad_probe,ad_c(full_target_scalar_reference),0.004661781414429161,True,0.9902174246835944,2440083
nfcorpus,40,selection,100,8749,100,glob_probe,best_in_menu_on_eval,0.0,True,,2440083
nfcorpus,41,recalibration,100,8553,100,ad_probe,ad_c(full_target_scalar_reference),0.0,True,0.12844621116320987,2441083
nfcorpus,41,selection,100,8553,100,glob_probe,best_in_menu_on_eval,0.0,True,,2441083
nfcorpus,42,recalibration,100,8551,100,ad_probe,ad_c(full_target_scalar_reference),0.004567501684734215,True,0.694468868663666,2442083
nfcorpus,42,selection,100,8551,100,glob_probe,best_in_menu_on_eval,0.0,True,,2442083
nfcorpus,43,recalibration,100,8772,100,ad_probe,ad_c(full_target_scalar_reference),6.228201295466196e-05,True,0.19295958724658213,2443083
nfcorpus,43,selection,100,8772,100,glob_probe,best_in_menu_on_eval,0.0,True,,2443083
nfcorpus,44,recalibration,100,8336,100,ad_probe,ad_c(full_target_scalar_reference),0.0,True,0.07607662343633059,2444083
nfcorpus,44,selection,100,8336,100,glob_probe,best_in_menu_on_eval,0.0,True,,2444083
nfcorpus,45,recalibration,100,8520,100,ad_probe,ad_c(full_target_scalar_reference),0.005461464448365733,False,1.4244696109264332,2445083
nfcorpus,45,selection,100,8520,100,glob_probe,best_in_menu_on_eval,0.0,True,,2445083
nfcorpus,46,recalibration,100,8694,100,ad_probe,ad_c(full_target_scalar_reference),0.0045869025701816,True,0.7030237852022214,2446083
nfcorpus,46,selection,100,8694,100,glob_probe,best_in_menu_on_eval,0.0,True,,2446083
nfcorpus,47,recalibration,100,8540,100,ad_probe,ad_c(full_target_scalar_reference),0.005729986886651717,False,1.8837436341943707,2447083
nfcorpus,47,selection,100,8540,100,glob_probe,best_in_menu_on_eval,0.0,True,,2447083
nfcorpus,48,recalibration,100,8728,100,ad_probe,ad_c(full_target_scalar_reference),2.9309182566911174e-05,True,0.32485516431597183,2448083
nfcorpus,48,selection,100,8728,100,glob_probe,best_in_menu_on_eval,0.0,True,,2448083
nfcorpus,49,recalibration,100,8608,100,ad_probe,ad_c(full_target_scalar_reference),0.009944814294478216,False,3.604229227077189,2449083
nfcorpus,49,selection,100,8608,100,glob_probe,best_in_menu_on_eval,0.0,True,,2449083
scifact,0,recalibration,5,450,5,ad_probe,ad_c(full_target_scalar_reference),0.005084745762711895,False,0.03628947377078551,2000490
scifact,0,selection,5,450,5,glob_probe,best_in_menu_on_eval,0.0,True,,2000490
scifact,1,recalibration,5,378,5,ad_probe,ad_c(full_target_scalar_reference),0.008474576271186418,False,0.10515767500166928,2001490
scifact,1,selection,5,378,5,glob_probe,best_in_menu_on_eval,0.0,True,,2001490
scifact,2,recalibration,5,440,5,ad_probe,ad_c(full_target_scalar_reference),0.005084745762711895,False,0.05001506890323504,2002490
scifact,2,selection,5,440,5,glob_probe,best_in_menu_on_eval,0.0,True,,2002490
scifact,3,recalibration,5,428,5,ad_probe,ad_c(full_target_scalar_reference),0.005084745762711895,False,0.05001506890323504,2003490
scifact,3,selection,5,428,5,glob_probe,best_in_menu_on_eval,0.0,True,,2003490
scifact,4,recalibration,5,400,5,ad_probe,ad_c(full_target_scalar_reference),0.013559322033898313,False,0.19798602076700278,2004490
scifact,4,selection,5,400,5,glob_probe,best_in_menu_on_eval,0.0,True,,2004490
scifact,5,recalibration,5,448,5,ad_probe,ad_c(full_target_scalar_reference),0.004519774011299438,True,0.02203432905538749,2005490
scifact,5,selection,5,448,5,glob_probe,best_in_menu_on_eval,0.0,True,,2005490
scifact,6,recalibration,5,422,5,ad_probe,ad_c(full_target_scalar_reference),0.005084745762711895,False,0.08579898792244178,2006490
scifact,6,selection,5,422,5,glob_probe,best_in_menu_on_eval,0.0,True,,2006490
scifact,7,recalibration,5,426,5,ad_probe,ad_c(full_target_scalar_reference),0.00790960451977396,False,0.14136287028551897,2007490
scifact,7,selection,5,426,5,glob_probe,best_in_menu_on_eval,0.0,True,,2007490
scifact,8,recalibration,5,418,5,ad_probe,ad_c(full_target_scalar_reference),0.00790960451977396,False,0.17334895782238324,2008490
scifact,8,selection,5,418,5,glob_probe,best_in_menu_on_eval,0.0,True,,2008490
scifact,9,recalibration,5,422,5,ad_probe,ad_c(full_target_scalar_reference),0.0,True,0.010871210320610891,2009490
scifact,9,selection,5,422,5,glob_probe,best_in_menu_on_eval,0.0,True,,2009490
scifact,10,recalibration,5,458,5,ad_probe,ad_c(full_target_scalar_reference),0.005084745762711895,False,0.03479113987341198,2010490
scifact,10,selection,5,458,5,glob_probe,best_in_menu_on_eval,0.0,True,,2010490
scifact,11,recalibration,5,364,5,ad_probe,ad_c(full_target_scalar_reference),0.0,True,0.013408806436780996,2011490
scifact,11,selection,5,364,5,glob_probe,best_in_menu_on_eval,0.0,True,,2011490
scifact,12,recalibration,5,392,5,ad_probe,ad_c(full_target_scalar_reference),0.02033898305084747,False,0.3102254742961196,2012490
scifact,12,selection,5,392,5,glob_probe,best_in_menu_on_eval,0.0,True,,2012490
scifact,13,recalibration,5,412,5,ad_probe,ad_c(full_target_scalar_reference),0.0,True,0.018720056958697273,2013490
scifact,13,selection,5,412,5,glob_probe,best_in_menu_on_eval,0.0,True,,2013490
scifact,14,recalibration,5,467,5,ad_probe,ad_c(full_target_scalar_reference),0.007909604519774072,False,0.2807274589834672,2014490
scifact,14,selection,5,467,5,glob_probe,best_in_menu_on_eval,0.0,True,,2014490
scifact,15,recalibration,5,390,5,ad_probe,ad_c(full_target_scalar_reference),0.005084745762711895,False,0.050016915137332196,2015490
scifact,15,selection,5,390,5,glob_probe,best_in_menu_on_eval,0.0,True,,2015490
scifact,16,recalibration,5,372,5,ad_probe,ad_c(full_target_scalar_reference),0.011864406779661052,False,0.16519525329910423,2016490
scifact,16,selection,5,372,5,glob_probe,best_in_menu_on_eval,0.0,True,,2016490
scifact,17,recalibration,5,399,5,ad_probe,ad_c(full_target_scalar_reference),0.016949152542372836,False,0.20614914153256325,2017490
scifact,17,selection,5,399,5,glob_probe,best_in_menu_on_eval,0.0,True,,2017490
scifact,18,recalibration,5,439,5,ad_probe,ad_c(full_target_scalar_reference),0.0016949152542373724,True,0.0336557667138172,2018490
scifact,18,selection,5,439,5,glob_probe,best_in_menu_on_eval,0.0,True,,2018490
scifact,19,recalibration,5,466,5,ad_probe,ad_c(full_target_scalar_reference),0.005084745762711895,False,0.0895533016544523,2019490
scifact,19,selection,5,466,5,glob_probe,best_in_menu_on_eval,0.0,True,,2019490
scifact,20,recalibration,5,433,5,ad_probe,ad_c(full_target_scalar_reference),0.004519774011299438,True,0.18657506641461796,2020490
scifact,20,selection,5,433,5,glob_probe,best_in_menu_on_eval,0.0,True,,2020490
scifact,21,recalibration,5,420,5,ad_probe,ad_c(full_target_scalar_reference),0.02033898305084747,False,0.3448677969059102,2021490
scifact,21,selection,5,420,5,glob_probe,best_in_menu_on_eval,0.0,True,,2021490
scifact,22,recalibration,5,434,5,ad_probe,ad_c(full_target_scalar_reference),0.0,True,0.0021997197401049107,2022490
scifact,22,selection,5,434,5,glob_probe,best_in_menu_on_eval,0.0,True,,2022490
scifact,23,recalibration,5,407,5,ad_probe,ad_c(full_target_scalar_reference),0.013559322033898313,False,0.1901063073404211,2023490
scifact,23,selection,5,407,5,glob_probe,best_in_menu_on_eval,0.0,True,,2023490
scifact,24,recalibration,5,384,5,ad_probe,ad_c(full_target_scalar_reference),0.007909604519774072,False,0.25709655177397583,2024490
scifact,24,selection,5,384,5,glob_probe,best_in_menu_on_eval,0.0,True,,2024490
scifact,25,recalibration,5,427,5,ad_probe,ad_c(full_target_scalar_reference),0.0,True,0.0046473729755918125,2025490
scifact,25,selection,5,427,5,glob_probe,best_in_menu_on_eval,0.0,True,,2025490
scifact,26,recalibration,5,432,5,ad_probe,ad_c(full_target_scalar_reference),0.005084745762711895,False,0.07638938354766489,2026490
scifact,26,selection,5,432,5,glob_probe,best_in_menu_on_eval,0.0,True,,2026490
scifact,27,recalibration,5,413,5,ad_probe,ad_c(full_target_scalar_reference),0.00621468926553681,False,0.08047736123948801,2027490
scifact,27,selection,5,413,5,glob_probe,best_in_menu_on_eval,0.0,True,,2027490
scifact,28,recalibration,5,414,5,ad_probe,ad_c(full_target_scalar_reference),0.005084745762711895,False,0.07449887915526476,2028490
scifact,28,selection,5,414,5,glob_probe,best_in_menu_on_eval,0.0,True,,2028490
scifact,29,recalibration,5,412,5,ad_probe,ad_c(full_target_scalar_reference),0.0,True,0.00563396878813438,2029490
scifact,29,selection,5,412,5,glob_probe,best_in_menu_on_eval,0.0,True,,2029490
scifact,30,recalibration,5,408,5,ad_probe,ad_c(full_target_scalar_reference),0.02033898305084747,False,0.36160969255407416,2030490
scifact,30,selection,5,408,5,glob_probe,best_in_menu_on_eval,0.0,True,,2030490
scifact,31,recalibration,5,372,5,ad_probe,ad_c(full_target_scalar_reference),0.005084745762711895,False,0.059972309628497755,2031490
scifact,31,selection,5,372,5,glob_probe,best_in_menu_on_eval,0.0,True,,2031490
scifact,32,recalibration,5,426,5,ad_probe,ad_c(full_target_scalar_reference),0.004519774011299438,True,0.02203432905538749,2032490
scifact,32,selection,5,426,5,glob_probe,best_in_menu_on_eval,0.0,True,,2032490
scifact,33,recalibration,5,409,5,ad_probe,ad_c(full_target_scalar_reference),0.020451977401130028,False,0.5761069692294989,2033490
scifact,33,selection,5,409,5,glob_probe,best_in_menu_on_eval,0.0,True,,2033490
scifact,34,recalibration,5,415,5,ad_probe,ad_c(full_target_scalar_reference),0.02033898305084747,False,0.3049252011981838,2034490
scifact,34,selection,5,415,5,glob_probe,best_in_menu_on_eval,0.0,True,,2034490
scifact,35,recalibration,5,389,5,ad_probe,ad_c(full_target_scalar_reference),0.005084745762711895,False,0.07638938354766489,2035490
scifact,35,selection,5,389,5,glob_probe,best_in_menu_on_eval,0.0,True,,2035490
scifact,36,recalibration,5,429,5,ad_probe,ad_c(full_target_scalar_reference),0.008474576271186418,False,0.10515767500166928,2036490
scifact,36,selection,5,429,5,glob_probe,best_in_menu_on_eval,0.0,True,,2036490
scifact,37,recalibration,5,385,5,ad_probe,ad_c(full_target_scalar_reference),0.013559322033898313,False,0.24318471899759608,2037490
scifact,37,selection,5,385,5,glob_probe,best_in_menu_on_eval,0.0,True,,2037490
scifact,38,recalibration,5,413,5,ad_probe,ad_c(full_target_scalar_reference),0.006214689265536699,False,0.04718894109127003,2038490
scifact,38,selection,5,413,5,glob_probe,best_in_menu_on_eval,0.0,True,,2038490
scifact,39,recalibration,5,419,5,ad_probe,ad_c(full_target_scalar_reference),0.005084745762711895,False,0.058412024664215245,2039490
scifact,39,selection,5,419,5,glob_probe,best_in_menu_on_eval,0.0,True,,2039490
scifact,40,recalibration,5,438,5,ad_probe,ad_c(full_target_scalar_reference),0.011299435028248594,False,0.4373767080896276,2040490
scifact,40,selection,5,438,5,glob_probe,best_in_menu_on_eval,0.0,True,,2040490
scifact,41,recalibration,5,420,5,ad_probe,ad_c(full_target_scalar_reference),0.005084745762711895,False,0.10128303244746084,2041490
scifact,41,selection,5,420,5,glob_probe,best_in_menu_on_eval,0.0,True,,2041490
scifact,42,recalibration,5,392,5,ad_probe,ad_c(full_target_scalar_reference),0.016949152542372836,False,0.23887076687504472,2042490
scifact,42,selection,5,392,5,glob_probe,best_in_menu_on_eval,0.0,True,,2042490
scifact,43,recalibration,5,438,5,ad_probe,ad_c(full_target_scalar_reference),0.016949152542372947,False,0.19783936428841398,2043490
scifact,43,selection,5,438,5,glob_probe,best_in_menu_on_eval,0.0,True,,2043490
scifact,44,recalibration,5,391,5,ad_probe,ad_c(full_target_scalar_reference),0.02033898305084747,False,0.36677139353295407,2044490
scifact,44,selection,5,391,5,glob_probe,best_in_menu_on_eval,0.0,True,,2044490
scifact,45,recalibration,5,463,5,ad_probe,ad_c(full_target_scalar_reference),0.005084745762711895,False,0.086762422370666,2045490
scifact,45,selection,5,463,5,glob_probe,best_in_menu_on_eval,0.0,True,,2045490
scifact,46,recalibration,5,403,5,ad_probe,ad_c(full_target_scalar_reference),0.007909604519774072,False,0.1488692605577968,2046490
scifact,46,selection,5,403,5,glob_probe,best_in_menu_on_eval,0.0,True,,2046490
scifact,47,recalibration,5,413,5,ad_probe,ad_c(full_target_scalar_reference),0.011299435028248594,False,0.34386091284695164,2047490
scifact,47,selection,5,413,5,glob_probe,best_in_menu_on_eval,0.0,True,,2047490
scifact,48,recalibration,5,442,5,ad_probe,ad_c(full_target_scalar_reference),0.005084745762711895,False,0.09939902872401873,2048490
scifact,48,selection,5,442,5,trunc,best_in_menu_on_eval,0.04830508474576267,False,,2048490
scifact,49,recalibration,5,427,5,ad_probe,ad_c(full_target_scalar_reference),0.007909604519774072,False,0.11491277202916339,2049490
scifact,49,selection,5,427,5,glob_probe,best_in_menu_on_eval,0.0,True,,2049490
scifact,0,recalibration,10,835,10,ad_probe,ad_c(full_target_scalar_reference),0.006321839080459801,False,0.04141472041642924,9
scifact,0,selection,10,835,10,glob_probe,best_in_menu_on_eval,0.0,True,,9
scifact,1,recalibration,10,748,10,ad_probe,ad_c(full_target_scalar_reference),0.008620689655172376,False,0.1127306634313614,1009
scifact,1,selection,10,748,10,glob_probe,best_in_menu_on_eval,0.0,True,,1009
scifact,2,recalibration,10,800,10,ad_probe,ad_c(full_target_scalar_reference),0.008620689655172487,False,0.11931785194607258,2009
scifact,2,selection,10,800,10,trunc,best_in_menu_on_eval,0.04913793103448272,False,,2009
scifact,3,recalibration,10,784,10,ad_probe,ad_c(full_target_scalar_reference),0.017241379310344862,False,0.27786715902575576,3009
scifact,3,selection,10,784,10,glob_probe,best_in_menu_on_eval,0.0,True,,3009
scifact,4,recalibration,10,856,10,ad_probe,ad_c(full_target_scalar_reference),0.0,True,0.01406147668862423,4009
scifact,4,selection,10,856,10,glob_probe,best_in_menu_on_eval,0.0,True,,4009
scifact,5,recalibration,10,897,10,ad_probe,ad_c(full_target_scalar_reference),0.006321839080459801,False,0.028893937880674736,5009
scifact,5,selection,10,897,10,trunc,best_in_menu_on_eval,0.04913793103448272,False,,5009
scifact,6,recalibration,10,894,10,ad_probe,ad_c(full_target_scalar_reference),0.005172413793103403,False,0.06813132420780899,6009
scifact,6,selection,10,894,10,glob_probe,best_in_menu_on_eval,0.0,True,,6009
scifact,7,recalibration,10,844,10,ad_probe,ad_c(full_target_scalar_reference),0.005172413793103403,False,0.07268904463910175,7009
scifact,7,selection,10,844,10,glob_probe,best_in_menu_on_eval,0.0,True,,7009
scifact,8,recalibration,10,817,10,ad_probe,ad_c(full_target_scalar_reference),0.005172413793103403,False,0.07470797193067547,8009
scifact,8,selection,10,817,10,trunc,best_in_menu_on_eval,0.04913793103448272,False,,8009
scifact,9,recalibration,10,879,10,ad_probe,ad_c(full_target_scalar_reference),0.0,True,0.010338592919433731,9009
scifact,9,selection,10,879,10,glob_probe,best_in_menu_on_eval,0.0,True,,9009
scifact,10,recalibration,10,889,10,ad_probe,ad_c(full_target_scalar_reference),0.005172413793103514,False,0.056380705837487,10009
scifact,10,selection,10,889,10,glob_probe,best_in_menu_on_eval,0.0,True,,10009
scifact,11,recalibration,10,837,10,ad_probe,ad_c(full_target_scalar_reference),0.0034482758620689724,True,0.026013518113188416,11009
scifact,11,selection,10,837,10,glob_probe,best_in_menu_on_eval,0.0,True,,11009
scifact,12,recalibration,10,851,10,ad_probe,ad_c(full_target_scalar_reference),0.008045977011494343,False,0.28351235949816056,12009
scifact,12,selection,10,851,10,glob_probe,best_in_menu_on_eval,0.0,True,,12009
scifact,13,recalibration,10,871,10,ad_probe,ad_c(full_target_scalar_reference),0.008045977011494232,False,0.3082563324537757,13009
scifact,13,selection,10,871,10,trunc,best_in_menu_on_eval,0.04913793103448272,False,,13009
scifact,14,recalibration,10,777,10,ad_probe,ad_c(full_target_scalar_reference),0.0045977011494253706,True,0.021440512209388474,14009
scifact,14,selection,10,777,10,glob_probe,best_in_menu_on_eval,0.0,True,,14009
scifact,15,recalibration,10,882,10,ad_probe,ad_c(full_target_scalar_reference),0.0045977011494251485,True,0.023545280878560115,15009
scifact,15,selection,10,882,10,glob_probe,best_in_menu_on_eval,0.0,True,,15009
scifact,16,recalibration,10,835,10,ad_probe,ad_c(full_target_scalar_reference),0.008620689655172487,False,0.14910462649452305,16009
scifact,16,selection,10,835,10,glob_probe,best_in_menu_on_eval,0.0,True,,16009
scifact,17,recalibration,10,773,10,ad_probe,ad_c(full_target_scalar_reference),0.008620689655172376,False,0.114403405354778,17009
scifact,17,selection,10,773,10,glob_probe,best_in_menu_on_eval,0.0,True,,17009
scifact,18,recalibration,10,843,10,ad_probe,ad_c(full_target_scalar_reference),0.008620689655172487,False,0.11704996430142955,18009
scifact,18,selection,10,843,10,glob_probe,best_in_menu_on_eval,0.0,True,,18009
scifact,19,recalibration,10,805,10,ad_probe,ad_c(full_target_scalar_reference),0.01379310344827589,False,0.18661042411458317,19009
scifact,19,selection,10,805,10,glob_probe,best_in_menu_on_eval,0.0,True,,19009
scifact,20,recalibration,10,803,10,ad_probe,ad_c(full_target_scalar_reference),0.008620689655172487,False,0.11869738037087973,20009
scifact,20,selection,10,803,10,glob_probe,best_in_menu_on_eval,0.0,True,,20009
scifact,21,recalibration,10,874,10,ad_probe,ad_c(full_target_scalar_reference),0.0,True,0.007800092479589127,21009
scifact,21,selection,10,874,10,glob_probe,best_in_menu_on_eval,0.0,True,,21009
scifact,22,recalibration,10,784,10,ad_probe,ad_c(full_target_scalar_reference),0.01551724137931032,False,0.2025555477627723,22009
scifact,22,selection,10,784,10,glob_probe,best_in_menu_on_eval,0.0,True,,22009
scifact,23,recalibration,10,752,10,ad_probe,ad_c(full_target_scalar_reference),0.008620689655172376,False,0.1316987518260352,23009
scifact,23,selection,10,752,10,glob_probe,best_in_menu_on_eval,0.0,True,,23009
scifact,24,recalibration,10,825,10,ad_probe,ad_c(full_target_scalar_reference),0.0045977011494253706,True,0.02420480497697408,24009
scifact,24,selection,10,825,10,glob_probe,best_in_menu_on_eval,0.0,True,,24009
scifact,25,recalibration,10,854,10,ad_probe,ad_c(full_target_scalar_reference),0.008620689655172376,False,0.14620835331974025,25009
scifact,25,selection,10,854,10,trunc,best_in_menu_on_eval,0.04913793103448272,False,,25009
scifact,26,recalibration,10,799,10,ad_probe,ad_c(full_target_scalar_reference),0.0,True,0.009324957432659264,26009
scifact,26,selection,10,799,10,glob_probe,best_in_menu_on_eval,0.0,True,,26009
scifact,27,recalibration,10,866,10,ad_probe,ad_c(full_target_scalar_reference),0.006321839080459801,False,0.03681064465759909,27009
scifact,27,selection,10,866,10,glob_probe,best_in_menu_on_eval,0.0,True,,27009
scifact,28,recalibration,10,833,10,ad_probe,ad_c(full_target_scalar_reference),0.005172413793103403,False,0.05035318268371247,28009
scifact,28,selection,10,833,10,glob_probe,best_in_menu_on_eval,0.0,True,,28009
scifact,29,recalibration,10,783,10,ad_probe,ad_c(full_target_scalar_reference),0.01724137931034475,False,0.2521465424037148,29009
scifact,29,selection,10,783,10,glob_probe,best_in_menu_on_eval,0.0,True,,29009
scifact,30,recalibration,10,869,10,ad_probe,ad_c(full_target_scalar_reference),0.0,True,0.013201422343212865,30009
scifact,30,selection,10,869,10,glob_probe,best_in_menu_on_eval,0.0,True,,30009
scifact,31,recalibration,10,858,10,ad_probe,ad_c(full_target_scalar_reference),0.008045977011494121,False,0.2911118166765001,31009
scifact,31,selection,10,858,10,glob_probe,best_in_menu_on_eval,0.0,True,,31009
scifact,32,recalibration,10,868,10,ad_probe,ad_c(full_target_scalar_reference),0.0045977011494252595,True,0.02209394373435125,32009
scifact,32,selection,10,868,10,glob_probe,best_in_menu_on_eval,0.0,True,,32009
scifact,33,recalibration,10,860,10,ad_probe,ad_c(full_target_scalar_reference),0.006896551724137834,False,0.1217481073440776,33009
scifact,33,selection,10,860,10,glob_probe,best_in_menu_on_eval,0.0,True,,33009
scifact,34,recalibration,10,860,10,ad_probe,ad_c(full_target_scalar_reference),0.005172413793103403,False,0.06345447916223224,34009
scifact,34,selection,10,860,10,glob_probe,best_in_menu_on_eval,0.0,True,,34009
scifact,35,recalibration,10,769,10,ad_probe,ad_c(full_target_scalar_reference),0.0,True,0.01287402668259241,35009
scifact,35,selection,10,769,10,glob_probe,best_in_menu_on_eval,0.0,True,,35009
scifact,36,recalibration,10,824,10,ad_probe,ad_c(full_target_scalar_reference),0.005172413793103403,False,0.04875357095838129,36009
scifact,36,selection,10,824,10,glob_probe,best_in_menu_on_eval,0.0,True,,36009
scifact,37,recalibration,10,831,10,ad_probe,ad_c(full_target_scalar_reference),0.006321839080459801,False,0.08279430737864746,37009
scifact,37,selection,10,831,10,glob_probe,best_in_menu_on_eval,0.0,True,,37009
scifact,38,recalibration,10,827,10,ad_probe,ad_c(full_target_scalar_reference),0.008620689655172376,False,0.1260261865657537,38009
scifact,38,selection,10,827,10,glob_probe,best_in_menu_on_eval,0.0,True,,38009
scifact,39,recalibration,10,775,10,ad_probe,ad_c(full_target_scalar_reference),0.008045977011494232,False,0.20150388526777796,39009
scifact,39,selection,10,775,10,glob_probe,best_in_menu_on_eval,0.0,True,,39009
scifact,40,recalibration,10,809,10,ad_probe,ad_c(full_target_scalar_reference),0.008620689655172487,False,0.10625850947044901,40009
scifact,40,selection,10,809,10,glob_probe,best_in_menu_on_eval,0.0,True,,40009
scifact,41,recalibration,10,831,10,ad_probe,ad_c(full_target_scalar_reference),0.0,True,0.014179037043014375,41009
scifact,41,selection,10,831,10,trunc,best_in_menu_on_eval,0.04913793103448272,False,,41009
scifact,42,recalibration,10,822,10,ad_probe,ad_c(full_target_scalar_reference),0.008620689655172376,False,0.1149658934837694,42009
scifact,42,selection,10,822,10,trunc,best_in_menu_on_eval,0.04913793103448272,False,,42009
scifact,43,recalibration,10,831,10,ad_probe,ad_c(full_target_scalar_reference),0.0045977011494252595,True,0.025918157033431033,43009
scifact,43,selection,10,831,10,trunc,best_in_menu_on_eval,0.04741379310344829,False,,43009
scifact,44,recalibration,10,842,10,ad_probe,ad_c(full_target_scalar_reference),0.0,True,0.015366555181086428,44009
scifact,44,selection,10,842,10,glob_probe,best_in_menu_on_eval,0.0,True,,44009
scifact,45,recalibration,10,880,10,ad_probe,ad_c(full_target_scalar_reference),0.008045977011494343,False,0.0910084951704957,45009
scifact,45,selection,10,880,10,glob_probe,best_in_menu_on_eval,0.0,True,,45009
scifact,46,recalibration,10,863,10,ad_probe,ad_c(full_target_scalar_reference),0.005172413793103403,False,0.03568878431538347,46009
scifact,46,selection,10,863,10,glob_probe,best_in_menu_on_eval,0.0,True,,46009
scifact,47,recalibration,10,789,10,ad_probe,ad_c(full_target_scalar_reference),0.008620689655172376,False,0.13795264763143145,47009
scifact,47,selection,10,789,10,glob_probe,best_in_menu_on_eval,0.0,True,,47009
scifact,48,recalibration,10,847,10,ad_probe,ad_c(full_target_scalar_reference),0.008045977011494232,False,0.10899055810586411,48009
scifact,48,selection,10,847,10,glob_probe,best_in_menu_on_eval,0.0,True,,48009
scifact,49,recalibration,10,798,10,ad_probe,ad_c(full_target_scalar_reference),0.012068965517241348,False,0.17379056548306582,49009
scifact,49,selection,10,798,10,glob_probe,best_in_menu_on_eval,0.0,True,,49009
scifact,0,recalibration,20,1794,20,ad_probe,ad_c(full_target_scalar_reference),0.004761904761904745,True,0.02457347079001515,2200163
scifact,0,selection,20,1794,20,glob_probe,best_in_menu_on_eval,0.0,True,,2200163
scifact,1,recalibration,20,1689,20,ad_probe,ad_c(full_target_scalar_reference),0.005357142857142838,False,0.07890552669411699,2201163
scifact,1,selection,20,1689,20,glob_probe,best_in_menu_on_eval,0.0,True,,2201163
scifact,2,recalibration,20,1657,20,ad_probe,ad_c(full_target_scalar_reference),0.006547619047619024,False,0.048647470699588524,2202163
scifact,2,selection,20,1657,20,glob_probe,best_in_menu_on_eval,0.0,True,,2202163
scifact,3,recalibration,20,1674,20,ad_probe,ad_c(full_target_scalar_reference),0.004761904761904856,True,0.02092048070349317,2203163
scifact,3,selection,20,1674,20,glob_probe,best_in_menu_on_eval,0.0,True,,2203163
scifact,4,recalibration,20,1745,20,ad_probe,ad_c(full_target_scalar_reference),0.006547619047619024,False,0.08427508648616655,2204163
scifact,4,selection,20,1745,20,glob_probe,best_in_menu_on_eval,0.0,True,,2204163
scifact,5,recalibration,20,1699,20,ad_probe,ad_c(full_target_scalar_reference),0.008333333333333304,False,0.10972961979381268,2205163
scifact,5,selection,20,1699,20,glob_probe,best_in_menu_on_eval,0.0,True,,2205163
scifact,6,recalibration,20,1749,20,ad_probe,ad_c(full_target_scalar_reference),0.0,True,0.01766176089169269,2206163
scifact,6,selection,20,1749,20,glob_probe,best_in_menu_on_eval,0.0,True,,2206163
scifact,7,recalibration,20,1642,20,ad_probe,ad_c(full_target_scalar_reference),0.0035714285714285587,True,0.020012826677734408,2207163
scifact,7,selection,20,1642,20,glob_probe,best_in_menu_on_eval,0.0,True,,2207163
scifact,8,recalibration,20,1680,20,ad_probe,ad_c(full_target_scalar_reference),0.006547619047619024,False,0.1278635193385087,2208163
scifact,8,selection,20,1680,20,glob_probe,best_in_menu_on_eval,0.0,True,,2208163
scifact,9,recalibration,20,1711,20,ad_probe,ad_c(full_target_scalar_reference),0.006547619047619135,False,0.03724530814980165,2209163
scifact,9,selection,20,1711,20,glob_probe,best_in_menu_on_eval,0.0,True,,2209163
scifact,10,recalibration,20,1682,20,ad_probe,ad_c(full_target_scalar_reference),0.0071428571428571175,False,0.1374077239959528,2210163
scifact,10,selection,20,1682,20,glob_probe,best_in_menu_on_eval,0.0,True,,2210163
scifact,11,recalibration,20,1641,20,ad_probe,ad_c(full_target_scalar_reference),0.008333333333333304,False,0.12238412895821904,2211163
scifact,11,selection,20,1641,20,glob_probe,best_in_menu_on_eval,0.0,True,,2211163
scifact,12,recalibration,20,1706,20,ad_probe,ad_c(full_target_scalar_reference),0.0035714285714285587,True,0.07968566917625819,2212163
scifact,12,selection,20,1706,20,glob_probe,best_in_menu_on_eval,0.0,True,,2212163
scifact,13,recalibration,20,1652,20,ad_probe,ad_c(full_target_scalar_reference),0.005357142857142838,False,0.06657458182095777,2213163
scifact,13,selection,20,1652,20,glob_probe,best_in_menu_on_eval,0.0,True,,2213163
scifact,14,recalibration,20,1703,20,ad_probe,ad_c(full_target_scalar_reference),0.004761904761904745,True,0.11117756716667326,2214163
scifact,14,selection,20,1703,20,glob_probe,best_in_menu_on_eval,0.0,True,,2214163
scifact,15,recalibration,20,1628,20,ad_probe,ad_c(full_target_scalar_reference),0.005357142857142949,False,0.037094831903780046,2215163
scifact,15,selection,20,1628,20,glob_probe,best_in_menu_on_eval,0.0,True,,2215163
scifact,16,recalibration,20,1668,20,ad_probe,ad_c(full_target_scalar_reference),0.008928571428571397,False,0.1410122881416329,2216163
scifact,16,selection,20,1668,20,glob_probe,best_in_menu_on_eval,0.0,True,,2216163
scifact,17,recalibration,20,1642,20,ad_probe,ad_c(full_target_scalar_reference),0.005357142857142949,False,0.06759928256748571,2217163
scifact,17,selection,20,1642,20,glob_probe,best_in_menu_on_eval,0.0,True,,2217163
scifact,18,recalibration,20,1663,20,ad_probe,ad_c(full_target_scalar_reference),0.005357142857142949,False,0.03795141554503256,2218163
scifact,18,selection,20,1663,20,glob_probe,best_in_menu_on_eval,0.0,True,,2218163
scifact,19,recalibration,20,1651,20,ad_probe,ad_c(full_target_scalar_reference),0.017857142857142905,False,0.21337223290942853,2219163
scifact,19,selection,20,1651,20,glob_probe,best_in_menu_on_eval,0.0,True,,2219163
scifact,20,recalibration,20,1561,20,ad_probe,ad_c(full_target_scalar_reference),0.005357142857142838,False,0.07889327258105272,2220163
scifact,20,selection,20,1561,20,glob_probe,best_in_menu_on_eval,0.0,True,,2220163
scifact,21,recalibration,20,1624,20,ad_probe,ad_c(full_target_scalar_reference),0.0035714285714285587,True,0.018142856007876684,2221163
scifact,21,selection,20,1624,20,glob_probe,best_in_menu_on_eval,0.0,True,,2221163
scifact,22,recalibration,20,1731,20,ad_probe,ad_c(full_target_scalar_reference),0.006547619047619024,False,0.04366430498845353,2222163
scifact,22,selection,20,1731,20,glob_probe,best_in_menu_on_eval,0.0,True,,2222163
scifact,23,recalibration,20,1588,20,ad_probe,ad_c(full_target_scalar_reference),0.0,True,0.007163549943849157,2223163
scifact,23,selection,20,1588,20,glob_probe,best_in_menu_on_eval,0.0,True,,2223163
scifact,24,recalibration,20,1751,20,ad_probe,ad_c(full_target_scalar_reference),0.0,True,0.00036795892675867137,2224163
scifact,24,selection,20,1751,20,glob_probe,best_in_menu_on_eval,0.0,True,,2224163
scifact,25,recalibration,20,1693,20,ad_probe,ad_c(full_target_scalar_reference),0.004761904761904745,True,0.025347367732065695,2225163
scifact,25,selection,20,1693,20,glob_probe,best_in_menu_on_eval,0.0,True,,2225163
scifact,26,recalibration,20,1781,20,ad_probe,ad_c(full_target_scalar_reference),0.0,True,0.01406147668862423,2226163
scifact,26,selection,20,1781,20,glob_probe,best_in_menu_on_eval,0.0,True,,2226163
scifact,27,recalibration,20,1632,20,ad_probe,ad_c(full_target_scalar_reference),0.0,True,0.014657930345279846,2227163
scifact,27,selection,20,1632,20,glob_probe,best_in_menu_on_eval,0.0,True,,2227163
scifact,28,recalibration,20,1620,20,ad_probe,ad_c(full_target_scalar_reference),0.0071428571428572285,False,0.22649263217043525,2228163
scifact,28,selection,20,1620,20,glob_probe,best_in_menu_on_eval,0.0,True,,2228163
scifact,29,recalibration,20,1647,20,ad_probe,ad_c(full_target_scalar_reference),0.005357142857142838,False,0.09547833146205553,2229163
scifact,29,selection,20,1647,20,glob_probe,best_in_menu_on_eval,0.0,True,,2229163
scifact,30,recalibration,20,1611,20,ad_probe,ad_c(full_target_scalar_reference),0.005357142857142838,False,0.045654198925648704,2230163
scifact,30,selection,20,1611,20,glob_probe,best_in_menu_on_eval,0.0,True,,2230163
scifact,31,recalibration,20,1595,20,ad_probe,ad_c(full_target_scalar_reference),0.005357142857142838,False,0.08157590295916539,2231163
scifact,31,selection,20,1595,20,glob_probe,best_in_menu_on_eval,0.0,True,,2231163
scifact,32,recalibration,20,1749,20,ad_probe,ad_c(full_target_scalar_reference),0.008333333333333304,False,0.13954351650560182,2232163
scifact,32,selection,20,1749,20,glob_probe,best_in_menu_on_eval,0.0,True,,2232163
scifact,33,recalibration,20,1654,20,ad_probe,ad_c(full_target_scalar_reference),0.008928571428571397,False,0.10459249647927771,2233163
scifact,33,selection,20,1654,20,glob_probe,best_in_menu_on_eval,0.0,True,,2233163
scifact,34,recalibration,20,1712,20,ad_probe,ad_c(full_target_scalar_reference),0.005357142857142838,False,0.09541816705095663,2234163
scifact,34,selection,20,1712,20,glob_probe,best_in_menu_on_eval,0.0,True,,2234163
scifact,35,recalibration,20,1671,20,ad_probe,ad_c(full_target_scalar_reference),0.006547619047619135,False,0.02618707751845739,2235163
scifact,35,selection,20,1671,20,trunc,best_in_menu_on_eval,0.05089285714285707,False,,2235163
scifact,36,recalibration,20,1712,20,ad_probe,ad_c(full_target_scalar_reference),0.0,True,0.013590236554131385,2236163
scifact,36,selection,20,1712,20,glob_probe,best_in_menu_on_eval,0.0,True,,2236163
scifact,37,recalibration,20,1619,20,ad_probe,ad_c(full_target_scalar_reference),0.0,True,0.007977855242634058,2237163
scifact,37,selection,20,1619,20,glob_probe,best_in_menu_on_eval,0.0,True,,2237163
scifact,38,recalibration,20,1700,20,ad_probe,ad_c(full_target_scalar_reference),0.008333333333333304,False,0.11325176941082238,2238163
scifact,38,selection,20,1700,20,trunc,best_in_menu_on_eval,0.049702380952381,False,,2238163
scifact,39,recalibration,20,1588,20,ad_probe,ad_c(full_target_scalar_reference),0.005357142857142838,False,0.0610442308466137,2239163
scifact,39,selection,20,1588,20,glob_probe,best_in_menu_on_eval,0.0,True,,2239163
scifact,40,recalibration,20,1670,20,ad_probe,ad_c(full_target_scalar_reference),0.005357142857142949,False,0.055394176463025135,2240163
scifact,40,selection,20,1670,20,glob_probe,best_in_menu_on_eval,0.0,True,,2240163
scifact,41,recalibration,20,1640,20,ad_probe,ad_c(full_target_scalar_reference),0.005357142857142838,False,0.051653134247515164,2241163
scifact,41,selection,20,1640,20,glob_probe,best_in_menu_on_eval,0.0,True,,2241163
scifact,42,recalibration,20,1723,20,ad_probe,ad_c(full_target_scalar_reference),0.005357142857142838,False,0.043300748830295,2242163
scifact,42,selection,20,1723,20,glob_probe,best_in_menu_on_eval,0.0,True,,2242163
scifact,43,recalibration,20,1650,20,ad_probe,ad_c(full_target_scalar_reference),0.006547619047619135,False,0.04366430498845353,2243163
scifact,43,selection,20,1650,20,glob_probe,best_in_menu_on_eval,0.0,True,,2243163
scifact,44,recalibration,20,1724,20,ad_probe,ad_c(full_target_scalar_reference),0.005357142857142838,False,0.08403762763856149,2244163
scifact,44,selection,20,1724,20,glob_probe,best_in_menu_on_eval,0.0,True,,2244163
scifact,45,recalibration,20,1707,20,ad_probe,ad_c(full_target_scalar_reference),0.0,True,0.011067951965987755,2245163
scifact,45,selection,20,1707,20,glob_probe,best_in_menu_on_eval,0.0,True,,2245163
scifact,46,recalibration,20,1699,20,ad_probe,ad_c(full_target_scalar_reference),0.008928571428571508,False,0.1140038353737054,2246163
scifact,46,selection,20,1699,20,glob_probe,best_in_menu_on_eval,0.0,True,,2246163
scifact,47,recalibration,20,1568,20,ad_probe,ad_c(full_target_scalar_reference),0.0,True,0.01285083833616818,2247163
scifact,47,selection,20,1568,20,glob_probe,best_in_menu_on_eval,0.0,True,,2247163
scifact,48,recalibration,20,1656,20,ad_probe,ad_c(full_target_scalar_reference),0.008928571428571508,False,0.14788512087339223,2248163
scifact,48,selection,20,1656,20,glob_probe,best_in_menu_on_eval,0.0,True,,2248163
scifact,49,recalibration,20,1575,20,ad_probe,ad_c(full_target_scalar_reference),0.005357142857142838,False,0.09596004868616759,2249163
scifact,49,selection,20,1575,20,glob_probe,best_in_menu_on_eval,0.0,True,,2249163
scifact,0,recalibration,50,4142,50,ad_probe,ad_c(full_target_scalar_reference),0.0,True,0.0026441722657497557,2300564
scifact,0,selection,50,4142,50,glob_probe,best_in_menu_on_eval,0.0,True,,2300564
scifact,1,recalibration,50,4289,50,ad_probe,ad_c(full_target_scalar_reference),0.0020000000000000018,True,0.07180623740075531,2301564
scifact,1,selection,50,4289,50,glob_probe,best_in_menu_on_eval,0.0,True,,2301564
scifact,2,recalibration,50,4144,50,ad_probe,ad_c(full_target_scalar_reference),0.010000000000000009,False,0.1515906557815987,2302564
scifact,2,selection,50,4144,50,glob_probe,best_in_menu_on_eval,0.0,True,,2302564
scifact,3,recalibration,50,4251,50,ad_probe,ad_c(full_target_scalar_reference),0.007333333333333303,False,0.029873125204003426,2303564
scifact,3,selection,50,4251,50,glob_probe,best_in_menu_on_eval,0.0,True,,2303564
scifact,4,recalibration,50,4025,50,ad_probe,ad_c(full_target_scalar_reference),0.0020000000000000018,True,0.03077858156312918,2304564
scifact,4,selection,50,4025,50,glob_probe,best_in_menu_on_eval,0.0,True,,2304564
scifact,5,recalibration,50,4161,50,ad_probe,ad_c(full_target_scalar_reference),0.005333333333333412,False,0.020804658811717225,2305564
scifact,5,selection,50,4161,50,glob_probe,best_in_menu_on_eval,0.0,True,,2305564
scifact,6,recalibration,50,4244,50,ad_probe,ad_c(full_target_scalar_reference),0.006000000000000005,False,0.03262852654122672,2306564
scifact,6,selection,50,4244,50,glob_probe,best_in_menu_on_eval,0.0,True,,2306564
scifact,7,recalibration,50,4116,50,ad_probe,ad_c(full_target_scalar_reference),0.0,True,0.016493570519486855,2307564
scifact,7,selection,50,4116,50,glob_probe,best_in_menu_on_eval,0.0,True,,2307564
scifact,8,recalibration,50,4208,50,ad_probe,ad_c(full_target_scalar_reference),0.0,True,0.01736447829059573,2308564
scifact,8,selection,50,4208,50,glob_probe,best_in_menu_on_eval,0.0,True,,2308564
scifact,9,recalibration,50,4215,50,ad_probe,ad_c(full_target_scalar_reference),0.005333333333333412,False,0.024765415180441286,2309564
scifact,9,selection,50,4215,50,trunc,best_in_menu_on_eval,0.05366666666666675,False,,2309564
scifact,10,recalibration,50,4093,50,ad_probe,ad_c(full_target_scalar_reference),0.006000000000000005,False,0.05815564475058088,2310564
scifact,10,selection,50,4093,50,glob_probe,best_in_menu_on_eval,0.0,True,,2310564
scifact,11,recalibration,50,4221,50,ad_probe,ad_c(full_target_scalar_reference),0.0,True,0.013297582613850056,2311564
scifact,11,selection,50,4221,50,glob_probe,best_in_menu_on_eval,0.0,True,,2311564
scifact,12,recalibration,50,4018,50,ad_probe,ad_c(full_target_scalar_reference),0.006000000000000005,False,0.08634570179552814,2312564
scifact,12,selection,50,4018,50,glob_probe,best_in_menu_on_eval,0.0,True,,2312564
scifact,13,recalibration,50,4060,50,ad_probe,ad_c(full_target_scalar_reference),0.0,True,0.009718954372826216,2313564
scifact,13,selection,50,4060,50,glob_probe,best_in_menu_on_eval,0.0,True,,2313564
scifact,14,recalibration,50,4129,50,ad_probe,ad_c(full_target_scalar_reference),0.0040000000000000036,True,0.02200693532240172,2314564
scifact,14,selection,50,4129,50,trunc,best_in_menu_on_eval,0.05600000000000005,False,,2314564
scifact,15,recalibration,50,4151,50,ad_probe,ad_c(full_target_scalar_reference),0.0,True,0.00786338885663651,2315564
scifact,15,selection,50,4151,50,glob_probe,best_in_menu_on_eval,0.0,True,,2315564
scifact,16,recalibration,50,4147,50,ad_probe,ad_c(full_target_scalar_reference),0.006000000000000005,False,0.10375098718632192,2316564
scifact,16,selection,50,4147,50,glob_probe,best_in_menu_on_eval,0.0,True,,2316564
scifact,17,recalibration,50,4165,50,ad_probe,ad_c(full_target_scalar_reference),0.006000000000000005,False,0.051653134247515164,2317564
scifact,17,selection,50,4165,50,glob_probe,best_in_menu_on_eval,0.0,True,,2317564
scifact,18,recalibration,50,4234,50,ad_probe,ad_c(full_target_scalar_reference),0.0040000000000000036,True,0.03356138243979201,2318564
scifact,18,selection,50,4234,50,trunc,best_in_menu_on_eval,0.052999999999999936,False,,2318564
scifact,19,recalibration,50,4259,50,ad_probe,ad_c(full_target_scalar_reference),0.007333333333333303,False,0.04231631877402475,2319564
scifact,19,selection,50,4259,50,trunc,best_in_menu_on_eval,0.05699999999999994,False,,2319564
scifact,20,recalibration,50,4103,50,ad_probe,ad_c(full_target_scalar_reference),0.0,True,0.020374323864998378,2320564
scifact,20,selection,50,4103,50,glob_probe,best_in_menu_on_eval,0.0,True,,2320564
scifact,21,recalibration,50,4192,50,ad_probe,ad_c(full_target_scalar_reference),0.0,True,0.004122116022497568,2321564
scifact,21,selection,50,4192,50,glob_probe,best_in_menu_on_eval,0.0,True,,2321564
scifact,22,recalibration,50,4253,50,ad_probe,ad_c(full_target_scalar_reference),0.006000000000000005,False,0.08815786201255915,2322564
scifact,22,selection,50,4253,50,glob_probe,best_in_menu_on_eval,0.0,True,,2322564
scifact,23,recalibration,50,4192,50,ad_probe,ad_c(full_target_scalar_reference),0.006000000000000005,False,0.07436238136095774,2323564
scifact,23,selection,50,4192,50,glob_probe,best_in_menu_on_eval,0.0,True,,2323564
scifact,24,recalibration,50,4282,50,ad_probe,ad_c(full_target_scalar_reference),0.0013333333333334085,True,0.02028038165793089,2324564
scifact,24,selection,50,4282,50,glob_probe,best_in_menu_on_eval,0.0,True,,2324564
scifact,25,recalibration,50,4222,50,ad_probe,ad_c(full_target_scalar_reference),0.0,True,0.001529110052034044,2325564
scifact,25,selection,50,4222,50,glob_probe,best_in_menu_on_eval,0.0,True,,2325564
scifact,26,recalibration,50,4154,50,ad_probe,ad_c(full_target_scalar_reference),0.020000000000000018,False,0.20126017727766443,2326564
scifact,26,selection,50,4154,50,glob_probe,best_in_menu_on_eval,0.0,True,,2326564
scifact,27,recalibration,50,4335,50,ad_probe,ad_c(full_target_scalar_reference),0.005333333333333301,False,0.062145218444215056,2327564
scifact,27,selection,50,4335,50,glob_probe,best_in_menu_on_eval,0.0,True,,2327564
scifact,28,recalibration,50,4255,50,ad_probe,ad_c(full_target_scalar_reference),0.0033333333333331883,True,0.06793969384782184,2328564
scifact,28,selection,50,4255,50,trunc,best_in_menu_on_eval,0.05700000000000005,False,,2328564
scifact,29,recalibration,50,4192,50,ad_probe,ad_c(full_target_scalar_reference),0.0,True,0.0003482002337651391,2329564
scifact,29,selection,50,4192,50,glob_probe,best_in_menu_on_eval,0.0,True,,2329564
scifact,30,recalibration,50,4165,50,ad_probe,ad_c(full_target_scalar_reference),0.006000000000000005,False,0.05001599202028362,2330564
scifact,30,selection,50,4165,50,trunc,best_in_menu_on_eval,0.05366666666666675,False,,2330564
scifact,31,recalibration,50,4161,50,ad_probe,ad_c(full_target_scalar_reference),0.0,True,0.017177864882600424,2331564
scifact,31,selection,50,4161,50,trunc,best_in_menu_on_eval,0.05500000000000005,False,,2331564
scifact,32,recalibration,50,4151,50,ad_probe,ad_c(full_target_scalar_reference),0.0,True,0.0,2332564
scifact,32,selection,50,4151,50,glob_probe,best_in_menu_on_eval,0.0,True,,2332564
scifact,33,recalibration,50,4186,50,ad_probe,ad_c(full_target_scalar_reference),0.006000000000000005,False,0.037157866784972016,2333564
scifact,33,selection,50,4186,50,glob_probe,best_in_menu_on_eval,0.0,True,,2333564
scifact,34,recalibration,50,4232,50,ad_probe,ad_c(full_target_scalar_reference),0.006000000000000005,False,0.0975132245584861,2334564
scifact,34,selection,50,4232,50,glob_probe,best_in_menu_on_eval,0.0,True,,2334564
scifact,35,recalibration,50,3989,50,ad_probe,ad_c(full_target_scalar_reference),0.006000000000000005,False,0.0507286925085646,2335564
scifact,35,selection,50,3989,50,glob_probe,best_in_menu_on_eval,0.0,True,,2335564
scifact,36,recalibration,50,4096,50,ad_probe,ad_c(full_target_scalar_reference),0.010000000000000009,False,0.13911057992472464,2336564
scifact,36,selection,50,4096,50,glob_probe,best_in_menu_on_eval,0.0,True,,2336564
scifact,37,recalibration,50,4137,50,ad_probe,ad_c(full_target_scalar_reference),0.006000000000000005,False,0.03682256522039884,2337564
scifact,37,selection,50,4137,50,glob_probe,best_in_menu_on_eval,0.0,True,,2337564
scifact,38,recalibration,50,4234,50,ad_probe,ad_c(full_target_scalar_reference),0.006000000000000005,False,0.04020050851146295,2338564
scifact,38,selection,50,4234,50,glob_probe,best_in_menu_on_eval,0.0,True,,2338564
scifact,39,recalibration,50,4259,50,ad_probe,ad_c(full_target_scalar_reference),0.0,True,0.018107177247929318,2339564
scifact,39,selection,50,4259,50,glob_probe,best_in_menu_on_eval,0.0,True,,2339564
scifact,40,recalibration,50,4220,50,ad_probe,ad_c(full_target_scalar_reference),0.0,True,0.00786338885663651,2340564
scifact,40,selection,50,4220,50,glob_probe,best_in_menu_on_eval,0.0,True,,2340564
scifact,41,recalibration,50,4001,50,ad_probe,ad_c(full_target_scalar_reference),0.006000000000000005,False,0.05512274562929109,2341564
scifact,41,selection,50,4001,50,glob_probe,best_in_menu_on_eval,0.0,True,,2341564
scifact,42,recalibration,50,4158,50,ad_probe,ad_c(full_target_scalar_reference),0.0,True,0.019287735464033062,2342564
scifact,42,selection,50,4158,50,glob_probe,best_in_menu_on_eval,0.0,True,,2342564
scifact,43,recalibration,50,4185,50,ad_probe,ad_c(full_target_scalar_reference),0.0020000000000000018,True,0.0349726202423013,2343564
scifact,43,selection,50,4185,50,glob_probe,best_in_menu_on_eval,0.0,True,,2343564
scifact,44,recalibration,50,4173,50,ad_probe,ad_c(full_target_scalar_reference),0.0,True,0.008987804050121007,2344564
scifact,44,selection,50,4173,50,glob_probe,best_in_menu_on_eval,0.0,True,,2344564
scifact,45,recalibration,50,4118,50,ad_probe,ad_c(full_target_scalar_reference),0.0,True,0.01091201115209861,2345564
scifact,45,selection,50,4118,50,trunc,best_in_menu_on_eval,0.05499999999999994,False,,2345564
scifact,46,recalibration,50,4213,50,ad_probe,ad_c(full_target_scalar_reference),0.0040000000000000036,True,0.015300651226495154,2346564
scifact,46,selection,50,4213,50,glob_probe,best_in_menu_on_eval,0.0,True,,2346564
scifact,47,recalibration,50,4252,50,ad_probe,ad_c(full_target_scalar_reference),0.007333333333333192,False,0.09058579860414762,2347564
scifact,47,selection,50,4252,50,glob_probe,best_in_menu_on_eval,0.0,True,,2347564
scifact,48,recalibration,50,4260,50,ad_probe,ad_c(full_target_scalar_reference),0.0040000000000000036,True,0.053838036958873126,2348564
scifact,48,selection,50,4260,50,glob_probe,best_in_menu_on_eval,0.0,True,,2348564
scifact,49,recalibration,50,4183,50,ad_probe,ad_c(full_target_scalar_reference),0.0,True,0.007804263088442953,2349564
scifact,49,selection,50,4183,50,glob_probe,best_in_menu_on_eval,0.0,True,,2349564
scifact,0,recalibration,100,8282,100,ad_probe,ad_c(full_target_scalar_reference),0.007500000000000062,False,0.04844118674082698,2400944
scifact,0,selection,100,8282,100,glob_probe,best_in_menu_on_eval,0.0,True,,2400944
scifact,1,recalibration,100,8498,100,ad_probe,ad_c(full_target_scalar_reference),0.0,True,0.009581251078451869,2401944
scifact,1,selection,100,8498,100,trunc,best_in_menu_on_eval,0.06875000000000009,False,,2401944
scifact,2,recalibration,100,8419,100,ad_probe,ad_c(full_target_scalar_reference),0.0,True,0.004962058307061534,2402944
scifact,2,selection,100,8419,100,glob_probe,best_in_menu_on_eval,0.0,True,,2402944
scifact,3,recalibration,100,8358,100,ad_probe,ad_c(full_target_scalar_reference),0.0,True,0.007100333606587905,2403944
scifact,3,selection,100,8358,100,glob_probe,best_in_menu_on_eval,0.0,True,,2403944
scifact,4,recalibration,100,8392,100,ad_probe,ad_c(full_target_scalar_reference),0.0,True,0.05433359981199137,2404944
scifact,4,selection,100,8392,100,glob_probe,best_in_menu_on_eval,0.0,True,,2404944
scifact,5,recalibration,100,8471,100,ad_probe,ad_c(full_target_scalar_reference),0.0,True,0.004962058307061534,2405944
scifact,5,selection,100,8471,100,trunc,best_in_menu_on_eval,0.06875000000000009,False,,2405944
scifact,6,recalibration,100,8323,100,ad_probe,ad_c(full_target_scalar_reference),0.0,True,0.009581251078451869,2406944
scifact,6,selection,100,8323,100,glob_probe,best_in_menu_on_eval,0.0,True,,2406944
scifact,7,recalibration,100,8131,100,ad_probe,ad_c(full_target_scalar_reference),0.0,True,0.0349726202423013,2407944
scifact,7,selection,100,8131,100,glob_probe,best_in_menu_on_eval,0.0,True,,2407944
scifact,8,recalibration,100,8428,100,ad_probe,ad_c(full_target_scalar_reference),0.009166666666666767,False,0.04136391770611225,2408944
scifact,8,selection,100,8428,100,glob_probe,best_in_menu_on_eval,0.0,True,,2408944
scifact,9,recalibration,100,8293,100,ad_probe,ad_c(full_target_scalar_reference),0.0025000000000000577,True,0.03550571169191463,2409944
scifact,9,selection,100,8293,100,glob_probe,best_in_menu_on_eval,0.0,True,,2409944
scifact,10,recalibration,100,8492,100,ad_probe,ad_c(full_target_scalar_reference),0.0,True,0.016450041199584153,2410944
scifact,10,selection,100,8492,100,glob_probe,best_in_menu_on_eval,0.0,True,,2410944
scifact,11,recalibration,100,8352,100,ad_probe,ad_c(full_target_scalar_reference),0.0,True,0.009825796645185791,2411944
scifact,11,selection,100,8352,100,glob_probe,best_in_menu_on_eval,0.0,True,,2411944
scifact,12,recalibration,100,8444,100,ad_probe,ad_c(full_target_scalar_reference),0.0,True,0.006800039392757862,2412944
scifact,12,selection,100,8444,100,glob_probe,best_in_menu_on_eval,0.0,True,,2412944
scifact,13,recalibration,100,8513,100,ad_probe,ad_c(full_target_scalar_reference),0.0,True,0.01091201115209861,2413944
scifact,13,selection,100,8513,100,glob_probe,best_in_menu_on_eval,0.0,True,,2413944
scifact,14,recalibration,100,8372,100,ad_probe,ad_c(full_target_scalar_reference),0.0,True,0.005964646942608898,2414944
scifact,14,selection,100,8372,100,trunc,best_in_menu_on_eval,0.06833333333333347,False,,2414944
scifact,15,recalibration,100,8307,100,ad_probe,ad_c(full_target_scalar_reference),0.0016666666666665941,True,0.023214887271491347,2415944
scifact,15,selection,100,8307,100,glob_probe,best_in_menu_on_eval,0.0,True,,2415944
scifact,16,recalibration,100,8382,100,ad_probe,ad_c(full_target_scalar_reference),0.0,True,0.018107177247929318,2416944
scifact,16,selection,100,8382,100,glob_probe,best_in_menu_on_eval,0.0,True,,2416944
scifact,17,recalibration,100,8229,100,ad_probe,ad_c(full_target_scalar_reference),0.004166666666666652,True,0.02747243268601829,2417944
scifact,17,selection,100,8229,100,glob_probe,best_in_menu_on_eval,0.0,True,,2417944
scifact,18,recalibration,100,8482,100,ad_probe,ad_c(full_target_scalar_reference),0.0024999999999999467,True,0.036437951264070234,2418944
scifact,18,selection,100,8482,100,glob_probe,best_in_menu_on_eval,0.0,True,,2418944
scifact,19,recalibration,100,8524,100,ad_probe,ad_c(full_target_scalar_reference),0.0,True,0.02193167861814782,2419944
scifact,19,selection,100,8524,100,glob_probe,best_in_menu_on_eval,0.0,True,,2419944
scifact,20,recalibration,100,8264,100,ad_probe,ad_c(full_target_scalar_reference),0.007500000000000062,False,0.06057918371797699,2420944
scifact,20,selection,100,8264,100,glob_probe,best_in_menu_on_eval,0.0,True,,2420944
scifact,21,recalibration,100,8312,100,ad_probe,ad_c(full_target_scalar_reference),0.0,True,0.006673077141188588,2421944
scifact,21,selection,100,8312,100,glob_probe,best_in_menu_on_eval,0.0,True,,2421944
scifact,22,recalibration,100,8453,100,ad_probe,ad_c(full_target_scalar_reference),0.0050000000000000044,False,0.05246664728503703,2422944
scifact,22,selection,100,8453,100,glob_probe,best_in_menu_on_eval,0.0,True,,2422944
scifact,23,recalibration,100,8407,100,ad_probe,ad_c(full_target_scalar_reference),0.0050000000000000044,False,0.02193167861814782,2423944
scifact,23,selection,100,8407,100,glob_probe,best_in_menu_on_eval,0.0,True,,2423944
scifact,24,recalibration,100,8349,100,ad_probe,ad_c(full_target_scalar_reference),0.0,True,0.009581251078451869,2424944
scifact,24,selection,100,8349,100,glob_probe,best_in_menu_on_eval,0.0,True,,2424944
scifact,25,recalibration,100,8300,100,ad_probe,ad_c(full_target_scalar_reference),0.0,True,0.044345311916716534,2425944
scifact,25,selection,100,8300,100,glob_probe,best_in_menu_on_eval,0.0,True,,2425944
scifact,26,recalibration,100,8154,100,ad_probe,ad_c(full_target_scalar_reference),0.0050000000000000044,False,0.01757796846495352,2426944
scifact,26,selection,100,8154,100,glob_probe,best_in_menu_on_eval,0.0,True,,2426944
scifact,27,recalibration,100,8229,100,ad_probe,ad_c(full_target_scalar_reference),0.0050000000000000044,False,0.043300748830295,2427944
scifact,27,selection,100,8229,100,glob_probe,best_in_menu_on_eval,0.0,True,,2427944
scifact,28,recalibration,100,8387,100,ad_probe,ad_c(full_target_scalar_reference),0.0,True,0.011823719754695095,2428944
scifact,28,selection,100,8387,100,glob_probe,best_in_menu_on_eval,0.0,True,,2428944
scifact,29,recalibration,100,8528,100,ad_probe,ad_c(full_target_scalar_reference),0.0,True,0.007100333606587905,2429944
scifact,29,selection,100,8528,100,glob_probe,best_in_menu_on_eval,0.0,True,,2429944
scifact,30,recalibration,100,8355,100,ad_probe,ad_c(full_target_scalar_reference),0.0024999999999999467,True,0.030462823634210046,2430944
scifact,30,selection,100,8355,100,glob_probe,best_in_menu_on_eval,0.0,True,,2430944
scifact,31,recalibration,100,8434,100,ad_probe,ad_c(full_target_scalar_reference),0.0,True,0.008632739865913397,2431944
scifact,31,selection,100,8434,100,glob_probe,best_in_menu_on_eval,0.0,True,,2431944
scifact,32,recalibration,100,8484,100,ad_probe,ad_c(full_target_scalar_reference),0.0050000000000000044,False,0.021257768373714958,2432944
scifact,32,selection,100,8484,100,glob_probe,best_in_menu_on_eval,0.0,True,,2432944
scifact,33,recalibration,100,8298,100,ad_probe,ad_c(full_target_scalar_reference),0.0,True,0.00465677487277083,2433944
scifact,33,selection,100,8298,100,glob_probe,best_in_menu_on_eval,0.0,True,,2433944
scifact,34,recalibration,100,8307,100,ad_probe,ad_c(full_target_scalar_reference),0.0050000000000000044,False,0.017197629047052132,2434944
scifact,34,selection,100,8307,100,glob_probe,best_in_menu_on_eval,0.0,True,,2434944
scifact,35,recalibration,100,8517,100,ad_probe,ad_c(full_target_scalar_reference),0.0050000000000000044,False,0.033917419028373974,2435944
scifact,35,selection,100,8517,100,glob_probe,best_in_menu_on_eval,0.0,True,,2435944
scifact,36,recalibration,100,8336,100,ad_probe,ad_c(full_target_scalar_reference),0.0050000000000000044,False,0.04150046007526553,2436944
scifact,36,selection,100,8336,100,glob_probe,best_in_menu_on_eval,0.0,True,,2436944
scifact,37,recalibration,100,8468,100,ad_probe,ad_c(full_target_scalar_reference),0.0,True,0.007809494376768145,2437944
scifact,37,selection,100,8468,100,glob_probe,best_in_menu_on_eval,0.0,True,,2437944
scifact,38,recalibration,100,8490,100,ad_probe,ad_c(full_target_scalar_reference),0.0,True,0.006733997951885895,2438944
scifact,38,selection,100,8490,100,glob_probe,best_in_menu_on_eval,0.0,True,,2438944
scifact,39,recalibration,100,8342,100,ad_probe,ad_c(full_target_scalar_reference),0.0025000000000000577,True,0.034223453293614536,2439944
scifact,39,selection,100,8342,100,glob_probe,best_in_menu_on_eval,0.0,True,,2439944
scifact,40,recalibration,100,8414,100,ad_probe,ad_c(full_target_scalar_reference),0.0,True,0.023545280878560115,2440944
scifact,40,selection,100,8414,100,glob_probe,best_in_menu_on_eval,0.0,True,,2440944
scifact,41,recalibration,100,8329,100,ad_probe,ad_c(full_target_scalar_reference),0.0024999999999999467,True,0.07262500317904519,2441944
scifact,41,selection,100,8329,100,glob_probe,best_in_menu_on_eval,0.0,True,,2441944
scifact,42,recalibration,100,8265,100,ad_probe,ad_c(full_target_scalar_reference),0.0024999999999999467,True,0.06501069047267061,2442944
scifact,42,selection,100,8265,100,glob_probe,best_in_menu_on_eval,0.0,True,,2442944
scifact,43,recalibration,100,8296,100,ad_probe,ad_c(full_target_scalar_reference),0.007500000000000062,False,0.04126987300584073,2443944
scifact,43,selection,100,8296,100,glob_probe,best_in_menu_on_eval,0.0,True,,2443944
scifact,44,recalibration,100,8516,100,ad_probe,ad_c(full_target_scalar_reference),0.0,True,0.010774307857724374,2444944
scifact,44,selection,100,8516,100,glob_probe,best_in_menu_on_eval,0.0,True,,2444944
scifact,45,recalibration,100,8553,100,ad_probe,ad_c(full_target_scalar_reference),0.0,True,0.010566601655399466,2445944
scifact,45,selection,100,8553,100,glob_probe,best_in_menu_on_eval,0.0,True,,2445944
scifact,46,recalibration,100,8425,100,ad_probe,ad_c(full_target_scalar_reference),0.0,True,0.009647292519323836,2446944
scifact,46,selection,100,8425,100,glob_probe,best_in_menu_on_eval,0.0,True,,2446944
scifact,47,recalibration,100,8275,100,ad_probe,ad_c(full_target_scalar_reference),0.004999999999999893,True,0.0339076953646954,2447944
scifact,47,selection,100,8275,100,glob_probe,best_in_menu_on_eval,0.0,True,,2447944
scifact,48,recalibration,100,8419,100,ad_probe,ad_c(full_target_scalar_reference),0.0,True,0.0034235463578483616,2448944
scifact,48,selection,100,8419,100,glob_probe,best_in_menu_on_eval,0.0,True,,2448944
scifact,49,recalibration,100,8336,100,ad_probe,ad_c(full_target_scalar_reference),0.0,True,0.010774307857724374,2449944
scifact,49,selection,100,8336,100,glob_probe,best_in_menu_on_eval,0.0,True,,2449944
arguana,0,recalibration,5,313,5,ad_probe,ad_c(full_target_scalar_reference),0.006423982869379017,False,0.14505736164196992,2000526
arguana,0,selection,5,313,5,glob_probe,best_in_menu_on_eval,0.0,True,,2000526
arguana,1,recalibration,5,298,5,ad_probe,ad_c(full_target_scalar_reference),0.004282655246252677,True,0.13324775362756114,2001526
arguana,1,selection,5,298,5,glob_probe,best_in_menu_on_eval,0.0,True,,2001526
arguana,2,recalibration,5,323,5,ad_probe,ad_c(full_target_scalar_reference),0.009992862241256244,False,0.20194359499278658,2002526
arguana,2,selection,5,323,5,glob_probe,best_in_menu_on_eval,0.0,True,,2002526
arguana,3,recalibration,5,285,5,ad_probe,ad_c(full_target_scalar_reference),0.0007137758743754469,True,0.014483312998445408,2003526
arguana,3,selection,5,285,5,glob_probe,best_in_menu_on_eval,0.0,True,,2003526
arguana,4,recalibration,5,334,5,ad_probe,ad_c(full_target_scalar_reference),0.004282655246252677,True,0.11542574185559196,2004526
arguana,4,selection,5,334,5,glob_probe,best_in_menu_on_eval,0.0,True,,2004526
arguana,5,recalibration,5,338,5,ad_probe,ad_c(full_target_scalar_reference),0.003568879371877231,True,0.10233188721090081,2005526
arguana,5,selection,5,338,5,glob_probe,best_in_menu_on_eval,0.0,True,,2005526
arguana,6,recalibration,5,293,5,ad_probe,ad_c(full_target_scalar_reference),0.00356887937187723,True,0.1232982383741783,2006526
arguana,6,selection,5,293,5,glob_probe,best_in_menu_on_eval,0.0,True,,2006526
arguana,7,recalibration,5,289,5,ad_probe,ad_c(full_target_scalar_reference),0.003568879371877231,True,0.10903175406272059,2007526
arguana,7,selection,5,289,5,glob_probe,best_in_menu_on_eval,0.0,True,,2007526
arguana,8,recalibration,5,313,5,ad_probe,ad_c(full_target_scalar_reference),0.004282655246252677,True,0.15251944332381606,2008526
arguana,8,selection,5,313,5,glob_probe,best_in_menu_on_eval,0.0,True,,2008526
arguana,9,recalibration,5,309,5,ad_probe,ad_c(full_target_scalar_reference),0.009992862241256248,False,0.20199175541177983,2009526
arguana,9,selection,5,309,5,glob_probe,best_in_menu_on_eval,0.0,True,,2009526
arguana,10,recalibration,5,294,5,ad_probe,ad_c(full_target_scalar_reference),0.012134189864382585,False,0.2582672998719653,2010526
arguana,10,selection,5,294,5,glob_probe,best_in_menu_on_eval,0.0,True,,2010526
arguana,11,recalibration,5,296,5,ad_probe,ad_c(full_target_scalar_reference),0.002855103497501784,True,0.0822521784015583,2011526
arguana,11,selection,5,296,5,glob_probe,best_in_menu_on_eval,0.0,True,,2011526
arguana,12,recalibration,5,326,5,ad_probe,ad_c(full_target_scalar_reference),0.0,True,0.03660761323501327,2012526
arguana,12,selection,5,326,5,glob_probe,best_in_menu_on_eval,0.0,True,,2012526
arguana,13,recalibration,5,333,5,ad_probe,ad_c(full_target_scalar_reference),0.0,True,0.00600588891671916,2013526
arguana,13,selection,5,333,5,glob_probe,best_in_menu_on_eval,0.0,True,,2013526
arguana,14,recalibration,5,288,5,ad_probe,ad_c(full_target_scalar_reference),0.00356887937187723,True,0.14649885867956092,2014526
arguana,14,selection,5,288,5,glob_probe,best_in_menu_on_eval,0.0,True,,2014526
arguana,15,recalibration,5,333,5,ad_probe,ad_c(full_target_scalar_reference),0.011420413990007138,False,0.23497290849807428,2015526
arguana,15,selection,5,333,5,glob_probe,best_in_menu_on_eval,0.0,True,,2015526
arguana,16,recalibration,5,325,5,ad_probe,ad_c(full_target_scalar_reference),0.011420413990007138,False,0.22983434955303927,2016526
arguana,16,selection,5,325,5,glob_probe,best_in_menu_on_eval,0.0,True,,2016526
arguana,17,recalibration,5,284,5,ad_probe,ad_c(full_target_scalar_reference),0.012134189864382585,False,0.25341157580150053,2017526
arguana,17,selection,5,284,5,glob_probe,best_in_menu_on_eval,0.0,True,,2017526
arguana,18,recalibration,5,336,5,ad_probe,ad_c(full_target_scalar_reference),0.004282655246252677,True,0.14063306171693257,2018526
arguana,18,selection,5,336,5,glob_probe,best_in_menu_on_eval,0.0,True,,2018526
arguana,19,recalibration,5,311,5,ad_probe,ad_c(full_target_scalar_reference),0.0007137758743754469,True,0.0407929421053389,2019526
arguana,19,selection,5,311,5,glob_probe,best_in_menu_on_eval,0.0,True,,2019526
arguana,20,recalibration,5,314,5,ad_probe,ad_c(full_target_scalar_reference),0.002855103497501784,True,0.0593581490395273,2020526
arguana,20,selection,5,314,5,glob_probe,best_in_menu_on_eval,0.0,True,,2020526
arguana,21,recalibration,5,327,5,ad_probe,ad_c(full_target_scalar_reference),0.0007137758743754469,True,0.037983420250629396,2021526
arguana,21,selection,5,327,5,glob_probe,best_in_menu_on_eval,0.0,True,,2021526
arguana,22,recalibration,5,302,5,ad_probe,ad_c(full_target_scalar_reference),0.002855103497501784,True,0.058930800844758546,2022526
arguana,22,selection,5,302,5,glob_probe,best_in_menu_on_eval,0.0,True,,2022526
arguana,23,recalibration,5,280,5,ad_probe,ad_c(full_target_scalar_reference),0.002141327623126339,True,0.0925993906121001,2023526
arguana,23,selection,5,280,5,glob_probe,best_in_menu_on_eval,0.0,True,,2023526
arguana,24,recalibration,5,316,5,ad_probe,ad_c(full_target_scalar_reference),0.0007137758743754469,True,0.04091836935284254,2024526
arguana,24,selection,5,316,5,glob_probe,best_in_menu_on_eval,0.0,True,,2024526
arguana,25,recalibration,5,294,5,ad_probe,ad_c(full_target_scalar_reference),0.004996431120628123,True,0.19095701180000635,2025526
arguana,25,selection,5,294,5,glob_probe,best_in_menu_on_eval,0.0,True,,2025526
arguana,26,recalibration,5,276,5,ad_probe,ad_c(full_target_scalar_reference),0.004282655246252677,True,0.14398539732945637,2026526
arguana,26,selection,5,276,5,glob_probe,best_in_menu_on_eval,0.0,True,,2026526
arguana,27,recalibration,5,327,5,ad_probe,ad_c(full_target_scalar_reference),0.0007137758743754469,True,0.026202051397183568,2027526
arguana,27,selection,5,327,5,glob_probe,best_in_menu_on_eval,0.0,True,,2027526
arguana,28,recalibration,5,293,5,ad_probe,ad_c(full_target_scalar_reference),0.002855103497501784,True,0.05368016165775191,2028526
arguana,28,selection,5,293,5,glob_probe,best_in_menu_on_eval,0.0,True,,2028526
arguana,29,recalibration,5,350,5,ad_probe,ad_c(full_target_scalar_reference),0.002141327623126339,True,0.0554027824232044,2029526
arguana,29,selection,5,350,5,glob_probe,best_in_menu_on_eval,0.0,True,,2029526
arguana,30,recalibration,5,317,5,ad_probe,ad_c(full_target_scalar_reference),0.002855103497501784,True,0.058946639329956585,2030526
arguana,30,selection,5,317,5,glob_probe,best_in_menu_on_eval,0.0,True,,2030526
arguana,31,recalibration,5,268,5,ad_probe,ad_c(full_target_scalar_reference),0.002855103497501784,True,0.07639304764253563,2031526
arguana,31,selection,5,268,5,glob_probe,best_in_menu_on_eval,0.0,True,,2031526
arguana,32,recalibration,5,282,5,ad_probe,ad_c(full_target_scalar_reference),0.002855103497501784,True,0.08728818674094596,2032526
arguana,32,selection,5,282,5,glob_probe,best_in_menu_on_eval,0.0,True,,2032526
arguana,33,recalibration,5,302,5,ad_probe,ad_c(full_target_scalar_reference),0.0,True,0.006483999626739845,2033526
arguana,33,selection,5,302,5,glob_probe,best_in_menu_on_eval,0.0,True,,2033526
arguana,34,recalibration,5,315,5,ad_probe,ad_c(full_target_scalar_reference),0.0,True,0.006089466698974921,2034526
arguana,34,selection,5,315,5,glob_probe,best_in_menu_on_eval,0.0,True,,2034526
arguana,35,recalibration,5,290,5,ad_probe,ad_c(full_target_scalar_reference),0.0,True,0.009511380035074901,2035526
arguana,35,selection,5,290,5,glob_probe,best_in_menu_on_eval,0.0,True,,2035526
arguana,36,recalibration,5,244,5,ad_probe,ad_c(full_target_scalar_reference),0.004996431120628123,True,0.2705350166201401,2036526
arguana,36,selection,5,244,5,glob_probe,best_in_menu_on_eval,0.0,True,,2036526
arguana,37,recalibration,5,322,5,ad_probe,ad_c(full_target_scalar_reference),0.0,True,0.018430297729692402,2037526
arguana,37,selection,5,322,5,glob_probe,best_in_menu_on_eval,0.0,True,,2037526
arguana,38,recalibration,5,298,5,ad_probe,ad_c(full_target_scalar_reference),0.003568879371877231,True,0.10978733332350799,2038526
arguana,38,selection,5,298,5,glob_probe,best_in_menu_on_eval,0.0,True,,2038526
arguana,39,recalibration,5,313,5,ad_probe,ad_c(full_target_scalar_reference),0.002141327623126339,True,0.052302445664983654,2039526
arguana,39,selection,5,313,5,glob_probe,best_in_menu_on_eval,0.0,True,,2039526
arguana,40,recalibration,5,295,5,ad_probe,ad_c(full_target_scalar_reference),0.002855103497501784,True,0.08628581629072019,2040526
arguana,40,selection,5,295,5,glob_probe,best_in_menu_on_eval,0.0,True,,2040526
arguana,41,recalibration,5,281,5,ad_probe,ad_c(full_target_scalar_reference),0.006423982869379015,False,0.2852808567188122,2041526
arguana,41,selection,5,281,5,glob_probe,best_in_menu_on_eval,0.0,True,,2041526
arguana,42,recalibration,5,292,5,ad_probe,ad_c(full_target_scalar_reference),0.004996431120628123,True,0.238429097011308,2042526
arguana,42,selection,5,292,5,glob_probe,best_in_menu_on_eval,0.0,True,,2042526
arguana,43,recalibration,5,310,5,ad_probe,ad_c(full_target_scalar_reference),0.0,True,0.006089466698974921,2043526
arguana,43,selection,5,310,5,glob_probe,best_in_menu_on_eval,0.0,True,,2043526
arguana,44,recalibration,5,353,5,ad_probe,ad_c(full_target_scalar_reference),0.002855103497501784,True,0.07142037260869671,2044526
arguana,44,selection,5,353,5,glob_probe,best_in_menu_on_eval,0.0,True,,2044526
arguana,45,recalibration,5,322,5,ad_probe,ad_c(full_target_scalar_reference),0.0007137758743754469,True,0.04517651037127346,2045526
arguana,45,selection,5,322,5,glob_probe,best_in_menu_on_eval,0.0,True,,2045526
arguana,46,recalibration,5,324,5,ad_probe,ad_c(full_target_scalar_reference),0.002855103497501784,True,0.06307409517850837,2046526
arguana,46,selection,5,324,5,glob_probe,best_in_menu_on_eval,0.0,True,,2046526
arguana,47,recalibration,5,276,5,ad_probe,ad_c(full_target_scalar_reference),0.003568879371877231,True,0.09628873498785906,2047526
arguana,47,selection,5,276,5,glob_probe,best_in_menu_on_eval,0.0,True,,2047526
arguana,48,recalibration,5,364,5,ad_probe,ad_c(full_target_scalar_reference),0.004996431120628123,True,0.1315398188739464,2048526
arguana,48,selection,5,364,5,glob_probe,best_in_menu_on_eval,0.0,True,,2048526
arguana,49,recalibration,5,314,5,ad_probe,ad_c(full_target_scalar_reference),0.004996431120628123,True,0.12661051445618465,2049526
arguana,49,selection,5,314,5,glob_probe,best_in_menu_on_eval,0.0,True,,2049526
arguana,0,recalibration,10,600,10,ad_probe,ad_c(full_target_scalar_reference),0.000716332378223496,True,0.015507902088679137,966
arguana,0,selection,10,600,10,glob_probe,best_in_menu_on_eval,0.0,True,,966
arguana,1,recalibration,10,605,10,ad_probe,ad_c(full_target_scalar_reference),0.000716332378223496,True,0.021507503796404093,1966
arguana,1,selection,10,605,10,glob_probe,best_in_menu_on_eval,0.0,True,,1966
arguana,2,recalibration,10,578,10,ad_probe,ad_c(full_target_scalar_reference),0.0028653295128939823,True,0.0699688807163168,2966
arguana,2,selection,10,578,10,glob_probe,best_in_menu_on_eval,0.0,True,,2966
arguana,3,recalibration,10,673,10,ad_probe,ad_c(full_target_scalar_reference),0.000716332378223496,True,0.021158912055170065,3966
arguana,3,selection,10,673,10,glob_probe,best_in_menu_on_eval,0.0,True,,3966
arguana,4,recalibration,10,652,10,ad_probe,ad_c(full_target_scalar_reference),0.0,True,0.013485839558644908,4966
arguana,4,selection,10,652,10,glob_probe,best_in_menu_on_eval,0.0,True,,4966
arguana,5,recalibration,10,538,10,ad_probe,ad_c(full_target_scalar_reference),0.000716332378223496,True,0.030990409019939547,5966
arguana,5,selection,10,538,10,glob_probe,best_in_menu_on_eval,0.0,True,,5966
arguana,6,recalibration,10,544,10,ad_probe,ad_c(full_target_scalar_reference),0.0,True,0.0016343918545886904,6966
arguana,6,selection,10,544,10,glob_probe,best_in_menu_on_eval,0.0,True,,6966
arguana,7,recalibration,10,635,10,ad_probe,ad_c(full_target_scalar_reference),0.000716332378223496,True,0.018188021422722578,7966
arguana,7,selection,10,635,10,glob_probe,best_in_menu_on_eval,0.0,True,,7966
arguana,8,recalibration,10,646,10,ad_probe,ad_c(full_target_scalar_reference),0.0035816618911174783,True,0.09258766585562328,8966
arguana,8,selection,10,646,10,glob_probe,best_in_menu_on_eval,0.0,True,,8966
arguana,9,recalibration,10,645,10,ad_probe,ad_c(full_target_scalar_reference),0.002148997134670488,True,0.06189094989152022,9966
arguana,9,selection,10,645,10,glob_probe,best_in_menu_on_eval,0.0,True,,9966
arguana,10,recalibration,10,688,10,ad_probe,ad_c(full_target_scalar_reference),0.000716332378223496,True,0.038887626462236424,10966
arguana,10,selection,10,688,10,glob_probe,best_in_menu_on_eval,0.0,True,,10966
arguana,11,recalibration,10,628,10,ad_probe,ad_c(full_target_scalar_reference),0.0035816618911174783,True,0.10361845173550988,11966
arguana,11,selection,10,628,10,glob_probe,best_in_menu_on_eval,0.0,True,,11966
arguana,12,recalibration,10,568,10,ad_probe,ad_c(full_target_scalar_reference),0.0028653295128939823,True,0.07620031893704149,12966
arguana,12,selection,10,568,10,glob_probe,best_in_menu_on_eval,0.0,True,,12966
arguana,13,recalibration,10,600,10,ad_probe,ad_c(full_target_scalar_reference),0.0035816618911174783,True,0.1014587296060443,13966
arguana,13,selection,10,600,10,glob_probe,best_in_menu_on_eval,0.0,True,,13966
arguana,14,recalibration,10,614,10,ad_probe,ad_c(full_target_scalar_reference),0.0,True,0.03666096816465081,14966
arguana,14,selection,10,614,10,glob_probe,best_in_menu_on_eval,0.0,True,,14966
arguana,15,recalibration,10,648,10,ad_probe,ad_c(full_target_scalar_reference),0.002865329512893984,True,0.08138598011686815,15966
arguana,15,selection,10,648,10,glob_probe,best_in_menu_on_eval,0.0,True,,15966
arguana,16,recalibration,10,597,10,ad_probe,ad_c(full_target_scalar_reference),0.004297994269340973,True,0.11815947386270842,16966
arguana,16,selection,10,597,10,glob_probe,best_in_menu_on_eval,0.0,True,,16966
arguana,17,recalibration,10,643,10,ad_probe,ad_c(full_target_scalar_reference),0.0,True,0.006479166640718348,17966
arguana,17,selection,10,643,10,glob_probe,best_in_menu_on_eval,0.0,True,,17966
arguana,18,recalibration,10,592,10,ad_probe,ad_c(full_target_scalar_reference),0.007879656160458453,False,0.17699244537306646,18966
arguana,18,selection,10,592,10,glob_probe,best_in_menu_on_eval,0.0,True,,18966
arguana,19,recalibration,10,611,10,ad_probe,ad_c(full_target_scalar_reference),0.002148997134670488,True,0.05273906233538783,19966
arguana,19,selection,10,611,10,glob_probe,best_in_menu_on_eval,0.0,True,,19966
arguana,20,recalibration,10,668,10,ad_probe,ad_c(full_target_scalar_reference),0.005014326647564469,False,0.13976864773387132,20966
arguana,20,selection,10,668,10,glob_probe,best_in_menu_on_eval,0.0,True,,20966
arguana,21,recalibration,10,661,10,ad_probe,ad_c(full_target_scalar_reference),0.009312320916905445,False,0.18887153569447435,21966
arguana,21,selection,10,661,10,glob_probe,best_in_menu_on_eval,0.0,True,,21966
arguana,22,recalibration,10,611,10,ad_probe,ad_c(full_target_scalar_reference),0.0,True,0.013651594733463113,22966
arguana,22,selection,10,611,10,glob_probe,best_in_menu_on_eval,0.0,True,,22966
arguana,23,recalibration,10,683,10,ad_probe,ad_c(full_target_scalar_reference),0.0,True,0.016139551988987755,23966
arguana,23,selection,10,683,10,glob_probe,best_in_menu_on_eval,0.0,True,,23966
arguana,24,recalibration,10,572,10,ad_probe,ad_c(full_target_scalar_reference),0.004297994269340973,True,0.11499453884277,24966
arguana,24,selection,10,572,10,glob_probe,best_in_menu_on_eval,0.0,True,,24966
arguana,25,recalibration,10,688,10,ad_probe,ad_c(full_target_scalar_reference),0.002865329512893984,True,0.07677640632431215,25966
arguana,25,selection,10,688,10,glob_probe,best_in_menu_on_eval,0.0,True,,25966
arguana,26,recalibration,10,589,10,ad_probe,ad_c(full_target_scalar_reference),0.000716332378223496,True,0.03613117890848905,26966
arguana,26,selection,10,589,10,glob_probe,best_in_menu_on_eval,0.0,True,,26966
arguana,27,recalibration,10,662,10,ad_probe,ad_c(full_target_scalar_reference),0.005014326647564469,False,0.13996888298740506,27966
arguana,27,selection,10,662,10,glob_probe,best_in_menu_on_eval,0.0,True,,27966
arguana,28,recalibration,10,635,10,ad_probe,ad_c(full_target_scalar_reference),0.004297994269340973,True,0.14777666199039452,28966
arguana,28,selection,10,635,10,glob_probe,best_in_menu_on_eval,0.0,True,,28966
arguana,29,recalibration,10,592,10,ad_probe,ad_c(full_target_scalar_reference),0.0021489971346704863,True,0.062347572806401685,29966
arguana,29,selection,10,592,10,glob_probe,best_in_menu_on_eval,0.0,True,,29966
arguana,30,recalibration,10,643,10,ad_probe,ad_c(full_target_scalar_reference),0.000716332378223496,True,0.04344274258844805,30966
arguana,30,selection,10,643,10,glob_probe,best_in_menu_on_eval,0.0,True,,30966
arguana,31,recalibration,10,619,10,ad_probe,ad_c(full_target_scalar_reference),0.0,True,0.00865238025926196,31966
arguana,31,selection,10,619,10,glob_probe,best_in_menu_on_eval,0.0,True,,31966
arguana,32,recalibration,10,677,10,ad_probe,ad_c(full_target_scalar_reference),0.011461318051575931,False,0.2342644547010433,32966
arguana,32,selection,10,677,10,glob_probe,best_in_menu_on_eval,0.0,True,,32966
arguana,33,recalibration,10,677,10,ad_probe,ad_c(full_target_scalar_reference),0.002148997134670488,True,0.0706728933889762,33966
arguana,33,selection,10,677,10,glob_probe,best_in_menu_on_eval,0.0,True,,33966
arguana,34,recalibration,10,644,10,ad_probe,ad_c(full_target_scalar_reference),0.0035816618911174783,True,0.09862388557728252,34966
arguana,34,selection,10,644,10,glob_probe,best_in_menu_on_eval,0.0,True,,34966
arguana,35,recalibration,10,603,10,ad_probe,ad_c(full_target_scalar_reference),0.0028653295128939823,True,0.08185243249853946,35966
arguana,35,selection,10,603,10,glob_probe,best_in_menu_on_eval,0.0,True,,35966
arguana,36,recalibration,10,615,10,ad_probe,ad_c(full_target_scalar_reference),0.000716332378223496,True,0.042621718654741736,36966
arguana,36,selection,10,615,10,glob_probe,best_in_menu_on_eval,0.0,True,,36966
arguana,37,recalibration,10,591,10,ad_probe,ad_c(full_target_scalar_reference),0.002148997134670488,True,0.05071922113399574,37966
arguana,37,selection,10,591,10,glob_probe,best_in_menu_on_eval,0.0,True,,37966
arguana,38,recalibration,10,601,10,ad_probe,ad_c(full_target_scalar_reference),0.0035816618911174783,True,0.09426746638067796,38966
arguana,38,selection,10,601,10,glob_probe,best_in_menu_on_eval,0.0,True,,38966
arguana,39,recalibration,10,689,10,ad_probe,ad_c(full_target_scalar_reference),0.004297994269340974,True,0.11941565035739199,39966
arguana,39,selection,10,689,10,glob_probe,best_in_menu_on_eval,0.0,True,,39966
arguana,40,recalibration,10,634,10,ad_probe,ad_c(full_target_scalar_reference),0.000716332378223496,True,0.036857413933578664,40966
arguana,40,selection,10,634,10,glob_probe,best_in_menu_on_eval,0.0,True,,40966
arguana,41,recalibration,10,597,10,ad_probe,ad_c(full_target_scalar_reference),0.002865329512893984,True,0.07372256984910996,41966
arguana,41,selection,10,597,10,glob_probe,best_in_menu_on_eval,0.0,True,,41966
arguana,42,recalibration,10,666,10,ad_probe,ad_c(full_target_scalar_reference),0.000716332378223496,True,0.02346806908750998,42966
arguana,42,selection,10,666,10,glob_probe,best_in_menu_on_eval,0.0,True,,42966
arguana,43,recalibration,10,638,10,ad_probe,ad_c(full_target_scalar_reference),0.0,True,0.034061095754190474,43966
arguana,43,selection,10,638,10,glob_probe,best_in_menu_on_eval,0.0,True,,43966
arguana,44,recalibration,10,594,10,ad_probe,ad_c(full_target_scalar_reference),0.000716332378223496,True,0.019623369022617076,44966
arguana,44,selection,10,594,10,glob_probe,best_in_menu_on_eval,0.0,True,,44966
arguana,45,recalibration,10,573,10,ad_probe,ad_c(full_target_scalar_reference),0.000716332378223496,True,0.02980189350488449,45966
arguana,45,selection,10,573,10,glob_probe,best_in_menu_on_eval,0.0,True,,45966
arguana,46,recalibration,10,646,10,ad_probe,ad_c(full_target_scalar_reference),0.002148997134670488,True,0.06381147029001966,46966
arguana,46,selection,10,646,10,glob_probe,best_in_menu_on_eval,0.0,True,,46966
arguana,47,recalibration,10,576,10,ad_probe,ad_c(full_target_scalar_reference),0.0,True,0.033369273145119616,47966
arguana,47,selection,10,576,10,glob_probe,best_in_menu_on_eval,0.0,True,,47966
arguana,48,recalibration,10,642,10,ad_probe,ad_c(full_target_scalar_reference),0.012177650429799429,False,0.24094776659267136,48966
arguana,48,selection,10,642,10,glob_probe,best_in_menu_on_eval,0.0,True,,48966
arguana,49,recalibration,10,640,10,ad_probe,ad_c(full_target_scalar_reference),0.002148997134670488,True,0.06029905030980065,49966
arguana,49,selection,10,640,10,glob_probe,best_in_menu_on_eval,0.0,True,,49966
arguana,0,recalibration,20,1287,20,ad_probe,ad_c(full_target_scalar_reference),0.0,True,0.029092970465456336,2200209
arguana,0,selection,20,1287,20,glob_probe,best_in_menu_on_eval,0.0,True,,2200209
arguana,1,recalibration,20,1351,20,ad_probe,ad_c(full_target_scalar_reference),0.0,True,0.034059849089709715,2201209
arguana,1,selection,20,1351,20,glob_probe,best_in_menu_on_eval,0.0,True,,2201209
arguana,2,recalibration,20,1142,20,ad_probe,ad_c(full_target_scalar_reference),0.003607503607503608,True,0.09254200901787557,2202209
arguana,2,selection,20,1142,20,glob_probe,best_in_menu_on_eval,0.0,True,,2202209
arguana,3,recalibration,20,1316,20,ad_probe,ad_c(full_target_scalar_reference),0.0007215007215007219,True,0.03518829447002858,2203209
arguana,3,selection,20,1316,20,glob_probe,best_in_menu_on_eval,0.0,True,,2203209
arguana,4,recalibration,20,1282,20,ad_probe,ad_c(full_target_scalar_reference),0.0,True,0.036042065075384766,2204209
arguana,4,selection,20,1282,20,glob_probe,best_in_menu_on_eval,0.0,True,,2204209
arguana,5,recalibration,20,1323,20,ad_probe,ad_c(full_target_scalar_reference),0.0007215007215007219,True,0.04672707767877504,2205209
arguana,5,selection,20,1323,20,glob_probe,best_in_menu_on_eval,0.0,True,,2205209
arguana,6,recalibration,20,1309,20,ad_probe,ad_c(full_target_scalar_reference),0.002164502164502164,True,0.05154051798880466,2206209
arguana,6,selection,20,1309,20,glob_probe,best_in_menu_on_eval,0.0,True,,2206209
arguana,7,recalibration,20,1298,20,ad_probe,ad_c(full_target_scalar_reference),0.002886002886002886,True,0.0825930847555747,2207209
arguana,7,selection,20,1298,20,glob_probe,best_in_menu_on_eval,0.0,True,,2207209
arguana,8,recalibration,20,1202,20,ad_probe,ad_c(full_target_scalar_reference),0.0,True,0.0023064790777400646,2208209
arguana,8,selection,20,1202,20,glob_probe,best_in_menu_on_eval,0.0,True,,2208209
arguana,9,recalibration,20,1278,20,ad_probe,ad_c(full_target_scalar_reference),0.0,True,0.021532046496493762,2209209
arguana,9,selection,20,1278,20,glob_probe,best_in_menu_on_eval,0.0,True,,2209209
arguana,10,recalibration,20,1342,20,ad_probe,ad_c(full_target_scalar_reference),0.0,True,0.04000884712222064,2210209
arguana,10,selection,20,1342,20,glob_probe,best_in_menu_on_eval,0.0,True,,2210209
arguana,11,recalibration,20,1253,20,ad_probe,ad_c(full_target_scalar_reference),0.002164502164502166,True,0.051991723718904925,2211209
arguana,11,selection,20,1253,20,glob_probe,best_in_menu_on_eval,0.0,True,,2211209
arguana,12,recalibration,20,1226,20,ad_probe,ad_c(full_target_scalar_reference),0.002164502164502164,True,0.04853339046716987,2212209
arguana,12,selection,20,1226,20,glob_probe,best_in_menu_on_eval,0.0,True,,2212209
arguana,13,recalibration,20,1285,20,ad_probe,ad_c(full_target_scalar_reference),0.0,True,0.005636643800655872,2213209
arguana,13,selection,20,1285,20,glob_probe,best_in_menu_on_eval,0.0,True,,2213209
arguana,14,recalibration,20,1217,20,ad_probe,ad_c(full_target_scalar_reference),0.002164502164502164,True,0.055618934642156725,2214209
arguana,14,selection,20,1217,20,glob_probe,best_in_menu_on_eval,0.0,True,,2214209
arguana,15,recalibration,20,1268,20,ad_probe,ad_c(full_target_scalar_reference),0.003607503607503608,True,0.11504136016333866,2215209
arguana,15,selection,20,1268,20,glob_probe,best_in_menu_on_eval,0.0,True,,2215209
arguana,16,recalibration,20,1299,20,ad_probe,ad_c(full_target_scalar_reference),0.0,True,0.0030619587481510724,2216209
arguana,16,selection,20,1299,20,glob_probe,best_in_menu_on_eval,0.0,True,,2216209
arguana,17,recalibration,20,1193,20,ad_probe,ad_c(full_target_scalar_reference),0.002886002886002886,True,0.08206138850981304,2217209
arguana,17,selection,20,1193,20,glob_probe,best_in_menu_on_eval,0.0,True,,2217209
arguana,18,recalibration,20,1188,20,ad_probe,ad_c(full_target_scalar_reference),0.002886002886002886,True,0.05816618791894468,2218209
arguana,18,selection,20,1188,20,glob_probe,best_in_menu_on_eval,0.0,True,,2218209
arguana,19,recalibration,20,1239,20,ad_probe,ad_c(full_target_scalar_reference),0.0,True,0.01227933537529946,2219209
arguana,19,selection,20,1239,20,glob_probe,best_in_menu_on_eval,0.0,True,,2219209
arguana,20,recalibration,20,1184,20,ad_probe,ad_c(full_target_scalar_reference),0.003607503607503608,True,0.10795898682094007,2220209
arguana,20,selection,20,1184,20,glob_probe,best_in_menu_on_eval,0.0,True,,2220209
arguana,21,recalibration,20,1183,20,ad_probe,ad_c(full_target_scalar_reference),0.002164502164502164,True,0.05138322862465472,2221209
arguana,21,selection,20,1183,20,glob_probe,best_in_menu_on_eval,0.0,True,,2221209
arguana,22,recalibration,20,1223,20,ad_probe,ad_c(full_target_scalar_reference),0.002886002886002886,True,0.09103892775681,2222209
arguana,22,selection,20,1223,20,glob_probe,best_in_menu_on_eval,0.0,True,,2222209
arguana,23,recalibration,20,1242,20,ad_probe,ad_c(full_target_scalar_reference),0.002886002886002886,True,0.060705399476067345,2223209
arguana,23,selection,20,1242,20,glob_probe,best_in_menu_on_eval,0.0,True,,2223209
arguana,24,recalibration,20,1213,20,ad_probe,ad_c(full_target_scalar_reference),0.0,True,0.008945922205416457,2224209
arguana,24,selection,20,1213,20,glob_probe,best_in_menu_on_eval,0.0,True,,2224209
arguana,25,recalibration,20,1245,20,ad_probe,ad_c(full_target_scalar_reference),0.0014430014430014421,True,0.047488299742962536,2225209
arguana,25,selection,20,1245,20,glob_probe,best_in_menu_on_eval,0.0,True,,2225209
arguana,26,recalibration,20,1312,20,ad_probe,ad_c(full_target_scalar_reference),0.004329004329004329,True,0.12362400574455101,2226209
arguana,26,selection,20,1312,20,glob_probe,best_in_menu_on_eval,0.0,True,,2226209
arguana,27,recalibration,20,1281,20,ad_probe,ad_c(full_target_scalar_reference),0.0,True,0.03744285661714253,2227209
arguana,27,selection,20,1281,20,glob_probe,best_in_menu_on_eval,0.0,True,,2227209
arguana,28,recalibration,20,1253,20,ad_probe,ad_c(full_target_scalar_reference),0.004329004329004329,True,0.148329002647268,2228209
arguana,28,selection,20,1253,20,glob_probe,best_in_menu_on_eval,0.0,True,,2228209
arguana,29,recalibration,20,1157,20,ad_probe,ad_c(full_target_scalar_reference),0.002164502164502164,True,0.07857916184478442,2229209
arguana,29,selection,20,1157,20,glob_probe,best_in_menu_on_eval,0.0,True,,2229209
arguana,30,recalibration,20,1143,20,ad_probe,ad_c(full_target_scalar_reference),0.002886002886002886,True,0.06577211209648137,2230209
arguana,30,selection,20,1143,20,glob_probe,best_in_menu_on_eval,0.0,True,,2230209
arguana,31,recalibration,20,1241,20,ad_probe,ad_c(full_target_scalar_reference),0.002164502164502164,True,0.0489637062477869,2231209
arguana,31,selection,20,1241,20,glob_probe,best_in_menu_on_eval,0.0,True,,2231209
arguana,32,recalibration,20,1324,20,ad_probe,ad_c(full_target_scalar_reference),0.0,True,0.011413975466217585,2232209
arguana,32,selection,20,1324,20,glob_probe,best_in_menu_on_eval,0.0,True,,2232209
arguana,33,recalibration,20,1228,20,ad_probe,ad_c(full_target_scalar_reference),0.002886002886002886,True,0.05594548803299482,2233209
arguana,33,selection,20,1228,20,glob_probe,best_in_menu_on_eval,0.0,True,,2233209
arguana,34,recalibration,20,1119,20,ad_probe,ad_c(full_target_scalar_reference),0.00505050505050505,False,0.1821290308020096,2234209
arguana,34,selection,20,1119,20,glob_probe,best_in_menu_on_eval,0.0,True,,2234209
arguana,35,recalibration,20,1261,20,ad_probe,ad_c(full_target_scalar_reference),0.0007215007215007202,True,0.032286443446725044,2235209
arguana,35,selection,20,1261,20,glob_probe,best_in_menu_on_eval,0.0,True,,2235209
arguana,36,recalibration,20,1186,20,ad_probe,ad_c(full_target_scalar_reference),0.0007215007215007219,True,0.0310759098011002,2236209
arguana,36,selection,20,1186,20,glob_probe,best_in_menu_on_eval,0.0,True,,2236209
arguana,37,recalibration,20,1243,20,ad_probe,ad_c(full_target_scalar_reference),0.00505050505050505,False,0.1992150537123355,2237209
arguana,37,selection,20,1243,20,glob_probe,best_in_menu_on_eval,0.0,True,,2237209
arguana,38,recalibration,20,1179,20,ad_probe,ad_c(full_target_scalar_reference),0.003607503607503608,True,0.10498560988093253,2238209
arguana,38,selection,20,1179,20,glob_probe,best_in_menu_on_eval,0.0,True,,2238209
arguana,39,recalibration,20,1328,20,ad_probe,ad_c(full_target_scalar_reference),0.0,True,0.03341230219986169,2239209
arguana,39,selection,20,1328,20,glob_probe,best_in_menu_on_eval,0.0,True,,2239209
arguana,40,recalibration,20,1430,20,ad_probe,ad_c(full_target_scalar_reference),0.005050505050505052,False,0.1297309970686098,2240209
arguana,40,selection,20,1430,20,glob_probe,best_in_menu_on_eval,0.0,True,,2240209
arguana,41,recalibration,20,1268,20,ad_probe,ad_c(full_target_scalar_reference),0.0,True,0.014428020513803541,2241209
arguana,41,selection,20,1268,20,glob_probe,best_in_menu_on_eval,0.0,True,,2241209
arguana,42,recalibration,20,1250,20,ad_probe,ad_c(full_target_scalar_reference),0.0007215007215007219,True,0.035131263529544765,2242209
arguana,42,selection,20,1250,20,glob_probe,best_in_menu_on_eval,0.0,True,,2242209
arguana,43,recalibration,20,1273,20,ad_probe,ad_c(full_target_scalar_reference),0.0,True,0.030624792206521145,2243209
arguana,43,selection,20,1273,20,glob_probe,best_in_menu_on_eval,0.0,True,,2243209
arguana,44,recalibration,20,1138,20,ad_probe,ad_c(full_target_scalar_reference),0.0007215007215007219,True,0.03176509425723584,2244209
arguana,44,selection,20,1138,20,glob_probe,best_in_menu_on_eval,0.0,True,,2244209
arguana,45,recalibration,20,1229,20,ad_probe,ad_c(full_target_scalar_reference),0.0007215007215007219,True,0.04435925679621888,2245209
arguana,45,selection,20,1229,20,glob_probe,best_in_menu_on_eval,0.0,True,,2245209
arguana,46,recalibration,20,1253,20,ad_probe,ad_c(full_target_scalar_reference),0.0,True,0.009689132524435373,2246209
arguana,46,selection,20,1253,20,glob_probe,best_in_menu_on_eval,0.0,True,,2246209
arguana,47,recalibration,20,1221,20,ad_probe,ad_c(full_target_scalar_reference),0.004329004329004328,True,0.1196463076365828,2247209
arguana,47,selection,20,1221,20,glob_probe,best_in_menu_on_eval,0.0,True,,2247209
arguana,48,recalibration,20,1229,20,ad_probe,ad_c(full_target_scalar_reference),0.0,True,0.028456917965693718,2248209
arguana,48,selection,20,1229,20,glob_probe,best_in_menu_on_eval,0.0,True,,2248209
arguana,49,recalibration,20,1247,20,ad_probe,ad_c(full_target_scalar_reference),0.003607503607503608,True,0.1128857097277971,2249209
arguana,49,selection,20,1247,20,glob_probe,best_in_menu_on_eval,0.0,True,,2249209
arguana,0,recalibration,50,3036,50,ad_probe,ad_c(full_target_scalar_reference),0.0,True,0.00048696302813144854,2300518
arguana,0,selection,50,3036,50,glob_probe,best_in_menu_on_eval,0.0,True,,2300518
arguana,1,recalibration,50,3342,50,ad_probe,ad_c(full_target_scalar_reference),0.009587020648967551,False,0.19526712198003748,2301518
arguana,1,selection,50,3342,50,glob_probe,best_in_menu_on_eval,0.0,True,,2301518
arguana,2,recalibration,50,3188,50,ad_probe,ad_c(full_target_scalar_reference),0.0007374631268436578,True,0.03903341328735177,2302518
arguana,2,selection,50,3188,50,glob_probe,best_in_menu_on_eval,0.0,True,,2302518
arguana,3,recalibration,50,3021,50,ad_probe,ad_c(full_target_scalar_reference),0.0007374631268436578,True,0.03144662857069069,2303518
arguana,3,selection,50,3021,50,glob_probe,best_in_menu_on_eval,0.0,True,,2303518
arguana,4,recalibration,50,3082,50,ad_probe,ad_c(full_target_scalar_reference),0.0029498525073746312,True,0.06778000767429315,2304518
arguana,4,selection,50,3082,50,glob_probe,best_in_menu_on_eval,0.0,True,,2304518
arguana,5,recalibration,50,3040,50,ad_probe,ad_c(full_target_scalar_reference),0.0007374631268436578,True,0.04014301401597553,2305518
arguana,5,selection,50,3040,50,glob_probe,best_in_menu_on_eval,0.0,True,,2305518
arguana,6,recalibration,50,3168,50,ad_probe,ad_c(full_target_scalar_reference),0.0,True,0.011861460303799864,2306518
arguana,6,selection,50,3168,50,glob_probe,best_in_menu_on_eval,0.0,True,,2306518
arguana,7,recalibration,50,2972,50,ad_probe,ad_c(full_target_scalar_reference),0.0022123893805309734,True,0.049773461551813725,2307518
arguana,7,selection,50,2972,50,glob_probe,best_in_menu_on_eval,0.0,True,,2307518
arguana,8,recalibration,50,3053,50,ad_probe,ad_c(full_target_scalar_reference),0.0007374631268436578,True,0.02544012246147176,2308518
arguana,8,selection,50,3053,50,glob_probe,best_in_menu_on_eval,0.0,True,,2308518
arguana,9,recalibration,50,3258,50,ad_probe,ad_c(full_target_scalar_reference),0.0029498525073746312,True,0.0846167729589904,2309518
arguana,9,selection,50,3258,50,glob_probe,best_in_menu_on_eval,0.0,True,,2309518
arguana,10,recalibration,50,3152,50,ad_probe,ad_c(full_target_scalar_reference),0.0022123893805309734,True,0.07160374672402314,2310518
arguana,10,selection,50,3152,50,glob_probe,best_in_menu_on_eval,0.0,True,,2310518
arguana,11,recalibration,50,3207,50,ad_probe,ad_c(full_target_scalar_reference),0.0,True,0.020089939226977327,2311518
arguana,11,selection,50,3207,50,glob_probe,best_in_menu_on_eval,0.0,True,,2311518
arguana,12,recalibration,50,2929,50,ad_probe,ad_c(full_target_scalar_reference),0.003687315634218289,True,0.08640183498568432,2312518
arguana,12,selection,50,2929,50,glob_probe,best_in_menu_on_eval,0.0,True,,2312518
arguana,13,recalibration,50,3221,50,ad_probe,ad_c(full_target_scalar_reference),0.0022123893805309734,True,0.05719904639282469,2313518
arguana,13,selection,50,3221,50,glob_probe,best_in_menu_on_eval,0.0,True,,2313518
arguana,14,recalibration,50,3068,50,ad_probe,ad_c(full_target_scalar_reference),0.0,True,0.005763186654047958,2314518
arguana,14,selection,50,3068,50,glob_probe,best_in_menu_on_eval,0.0,True,,2314518
arguana,15,recalibration,50,3163,50,ad_probe,ad_c(full_target_scalar_reference),0.0,True,0.02486132862133361,2315518
arguana,15,selection,50,3163,50,glob_probe,best_in_menu_on_eval,0.0,True,,2315518
arguana,16,recalibration,50,3241,50,ad_probe,ad_c(full_target_scalar_reference),0.0022123893805309734,True,0.0589062220540163,2316518
arguana,16,selection,50,3241,50,glob_probe,best_in_menu_on_eval,0.0,True,,2316518
arguana,17,recalibration,50,3055,50,ad_probe,ad_c(full_target_scalar_reference),0.0007374631268436578,True,0.026151629999163095,2317518
arguana,17,selection,50,3055,50,glob_probe,best_in_menu_on_eval,0.0,True,,2317518
arguana,18,recalibration,50,3025,50,ad_probe,ad_c(full_target_scalar_reference),0.0007374631268436578,True,0.016328527768025625,2318518
arguana,18,selection,50,3025,50,glob_probe,best_in_menu_on_eval,0.0,True,,2318518
arguana,19,recalibration,50,3161,50,ad_probe,ad_c(full_target_scalar_reference),0.0,True,0.004655956002192374,2319518
arguana,19,selection,50,3161,50,glob_probe,best_in_menu_on_eval,0.0,True,,2319518
arguana,20,recalibration,50,3156,50,ad_probe,ad_c(full_target_scalar_reference),0.0022123893805309734,True,0.06492917620653471,2320518
arguana,20,selection,50,3156,50,glob_probe,best_in_menu_on_eval,0.0,True,,2320518
arguana,21,recalibration,50,3119,50,ad_probe,ad_c(full_target_scalar_reference),0.003687315634218289,True,0.1093550515484385,2321518
arguana,21,selection,50,3119,50,glob_probe,best_in_menu_on_eval,0.0,True,,2321518
arguana,22,recalibration,50,2967,50,ad_probe,ad_c(full_target_scalar_reference),0.0007374631268436578,True,0.02761709087528419,2322518
arguana,22,selection,50,2967,50,glob_probe,best_in_menu_on_eval,0.0,True,,2322518
arguana,23,recalibration,50,3173,50,ad_probe,ad_c(full_target_scalar_reference),0.004424778761061947,True,0.12375080147896256,2323518
arguana,23,selection,50,3173,50,glob_probe,best_in_menu_on_eval,0.0,True,,2323518
arguana,24,recalibration,50,3174,50,ad_probe,ad_c(full_target_scalar_reference),0.0007374631268436578,True,0.03340731751202286,2324518
arguana,24,selection,50,3174,50,glob_probe,best_in_menu_on_eval,0.0,True,,2324518
arguana,25,recalibration,50,3256,50,ad_probe,ad_c(full_target_scalar_reference),0.004424778761061947,True,0.126304269066026,2325518
arguana,25,selection,50,3256,50,glob_probe,best_in_menu_on_eval,0.0,True,,2325518
arguana,26,recalibration,50,3089,50,ad_probe,ad_c(full_target_scalar_reference),0.0,True,0.006789404174990077,2326518
arguana,26,selection,50,3089,50,glob_probe,best_in_menu_on_eval,0.0,True,,2326518
arguana,27,recalibration,50,3178,50,ad_probe,ad_c(full_target_scalar_reference),0.0,True,0.00533004167472706,2327518
arguana,27,selection,50,3178,50,glob_probe,best_in_menu_on_eval,0.0,True,,2327518
arguana,28,recalibration,50,3154,50,ad_probe,ad_c(full_target_scalar_reference),0.0029498525073746312,True,0.08422004457274657,2328518
arguana,28,selection,50,3154,50,glob_probe,best_in_menu_on_eval,0.0,True,,2328518
arguana,29,recalibration,50,3015,50,ad_probe,ad_c(full_target_scalar_reference),0.0,True,0.00042408260329351855,2329518
arguana,29,selection,50,3015,50,glob_probe,best_in_menu_on_eval,0.0,True,,2329518
arguana,30,recalibration,50,3050,50,ad_probe,ad_c(full_target_scalar_reference),0.0029498525073746312,True,0.05483992119745573,2330518
arguana,30,selection,50,3050,50,glob_probe,best_in_menu_on_eval,0.0,True,,2330518
arguana,31,recalibration,50,3195,50,ad_probe,ad_c(full_target_scalar_reference),0.0029498525073746312,True,0.089265127025,2331518
arguana,31,selection,50,3195,50,glob_probe,best_in_menu_on_eval,0.0,True,,2331518
arguana,32,recalibration,50,3192,50,ad_probe,ad_c(full_target_scalar_reference),0.003687315634218289,True,0.09519461290225129,2332518
arguana,32,selection,50,3192,50,glob_probe,best_in_menu_on_eval,0.0,True,,2332518
arguana,33,recalibration,50,3028,50,ad_probe,ad_c(full_target_scalar_reference),0.0029498525073746312,True,0.05265520964365522,2333518
arguana,33,selection,50,3028,50,glob_probe,best_in_menu_on_eval,0.0,True,,2333518
arguana,34,recalibration,50,3190,50,ad_probe,ad_c(full_target_scalar_reference),0.0029498525073746312,True,0.07589967599193403,2334518
arguana,34,selection,50,3190,50,glob_probe,best_in_menu_on_eval,0.0,True,,2334518
arguana,35,recalibration,50,3187,50,ad_probe,ad_c(full_target_scalar_reference),0.0029498525073746312,True,0.07654006267032476,2335518
arguana,35,selection,50,3187,50,glob_probe,best_in_menu_on_eval,0.0,True,,2335518
arguana,36,recalibration,50,3129,50,ad_probe,ad_c(full_target_scalar_reference),0.0029498525073746312,True,0.08315309764876122,2336518
arguana,36,selection,50,3129,50,glob_probe,best_in_menu_on_eval,0.0,True,,2336518
arguana,37,recalibration,50,3011,50,ad_probe,ad_c(full_target_scalar_reference),0.0007374631268436578,True,0.03934442968645424,2337518
arguana,37,selection,50,3011,50,glob_probe,best_in_menu_on_eval,0.0,True,,2337518
arguana,38,recalibration,50,3253,50,ad_probe,ad_c(full_target_scalar_reference),0.0007374631268436578,True,0.019230637503725667,2338518
arguana,38,selection,50,3253,50,glob_probe,best_in_menu_on_eval,0.0,True,,2338518
arguana,39,recalibration,50,3022,50,ad_probe,ad_c(full_target_scalar_reference),0.0007374631268436578,True,0.030943123040676923,2339518
arguana,39,selection,50,3022,50,glob_probe,best_in_menu_on_eval,0.0,True,,2339518
arguana,40,recalibration,50,3073,50,ad_probe,ad_c(full_target_scalar_reference),0.0029498525073746312,True,0.05229841254197032,2340518
arguana,40,selection,50,3073,50,glob_probe,best_in_menu_on_eval,0.0,True,,2340518
arguana,41,recalibration,50,3161,50,ad_probe,ad_c(full_target_scalar_reference),0.0,True,0.000603660093463132,2341518
arguana,41,selection,50,3161,50,glob_probe,best_in_menu_on_eval,0.0,True,,2341518
arguana,42,recalibration,50,3032,50,ad_probe,ad_c(full_target_scalar_reference),0.0,True,0.04100042760802536,2342518
arguana,42,selection,50,3032,50,glob_probe,best_in_menu_on_eval,0.0,True,,2342518
arguana,43,recalibration,50,3159,50,ad_probe,ad_c(full_target_scalar_reference),0.0,True,0.02691489273303782,2343518
arguana,43,selection,50,3159,50,glob_probe,best_in_menu_on_eval,0.0,True,,2343518
arguana,44,recalibration,50,3264,50,ad_probe,ad_c(full_target_scalar_reference),0.0,True,0.009567211416452781,2344518
arguana,44,selection,50,3264,50,glob_probe,best_in_menu_on_eval,0.0,True,,2344518
arguana,45,recalibration,50,3018,50,ad_probe,ad_c(full_target_scalar_reference),0.003687315634218289,True,0.12607652812904258,2345518
arguana,45,selection,50,3018,50,glob_probe,best_in_menu_on_eval,0.0,True,,2345518
arguana,46,recalibration,50,3098,50,ad_probe,ad_c(full_target_scalar_reference),0.0029498525073746312,True,0.08497997250786815,2346518
arguana,46,selection,50,3098,50,glob_probe,best_in_menu_on_eval,0.0,True,,2346518
arguana,47,recalibration,50,3109,50,ad_probe,ad_c(full_target_scalar_reference),0.0,True,0.007224247000084505,2347518
arguana,47,selection,50,3109,50,glob_probe,best_in_menu_on_eval,0.0,True,,2347518
arguana,48,recalibration,50,3187,50,ad_probe,ad_c(full_target_scalar_reference),0.0,True,0.0024302307226551356,2348518
arguana,48,selection,50,3187,50,glob_probe,best_in_menu_on_eval,0.0,True,,2348518
arguana,49,recalibration,50,3091,50,ad_probe,ad_c(full_target_scalar_reference),0.0022123893805309734,True,0.05302632924647743,2349518
arguana,49,selection,50,3091,50,glob_probe,best_in_menu_on_eval,0.0,True,,2349518
arguana,0,recalibration,100,6264,100,ad_probe,ad_c(full_target_scalar_reference),0.0,True,2.3508489102597174e-05,2400770
arguana,0,selection,100,6264,100,glob_probe,best_in_menu_on_eval,0.0,True,,2400770
arguana,1,recalibration,100,6444,100,ad_probe,ad_c(full_target_scalar_reference),0.0,True,0.0011387575013734885,2401770
arguana,1,selection,100,6444,100,glob_probe,best_in_menu_on_eval,0.0,True,,2401770
arguana,2,recalibration,100,6100,100,ad_probe,ad_c(full_target_scalar_reference),0.0,True,0.003401609774470904,2402770
arguana,2,selection,100,6100,100,glob_probe,best_in_menu_on_eval,0.0,True,,2402770
arguana,3,recalibration,100,6038,100,ad_probe,ad_c(full_target_scalar_reference),0.0030627871362940273,True,0.05704206376493648,2403770
arguana,3,selection,100,6038,100,glob_probe,best_in_menu_on_eval,0.0,True,,2403770
arguana,4,recalibration,100,6441,100,ad_probe,ad_c(full_target_scalar_reference),0.0,True,0.020413436936560947,2404770
arguana,4,selection,100,6441,100,glob_probe,best_in_menu_on_eval,0.0,True,,2404770
arguana,5,recalibration,100,6404,100,ad_probe,ad_c(full_target_scalar_reference),0.00229709035222052,True,0.05725487661593598,2405770
arguana,5,selection,100,6404,100,glob_probe,best_in_menu_on_eval,0.0,True,,2405770
arguana,6,recalibration,100,6255,100,ad_probe,ad_c(full_target_scalar_reference),0.0007656967840735072,True,0.03271730287744523,2406770
arguana,6,selection,100,6255,100,glob_probe,best_in_menu_on_eval,0.0,True,,2406770
arguana,7,recalibration,100,6169,100,ad_probe,ad_c(full_target_scalar_reference),0.0,True,0.012028349442151476,2407770
arguana,7,selection,100,6169,100,glob_probe,best_in_menu_on_eval,0.0,True,,2407770
arguana,8,recalibration,100,6136,100,ad_probe,ad_c(full_target_scalar_reference),0.0007656967840735072,True,0.02428877249827499,2408770
arguana,8,selection,100,6136,100,glob_probe,best_in_menu_on_eval,0.0,True,,2408770
arguana,9,recalibration,100,6191,100,ad_probe,ad_c(full_target_scalar_reference),0.0007656967840735072,True,0.04121840024099033,2409770
arguana,9,selection,100,6191,100,glob_probe,best_in_menu_on_eval,0.0,True,,2409770
arguana,10,recalibration,100,6292,100,ad_probe,ad_c(full_target_scalar_reference),0.0,True,0.022269433747328038,2410770
arguana,10,selection,100,6292,100,glob_probe,best_in_menu_on_eval,0.0,True,,2410770
arguana,11,recalibration,100,6208,100,ad_probe,ad_c(full_target_scalar_reference),0.0,True,0.0009467912414524715,2411770
arguana,11,selection,100,6208,100,glob_probe,best_in_menu_on_eval,0.0,True,,2411770
arguana,12,recalibration,100,6126,100,ad_probe,ad_c(full_target_scalar_reference),0.0,True,0.020483644460728145,2412770
arguana,12,selection,100,6126,100,glob_probe,best_in_menu_on_eval,0.0,True,,2412770
arguana,13,recalibration,100,6108,100,ad_probe,ad_c(full_target_scalar_reference),0.0,True,0.02199821202905128,2413770
arguana,13,selection,100,6108,100,glob_probe,best_in_menu_on_eval,0.0,True,,2413770
arguana,14,recalibration,100,6271,100,ad_probe,ad_c(full_target_scalar_reference),0.0,True,0.013362219994087043,2414770
arguana,14,selection,100,6271,100,glob_probe,best_in_menu_on_eval,0.0,True,,2414770
arguana,15,recalibration,100,6449,100,ad_probe,ad_c(full_target_scalar_reference),0.00229709035222052,True,0.057382272242651355,2415770
arguana,15,selection,100,6449,100,glob_probe,best_in_menu_on_eval,0.0,True,,2415770
arguana,16,recalibration,100,6433,100,ad_probe,ad_c(full_target_scalar_reference),0.0,True,0.02553424481181521,2416770
arguana,16,selection,100,6433,100,glob_probe,best_in_menu_on_eval,0.0,True,,2416770
arguana,17,recalibration,100,6223,100,ad_probe,ad_c(full_target_scalar_reference),0.0,True,0.018917025864596537,2417770
arguana,17,selection,100,6223,100,glob_probe,best_in_menu_on_eval,0.0,True,,2417770
arguana,18,recalibration,100,6209,100,ad_probe,ad_c(full_target_scalar_reference),0.0007656967840735072,True,0.027558134661965328,2418770
arguana,18,selection,100,6209,100,glob_probe,best_in_menu_on_eval,0.0,True,,2418770
arguana,19,recalibration,100,6034,100,ad_probe,ad_c(full_target_scalar_reference),0.0007656967840735072,True,0.02980189350488449,2419770
arguana,19,selection,100,6034,100,glob_probe,best_in_menu_on_eval,0.0,True,,2419770
arguana,20,recalibration,100,6118,100,ad_probe,ad_c(full_target_scalar_reference),0.0007656967840735072,True,0.02433065181467242,2420770
arguana,20,selection,100,6118,100,glob_probe,best_in_menu_on_eval,0.0,True,,2420770
arguana,21,recalibration,100,6313,100,ad_probe,ad_c(full_target_scalar_reference),0.0007656967840735072,True,0.039805497022680436,2421770
arguana,21,selection,100,6313,100,glob_probe,best_in_menu_on_eval,0.0,True,,2421770
arguana,22,recalibration,100,6512,100,ad_probe,ad_c(full_target_scalar_reference),0.0007656967840735072,True,0.04122678903263399,2422770
arguana,22,selection,100,6512,100,glob_probe,best_in_menu_on_eval,0.0,True,,2422770
arguana,23,recalibration,100,5972,100,ad_probe,ad_c(full_target_scalar_reference),0.00229709035222052,True,0.0681692470507117,2423770
arguana,23,selection,100,5972,100,glob_probe,best_in_menu_on_eval,0.0,True,,2423770
arguana,24,recalibration,100,6270,100,ad_probe,ad_c(full_target_scalar_reference),0.0,True,0.023076247595129384,2424770
arguana,24,selection,100,6270,100,glob_probe,best_in_menu_on_eval,0.0,True,,2424770
arguana,25,recalibration,100,6219,100,ad_probe,ad_c(full_target_scalar_reference),0.0007656967840735055,True,0.027822430288700017,2425770
arguana,25,selection,100,6219,100,glob_probe,best_in_menu_on_eval,0.0,True,,2425770
arguana,26,recalibration,100,6079,100,ad_probe,ad_c(full_target_scalar_reference),0.0007656967840735072,True,0.02821716336974267,2426770
arguana,26,selection,100,6079,100,glob_probe,best_in_menu_on_eval,0.0,True,,2426770
arguana,27,recalibration,100,6166,100,ad_probe,ad_c(full_target_scalar_reference),0.00229709035222052,True,0.06416295950110262,2427770
arguana,27,selection,100,6166,100,glob_probe,best_in_menu_on_eval,0.0,True,,2427770
arguana,28,recalibration,100,6094,100,ad_probe,ad_c(full_target_scalar_reference),0.0,True,0.011763210600041485,2428770
arguana,28,selection,100,6094,100,glob_probe,best_in_menu_on_eval,0.0,True,,2428770
arguana,29,recalibration,100,6193,100,ad_probe,ad_c(full_target_scalar_reference),0.0,True,0.02008954339258362,2429770
arguana,29,selection,100,6193,100,glob_probe,best_in_menu_on_eval,0.0,True,,2429770
arguana,30,recalibration,100,6129,100,ad_probe,ad_c(full_target_scalar_reference),0.0,True,0.014460545036071082,2430770
arguana,30,selection,100,6129,100,glob_probe,best_in_menu_on_eval,0.0,True,,2430770
arguana,31,recalibration,100,6150,100,ad_probe,ad_c(full_target_scalar_reference),0.0007656967840735072,True,0.01807015954126512,2431770
arguana,31,selection,100,6150,100,glob_probe,best_in_menu_on_eval,0.0,True,,2431770
arguana,32,recalibration,100,6079,100,ad_probe,ad_c(full_target_scalar_reference),0.0007656967840735072,True,0.02093103720642564,2432770
arguana,32,selection,100,6079,100,glob_probe,best_in_menu_on_eval,0.0,True,,2432770
arguana,33,recalibration,100,6184,100,ad_probe,ad_c(full_target_scalar_reference),0.0,True,0.020119584309900462,2433770
arguana,33,selection,100,6184,100,glob_probe,best_in_menu_on_eval,0.0,True,,2433770
arguana,34,recalibration,100,6269,100,ad_probe,ad_c(full_target_scalar_reference),0.0007656967840735072,True,0.02896731793473717,2434770
arguana,34,selection,100,6269,100,glob_probe,best_in_menu_on_eval,0.0,True,,2434770
arguana,35,recalibration,100,6318,100,ad_probe,ad_c(full_target_scalar_reference),0.0,True,0.0017001363521805812,2435770
arguana,35,selection,100,6318,100,glob_probe,best_in_menu_on_eval,0.0,True,,2435770
arguana,36,recalibration,100,6501,100,ad_probe,ad_c(full_target_scalar_reference),0.0015313935681470128,True,0.06617145540212599,2436770
arguana,36,selection,100,6501,100,glob_probe,best_in_menu_on_eval,0.0,True,,2436770
arguana,37,recalibration,100,6379,100,ad_probe,ad_c(full_target_scalar_reference),0.0022970903522205217,True,0.0718808625630647,2437770
arguana,37,selection,100,6379,100,glob_probe,best_in_menu_on_eval,0.0,True,,2437770
arguana,38,recalibration,100,6295,100,ad_probe,ad_c(full_target_scalar_reference),0.0,True,0.014848604802411014,2438770
arguana,38,selection,100,6295,100,glob_probe,best_in_menu_on_eval,0.0,True,,2438770
arguana,39,recalibration,100,6313,100,ad_probe,ad_c(full_target_scalar_reference),0.0,True,0.035316243221174215,2439770
arguana,39,selection,100,6313,100,glob_probe,best_in_menu_on_eval,0.0,True,,2439770
arguana,40,recalibration,100,6339,100,ad_probe,ad_c(full_target_scalar_reference),0.0,True,0.00850078755196948,2440770
arguana,40,selection,100,6339,100,glob_probe,best_in_menu_on_eval,0.0,True,,2440770
arguana,41,recalibration,100,6323,100,ad_probe,ad_c(full_target_scalar_reference),0.0007656967840735072,True,0.025873571642784587,2441770
arguana,41,selection,100,6323,100,glob_probe,best_in_menu_on_eval,0.0,True,,2441770
arguana,42,recalibration,100,6226,100,ad_probe,ad_c(full_target_scalar_reference),0.0007656967840735072,True,0.022586136782451915,2442770
arguana,42,selection,100,6226,100,glob_probe,best_in_menu_on_eval,0.0,True,,2442770
arguana,43,recalibration,100,6124,100,ad_probe,ad_c(full_target_scalar_reference),0.0007656967840735072,True,0.03161448886034046,2443770
arguana,43,selection,100,6124,100,glob_probe,best_in_menu_on_eval,0.0,True,,2443770
arguana,44,recalibration,100,6247,100,ad_probe,ad_c(full_target_scalar_reference),0.0,True,0.01937651149877495,2444770
arguana,44,selection,100,6247,100,glob_probe,best_in_menu_on_eval,0.0,True,,2444770
arguana,45,recalibration,100,6213,100,ad_probe,ad_c(full_target_scalar_reference),0.0007656967840735072,True,0.03135182833038397,2445770
arguana,45,selection,100,6213,100,glob_probe,best_in_menu_on_eval,0.0,True,,2445770
arguana,46,recalibration,100,6278,100,ad_probe,ad_c(full_target_scalar_reference),0.0,True,0.0031824191579634675,2446770
arguana,46,selection,100,6278,100,glob_probe,best_in_menu_on_eval,0.0,True,,2446770
arguana,47,recalibration,100,6299,100,ad_probe,ad_c(full_target_scalar_reference),0.0,True,0.004101396694121906,2447770
arguana,47,selection,100,6299,100,glob_probe,best_in_menu_on_eval,0.0,True,,2447770
arguana,48,recalibration,100,6260,100,ad_probe,ad_c(full_target_scalar_reference),0.0,True,0.000586641201175242,2448770
arguana,48,selection,100,6260,100,glob_probe,best_in_menu_on_eval,0.0,True,,2448770
arguana,49,recalibration,100,6271,100,ad_probe,ad_c(full_target_scalar_reference),0.0007656967840735072,True,0.019417228997692382,2449770
arguana,49,selection,100,6271,100,glob_probe,best_in_menu_on_eval,0.0,True,,2449770
scidocs,0,recalibration,5,413,5,ad_probe,ad_c(full_target_scalar_reference),0.009932998324958142,False,0.6129854797866532,2000365
scidocs,0,selection,5,413,5,glob_probe,best_in_menu_on_eval,0.0,True,,2000365
scidocs,1,recalibration,5,397,5,ad_probe,ad_c(full_target_scalar_reference),0.015326633165829134,False,1.0449857807331453,2001365
scidocs,1,selection,5,397,5,glob_probe,best_in_menu_on_eval,0.0,True,,2001365
scidocs,2,recalibration,5,409,5,ad_probe,ad_c(full_target_scalar_reference),0.007671691792294794,False,0.5264425206502557,2002365
scidocs,2,selection,5,409,5,glob_probe,best_in_menu_on_eval,0.0,True,,2002365
scidocs,3,recalibration,5,370,5,ad_probe,ad_c(full_target_scalar_reference),0.0014572864321608092,True,0.17122813166890438,2003365
scidocs,3,selection,5,370,5,glob_probe,best_in_menu_on_eval,0.0,True,,2003365
scidocs,4,recalibration,5,396,5,ad_probe,ad_c(full_target_scalar_reference),0.002010050251256279,True,0.2005004218258355,2004365
scidocs,4,selection,5,396,5,glob_probe,best_in_menu_on_eval,0.0,True,,2004365
scidocs,5,recalibration,5,385,5,ad_probe,ad_c(full_target_scalar_reference),0.001407035175879423,True,0.1354327198789531,2005365
scidocs,5,selection,5,385,5,glob_probe,best_in_menu_on_eval,0.0,True,,2005365
scidocs,6,recalibration,5,439,5,ad_probe,ad_c(full_target_scalar_reference),0.015125628140703534,False,1.0265542746765806,2006365
scidocs,6,selection,5,439,5,glob_probe,best_in_menu_on_eval,0.0,True,,2006365
scidocs,7,recalibration,5,388,5,ad_probe,ad_c(full_target_scalar_reference),0.00040201005025122805,True,0.11242460333475979,2007365
scidocs,7,selection,5,388,5,glob_probe,best_in_menu_on_eval,0.0,True,,2007365
scidocs,8,recalibration,5,451,5,ad_probe,ad_c(full_target_scalar_reference),0.014924623115577906,False,0.9755625800900787,2008365
scidocs,8,selection,5,451,5,trunc,best_in_menu_on_eval,0.06892797319933,False,,2008365
scidocs,9,recalibration,5,383,5,ad_probe,ad_c(full_target_scalar_reference),0.005427135678391953,False,0.447351361768241,2009365
scidocs,9,selection,5,383,5,glob_probe,best_in_menu_on_eval,0.0,True,,2009365
scidocs,10,recalibration,5,380,5,ad_probe,ad_c(full_target_scalar_reference),0.01366834170854267,False,0.9328138185571002,2010365
scidocs,10,selection,5,380,5,glob_probe,best_in_menu_on_eval,0.0,True,,2010365
scidocs,11,recalibration,5,406,5,ad_probe,ad_c(full_target_scalar_reference),0.0018090452261305956,True,0.15405491146233485,2011365
scidocs,11,selection,5,406,5,glob_probe,best_in_menu_on_eval,0.0,True,,2011365
scidocs,12,recalibration,5,437,5,ad_probe,ad_c(full_target_scalar_reference),0.00040201005025122805,True,0.032750103999172886,2012365
scidocs,12,selection,5,437,5,glob_probe,best_in_menu_on_eval,0.0,True,,2012365
scidocs,13,recalibration,5,427,5,ad_probe,ad_c(full_target_scalar_reference),0.010854271356783907,False,0.805707176167124,2013365
scidocs,13,selection,5,427,5,glob_probe,best_in_menu_on_eval,0.0,True,,2013365
scidocs,14,recalibration,5,321,5,ad_probe,ad_c(full_target_scalar_reference),0.01958123953098828,False,1.2080491185496256,2014365
scidocs,14,selection,5,321,5,glob_probe,best_in_menu_on_eval,0.0,True,,2014365
scidocs,15,recalibration,5,430,5,ad_probe,ad_c(full_target_scalar_reference),0.0050753768844221114,False,0.3854342480021793,2015365
scidocs,15,selection,5,430,5,glob_probe,best_in_menu_on_eval,0.0,True,,2015365
scidocs,16,recalibration,5,424,5,ad_probe,ad_c(full_target_scalar_reference),0.0014070351758793953,True,0.11621048278933399,2016365
scidocs,16,selection,5,424,5,glob_probe,best_in_menu_on_eval,0.0,True,,2016365
scidocs,17,recalibration,5,398,5,ad_probe,ad_c(full_target_scalar_reference),0.005879396984924651,False,0.4315480006825769,2017365
scidocs,17,selection,5,398,5,glob_probe,best_in_menu_on_eval,0.0,True,,2017365
scidocs,18,recalibration,5,412,5,ad_probe,ad_c(full_target_scalar_reference),0.008040201005025116,False,0.6932798859918297,2018365
scidocs,18,selection,5,412,5,glob_probe,best_in_menu_on_eval,0.0,True,,2018365
scidocs,19,recalibration,5,432,5,ad_probe,ad_c(full_target_scalar_reference),0.011541038525963165,False,0.7481568917618748,2019365
scidocs,19,selection,5,432,5,glob_probe,best_in_menu_on_eval,0.0,True,,2019365
scidocs,20,recalibration,5,445,5,ad_probe,ad_c(full_target_scalar_reference),0.018844221105527637,False,1.4048056301777416,2020365
scidocs,20,selection,5,445,5,glob_probe,best_in_menu_on_eval,0.0,True,,2020365
scidocs,21,recalibration,5,427,5,ad_probe,ad_c(full_target_scalar_reference),0.005427135678391981,False,0.44907894686614647,2021365
scidocs,21,selection,5,427,5,glob_probe,best_in_menu_on_eval,0.0,True,,2021365
scidocs,22,recalibration,5,442,5,ad_probe,ad_c(full_target_scalar_reference),0.006432160804020065,False,0.5618691303770542,2022365
scidocs,22,selection,5,442,5,glob_probe,best_in_menu_on_eval,0.0,True,,2022365
scidocs,23,recalibration,5,379,5,ad_probe,ad_c(full_target_scalar_reference),0.018174204355108914,False,1.0729434372733382,2023365
scidocs,23,selection,5,379,5,glob_probe,best_in_menu_on_eval,0.0,True,,2023365
scidocs,24,recalibration,5,369,5,ad_probe,ad_c(full_target_scalar_reference),0.0014572864321608092,True,0.17585543685422822,2024365
scidocs,24,selection,5,369,5,glob_probe,best_in_menu_on_eval,0.0,True,,2024365
scidocs,25,recalibration,5,345,5,ad_probe,ad_c(full_target_scalar_reference),0.010737018425460654,False,0.7052126589938732,2025365
scidocs,25,selection,5,345,5,glob_probe,best_in_menu_on_eval,0.0,True,,2025365
scidocs,26,recalibration,5,394,5,ad_probe,ad_c(full_target_scalar_reference),0.006633165829145721,False,0.5694051341530102,2026365
scidocs,26,selection,5,394,5,glob_probe,best_in_menu_on_eval,0.0,True,,2026365
scidocs,27,recalibration,5,419,5,ad_probe,ad_c(full_target_scalar_reference),0.01678391959798997,False,1.1760837440769727,2027365
scidocs,27,selection,5,419,5,glob_probe,best_in_menu_on_eval,0.0,True,,2027365
scidocs,28,recalibration,5,407,5,ad_probe,ad_c(full_target_scalar_reference),0.016013400335008365,False,1.0082105843781115,2028365
scidocs,28,selection,5,407,5,glob_probe,best_in_menu_on_eval,0.0,True,,2028365
scidocs,29,recalibration,5,430,5,ad_probe,ad_c(full_target_scalar_reference),0.010335008375209398,False,0.6653651792470479,2029365
scidocs,29,selection,5,430,5,glob_probe,best_in_menu_on_eval,0.0,True,,2029365
scidocs,30,recalibration,5,397,5,ad_probe,ad_c(full_target_scalar_reference),0.002211055276381907,True,0.21757702049308092,2030365
scidocs,30,selection,5,397,5,glob_probe,best_in_menu_on_eval,0.0,True,,2030365
scidocs,31,recalibration,5,441,5,ad_probe,ad_c(full_target_scalar_reference),0.004874371859296456,True,0.3854342480021793,2031365
scidocs,31,selection,5,441,5,glob_probe,best_in_menu_on_eval,0.0,True,,2031365
scidocs,32,recalibration,5,392,5,ad_probe,ad_c(full_target_scalar_reference),0.0002010050251256279,True,0.03282421641244948,2032365
scidocs,32,selection,5,392,5,glob_probe,best_in_menu_on_eval,0.0,True,,2032365
scidocs,33,recalibration,5,422,5,ad_probe,ad_c(full_target_scalar_reference),0.016331658291457274,False,1.1596132658938005,2033365
scidocs,33,selection,5,422,5,glob_probe,best_in_menu_on_eval,0.0,True,,2033365
scidocs,34,recalibration,5,392,5,ad_probe,ad_c(full_target_scalar_reference),0.006532663316582893,False,0.4674262809420586,2034365
scidocs,34,selection,5,392,5,glob_probe,best_in_menu_on_eval,0.0,True,,2034365
scidocs,35,recalibration,5,425,5,ad_probe,ad_c(full_target_scalar_reference),0.004824120603015097,True,0.39006693261966285,2035365
scidocs,35,selection,5,425,5,glob_probe,best_in_menu_on_eval,0.0,True,,2035365
scidocs,36,recalibration,5,425,5,ad_probe,ad_c(full_target_scalar_reference),0.00040201005025128356,True,0.1145804901117855,2036365
scidocs,36,selection,5,425,5,glob_probe,best_in_menu_on_eval,0.0,True,,2036365
scidocs,37,recalibration,5,444,5,ad_probe,ad_c(full_target_scalar_reference),0.006432160804020093,False,0.5563825969103671,2037365
scidocs,37,selection,5,444,5,glob_probe,best_in_menu_on_eval,0.0,True,,2037365
scidocs,38,recalibration,5,395,5,ad_probe,ad_c(full_target_scalar_reference),0.0030150753768844185,True,0.26760996581687024,2038365
scidocs,38,selection,5,395,5,glob_probe,best_in_menu_on_eval,0.0,True,,2038365
scidocs,39,recalibration,5,431,5,ad_probe,ad_c(full_target_scalar_reference),0.003819095477386958,True,0.3478864875683363,2039365
scidocs,39,selection,5,431,5,glob_probe,best_in_menu_on_eval,0.0,True,,2039365
scidocs,40,recalibration,5,400,5,ad_probe,ad_c(full_target_scalar_reference),0.00361809045226133,True,0.3376091519527944,2040365
scidocs,40,selection,5,400,5,glob_probe,best_in_menu_on_eval,0.0,True,,2040365
scidocs,41,recalibration,5,405,5,ad_probe,ad_c(full_target_scalar_reference),0.0,True,0.004511390940529658,2041365
scidocs,41,selection,5,405,5,glob_probe,best_in_menu_on_eval,0.0,True,,2041365
scidocs,42,recalibration,5,456,5,ad_probe,ad_c(full_target_scalar_reference),0.00743718592964826,False,0.6163737532175122,2042365
scidocs,42,selection,5,456,5,glob_probe,best_in_menu_on_eval,0.0,True,,2042365
scidocs,43,recalibration,5,393,5,ad_probe,ad_c(full_target_scalar_reference),0.020653266331658315,False,1.6504853571464748,2043365
scidocs,43,selection,5,393,5,glob_probe,best_in_menu_on_eval,0.0,True,,2043365
scidocs,44,recalibration,5,450,5,ad_probe,ad_c(full_target_scalar_reference),0.001457286432160837,True,0.1714319278525096,2044365
scidocs,44,selection,5,450,5,glob_probe,best_in_menu_on_eval,0.0,True,,2044365
scidocs,45,recalibration,5,438,5,ad_probe,ad_c(full_target_scalar_reference),0.00482412060301507,True,0.39659964514948864,2045365
scidocs,45,selection,5,438,5,glob_probe,best_in_menu_on_eval,0.0,True,,2045365
scidocs,46,recalibration,5,406,5,ad_probe,ad_c(full_target_scalar_reference),0.004673366834170828,True,0.3739580906749702,2046365
scidocs,46,selection,5,406,5,glob_probe,best_in_menu_on_eval,0.0,True,,2046365
scidocs,47,recalibration,5,398,5,ad_probe,ad_c(full_target_scalar_reference),0.004472361809045228,True,0.36410879075356917,2047365
scidocs,47,selection,5,398,5,glob_probe,best_in_menu_on_eval,0.0,True,,2047365
scidocs,48,recalibration,5,386,5,ad_probe,ad_c(full_target_scalar_reference),0.0010050251256281395,True,0.04027444167006555,2048365
scidocs,48,selection,5,386,5,glob_probe,best_in_menu_on_eval,0.0,True,,2048365
scidocs,49,recalibration,5,412,5,ad_probe,ad_c(full_target_scalar_reference),0.005477386934673395,False,0.41032046749525986,2049365
scidocs,49,selection,5,412,5,glob_probe,best_in_menu_on_eval,0.0,True,,2049365
scidocs,0,recalibration,10,870,10,ad_probe,ad_c(full_target_scalar_reference),0.0111111111111111,False,0.8121541906006886,619
scidocs,0,selection,10,870,10,glob_probe,best_in_menu_on_eval,0.0,True,,619
scidocs,1,recalibration,10,792,10,ad_probe,ad_c(full_target_scalar_reference),0.0018686868686868807,True,0.190474795111637,1619
scidocs,1,selection,10,792,10,glob_probe,best_in_menu_on_eval,0.0,True,,1619
scidocs,2,recalibration,10,824,10,ad_probe,ad_c(full_target_scalar_reference),0.00020202020202020332,True,0.06828786076796778,2619
scidocs,2,selection,10,824,10,glob_probe,best_in_menu_on_eval,0.0,True,,2619
scidocs,3,recalibration,10,824,10,ad_probe,ad_c(full_target_scalar_reference),0.00484848484848488,True,0.39865226856391267,3619
scidocs,3,selection,10,824,10,glob_probe,best_in_menu_on_eval,0.0,True,,3619
scidocs,4,recalibration,10,817,10,ad_probe,ad_c(full_target_scalar_reference),0.0010101010101010166,True,0.07448340713555579,4619
scidocs,4,selection,10,817,10,glob_probe,best_in_menu_on_eval,0.0,True,,4619
scidocs,5,recalibration,10,770,10,ad_probe,ad_c(full_target_scalar_reference),0.004040404040404039,True,0.3572512439876707,5619
scidocs,5,selection,10,770,10,glob_probe,best_in_menu_on_eval,0.0,True,,5619
scidocs,6,recalibration,10,761,10,ad_probe,ad_c(full_target_scalar_reference),0.007508417508417464,False,0.5236685454190813,6619
scidocs,6,selection,10,761,10,glob_probe,best_in_menu_on_eval,0.0,True,,6619
scidocs,7,recalibration,10,794,10,ad_probe,ad_c(full_target_scalar_reference),0.0,True,0.017812095364447167,7619
scidocs,7,selection,10,794,10,glob_probe,best_in_menu_on_eval,0.0,True,,7619
scidocs,8,recalibration,10,831,10,ad_probe,ad_c(full_target_scalar_reference),0.0014141414141413955,True,0.11552291719422048,8619
scidocs,8,selection,10,831,10,glob_probe,best_in_menu_on_eval,0.0,True,,8619
scidocs,9,recalibration,10,793,10,ad_probe,ad_c(full_target_scalar_reference),0.002070707070707084,True,0.2095151254103329,9619
scidocs,9,selection,10,793,10,glob_probe,best_in_menu_on_eval,0.0,True,,9619
scidocs,10,recalibration,10,873,10,ad_probe,ad_c(full_target_scalar_reference),0.017727272727272758,False,1.2506461858405462,10619
scidocs,10,selection,10,873,10,glob_probe,best_in_menu_on_eval,0.0,True,,10619
scidocs,11,recalibration,10,762,10,ad_probe,ad_c(full_target_scalar_reference),0.00872053872053874,False,0.5749791961929542,11619
scidocs,11,selection,10,762,10,glob_probe,best_in_menu_on_eval,0.0,True,,11619
scidocs,12,recalibration,10,822,10,ad_probe,ad_c(full_target_scalar_reference),0.003030303030303022,True,0.2896370586842938,12619
scidocs,12,selection,10,822,10,glob_probe,best_in_menu_on_eval,0.0,True,,12619
scidocs,13,recalibration,10,809,10,ad_probe,ad_c(full_target_scalar_reference),0.005656565656565665,False,0.480211272313928,13619
scidocs,13,selection,10,809,10,glob_probe,best_in_menu_on_eval,0.0,True,,13619
scidocs,14,recalibration,10,808,10,ad_probe,ad_c(full_target_scalar_reference),0.00040404040404040664,True,0.10664241191902324,14619
scidocs,14,selection,10,808,10,glob_probe,best_in_menu_on_eval,0.0,True,,14619
scidocs,15,recalibration,10,819,10,ad_probe,ad_c(full_target_scalar_reference),0.0022222222222222365,True,0.21698200552678237,15619
scidocs,15,selection,10,819,10,glob_probe,best_in_menu_on_eval,0.0,True,,15619
scidocs,16,recalibration,10,741,10,ad_probe,ad_c(full_target_scalar_reference),0.0032323232323232254,True,0.2498456977487149,16619
scidocs,16,selection,10,741,10,glob_probe,best_in_menu_on_eval,0.0,True,,16619
scidocs,17,recalibration,10,826,10,ad_probe,ad_c(full_target_scalar_reference),0.006565656565656552,False,0.46296325463124477,17619
scidocs,17,selection,10,826,10,glob_probe,best_in_menu_on_eval,0.0,True,,17619
scidocs,18,recalibration,10,805,10,ad_probe,ad_c(full_target_scalar_reference),0.00020202020202017557,True,0.06606021513054205,18619
scidocs,18,selection,10,805,10,glob_probe,best_in_menu_on_eval,0.0,True,,18619
scidocs,19,recalibration,10,805,10,ad_probe,ad_c(full_target_scalar_reference),0.003030303030303022,True,0.2877492972693432,19619
scidocs,19,selection,10,805,10,glob_probe,best_in_menu_on_eval,0.0,True,,19619
scidocs,20,recalibration,10,839,10,ad_probe,ad_c(full_target_scalar_reference),0.007474747474747467,False,0.628931528730913,20619
scidocs,20,selection,10,839,10,glob_probe,best_in_menu_on_eval,0.0,True,,20619
scidocs,21,recalibration,10,810,10,ad_probe,ad_c(full_target_scalar_reference),0.004646464646464649,True,0.3820698719322069,21619
scidocs,21,selection,10,810,10,glob_probe,best_in_menu_on_eval,0.0,True,,21619
scidocs,22,recalibration,10,866,10,ad_probe,ad_c(full_target_scalar_reference),0.015000000000000013,False,0.9660803789697909,22619
scidocs,22,selection,10,866,10,glob_probe,best_in_menu_on_eval,0.0,True,,22619
scidocs,23,recalibration,10,886,10,ad_probe,ad_c(full_target_scalar_reference),0.004444444444444445,True,0.3788007226284784,23619
scidocs,23,selection,10,886,10,glob_probe,best_in_menu_on_eval,0.0,True,,23619
scidocs,24,recalibration,10,800,10,ad_probe,ad_c(full_target_scalar_reference),0.0034848484848484795,True,0.2905265343500303,24619
scidocs,24,selection,10,800,10,glob_probe,best_in_menu_on_eval,0.0,True,,24619
scidocs,25,recalibration,10,788,10,ad_probe,ad_c(full_target_scalar_reference),0.00020202020202017557,True,0.09983360939979624,25619
scidocs,25,selection,10,788,10,glob_probe,best_in_menu_on_eval,0.0,True,,25619
scidocs,26,recalibration,10,804,10,ad_probe,ad_c(full_target_scalar_reference),0.003080808080808073,True,0.27671414018257057,26619
scidocs,26,selection,10,804,10,glob_probe,best_in_menu_on_eval,0.0,True,,26619
scidocs,27,recalibration,10,776,10,ad_probe,ad_c(full_target_scalar_reference),0.00978114478114478,False,0.6531003952434382,27619
scidocs,27,selection,10,776,10,glob_probe,best_in_menu_on_eval,0.0,True,,27619
scidocs,28,recalibration,10,865,10,ad_probe,ad_c(full_target_scalar_reference),0.0018181818181818299,True,0.1740641276425796,28619
scidocs,28,selection,10,865,10,glob_probe,best_in_menu_on_eval,0.0,True,,28619
scidocs,29,recalibration,10,825,10,ad_probe,ad_c(full_target_scalar_reference),0.0022222222222222088,True,0.2196168140829906,29619
scidocs,29,selection,10,825,10,glob_probe,best_in_menu_on_eval,0.0,True,,29619
scidocs,30,recalibration,10,814,10,ad_probe,ad_c(full_target_scalar_reference),0.002020202020202033,True,0.18929613657536049,30619
scidocs,30,selection,10,814,10,glob_probe,best_in_menu_on_eval,0.0,True,,30619
scidocs,31,recalibration,10,842,10,ad_probe,ad_c(full_target_scalar_reference),0.0034848484848484795,True,0.2411086955145283,31619
scidocs,31,selection,10,842,10,glob_probe,best_in_menu_on_eval,0.0,True,,31619
scidocs,32,recalibration,10,823,10,ad_probe,ad_c(full_target_scalar_reference),0.0016161616161616266,True,0.13063870983222436,32619
scidocs,32,selection,10,823,10,glob_probe,best_in_menu_on_eval,0.0,True,,32619
scidocs,33,recalibration,10,834,10,ad_probe,ad_c(full_target_scalar_reference),0.00121212121212122,True,0.08315556680302816,33619
scidocs,33,selection,10,834,10,trunc,best_in_menu_on_eval,0.06907407407407407,False,,33619
scidocs,34,recalibration,10,831,10,ad_probe,ad_c(full_target_scalar_reference),0.004444444444444445,True,0.3715253749518128,34619
scidocs,34,selection,10,831,10,glob_probe,best_in_menu_on_eval,0.0,True,,34619
scidocs,35,recalibration,10,840,10,ad_probe,ad_c(full_target_scalar_reference),0.00020202020202020332,True,0.025808790624461064,35619
scidocs,35,selection,10,840,10,glob_probe,best_in_menu_on_eval,0.0,True,,35619
scidocs,36,recalibration,10,852,10,ad_probe,ad_c(full_target_scalar_reference),0.004090909090909062,True,0.3358697827716064,36619
scidocs,36,selection,10,852,10,glob_probe,best_in_menu_on_eval,0.0,True,,36619
scidocs,37,recalibration,10,806,10,ad_probe,ad_c(full_target_scalar_reference),0.00020202020202020332,True,0.04226512347099831,37619
scidocs,37,selection,10,806,10,glob_probe,best_in_menu_on_eval,0.0,True,,37619
scidocs,38,recalibration,10,854,10,ad_probe,ad_c(full_target_scalar_reference),0.0018686868686868807,True,0.19408241188545716,38619
scidocs,38,selection,10,854,10,glob_probe,best_in_menu_on_eval,0.0,True,,38619
scidocs,39,recalibration,10,809,10,ad_probe,ad_c(full_target_scalar_reference),0.0,True,0.015355485659291901,39619
scidocs,39,selection,10,809,10,glob_probe,best_in_menu_on_eval,0.0,True,,39619
scidocs,40,recalibration,10,816,10,ad_probe,ad_c(full_target_scalar_reference),0.009983164983164955,False,0.6069073276901955,40619
scidocs,40,selection,10,816,10,glob_probe,best_in_menu_on_eval,0.0,True,,40619
scidocs,41,recalibration,10,842,10,ad_probe,ad_c(full_target_scalar_reference),0.005454545454545434,False,0.47021886439001737,41619
scidocs,41,selection,10,842,10,glob_probe,best_in_menu_on_eval,0.0,True,,41619
scidocs,42,recalibration,10,833,10,ad_probe,ad_c(full_target_scalar_reference),0.001868686868686853,True,0.19009165198325917,42619
scidocs,42,selection,10,833,10,glob_probe,best_in_menu_on_eval,0.0,True,,42619
scidocs,43,recalibration,10,788,10,ad_probe,ad_c(full_target_scalar_reference),0.00121212121212122,True,0.09133818035981234,43619
scidocs,43,selection,10,788,10,glob_probe,best_in_menu_on_eval,0.0,True,,43619
scidocs,44,recalibration,10,817,10,ad_probe,ad_c(full_target_scalar_reference),0.00424242424242427,True,0.3558604235613334,44619
scidocs,44,selection,10,817,10,glob_probe,best_in_menu_on_eval,0.0,True,,44619
scidocs,45,recalibration,10,763,10,ad_probe,ad_c(full_target_scalar_reference),0.003686868686868683,True,0.3210219948054185,45619
scidocs,45,selection,10,763,10,glob_probe,best_in_menu_on_eval,0.0,True,,45619
scidocs,46,recalibration,10,834,10,ad_probe,ad_c(full_target_scalar_reference),0.00020202020202017557,True,0.09019248626068288,46619
scidocs,46,selection,10,834,10,glob_probe,best_in_menu_on_eval,0.0,True,,46619
scidocs,47,recalibration,10,866,10,ad_probe,ad_c(full_target_scalar_reference),0.00484848484848488,True,0.41165491250434894,47619
scidocs,47,selection,10,866,10,glob_probe,best_in_menu_on_eval,0.0,True,,47619
scidocs,48,recalibration,10,840,10,ad_probe,ad_c(full_target_scalar_reference),0.00121212121212122,True,0.08724451153883583,48619
scidocs,48,selection,10,840,10,glob_probe,best_in_menu_on_eval,0.0,True,,48619
scidocs,49,recalibration,10,852,10,ad_probe,ad_c(full_target_scalar_reference),0.007474747474747467,False,0.628263624362984,49619
scidocs,49,selection,10,852,10,glob_probe,best_in_menu_on_eval,0.0,True,,49619
scidocs,0,recalibration,20,1680,20,ad_probe,ad_c(full_target_scalar_reference),0.0018367346938775453,True,0.15661475950614356,2200691
scidocs,0,selection,20,1680,20,glob_probe,best_in_menu_on_eval,0.0,True,,2200691
scidocs,1,recalibration,20,1604,20,ad_probe,ad_c(full_target_scalar_reference),0.008860544217687089,False,0.5804262762898564,2201691
scidocs,1,selection,20,1604,20,glob_probe,best_in_menu_on_eval,0.0,True,,2201691
scidocs,2,recalibration,20,1553,20,ad_probe,ad_c(full_target_scalar_reference),0.0010204081632652628,True,0.10867350346257076,2202691
scidocs,2,selection,20,1553,20,glob_probe,best_in_menu_on_eval,0.0,True,,2202691
scidocs,3,recalibration,20,1610,20,ad_probe,ad_c(full_target_scalar_reference),0.0014285714285714457,True,0.10506810730310479,2203691
scidocs,3,selection,20,1610,20,glob_probe,best_in_menu_on_eval,0.0,True,,2203691
scidocs,4,recalibration,20,1565,20,ad_probe,ad_c(full_target_scalar_reference),0.002091836734693875,True,0.20613993182499524,2204691
scidocs,4,selection,20,1565,20,glob_probe,best_in_menu_on_eval,0.0,True,,2204691
scidocs,5,recalibration,20,1680,20,ad_probe,ad_c(full_target_scalar_reference),0.0014795918367347116,True,0.17747043780245075,2205691
scidocs,5,selection,20,1680,20,glob_probe,best_in_menu_on_eval,0.0,True,,2205691
scidocs,6,recalibration,20,1667,20,ad_probe,ad_c(full_target_scalar_reference),0.0010204081632653184,True,0.05590589371157595,2206691
scidocs,6,selection,20,1667,20,glob_probe,best_in_menu_on_eval,0.0,True,,2206691
scidocs,7,recalibration,20,1520,20,ad_probe,ad_c(full_target_scalar_reference),0.00020408163265303592,True,0.087370281869382,2207691
scidocs,7,selection,20,1520,20,glob_probe,best_in_menu_on_eval,0.0,True,,2207691
scidocs,8,recalibration,20,1612,20,ad_probe,ad_c(full_target_scalar_reference),0.0038775510204081265,True,0.3414100967099887,2208691
scidocs,8,selection,20,1612,20,glob_probe,best_in_menu_on_eval,0.0,True,,2208691
scidocs,9,recalibration,20,1552,20,ad_probe,ad_c(full_target_scalar_reference),0.010085034013605443,False,0.6332273365920842,2209691
scidocs,9,selection,20,1552,20,glob_probe,best_in_menu_on_eval,0.0,True,,2209691
scidocs,10,recalibration,20,1717,20,ad_probe,ad_c(full_target_scalar_reference),0.0053061224489796,False,0.4385837326105433,2210691
scidocs,10,selection,20,1717,20,glob_probe,best_in_menu_on_eval,0.0,True,,2210691
scidocs,11,recalibration,20,1574,20,ad_probe,ad_c(full_target_scalar_reference),0.0010204081632653461,True,0.14346928177117535,2211691
scidocs,11,selection,20,1574,20,glob_probe,best_in_menu_on_eval,0.0,True,,2211691
scidocs,12,recalibration,20,1602,20,ad_probe,ad_c(full_target_scalar_reference),0.001836734693877573,True,0.1761579670307789,2212691
scidocs,12,selection,20,1602,20,glob_probe,best_in_menu_on_eval,0.0,True,,2212691
scidocs,13,recalibration,20,1607,20,ad_probe,ad_c(full_target_scalar_reference),0.0020408163265306367,True,0.18188801614849837,2213691
scidocs,13,selection,20,1607,20,glob_probe,best_in_menu_on_eval,0.0,True,,2213691
scidocs,14,recalibration,20,1657,20,ad_probe,ad_c(full_target_scalar_reference),0.0030612244897958996,True,0.2522094202839824,2214691
scidocs,14,selection,20,1657,20,glob_probe,best_in_menu_on_eval,0.0,True,,2214691
scidocs,15,recalibration,20,1547,20,ad_probe,ad_c(full_target_scalar_reference),0.001428571428571418,True,0.12092817769261499,2215691
scidocs,15,selection,20,1547,20,glob_probe,best_in_menu_on_eval,0.0,True,,2215691
scidocs,16,recalibration,20,1667,20,ad_probe,ad_c(full_target_scalar_reference),0.0057142857142856995,False,0.5107391407699131,2216691
scidocs,16,selection,20,1667,20,glob_probe,best_in_menu_on_eval,0.0,True,,2216691
scidocs,17,recalibration,20,1662,20,ad_probe,ad_c(full_target_scalar_reference),0.0020918367346939026,True,0.20384882648149372,2217691
scidocs,17,selection,20,1662,20,glob_probe,best_in_menu_on_eval,0.0,True,,2217691
scidocs,18,recalibration,20,1632,20,ad_probe,ad_c(full_target_scalar_reference),0.00040816326530612734,True,0.11350254672327242,2218691
scidocs,18,selection,20,1632,20,glob_probe,best_in_menu_on_eval,0.0,True,,2218691
scidocs,19,recalibration,20,1665,20,ad_probe,ad_c(full_target_scalar_reference),0.00040816326530612734,True,0.1270717409229487,2219691
scidocs,19,selection,20,1665,20,glob_probe,best_in_menu_on_eval,0.0,True,,2219691
scidocs,20,recalibration,20,1630,20,ad_probe,ad_c(full_target_scalar_reference),0.0018877551020408112,True,0.19937599344944434,2220691
scidocs,20,selection,20,1630,20,glob_probe,best_in_menu_on_eval,0.0,True,,2220691
scidocs,21,recalibration,20,1586,20,ad_probe,ad_c(full_target_scalar_reference),0.006632653061224486,False,0.48474339572356095,2221691
scidocs,21,selection,20,1586,20,glob_probe,best_in_menu_on_eval,0.0,True,,2221691
scidocs,22,recalibration,20,1650,20,ad_probe,ad_c(full_target_scalar_reference),0.0012244897959183543,True,0.07924512310872434,2222691
scidocs,22,selection,20,1650,20,glob_probe,best_in_menu_on_eval,0.0,True,,2222691
scidocs,23,recalibration,20,1617,20,ad_probe,ad_c(full_target_scalar_reference),0.00020408163265303592,True,0.0948890471985866,2223691
scidocs,23,selection,20,1617,20,glob_probe,best_in_menu_on_eval,0.0,True,,2223691
scidocs,24,recalibration,20,1642,20,ad_probe,ad_c(full_target_scalar_reference),0.0010204081632652628,True,0.13850374955771816,2224691
scidocs,24,selection,20,1642,20,glob_probe,best_in_menu_on_eval,0.0,True,,2224691
scidocs,25,recalibration,20,1651,20,ad_probe,ad_c(full_target_scalar_reference),0.00020408163265306367,True,0.07468394180960658,2225691
scidocs,25,selection,20,1651,20,glob_probe,best_in_menu_on_eval,0.0,True,,2225691
scidocs,26,recalibration,20,1724,20,ad_probe,ad_c(full_target_scalar_reference),0.005510204081632664,False,0.44475708340814046,2226691
scidocs,26,selection,20,1724,20,glob_probe,best_in_menu_on_eval,0.0,True,,2226691
scidocs,27,recalibration,20,1595,20,ad_probe,ad_c(full_target_scalar_reference),0.0035204081632653483,True,0.23728748776443798,2227691
scidocs,27,selection,20,1595,20,glob_probe,best_in_menu_on_eval,0.0,True,,2227691
scidocs,28,recalibration,20,1628,20,ad_probe,ad_c(full_target_scalar_reference),0.0010204081632652906,True,0.14649893434252448,2228691
scidocs,28,selection,20,1628,20,glob_probe,best_in_menu_on_eval,0.0,True,,2228691
scidocs,29,recalibration,20,1598,20,ad_probe,ad_c(full_target_scalar_reference),0.00020408163265303592,True,0.03760258364849367,2229691
scidocs,29,selection,20,1598,20,glob_probe,best_in_menu_on_eval,0.0,True,,2229691
scidocs,30,recalibration,20,1560,20,ad_probe,ad_c(full_target_scalar_reference),0.00020408163265306367,True,0.029538411372044937,2230691
scidocs,30,selection,20,1560,20,glob_probe,best_in_menu_on_eval,0.0,True,,2230691
scidocs,31,recalibration,20,1588,20,ad_probe,ad_c(full_target_scalar_reference),0.0016326530612244816,True,0.14086149591290997,2231691
scidocs,31,selection,20,1588,20,glob_probe,best_in_menu_on_eval,0.0,True,,2231691
scidocs,32,recalibration,20,1626,20,ad_probe,ad_c(full_target_scalar_reference),0.00020408163265306367,True,0.08760517628828879,2232691
scidocs,32,selection,20,1626,20,glob_probe,best_in_menu_on_eval,0.0,True,,2232691
scidocs,33,recalibration,20,1696,20,ad_probe,ad_c(full_target_scalar_reference),0.0018367346938775175,True,0.17186873541749792,2233691
scidocs,33,selection,20,1696,20,glob_probe,best_in_menu_on_eval,0.0,True,,2233691
scidocs,34,recalibration,20,1691,20,ad_probe,ad_c(full_target_scalar_reference),0.00020408163265306367,True,0.06091781095262272,2234691
scidocs,34,selection,20,1691,20,glob_probe,best_in_menu_on_eval,0.0,True,,2234691
scidocs,35,recalibration,20,1629,20,ad_probe,ad_c(full_target_scalar_reference),0.002704081632653066,True,0.22512370347582156,2235691
scidocs,35,selection,20,1629,20,glob_probe,best_in_menu_on_eval,0.0,True,,2235691
scidocs,36,recalibration,20,1660,20,ad_probe,ad_c(full_target_scalar_reference),0.0049489795918367385,True,0.3762567552601812,2236691
scidocs,36,selection,20,1660,20,glob_probe,best_in_menu_on_eval,0.0,True,,2236691
scidocs,37,recalibration,20,1674,20,ad_probe,ad_c(full_target_scalar_reference),0.0030612244897959273,True,0.2915306137591225,2237691
scidocs,37,selection,20,1674,20,glob_probe,best_in_menu_on_eval,0.0,True,,2237691
scidocs,38,recalibration,20,1673,20,ad_probe,ad_c(full_target_scalar_reference),0.002857142857142836,True,0.2358542449250347,2238691
scidocs,38,selection,20,1673,20,glob_probe,best_in_menu_on_eval,0.0,True,,2238691
scidocs,39,recalibration,20,1727,20,ad_probe,ad_c(full_target_scalar_reference),0.001224489795918382,True,0.1029090118648357,2239691
scidocs,39,selection,20,1727,20,glob_probe,best_in_menu_on_eval,0.0,True,,2239691
scidocs,40,recalibration,20,1687,20,ad_probe,ad_c(full_target_scalar_reference),0.0010204081632653184,True,0.05827538552991962,2240691
scidocs,40,selection,20,1687,20,glob_probe,best_in_menu_on_eval,0.0,True,,2240691
scidocs,41,recalibration,20,1687,20,ad_probe,ad_c(full_target_scalar_reference),0.005510204081632636,False,0.46695286240488887,2241691
scidocs,41,selection,20,1687,20,glob_probe,best_in_menu_on_eval,0.0,True,,2241691
scidocs,42,recalibration,20,1706,20,ad_probe,ad_c(full_target_scalar_reference),0.0016326530612245371,True,0.12678377321833878,2242691
scidocs,42,selection,20,1706,20,glob_probe,best_in_menu_on_eval,0.0,True,,2242691
scidocs,43,recalibration,20,1721,20,ad_probe,ad_c(full_target_scalar_reference),0.002040816326530609,True,0.19138344323699652,2243691
scidocs,43,selection,20,1721,20,glob_probe,best_in_menu_on_eval,0.0,True,,2243691
scidocs,44,recalibration,20,1690,20,ad_probe,ad_c(full_target_scalar_reference),0.007142857142857145,False,0.6509673096677542,2244691
scidocs,44,selection,20,1690,20,glob_probe,best_in_menu_on_eval,0.0,True,,2244691
scidocs,45,recalibration,20,1544,20,ad_probe,ad_c(full_target_scalar_reference),0.001224489795918382,True,0.16207717384819542,2245691
scidocs,45,selection,20,1544,20,glob_probe,best_in_menu_on_eval,0.0,True,,2245691
scidocs,46,recalibration,20,1601,20,ad_probe,ad_c(full_target_scalar_reference),0.0010204081632653184,True,0.06538289678944631,2246691
scidocs,46,selection,20,1601,20,glob_probe,best_in_menu_on_eval,0.0,True,,2246691
scidocs,47,recalibration,20,1585,20,ad_probe,ad_c(full_target_scalar_reference),0.0030612244897959273,True,0.24608061916510726,2247691
scidocs,47,selection,20,1585,20,glob_probe,best_in_menu_on_eval,0.0,True,,2247691
scidocs,48,recalibration,20,1589,20,ad_probe,ad_c(full_target_scalar_reference),0.004897959183673528,True,0.40005736591430363,2248691
scidocs,48,selection,20,1589,20,glob_probe,best_in_menu_on_eval,0.0,True,,2248691
scidocs,49,recalibration,20,1587,20,ad_probe,ad_c(full_target_scalar_reference),0.0035204081632653483,True,0.2607861360113879,2249691
scidocs,49,selection,20,1587,20,glob_probe,best_in_menu_on_eval,0.0,True,,2249691
scidocs,0,recalibration,50,4027,50,ad_probe,ad_c(full_target_scalar_reference),0.0,True,0.009863932179809964,2300828
scidocs,0,selection,50,4027,50,glob_probe,best_in_menu_on_eval,0.0,True,,2300828
scidocs,1,recalibration,50,4208,50,ad_probe,ad_c(full_target_scalar_reference),0.00021052631578949432,True,0.06990362524703908,2301828
scidocs,1,selection,50,4208,50,glob_probe,best_in_menu_on_eval,0.0,True,,2301828
scidocs,2,recalibration,50,4159,50,ad_probe,ad_c(full_target_scalar_reference),0.0,True,0.002167449617947348,2302828
scidocs,2,selection,50,4159,50,glob_probe,best_in_menu_on_eval,0.0,True,,2302828
scidocs,3,recalibration,50,4037,50,ad_probe,ad_c(full_target_scalar_reference),0.0014736842105263492,True,0.10502287039713831,2303828
scidocs,3,selection,50,4037,50,glob_probe,best_in_menu_on_eval,0.0,True,,2303828
scidocs,4,recalibration,50,4113,50,ad_probe,ad_c(full_target_scalar_reference),0.00021052631578946657,True,0.04273106614168709,2304828
scidocs,4,selection,50,4113,50,glob_probe,best_in_menu_on_eval,0.0,True,,2304828
scidocs,5,recalibration,50,4047,50,ad_probe,ad_c(full_target_scalar_reference),0.0012631578947368272,True,0.16111505908810475,2305828
scidocs,5,selection,50,4047,50,glob_probe,best_in_menu_on_eval,0.0,True,,2305828
scidocs,6,recalibration,50,4072,50,ad_probe,ad_c(full_target_scalar_reference),0.0018947368421052269,True,0.17009182636322473,2306828
scidocs,6,selection,50,4072,50,glob_probe,best_in_menu_on_eval,0.0,True,,2306828
scidocs,7,recalibration,50,4026,50,ad_probe,ad_c(full_target_scalar_reference),0.0023157894736842433,True,0.21315388434469895,2307828
scidocs,7,selection,50,4026,50,glob_probe,best_in_menu_on_eval,0.0,True,,2307828
scidocs,8,recalibration,50,4051,50,ad_probe,ad_c(full_target_scalar_reference),0.003421052631578936,True,0.30894961860189607,2308828
scidocs,8,selection,50,4051,50,glob_probe,best_in_menu_on_eval,0.0,True,,2308828
scidocs,9,recalibration,50,4133,50,ad_probe,ad_c(full_target_scalar_reference),0.0010526315789473328,True,0.04123417054537715,2309828
scidocs,9,selection,50,4133,50,glob_probe,best_in_menu_on_eval,0.0,True,,2309828
scidocs,10,recalibration,50,4165,50,ad_probe,ad_c(full_target_scalar_reference),0.003368421052631576,True,0.3061593354022465,2310828
scidocs,10,selection,50,4165,50,glob_probe,best_in_menu_on_eval,0.0,True,,2310828
scidocs,11,recalibration,50,4171,50,ad_probe,ad_c(full_target_scalar_reference),0.0,True,0.011499157823707584,2311828
scidocs,11,selection,50,4171,50,glob_probe,best_in_menu_on_eval,0.0,True,,2311828
scidocs,12,recalibration,50,4110,50,ad_probe,ad_c(full_target_scalar_reference),0.001473684210526377,True,0.11373334426856152,2312828
scidocs,12,selection,50,4110,50,glob_probe,best_in_menu_on_eval,0.0,True,,2312828
scidocs,13,recalibration,50,3977,50,ad_probe,ad_c(full_target_scalar_reference),0.0012631578947368272,True,0.08366284267850777,2313828
scidocs,13,selection,50,3977,50,glob_probe,best_in_menu_on_eval,0.0,True,,2313828
scidocs,14,recalibration,50,4167,50,ad_probe,ad_c(full_target_scalar_reference),0.003368421052631576,True,0.30651761531044297,2314828
scidocs,14,selection,50,4167,50,glob_probe,best_in_menu_on_eval,0.0,True,,2314828
scidocs,15,recalibration,50,4249,50,ad_probe,ad_c(full_target_scalar_reference),0.004842105263157925,True,0.41490897810428784,2315828
scidocs,15,selection,50,4249,50,glob_probe,best_in_menu_on_eval,0.0,True,,2315828
scidocs,16,recalibration,50,4101,50,ad_probe,ad_c(full_target_scalar_reference),0.00021052631578949432,True,0.03345718685843657,2316828
scidocs,16,selection,50,4101,50,glob_probe,best_in_menu_on_eval,0.0,True,,2316828
scidocs,17,recalibration,50,4103,50,ad_probe,ad_c(full_target_scalar_reference),0.0004210526315789609,True,0.12005442475367634,2317828
scidocs,17,selection,50,4103,50,glob_probe,best_in_menu_on_eval,0.0,True,,2317828
scidocs,18,recalibration,50,4060,50,ad_probe,ad_c(full_target_scalar_reference),0.0010526315789473606,True,0.14433664657115308,2318828
scidocs,18,selection,50,4060,50,glob_probe,best_in_menu_on_eval,0.0,True,,2318828
scidocs,19,recalibration,50,4158,50,ad_probe,ad_c(full_target_scalar_reference),0.002526315789473682,True,0.22309024498065533,2319828
scidocs,19,selection,50,4158,50,glob_probe,best_in_menu_on_eval,0.0,True,,2319828
scidocs,20,recalibration,50,4145,50,ad_probe,ad_c(full_target_scalar_reference),0.00021052631578949432,True,0.025074573890657703,2320828
scidocs,20,selection,50,4145,50,glob_probe,best_in_menu_on_eval,0.0,True,,2320828
scidocs,21,recalibration,50,4188,50,ad_probe,ad_c(full_target_scalar_reference),0.001684210526315788,True,0.12921865800644206,2321828
scidocs,21,selection,50,4188,50,glob_probe,best_in_menu_on_eval,0.0,True,,2321828
scidocs,22,recalibration,50,4168,50,ad_probe,ad_c(full_target_scalar_reference),0.00021052631578946657,True,0.028533143333866917,2322828
scidocs,22,selection,50,4168,50,glob_probe,best_in_menu_on_eval,0.0,True,,2322828
scidocs,23,recalibration,50,3987,50,ad_probe,ad_c(full_target_scalar_reference),0.0025789473684210695,True,0.23379009124571892,2323828
scidocs,23,selection,50,3987,50,glob_probe,best_in_menu_on_eval,0.0,True,,2323828
scidocs,24,recalibration,50,3945,50,ad_probe,ad_c(full_target_scalar_reference),0.0,True,0.006481737505911855,2324828
scidocs,24,selection,50,3945,50,glob_probe,best_in_menu_on_eval,0.0,True,,2324828
scidocs,25,recalibration,50,4261,50,ad_probe,ad_c(full_target_scalar_reference),0.005684210526315792,False,0.4467126176775036,2325828
scidocs,25,selection,50,4261,50,glob_probe,best_in_menu_on_eval,0.0,True,,2325828
scidocs,26,recalibration,50,4070,50,ad_probe,ad_c(full_target_scalar_reference),0.0017368421052632033,True,0.19611821990430167,2326828
scidocs,26,selection,50,4070,50,glob_probe,best_in_menu_on_eval,0.0,True,,2326828
scidocs,27,recalibration,50,4167,50,ad_probe,ad_c(full_target_scalar_reference),0.0006315789473684275,True,0.03466873799172099,2327828
scidocs,27,selection,50,4167,50,glob_probe,best_in_menu_on_eval,0.0,True,,2327828
scidocs,28,recalibration,50,4061,50,ad_probe,ad_c(full_target_scalar_reference),0.0,True,0.004170840201923376,2328828
scidocs,28,selection,50,4061,50,glob_probe,best_in_menu_on_eval,0.0,True,,2328828
scidocs,29,recalibration,50,4120,50,ad_probe,ad_c(full_target_scalar_reference),0.00042105263157893313,True,0.12209675519611363,2329828
scidocs,29,selection,50,4120,50,glob_probe,best_in_menu_on_eval,0.0,True,,2329828
scidocs,30,recalibration,50,4055,50,ad_probe,ad_c(full_target_scalar_reference),0.0002105263157894388,True,0.10318627809465841,2330828
scidocs,30,selection,50,4055,50,glob_probe,best_in_menu_on_eval,0.0,True,,2330828
scidocs,31,recalibration,50,4017,50,ad_probe,ad_c(full_target_scalar_reference),0.0016842105263158158,True,0.1432307204148353,2331828
scidocs,31,selection,50,4017,50,glob_probe,best_in_menu_on_eval,0.0,True,,2331828
scidocs,32,recalibration,50,4047,50,ad_probe,ad_c(full_target_scalar_reference),0.0031578947368421095,True,0.25715604126062486,2332828
scidocs,32,selection,50,4047,50,glob_probe,best_in_menu_on_eval,0.0,True,,2332828
scidocs,33,recalibration,50,4134,50,ad_probe,ad_c(full_target_scalar_reference),0.0018947368421052824,True,0.18864279063833633,2333828
scidocs,33,selection,50,4134,50,glob_probe,best_in_menu_on_eval,0.0,True,,2333828
scidocs,34,recalibration,50,4163,50,ad_probe,ad_c(full_target_scalar_reference),0.00021052631578946657,True,0.04536597485479721,2334828
scidocs,34,selection,50,4163,50,glob_probe,best_in_menu_on_eval,0.0,True,,2334828
scidocs,35,recalibration,50,4149,50,ad_probe,ad_c(full_target_scalar_reference),0.004421052631578937,True,0.3827887919041819,2335828
scidocs,35,selection,50,4149,50,glob_probe,best_in_menu_on_eval,0.0,True,,2335828
scidocs,36,recalibration,50,4201,50,ad_probe,ad_c(full_target_scalar_reference),0.0035789473684210427,True,0.3281454819037668,2336828
scidocs,36,selection,50,4201,50,glob_probe,best_in_menu_on_eval,0.0,True,,2336828
scidocs,37,recalibration,50,4092,50,ad_probe,ad_c(full_target_scalar_reference),0.0010526315789473328,True,0.04891262719779643,2337828
scidocs,37,selection,50,4092,50,glob_probe,best_in_menu_on_eval,0.0,True,,2337828
scidocs,38,recalibration,50,4178,50,ad_probe,ad_c(full_target_scalar_reference),0.007578947368421046,False,0.6700871724892723,2338828
scidocs,38,selection,50,4178,50,glob_probe,best_in_menu_on_eval,0.0,True,,2338828
scidocs,39,recalibration,50,4105,50,ad_probe,ad_c(full_target_scalar_reference),0.0010526315789473606,True,0.06386720741009633,2339828
scidocs,39,selection,50,4105,50,glob_probe,best_in_menu_on_eval,0.0,True,,2339828
scidocs,40,recalibration,50,4030,50,ad_probe,ad_c(full_target_scalar_reference),0.003368421052631604,True,0.33088571031542724,2340828
scidocs,40,selection,50,4030,50,glob_probe,best_in_menu_on_eval,0.0,True,,2340828
scidocs,41,recalibration,50,4075,50,ad_probe,ad_c(full_target_scalar_reference),0.00021052631578949432,True,0.01128969047236339,2341828
scidocs,41,selection,50,4075,50,glob_probe,best_in_menu_on_eval,0.0,True,,2341828
scidocs,42,recalibration,50,4197,50,ad_probe,ad_c(full_target_scalar_reference),0.0016842105263158158,True,0.14766270577106688,2342828
scidocs,42,selection,50,4197,50,glob_probe,best_in_menu_on_eval,0.0,True,,2342828
scidocs,43,recalibration,50,4035,50,ad_probe,ad_c(full_target_scalar_reference),0.00021052631578946657,True,0.031949306698237034,2343828
scidocs,43,selection,50,4035,50,glob_probe,best_in_menu_on_eval,0.0,True,,2343828
scidocs,44,recalibration,50,4026,50,ad_probe,ad_c(full_target_scalar_reference),0.00021052631578949432,True,0.08926442637944731,2344828
scidocs,44,selection,50,4026,50,glob_probe,best_in_menu_on_eval,0.0,True,,2344828
scidocs,45,recalibration,50,4057,50,ad_probe,ad_c(full_target_scalar_reference),0.0014736842105263215,True,0.1488400228549569,2345828
scidocs,45,selection,50,4057,50,glob_probe,best_in_menu_on_eval,0.0,True,,2345828
scidocs,46,recalibration,50,4099,50,ad_probe,ad_c(full_target_scalar_reference),0.00021052631578946657,True,0.02769037698372312,2346828
scidocs,46,selection,50,4099,50,glob_probe,best_in_menu_on_eval,0.0,True,,2346828
scidocs,47,recalibration,50,4034,50,ad_probe,ad_c(full_target_scalar_reference),0.00173684210526312,True,0.18158827745278305,2347828
scidocs,47,selection,50,4034,50,glob_probe,best_in_menu_on_eval,0.0,True,,2347828
scidocs,48,recalibration,50,4134,50,ad_probe,ad_c(full_target_scalar_reference),0.0,True,0.007779596424278168,2348828
scidocs,48,selection,50,4134,50,glob_probe,best_in_menu_on_eval,0.0,True,,2348828
scidocs,49,recalibration,50,4099,50,ad_probe,ad_c(full_target_scalar_reference),0.0006315789473683997,True,0.03457445605009202,2349828
scidocs,49,selection,50,4099,50,glob_probe,best_in_menu_on_eval,0.0,True,,2349828
scidocs,0,recalibration,100,8125,100,ad_probe,ad_c(full_target_scalar_reference),0.000222222222222207,True,0.010466948723310665,2400096
scidocs,0,selection,100,8125,100,glob_probe,best_in_menu_on_eval,0.0,True,,2400096
scidocs,1,recalibration,100,8217,100,ad_probe,ad_c(full_target_scalar_reference),0.000222222222222207,True,0.02939856635000826,2401096
scidocs,1,selection,100,8217,100,glob_probe,best_in_menu_on_eval,0.0,True,,2401096
scidocs,2,recalibration,100,8295,100,ad_probe,ad_c(full_target_scalar_reference),0.00022222222222223476,True,0.02020049547184577,2402096
scidocs,2,selection,100,8295,100,glob_probe,best_in_menu_on_eval,0.0,True,,2402096
scidocs,3,recalibration,100,8264,100,ad_probe,ad_c(full_target_scalar_reference),0.00022222222222223476,True,0.026206188791430662,2403096
scidocs,3,selection,100,8264,100,glob_probe,best_in_menu_on_eval,0.0,True,,2403096
scidocs,4,recalibration,100,8209,100,ad_probe,ad_c(full_target_scalar_reference),0.0011111111111111183,True,0.08818965931170508,2404096
scidocs,4,selection,100,8209,100,glob_probe,best_in_menu_on_eval,0.0,True,,2404096
scidocs,5,recalibration,100,8158,100,ad_probe,ad_c(full_target_scalar_reference),0.0,True,0.0002019927856644621,2405096
scidocs,5,selection,100,8158,100,glob_probe,best_in_menu_on_eval,0.0,True,,2405096
scidocs,6,recalibration,100,8109,100,ad_probe,ad_c(full_target_scalar_reference),0.001333333333333353,True,0.10207428993815704,2406096
scidocs,6,selection,100,8109,100,glob_probe,best_in_menu_on_eval,0.0,True,,2406096
scidocs,7,recalibration,100,8009,100,ad_probe,ad_c(full_target_scalar_reference),0.001833333333333298,True,0.18658586211574857,2407096
scidocs,7,selection,100,8009,100,glob_probe,best_in_menu_on_eval,0.0,True,,2407096
scidocs,8,recalibration,100,8193,100,ad_probe,ad_c(full_target_scalar_reference),0.004888888888888887,True,0.38151880972707275,2408096
scidocs,8,selection,100,8193,100,glob_probe,best_in_menu_on_eval,0.0,True,,2408096
scidocs,9,recalibration,100,8180,100,ad_probe,ad_c(full_target_scalar_reference),0.0,True,0.007151378699168376,2409096
scidocs,9,selection,100,8180,100,glob_probe,best_in_menu_on_eval,0.0,True,,2409096
scidocs,10,recalibration,100,8104,100,ad_probe,ad_c(full_target_scalar_reference),0.00022222222222223476,True,0.04615840918797787,2410096
scidocs,10,selection,100,8104,100,glob_probe,best_in_menu_on_eval,0.0,True,,2410096
scidocs,11,recalibration,100,8207,100,ad_probe,ad_c(full_target_scalar_reference),0.0013333333333333253,True,0.10293781032496563,2411096
scidocs,11,selection,100,8207,100,glob_probe,best_in_menu_on_eval,0.0,True,,2411096
scidocs,12,recalibration,100,8123,100,ad_probe,ad_c(full_target_scalar_reference),0.0020000000000000018,True,0.16163768442544013,2412096
scidocs,12,selection,100,8123,100,glob_probe,best_in_menu_on_eval,0.0,True,,2412096
scidocs,13,recalibration,100,8123,100,ad_probe,ad_c(full_target_scalar_reference),0.00022222222222223476,True,0.027445666713846517,2413096
scidocs,13,selection,100,8123,100,glob_probe,best_in_menu_on_eval,0.0,True,,2413096
scidocs,14,recalibration,100,8120,100,ad_probe,ad_c(full_target_scalar_reference),0.000222222222222207,True,0.02686090051000889,2414096
scidocs,14,selection,100,8120,100,glob_probe,best_in_menu_on_eval,0.0,True,,2414096
scidocs,15,recalibration,100,8004,100,ad_probe,ad_c(full_target_scalar_reference),0.0,True,0.04569269591591851,2415096
scidocs,15,selection,100,8004,100,glob_probe,best_in_menu_on_eval,0.0,True,,2415096
scidocs,16,recalibration,100,8098,100,ad_probe,ad_c(full_target_scalar_reference),0.000222222222222207,True,0.04512566586011246,2416096
scidocs,16,selection,100,8098,100,glob_probe,best_in_menu_on_eval,0.0,True,,2416096
scidocs,17,recalibration,100,8056,100,ad_probe,ad_c(full_target_scalar_reference),0.0,True,0.05704026197735379,2417096
scidocs,17,selection,100,8056,100,glob_probe,best_in_menu_on_eval,0.0,True,,2417096
scidocs,18,recalibration,100,8304,100,ad_probe,ad_c(full_target_scalar_reference),0.0011111111111110905,True,0.0471849968575766,2418096
scidocs,18,selection,100,8304,100,glob_probe,best_in_menu_on_eval,0.0,True,,2418096
scidocs,19,recalibration,100,8199,100,ad_probe,ad_c(full_target_scalar_reference),0.000222222222222207,True,0.060964460442694435,2419096
scidocs,19,selection,100,8199,100,glob_probe,best_in_menu_on_eval,0.0,True,,2419096
scidocs,20,recalibration,100,8448,100,ad_probe,ad_c(full_target_scalar_reference),0.003111111111111148,True,0.24733364483966458,2420096
scidocs,20,selection,100,8448,100,glob_probe,best_in_menu_on_eval,0.0,True,,2420096
scidocs,21,recalibration,100,8104,100,ad_probe,ad_c(full_target_scalar_reference),0.00022222222222223476,True,0.07979271495749618,2421096
scidocs,21,selection,100,8104,100,glob_probe,best_in_menu_on_eval,0.0,True,,2421096
scidocs,22,recalibration,100,8094,100,ad_probe,ad_c(full_target_scalar_reference),0.00022222222222223476,True,0.042857453813087254,2422096
scidocs,22,selection,100,8094,100,glob_probe,best_in_menu_on_eval,0.0,True,,2422096
scidocs,23,recalibration,100,8211,100,ad_probe,ad_c(full_target_scalar_reference),0.0,True,0.0017828706429039443,2423096
scidocs,23,selection,100,8211,100,glob_probe,best_in_menu_on_eval,0.0,True,,2423096
scidocs,24,recalibration,100,8343,100,ad_probe,ad_c(full_target_scalar_reference),0.000222222222222207,True,0.06832259442647803,2424096
scidocs,24,selection,100,8343,100,glob_probe,best_in_menu_on_eval,0.0,True,,2424096
scidocs,25,recalibration,100,8339,100,ad_probe,ad_c(full_target_scalar_reference),0.0011111111111111183,True,0.06630885383566287,2425096
scidocs,25,selection,100,8339,100,glob_probe,best_in_menu_on_eval,0.0,True,,2425096
scidocs,26,recalibration,100,8177,100,ad_probe,ad_c(full_target_scalar_reference),0.0,True,0.011360419905326324,2426096
scidocs,26,selection,100,8177,100,glob_probe,best_in_menu_on_eval,0.0,True,,2426096
scidocs,27,recalibration,100,8071,100,ad_probe,ad_c(full_target_scalar_reference),0.0,True,0.013478979028932692,2427096
scidocs,27,selection,100,8071,100,glob_probe,best_in_menu_on_eval,0.0,True,,2427096
scidocs,28,recalibration,100,8119,100,ad_probe,ad_c(full_target_scalar_reference),0.00022222222222223476,True,0.0950048552124132,2428096
scidocs,28,selection,100,8119,100,glob_probe,best_in_menu_on_eval,0.0,True,,2428096
scidocs,29,recalibration,100,8134,100,ad_probe,ad_c(full_target_scalar_reference),0.0008888888888889113,True,0.03615945174002633,2429096
scidocs,29,selection,100,8134,100,glob_probe,best_in_menu_on_eval,0.0,True,,2429096
scidocs,30,recalibration,100,8244,100,ad_probe,ad_c(full_target_scalar_reference),0.000222222222222207,True,0.023929540157896945,2430096
scidocs,30,selection,100,8244,100,glob_probe,best_in_menu_on_eval,0.0,True,,2430096
scidocs,31,recalibration,100,8145,100,ad_probe,ad_c(full_target_scalar_reference),0.0013333333333333253,True,0.08928686262000962,2431096
scidocs,31,selection,100,8145,100,glob_probe,best_in_menu_on_eval,0.0,True,,2431096
scidocs,32,recalibration,100,8114,100,ad_probe,ad_c(full_target_scalar_reference),0.00022222222222229027,True,0.03231535747341585,2432096
scidocs,32,selection,100,8114,100,glob_probe,best_in_menu_on_eval,0.0,True,,2432096
scidocs,33,recalibration,100,8093,100,ad_probe,ad_c(full_target_scalar_reference),0.0016111111111111465,True,0.17619091260331654,2433096
scidocs,33,selection,100,8093,100,glob_probe,best_in_menu_on_eval,0.0,True,,2433096
scidocs,34,recalibration,100,8221,100,ad_probe,ad_c(full_target_scalar_reference),0.0,True,0.0004278052134840671,2434096
scidocs,34,selection,100,8221,100,glob_probe,best_in_menu_on_eval,0.0,True,,2434096
scidocs,35,recalibration,100,8234,100,ad_probe,ad_c(full_target_scalar_reference),0.0017777777777777948,True,0.14551181109572742,2435096
scidocs,35,selection,100,8234,100,glob_probe,best_in_menu_on_eval,0.0,True,,2435096
scidocs,36,recalibration,100,8373,100,ad_probe,ad_c(full_target_scalar_reference),0.0011111111111111183,True,0.09978312102767717,2436096
scidocs,36,selection,100,8373,100,glob_probe,best_in_menu_on_eval,0.0,True,,2436096
scidocs,37,recalibration,100,8209,100,ad_probe,ad_c(full_target_scalar_reference),0.0011111111111111183,True,0.04486531797000115,2437096
scidocs,37,selection,100,8209,100,glob_probe,best_in_menu_on_eval,0.0,True,,2437096
scidocs,38,recalibration,100,8272,100,ad_probe,ad_c(full_target_scalar_reference),0.00022222222222223476,True,0.05143412718212348,2438096
scidocs,38,selection,100,8272,100,glob_probe,best_in_menu_on_eval,0.0,True,,2438096
scidocs,39,recalibration,100,8015,100,ad_probe,ad_c(full_target_scalar_reference),0.00044444444444444176,True,0.12133802056636789,2439096
scidocs,39,selection,100,8015,100,glob_probe,best_in_menu_on_eval,0.0,True,,2439096
scidocs,40,recalibration,100,8386,100,ad_probe,ad_c(full_target_scalar_reference),0.0008888888888888835,True,0.07423661158253125,2440096
scidocs,40,selection,100,8386,100,glob_probe,best_in_menu_on_eval,0.0,True,,2440096
scidocs,41,recalibration,100,8070,100,ad_probe,ad_c(full_target_scalar_reference),0.0017777777777778225,True,0.16816511537521261,2441096
scidocs,41,selection,100,8070,100,glob_probe,best_in_menu_on_eval,0.0,True,,2441096
scidocs,42,recalibration,100,8020,100,ad_probe,ad_c(full_target_scalar_reference),0.000444444444444414,True,0.12404437354148712,2442096
scidocs,42,selection,100,8020,100,glob_probe,best_in_menu_on_eval,0.0,True,,2442096
scidocs,43,recalibration,100,8212,100,ad_probe,ad_c(full_target_scalar_reference),0.0011111111111111183,True,0.1461253873552426,2443096
scidocs,43,selection,100,8212,100,glob_probe,best_in_menu_on_eval,0.0,True,,2443096
scidocs,44,recalibration,100,8184,100,ad_probe,ad_c(full_target_scalar_reference),0.0,True,0.017857838087856237,2444096
scidocs,44,selection,100,8184,100,glob_probe,best_in_menu_on_eval,0.0,True,,2444096
scidocs,45,recalibration,100,8192,100,ad_probe,ad_c(full_target_scalar_reference),0.00022222222222223476,True,0.01483013278742673,2445096
scidocs,45,selection,100,8192,100,glob_probe,best_in_menu_on_eval,0.0,True,,2445096
scidocs,46,recalibration,100,8112,100,ad_probe,ad_c(full_target_scalar_reference),0.0,True,0.018743726346063916,2446096
scidocs,46,selection,100,8112,100,glob_probe,best_in_menu_on_eval,0.0,True,,2446096
scidocs,47,recalibration,100,8154,100,ad_probe,ad_c(full_target_scalar_reference),0.000222222222222207,True,0.03919292739182856,2447096
scidocs,47,selection,100,8154,100,glob_probe,best_in_menu_on_eval,0.0,True,,2447096
scidocs,48,recalibration,100,8216,100,ad_probe,ad_c(full_target_scalar_reference),0.0008888888888888835,True,0.05893002098753186,2448096
scidocs,48,selection,100,8216,100,glob_probe,best_in_menu_on_eval,0.0,True,,2448096
scidocs,49,recalibration,100,8051,100,ad_probe,ad_c(full_target_scalar_reference),0.000222222222222207,True,0.0918726810879571,2449096
scidocs,49,selection,100,8051,100,glob_probe,best_in_menu_on_eval,0.0,True,,2449096
fiqa,0,recalibration,5,432,5,ad_probe,ad_c(full_target_scalar_reference),0.020684292379471225,False,0.39444063933139906,2000479
fiqa,0,selection,5,432,5,glob_probe,best_in_menu_on_eval,0.0,True,,2000479
fiqa,1,recalibration,5,468,5,ad_probe,ad_c(full_target_scalar_reference),0.017076452146436605,False,0.48473271943426877,2001479
fiqa,1,selection,5,468,5,glob_probe,best_in_menu_on_eval,0.0,True,,2001479
fiqa,2,recalibration,5,402,5,ad_probe,ad_c(full_target_scalar_reference),0.04910524933853083,False,0.7328502890975961,2002479
fiqa,2,selection,5,402,5,glob_probe,best_in_menu_on_eval,0.0,True,,2002479
fiqa,3,recalibration,5,419,5,ad_probe,ad_c(full_target_scalar_reference),0.01499666740724287,False,0.3780802849196234,2003479
fiqa,3,selection,5,419,5,glob_probe,best_in_menu_on_eval,0.0,True,,2003479
fiqa,4,recalibration,5,428,5,ad_probe,ad_c(full_target_scalar_reference),0.017076452146436605,False,0.4691252538290587,2004479
fiqa,4,selection,5,428,5,glob_probe,best_in_menu_on_eval,0.0,True,,2004479
fiqa,5,recalibration,5,419,5,ad_probe,ad_c(full_target_scalar_reference),0.011888716087782969,False,0.21221662994742374,2005479
fiqa,5,selection,5,419,5,glob_probe,best_in_menu_on_eval,0.0,True,,2005479
fiqa,6,recalibration,5,479,5,ad_probe,ad_c(full_target_scalar_reference),0.0,True,0.019835661178290387,2006479
fiqa,6,selection,5,479,5,glob_probe,best_in_menu_on_eval,0.0,True,,2006479
fiqa,7,recalibration,5,454,5,ad_probe,ad_c(full_target_scalar_reference),0.0020606531881803836,True,0.04031799081706544,2007479
fiqa,7,selection,5,454,5,glob_probe,best_in_menu_on_eval,0.0,True,,2007479
fiqa,8,recalibration,5,480,5,ad_probe,ad_c(full_target_scalar_reference),0.005430274753758457,False,0.11910295798738457,2008479
fiqa,8,selection,5,480,5,trunc,best_in_menu_on_eval,0.04179531372377421,False,,2008479
fiqa,9,recalibration,5,442,5,ad_probe,ad_c(full_target_scalar_reference),0.011888716087782913,False,0.23334119099103345,2009479
fiqa,9,selection,5,442,5,glob_probe,best_in_menu_on_eval,0.0,True,,2009479
fiqa,10,recalibration,5,469,5,ad_probe,ad_c(full_target_scalar_reference),0.0,True,0.001965713719940032,2010479
fiqa,10,selection,5,469,5,glob_probe,best_in_menu_on_eval,0.0,True,,2010479
fiqa,11,recalibration,5,412,5,ad_probe,ad_c(full_target_scalar_reference),0.010203905304993877,False,0.19834481600083342,2011479
fiqa,11,selection,5,412,5,glob_probe,best_in_menu_on_eval,0.0,True,,2011479
fiqa,12,recalibration,5,452,5,ad_probe,ad_c(full_target_scalar_reference),0.002838258164852281,True,0.08731135855170269,2012479
fiqa,12,selection,5,452,5,glob_probe,best_in_menu_on_eval,0.0,True,,2012479
fiqa,13,recalibration,5,462,5,ad_probe,ad_c(full_target_scalar_reference),0.03040435458786933,False,0.500296894287618,2013479
fiqa,13,selection,5,462,5,glob_probe,best_in_menu_on_eval,0.0,True,,2013479
fiqa,14,recalibration,5,470,5,ad_probe,ad_c(full_target_scalar_reference),0.0021384136858476066,True,0.07790169464392727,2014479
fiqa,14,selection,5,470,5,glob_probe,best_in_menu_on_eval,0.0,True,,2014479
fiqa,15,recalibration,5,487,5,ad_probe,ad_c(full_target_scalar_reference),0.049574785850058034,False,1.5797429089871953,2015479
fiqa,15,selection,5,487,5,glob_probe,best_in_menu_on_eval,0.0,True,,2015479
fiqa,16,recalibration,5,451,5,ad_probe,ad_c(full_target_scalar_reference),0.04313177318620559,False,1.3061765566595516,2016479
fiqa,16,selection,5,451,5,trunc,best_in_menu_on_eval,0.04283212035933648,False,,2016479
fiqa,17,recalibration,5,421,5,ad_probe,ad_c(full_target_scalar_reference),0.04123780574013863,False,0.6223518051826189,2017479
fiqa,17,selection,5,421,5,glob_probe,best_in_menu_on_eval,0.0,True,,2017479
fiqa,18,recalibration,5,464,5,ad_probe,ad_c(full_target_scalar_reference),0.021721099015033607,False,0.3919555160780702,2018479
fiqa,18,selection,5,464,5,glob_probe,best_in_menu_on_eval,0.0,True,,2018479
fiqa,19,recalibration,5,430,5,ad_probe,ad_c(full_target_scalar_reference),0.04201541071681042,False,0.6303404698310449,2019479
fiqa,19,selection,5,430,5,glob_probe,best_in_menu_on_eval,0.0,True,,2019479
fiqa,20,recalibration,5,447,5,ad_probe,ad_c(full_target_scalar_reference),0.02807153965785375,False,0.4596300106346566,2020479
fiqa,20,selection,5,447,5,glob_probe,best_in_menu_on_eval,0.0,True,,2020479
fiqa,21,recalibration,5,465,5,ad_probe,ad_c(full_target_scalar_reference),0.00038880248833589315,True,0.037708628982610515,2021479
fiqa,21,selection,5,465,5,glob_probe,best_in_menu_on_eval,0.0,True,,2021479
fiqa,22,recalibration,5,407,5,ad_probe,ad_c(full_target_scalar_reference),0.005430274753758457,False,0.1233432996091719,2022479
fiqa,22,selection,5,407,5,glob_probe,best_in_menu_on_eval,0.0,True,,2022479
fiqa,23,recalibration,5,462,5,ad_probe,ad_c(full_target_scalar_reference),0.005430274753758457,False,0.13208489974124915,2023479
fiqa,23,selection,5,462,5,glob_probe,best_in_menu_on_eval,0.0,True,,2023479
fiqa,24,recalibration,5,442,5,ad_probe,ad_c(full_target_scalar_reference),0.02264928781258485,False,0.6767367884216928,2024479
fiqa,24,selection,5,442,5,trunc,best_in_menu_on_eval,0.04283212035933648,False,,2024479
fiqa,25,recalibration,5,502,5,ad_probe,ad_c(full_target_scalar_reference),0.02247648670665775,False,0.6805226856897555,2025479
fiqa,25,selection,5,502,5,trunc,best_in_menu_on_eval,0.041449711511919896,False,,2025479
fiqa,26,recalibration,5,432,5,ad_probe,ad_c(full_target_scalar_reference),0.06646065184167826,False,0.8571890170282908,2026479
fiqa,26,selection,5,432,5,glob_probe,best_in_menu_on_eval,0.0,True,,2026479
fiqa,27,recalibration,5,439,5,ad_probe,ad_c(full_target_scalar_reference),0.010732800118492203,False,0.288094143768147,2027479
fiqa,27,selection,5,439,5,glob_probe,best_in_menu_on_eval,0.0,True,,2027479
fiqa,28,recalibration,5,453,5,ad_probe,ad_c(full_target_scalar_reference),0.03986521513737684,False,0.6156318825441194,2028479
fiqa,28,selection,5,453,5,glob_probe,best_in_menu_on_eval,0.0,True,,2028479
fiqa,29,recalibration,5,443,5,ad_probe,ad_c(full_target_scalar_reference),0.0339035769828927,False,0.5740130734980217,2029479
fiqa,29,selection,5,443,5,glob_probe,best_in_menu_on_eval,0.0,True,,2029479
fiqa,30,recalibration,5,431,5,ad_probe,ad_c(full_target_scalar_reference),0.00038880248833594866,True,0.037708628982610515,2030479
fiqa,30,selection,5,431,5,glob_probe,best_in_menu_on_eval,0.0,True,,2030479
fiqa,31,recalibration,5,449,5,ad_probe,ad_c(full_target_scalar_reference),0.0028382581648522254,True,0.06340568958020376,2031479
fiqa,31,selection,5,449,5,glob_probe,best_in_menu_on_eval,0.0,True,,2031479
fiqa,32,recalibration,5,394,5,ad_probe,ad_c(full_target_scalar_reference),0.0020606531881803836,True,0.03832557191317387,2032479
fiqa,32,selection,5,394,5,glob_probe,best_in_menu_on_eval,0.0,True,,2032479
fiqa,33,recalibration,5,427,5,ad_probe,ad_c(full_target_scalar_reference),0.005430274753758402,False,0.14049357192772471,2033479
fiqa,33,selection,5,427,5,glob_probe,best_in_menu_on_eval,0.0,True,,2033479
fiqa,34,recalibration,5,440,5,ad_probe,ad_c(full_target_scalar_reference),0.017038189044409846,False,0.2983329130163155,2034479
fiqa,34,selection,5,440,5,glob_probe,best_in_menu_on_eval,0.0,True,,2034479
fiqa,35,recalibration,5,451,5,ad_probe,ad_c(full_target_scalar_reference),0.014024661186403053,False,0.3659938107139489,2035479
fiqa,35,selection,5,451,5,trunc,best_in_menu_on_eval,0.04205451538266469,False,,2035479
fiqa,36,recalibration,5,424,5,ad_probe,ad_c(full_target_scalar_reference),0.021721099015033662,False,0.37287902984017784,2036479
fiqa,36,selection,5,424,5,glob_probe,best_in_menu_on_eval,0.0,True,,2036479
fiqa,37,recalibration,5,456,5,ad_probe,ad_c(full_target_scalar_reference),0.015094176602730214,False,0.2726003665756216,2037479
fiqa,37,selection,5,456,5,glob_probe,best_in_menu_on_eval,0.0,True,,2037479
fiqa,38,recalibration,5,421,5,ad_probe,ad_c(full_target_scalar_reference),0.004160186625194351,True,0.1308287927720453,2038479
fiqa,38,selection,5,421,5,glob_probe,best_in_menu_on_eval,0.0,True,,2038479
fiqa,39,recalibration,5,403,5,ad_probe,ad_c(full_target_scalar_reference),0.005430274753758457,False,0.1255250862450794,2039479
fiqa,39,selection,5,403,5,glob_probe,best_in_menu_on_eval,0.0,True,,2039479
fiqa,40,recalibration,5,487,5,ad_probe,ad_c(full_target_scalar_reference),0.026127527216174173,False,0.4226591448746493,2040479
fiqa,40,selection,5,487,5,glob_probe,best_in_menu_on_eval,0.0,True,,2040479
fiqa,41,recalibration,5,473,5,ad_probe,ad_c(full_target_scalar_reference),0.0012830482115085418,True,0.029000133998096533,2041479
fiqa,41,selection,5,473,5,trunc,best_in_menu_on_eval,0.041449711511919674,False,,2041479
fiqa,42,recalibration,5,494,5,ad_probe,ad_c(full_target_scalar_reference),0.002916018662519393,True,0.08502516907735957,2042479
fiqa,42,selection,5,494,5,glob_probe,best_in_menu_on_eval,0.0,True,,2042479
fiqa,43,recalibration,5,495,5,ad_probe,ad_c(full_target_scalar_reference),0.04257336753448726,False,0.6486197368652503,2043479
fiqa,43,selection,5,495,5,glob_probe,best_in_menu_on_eval,0.0,True,,2043479
fiqa,44,recalibration,5,477,5,ad_probe,ad_c(full_target_scalar_reference),0.03457811844281511,False,1.0249243512685293,2044479
fiqa,44,selection,5,477,5,glob_probe,best_in_menu_on_eval,0.0,True,,2044479
fiqa,45,recalibration,5,477,5,ad_probe,ad_c(full_target_scalar_reference),0.002138413685847551,True,0.0744466772787511,2045479
fiqa,45,selection,5,477,5,glob_probe,best_in_menu_on_eval,0.0,True,,2045479
fiqa,46,recalibration,5,447,5,ad_probe,ad_c(full_target_scalar_reference),0.002138413685847551,True,0.07230437744783513,2046479
fiqa,46,selection,5,447,5,glob_probe,best_in_menu_on_eval,0.0,True,,2046479
fiqa,47,recalibration,5,431,5,ad_probe,ad_c(full_target_scalar_reference),0.005430274753758402,False,0.1504976253837389,2047479
fiqa,47,selection,5,431,5,glob_probe,best_in_menu_on_eval,0.0,True,,2047479
fiqa,48,recalibration,5,433,5,ad_probe,ad_c(full_target_scalar_reference),0.002838258164852281,True,0.08731135855170269,2048479
fiqa,48,selection,5,433,5,glob_probe,best_in_menu_on_eval,0.0,True,,2048479
fiqa,49,recalibration,5,487,5,ad_probe,ad_c(full_target_scalar_reference),0.019875830062455246,False,0.5646687920594804,2049479
fiqa,49,selection,5,487,5,trunc,best_in_menu_on_eval,0.04205451538266469,False,,2049479
fiqa,0,recalibration,10,846,10,ad_probe,ad_c(full_target_scalar_reference),0.005890804597701194,False,0.1629699906567168,213
fiqa,0,selection,10,846,10,glob_probe,best_in_menu_on_eval,0.0,True,,213
fiqa,1,recalibration,10,893,10,ad_probe,ad_c(full_target_scalar_reference),0.014591730108971468,False,0.3946837139586563,1213
fiqa,1,selection,10,893,10,glob_probe,best_in_menu_on_eval,0.0,True,,1213
fiqa,2,recalibration,10,957,10,ad_probe,ad_c(full_target_scalar_reference),0.005368338557993735,False,0.220729872985443,2213
fiqa,2,selection,10,957,10,glob_probe,best_in_menu_on_eval,0.0,True,,2213
fiqa,3,recalibration,10,861,10,ad_probe,ad_c(full_target_scalar_reference),0.007823928944618586,False,0.16687957756922556,3213
fiqa,3,selection,10,861,10,glob_probe,best_in_menu_on_eval,0.0,True,,3213
fiqa,4,recalibration,10,910,10,ad_probe,ad_c(full_target_scalar_reference),0.007040229885057481,False,0.16931758691362164,4213
fiqa,4,selection,10,910,10,glob_probe,best_in_menu_on_eval,0.0,True,,4213
fiqa,5,recalibration,10,924,10,ad_probe,ad_c(full_target_scalar_reference),0.002155172413793094,True,0.07588291150193172,5213
fiqa,5,selection,10,924,10,glob_probe,best_in_menu_on_eval,0.0,True,,5213
fiqa,6,recalibration,10,888,10,ad_probe,ad_c(full_target_scalar_reference),0.0011755485893416573,True,0.052064199443911274,6213
fiqa,6,selection,10,888,10,glob_probe,best_in_menu_on_eval,0.0,True,,6213
fiqa,7,recalibration,10,811,10,ad_probe,ad_c(full_target_scalar_reference),0.04410868650680566,False,0.6644159042854837,7213
fiqa,7,selection,10,811,10,glob_probe,best_in_menu_on_eval,0.0,True,,7213
fiqa,8,recalibration,10,895,10,ad_probe,ad_c(full_target_scalar_reference),0.00615203761755484,False,0.22609374703136353,8213
fiqa,8,selection,10,895,10,glob_probe,best_in_menu_on_eval,0.0,True,,8213
fiqa,9,recalibration,10,934,10,ad_probe,ad_c(full_target_scalar_reference),0.017210280141314704,False,0.46461653711498085,9213
fiqa,9,selection,10,934,10,glob_probe,best_in_menu_on_eval,0.0,True,,9213
fiqa,10,recalibration,10,899,10,ad_probe,ad_c(full_target_scalar_reference),0.03149972632731246,False,0.9282739512328204,10213
fiqa,10,selection,10,899,10,glob_probe,best_in_menu_on_eval,0.0,True,,10213
fiqa,11,recalibration,10,883,10,ad_probe,ad_c(full_target_scalar_reference),0.01677986764193662,False,0.2980415159855849,11213
fiqa,11,selection,10,883,10,glob_probe,best_in_menu_on_eval,0.0,True,,11213
fiqa,12,recalibration,10,941,10,ad_probe,ad_c(full_target_scalar_reference),0.010751604717121943,False,0.3208535409483513,12213
fiqa,12,selection,10,941,10,glob_probe,best_in_menu_on_eval,0.0,True,,12213
fiqa,13,recalibration,10,951,10,ad_probe,ad_c(full_target_scalar_reference),0.032059511369856186,False,0.9222871090047238,13213
fiqa,13,selection,10,951,10,glob_probe,best_in_menu_on_eval,0.0,True,,13213
fiqa,14,recalibration,10,935,10,ad_probe,ad_c(full_target_scalar_reference),0.0002612330198536461,True,0.008442950145937989,14213
fiqa,14,selection,10,935,10,glob_probe,best_in_menu_on_eval,0.0,True,,14213
fiqa,15,recalibration,10,929,10,ad_probe,ad_c(full_target_scalar_reference),0.012319002836244264,False,0.32711108991228155,15213
fiqa,15,selection,10,929,10,trunc,best_in_menu_on_eval,0.041861630184514165,False,,15213
fiqa,16,recalibration,10,855,10,ad_probe,ad_c(full_target_scalar_reference),0.0,True,0.00809522545746999,16213
fiqa,16,selection,10,855,10,glob_probe,best_in_menu_on_eval,0.0,True,,16213
fiqa,17,recalibration,10,848,10,ad_probe,ad_c(full_target_scalar_reference),0.017053540329402372,False,0.4863884325199792,17213
fiqa,17,selection,10,848,10,glob_probe,best_in_menu_on_eval,0.0,True,,17213
fiqa,18,recalibration,10,887,10,ad_probe,ad_c(full_target_scalar_reference),0.025548589341692796,False,0.42636815829698005,18213
fiqa,18,selection,10,887,10,glob_probe,best_in_menu_on_eval,0.0,True,,18213
fiqa,19,recalibration,10,910,10,ad_probe,ad_c(full_target_scalar_reference),0.002155172413793094,True,0.08062375716144832,19213
fiqa,19,selection,10,910,10,glob_probe,best_in_menu_on_eval,0.0,True,,19213
fiqa,20,recalibration,10,936,10,ad_probe,ad_c(full_target_scalar_reference),0.0028605015673981438,True,0.07875509452942975,20213
fiqa,20,selection,10,936,10,glob_probe,best_in_menu_on_eval,0.0,True,,20213
fiqa,21,recalibration,10,887,10,ad_probe,ad_c(full_target_scalar_reference),0.005890804597701138,False,0.1938440743532821,21213
fiqa,21,selection,10,887,10,glob_probe,best_in_menu_on_eval,0.0,True,,21213
fiqa,22,recalibration,10,869,10,ad_probe,ad_c(full_target_scalar_reference),0.030642633228840088,False,0.4922263298806342,22213
fiqa,22,selection,10,869,10,glob_probe,best_in_menu_on_eval,0.0,True,,22213
fiqa,23,recalibration,10,898,10,ad_probe,ad_c(full_target_scalar_reference),0.010816912972085313,False,0.2985300381003193,23213
fiqa,23,selection,10,898,10,glob_probe,best_in_menu_on_eval,0.0,True,,23213
fiqa,24,recalibration,10,959,10,ad_probe,ad_c(full_target_scalar_reference),0.005890804597701194,False,0.16382148019468445,24213
fiqa,24,selection,10,959,10,glob_probe,best_in_menu_on_eval,0.0,True,,24213
fiqa,25,recalibration,10,889,10,ad_probe,ad_c(full_target_scalar_reference),0.0032523510971786407,True,0.09295123226271995,25213
fiqa,25,selection,10,889,10,glob_probe,best_in_menu_on_eval,0.0,True,,25213
fiqa,26,recalibration,10,899,10,ad_probe,ad_c(full_target_scalar_reference),0.006152037617554895,False,0.21917253025950778,26213
fiqa,26,selection,10,899,10,glob_probe,best_in_menu_on_eval,0.0,True,,26213
fiqa,27,recalibration,10,911,10,ad_probe,ad_c(full_target_scalar_reference),0.009809299895506773,False,0.2620563007787391,27213
fiqa,27,selection,10,911,10,glob_probe,best_in_menu_on_eval,0.0,True,,27213
fiqa,28,recalibration,10,845,10,ad_probe,ad_c(full_target_scalar_reference),0.0263322884012539,False,0.41281041196064905,28213
fiqa,28,selection,10,845,10,glob_probe,best_in_menu_on_eval,0.0,True,,28213
fiqa,29,recalibration,10,919,10,ad_probe,ad_c(full_target_scalar_reference),0.019247897696173577,False,0.537345007983403,29213
fiqa,29,selection,10,919,10,glob_probe,best_in_menu_on_eval,0.0,True,,29213
fiqa,30,recalibration,10,879,10,ad_probe,ad_c(full_target_scalar_reference),0.04234468509546879,False,0.6325583933515371,30213
fiqa,30,selection,10,879,10,glob_probe,best_in_menu_on_eval,0.0,True,,30213
fiqa,31,recalibration,10,879,10,ad_probe,ad_c(full_target_scalar_reference),0.0,True,0.023547719776094045,31213
fiqa,31,selection,10,879,10,glob_probe,best_in_menu_on_eval,0.0,True,,31213
fiqa,32,recalibration,10,943,10,ad_probe,ad_c(full_target_scalar_reference),0.010816912972085369,False,0.2994905669340402,32213
fiqa,32,selection,10,943,10,glob_probe,best_in_menu_on_eval,0.0,True,,32213
fiqa,33,recalibration,10,842,10,ad_probe,ad_c(full_target_scalar_reference),0.03205329153605013,False,0.5524254806761899,33213
fiqa,33,selection,10,842,10,glob_probe,best_in_menu_on_eval,0.0,True,,33213
fiqa,34,recalibration,10,896,10,ad_probe,ad_c(full_target_scalar_reference),0.04156098603590774,False,0.6219264025893411,34213
fiqa,34,selection,10,896,10,glob_probe,best_in_menu_on_eval,0.0,True,,34213
fiqa,35,recalibration,10,876,10,ad_probe,ad_c(full_target_scalar_reference),0.01717171717171717,False,0.29945704633035874,35213
fiqa,35,selection,10,876,10,glob_probe,best_in_menu_on_eval,0.0,True,,35213
fiqa,36,recalibration,10,922,10,ad_probe,ad_c(full_target_scalar_reference),0.005498955067920641,False,0.13718423134354119,36213
fiqa,36,selection,10,922,10,glob_probe,best_in_menu_on_eval,0.0,True,,36213
fiqa,37,recalibration,10,837,10,ad_probe,ad_c(full_target_scalar_reference),0.005890804597701138,False,0.20612713203644284,37213
fiqa,37,selection,10,837,10,glob_probe,best_in_menu_on_eval,0.0,True,,37213
fiqa,38,recalibration,10,887,10,ad_probe,ad_c(full_target_scalar_reference),0.01159003831417632,False,0.19987778535873924,38213
fiqa,38,selection,10,887,10,glob_probe,best_in_menu_on_eval,0.0,True,,38213
fiqa,39,recalibration,10,885,10,ad_probe,ad_c(full_target_scalar_reference),0.011981887843956818,False,0.23419004158237655,39213
fiqa,39,selection,10,885,10,glob_probe,best_in_menu_on_eval,0.0,True,,39213
fiqa,40,recalibration,10,934,10,ad_probe,ad_c(full_target_scalar_reference),0.01681843061153393,False,0.4767904884444105,40213
fiqa,40,selection,10,934,10,glob_probe,best_in_menu_on_eval,0.0,True,,40213
fiqa,41,recalibration,10,928,10,ad_probe,ad_c(full_target_scalar_reference),0.0,True,0.010391547785947974,41213
fiqa,41,selection,10,928,10,glob_probe,best_in_menu_on_eval,0.0,True,,41213
fiqa,42,recalibration,10,840,10,ad_probe,ad_c(full_target_scalar_reference),0.005107105538139978,False,0.1560294668023512,42213
fiqa,42,selection,10,840,10,glob_probe,best_in_menu_on_eval,0.0,True,,42213
fiqa,43,recalibration,10,932,10,ad_probe,ad_c(full_target_scalar_reference),0.00615203761755484,False,0.22637717818858683,43213
fiqa,43,selection,10,932,10,glob_probe,best_in_menu_on_eval,0.0,True,,43213
fiqa,44,recalibration,10,799,10,ad_probe,ad_c(full_target_scalar_reference),0.0306426332288402,False,0.4813977214310141,44213
fiqa,44,selection,10,799,10,glob_probe,best_in_menu_on_eval,0.0,True,,44213
fiqa,45,recalibration,10,894,10,ad_probe,ad_c(full_target_scalar_reference),0.0028605015673980883,True,0.06878263329130085,45213
fiqa,45,selection,10,894,10,glob_probe,best_in_menu_on_eval,0.0,True,,45213
fiqa,46,recalibration,10,867,10,ad_probe,ad_c(full_target_scalar_reference),0.014898989898989912,False,0.2652772193608941,46213
fiqa,46,selection,10,867,10,glob_probe,best_in_menu_on_eval,0.0,True,,46213
fiqa,47,recalibration,10,921,10,ad_probe,ad_c(full_target_scalar_reference),0.0020768025078369834,True,0.0344258250423124,47213
fiqa,47,selection,10,921,10,glob_probe,best_in_menu_on_eval,0.0,True,,47213
fiqa,48,recalibration,10,889,10,ad_probe,ad_c(full_target_scalar_reference),0.005472831765935271,False,0.15294211385496537,48213
fiqa,48,selection,10,889,10,trunc,best_in_menu_on_eval,0.041992246694441016,False,,48213
fiqa,49,recalibration,10,932,10,ad_probe,ad_c(full_target_scalar_reference),0.01701435537642426,False,0.4958449983397155,49213
fiqa,49,selection,10,932,10,trunc,best_in_menu_on_eval,0.04179632192955074,False,,49213
fiqa,0,recalibration,20,1761,20,ad_probe,ad_c(full_target_scalar_reference),0.017268223637650404,False,0.30236213395120837,2200803
fiqa,0,selection,20,1761,20,glob_probe,best_in_menu_on_eval,0.0,True,,2200803
fiqa,1,recalibration,20,1817,20,ad_probe,ad_c(full_target_scalar_reference),0.0049893842887472895,True,0.1836333191208226,2201803
fiqa,1,selection,20,1817,20,glob_probe,best_in_menu_on_eval,0.0,True,,2201803
fiqa,2,recalibration,20,1828,20,ad_probe,ad_c(full_target_scalar_reference),0.007948513800424661,False,0.17031298980267962,2202803
fiqa,2,selection,20,1828,20,glob_probe,best_in_menu_on_eval,0.0,True,,2202803
fiqa,3,recalibration,20,1852,20,ad_probe,ad_c(full_target_scalar_reference),0.007948513800424661,False,0.17257008106269,2203803
fiqa,3,selection,20,1852,20,trunc,best_in_menu_on_eval,0.04337747355263277,False,,2203803
fiqa,4,recalibration,20,1810,20,ad_probe,ad_c(full_target_scalar_reference),0.0013136942675158747,True,0.047792970853258065,2204803
fiqa,4,selection,20,1810,20,glob_probe,best_in_menu_on_eval,0.0,True,,2204803
fiqa,5,recalibration,20,1811,20,ad_probe,ad_c(full_target_scalar_reference),0.011774593064401984,False,0.20580104877112015,2205803
fiqa,5,selection,20,1811,20,glob_probe,best_in_menu_on_eval,0.0,True,,2205803
fiqa,6,recalibration,20,1831,20,ad_probe,ad_c(full_target_scalar_reference),0.01217268223637652,False,0.23926637169866094,2206803
fiqa,6,selection,20,1831,20,glob_probe,best_in_menu_on_eval,0.0,True,,2206803
fiqa,7,recalibration,20,1842,20,ad_probe,ad_c(full_target_scalar_reference),0.02303103831766251,False,0.7088090180671647,2207803
fiqa,7,selection,20,1842,20,glob_probe,best_in_menu_on_eval,0.0,True,,2207803
fiqa,8,recalibration,20,1879,20,ad_probe,ad_c(full_target_scalar_reference),0.030090486300677344,False,0.8518905487008062,2208803
fiqa,8,selection,20,1879,20,trunc,best_in_menu_on_eval,0.04313862004944813,False,,2208803
fiqa,9,recalibration,20,1793,20,ad_probe,ad_c(full_target_scalar_reference),0.002189490445859865,True,0.07885547910805624,2209803
fiqa,9,selection,20,1793,20,glob_probe,best_in_menu_on_eval,0.0,True,,2209803
fiqa,10,recalibration,20,1829,20,ad_probe,ad_c(full_target_scalar_reference),0.022239915074310057,False,0.37819186886519907,2210803
fiqa,10,selection,20,1829,20,glob_probe,best_in_menu_on_eval,0.0,True,,2210803
fiqa,11,recalibration,20,1755,20,ad_probe,ad_c(full_target_scalar_reference),0.0003980891719745361,True,0.03967422723985403,2211803
fiqa,11,selection,20,1755,20,glob_probe,best_in_menu_on_eval,0.0,True,,2211803
fiqa,12,recalibration,20,1784,20,ad_probe,ad_c(full_target_scalar_reference),0.002109872611464947,True,0.07170839225054593,2212803
fiqa,12,selection,20,1784,20,glob_probe,best_in_menu_on_eval,0.0,True,,2212803
fiqa,13,recalibration,20,1826,20,ad_probe,ad_c(full_target_scalar_reference),0.019532908704883223,False,0.3535036928432165,2213803
fiqa,13,selection,20,1826,20,glob_probe,best_in_menu_on_eval,0.0,True,,2213803
fiqa,14,recalibration,20,1756,20,ad_probe,ad_c(full_target_scalar_reference),0.031926751592356695,False,0.5304560304783261,2214803
fiqa,14,selection,20,1756,20,glob_probe,best_in_menu_on_eval,0.0,True,,2214803
fiqa,15,recalibration,20,1805,20,ad_probe,ad_c(full_target_scalar_reference),0.01748432918815085,False,0.45183653321326434,2215803
fiqa,15,selection,20,1805,20,trunc,best_in_menu_on_eval,0.04266091304307862,False,,2215803
fiqa,16,recalibration,20,1788,20,ad_probe,ad_c(full_target_scalar_reference),0.0002653927813163759,True,0.011295492267402896,2216803
fiqa,16,selection,20,1788,20,glob_probe,best_in_menu_on_eval,0.0,True,,2216803
fiqa,17,recalibration,20,1794,20,ad_probe,ad_c(full_target_scalar_reference),0.021279445960974586,False,0.611734620655686,2217803
fiqa,17,selection,20,1794,20,trunc,best_in_menu_on_eval,0.042433433516236074,False,,2217803
fiqa,18,recalibration,20,1818,20,ad_probe,ad_c(full_target_scalar_reference),0.03683525427155998,False,1.1541999048662293,2218803
fiqa,18,selection,20,1818,20,glob_probe,best_in_menu_on_eval,0.0,True,,2218803
fiqa,19,recalibration,20,1862,20,ad_probe,ad_c(full_target_scalar_reference),0.007576963906581746,False,0.24570979927137682,2219803
fiqa,19,selection,20,1862,20,trunc,best_in_menu_on_eval,0.04252821665242046,False,,2219803
fiqa,20,recalibration,20,1756,20,ad_probe,ad_c(full_target_scalar_reference),0.017144373673036117,False,0.31703115860442566,2220803
fiqa,20,selection,20,1756,20,trunc,best_in_menu_on_eval,0.04252821665242046,False,,2220803
fiqa,21,recalibration,20,1799,20,ad_probe,ad_c(full_target_scalar_reference),0.0,True,0.026393072237314463,2221803
fiqa,21,selection,20,1799,20,glob_probe,best_in_menu_on_eval,0.0,True,,2221803
fiqa,22,recalibration,20,1876,20,ad_probe,ad_c(full_target_scalar_reference),0.012236502881407318,False,0.34507564637843746,2222803
fiqa,22,selection,20,1876,20,glob_probe,best_in_menu_on_eval,0.0,True,,2222803
fiqa,23,recalibration,20,1784,20,ad_probe,ad_c(full_target_scalar_reference),0.0029060509554140745,True,0.05981757483753802,2223803
fiqa,23,selection,20,1784,20,glob_probe,best_in_menu_on_eval,0.0,True,,2223803
fiqa,24,recalibration,20,1945,20,ad_probe,ad_c(full_target_scalar_reference),0.005029193205944804,False,0.15335526703537683,2224803
fiqa,24,selection,20,1945,20,glob_probe,best_in_menu_on_eval,0.0,True,,2224803
fiqa,25,recalibration,20,1838,20,ad_probe,ad_c(full_target_scalar_reference),0.003304140127388555,True,0.09295123226271995,2225803
fiqa,25,selection,20,1838,20,glob_probe,best_in_menu_on_eval,0.0,True,,2225803
fiqa,26,recalibration,20,1804,20,ad_probe,ad_c(full_target_scalar_reference),0.0,True,0.001451435534874701,2226803
fiqa,26,selection,20,1804,20,glob_probe,best_in_menu_on_eval,0.0,True,,2226803
fiqa,27,recalibration,20,1744,20,ad_probe,ad_c(full_target_scalar_reference),0.003304140127388555,True,0.10263773502539819,2227803
fiqa,27,selection,20,1744,20,glob_probe,best_in_menu_on_eval,0.0,True,,2227803
fiqa,28,recalibration,20,1808,20,ad_probe,ad_c(full_target_scalar_reference),0.016887195430189017,False,0.47924517334698025,2228803
fiqa,28,selection,20,1808,20,glob_probe,best_in_menu_on_eval,0.0,True,,2228803
fiqa,29,recalibration,20,1778,20,ad_probe,ad_c(full_target_scalar_reference),0.0135438782731776,False,0.26411804353631463,2229803
fiqa,29,selection,20,1778,20,glob_probe,best_in_menu_on_eval,0.0,True,,2229803
fiqa,30,recalibration,20,1824,20,ad_probe,ad_c(full_target_scalar_reference),0.002109872611464947,True,0.037227145744146206,2230803
fiqa,30,selection,20,1824,20,glob_probe,best_in_menu_on_eval,0.0,True,,2230803
fiqa,31,recalibration,20,1803,20,ad_probe,ad_c(full_target_scalar_reference),0.02223991507431,False,0.37990444390322375,2231803
fiqa,31,selection,20,1803,20,trunc,best_in_menu_on_eval,0.042422059539893864,False,,2231803
fiqa,32,recalibration,20,1793,20,ad_probe,ad_c(full_target_scalar_reference),0.002109872611464947,True,0.04252095408255707,2232803
fiqa,32,selection,20,1793,20,glob_probe,best_in_menu_on_eval,0.0,True,,2232803
fiqa,33,recalibration,20,1885,20,ad_probe,ad_c(full_target_scalar_reference),0.0,True,0.0031925756554893603,2233803
fiqa,33,selection,20,1885,20,glob_probe,best_in_menu_on_eval,0.0,True,,2233803
fiqa,34,recalibration,20,1804,20,ad_probe,ad_c(full_target_scalar_reference),0.01953290870488328,False,0.3308872206695317,2234803
fiqa,34,selection,20,1804,20,glob_probe,best_in_menu_on_eval,0.0,True,,2234803
fiqa,35,recalibration,20,1827,20,ad_probe,ad_c(full_target_scalar_reference),0.0021098726114650024,True,0.04098097433667247,2235803
fiqa,35,selection,20,1827,20,glob_probe,best_in_menu_on_eval,0.0,True,,2235803
fiqa,36,recalibration,20,1768,20,ad_probe,ad_c(full_target_scalar_reference),0.004657643312101889,True,0.20214550107651852,2236803
fiqa,36,selection,20,1768,20,glob_probe,best_in_menu_on_eval,0.0,True,,2236803
fiqa,37,recalibration,20,1708,20,ad_probe,ad_c(full_target_scalar_reference),0.010270700636942687,False,0.19544322704400718,2237803
fiqa,37,selection,20,1708,20,glob_probe,best_in_menu_on_eval,0.0,True,,2237803
fiqa,38,recalibration,20,1892,20,ad_probe,ad_c(full_target_scalar_reference),0.02531341623698319,False,0.7734417290319029,2238803
fiqa,38,selection,20,1892,20,glob_probe,best_in_menu_on_eval,0.0,True,,2238803
fiqa,39,recalibration,20,1821,20,ad_probe,ad_c(full_target_scalar_reference),0.0021098726114650024,True,0.038140882467901926,2239803
fiqa,39,selection,20,1821,20,glob_probe,best_in_menu_on_eval,0.0,True,,2239803
fiqa,40,recalibration,20,1759,20,ad_probe,ad_c(full_target_scalar_reference),0.012117076129814941,False,0.3268579317234668,2240803
fiqa,40,selection,20,1759,20,glob_probe,best_in_menu_on_eval,0.0,True,,2240803
fiqa,41,recalibration,20,1787,20,ad_probe,ad_c(full_target_scalar_reference),0.003304140127388555,True,0.10694615690176845,2241803
fiqa,41,selection,20,1787,20,glob_probe,best_in_menu_on_eval,0.0,True,,2241803
fiqa,42,recalibration,20,1803,20,ad_probe,ad_c(full_target_scalar_reference),0.0,True,0.01647817577620314,2242803
fiqa,42,selection,20,1803,20,glob_probe,best_in_menu_on_eval,0.0,True,,2242803
fiqa,43,recalibration,20,1780,20,ad_probe,ad_c(full_target_scalar_reference),0.006250000000000033,False,0.2220229596316594,2243803
fiqa,43,selection,20,1780,20,glob_probe,best_in_menu_on_eval,0.0,True,,2243803
fiqa,44,recalibration,20,1775,20,ad_probe,ad_c(full_target_scalar_reference),0.002109872611464947,True,0.03289300785207261,2244803
fiqa,44,selection,20,1775,20,glob_probe,best_in_menu_on_eval,0.0,True,,2244803
fiqa,45,recalibration,20,1817,20,ad_probe,ad_c(full_target_scalar_reference),0.013145789101203176,False,0.24830640381001112,2245803
fiqa,45,selection,20,1817,20,glob_probe,best_in_menu_on_eval,0.0,True,,2245803
fiqa,46,recalibration,20,1837,20,ad_probe,ad_c(full_target_scalar_reference),0.0055069002123142585,False,0.2077936783248182,2246803
fiqa,46,selection,20,1837,20,glob_probe,best_in_menu_on_eval,0.0,True,,2246803
fiqa,47,recalibration,20,1797,20,ad_probe,ad_c(full_target_scalar_reference),0.01165263876251138,False,0.3331614792370794,2247803
fiqa,47,selection,20,1797,20,glob_probe,best_in_menu_on_eval,0.0,True,,2247803
fiqa,48,recalibration,20,1876,20,ad_probe,ad_c(full_target_scalar_reference),0.0,True,0.015241189203061722,2248803
fiqa,48,selection,20,1876,20,trunc,best_in_menu_on_eval,0.0425812952086837,False,,2248803
fiqa,49,recalibration,20,1807,20,ad_probe,ad_c(full_target_scalar_reference),0.007576963906581746,False,0.23257632642955972,2249803
fiqa,49,selection,20,1807,20,glob_probe,best_in_menu_on_eval,0.0,True,,2249803
fiqa,0,recalibration,50,4639,50,ad_probe,ad_c(full_target_scalar_reference),0.0002787068004459492,True,0.016808925639611116,2300852
fiqa,0,selection,50,4639,50,trunc,best_in_menu_on_eval,0.04455025650677824,False,,2300852
fiqa,1,recalibration,50,4442,50,ad_probe,ad_c(full_target_scalar_reference),0.017704517704517697,False,0.4576448071040198,2301852
fiqa,1,selection,50,4442,50,glob_probe,best_in_menu_on_eval,0.0,True,,2301852
fiqa,2,recalibration,50,4583,50,ad_probe,ad_c(full_target_scalar_reference),0.011122392100653022,False,0.30170500739114026,2302852
fiqa,2,selection,50,4583,50,glob_probe,best_in_menu_on_eval,0.0,True,,2302852
fiqa,3,recalibration,50,4538,50,ad_probe,ad_c(full_target_scalar_reference),0.006284838350055777,False,0.16013167645748938,2303852
fiqa,3,selection,50,4538,50,glob_probe,best_in_menu_on_eval,0.0,True,,2303852
fiqa,4,recalibration,50,4393,50,ad_probe,ad_c(full_target_scalar_reference),0.0002787068004460047,True,0.01849920921883097,2304852
fiqa,4,selection,50,4393,50,glob_probe,best_in_menu_on_eval,0.0,True,,2304852
fiqa,5,recalibration,50,4481,50,ad_probe,ad_c(full_target_scalar_reference),0.01361681796464409,False,0.37290473610971864,2305852
fiqa,5,selection,50,4481,50,glob_probe,best_in_menu_on_eval,0.0,True,,2305852
fiqa,6,recalibration,50,4584,50,ad_probe,ad_c(full_target_scalar_reference),0.005560200668896287,False,0.1134015075125161,2306852
fiqa,6,selection,50,4584,50,glob_probe,best_in_menu_on_eval,0.0,True,,2306852
fiqa,7,recalibration,50,4456,50,ad_probe,ad_c(full_target_scalar_reference),0.0031354515050167064,True,0.09649593608034457,2307852
fiqa,7,selection,50,4456,50,glob_probe,best_in_menu_on_eval,0.0,True,,2307852
fiqa,8,recalibration,50,4444,50,ad_probe,ad_c(full_target_scalar_reference),0.005560200668896287,False,0.11113585140310467,2308852
fiqa,8,selection,50,4444,50,glob_probe,best_in_menu_on_eval,0.0,True,,2308852
fiqa,9,recalibration,50,4483,50,ad_probe,ad_c(full_target_scalar_reference),0.0050306577480490056,False,0.14115485772060254,2309852
fiqa,9,selection,50,4483,50,glob_probe,best_in_menu_on_eval,0.0,True,,2309852
fiqa,10,recalibration,50,4480,50,ad_probe,ad_c(full_target_scalar_reference),0.0022157190635451185,True,0.030396430207178637,2310852
fiqa,10,selection,50,4480,50,glob_probe,best_in_menu_on_eval,0.0,True,,2310852
fiqa,11,recalibration,50,4512,50,ad_probe,ad_c(full_target_scalar_reference),0.0058389074693422915,False,0.11952411761669923,2311852
fiqa,11,selection,50,4512,50,glob_probe,best_in_menu_on_eval,0.0,True,,2311852
fiqa,12,recalibration,50,4488,50,ad_probe,ad_c(full_target_scalar_reference),0.0030518394648829106,True,0.0700584693936992,2312852
fiqa,12,selection,50,4488,50,glob_probe,best_in_menu_on_eval,0.0,True,,2312852
fiqa,13,recalibration,50,4521,50,ad_probe,ad_c(full_target_scalar_reference),0.0188770770292509,False,0.5697956507403175,2313852
fiqa,13,selection,50,4521,50,glob_probe,best_in_menu_on_eval,0.0,True,,2313852
fiqa,14,recalibration,50,4467,50,ad_probe,ad_c(full_target_scalar_reference),0.0031354515050167064,True,0.08765962209871025,2314852
fiqa,14,selection,50,4467,50,glob_probe,best_in_menu_on_eval,0.0,True,,2314852
fiqa,15,recalibration,50,4433,50,ad_probe,ad_c(full_target_scalar_reference),0.009949832775919765,False,0.18373015357495603,2315852
fiqa,15,selection,50,4433,50,glob_probe,best_in_menu_on_eval,0.0,True,,2315852
fiqa,16,recalibration,50,4398,50,ad_probe,ad_c(full_target_scalar_reference),0.007998885172798176,False,0.19053140059645024,2316852
fiqa,16,selection,50,4398,50,glob_probe,best_in_menu_on_eval,0.0,True,,2316852
fiqa,17,recalibration,50,4473,50,ad_probe,ad_c(full_target_scalar_reference),0.0004180602006689238,True,0.050470939319617436,2317852
fiqa,17,selection,50,4473,50,glob_probe,best_in_menu_on_eval,0.0,True,,2317852
fiqa,18,recalibration,50,4426,50,ad_probe,ad_c(full_target_scalar_reference),0.003609253065774809,True,0.10178386727124789,2318852
fiqa,18,selection,50,4426,50,glob_probe,best_in_menu_on_eval,0.0,True,,2318852
fiqa,19,recalibration,50,4653,50,ad_probe,ad_c(full_target_scalar_reference),0.005866778149386853,False,0.14033178418246317,2319852
fiqa,19,selection,50,4653,50,trunc,best_in_menu_on_eval,0.04450247819813047,False,,2319852
fiqa,20,recalibration,50,4410,50,ad_probe,ad_c(full_target_scalar_reference),0.0026337792642140423,True,0.11699569655070219,2320852
fiqa,20,selection,50,4410,50,glob_probe,best_in_menu_on_eval,0.0,True,,2320852
fiqa,21,recalibration,50,4494,50,ad_probe,ad_c(full_target_scalar_reference),0.005560200668896287,False,0.10926811011257032,2321852
fiqa,21,selection,50,4494,50,glob_probe,best_in_menu_on_eval,0.0,True,,2321852
fiqa,22,recalibration,50,4550,50,ad_probe,ad_c(full_target_scalar_reference),0.00346989966555189,True,0.09774529466072646,2322852
fiqa,22,selection,50,4550,50,glob_probe,best_in_menu_on_eval,0.0,True,,2322852
fiqa,23,recalibration,50,4541,50,ad_probe,ad_c(full_target_scalar_reference),0.0022157190635451185,True,0.033029299790034106,2323852
fiqa,23,selection,50,4541,50,glob_probe,best_in_menu_on_eval,0.0,True,,2323852
fiqa,24,recalibration,50,4564,50,ad_probe,ad_c(full_target_scalar_reference),0.0030518394648829106,True,0.062604464902982,2324852
fiqa,24,selection,50,4564,50,glob_probe,best_in_menu_on_eval,0.0,True,,2324852
fiqa,25,recalibration,50,4539,50,ad_probe,ad_c(full_target_scalar_reference),0.015328874024526151,False,0.38414219913808756,2325852
fiqa,25,selection,50,4539,50,glob_probe,best_in_menu_on_eval,0.0,True,,2325852
fiqa,26,recalibration,50,4420,50,ad_probe,ad_c(full_target_scalar_reference),0.00346989966555189,True,0.12182223663781255,2326852
fiqa,26,selection,50,4420,50,glob_probe,best_in_menu_on_eval,0.0,True,,2326852
fiqa,27,recalibration,50,4621,50,ad_probe,ad_c(full_target_scalar_reference),0.0004180602006689238,True,0.030801303474209396,2327852
fiqa,27,selection,50,4621,50,glob_probe,best_in_menu_on_eval,0.0,True,,2327852
fiqa,28,recalibration,50,4439,50,ad_probe,ad_c(full_target_scalar_reference),0.0059503901895205935,False,0.14970783138602206,2328852
fiqa,28,selection,50,4439,50,glob_probe,best_in_menu_on_eval,0.0,True,,2328852
fiqa,29,recalibration,50,4459,50,ad_probe,ad_c(full_target_scalar_reference),0.01491280458671762,False,0.36832106101012974,2329852
fiqa,29,selection,50,4459,50,glob_probe,best_in_menu_on_eval,0.0,True,,2329852
fiqa,30,recalibration,50,4474,50,ad_probe,ad_c(full_target_scalar_reference),0.0010451505016721985,True,0.04927453804560633,2330852
fiqa,30,selection,50,4474,50,glob_probe,best_in_menu_on_eval,0.0,True,,2330852
fiqa,31,recalibration,50,4469,50,ad_probe,ad_c(full_target_scalar_reference),0.004473244147157218,True,0.1298405152012747,2331852
fiqa,31,selection,50,4469,50,glob_probe,best_in_menu_on_eval,0.0,True,,2331852
fiqa,32,recalibration,50,4511,50,ad_probe,ad_c(full_target_scalar_reference),0.001379598662207382,True,0.06648702558434749,2332852
fiqa,32,selection,50,4511,50,glob_probe,best_in_menu_on_eval,0.0,True,,2332852
fiqa,33,recalibration,50,4566,50,ad_probe,ad_c(full_target_scalar_reference),0.002717391304347838,True,0.08861521025554087,2333852
fiqa,33,selection,50,4566,50,glob_probe,best_in_menu_on_eval,0.0,True,,2333852
fiqa,34,recalibration,50,4524,50,ad_probe,ad_c(full_target_scalar_reference),0.011529171311780051,False,0.20683508907992287,2334852
fiqa,34,selection,50,4524,50,glob_probe,best_in_menu_on_eval,0.0,True,,2334852
fiqa,35,recalibration,50,4431,50,ad_probe,ad_c(full_target_scalar_reference),0.005281493868450449,False,0.16359691127118747,2335852
fiqa,35,selection,50,4431,50,glob_probe,best_in_menu_on_eval,0.0,True,,2335852
fiqa,36,recalibration,50,4457,50,ad_probe,ad_c(full_target_scalar_reference),0.001727982162764763,True,0.04527841908898811,2336852
fiqa,36,selection,50,4457,50,glob_probe,best_in_menu_on_eval,0.0,True,,2336852
fiqa,37,recalibration,50,4497,50,ad_probe,ad_c(full_target_scalar_reference),0.0,True,0.017887628225738528,2337852
fiqa,37,selection,50,4497,50,glob_probe,best_in_menu_on_eval,0.0,True,,2337852
fiqa,38,recalibration,50,4484,50,ad_probe,ad_c(full_target_scalar_reference),0.01194723151244892,False,0.22006482999706245,2338852
fiqa,38,selection,50,4484,50,glob_probe,best_in_menu_on_eval,0.0,True,,2338852
fiqa,39,recalibration,50,4490,50,ad_probe,ad_c(full_target_scalar_reference),0.002215719063545174,True,0.04086421771139426,2339852
fiqa,39,selection,50,4490,50,glob_probe,best_in_menu_on_eval,0.0,True,,2339852
fiqa,40,recalibration,50,4582,50,ad_probe,ad_c(full_target_scalar_reference),0.0,True,0.0030824397561004524,2340852
fiqa,40,selection,50,4582,50,glob_probe,best_in_menu_on_eval,0.0,True,,2340852
fiqa,41,recalibration,50,4544,50,ad_probe,ad_c(full_target_scalar_reference),0.002215719063545174,True,0.03216644890006526,2341852
fiqa,41,selection,50,4544,50,glob_probe,best_in_menu_on_eval,0.0,True,,2341852
fiqa,42,recalibration,50,4491,50,ad_probe,ad_c(full_target_scalar_reference),0.00229933110367897,True,0.07637707256457471,2342852
fiqa,42,selection,50,4491,50,glob_probe,best_in_menu_on_eval,0.0,True,,2342852
fiqa,43,recalibration,50,4578,50,ad_probe,ad_c(full_target_scalar_reference),0.0030518394648829106,True,0.08451597318128878,2343852
fiqa,43,selection,50,4578,50,glob_probe,best_in_menu_on_eval,0.0,True,,2343852
fiqa,44,recalibration,50,4455,50,ad_probe,ad_c(full_target_scalar_reference),0.005838907469342236,False,0.1425726003493608,2344852
fiqa,44,selection,50,4455,50,glob_probe,best_in_menu_on_eval,0.0,True,,2344852
fiqa,45,recalibration,50,4410,50,ad_probe,ad_c(full_target_scalar_reference),0.007957079152731306,False,0.2569441592488637,2345852
fiqa,45,selection,50,4410,50,glob_probe,best_in_menu_on_eval,0.0,True,,2345852
fiqa,46,recalibration,50,4502,50,ad_probe,ad_c(full_target_scalar_reference),0.01130156075808253,False,0.2833636885893718,2346852
fiqa,46,selection,50,4502,50,glob_probe,best_in_menu_on_eval,0.0,True,,2346852
fiqa,47,recalibration,50,4406,50,ad_probe,ad_c(full_target_scalar_reference),0.005838907469342236,False,0.14740892803305794,2347852
fiqa,47,selection,50,4406,50,glob_probe,best_in_menu_on_eval,0.0,True,,2347852
fiqa,48,recalibration,50,4548,50,ad_probe,ad_c(full_target_scalar_reference),0.0014632107023411223,True,0.06119607303465102,2348852
fiqa,48,selection,50,4548,50,glob_probe,best_in_menu_on_eval,0.0,True,,2348852
fiqa,49,recalibration,50,4427,50,ad_probe,ad_c(full_target_scalar_reference),0.0,True,0.0003888981661308577,2349852
fiqa,49,selection,50,4427,50,glob_probe,best_in_menu_on_eval,0.0,True,,2349852
fiqa,0,recalibration,100,8820,100,ad_probe,ad_c(full_target_scalar_reference),0.0027220194647202267,True,0.05771266277606513,2400550
fiqa,0,selection,100,8820,100,glob_probe,best_in_menu_on_eval,0.0,True,,2400550
fiqa,1,recalibration,100,9176,100,ad_probe,ad_c(full_target_scalar_reference),0.0013686131386861367,True,0.07956299872100514,2401550
fiqa,1,selection,100,9176,100,glob_probe,best_in_menu_on_eval,0.0,True,,2401550
fiqa,2,recalibration,100,9090,100,ad_probe,ad_c(full_target_scalar_reference),0.00045620437956206406,True,0.029443997018606893,2402550
fiqa,2,selection,100,9090,100,glob_probe,best_in_menu_on_eval,0.0,True,,2402550
fiqa,3,recalibration,100,8910,100,ad_probe,ad_c(full_target_scalar_reference),0.005398418491484203,False,0.11285256386391262,2403550
fiqa,3,selection,100,8910,100,glob_probe,best_in_menu_on_eval,0.0,True,,2403550
fiqa,4,recalibration,100,8674,100,ad_probe,ad_c(full_target_scalar_reference),0.0051551094890510685,False,0.12891184707050307,2404550
fiqa,4,selection,100,8674,100,glob_probe,best_in_menu_on_eval,0.0,True,,2404550
fiqa,5,recalibration,100,8889,100,ad_probe,ad_c(full_target_scalar_reference),0.005033454987834585,False,0.18089239694459502,2405550
fiqa,5,selection,100,8889,100,glob_probe,best_in_menu_on_eval,0.0,True,,2405550
fiqa,6,recalibration,100,9007,100,ad_probe,ad_c(full_target_scalar_reference),0.00424270072992694,True,0.10160620199138481,2406550
fiqa,6,selection,100,9007,100,glob_probe,best_in_menu_on_eval,0.0,True,,2406550
fiqa,7,recalibration,100,9056,100,ad_probe,ad_c(full_target_scalar_reference),0.0033302919708029233,True,0.06435504423807203,2407550
fiqa,7,selection,100,9056,100,glob_probe,best_in_menu_on_eval,0.0,True,,2407550
fiqa,8,recalibration,100,8888,100,ad_probe,ad_c(full_target_scalar_reference),0.010084289190128548,False,0.30229084533011874,2408550
fiqa,8,selection,100,8888,100,glob_probe,best_in_menu_on_eval,0.0,True,,2408550
fiqa,9,recalibration,100,9001,100,ad_probe,ad_c(full_target_scalar_reference),0.01043404588112623,False,0.2973137462145006,2409550
fiqa,9,selection,100,9001,100,glob_probe,best_in_menu_on_eval,0.0,True,,2409550
fiqa,10,recalibration,100,8944,100,ad_probe,ad_c(full_target_scalar_reference),0.0,True,0.0022104947003884767,2410550
fiqa,10,selection,100,8944,100,glob_probe,best_in_menu_on_eval,0.0,True,,2410550
fiqa,11,recalibration,100,9135,100,ad_probe,ad_c(full_target_scalar_reference),0.0020529197080291772,True,0.06612506293095866,2411550
fiqa,11,selection,100,9135,100,glob_probe,best_in_menu_on_eval,0.0,True,,2411550
fiqa,12,recalibration,100,9022,100,ad_probe,ad_c(full_target_scalar_reference),0.0005322384428224081,True,0.030725517382686363,2412550
fiqa,12,selection,100,9022,100,glob_probe,best_in_menu_on_eval,0.0,True,,2412550
fiqa,13,recalibration,100,8940,100,ad_probe,ad_c(full_target_scalar_reference),0.00045620437956206406,True,0.03911663455574721,2413550
fiqa,13,selection,100,8940,100,glob_probe,best_in_menu_on_eval,0.0,True,,2413550
fiqa,14,recalibration,100,8870,100,ad_probe,ad_c(full_target_scalar_reference),0.00045620437956206406,True,0.04931940599262674,2414550
fiqa,14,selection,100,8870,100,glob_probe,best_in_menu_on_eval,0.0,True,,2414550
fiqa,15,recalibration,100,9042,100,ad_probe,ad_c(full_target_scalar_reference),0.010629562043795726,False,0.27876203690698986,2415550
fiqa,15,selection,100,9042,100,glob_probe,best_in_menu_on_eval,0.0,True,,2415550
fiqa,16,recalibration,100,8890,100,ad_probe,ad_c(full_target_scalar_reference),0.0059154501216545086,False,0.1264332054213786,2416550
fiqa,16,selection,100,8890,100,glob_probe,best_in_menu_on_eval,0.0,True,,2416550
fiqa,17,recalibration,100,8990,100,ad_probe,ad_c(full_target_scalar_reference),0.006067518248175252,False,0.1319184357684482,2417550
fiqa,17,selection,100,8990,100,glob_probe,best_in_menu_on_eval,0.0,True,,2417550
fiqa,18,recalibration,100,8892,100,ad_probe,ad_c(full_target_scalar_reference),0.00045620437956206406,True,0.03324062868925459,2418550
fiqa,18,selection,100,8892,100,glob_probe,best_in_menu_on_eval,0.0,True,,2418550
fiqa,19,recalibration,100,9075,100,ad_probe,ad_c(full_target_scalar_reference),0.016869424168694247,False,0.42752828151419964,2419550
fiqa,19,selection,100,9075,100,glob_probe,best_in_menu_on_eval,0.0,True,,2419550
fiqa,20,recalibration,100,8987,100,ad_probe,ad_c(full_target_scalar_reference),0.0013686131386861367,True,0.055006503215222935,2420550
fiqa,20,selection,100,8987,100,glob_probe,best_in_menu_on_eval,0.0,True,,2420550
fiqa,21,recalibration,100,9149,100,ad_probe,ad_c(full_target_scalar_reference),0.0,True,0.005391394578345254,2421550
fiqa,21,selection,100,9149,100,glob_probe,best_in_menu_on_eval,0.0,True,,2421550
fiqa,22,recalibration,100,9067,100,ad_probe,ad_c(full_target_scalar_reference),0.00685827250608273,False,0.24236505357180826,2422550
fiqa,22,selection,100,9067,100,glob_probe,best_in_menu_on_eval,0.0,True,,2422550
fiqa,23,recalibration,100,8916,100,ad_probe,ad_c(full_target_scalar_reference),0.015977291159772866,False,0.26931214985638174,2423550
fiqa,23,selection,100,8916,100,glob_probe,best_in_menu_on_eval,0.0,True,,2423550
fiqa,24,recalibration,100,8993,100,ad_probe,ad_c(full_target_scalar_reference),0.00045620437956206406,True,0.03040154971351683,2424550
fiqa,24,selection,100,8993,100,glob_probe,best_in_menu_on_eval,0.0,True,,2424550
fiqa,25,recalibration,100,9011,100,ad_probe,ad_c(full_target_scalar_reference),0.00723844282238445,False,0.23347552910003033,2425550
fiqa,25,selection,100,9011,100,glob_probe,best_in_menu_on_eval,0.0,True,,2425550
fiqa,26,recalibration,100,9180,100,ad_probe,ad_c(full_target_scalar_reference),0.0015967153284671687,True,0.058919125005964634,2426550
fiqa,26,selection,100,9180,100,glob_probe,best_in_menu_on_eval,0.0,True,,2426550
fiqa,27,recalibration,100,9106,100,ad_probe,ad_c(full_target_scalar_reference),0.0033302919708029233,True,0.07258556901526503,2427550
fiqa,27,selection,100,9106,100,glob_probe,best_in_menu_on_eval,0.0,True,,2427550
fiqa,28,recalibration,100,8820,100,ad_probe,ad_c(full_target_scalar_reference),0.004425182481751833,True,0.12669902249001375,2428550
fiqa,28,selection,100,8820,100,glob_probe,best_in_menu_on_eval,0.0,True,,2428550
fiqa,29,recalibration,100,8960,100,ad_probe,ad_c(full_target_scalar_reference),0.006371654501216517,False,0.14082455966579088,2429550
fiqa,29,selection,100,8960,100,glob_probe,best_in_menu_on_eval,0.0,True,,2429550
fiqa,30,recalibration,100,9030,100,ad_probe,ad_c(full_target_scalar_reference),0.007664233576642365,False,0.1864517216464241,2430550
fiqa,30,selection,100,9030,100,glob_probe,best_in_menu_on_eval,0.0,True,,2430550
fiqa,31,recalibration,100,8721,100,ad_probe,ad_c(full_target_scalar_reference),0.003330291970802979,True,0.06391551172420895,2431550
fiqa,31,selection,100,8721,100,glob_probe,best_in_menu_on_eval,0.0,True,,2431550
fiqa,32,recalibration,100,8956,100,ad_probe,ad_c(full_target_scalar_reference),0.0021137469586374746,True,0.085455432775293,2432550
fiqa,32,selection,100,8956,100,glob_probe,best_in_menu_on_eval,0.0,True,,2432550
fiqa,33,recalibration,100,8795,100,ad_probe,ad_c(full_target_scalar_reference),0.005398418491484203,False,0.11248000951949999,2433550
fiqa,33,selection,100,8795,100,glob_probe,best_in_menu_on_eval,0.0,True,,2433550
fiqa,34,recalibration,100,9005,100,ad_probe,ad_c(full_target_scalar_reference),0.011420316301703204,False,0.2663475804061681,2434550
fiqa,34,selection,100,9005,100,glob_probe,best_in_menu_on_eval,0.0,True,,2434550
fiqa,35,recalibration,100,9115,100,ad_probe,ad_c(full_target_scalar_reference),0.0033302919708029233,True,0.05836144144114774,2435550
fiqa,35,selection,100,9115,100,glob_probe,best_in_menu_on_eval,0.0,True,,2435550
fiqa,36,recalibration,100,9034,100,ad_probe,ad_c(full_target_scalar_reference),0.0,True,0.00857236821276497,2436550
fiqa,36,selection,100,9034,100,glob_probe,best_in_menu_on_eval,0.0,True,,2436550
fiqa,37,recalibration,100,8981,100,ad_probe,ad_c(full_target_scalar_reference),0.011912003244120006,False,0.23641900964570772,2437550
fiqa,37,selection,100,8981,100,glob_probe,best_in_menu_on_eval,0.0,True,,2437550
fiqa,38,recalibration,100,9076,100,ad_probe,ad_c(full_target_scalar_reference),0.00647810218978101,False,0.25327720834447875,2438550
fiqa,38,selection,100,9076,100,glob_probe,best_in_menu_on_eval,0.0,True,,2438550
fiqa,39,recalibration,100,8990,100,ad_probe,ad_c(full_target_scalar_reference),0.0031021897810218357,True,0.085455432775293,2439550
fiqa,39,selection,100,8990,100,glob_probe,best_in_menu_on_eval,0.0,True,,2439550
fiqa,40,recalibration,100,9035,100,ad_probe,ad_c(full_target_scalar_reference),0.015543534932220993,False,0.38707372709694265,2440550
fiqa,40,selection,100,9035,100,glob_probe,best_in_menu_on_eval,0.0,True,,2440550
fiqa,41,recalibration,100,8887,100,ad_probe,ad_c(full_target_scalar_reference),0.00918491484184919,False,0.19706691582832936,2441550
fiqa,41,selection,100,8887,100,glob_probe,best_in_menu_on_eval,0.0,True,,2441550
fiqa,42,recalibration,100,9036,100,ad_probe,ad_c(full_target_scalar_reference),0.003877737226277378,True,0.10325612484823177,2442550
fiqa,42,selection,100,9036,100,glob_probe,best_in_menu_on_eval,0.0,True,,2442550
fiqa,43,recalibration,100,9088,100,ad_probe,ad_c(full_target_scalar_reference),0.0033302919708028678,True,0.06842067063791224,2443550
fiqa,43,selection,100,9088,100,glob_probe,best_in_menu_on_eval,0.0,True,,2443550
fiqa,44,recalibration,100,8763,100,ad_probe,ad_c(full_target_scalar_reference),0.002417883211678795,True,0.03808608428243776,2444550
fiqa,44,selection,100,8763,100,glob_probe,best_in_menu_on_eval,0.0,True,,2444550
fiqa,45,recalibration,100,8825,100,ad_probe,ad_c(full_target_scalar_reference),0.002417883211678795,True,0.054171152058537064,2445550
fiqa,45,selection,100,8825,100,glob_probe,best_in_menu_on_eval,0.0,True,,2445550
fiqa,46,recalibration,100,8961,100,ad_probe,ad_c(full_target_scalar_reference),0.004516423357664223,True,0.1348868278339257,2446550
fiqa,46,selection,100,8961,100,glob_probe,best_in_menu_on_eval,0.0,True,,2446550
fiqa,47,recalibration,100,9141,100,ad_probe,ad_c(full_target_scalar_reference),0.00030413625304137604,True,0.010627325475482507,2447550
fiqa,47,selection,100,9141,100,glob_probe,best_in_menu_on_eval,0.0,True,,2447550
fiqa,48,recalibration,100,8850,100,ad_probe,ad_c(full_target_scalar_reference),0.00045620437956206406,True,0.0322117435027407,2448550
fiqa,48,selection,100,8850,100,glob_probe,best_in_menu_on_eval,0.0,True,,2448550
fiqa,49,recalibration,100,8979,100,ad_probe,ad_c(full_target_scalar_reference),0.00030413625304143155,True,0.01849920921883097,2449550
fiqa,49,selection,100,8979,100,glob_probe,best_in_menu_on_eval,0.0,True,,2449550
quora,0,recalibration,5,354,5,ad_probe,ad_c(full_target_scalar_reference),0.018178256322191055,False,0.22158820994591655,2000206
quora,0,selection,5,354,5,glob_probe,best_in_menu_on_eval,0.0,True,,2000206
quora,1,recalibration,5,392,5,ad_probe,ad_c(full_target_scalar_reference),0.004109021328160267,True,0.05893743146681396,2001206
quora,1,selection,5,392,5,glob_probe,best_in_menu_on_eval,0.0,True,,2001206
quora,2,recalibration,5,380,5,ad_probe,ad_c(full_target_scalar_reference),0.0058976735907994016,False,0.08736608583469951,2002206
quora,2,selection,5,380,5,glob_probe,best_in_menu_on_eval,0.0,True,,2002206
quora,3,recalibration,5,382,5,ad_probe,ad_c(full_target_scalar_reference),0.006061470554478476,False,0.08846329823589683,2003206
quora,3,selection,5,382,5,glob_probe,best_in_menu_on_eval,0.0,True,,2003206
quora,4,recalibration,5,365,5,ad_probe,ad_c(full_target_scalar_reference),0.010286185725917107,False,0.15426485294104042,2004206
quora,4,selection,5,365,5,glob_probe,best_in_menu_on_eval,0.0,True,,2004206
quora,5,recalibration,5,334,5,ad_probe,ad_c(full_target_scalar_reference),0.02039088642993625,False,0.35058152353068917,2005206
quora,5,selection,5,334,5,glob_probe,best_in_menu_on_eval,0.0,True,,2005206
quora,6,recalibration,5,350,5,ad_probe,ad_c(full_target_scalar_reference),0.013966860649845203,False,0.22278297198697217,2006206
quora,6,selection,5,350,5,glob_probe,best_in_menu_on_eval,0.0,True,,2006206
quora,7,recalibration,5,374,5,ad_probe,ad_c(full_target_scalar_reference),0.005203298625539254,False,0.07589277151583995,2007206
quora,7,selection,5,374,5,glob_probe,best_in_menu_on_eval,0.0,True,,2007206
quora,8,recalibration,5,355,5,ad_probe,ad_c(full_target_scalar_reference),0.005578903094440202,False,0.08265035947977539,2008206
quora,8,selection,5,355,5,glob_probe,best_in_menu_on_eval,0.0,True,,2008206
quora,9,recalibration,5,342,5,ad_probe,ad_c(full_target_scalar_reference),0.006783444843199704,False,0.10330612023834485,2009206
quora,9,selection,5,342,5,glob_probe,best_in_menu_on_eval,0.0,True,,2009206
quora,10,recalibration,5,380,5,ad_probe,ad_c(full_target_scalar_reference),0.0187185405781789,False,0.3149452891569907,2010206
quora,10,selection,5,380,5,glob_probe,best_in_menu_on_eval,0.0,True,,2010206
quora,11,recalibration,5,418,5,ad_probe,ad_c(full_target_scalar_reference),0.039969809623847996,False,0.9079053931449707,2011206
quora,11,selection,5,418,5,glob_probe,best_in_menu_on_eval,0.0,True,,2011206
quora,12,recalibration,5,392,5,ad_probe,ad_c(full_target_scalar_reference),0.021275469493680643,False,0.24757111137375343,2012206
quora,12,selection,5,392,5,glob_probe,best_in_menu_on_eval,0.0,True,,2012206
quora,13,recalibration,5,361,5,ad_probe,ad_c(full_target_scalar_reference),0.009714230343163544,False,0.13744486459870076,2013206
quora,13,selection,5,361,5,glob_probe,best_in_menu_on_eval,0.0,True,,2013206
quora,14,recalibration,5,329,5,ad_probe,ad_c(full_target_scalar_reference),0.012256719865167298,False,0.18465552847637234,2014206
quora,14,selection,5,329,5,glob_probe,best_in_menu_on_eval,0.0,True,,2014206
quora,15,recalibration,5,419,5,ad_probe,ad_c(full_target_scalar_reference),0.007000219897393523,False,0.10601166382981064,2015206
quora,15,selection,5,419,5,glob_probe,best_in_menu_on_eval,0.0,True,,2015206
quora,16,recalibration,5,320,5,ad_probe,ad_c(full_target_scalar_reference),0.04747116561467224,False,0.4324094031785108,2016206
quora,16,selection,5,320,5,glob_probe,best_in_menu_on_eval,0.0,True,,2016206
quora,17,recalibration,5,352,5,ad_probe,ad_c(full_target_scalar_reference),0.005066935356639046,False,0.06412042984116328,2017206
quora,17,selection,5,352,5,glob_probe,best_in_menu_on_eval,0.0,True,,2017206
quora,18,recalibration,5,323,5,ad_probe,ad_c(full_target_scalar_reference),0.00631993311909429,False,0.09248386928178132,2018206
quora,18,selection,5,323,5,glob_probe,best_in_menu_on_eval,0.0,True,,2018206
quora,19,recalibration,5,293,5,ad_probe,ad_c(full_target_scalar_reference),0.00010005002501245475,True,0.00027974999968949366,2019206
quora,19,selection,5,293,5,glob_probe,best_in_menu_on_eval,0.0,True,,2019206
quora,20,recalibration,5,360,5,ad_probe,ad_c(full_target_scalar_reference),0.004606889309770046,True,0.06456401267462608,2020206
quora,20,selection,5,360,5,glob_probe,best_in_menu_on_eval,0.0,True,,2020206
quora,21,recalibration,5,371,5,ad_probe,ad_c(full_target_scalar_reference),0.012535192434785292,False,0.19674573663906336,2021206
quora,21,selection,5,371,5,glob_probe,best_in_menu_on_eval,0.0,True,,2021206
quora,22,recalibration,5,386,5,ad_probe,ad_c(full_target_scalar_reference),0.0034643147545188047,True,0.04323591805462268,2022206
quora,22,selection,5,386,5,glob_probe,best_in_menu_on_eval,0.0,True,,2022206
quora,23,recalibration,5,362,5,ad_probe,ad_c(full_target_scalar_reference),0.005766496891338679,False,0.08545613076386926,2023206
quora,23,selection,5,362,5,glob_probe,best_in_menu_on_eval,0.0,True,,2023206
quora,24,recalibration,5,359,5,ad_probe,ad_c(full_target_scalar_reference),0.03287577490956772,False,0.6737014574790255,2024206
quora,24,selection,5,359,5,glob_probe,best_in_menu_on_eval,0.0,True,,2024206
quora,25,recalibration,5,362,5,ad_probe,ad_c(full_target_scalar_reference),0.0057039656257058535,False,0.0835843093084665,2025206
quora,25,selection,5,362,5,glob_probe,best_in_menu_on_eval,0.0,True,,2025206
quora,26,recalibration,5,427,5,ad_probe,ad_c(full_target_scalar_reference),0.009185949460598253,False,0.1328523038800815,2026206
quora,26,selection,5,427,5,glob_probe,best_in_menu_on_eval,0.0,True,,2026206
quora,27,recalibration,5,342,5,ad_probe,ad_c(full_target_scalar_reference),0.025341578751792326,False,0.4646175726705183,2027206
quora,27,selection,5,342,5,glob_probe,best_in_menu_on_eval,0.0,True,,2027206
quora,28,recalibration,5,357,5,ad_probe,ad_c(full_target_scalar_reference),0.013853348774559904,False,0.18053778908785334,2028206
quora,28,selection,5,357,5,glob_probe,best_in_menu_on_eval,0.0,True,,2028206
quora,29,recalibration,5,327,5,ad_probe,ad_c(full_target_scalar_reference),0.04090380056677745,False,0.941920874804791,2029206
quora,29,selection,5,327,5,glob_probe,best_in_menu_on_eval,0.0,True,,2029206
quora,30,recalibration,5,365,5,ad_probe,ad_c(full_target_scalar_reference),0.017868274175136145,False,0.29815440091513035,2030206
quora,30,selection,5,365,5,glob_probe,best_in_menu_on_eval,0.0,True,,2030206
quora,31,recalibration,5,389,5,ad_probe,ad_c(full_target_scalar_reference),0.033009730776390245,False,0.6796018691462143,2031206
quora,31,selection,5,389,5,glob_probe,best_in_menu_on_eval,0.0,True,,2031206
quora,32,recalibration,5,414,5,ad_probe,ad_c(full_target_scalar_reference),0.001828414207103668,True,0.021654143936563397,2032206
quora,32,selection,5,414,5,glob_probe,best_in_menu_on_eval,0.0,True,,2032206
quora,33,recalibration,5,349,5,ad_probe,ad_c(full_target_scalar_reference),0.009714230343163655,False,0.13715046279555265,2033206
quora,33,selection,5,349,5,glob_probe,best_in_menu_on_eval,0.0,True,,2033206
quora,34,recalibration,5,377,5,ad_probe,ad_c(full_target_scalar_reference),0.010246165715912081,False,0.1513241974930878,2034206
quora,34,selection,5,377,5,glob_probe,best_in_menu_on_eval,0.0,True,,2034206
quora,35,recalibration,5,395,5,ad_probe,ad_c(full_target_scalar_reference),0.008462929274059894,False,0.12104742198853768,2035206
quora,35,selection,5,395,5,glob_probe,best_in_menu_on_eval,0.0,True,,2035206
quora,36,recalibration,5,341,5,ad_probe,ad_c(full_target_scalar_reference),0.0184408876378489,False,0.22276928721654554,2036206
quora,36,selection,5,341,5,glob_probe,best_in_menu_on_eval,0.0,True,,2036206
quora,37,recalibration,5,314,5,ad_probe,ad_c(full_target_scalar_reference),0.0058976735907994016,False,0.08706040594806219,2037206
quora,37,selection,5,314,5,glob_probe,best_in_menu_on_eval,0.0,True,,2037206
quora,38,recalibration,5,358,5,ad_probe,ad_c(full_target_scalar_reference),0.030241955836451728,False,0.578563741263764,2038206
quora,38,selection,5,358,5,glob_probe,best_in_menu_on_eval,0.0,True,,2038206
quora,39,recalibration,5,350,5,ad_probe,ad_c(full_target_scalar_reference),0.021442364549948856,False,0.37942838584275107,2039206
quora,39,selection,5,350,5,glob_probe,best_in_menu_on_eval,0.0,True,,2039206
quora,40,recalibration,5,367,5,ad_probe,ad_c(full_target_scalar_reference),0.009083359352112574,False,0.12945785109576602,2040206
quora,40,selection,5,367,5,glob_probe,best_in_menu_on_eval,0.0,True,,2040206
quora,41,recalibration,5,335,5,ad_probe,ad_c(full_target_scalar_reference),0.014255216375026802,False,0.18403443105449357,2041206
quora,41,selection,5,335,5,glob_probe,best_in_menu_on_eval,0.0,True,,2041206
quora,42,recalibration,5,378,5,ad_probe,ad_c(full_target_scalar_reference),0.005100285364976531,False,0.06596838109334324,2042206
quora,42,selection,5,378,5,glob_probe,best_in_menu_on_eval,0.0,True,,2042206
quora,43,recalibration,5,348,5,ad_probe,ad_c(full_target_scalar_reference),0.018515272656445148,False,0.22463025759814037,2043206
quora,43,selection,5,348,5,glob_probe,best_in_menu_on_eval,0.0,True,,2043206
quora,44,recalibration,5,333,5,ad_probe,ad_c(full_target_scalar_reference),0.04191986096018763,False,0.3991078866389735,2044206
quora,44,selection,5,333,5,glob_probe,best_in_menu_on_eval,0.0,True,,2044206
quora,45,recalibration,5,327,5,ad_probe,ad_c(full_target_scalar_reference),0.0022561280640319703,True,0.029669968686604542,2045206
quora,45,selection,5,327,5,glob_probe,best_in_menu_on_eval,0.0,True,,2045206
quora,46,recalibration,5,359,5,ad_probe,ad_c(full_target_scalar_reference),0.01606376475949467,False,0.20583856495015762,2046206
quora,46,selection,5,359,5,glob_probe,best_in_menu_on_eval,0.0,True,,2046206
quora,47,recalibration,5,354,5,ad_probe,ad_c(full_target_scalar_reference),0.022125130175185803,False,0.39052431688118194,2047206
quora,47,selection,5,354,5,glob_probe,best_in_menu_on_eval,0.0,True,,2047206
quora,48,recalibration,5,384,5,ad_probe,ad_c(full_target_scalar_reference),0.02743733563313233,False,0.5068326178212869,2048206
quora,48,selection,5,384,5,glob_probe,best_in_menu_on_eval,0.0,True,,2048206
quora,49,recalibration,5,322,5,ad_probe,ad_c(full_target_scalar_reference),0.025749912205905945,False,0.28525909291330753,2049206
quora,49,selection,5,322,5,glob_probe,best_in_menu_on_eval,0.0,True,,2049206
quora,0,recalibration,10,703,10,ad_probe,ad_c(full_target_scalar_reference),0.009184290776644621,False,0.13306857957655993,163
quora,0,selection,10,703,10,glob_probe,best_in_menu_on_eval,0.0,True,,163
quora,1,recalibration,10,717,10,ad_probe,ad_c(full_target_scalar_reference),0.01935747928150522,False,0.23352692546813714,1163
quora,1,selection,10,717,10,glob_probe,best_in_menu_on_eval,0.0,True,,1163
quora,2,recalibration,10,653,10,ad_probe,ad_c(full_target_scalar_reference),0.010311351245904654,False,0.14321576404590997,2163
quora,2,selection,10,653,10,glob_probe,best_in_menu_on_eval,0.0,True,,2163
quora,3,recalibration,10,721,10,ad_probe,ad_c(full_target_scalar_reference),0.012250339105944974,False,0.16457437852845846,3163
quora,3,selection,10,721,10,glob_probe,best_in_menu_on_eval,0.0,True,,3163
quora,4,recalibration,10,776,10,ad_probe,ad_c(full_target_scalar_reference),0.006349007169964893,False,0.09488384281212647,4163
quora,4,selection,10,776,10,glob_probe,best_in_menu_on_eval,0.0,True,,4163
quora,5,recalibration,10,729,10,ad_probe,ad_c(full_target_scalar_reference),0.016171904781896784,False,0.20560425293349527,5163
quora,5,selection,10,729,10,glob_probe,best_in_menu_on_eval,0.0,True,,5163
quora,6,recalibration,10,690,10,ad_probe,ad_c(full_target_scalar_reference),0.014702791558397599,False,0.19072405504877088,6163
quora,6,selection,10,690,10,glob_probe,best_in_menu_on_eval,0.0,True,,6163
quora,7,recalibration,10,711,10,ad_probe,ad_c(full_target_scalar_reference),0.017818825530245497,False,0.29463653360176323,7163
quora,7,selection,10,711,10,glob_probe,best_in_menu_on_eval,0.0,True,,7163
quora,8,recalibration,10,698,10,ad_probe,ad_c(full_target_scalar_reference),0.012009267439340499,False,0.1828753211689439,8163
quora,8,selection,10,698,10,trunc,best_in_menu_on_eval,0.024919482828478556,False,,8163
quora,9,recalibration,10,756,10,ad_probe,ad_c(full_target_scalar_reference),0.007187240361139269,False,0.11157433738926092,9163
quora,9,selection,10,756,10,glob_probe,best_in_menu_on_eval,0.0,True,,9163
quora,10,recalibration,10,723,10,ad_probe,ad_c(full_target_scalar_reference),0.03360364497974988,False,0.3424497243379051,10163
quora,10,selection,10,723,10,glob_probe,best_in_menu_on_eval,0.0,True,,10163
quora,11,recalibration,10,698,10,ad_probe,ad_c(full_target_scalar_reference),0.01605178466177659,False,0.2055150117623915,11163
quora,11,selection,10,698,10,glob_probe,best_in_menu_on_eval,0.0,True,,11163
quora,12,recalibration,10,852,10,ad_probe,ad_c(full_target_scalar_reference),0.036925525429978845,False,0.7880046840107474,12163
quora,12,selection,10,852,10,glob_probe,best_in_menu_on_eval,0.0,True,,12163
quora,13,recalibration,10,642,10,ad_probe,ad_c(full_target_scalar_reference),0.01280756299650232,False,0.1691823393780677,13163
quora,13,selection,10,642,10,glob_probe,best_in_menu_on_eval,0.0,True,,13163
quora,14,recalibration,10,734,10,ad_probe,ad_c(full_target_scalar_reference),0.005900625379383295,False,0.08670215389888825,14163
quora,14,selection,10,734,10,glob_probe,best_in_menu_on_eval,0.0,True,,14163
quora,15,recalibration,10,714,10,ad_probe,ad_c(full_target_scalar_reference),0.0007207207207208244,True,0.011657665406587747,15163
quora,15,selection,10,714,10,glob_probe,best_in_menu_on_eval,0.0,True,,15163
quora,16,recalibration,10,766,10,ad_probe,ad_c(full_target_scalar_reference),0.023241168068781404,False,0.4191396264766202,16163
quora,16,selection,10,766,10,glob_probe,best_in_menu_on_eval,0.0,True,,16163
quora,17,recalibration,10,788,10,ad_probe,ad_c(full_target_scalar_reference),0.014311047241120534,False,0.23023628053566492,17163
quora,17,selection,10,788,10,glob_probe,best_in_menu_on_eval,0.0,True,,17163
quora,18,recalibration,10,747,10,ad_probe,ad_c(full_target_scalar_reference),0.03285644539921706,False,0.3357133888758974,18163
quora,18,selection,10,747,10,glob_probe,best_in_menu_on_eval,0.0,True,,18163
quora,19,recalibration,10,707,10,ad_probe,ad_c(full_target_scalar_reference),0.005441212964939379,False,0.07212355371712953,19163
quora,19,selection,10,707,10,glob_probe,best_in_menu_on_eval,0.0,True,,19163
quora,20,recalibration,10,722,10,ad_probe,ad_c(full_target_scalar_reference),0.00475517437282158,True,0.06753947085028222,20163
quora,20,selection,10,722,10,glob_probe,best_in_menu_on_eval,0.0,True,,20163
quora,21,recalibration,10,811,10,ad_probe,ad_c(full_target_scalar_reference),0.008246269421956609,False,0.1193721428796316,21163
quora,21,selection,10,811,10,glob_probe,best_in_menu_on_eval,0.0,True,,21163
quora,22,recalibration,10,786,10,ad_probe,ad_c(full_target_scalar_reference),0.005679069869462983,False,0.07989982449744726,22163
quora,22,selection,10,786,10,glob_probe,best_in_menu_on_eval,0.0,True,,22163
quora,23,recalibration,10,755,10,ad_probe,ad_c(full_target_scalar_reference),0.016359687821107638,False,0.2592248138779233,23163
quora,23,selection,10,755,10,glob_probe,best_in_menu_on_eval,0.0,True,,23163
quora,24,recalibration,10,744,10,ad_probe,ad_c(full_target_scalar_reference),0.011363358372378674,False,0.17171164389374638,24163
quora,24,selection,10,744,10,glob_probe,best_in_menu_on_eval,0.0,True,,24163
quora,25,recalibration,10,791,10,ad_probe,ad_c(full_target_scalar_reference),0.013834425931165684,False,0.2178442127417869,25163
quora,25,selection,10,791,10,glob_probe,best_in_menu_on_eval,0.0,True,,25163
quora,26,recalibration,10,799,10,ad_probe,ad_c(full_target_scalar_reference),0.017225315353401882,False,0.2782940839328528,26163
quora,26,selection,10,799,10,glob_probe,best_in_menu_on_eval,0.0,True,,26163
quora,27,recalibration,10,833,10,ad_probe,ad_c(full_target_scalar_reference),0.03599621670175723,False,0.7549743049578493,27163
quora,27,selection,10,833,10,glob_probe,best_in_menu_on_eval,0.0,True,,27163
quora,28,recalibration,10,713,10,ad_probe,ad_c(full_target_scalar_reference),0.018247428736626436,False,0.3072922528323744,28163
quora,28,selection,10,713,10,glob_probe,best_in_menu_on_eval,0.0,True,,28163
quora,29,recalibration,10,806,10,ad_probe,ad_c(full_target_scalar_reference),0.0009959959959960907,True,0.01513569164798112,29163
quora,29,selection,10,806,10,glob_probe,best_in_menu_on_eval,0.0,True,,29163
quora,30,recalibration,10,747,10,ad_probe,ad_c(full_target_scalar_reference),0.009238213747234325,False,0.1352472163968227,30163
quora,30,selection,10,747,10,glob_probe,best_in_menu_on_eval,0.0,True,,30163
quora,31,recalibration,10,728,10,ad_probe,ad_c(full_target_scalar_reference),0.00039539539539523716,True,0.0058100121706563534,31163
quora,31,selection,10,728,10,glob_probe,best_in_menu_on_eval,0.0,True,,31163
quora,32,recalibration,10,749,10,ad_probe,ad_c(full_target_scalar_reference),0.02003724996127587,False,0.23682374078742863,32163
quora,32,selection,10,749,10,glob_probe,best_in_menu_on_eval,0.0,True,,32163
quora,33,recalibration,10,713,10,ad_probe,ad_c(full_target_scalar_reference),0.014010432532705175,False,0.18105140412776788,33163
quora,33,selection,10,713,10,glob_probe,best_in_menu_on_eval,0.0,True,,33163
quora,34,recalibration,10,756,10,ad_probe,ad_c(full_target_scalar_reference),0.004853050026252581,True,0.07119786266601846,34163
quora,34,selection,10,756,10,glob_probe,best_in_menu_on_eval,0.0,True,,34163
quora,35,recalibration,10,753,10,ad_probe,ad_c(full_target_scalar_reference),0.018727909217106764,False,0.3150980017901418,35163
quora,35,selection,10,753,10,glob_probe,best_in_menu_on_eval,0.0,True,,35163
quora,36,recalibration,10,747,10,ad_probe,ad_c(full_target_scalar_reference),0.004180963805146765,True,0.051515905904493176,36163
quora,36,selection,10,747,10,glob_probe,best_in_menu_on_eval,0.0,True,,36163
quora,37,recalibration,10,745,10,ad_probe,ad_c(full_target_scalar_reference),0.010586629262316238,False,0.1574466793615551,37163
quora,37,selection,10,745,10,glob_probe,best_in_menu_on_eval,0.0,True,,37163
quora,38,recalibration,10,784,10,ad_probe,ad_c(full_target_scalar_reference),0.028289604982997152,False,0.5291566972731937,38163
quora,38,selection,10,784,10,glob_probe,best_in_menu_on_eval,0.0,True,,38163
quora,39,recalibration,10,727,10,ad_probe,ad_c(full_target_scalar_reference),0.021369679714054346,False,0.3770902509023165,39163
quora,39,selection,10,727,10,glob_probe,best_in_menu_on_eval,0.0,True,,39163
quora,40,recalibration,10,697,10,ad_probe,ad_c(full_target_scalar_reference),0.007762452271472542,False,0.11019687173817949,40163
quora,40,selection,10,697,10,glob_probe,best_in_menu_on_eval,0.0,True,,40163
quora,41,recalibration,10,715,10,ad_probe,ad_c(full_target_scalar_reference),0.005321092844819186,False,0.06834527320024952,41163
quora,41,selection,10,715,10,glob_probe,best_in_menu_on_eval,0.0,True,,41163
quora,42,recalibration,10,711,10,ad_probe,ad_c(full_target_scalar_reference),0.005900625379383295,False,0.08675969566973418,42163
quora,42,selection,10,711,10,glob_probe,best_in_menu_on_eval,0.0,True,,42163
quora,43,recalibration,10,751,10,ad_probe,ad_c(full_target_scalar_reference),0.017531871909958308,False,0.28421397869551523,43163
quora,43,selection,10,751,10,glob_probe,best_in_menu_on_eval,0.0,True,,43163
quora,44,recalibration,10,683,10,ad_probe,ad_c(full_target_scalar_reference),0.014452541308147326,False,0.18661591693920598,44163
quora,44,selection,10,683,10,glob_probe,best_in_menu_on_eval,0.0,True,,44163
quora,45,recalibration,10,710,10,ad_probe,ad_c(full_target_scalar_reference),0.01280756299650232,False,0.16919920882100914,45163
quora,45,selection,10,710,10,glob_probe,best_in_menu_on_eval,0.0,True,,45163
quora,46,recalibration,10,783,10,ad_probe,ad_c(full_target_scalar_reference),0.013834425931165684,False,0.21832227009733718,46163
quora,46,selection,10,783,10,glob_probe,best_in_menu_on_eval,0.0,True,,46163
quora,47,recalibration,10,765,10,ad_probe,ad_c(full_target_scalar_reference),0.00551461970501288,False,0.07763530751229286,47163
quora,47,selection,10,765,10,glob_probe,best_in_menu_on_eval,0.0,True,,47163
quora,48,recalibration,10,707,10,ad_probe,ad_c(full_target_scalar_reference),0.02004786005890158,False,0.3441062646218519,48163
quora,48,selection,10,707,10,glob_probe,best_in_menu_on_eval,0.0,True,,48163
quora,49,recalibration,10,726,10,ad_probe,ad_c(full_target_scalar_reference),0.0006706706706707255,True,0.009780622868204358,49163
quora,49,selection,10,726,10,glob_probe,best_in_menu_on_eval,0.0,True,,49163
quora,0,recalibration,20,1475,20,ad_probe,ad_c(full_target_scalar_reference),0.0010470941883767848,True,0.015687183214136202,2200732
quora,0,selection,20,1475,20,glob_probe,best_in_menu_on_eval,0.0,True,,2200732
quora,1,recalibration,20,1444,20,ad_probe,ad_c(full_target_scalar_reference),0.014755297775087883,False,0.19297559071207926,2201732
quora,1,selection,20,1444,20,glob_probe,best_in_menu_on_eval,0.0,True,,2201732
quora,2,recalibration,20,1525,20,ad_probe,ad_c(full_target_scalar_reference),0.0027497151165076783,True,0.033380425173251016,2202732
quora,2,selection,20,1525,20,glob_probe,best_in_menu_on_eval,0.0,True,,2202732
quora,3,recalibration,20,1451,20,ad_probe,ad_c(full_target_scalar_reference),0.001169004676018659,True,0.014404020967512698,2203732
quora,3,selection,20,1451,20,glob_probe,best_in_menu_on_eval,0.0,True,,2203732
quora,4,recalibration,20,1400,20,ad_probe,ad_c(full_target_scalar_reference),0.02195640279709976,False,0.2532537433480063,2204732
quora,4,selection,20,1400,20,glob_probe,best_in_menu_on_eval,0.0,True,,2204732
quora,5,recalibration,20,1488,20,ad_probe,ad_c(full_target_scalar_reference),0.0023046092184370037,True,0.032261713426233185,2205732
quora,5,selection,20,1488,20,glob_probe,best_in_menu_on_eval,0.0,True,,2205732
quora,6,recalibration,20,1460,20,ad_probe,ad_c(full_target_scalar_reference),0.0006713426853708349,True,0.009631149901806912,2206732
quora,6,selection,20,1460,20,glob_probe,best_in_menu_on_eval,0.0,True,,2206732
quora,7,recalibration,20,1333,20,ad_probe,ad_c(full_target_scalar_reference),0.004793339210202419,True,0.06855915009582969,2207732
quora,7,selection,20,1333,20,glob_probe,best_in_menu_on_eval,0.0,True,,2207732
quora,8,recalibration,20,1367,20,ad_probe,ad_c(full_target_scalar_reference),0.017673353918575496,False,0.21671134925544566,2208732
quora,8,selection,20,1367,20,glob_probe,best_in_menu_on_eval,0.0,True,,2208732
quora,9,recalibration,20,1441,20,ad_probe,ad_c(full_target_scalar_reference),0.00343612150682171,True,0.04139064896012834,2209732
quora,9,selection,20,1441,20,glob_probe,best_in_menu_on_eval,0.0,True,,2209732
quora,10,recalibration,20,1501,20,ad_probe,ad_c(full_target_scalar_reference),0.004373148185331521,True,0.056205250299189324,2210732
quora,10,selection,20,1501,20,glob_probe,best_in_menu_on_eval,0.0,True,,2210732
quora,11,recalibration,20,1497,20,ad_probe,ad_c(full_target_scalar_reference),0.005909770100657186,False,0.08936642766133618,2211732
quora,11,selection,20,1497,20,glob_probe,best_in_menu_on_eval,0.0,True,,2211732
quora,12,recalibration,20,1590,20,ad_probe,ad_c(full_target_scalar_reference),0.006355368900596181,False,0.0944137942789981,2212732
quora,12,selection,20,1590,20,glob_probe,best_in_menu_on_eval,0.0,True,,2212732
quora,13,recalibration,20,1379,20,ad_probe,ad_c(full_target_scalar_reference),0.008836788052194011,False,0.12668624856488486,2213732
quora,13,selection,20,1379,20,glob_probe,best_in_menu_on_eval,0.0,True,,2213732
quora,14,recalibration,20,1392,20,ad_probe,ad_c(full_target_scalar_reference),0.014306702171181684,False,0.18466260267571732,2214732
quora,14,selection,20,1392,20,glob_probe,best_in_menu_on_eval,0.0,True,,2214732
quora,15,recalibration,20,1558,20,ad_probe,ad_c(full_target_scalar_reference),0.005687488620133241,False,0.08325278583971218,2215732
quora,15,selection,20,1558,20,glob_probe,best_in_menu_on_eval,0.0,True,,2215732
quora,16,recalibration,20,1448,20,ad_probe,ad_c(full_target_scalar_reference),0.003562763680057146,True,0.044909899943511467,2216732
quora,16,selection,20,1448,20,glob_probe,best_in_menu_on_eval,0.0,True,,2216732
quora,17,recalibration,20,1397,20,ad_probe,ad_c(full_target_scalar_reference),0.004753909708377524,True,0.060337897269580276,2217732
quora,17,selection,20,1397,20,glob_probe,best_in_menu_on_eval,0.0,True,,2217732
quora,18,recalibration,20,1511,20,ad_probe,ad_c(full_target_scalar_reference),0.00907951551690167,False,0.13247113090225693,2218732
quora,18,selection,20,1511,20,glob_probe,best_in_menu_on_eval,0.0,True,,2218732
quora,19,recalibration,20,1520,20,ad_probe,ad_c(full_target_scalar_reference),0.001598196392785689,True,0.019550708483070944,2219732
quora,19,selection,20,1520,20,glob_probe,best_in_menu_on_eval,0.0,True,,2219732
quora,20,recalibration,20,1378,20,ad_probe,ad_c(full_target_scalar_reference),0.020642783993587543,False,0.24132182754779896,2220732
quora,20,selection,20,1378,20,glob_probe,best_in_menu_on_eval,0.0,True,,2220732
quora,21,recalibration,20,1522,20,ad_probe,ad_c(full_target_scalar_reference),0.004380012556895574,True,0.0630739772285609,2221732
quora,21,selection,20,1522,20,glob_probe,best_in_menu_on_eval,0.0,True,,2221732
quora,22,recalibration,20,1489,20,ad_probe,ad_c(full_target_scalar_reference),0.0013977955911824713,True,0.016430578740158408,2222732
quora,22,selection,20,1489,20,glob_probe,best_in_menu_on_eval,0.0,True,,2222732
quora,23,recalibration,20,1602,20,ad_probe,ad_c(full_target_scalar_reference),0.007207438028591806,False,0.10529766680309238,2223732
quora,23,selection,20,1602,20,glob_probe,best_in_menu_on_eval,0.0,True,,2223732
quora,24,recalibration,20,1400,20,ad_probe,ad_c(full_target_scalar_reference),0.002284569138276682,True,0.030612998463328767,2224732
quora,24,selection,20,1400,20,glob_probe,best_in_menu_on_eval,0.0,True,,2224732
quora,25,recalibration,20,1541,20,ad_probe,ad_c(full_target_scalar_reference),0.011734059624483484,False,0.17937821053924508,2225732
quora,25,selection,20,1541,20,glob_probe,best_in_menu_on_eval,0.0,True,,2225732
quora,26,recalibration,20,1426,20,ad_probe,ad_c(full_target_scalar_reference),0.0018152972611891194,True,0.02205526403478142,2226732
quora,26,selection,20,1426,20,glob_probe,best_in_menu_on_eval,0.0,True,,2226732
quora,27,recalibration,20,1462,20,ad_probe,ad_c(full_target_scalar_reference),0.0143855072082959,False,0.23327054143439707,2227732
quora,27,selection,20,1462,20,glob_probe,best_in_menu_on_eval,0.0,True,,2227732
quora,28,recalibration,20,1385,20,ad_probe,ad_c(full_target_scalar_reference),0.0008851035404141561,True,0.009265915343722342,2228732
quora,28,selection,20,1385,20,glob_probe,best_in_menu_on_eval,0.0,True,,2228732
quora,29,recalibration,20,1447,20,ad_probe,ad_c(full_target_scalar_reference),0.0017919171676687995,True,0.023484672372454996,2229732
quora,29,selection,20,1447,20,glob_probe,best_in_menu_on_eval,0.0,True,,2229732
quora,30,recalibration,20,1542,20,ad_probe,ad_c(full_target_scalar_reference),0.007770230279760648,False,0.11065326003503428,2230732
quora,30,selection,20,1542,20,glob_probe,best_in_menu_on_eval,0.0,True,,2230732
quora,31,recalibration,20,1423,20,ad_probe,ad_c(full_target_scalar_reference),0.006154968098993074,False,0.0931781468335876,2231732
quora,31,selection,20,1423,20,glob_probe,best_in_menu_on_eval,0.0,True,,2231732
quora,32,recalibration,20,1570,20,ad_probe,ad_c(full_target_scalar_reference),0.011734059624483706,False,0.17808354812531346,2232732
quora,32,selection,20,1570,20,glob_probe,best_in_menu_on_eval,0.0,True,,2232732
quora,33,recalibration,20,1507,20,ad_probe,ad_c(full_target_scalar_reference),0.016369817768824402,False,0.25806118846804915,2233732
quora,33,selection,20,1507,20,glob_probe,best_in_menu_on_eval,0.0,True,,2233732
quora,34,recalibration,20,1381,20,ad_probe,ad_c(full_target_scalar_reference),0.012520632770776086,False,0.19698622186313186,2234732
quora,34,selection,20,1381,20,glob_probe,best_in_menu_on_eval,0.0,True,,2234732
quora,35,recalibration,20,1460,20,ad_probe,ad_c(full_target_scalar_reference),0.009045538887197058,False,0.13055807997596347,2235732
quora,35,selection,20,1460,20,glob_probe,best_in_menu_on_eval,0.0,True,,2235732
quora,36,recalibration,20,1458,20,ad_probe,ad_c(full_target_scalar_reference),0.008304632417369229,False,0.12084621648771743,2236732
quora,36,selection,20,1458,20,glob_probe,best_in_menu_on_eval,0.0,True,,2236732
quora,37,recalibration,20,1448,20,ad_probe,ad_c(full_target_scalar_reference),0.018135890102053742,False,0.2190941882647851,2237732
quora,37,selection,20,1448,20,glob_probe,best_in_menu_on_eval,0.0,True,,2237732
quora,38,recalibration,20,1395,20,ad_probe,ad_c(full_target_scalar_reference),0.003271904183285712,True,0.038225063127140246,2238732
quora,38,selection,20,1395,20,glob_probe,best_in_menu_on_eval,0.0,True,,2238732
quora,39,recalibration,20,1377,20,ad_probe,ad_c(full_target_scalar_reference),0.0036392453081125486,True,0.05416729514772267,2239732
quora,39,selection,20,1377,20,glob_probe,best_in_menu_on_eval,0.0,True,,2239732
quora,40,recalibration,20,1442,20,ad_probe,ad_c(full_target_scalar_reference),0.00107715430861699,True,0.011465974945913948,2240732
quora,40,selection,20,1442,20,glob_probe,best_in_menu_on_eval,0.0,True,,2240732
quora,41,recalibration,20,1426,20,ad_probe,ad_c(full_target_scalar_reference),0.005670445977262406,False,0.07811958197467084,2241732
quora,41,selection,20,1426,20,glob_probe,best_in_menu_on_eval,0.0,True,,2241732
quora,42,recalibration,20,1506,20,ad_probe,ad_c(full_target_scalar_reference),0.0048579128018299,True,0.0698876710847749,2242732
quora,42,selection,20,1506,20,glob_probe,best_in_menu_on_eval,0.0,True,,2242732
quora,43,recalibration,20,1533,20,ad_probe,ad_c(full_target_scalar_reference),0.003401410664466198,True,0.0485460120297212,2243732
quora,43,selection,20,1533,20,glob_probe,best_in_menu_on_eval,0.0,True,,2243732
quora,44,recalibration,20,1496,20,ad_probe,ad_c(full_target_scalar_reference),0.0027688710754842916,True,0.03766412599250446,2244732
quora,44,selection,20,1496,20,glob_probe,best_in_menu_on_eval,0.0,True,,2244732
quora,45,recalibration,20,1550,20,ad_probe,ad_c(full_target_scalar_reference),0.01176523308251054,False,0.18236423315709305,2245732
quora,45,selection,20,1550,20,glob_probe,best_in_menu_on_eval,0.0,True,,2245732
quora,46,recalibration,20,1393,20,ad_probe,ad_c(full_target_scalar_reference),0.0008350033400132961,True,0.009123614231054789,2246732
quora,46,selection,20,1393,20,glob_probe,best_in_menu_on_eval,0.0,True,,2246732
quora,47,recalibration,20,1431,20,ad_probe,ad_c(full_target_scalar_reference),0.008732154127456204,False,0.1287489948905185,2247732
quora,47,selection,20,1431,20,glob_probe,best_in_menu_on_eval,0.0,True,,2247732
quora,48,recalibration,20,1415,20,ad_probe,ad_c(full_target_scalar_reference),0.007645343808394767,False,0.11346872105328543,2248732
quora,48,selection,20,1415,20,glob_probe,best_in_menu_on_eval,0.0,True,,2248732
quora,49,recalibration,20,1465,20,ad_probe,ad_c(full_target_scalar_reference),0.006551422801791218,False,0.09380110938452957,2249732
quora,49,selection,20,1465,20,glob_probe,best_in_menu_on_eval,0.0,True,,2249732
quora,0,recalibration,50,3455,50,ad_probe,ad_c(full_target_scalar_reference),0.003834472513396525,True,0.05709448130014294,2300363
quora,0,selection,50,3455,50,glob_probe,best_in_menu_on_eval,0.0,True,,2300363
quora,1,recalibration,50,3723,50,ad_probe,ad_c(full_target_scalar_reference),0.01250896968700288,False,0.18995863215797326,2301363
quora,1,selection,50,3723,50,glob_probe,best_in_menu_on_eval,0.0,True,,2301363
quora,2,recalibration,50,3547,50,ad_probe,ad_c(full_target_scalar_reference),0.006189386752966097,False,0.09070893833128846,2302363
quora,2,selection,50,3547,50,glob_probe,best_in_menu_on_eval,0.0,True,,2302363
quora,3,recalibration,50,3550,50,ad_probe,ad_c(full_target_scalar_reference),0.0005309882747069894,True,0.007382538299606889,2303363
quora,3,selection,50,3550,50,glob_probe,best_in_menu_on_eval,0.0,True,,2303363
quora,4,recalibration,50,3630,50,ad_probe,ad_c(full_target_scalar_reference),0.004537087325588551,True,0.05933198764336678,2304363
quora,4,selection,50,3630,50,glob_probe,best_in_menu_on_eval,0.0,True,,2304363
quora,5,recalibration,50,3663,50,ad_probe,ad_c(full_target_scalar_reference),0.0014020100502510902,True,0.017562180152901674,2305363
quora,5,selection,50,3663,50,glob_probe,best_in_menu_on_eval,0.0,True,,2305363
quora,6,recalibration,50,3729,50,ad_probe,ad_c(full_target_scalar_reference),0.011358788958800381,False,0.17149365206349043,2306363
quora,6,selection,50,3729,50,glob_probe,best_in_menu_on_eval,0.0,True,,2306363
quora,7,recalibration,50,3476,50,ad_probe,ad_c(full_target_scalar_reference),0.011966253367007518,False,0.15913869790979518,2307363
quora,7,selection,50,3476,50,glob_probe,best_in_menu_on_eval,0.0,True,,2307363
quora,8,recalibration,50,3708,50,ad_probe,ad_c(full_target_scalar_reference),0.006663369970631106,False,0.10254116608523034,2308363
quora,8,selection,50,3708,50,glob_probe,best_in_menu_on_eval,0.0,True,,2308363
quora,9,recalibration,50,3674,50,ad_probe,ad_c(full_target_scalar_reference),0.00016750418760480557,True,0.0033222011967700693,2309363
quora,9,selection,50,3674,50,glob_probe,best_in_menu_on_eval,0.0,True,,2309363
quora,10,recalibration,50,3668,50,ad_probe,ad_c(full_target_scalar_reference),0.005924346486436249,False,0.08762706146458121,2310363
quora,10,selection,50,3668,50,glob_probe,best_in_menu_on_eval,0.0,True,,2310363
quora,11,recalibration,50,3732,50,ad_probe,ad_c(full_target_scalar_reference),0.005579008686324771,False,0.08053425027484928,2311363
quora,11,selection,50,3732,50,glob_probe,best_in_menu_on_eval,0.0,True,,2311363
quora,12,recalibration,50,3584,50,ad_probe,ad_c(full_target_scalar_reference),0.006610162758098226,False,0.10011131598327982,2312363
quora,12,selection,50,3584,50,glob_probe,best_in_menu_on_eval,0.0,True,,2312363
quora,13,recalibration,50,3866,50,ad_probe,ad_c(full_target_scalar_reference),0.009442856482566597,False,0.1391162543315495,2313363
quora,13,selection,50,3866,50,glob_probe,best_in_menu_on_eval,0.0,True,,2313363
quora,14,recalibration,50,3448,50,ad_probe,ad_c(full_target_scalar_reference),0.00040536013400305215,True,0.006488933660938945,2314363
quora,14,selection,50,3448,50,glob_probe,best_in_menu_on_eval,0.0,True,,2314363
quora,15,recalibration,50,3657,50,ad_probe,ad_c(full_target_scalar_reference),0.002590501527244049,True,0.027628564378819775,2315363
quora,15,selection,50,3657,50,glob_probe,best_in_menu_on_eval,0.0,True,,2315363
quora,16,recalibration,50,3671,50,ad_probe,ad_c(full_target_scalar_reference),0.001150753768844548,True,0.016262390558286044,2316363
quora,16,selection,50,3671,50,glob_probe,best_in_menu_on_eval,0.0,True,,2316363
quora,17,recalibration,50,3757,50,ad_probe,ad_c(full_target_scalar_reference),0.007628546839110961,False,0.1083225917045918,2317363
quora,17,selection,50,3757,50,glob_probe,best_in_menu_on_eval,0.0,True,,2317363
quora,18,recalibration,50,3517,50,ad_probe,ad_c(full_target_scalar_reference),0.00434296736862505,True,0.06183024894668565,2318363
quora,18,selection,50,3517,50,glob_probe,best_in_menu_on_eval,0.0,True,,2318363
quora,19,recalibration,50,3736,50,ad_probe,ad_c(full_target_scalar_reference),0.003773673185290205,True,0.04779975599262232,2319363
quora,19,selection,50,3736,50,glob_probe,best_in_menu_on_eval,0.0,True,,2319363
quora,20,recalibration,50,3669,50,ad_probe,ad_c(full_target_scalar_reference),0.00037185929648253513,True,0.005334370194258642,2320363
quora,20,selection,50,3669,50,glob_probe,best_in_menu_on_eval,0.0,True,,2320363
quora,21,recalibration,50,3516,50,ad_probe,ad_c(full_target_scalar_reference),0.0056501979660565915,False,0.08491245039618855,2321363
quora,21,selection,50,3516,50,glob_probe,best_in_menu_on_eval,0.0,True,,2321363
quora,22,recalibration,50,3646,50,ad_probe,ad_c(full_target_scalar_reference),0.004805094025756018,True,0.060747112284619376,2322363
quora,22,selection,50,3646,50,glob_probe,best_in_menu_on_eval,0.0,True,,2322363
quora,23,recalibration,50,3679,50,ad_probe,ad_c(full_target_scalar_reference),0.006088884240403325,False,0.0874599974051593,2323363
quora,23,selection,50,3679,50,glob_probe,best_in_menu_on_eval,0.0,True,,2323363
quora,24,recalibration,50,3527,50,ad_probe,ad_c(full_target_scalar_reference),0.006173525791753676,False,0.09323738455352559,2324363
quora,24,selection,50,3527,50,glob_probe,best_in_menu_on_eval,0.0,True,,2324363
quora,25,recalibration,50,3717,50,ad_probe,ad_c(full_target_scalar_reference),0.0056851498823383695,False,0.08082334562469129,2325363
quora,25,selection,50,3717,50,glob_probe,best_in_menu_on_eval,0.0,True,,2325363
quora,26,recalibration,50,3809,50,ad_probe,ad_c(full_target_scalar_reference),0.006572552582111868,False,0.09402993779573598,2326363
quora,26,selection,50,3809,50,glob_probe,best_in_menu_on_eval,0.0,True,,2326363
quora,27,recalibration,50,3527,50,ad_probe,ad_c(full_target_scalar_reference),0.0032408119026505755,True,0.044301103860250435,2327363
quora,27,selection,50,3527,50,glob_probe,best_in_menu_on_eval,0.0,True,,2327363
quora,28,recalibration,50,3625,50,ad_probe,ad_c(full_target_scalar_reference),0.0027772194304857,True,0.038757170213939096,2328363
quora,28,selection,50,3625,50,glob_probe,best_in_menu_on_eval,0.0,True,,2328363
quora,29,recalibration,50,3554,50,ad_probe,ad_c(full_target_scalar_reference),0.005293832806927856,False,0.07656654396154072,2329363
quora,29,selection,50,3554,50,glob_probe,best_in_menu_on_eval,0.0,True,,2329363
quora,30,recalibration,50,3519,50,ad_probe,ad_c(full_target_scalar_reference),0.007128666484959245,False,0.1059952776217965,2330363
quora,30,selection,50,3519,50,glob_probe,best_in_menu_on_eval,0.0,True,,2330363
quora,31,recalibration,50,3802,50,ad_probe,ad_c(full_target_scalar_reference),0.005729762455168985,False,0.08356034537533286,2331363
quora,31,selection,50,3802,50,glob_probe,best_in_menu_on_eval,0.0,True,,2331363
quora,32,recalibration,50,3808,50,ad_probe,ad_c(full_target_scalar_reference),0.011258286446237609,False,0.17240908385895193,2332363
quora,32,selection,50,3808,50,glob_probe,best_in_menu_on_eval,0.0,True,,2332363
quora,33,recalibration,50,3532,50,ad_probe,ad_c(full_target_scalar_reference),0.002623115577889301,True,0.03615907467816948,2333363
quora,33,selection,50,3532,50,glob_probe,best_in_menu_on_eval,0.0,True,,2333363
quora,34,recalibration,50,3612,50,ad_probe,ad_c(full_target_scalar_reference),0.003834472513396525,True,0.05703283923008351,2334363
quora,34,selection,50,3612,50,glob_probe,best_in_menu_on_eval,0.0,True,,2334363
quora,35,recalibration,50,3543,50,ad_probe,ad_c(full_target_scalar_reference),0.0027580057148486326,True,0.03280228167421284,2335363
quora,35,selection,50,3543,50,glob_probe,best_in_menu_on_eval,0.0,True,,2335363
quora,36,recalibration,50,3644,50,ad_probe,ad_c(full_target_scalar_reference),0.0035497153944686888,True,0.054436519745404977,2336363
quora,36,selection,50,3644,50,glob_probe,best_in_menu_on_eval,0.0,True,,2336363
quora,37,recalibration,50,3721,50,ad_probe,ad_c(full_target_scalar_reference),0.008449437004222404,False,0.12610505231037494,2337363
quora,37,selection,50,3721,50,glob_probe,best_in_menu_on_eval,0.0,True,,2337363
quora,38,recalibration,50,3742,50,ad_probe,ad_c(full_target_scalar_reference),0.0058652168840136465,False,0.08436107445959007,2338363
quora,38,selection,50,3742,50,glob_probe,best_in_menu_on_eval,0.0,True,,2338363
quora,39,recalibration,50,3640,50,ad_probe,ad_c(full_target_scalar_reference),0.0028082569711300742,True,0.033061584374133646,2339363
quora,39,selection,50,3640,50,glob_probe,best_in_menu_on_eval,0.0,True,,2339363
quora,40,recalibration,50,3689,50,ad_probe,ad_c(full_target_scalar_reference),0.0035336092225836113,True,0.05259427677078876,2340363
quora,40,selection,50,3689,50,glob_probe,best_in_menu_on_eval,0.0,True,,2340363
quora,41,recalibration,50,3649,50,ad_probe,ad_c(full_target_scalar_reference),0.001670016750418779,True,0.019911846913867826,2341363
quora,41,selection,50,3649,50,glob_probe,best_in_menu_on_eval,0.0,True,,2341363
quora,42,recalibration,50,3628,50,ad_probe,ad_c(full_target_scalar_reference),0.006539642087518227,False,0.0965045596822901,2342363
quora,42,selection,50,3628,50,glob_probe,best_in_menu_on_eval,0.0,True,,2342363
quora,43,recalibration,50,3717,50,ad_probe,ad_c(full_target_scalar_reference),0.001897822445560915,True,0.023793299135215884,2343363
quora,43,selection,50,3717,50,glob_probe,best_in_menu_on_eval,0.0,True,,2343363
quora,44,recalibration,50,3721,50,ad_probe,ad_c(full_target_scalar_reference),0.004342967368624939,True,0.06269164174178699,2344363
quora,44,selection,50,3721,50,glob_probe,best_in_menu_on_eval,0.0,True,,2344363
quora,45,recalibration,50,3707,50,ad_probe,ad_c(full_target_scalar_reference),1.6750418760369534e-05,True,0.0018444505582265736,2345363
quora,45,selection,50,3707,50,glob_probe,best_in_menu_on_eval,0.0,True,,2345363
quora,46,recalibration,50,3696,50,ad_probe,ad_c(full_target_scalar_reference),0.002266331658291376,True,0.02889459071118694,2346363
quora,46,selection,50,3696,50,glob_probe,best_in_menu_on_eval,0.0,True,,2346363
quora,47,recalibration,50,3623,50,ad_probe,ad_c(full_target_scalar_reference),0.005634898626057039,False,0.08037522096930494,2347363
quora,47,selection,50,3623,50,glob_probe,best_in_menu_on_eval,0.0,True,,2347363
quora,48,recalibration,50,3530,50,ad_probe,ad_c(full_target_scalar_reference),0.009900542607697238,False,0.14017276522439082,2348363
quora,48,selection,50,3530,50,glob_probe,best_in_menu_on_eval,0.0,True,,2348363
quora,49,recalibration,50,3629,50,ad_probe,ad_c(full_target_scalar_reference),0.006827158947271039,False,0.0981189335109981,2349363
quora,49,selection,50,3629,50,glob_probe,best_in_menu_on_eval,0.0,True,,2349363
quora,0,recalibration,100,7357,100,ad_probe,ad_c(full_target_scalar_reference),0.002791245791245789,True,0.03860159647714967,2400155
quora,0,selection,100,7357,100,glob_probe,best_in_menu_on_eval,0.0,True,,2400155
quora,1,recalibration,100,7279,100,ad_probe,ad_c(full_target_scalar_reference),0.004148451330804437,True,0.059850919499569555,2401155
quora,1,selection,100,7279,100,glob_probe,best_in_menu_on_eval,0.0,True,,2401155
quora,2,recalibration,100,7169,100,ad_probe,ad_c(full_target_scalar_reference),0.004218010566049757,True,0.0530726558039476,2402155
quora,2,selection,100,7169,100,glob_probe,best_in_menu_on_eval,0.0,True,,2402155
quora,3,recalibration,100,7166,100,ad_probe,ad_c(full_target_scalar_reference),0.0017794612794612696,True,0.020582315850913857,2403155
quora,3,selection,100,7166,100,glob_probe,best_in_menu_on_eval,0.0,True,,2403155
quora,4,recalibration,100,7256,100,ad_probe,ad_c(full_target_scalar_reference),0.0012323232323233624,True,0.015478835645240996,2404155
quora,4,selection,100,7256,100,glob_probe,best_in_menu_on_eval,0.0,True,,2404155
quora,5,recalibration,100,7193,100,ad_probe,ad_c(full_target_scalar_reference),0.004655305587658587,True,0.06558743571405556,2405155
quora,5,selection,100,7193,100,glob_probe,best_in_menu_on_eval,0.0,True,,2405155
quora,6,recalibration,100,7432,100,ad_probe,ad_c(full_target_scalar_reference),0.008519046955422271,False,0.12288087933512337,2406155
quora,6,selection,100,7432,100,glob_probe,best_in_menu_on_eval,0.0,True,,2406155
quora,7,recalibration,100,7519,100,ad_probe,ad_c(full_target_scalar_reference),0.0035299069122598503,True,0.050758982558435806,2407155
quora,7,selection,100,7519,100,glob_probe,best_in_menu_on_eval,0.0,True,,2407155
quora,8,recalibration,100,7271,100,ad_probe,ad_c(full_target_scalar_reference),0.0004999999999999449,True,0.006245738332057438,2408155
quora,8,selection,100,7271,100,glob_probe,best_in_menu_on_eval,0.0,True,,2408155
quora,9,recalibration,100,7316,100,ad_probe,ad_c(full_target_scalar_reference),0.005267072615111834,False,0.06772522261613478,2409155
quora,9,selection,100,7316,100,glob_probe,best_in_menu_on_eval,0.0,True,,2409155
quora,10,recalibration,100,7181,100,ad_probe,ad_c(full_target_scalar_reference),0.0033783917607446146,True,0.04506146269140354,2410155
quora,10,selection,100,7181,100,glob_probe,best_in_menu_on_eval,0.0,True,,2410155
quora,11,recalibration,100,7315,100,ad_probe,ad_c(full_target_scalar_reference),0.0022626757773815953,True,0.024780774613802015,2411155
quora,11,selection,100,7315,100,glob_probe,best_in_menu_on_eval,0.0,True,,2411155
quora,12,recalibration,100,7221,100,ad_probe,ad_c(full_target_scalar_reference),0.003428896811249693,True,0.04711867488492738,2412155
quora,12,selection,100,7221,100,glob_probe,best_in_menu_on_eval,0.0,True,,2412155
quora,13,recalibration,100,7270,100,ad_probe,ad_c(full_target_scalar_reference),0.00016835016835015093,True,0.002691000370087404,2413155
quora,13,selection,100,7270,100,glob_probe,best_in_menu_on_eval,0.0,True,,2413155
quora,14,recalibration,100,7223,100,ad_probe,ad_c(full_target_scalar_reference),0.0036041799522191775,True,0.0446864236020138,2414155
quora,14,selection,100,7223,100,glob_probe,best_in_menu_on_eval,0.0,True,,2414155
quora,15,recalibration,100,7368,100,ad_probe,ad_c(full_target_scalar_reference),0.000239057239057483,True,0.0027072588200105496,2415155
quora,15,selection,100,7368,100,glob_probe,best_in_menu_on_eval,0.0,True,,2415155
quora,16,recalibration,100,7406,100,ad_probe,ad_c(full_target_scalar_reference),0.012363468615633422,False,0.19077163322572688,2416155
quora,16,selection,100,7406,100,glob_probe,best_in_menu_on_eval,0.0,True,,2416155
quora,17,recalibration,100,7252,100,ad_probe,ad_c(full_target_scalar_reference),0.005836422310442013,False,0.0867742695805136,2417155
quora,17,selection,100,7252,100,glob_probe,best_in_menu_on_eval,0.0,True,,2417155
quora,18,recalibration,100,7415,100,ad_probe,ad_c(full_target_scalar_reference),0.0014393939393937405,True,0.017145351195394842,2418155
quora,18,selection,100,7415,100,glob_probe,best_in_menu_on_eval,0.0,True,,2418155
quora,19,recalibration,100,7103,100,ad_probe,ad_c(full_target_scalar_reference),0.002654089918795899,True,0.028657834050019093,2419155
quora,19,selection,100,7103,100,glob_probe,best_in_menu_on_eval,0.0,True,,2419155
quora,20,recalibration,100,7237,100,ad_probe,ad_c(full_target_scalar_reference),0.004560001908041067,True,0.05887284034889362,2420155
quora,20,selection,100,7237,100,glob_probe,best_in_menu_on_eval,0.0,True,,2420155
quora,21,recalibration,100,7345,100,ad_probe,ad_c(full_target_scalar_reference),0.007139417325792485,False,0.10456765386007238,2421155
quora,21,selection,100,7345,100,glob_probe,best_in_menu_on_eval,0.0,True,,2421155
quora,22,recalibration,100,7431,100,ad_probe,ad_c(full_target_scalar_reference),0.0036917220397612027,True,0.046891390254953924,2422155
quora,22,selection,100,7431,100,glob_probe,best_in_menu_on_eval,0.0,True,,2422155
quora,23,recalibration,100,7391,100,ad_probe,ad_c(full_target_scalar_reference),0.00712258230895757,False,0.10230761581267023,2423155
quora,23,selection,100,7391,100,glob_probe,best_in_menu_on_eval,0.0,True,,2423155
quora,24,recalibration,100,7424,100,ad_probe,ad_c(full_target_scalar_reference),0.001207070707070823,True,0.016649357314559965,2424155
quora,24,selection,100,7424,100,glob_probe,best_in_menu_on_eval,0.0,True,,2424155
quora,25,recalibration,100,7270,100,ad_probe,ad_c(full_target_scalar_reference),0.0019074074074074687,True,0.023998406773786063,2425155
quora,25,selection,100,7270,100,glob_probe,best_in_menu_on_eval,0.0,True,,2425155
quora,26,recalibration,100,7554,100,ad_probe,ad_c(full_target_scalar_reference),0.0030599340746400028,True,0.035197308482269096,2426155
quora,26,selection,100,7554,100,glob_probe,best_in_menu_on_eval,0.0,True,,2426155
quora,27,recalibration,100,7167,100,ad_probe,ad_c(full_target_scalar_reference),0.0034086947910476617,True,0.04822252759462342,2427155
quora,27,selection,100,7167,100,glob_probe,best_in_menu_on_eval,0.0,True,,2427155
quora,28,recalibration,100,7252,100,ad_probe,ad_c(full_target_scalar_reference),0.0036125974606364686,True,0.04564879564546265,2428155
quora,28,selection,100,7252,100,glob_probe,best_in_menu_on_eval,0.0,True,,2428155
quora,29,recalibration,100,7130,100,ad_probe,ad_c(full_target_scalar_reference),0.00040740740740730086,True,0.006863252122551233,2429155
quora,29,selection,100,7130,100,glob_probe,best_in_menu_on_eval,0.0,True,,2429155
quora,30,recalibration,100,7573,100,ad_probe,ad_c(full_target_scalar_reference),0.0036041799522190665,True,0.043957297524221284,2430155
quora,30,selection,100,7573,100,glob_probe,best_in_menu_on_eval,0.0,True,,2430155
quora,31,recalibration,100,7201,100,ad_probe,ad_c(full_target_scalar_reference),0.005539845430531654,False,0.07995551938117129,2431155
quora,31,selection,100,7201,100,glob_probe,best_in_menu_on_eval,0.0,True,,2431155
quora,32,recalibration,100,7286,100,ad_probe,ad_c(full_target_scalar_reference),0.0014090909090910264,True,0.01622156203323155,2432155
quora,32,selection,100,7286,100,glob_probe,best_in_menu_on_eval,0.0,True,,2432155
quora,33,recalibration,100,7192,100,ad_probe,ad_c(full_target_scalar_reference),0.0003737373737373595,True,0.0048873172459561465,2433155
quora,33,selection,100,7192,100,glob_probe,best_in_menu_on_eval,0.0,True,,2433155
quora,34,recalibration,100,7469,100,ad_probe,ad_c(full_target_scalar_reference),0.009448460134835357,False,0.1391430296412045,2434155
quora,34,selection,100,7469,100,glob_probe,best_in_menu_on_eval,0.0,True,,2434155
quora,35,recalibration,100,7277,100,ad_probe,ad_c(full_target_scalar_reference),0.000676767676767609,True,0.009440504964039476,2435155
quora,35,selection,100,7277,100,glob_probe,best_in_menu_on_eval,0.0,True,,2435155
quora,36,recalibration,100,7504,100,ad_probe,ad_c(full_target_scalar_reference),0.008516521702896962,False,0.1279236969087193,2436155
quora,36,selection,100,7504,100,glob_probe,best_in_menu_on_eval,0.0,True,,2436155
quora,37,recalibration,100,7450,100,ad_probe,ad_c(full_target_scalar_reference),0.00030303030303024947,True,0.00419318593925444,2437155
quora,37,selection,100,7450,100,glob_probe,best_in_menu_on_eval,0.0,True,,2437155
quora,38,recalibration,100,7427,100,ad_probe,ad_c(full_target_scalar_reference),0.0009797979797980805,True,0.013058262767443707,2438155
quora,38,selection,100,7427,100,glob_probe,best_in_menu_on_eval,0.0,True,,2438155
quora,39,recalibration,100,7251,100,ad_probe,ad_c(full_target_scalar_reference),0.005115557463596709,False,0.06465432589742193,2439155
quora,39,selection,100,7251,100,glob_probe,best_in_menu_on_eval,0.0,True,,2439155
quora,40,recalibration,100,7376,100,ad_probe,ad_c(full_target_scalar_reference),0.0016818181818180067,True,0.018937967546127865,2440155
quora,40,selection,100,7376,100,glob_probe,best_in_menu_on_eval,0.0,True,,2440155
quora,41,recalibration,100,7184,100,ad_probe,ad_c(full_target_scalar_reference),0.0022272727272726334,True,0.02948318766371749,2441155
quora,41,selection,100,7184,100,glob_probe,best_in_menu_on_eval,0.0,True,,2441155
quora,42,recalibration,100,7291,100,ad_probe,ad_c(full_target_scalar_reference),0.008075811233109076,False,0.11733452361760244,2442155
quora,42,selection,100,7291,100,glob_probe,best_in_menu_on_eval,0.0,True,,2442155
quora,43,recalibration,100,7200,100,ad_probe,ad_c(full_target_scalar_reference),0.0026338878985938674,True,0.029294701062881567,2443155
quora,43,selection,100,7200,100,glob_probe,best_in_menu_on_eval,0.0,True,,2443155
quora,44,recalibration,100,7401,100,ad_probe,ad_c(full_target_scalar_reference),0.0009848484848484773,True,0.00988294575630333,2444155
quora,44,selection,100,7401,100,glob_probe,best_in_menu_on_eval,0.0,True,,2444155
quora,45,recalibration,100,7434,100,ad_probe,ad_c(full_target_scalar_reference),0.0016616161616161973,True,0.01848689477351184,2445155
quora,45,selection,100,7434,100,glob_probe,best_in_menu_on_eval,0.0,True,,2445155
quora,46,recalibration,100,7486,100,ad_probe,ad_c(full_target_scalar_reference),0.005389668436337813,False,0.07258043882278076,2446155
quora,46,selection,100,7486,100,glob_probe,best_in_menu_on_eval,0.0,True,,2446155
quora,47,recalibration,100,7330,100,ad_probe,ad_c(full_target_scalar_reference),0.009524217710592864,False,0.13875336643007452,2447155
quora,47,selection,100,7330,100,glob_probe,best_in_menu_on_eval,0.0,True,,2447155
quora,48,recalibration,100,7112,100,ad_probe,ad_c(full_target_scalar_reference),1.6835016835026195e-05,True,0.0018344921893557187,2448155
quora,48,selection,100,7112,100,glob_probe,best_in_menu_on_eval,0.0,True,,2448155
quora,49,recalibration,100,7416,100,ad_probe,ad_c(full_target_scalar_reference),0.0027214299861357816,True,0.03111237022920521,2449155
quora,49,selection,100,7416,100,glob_probe,best_in_menu_on_eval,0.0,True,,2449155
nq,0,recalibration,5,426,5,ad_probe,ad_c(full_target_scalar_reference),0.031863456145440505,False,0.17254867576257976,2000386
nq,0,selection,5,426,5,glob_probe,best_in_menu_on_eval,0.0,True,,2000386
nq,1,recalibration,5,418,5,ad_probe,ad_c(full_target_scalar_reference),0.01525481094671699,False,0.05426641575647856,2001386
nq,1,selection,5,418,5,glob_probe,best_in_menu_on_eval,0.0,True,,2001386
nq,2,recalibration,5,362,5,ad_probe,ad_c(full_target_scalar_reference),0.011048254520839462,False,0.0341870076738815,2002386
nq,2,selection,5,362,5,glob_probe,best_in_menu_on_eval,0.0,True,,2002386
nq,3,recalibration,5,379,5,ad_probe,ad_c(full_target_scalar_reference),0.013876801083067436,False,0.06841583458863504,2003386
nq,3,selection,5,379,5,glob_probe,best_in_menu_on_eval,0.0,True,,2003386
nq,4,recalibration,5,386,5,ad_probe,ad_c(full_target_scalar_reference),0.059810463204719166,False,0.3462966076594653,2004386
nq,4,selection,5,386,5,glob_probe,best_in_menu_on_eval,0.0,True,,2004386
nq,5,recalibration,5,431,5,ad_probe,ad_c(full_target_scalar_reference),0.06923895174547912,False,0.40354999393042595,2005386
nq,5,selection,5,431,5,glob_probe,best_in_menu_on_eval,0.0,True,,2005386
nq,6,recalibration,5,404,5,ad_probe,ad_c(full_target_scalar_reference),0.02828546562228018,False,0.14709282467493395,2006386
nq,6,selection,5,404,5,glob_probe,best_in_menu_on_eval,0.0,True,,2006386
nq,7,recalibration,5,396,5,ad_probe,ad_c(full_target_scalar_reference),0.028043709505850445,False,0.1427361089398082,2007386
nq,7,selection,5,396,5,glob_probe,best_in_menu_on_eval,0.0,True,,2007386
nq,8,recalibration,5,386,5,ad_probe,ad_c(full_target_scalar_reference),0.03519969055217109,False,0.19277393119240022,2008386
nq,8,selection,5,386,5,glob_probe,best_in_menu_on_eval,0.0,True,,2008386
nq,9,recalibration,5,314,5,ad_probe,ad_c(full_target_scalar_reference),0.026617348418915054,False,0.08720606259020669,2009386
nq,9,selection,5,314,5,glob_probe,best_in_menu_on_eval,0.0,True,,2009386
nq,10,recalibration,5,375,5,ad_probe,ad_c(full_target_scalar_reference),0.04559520355864999,False,0.24842716690559757,2010386
nq,10,selection,5,375,5,glob_probe,best_in_menu_on_eval,0.0,True,,2010386
nq,11,recalibration,5,378,5,ad_probe,ad_c(full_target_scalar_reference),0.02158882119717631,False,0.07566224958546636,2011386
nq,11,selection,5,378,5,glob_probe,best_in_menu_on_eval,0.0,True,,2011386
nq,12,recalibration,5,402,5,ad_probe,ad_c(full_target_scalar_reference),0.01960642104245236,False,0.06880985597616673,2012386
nq,12,selection,5,402,5,glob_probe,best_in_menu_on_eval,0.0,True,,2012386
nq,13,recalibration,5,409,5,ad_probe,ad_c(full_target_scalar_reference),0.012063630209844245,False,0.03715651869359948,2013386
nq,13,selection,5,409,5,glob_probe,best_in_menu_on_eval,0.0,True,,2013386
nq,14,recalibration,5,340,5,ad_probe,ad_c(full_target_scalar_reference),0.03788318344454106,False,0.11842965359279028,2014386
nq,14,selection,5,340,5,glob_probe,best_in_menu_on_eval,0.0,True,,2014386
nq,15,recalibration,5,434,5,ad_probe,ad_c(full_target_scalar_reference),0.0405183251136253,False,0.22074944878712904,2015386
nq,15,selection,5,434,5,glob_probe,best_in_menu_on_eval,0.0,True,,2015386
nq,16,recalibration,5,341,5,ad_probe,ad_c(full_target_scalar_reference),0.036287593076104796,False,0.11257155786756179,2016386
nq,16,selection,5,341,5,glob_probe,best_in_menu_on_eval,0.0,True,,2016386
nq,17,recalibration,5,388,5,ad_probe,ad_c(full_target_scalar_reference),0.013369113238565045,False,0.04214857443952885,2017386
nq,17,selection,5,388,5,glob_probe,best_in_menu_on_eval,0.0,True,,2017386
nq,18,recalibration,5,392,5,ad_probe,ad_c(full_target_scalar_reference),0.020065757663669026,False,0.09812157893238432,2018386
nq,18,selection,5,392,5,glob_probe,best_in_menu_on_eval,0.0,True,,2018386
nq,19,recalibration,5,402,5,ad_probe,ad_c(full_target_scalar_reference),0.009863649550333475,False,0.04874507104320719,2019386
nq,19,selection,5,402,5,glob_probe,best_in_menu_on_eval,0.0,True,,2019386
nq,20,recalibration,5,384,5,ad_probe,ad_c(full_target_scalar_reference),0.014747123102214599,False,0.07393298029644751,2020386
nq,20,selection,5,384,5,glob_probe,best_in_menu_on_eval,0.0,True,,2020386
nq,21,recalibration,5,410,5,ad_probe,ad_c(full_target_scalar_reference),0.03863262740547346,False,0.20801996890209867,2021386
nq,21,selection,5,410,5,glob_probe,best_in_menu_on_eval,0.0,True,,2021386
nq,22,recalibration,5,406,5,ad_probe,ad_c(full_target_scalar_reference),0.012788898559133566,False,0.03942007499660888,2022386
nq,22,selection,5,406,5,glob_probe,best_in_menu_on_eval,0.0,True,,2022386
nq,23,recalibration,5,322,5,ad_probe,ad_c(full_target_scalar_reference),0.027342616768204153,False,0.08893078220550249,2023386
nq,23,selection,5,322,5,glob_probe,best_in_menu_on_eval,0.0,True,,2023386
nq,24,recalibration,5,453,5,ad_probe,ad_c(full_target_scalar_reference),0.016052606130935176,False,0.07852410066538779,2024386
nq,24,selection,5,453,5,glob_probe,best_in_menu_on_eval,0.0,True,,2024386
nq,25,recalibration,5,390,5,ad_probe,ad_c(full_target_scalar_reference),0.021177835799245814,False,0.10914057079677247,2025386
nq,25,selection,5,390,5,glob_probe,best_in_menu_on_eval,0.0,True,,2025386
nq,26,recalibration,5,341,5,ad_probe,ad_c(full_target_scalar_reference),0.036287593076104796,False,0.11369278931977245,2026386
nq,26,selection,5,341,5,glob_probe,best_in_menu_on_eval,0.0,True,,2026386
nq,27,recalibration,5,361,5,ad_probe,ad_c(full_target_scalar_reference),0.02787448022434963,False,0.09072504170716078,2027386
nq,27,selection,5,361,5,glob_probe,best_in_menu_on_eval,0.0,True,,2027386
nq,28,recalibration,5,407,5,ad_probe,ad_c(full_target_scalar_reference),0.019316313702736787,False,0.06752211928665097,2028386
nq,28,selection,5,407,5,glob_probe,best_in_menu_on_eval,0.0,True,,2028386
nq,29,recalibration,5,344,5,ad_probe,ad_c(full_target_scalar_reference),0.037448022434967476,False,0.1169248689708981,2029386
nq,29,selection,5,344,5,glob_probe,best_in_menu_on_eval,0.0,True,,2029386
nq,30,recalibration,5,423,5,ad_probe,ad_c(full_target_scalar_reference),0.03921284208490472,False,0.21367544760566143,2030386
nq,30,selection,5,423,5,glob_probe,best_in_menu_on_eval,0.0,True,,2030386
nq,31,recalibration,5,431,5,ad_probe,ad_c(full_target_scalar_reference),0.02734261676820432,False,0.08874327116954639,2031386
nq,31,selection,5,431,5,glob_probe,best_in_menu_on_eval,0.0,True,,2031386
nq,32,recalibration,5,386,5,ad_probe,ad_c(full_target_scalar_reference),0.017140508654869047,False,0.06054232855870312,2032386
nq,32,selection,5,386,5,glob_probe,best_in_menu_on_eval,0.0,True,,2032386
nq,33,recalibration,5,376,5,ad_probe,ad_c(full_target_scalar_reference),0.01307900589884936,False,0.04394689202850549,2033386
nq,33,selection,5,376,5,glob_probe,best_in_menu_on_eval,0.0,True,,2033386
nq,34,recalibration,5,410,5,ad_probe,ad_c(full_target_scalar_reference),0.00892080069625767,False,0.027436830668266077,2034386
nq,34,selection,5,410,5,glob_probe,best_in_menu_on_eval,0.0,True,,2034386
nq,35,recalibration,5,382,5,ad_probe,ad_c(full_target_scalar_reference),0.008848273861328804,False,0.04158757059822099,2035386
nq,35,selection,5,382,5,glob_probe,best_in_menu_on_eval,0.0,True,,2035386
nq,36,recalibration,5,416,5,ad_probe,ad_c(full_target_scalar_reference),0.0038197466395900603,True,0.02275813573081137,2036386
nq,36,selection,5,416,5,glob_probe,best_in_menu_on_eval,0.0,True,,2036386
nq,37,recalibration,5,482,5,ad_probe,ad_c(full_target_scalar_reference),0.00855816652161312,False,0.024015750805383596,2037386
nq,37,selection,5,482,5,glob_probe,best_in_menu_on_eval,0.0,True,,2037386
nq,38,recalibration,5,423,5,ad_probe,ad_c(full_target_scalar_reference),0.009573542210617902,False,0.04790537105688436,2038386
nq,38,selection,5,423,5,glob_probe,best_in_menu_on_eval,0.0,True,,2038386
nq,39,recalibration,5,400,5,ad_probe,ad_c(full_target_scalar_reference),0.03773812977468316,False,0.1170985913594868,2039386
nq,39,selection,5,400,5,glob_probe,best_in_menu_on_eval,0.0,True,,2039386
nq,40,recalibration,5,417,5,ad_probe,ad_c(full_target_scalar_reference),0.03418431486316598,False,0.18863214513592758,2040386
nq,40,selection,5,417,5,glob_probe,best_in_menu_on_eval,0.0,True,,2040386
nq,41,recalibration,5,399,5,ad_probe,ad_c(full_target_scalar_reference),0.02872062663185382,False,0.15011614799919776,2041386
nq,41,selection,5,399,5,glob_probe,best_in_menu_on_eval,0.0,True,,2041386
nq,42,recalibration,5,371,5,ad_probe,ad_c(full_target_scalar_reference),0.03005028527221737,False,0.09687998594514657,2042386
nq,42,selection,5,371,5,glob_probe,best_in_menu_on_eval,0.0,True,,2042386
nq,43,recalibration,5,397,5,ad_probe,ad_c(full_target_scalar_reference),0.011555942365341854,False,0.05664974630783903,2043386
nq,43,selection,5,397,5,glob_probe,best_in_menu_on_eval,0.0,True,,2043386
nq,44,recalibration,5,387,5,ad_probe,ad_c(full_target_scalar_reference),0.009283434870902108,False,0.045600330143958145,2044386
nq,44,selection,5,387,5,glob_probe,best_in_menu_on_eval,0.0,True,,2044386
nq,45,recalibration,5,423,5,ad_probe,ad_c(full_target_scalar_reference),0.0255052702833381,False,0.08302548761836265,2045386
nq,45,selection,5,423,5,glob_probe,best_in_menu_on_eval,0.0,True,,2045386
nq,46,recalibration,5,393,5,ad_probe,ad_c(full_target_scalar_reference),0.007397737162750273,False,0.03583804629411369,2046386
nq,46,selection,5,393,5,glob_probe,best_in_menu_on_eval,0.0,True,,2046386
nq,47,recalibration,5,397,5,ad_probe,ad_c(full_target_scalar_reference),0.010975727685910486,False,0.05507779060823409,2047386
nq,47,selection,5,397,5,glob_probe,best_in_menu_on_eval,0.0,True,,2047386
nq,48,recalibration,5,388,5,ad_probe,ad_c(full_target_scalar_reference),0.007736195725751793,False,0.020907623814390153,2048386
nq,48,selection,5,388,5,glob_probe,best_in_menu_on_eval,0.0,True,,2048386
nq,49,recalibration,5,389,5,ad_probe,ad_c(full_target_scalar_reference),0.06551590755246117,False,0.37829021586279793,2049386
nq,49,selection,5,389,5,glob_probe,best_in_menu_on_eval,0.0,True,,2049386
nq,0,recalibration,10,694,10,ad_probe,ad_c(full_target_scalar_reference),0.006440054232035641,False,0.0188462735927174,852
nq,0,selection,10,694,10,glob_probe,best_in_menu_on_eval,0.0,True,,852
nq,1,recalibration,10,710,10,ad_probe,ad_c(full_target_scalar_reference),0.0109674607786171,False,0.03314211476753165,1852
nq,1,selection,10,710,10,glob_probe,best_in_menu_on_eval,0.0,True,,1852
nq,2,recalibration,10,747,10,ad_probe,ad_c(full_target_scalar_reference),0.006440054232035641,False,0.01853627398215435,2852
nq,2,selection,10,747,10,glob_probe,best_in_menu_on_eval,0.0,True,,2852
nq,3,recalibration,10,735,10,ad_probe,ad_c(full_target_scalar_reference),0.025784427658338105,False,0.08433738019388431,3852
nq,3,selection,10,735,10,glob_probe,best_in_menu_on_eval,0.0,True,,3852
nq,4,recalibration,10,763,10,ad_probe,ad_c(full_target_scalar_reference),0.021620182064691074,False,0.07422008303977085,4852
nq,4,selection,10,763,10,glob_probe,best_in_menu_on_eval,0.0,True,,4852
nq,5,recalibration,10,801,10,ad_probe,ad_c(full_target_scalar_reference),0.011717993414681382,False,0.059446529438105966,5852
nq,5,selection,10,801,10,glob_probe,best_in_menu_on_eval,0.0,True,,5852
nq,6,recalibration,10,739,10,ad_probe,ad_c(full_target_scalar_reference),0.038809800503583125,False,0.12881007482074897,6852
nq,6,selection,10,739,10,glob_probe,best_in_menu_on_eval,0.0,True,,6852
nq,7,recalibration,10,683,10,ad_probe,ad_c(full_target_scalar_reference),0.01338853379817928,False,0.043037549982319845,7852
nq,7,selection,10,683,10,glob_probe,best_in_menu_on_eval,0.0,True,,7852
nq,8,recalibration,10,790,10,ad_probe,ad_c(full_target_scalar_reference),0.03604977726128211,False,0.1114128966582632,8852
nq,8,selection,10,790,10,glob_probe,best_in_menu_on_eval,0.0,True,,8852
nq,9,recalibration,10,797,10,ad_probe,ad_c(full_target_scalar_reference),0.007408483439860447,False,0.03598946393687513,9852
nq,9,selection,10,797,10,glob_probe,best_in_menu_on_eval,0.0,True,,9852
nq,10,recalibration,10,817,10,ad_probe,ad_c(full_target_scalar_reference),0.03285396087545994,False,0.10494911333560658,10852
nq,10,selection,10,817,10,glob_probe,best_in_menu_on_eval,0.0,True,,10852
nq,11,recalibration,10,828,10,ad_probe,ad_c(full_target_scalar_reference),0.01738330428045709,False,0.0824566027186368,11852
nq,11,selection,10,828,10,glob_probe,best_in_menu_on_eval,0.0,True,,11852
nq,12,recalibration,10,739,10,ad_probe,ad_c(full_target_scalar_reference),0.002130544257214706,True,0.015397525708447157,12852
nq,12,selection,10,739,10,glob_probe,best_in_menu_on_eval,0.0,True,,12852
nq,13,recalibration,10,726,10,ad_probe,ad_c(full_target_scalar_reference),0.015422235134611717,False,0.055386302523627695,13852
nq,13,selection,10,726,10,glob_probe,best_in_menu_on_eval,0.0,True,,13852
nq,14,recalibration,10,778,10,ad_probe,ad_c(full_target_scalar_reference),0.029803408870811454,False,0.09581609663972451,14852
nq,14,selection,10,778,10,glob_probe,best_in_menu_on_eval,0.0,True,,14852
nq,15,recalibration,10,802,10,ad_probe,ad_c(full_target_scalar_reference),0.00697269029633929,False,0.03410112489334377,15852
nq,15,selection,10,802,10,glob_probe,best_in_menu_on_eval,0.0,True,,15852
nq,16,recalibration,10,821,10,ad_probe,ad_c(full_target_scalar_reference),0.03350765059074179,False,0.18595474977717613,16852
nq,16,selection,10,821,10,glob_probe,best_in_menu_on_eval,0.0,True,,16852
nq,17,recalibration,10,746,10,ad_probe,ad_c(full_target_scalar_reference),0.030892891729614624,False,0.16528849102145243,17852
nq,17,selection,10,746,10,glob_probe,best_in_menu_on_eval,0.0,True,,17852
nq,18,recalibration,10,737,10,ad_probe,ad_c(full_target_scalar_reference),0.01905384466395499,False,0.06493257623016513,18852
nq,18,selection,10,737,10,glob_probe,best_in_menu_on_eval,0.0,True,,18852
nq,19,recalibration,10,822,10,ad_probe,ad_c(full_target_scalar_reference),0.023823358512492843,False,0.12329677043890014,19852
nq,19,selection,10,822,10,glob_probe,best_in_menu_on_eval,0.0,True,,19852
nq,20,recalibration,10,859,10,ad_probe,ad_c(full_target_scalar_reference),0.05800890954871185,False,0.34020996725539726,20852
nq,20,selection,10,859,10,glob_probe,best_in_menu_on_eval,0.0,True,,20852
nq,21,recalibration,10,745,10,ad_probe,ad_c(full_target_scalar_reference),0.014695913228742974,False,0.054118344512665895,21852
nq,21,selection,10,745,10,glob_probe,best_in_menu_on_eval,0.0,True,,21852
nq,22,recalibration,10,785,10,ad_probe,ad_c(full_target_scalar_reference),0.02009490606236697,False,0.09665024984732334,22852
nq,22,selection,10,785,10,glob_probe,best_in_menu_on_eval,0.0,True,,22852
nq,23,recalibration,10,821,10,ad_probe,ad_c(full_target_scalar_reference),0.026873910517141275,False,0.1358482025504743,23852
nq,23,selection,10,821,10,glob_probe,best_in_menu_on_eval,0.0,True,,23852
nq,24,recalibration,10,814,10,ad_probe,ad_c(full_target_scalar_reference),0.002566337400736085,True,0.01725598058828065,24852
nq,24,selection,10,814,10,glob_probe,best_in_menu_on_eval,0.0,True,,24852
nq,25,recalibration,10,805,10,ad_probe,ad_c(full_target_scalar_reference),0.029512880108464035,False,0.09476436018738704,25852
nq,25,selection,10,805,10,glob_probe,best_in_menu_on_eval,0.0,True,,25852
nq,26,recalibration,10,805,10,ad_probe,ad_c(full_target_scalar_reference),0.011717993414681493,False,0.057706676962640424,26852
nq,26,selection,10,805,10,glob_probe,best_in_menu_on_eval,0.0,True,,26852
nq,27,recalibration,10,772,10,ad_probe,ad_c(full_target_scalar_reference),0.025542320356382098,False,0.08329885077059712,27852
nq,27,selection,10,772,10,glob_probe,best_in_menu_on_eval,0.0,True,,27852
nq,28,recalibration,10,763,10,ad_probe,ad_c(full_target_scalar_reference),0.001985279876041024,True,0.01435927919351615,28852
nq,28,selection,10,763,10,glob_probe,best_in_menu_on_eval,0.0,True,,28852
nq,29,recalibration,10,814,10,ad_probe,ad_c(full_target_scalar_reference),0.01038640325392226,False,0.029841420880427794,29852
nq,29,selection,10,814,10,glob_probe,best_in_menu_on_eval,0.0,True,,29852
nq,30,recalibration,10,726,10,ad_probe,ad_c(full_target_scalar_reference),0.03546871973658722,False,0.10890067573677081,30852
nq,30,selection,10,726,10,glob_probe,best_in_menu_on_eval,0.0,True,,30852
nq,31,recalibration,10,778,10,ad_probe,ad_c(full_target_scalar_reference),0.013388533798179392,False,0.041062816889754605,31852
nq,31,selection,10,778,10,glob_probe,best_in_menu_on_eval,0.0,True,,31852
nq,32,recalibration,10,778,10,ad_probe,ad_c(full_target_scalar_reference),0.002856866163083449,True,0.018012170812017114,32852
nq,32,selection,10,778,10,glob_probe,best_in_menu_on_eval,0.0,True,,32852
nq,33,recalibration,10,747,10,ad_probe,ad_c(full_target_scalar_reference),0.004648460197559601,True,0.02713731153833282,33852
nq,33,selection,10,747,10,glob_probe,best_in_menu_on_eval,0.0,True,,33852
nq,34,recalibration,10,822,10,ad_probe,ad_c(full_target_scalar_reference),0.03839821809025756,False,0.2052198208532891,34852
nq,34,selection,10,822,10,glob_probe,best_in_menu_on_eval,0.0,True,,34852
nq,35,recalibration,10,794,10,ad_probe,ad_c(full_target_scalar_reference),0.021087546000387314,False,0.07245279141020117,35852
nq,35,selection,10,794,10,glob_probe,best_in_menu_on_eval,0.0,True,,35852
nq,36,recalibration,10,734,10,ad_probe,ad_c(full_target_scalar_reference),0.003002130544257242,True,0.019912206971095026,36852
nq,36,selection,10,734,10,glob_probe,best_in_menu_on_eval,0.0,True,,36852
nq,37,recalibration,10,729,10,ad_probe,ad_c(full_target_scalar_reference),0.012081154367615698,False,0.03824218554403047,37852
nq,37,selection,10,729,10,glob_probe,best_in_menu_on_eval,0.0,True,,37852
nq,38,recalibration,10,738,10,ad_probe,ad_c(full_target_scalar_reference),0.018182258376912563,False,0.06282712845379251,38852
nq,38,selection,10,738,10,glob_probe,best_in_menu_on_eval,0.0,True,,38852
nq,39,recalibration,10,799,10,ad_probe,ad_c(full_target_scalar_reference),0.057573116405190805,False,0.33794843073963615,39852
nq,39,selection,10,799,10,glob_probe,best_in_menu_on_eval,0.0,True,,39852
nq,40,recalibration,10,859,10,ad_probe,ad_c(full_target_scalar_reference),0.014478016656982451,False,0.073002064797488,40852
nq,40,selection,10,859,10,glob_probe,best_in_menu_on_eval,0.0,True,,40852
nq,41,recalibration,10,861,10,ad_probe,ad_c(full_target_scalar_reference),0.004938988959907076,True,0.028461111079714052,41852
nq,41,selection,10,861,10,glob_probe,best_in_menu_on_eval,0.0,True,,41852
nq,42,recalibration,10,828,10,ad_probe,ad_c(full_target_scalar_reference),0.014695913228743085,False,0.05269549484675723,42852
nq,42,selection,10,828,10,glob_probe,best_in_menu_on_eval,0.0,True,,42852
nq,43,recalibration,10,791,10,ad_probe,ad_c(full_target_scalar_reference),0.015276970753437924,False,0.05360306795116809,43852
nq,43,selection,10,791,10,glob_probe,best_in_menu_on_eval,0.0,True,,43852
nq,44,recalibration,10,815,10,ad_probe,ad_c(full_target_scalar_reference),0.008861127251597933,False,0.025492642643405228,44852
nq,44,selection,10,815,10,glob_probe,best_in_menu_on_eval,0.0,True,,44852
nq,45,recalibration,10,740,10,ad_probe,ad_c(full_target_scalar_reference),0.011790625605268223,False,0.03617306800346731,45852
nq,45,selection,10,740,10,glob_probe,best_in_menu_on_eval,0.0,True,,45852
nq,46,recalibration,10,794,10,ad_probe,ad_c(full_target_scalar_reference),0.020094906062366857,False,0.09637414421803031,46852
nq,46,selection,10,794,10,glob_probe,best_in_menu_on_eval,0.0,True,,46852
nq,47,recalibration,10,722,10,ad_probe,ad_c(full_target_scalar_reference),0.03663083478597712,False,0.1145599089206864,47852
nq,47,selection,10,722,10,glob_probe,best_in_menu_on_eval,0.0,True,,47852
nq,48,recalibration,10,821,10,ad_probe,ad_c(full_target_scalar_reference),0.01106430369939948,False,0.03540503666809053,48852
nq,48,selection,10,821,10,glob_probe,best_in_menu_on_eval,0.0,True,,48852
nq,49,recalibration,10,773,10,ad_probe,ad_c(full_target_scalar_reference),0.016075924849893397,False,0.07841925478597173,49852
nq,49,selection,10,773,10,glob_probe,best_in_menu_on_eval,0.0,True,,49852
nq,0,recalibration,20,1487,20,ad_probe,ad_c(full_target_scalar_reference),0.0025738150738150445,True,0.017039696511843117,2200345
nq,0,selection,20,1487,20,glob_probe,best_in_menu_on_eval,0.0,True,,2200345
nq,1,recalibration,20,1586,20,ad_probe,ad_c(full_target_scalar_reference),0.019279331779331832,False,0.09275943031485318,2201345
nq,1,selection,20,1586,20,glob_probe,best_in_menu_on_eval,0.0,True,,2201345
nq,2,recalibration,20,1546,20,ad_probe,ad_c(full_target_scalar_reference),0.0009712509712509476,True,0.0035451054898518186,2202345
nq,2,selection,20,1546,20,glob_probe,best_in_menu_on_eval,0.0,True,,2202345
nq,3,recalibration,20,1524,20,ad_probe,ad_c(full_target_scalar_reference),0.018987956487956592,False,0.09107520617500747,2203345
nq,3,selection,20,1524,20,glob_probe,best_in_menu_on_eval,0.0,True,,2203345
nq,4,recalibration,20,1559,20,ad_probe,ad_c(full_target_scalar_reference),0.015540015540015606,False,0.07616973047628378,2204345
nq,4,selection,20,1559,20,glob_probe,best_in_menu_on_eval,0.0,True,,2204345
nq,5,recalibration,20,1497,20,ad_probe,ad_c(full_target_scalar_reference),0.0004370629370629153,True,0.004365408006654692,2205345
nq,5,selection,20,1497,20,glob_probe,best_in_menu_on_eval,0.0,True,,2205345
nq,6,recalibration,20,1543,20,ad_probe,ad_c(full_target_scalar_reference),0.01012529137529139,False,0.029975348755358178,2206345
nq,6,selection,20,1543,20,glob_probe,best_in_menu_on_eval,0.0,True,,2206345
nq,7,recalibration,20,1643,20,ad_probe,ad_c(full_target_scalar_reference),0.0035936285936285506,True,0.011284606335980718,2207345
nq,7,selection,20,1643,20,glob_probe,best_in_menu_on_eval,0.0,True,,2207345
nq,8,recalibration,20,1538,20,ad_probe,ad_c(full_target_scalar_reference),0.0134275446775447,False,0.04225409056664542,2208345
nq,8,selection,20,1538,20,glob_probe,best_in_menu_on_eval,0.0,True,,2208345
nq,9,recalibration,20,1373,20,ad_probe,ad_c(full_target_scalar_reference),0.02585955710955712,False,0.08401096293438787,2209345
nq,9,selection,20,1373,20,glob_probe,best_in_menu_on_eval,0.0,True,,2209345
nq,10,recalibration,20,1479,20,ad_probe,ad_c(full_target_scalar_reference),0.009178321678321777,False,0.04336182145437145,2210345
nq,10,selection,20,1479,20,glob_probe,best_in_menu_on_eval,0.0,True,,2210345
nq,11,recalibration,20,1579,20,ad_probe,ad_c(full_target_scalar_reference),0.0022824397824398046,True,0.01627711891974687,2211345
nq,11,selection,20,1579,20,glob_probe,best_in_menu_on_eval,0.0,True,,2211345
nq,12,recalibration,20,1519,20,ad_probe,ad_c(full_target_scalar_reference),0.02059052059052069,False,0.1019348535217906,2212345
nq,12,selection,20,1519,20,glob_probe,best_in_menu_on_eval,0.0,True,,2212345
nq,13,recalibration,20,1541,20,ad_probe,ad_c(full_target_scalar_reference),0.014301670551670531,False,0.049787495731620945,2213345
nq,13,selection,20,1541,20,glob_probe,best_in_menu_on_eval,0.0,True,,2213345
nq,14,recalibration,20,1548,20,ad_probe,ad_c(full_target_scalar_reference),0.008886946386946315,False,0.024917716409027457,2214345
nq,14,selection,20,1548,20,glob_probe,best_in_menu_on_eval,0.0,True,,2214345
nq,15,recalibration,20,1642,20,ad_probe,ad_c(full_target_scalar_reference),0.009251165501165448,False,0.0279519499331366,2215345
nq,15,selection,20,1642,20,glob_probe,best_in_menu_on_eval,0.0,True,,2215345
nq,16,recalibration,20,1441,20,ad_probe,ad_c(full_target_scalar_reference),0.030327311577311555,False,0.10037250333551978,2216345
nq,16,selection,20,1441,20,glob_probe,best_in_menu_on_eval,0.0,True,,2216345
nq,17,recalibration,20,1485,20,ad_probe,ad_c(full_target_scalar_reference),0.01510295260295258,False,0.07508673641933211,2217345
nq,17,selection,20,1485,20,glob_probe,best_in_menu_on_eval,0.0,True,,2217345
nq,18,recalibration,20,1545,20,ad_probe,ad_c(full_target_scalar_reference),0.019255050505050497,False,0.06710847412965953,2218345
nq,18,selection,20,1545,20,glob_probe,best_in_menu_on_eval,0.0,True,,2218345
nq,19,recalibration,20,1559,20,ad_probe,ad_c(full_target_scalar_reference),0.009906759906759821,False,0.04890542324758146,2219345
nq,19,selection,20,1559,20,glob_probe,best_in_menu_on_eval,0.0,True,,2219345
nq,20,recalibration,20,1528,20,ad_probe,ad_c(full_target_scalar_reference),0.0015540015540016494,True,0.011335291223236232,2220345
nq,20,selection,20,1528,20,glob_probe,best_in_menu_on_eval,0.0,True,,2220345
nq,21,recalibration,20,1637,20,ad_probe,ad_c(full_target_scalar_reference),0.008959790209790208,False,0.027271700692579726,2221345
nq,21,selection,20,1637,20,glob_probe,best_in_menu_on_eval,0.0,True,,2221345
nq,22,recalibration,20,1538,20,ad_probe,ad_c(full_target_scalar_reference),0.003836441336441454,True,0.02321128949679091,2222345
nq,22,selection,20,1538,20,glob_probe,best_in_menu_on_eval,0.0,True,,2222345
nq,23,recalibration,20,1669,20,ad_probe,ad_c(full_target_scalar_reference),0.01422882672882686,False,0.06984284974445315,2223345
nq,23,selection,20,1669,20,glob_probe,best_in_menu_on_eval,0.0,True,,2223345
nq,24,recalibration,20,1586,20,ad_probe,ad_c(full_target_scalar_reference),0.008012820512820595,False,0.03818049545933816,2224345
nq,24,selection,20,1586,20,glob_probe,best_in_menu_on_eval,0.0,True,,2224345
nq,25,recalibration,20,1640,20,ad_probe,ad_c(full_target_scalar_reference),0.015030108780108797,False,0.05218459481818455,2225345
nq,25,selection,20,1640,20,glob_probe,best_in_menu_on_eval,0.0,True,,2225345
nq,26,recalibration,20,1456,20,ad_probe,ad_c(full_target_scalar_reference),0.010198135198135283,False,0.05024125037544913,2226345
nq,26,selection,20,1456,20,glob_probe,best_in_menu_on_eval,0.0,True,,2226345
nq,27,recalibration,20,1648,20,ad_probe,ad_c(full_target_scalar_reference),0.002428127428127369,True,0.008797914559707187,2227345
nq,27,selection,20,1648,20,glob_probe,best_in_menu_on_eval,0.0,True,,2227345
nq,28,recalibration,20,1561,20,ad_probe,ad_c(full_target_scalar_reference),0.018599456099456124,False,0.08905443296786414,2228345
nq,28,selection,20,1561,20,glob_probe,best_in_menu_on_eval,0.0,True,,2228345
nq,29,recalibration,20,1611,20,ad_probe,ad_c(full_target_scalar_reference),0.0019910644910645647,True,0.014586089305487993,2229345
nq,29,selection,20,1611,20,glob_probe,best_in_menu_on_eval,0.0,True,,2229345
nq,30,recalibration,20,1517,20,ad_probe,ad_c(full_target_scalar_reference),0.007430069930069894,False,0.03550380882396448,2230345
nq,30,selection,20,1517,20,glob_probe,best_in_menu_on_eval,0.0,True,,2230345
nq,31,recalibration,20,1589,20,ad_probe,ad_c(full_target_scalar_reference),0.0,True,0.0019497044181946976,2231345
nq,31,selection,20,1589,20,glob_probe,best_in_menu_on_eval,0.0,True,,2231345
nq,32,recalibration,20,1544,20,ad_probe,ad_c(full_target_scalar_reference),0.01041666666666674,False,0.03140697782320706,2232345
nq,32,selection,20,1544,20,glob_probe,best_in_menu_on_eval,0.0,True,,2232345
nq,33,recalibration,20,1569,20,ad_probe,ad_c(full_target_scalar_reference),0.0033022533022533107,True,0.021510476158315306,2233345
nq,33,selection,20,1569,20,glob_probe,best_in_menu_on_eval,0.0,True,,2233345
nq,34,recalibration,20,1534,20,ad_probe,ad_c(full_target_scalar_reference),0.0145202020202021,False,0.07256319763672547,2234345
nq,34,selection,20,1534,20,glob_probe,best_in_menu_on_eval,0.0,True,,2234345
nq,35,recalibration,20,1520,20,ad_probe,ad_c(full_target_scalar_reference),0.015030108780108686,False,0.05204582387491158,2235345
nq,35,selection,20,1520,20,glob_probe,best_in_menu_on_eval,0.0,True,,2235345
nq,36,recalibration,20,1570,20,ad_probe,ad_c(full_target_scalar_reference),0.0011655011655011815,True,0.009538700564172276,2236345
nq,36,selection,20,1570,20,glob_probe,best_in_menu_on_eval,0.0,True,,2236345
nq,37,recalibration,20,1502,20,ad_probe,ad_c(full_target_scalar_reference),0.016559829059829112,False,0.08056573849915333,2237345
nq,37,selection,20,1502,20,glob_probe,best_in_menu_on_eval,0.0,True,,2237345
nq,38,recalibration,20,1544,20,ad_probe,ad_c(full_target_scalar_reference),0.01823523698523699,False,0.0635160352583572,2238345
nq,38,selection,20,1544,20,glob_probe,best_in_menu_on_eval,0.0,True,,2238345
nq,39,recalibration,20,1527,20,ad_probe,ad_c(full_target_scalar_reference),0.012990481740481674,False,0.039769772984659835,2239345
nq,39,selection,20,1527,20,glob_probe,best_in_menu_on_eval,0.0,True,,2239345
nq,40,recalibration,20,1562,20,ad_probe,ad_c(full_target_scalar_reference),0.006458818958818835,False,0.018782602379301017,2240345
nq,40,selection,20,1562,20,glob_probe,best_in_menu_on_eval,0.0,True,,2240345
nq,41,recalibration,20,1637,20,ad_probe,ad_c(full_target_scalar_reference),0.0025738150738150445,True,0.007610983029958052,2241345
nq,41,selection,20,1637,20,glob_probe,best_in_menu_on_eval,0.0,True,,2241345
nq,42,recalibration,20,1564,20,ad_probe,ad_c(full_target_scalar_reference),0.0145202020202021,False,0.0729190798677572,2242345
nq,42,selection,20,1564,20,glob_probe,best_in_menu_on_eval,0.0,True,,2242345
nq,43,recalibration,20,1520,20,ad_probe,ad_c(full_target_scalar_reference),0.010416666666666519,False,0.029999588629550933,2243345
nq,43,selection,20,1520,20,glob_probe,best_in_menu_on_eval,0.0,True,,2243345
nq,44,recalibration,20,1565,20,ad_probe,ad_c(full_target_scalar_reference),0.017798174048173965,False,0.06113756967719702,2244345
nq,44,selection,20,1565,20,glob_probe,best_in_menu_on_eval,0.0,True,,2244345
nq,45,recalibration,20,1761,20,ad_probe,ad_c(full_target_scalar_reference),0.010343822843822847,False,0.051093087968420325,2245345
nq,45,selection,20,1761,20,glob_probe,best_in_menu_on_eval,0.0,True,,2245345
nq,46,recalibration,20,1521,20,ad_probe,ad_c(full_target_scalar_reference),0.004953379953379966,True,0.027888165742053772,2246345
nq,46,selection,20,1521,20,glob_probe,best_in_menu_on_eval,0.0,True,,2246345
nq,47,recalibration,20,1617,20,ad_probe,ad_c(full_target_scalar_reference),0.00038850038850035684,True,0.001457136084016264,2247345
nq,47,selection,20,1617,20,glob_probe,best_in_menu_on_eval,0.0,True,,2247345
nq,48,recalibration,20,1590,20,ad_probe,ad_c(full_target_scalar_reference),0.012116355866355732,False,0.03728154105364673,2248345
nq,48,selection,20,1590,20,glob_probe,best_in_menu_on_eval,0.0,True,,2248345
nq,49,recalibration,20,1574,20,ad_probe,ad_c(full_target_scalar_reference),0.0012626262626262985,True,0.004414028038676576,2249345
nq,49,selection,20,1574,20,glob_probe,best_in_menu_on_eval,0.0,True,,2249345
nq,0,recalibration,50,3777,50,ad_probe,ad_c(full_target_scalar_reference),0.0015677052714090367,True,0.0053105240870004455,2300958
nq,0,selection,50,3777,50,glob_probe,best_in_menu_on_eval,0.0,True,,2300958
nq,1,recalibration,50,3949,50,ad_probe,ad_c(full_target_scalar_reference),0.009920634920634885,False,0.03078429322276316,2301958
nq,1,selection,50,3949,50,glob_probe,best_in_menu_on_eval,0.0,True,,2301958
nq,2,recalibration,50,4043,50,ad_probe,ad_c(full_target_scalar_reference),0.0005388986870468182,True,0.0020880901814349095,2302958
nq,2,selection,50,4043,50,glob_probe,best_in_menu_on_eval,0.0,True,,2302958
nq,3,recalibration,50,4116,50,ad_probe,ad_c(full_target_scalar_reference),0.014501273760533118,False,0.07042238184552069,2303958
nq,3,selection,50,4116,50,glob_probe,best_in_menu_on_eval,0.0,True,,2303958
nq,4,recalibration,50,4062,50,ad_probe,ad_c(full_target_scalar_reference),0.007348618459729672,False,0.036845845486715156,2304958
nq,4,selection,50,4062,50,glob_probe,best_in_menu_on_eval,0.0,True,,2304958
nq,5,recalibration,50,3998,50,ad_probe,ad_c(full_target_scalar_reference),0.006221830295904285,False,0.018199953526929102,2305958
nq,5,selection,50,3998,50,glob_probe,best_in_menu_on_eval,0.0,True,,2305958
nq,6,recalibration,50,3933,50,ad_probe,ad_c(full_target_scalar_reference),0.0037722908093279495,True,0.02134083133871162,2306958
nq,6,selection,50,3933,50,glob_probe,best_in_menu_on_eval,0.0,True,,2306958
nq,7,recalibration,50,3830,50,ad_probe,ad_c(full_target_scalar_reference),0.011757789535567276,False,0.057656362705745534,2307958
nq,7,selection,50,3830,50,glob_probe,best_in_menu_on_eval,0.0,True,,2307958
nq,8,recalibration,50,3857,50,ad_probe,ad_c(full_target_scalar_reference),0.004017244757985483,True,0.023567794713035495,2308958
nq,8,selection,50,3857,50,glob_probe,best_in_menu_on_eval,0.0,True,,2308958
nq,9,recalibration,50,3905,50,ad_probe,ad_c(full_target_scalar_reference),0.014648246129727704,False,0.07180950051247387,2309958
nq,9,selection,50,3905,50,glob_probe,best_in_menu_on_eval,0.0,True,,2309958
nq,10,recalibration,50,3848,50,ad_probe,ad_c(full_target_scalar_reference),0.004605134234763941,True,0.026779807190913718,2310958
nq,10,selection,50,3848,50,glob_probe,best_in_menu_on_eval,0.0,True,,2310958
nq,11,recalibration,50,4072,50,ad_probe,ad_c(full_target_scalar_reference),0.004458161865569132,True,0.026258987183589932,2311958
nq,11,selection,50,4072,50,glob_probe,best_in_menu_on_eval,0.0,True,,2311958
nq,12,recalibration,50,4092,50,ad_probe,ad_c(full_target_scalar_reference),0.004997060552616173,True,0.02777163435105262,2312958
nq,12,selection,50,4092,50,glob_probe,best_in_menu_on_eval,0.0,True,,2312958
nq,13,recalibration,50,3973,50,ad_probe,ad_c(full_target_scalar_reference),0.011855771115030445,False,0.060210626595904704,2313958
nq,13,selection,50,3973,50,glob_probe,best_in_menu_on_eval,0.0,True,,2313958
nq,14,recalibration,50,3899,50,ad_probe,ad_c(full_target_scalar_reference),0.002008622378992797,True,0.014867593268927726,2314958
nq,14,selection,50,3899,50,glob_probe,best_in_menu_on_eval,0.0,True,,2314958
nq,15,recalibration,50,3933,50,ad_probe,ad_c(full_target_scalar_reference),0.003478346070938665,True,0.020955246563389818,2315958
nq,15,selection,50,3933,50,glob_probe,best_in_menu_on_eval,0.0,True,,2315958
nq,16,recalibration,50,3859,50,ad_probe,ad_c(full_target_scalar_reference),0.007936507936507908,False,0.02194188289949911,2316958
nq,16,selection,50,3859,50,glob_probe,best_in_menu_on_eval,0.0,True,,2316958
nq,17,recalibration,50,3837,50,ad_probe,ad_c(full_target_scalar_reference),0.01339898099157355,False,0.04530650817029408,2317958
nq,17,selection,50,3837,50,glob_probe,best_in_menu_on_eval,0.0,True,,2317958
nq,18,recalibration,50,3914,50,ad_probe,ad_c(full_target_scalar_reference),0.007397609249461201,False,0.03588064284334308,2318958
nq,18,selection,50,3914,50,glob_probe,best_in_menu_on_eval,0.0,True,,2318958
nq,19,recalibration,50,3970,50,ad_probe,ad_c(full_target_scalar_reference),0.0,True,0.00026773539607621855,2319958
nq,19,selection,50,3970,50,glob_probe,best_in_menu_on_eval,0.0,True,,2319958
nq,20,recalibration,50,3895,50,ad_probe,ad_c(full_target_scalar_reference),0.007250636880266503,False,0.020683679427046353,2320958
nq,20,selection,50,3895,50,glob_probe,best_in_menu_on_eval,0.0,True,,2320958
nq,21,recalibration,50,3972,50,ad_probe,ad_c(full_target_scalar_reference),0.0023025671173819706,True,0.016053632431241305,2321958
nq,21,selection,50,3972,50,glob_probe,best_in_menu_on_eval,0.0,True,,2321958
nq,22,recalibration,50,3979,50,ad_probe,ad_c(full_target_scalar_reference),0.0036253184401331406,True,0.011971562463247543,2322958
nq,22,selection,50,3979,50,glob_probe,best_in_menu_on_eval,0.0,True,,2322958
nq,23,recalibration,50,3778,50,ad_probe,ad_c(full_target_scalar_reference),0.00014697236919458678,True,0.0025374185087257417,2323958
nq,23,selection,50,3778,50,glob_probe,best_in_menu_on_eval,0.0,True,,2323958
nq,24,recalibration,50,3909,50,ad_probe,ad_c(full_target_scalar_reference),0.0015677052714089257,True,0.011258735433711087,2324958
nq,24,selection,50,3909,50,glob_probe,best_in_menu_on_eval,0.0,True,,2324958
nq,25,recalibration,50,3935,50,ad_probe,ad_c(full_target_scalar_reference),0.009920634920634885,False,0.027979225284126163,2325958
nq,25,selection,50,3935,50,glob_probe,best_in_menu_on_eval,0.0,True,,2325958
nq,26,recalibration,50,3910,50,ad_probe,ad_c(full_target_scalar_reference),0.0038702723887908963,True,0.023095733398255713,2326958
nq,26,selection,50,3910,50,glob_probe,best_in_menu_on_eval,0.0,True,,2326958
nq,27,recalibration,50,3813,50,ad_probe,ad_c(full_target_scalar_reference),0.004703115814226999,True,0.02684944496389513,2327958
nq,27,selection,50,3813,50,glob_probe,best_in_menu_on_eval,0.0,True,,2327958
nq,28,recalibration,50,3826,50,ad_probe,ad_c(full_target_scalar_reference),0.01339898099157355,False,0.04153635168659037,2328958
nq,28,selection,50,3826,50,glob_probe,best_in_menu_on_eval,0.0,True,,2328958
nq,29,recalibration,50,3884,50,ad_probe,ad_c(full_target_scalar_reference),0.0024985302763080863,True,0.007807378032511136,2329958
nq,29,selection,50,3884,50,glob_probe,best_in_menu_on_eval,0.0,True,,2329958
nq,30,recalibration,50,3886,50,ad_probe,ad_c(full_target_scalar_reference),0.012223202038016745,False,0.03766471360718948,2330958
nq,30,selection,50,3886,50,glob_probe,best_in_menu_on_eval,0.0,True,,2330958
nq,31,recalibration,50,3984,50,ad_probe,ad_c(full_target_scalar_reference),0.0,True,0.0016575322719679098,2331958
nq,31,selection,50,3984,50,glob_probe,best_in_menu_on_eval,0.0,True,,2331958
nq,32,recalibration,50,3908,50,ad_probe,ad_c(full_target_scalar_reference),0.002155594748187384,True,0.015460025934768196,2332958
nq,32,selection,50,3908,50,glob_probe,best_in_menu_on_eval,0.0,True,,2332958
nq,33,recalibration,50,3840,50,ad_probe,ad_c(full_target_scalar_reference),0.013766411914560073,False,0.06681661508537545,2333958
nq,33,selection,50,3840,50,glob_probe,best_in_menu_on_eval,0.0,True,,2333958
nq,34,recalibration,50,4013,50,ad_probe,ad_c(full_target_scalar_reference),0.010533019792279052,False,0.051545548072726155,2334958
nq,34,selection,50,4013,50,glob_probe,best_in_menu_on_eval,0.0,True,,2334958
nq,35,recalibration,50,3833,50,ad_probe,ad_c(full_target_scalar_reference),0.017710170487948207,False,0.06148223981161838,2335958
nq,35,selection,50,3833,50,glob_probe,best_in_menu_on_eval,0.0,True,,2335958
nq,36,recalibration,50,4037,50,ad_probe,ad_c(full_target_scalar_reference),0.006221830295904285,False,0.018456404442149632,2336958
nq,36,selection,50,4037,50,glob_probe,best_in_menu_on_eval,0.0,True,,2336958
nq,37,recalibration,50,4006,50,ad_probe,ad_c(full_target_scalar_reference),0.0015677052714090367,True,0.00489340851185488,2337958
nq,37,selection,50,4006,50,glob_probe,best_in_menu_on_eval,0.0,True,,2337958
nq,38,recalibration,50,3987,50,ad_probe,ad_c(full_target_scalar_reference),0.0030374289633547935,True,0.010254069060789905,2338958
nq,38,selection,50,3987,50,glob_probe,best_in_menu_on_eval,0.0,True,,2338958
nq,39,recalibration,50,3917,50,ad_probe,ad_c(full_target_scalar_reference),0.008671369782480842,False,0.023574487686858825,2339958
nq,39,selection,50,3917,50,glob_probe,best_in_menu_on_eval,0.0,True,,2339958
nq,40,recalibration,50,3879,50,ad_probe,ad_c(full_target_scalar_reference),0.010973936899862924,False,0.055232378777794855,2340958
nq,40,selection,50,3879,50,glob_probe,best_in_menu_on_eval,0.0,True,,2340958
nq,41,recalibration,50,4061,50,ad_probe,ad_c(full_target_scalar_reference),0.009553203997648585,False,0.04733133045852722,2341958
nq,41,selection,50,4061,50,glob_probe,best_in_menu_on_eval,0.0,True,,2341958
nq,42,recalibration,50,3760,50,ad_probe,ad_c(full_target_scalar_reference),0.0005878894767783471,True,0.007289524251846535,2342958
nq,42,selection,50,3760,50,glob_probe,best_in_menu_on_eval,0.0,True,,2342958
nq,43,recalibration,50,3940,50,ad_probe,ad_c(full_target_scalar_reference),0.004997060552616173,True,0.029191816045245178,2343958
nq,43,selection,50,3940,50,glob_probe,best_in_menu_on_eval,0.0,True,,2343958
nq,44,recalibration,50,3707,50,ad_probe,ad_c(full_target_scalar_reference),0.0143298059964726,False,0.04989985165682376,2344958
nq,44,selection,50,3707,50,glob_probe,best_in_menu_on_eval,0.0,True,,2344958
nq,45,recalibration,50,3948,50,ad_probe,ad_c(full_target_scalar_reference),0.01109641387419169,False,0.033076453831721864,2345958
nq,45,selection,50,3948,50,glob_probe,best_in_menu_on_eval,0.0,True,,2345958
nq,46,recalibration,50,3939,50,ad_probe,ad_c(full_target_scalar_reference),0.014060356652949246,False,0.07016243286313101,2346958
nq,46,selection,50,3939,50,glob_probe,best_in_menu_on_eval,0.0,True,,2346958
nq,47,recalibration,50,4113,50,ad_probe,ad_c(full_target_scalar_reference),0.007642563198118735,False,0.037204882211879176,2347958
nq,47,selection,50,4113,50,glob_probe,best_in_menu_on_eval,0.0,True,,2347958
nq,48,recalibration,50,3961,50,ad_probe,ad_c(full_target_scalar_reference),0.006907701352145912,False,0.03455153461036592,2348958
nq,48,selection,50,3961,50,glob_probe,best_in_menu_on_eval,0.0,True,,2348958
nq,49,recalibration,50,4188,50,ad_probe,ad_c(full_target_scalar_reference),0.007201646090534974,False,0.0367684109682222,2349958
nq,49,selection,50,4188,50,glob_probe,best_in_menu_on_eval,0.0,True,,2349958
nq,0,recalibration,100,7690,100,ad_probe,ad_c(full_target_scalar_reference),0.0023369132856005947,True,0.006687941570116596,2400498
nq,0,selection,100,7690,100,glob_probe,best_in_menu_on_eval,0.0,True,,2400498
nq,1,recalibration,100,7706,100,ad_probe,ad_c(full_target_scalar_reference),0.0,True,0.000959873390688426,2401498
nq,1,selection,100,7706,100,glob_probe,best_in_menu_on_eval,0.0,True,,2401498
nq,2,recalibration,100,7589,100,ad_probe,ad_c(full_target_scalar_reference),0.0020385839299921216,True,0.013817544157840811,2402498
nq,2,selection,100,7589,100,glob_probe,best_in_menu_on_eval,0.0,True,,2402498
nq,3,recalibration,100,7897,100,ad_probe,ad_c(full_target_scalar_reference),0.005369928400954627,False,0.029340572401177545,2403498
nq,3,selection,100,7897,100,glob_probe,best_in_menu_on_eval,0.0,True,,2403498
nq,4,recalibration,100,7925,100,ad_probe,ad_c(full_target_scalar_reference),0.009248210023866332,False,0.042877608961175706,2404498
nq,4,selection,100,7925,100,glob_probe,best_in_menu_on_eval,0.0,True,,2404498
nq,5,recalibration,100,7625,100,ad_probe,ad_c(full_target_scalar_reference),0.003381066030230584,True,0.013465220888462748,2405498
nq,5,selection,100,7625,100,glob_probe,best_in_menu_on_eval,0.0,True,,2405498
nq,6,recalibration,100,7760,100,ad_probe,ad_c(full_target_scalar_reference),0.0015910898965793008,True,0.005413931358459634,2406498
nq,6,selection,100,7760,100,glob_probe,best_in_menu_on_eval,0.0,True,,2406498
nq,7,recalibration,100,8256,100,ad_probe,ad_c(full_target_scalar_reference),0.0039280031821798955,True,0.02167459787845394,2407498
nq,7,selection,100,8256,100,glob_probe,best_in_menu_on_eval,0.0,True,,2407498
nq,8,recalibration,100,7935,100,ad_probe,ad_c(full_target_scalar_reference),0.009894590294351802,False,0.028947067265726878,2408498
nq,8,selection,100,7935,100,glob_probe,best_in_menu_on_eval,0.0,True,,2408498
nq,9,recalibration,100,7641,100,ad_probe,ad_c(full_target_scalar_reference),0.015388822593476514,False,0.0551025731031593,2409498
nq,9,selection,100,7641,100,glob_probe,best_in_menu_on_eval,0.0,True,,2409498
nq,10,recalibration,100,7768,100,ad_probe,ad_c(full_target_scalar_reference),0.010988464598249759,False,0.05278748076709866,2410498
nq,10,selection,100,7768,100,glob_probe,best_in_menu_on_eval,0.0,True,,2410498
nq,11,recalibration,100,7993,100,ad_probe,ad_c(full_target_scalar_reference),0.0054196499602227055,False,0.01740114523470726,2411498
nq,11,selection,100,7993,100,glob_probe,best_in_menu_on_eval,0.0,True,,2411498
nq,12,recalibration,100,7699,100,ad_probe,ad_c(full_target_scalar_reference),0.007955449482895727,False,0.02186957092725461,2412498
nq,12,selection,100,7699,100,glob_probe,best_in_menu_on_eval,0.0,True,,2412498
nq,13,recalibration,100,7874,100,ad_probe,ad_c(full_target_scalar_reference),0.0098448687350835,False,0.04650643068385668,2413498
nq,13,selection,100,7874,100,glob_probe,best_in_menu_on_eval,0.0,True,,2413498
nq,14,recalibration,100,8094,100,ad_probe,ad_c(full_target_scalar_reference),0.0004474940334129318,True,0.004699431116705732,2414498
nq,14,selection,100,8094,100,glob_probe,best_in_menu_on_eval,0.0,True,,2414498
nq,15,recalibration,100,7853,100,ad_probe,ad_c(full_target_scalar_reference),0.0027844073190135266,True,0.009277105267968766,2415498
nq,15,selection,100,7853,100,glob_probe,best_in_menu_on_eval,0.0,True,,2415498
nq,16,recalibration,100,7855,100,ad_probe,ad_c(full_target_scalar_reference),0.0038285600636435158,True,0.02155376941795334,2416498
nq,16,selection,100,7855,100,glob_probe,best_in_menu_on_eval,0.0,True,,2416498
nq,17,recalibration,100,7849,100,ad_probe,ad_c(full_target_scalar_reference),0.002187748607796358,True,0.0061179079822622495,2417498
nq,17,selection,100,7849,100,glob_probe,best_in_menu_on_eval,0.0,True,,2417498
nq,18,recalibration,100,7896,100,ad_probe,ad_c(full_target_scalar_reference),0.0015910898965793008,True,0.013105076938278837,2418498
nq,18,selection,100,7896,100,glob_probe,best_in_menu_on_eval,0.0,True,,2418498
nq,19,recalibration,100,7846,100,ad_probe,ad_c(full_target_scalar_reference),0.0009944311853619103,True,0.0036332530760906923,2419498
nq,19,selection,100,7846,100,glob_probe,best_in_menu_on_eval,0.0,True,,2419498
nq,20,recalibration,100,7868,100,ad_probe,ad_c(full_target_scalar_reference),0.01036694510739855,False,0.03135528433909862,2420498
nq,20,selection,100,7868,100,glob_probe,best_in_menu_on_eval,0.0,True,,2420498
nq,21,recalibration,100,7831,100,ad_probe,ad_c(full_target_scalar_reference),0.0088007159904534,False,0.023167128013619365,2421498
nq,21,selection,100,7831,100,glob_probe,best_in_menu_on_eval,0.0,True,,2421498
nq,22,recalibration,100,7779,100,ad_probe,ad_c(full_target_scalar_reference),0.007955449482895727,False,0.02059091124238477,2422498
nq,22,selection,100,7779,100,glob_probe,best_in_menu_on_eval,0.0,True,,2422498
nq,23,recalibration,100,8096,100,ad_probe,ad_c(full_target_scalar_reference),0.00994431185361977,False,0.05144666126292935,2423498
nq,23,selection,100,8096,100,glob_probe,best_in_menu_on_eval,0.0,True,,2423498
nq,24,recalibration,100,7704,100,ad_probe,ad_c(full_target_scalar_reference),0.0,True,3.927310391038663e-05,2424498
nq,24,selection,100,7704,100,glob_probe,best_in_menu_on_eval,0.0,True,,2424498
nq,25,recalibration,100,7839,100,ad_probe,ad_c(full_target_scalar_reference),0.016582140015910962,False,0.05871829057799388,2425498
nq,25,selection,100,7839,100,glob_probe,best_in_menu_on_eval,0.0,True,,2425498
nq,26,recalibration,100,7725,100,ad_probe,ad_c(full_target_scalar_reference),0.004375497215592716,True,0.024652892256875003,2426498
nq,26,selection,100,7725,100,glob_probe,best_in_menu_on_eval,0.0,True,,2426498
nq,27,recalibration,100,7635,100,ad_probe,ad_c(full_target_scalar_reference),0.0077565632458233,False,0.02235735003006306,2427498
nq,27,selection,100,7635,100,glob_probe,best_in_menu_on_eval,0.0,True,,2427498
nq,28,recalibration,100,7738,100,ad_probe,ad_c(full_target_scalar_reference),0.0009944311853620214,True,0.003612524167625253,2428498
nq,28,selection,100,7738,100,glob_probe,best_in_menu_on_eval,0.0,True,,2428498
nq,29,recalibration,100,7643,100,ad_probe,ad_c(full_target_scalar_reference),0.0004474940334128208,True,0.004243223832419485,2429498
nq,29,selection,100,7643,100,glob_probe,best_in_menu_on_eval,0.0,True,,2429498
nq,30,recalibration,100,7854,100,ad_probe,ad_c(full_target_scalar_reference),0.010217780429594314,False,0.029998012323731726,2430498
nq,30,selection,100,7854,100,glob_probe,best_in_menu_on_eval,0.0,True,,2430498
nq,31,recalibration,100,7834,100,ad_probe,ad_c(full_target_scalar_reference),0.009322792362768562,False,0.0279584989857124,2431498
nq,31,selection,100,7834,100,glob_probe,best_in_menu_on_eval,0.0,True,,2431498
nq,32,recalibration,100,7759,100,ad_probe,ad_c(full_target_scalar_reference),0.0004474940334128208,True,0.0033781234180990105,2432498
nq,32,selection,100,7759,100,glob_probe,best_in_menu_on_eval,0.0,True,,2432498
nq,33,recalibration,100,7701,100,ad_probe,ad_c(full_target_scalar_reference),0.0073090692124105905,False,0.03583885365146472,2433498
nq,33,selection,100,7701,100,glob_probe,best_in_menu_on_eval,0.0,True,,2433498
nq,34,recalibration,100,7887,100,ad_probe,ad_c(full_target_scalar_reference),0.0,True,0.0006434990146014785,2434498
nq,34,selection,100,7887,100,glob_probe,best_in_menu_on_eval,0.0,True,,2434498
nq,35,recalibration,100,7843,100,ad_probe,ad_c(full_target_scalar_reference),0.0020385839299920105,True,0.014480343779830929,2435498
nq,35,selection,100,7843,100,glob_probe,best_in_menu_on_eval,0.0,True,,2435498
nq,36,recalibration,100,7960,100,ad_probe,ad_c(full_target_scalar_reference),0.009397374701670569,False,0.041786784906833574,2436498
nq,36,selection,100,7960,100,glob_probe,best_in_menu_on_eval,0.0,True,,2436498
nq,37,recalibration,100,7956,100,ad_probe,ad_c(full_target_scalar_reference),0.009994033412887848,False,0.0500743330423129,2437498
nq,37,selection,100,7956,100,glob_probe,best_in_menu_on_eval,0.0,True,,2437498
nq,38,recalibration,100,7762,100,ad_probe,ad_c(full_target_scalar_reference),0.012405529037390672,False,0.04020997823764261,2438498
nq,38,selection,100,7762,100,glob_probe,best_in_menu_on_eval,0.0,True,,2438498
nq,39,recalibration,100,7783,100,ad_probe,ad_c(full_target_scalar_reference),0.0030827366746221108,True,0.020578904671728404,2439498
nq,39,selection,100,7783,100,glob_probe,best_in_menu_on_eval,0.0,True,,2439498
nq,40,recalibration,100,7752,100,ad_probe,ad_c(full_target_scalar_reference),0.013748011137629357,False,0.048386531418949275,2440498
nq,40,selection,100,7752,100,glob_probe,best_in_menu_on_eval,0.0,True,,2440498
nq,41,recalibration,100,7858,100,ad_probe,ad_c(full_target_scalar_reference),0.00263524264120929,True,0.016739704906119146,2441498
nq,41,selection,100,7858,100,glob_probe,best_in_menu_on_eval,0.0,True,,2441498
nq,42,recalibration,100,7752,100,ad_probe,ad_c(full_target_scalar_reference),0.009173627684964325,False,0.026733412261715328,2442498
nq,42,selection,100,7752,100,glob_probe,best_in_menu_on_eval,0.0,True,,2442498
nq,43,recalibration,100,7856,100,ad_probe,ad_c(full_target_scalar_reference),0.0005469371519490895,True,0.0023501202550744726,2443498
nq,43,selection,100,7856,100,glob_probe,best_in_menu_on_eval,0.0,True,,2443498
nq,44,recalibration,100,7746,100,ad_probe,ad_c(full_target_scalar_reference),0.012405529037390561,False,0.03733461661411669,2444498
nq,44,selection,100,7746,100,glob_probe,best_in_menu_on_eval,0.0,True,,2444498
nq,45,recalibration,100,7906,100,ad_probe,ad_c(full_target_scalar_reference),0.0008452665075576737,True,0.0033474212464144615,2445498
nq,45,selection,100,7906,100,glob_probe,best_in_menu_on_eval,0.0,True,,2445498
nq,46,recalibration,100,7990,100,ad_probe,ad_c(full_target_scalar_reference),0.007607398568019064,False,0.03524048791528739,2446498
nq,46,selection,100,7990,100,glob_probe,best_in_menu_on_eval,0.0,True,,2446498
nq,47,recalibration,100,7843,100,ad_probe,ad_c(full_target_scalar_reference),0.0041268894192521,True,0.013690172349292151,2447498
nq,47,selection,100,7843,100,glob_probe,best_in_menu_on_eval,0.0,True,,2447498
nq,48,recalibration,100,8027,100,ad_probe,ad_c(full_target_scalar_reference),0.011734287987271275,False,0.05724751864457189,2448498
nq,48,selection,100,8027,100,glob_probe,best_in_menu_on_eval,0.0,True,,2448498
nq,49,recalibration,100,7885,100,ad_probe,ad_c(full_target_scalar_reference),0.009099045346062096,False,0.044483170226795654,2449498
nq,49,selection,100,7885,100,glob_probe,best_in_menu_on_eval,0.0,True,,2449498
hotpotqa,0,recalibration,5,495,5,ad_probe,ad_c(full_target_scalar_reference),0.01959459459459456,False,0.5476159649874586,2000801
hotpotqa,0,selection,5,495,5,glob_probe,best_in_menu_on_eval,0.0022972972972973293,True,,2000801
hotpotqa,1,recalibration,5,548,5,ad_probe,ad_c(full_target_scalar_reference),0.007499999999999951,False,0.3269667230461277,2001801
hotpotqa,1,selection,5,548,5,glob_probe,best_in_menu_on_eval,0.0022972972972973293,True,,2001801
hotpotqa,2,recalibration,5,529,5,ad_probe,ad_c(full_target_scalar_reference),0.0006756756756756133,True,0.025882613414159872,2002801
hotpotqa,2,selection,5,529,5,glob_probe,best_in_menu_on_eval,0.0022972972972972183,True,,2002801
hotpotqa,3,recalibration,5,546,5,ad_probe,ad_c(full_target_scalar_reference),0.011013513513513429,False,0.31274010731897417,2003801
hotpotqa,3,selection,5,546,5,glob_probe,best_in_menu_on_eval,0.0022972972972973293,True,,2003801
hotpotqa,4,recalibration,5,502,5,ad_probe,ad_c(full_target_scalar_reference),0.011216216216216268,False,0.3210358174975696,2004801
hotpotqa,4,selection,5,502,5,glob_probe,best_in_menu_on_eval,0.0022972972972973293,True,,2004801
hotpotqa,5,recalibration,5,510,5,ad_probe,ad_c(full_target_scalar_reference),0.001554054054054066,True,0.04754438075072076,2005801
hotpotqa,5,selection,5,510,5,glob_probe,best_in_menu_on_eval,0.0022972972972972183,True,,2005801
hotpotqa,6,recalibration,5,465,5,ad_probe,ad_c(full_target_scalar_reference),0.011486486486486536,False,0.5339803337641047,2006801
hotpotqa,6,selection,5,465,5,glob_probe,best_in_menu_on_eval,0.0022972972972973293,True,,2006801
hotpotqa,7,recalibration,5,508,5,ad_probe,ad_c(full_target_scalar_reference),0.008040540540540486,False,0.22362225162649163,2007801
hotpotqa,7,selection,5,508,5,glob_probe,best_in_menu_on_eval,0.0022972972972973293,True,,2007801
hotpotqa,8,recalibration,5,532,5,ad_probe,ad_c(full_target_scalar_reference),0.01101351351351354,False,0.31343058625914355,2008801
hotpotqa,8,selection,5,532,5,glob_probe,best_in_menu_on_eval,0.0022972972972972183,True,,2008801
hotpotqa,9,recalibration,5,505,5,ad_probe,ad_c(full_target_scalar_reference),0.0018918918918918726,True,0.07976593133809495,2009801
hotpotqa,9,selection,5,505,5,glob_probe,best_in_menu_on_eval,0.0022972972972973293,True,,2009801
hotpotqa,10,recalibration,5,531,5,ad_probe,ad_c(full_target_scalar_reference),0.0024324324324324076,True,0.11169189320047734,2010801
hotpotqa,10,selection,5,531,5,trunc,best_in_menu_on_eval,0.0,True,,2010801
hotpotqa,11,recalibration,5,498,5,ad_probe,ad_c(full_target_scalar_reference),0.00108108108108107,True,0.05410350583719947,2011801
hotpotqa,11,selection,5,498,5,glob_probe,best_in_menu_on_eval,0.0022972972972972183,True,,2011801
hotpotqa,12,recalibration,5,492,5,ad_probe,ad_c(full_target_scalar_reference),0.014054054054054022,False,0.6294054574439019,2012801
hotpotqa,12,selection,5,492,5,trunc,best_in_menu_on_eval,0.0,True,,2012801
hotpotqa,13,recalibration,5,433,5,ad_probe,ad_c(full_target_scalar_reference),0.00648648648648642,False,0.18352987640681695,2013801
hotpotqa,13,selection,5,433,5,glob_probe,best_in_menu_on_eval,0.0022972972972972183,True,,2013801
hotpotqa,14,recalibration,5,534,5,ad_probe,ad_c(full_target_scalar_reference),0.009527027027027013,False,0.42561075750884103,2014801
hotpotqa,14,selection,5,534,5,glob_probe,best_in_menu_on_eval,0.0022972972972973293,True,,2014801
hotpotqa,15,recalibration,5,520,5,ad_probe,ad_c(full_target_scalar_reference),0.006756756756756799,False,0.19211586679552806,2015801
hotpotqa,15,selection,5,520,5,glob_probe,best_in_menu_on_eval,0.0022972972972973293,True,,2015801
hotpotqa,16,recalibration,5,506,5,ad_probe,ad_c(full_target_scalar_reference),0.0011486486486487202,True,0.0560760362139876,2016801
hotpotqa,16,selection,5,506,5,glob_probe,best_in_menu_on_eval,0.0022972972972972183,True,,2016801
hotpotqa,17,recalibration,5,531,5,ad_probe,ad_c(full_target_scalar_reference),0.00979729729729728,False,0.26772794716943005,2017801
hotpotqa,17,selection,5,531,5,glob_probe,best_in_menu_on_eval,0.0022972972972973293,True,,2017801
hotpotqa,18,recalibration,5,530,5,ad_probe,ad_c(full_target_scalar_reference),0.011351351351351346,False,0.5195590957137888,2018801
hotpotqa,18,selection,5,530,5,glob_probe,best_in_menu_on_eval,0.0022972972972973293,True,,2018801
hotpotqa,19,recalibration,5,510,5,ad_probe,ad_c(full_target_scalar_reference),0.0066216216216216095,False,0.18963273061755825,2019801
hotpotqa,19,selection,5,510,5,glob_probe,best_in_menu_on_eval,0.0022972972972973293,True,,2019801
hotpotqa,20,recalibration,5,501,5,ad_probe,ad_c(full_target_scalar_reference),0.014729729729729746,False,0.4122855524671194,2020801
hotpotqa,20,selection,5,501,5,glob_probe,best_in_menu_on_eval,0.0022972972972973293,True,,2020801
hotpotqa,21,recalibration,5,540,5,ad_probe,ad_c(full_target_scalar_reference),0.014864864864864935,False,0.6741997671533635,2021801
hotpotqa,21,selection,5,540,5,glob_probe,best_in_menu_on_eval,0.0022972972972972183,True,,2021801
hotpotqa,22,recalibration,5,518,5,ad_probe,ad_c(full_target_scalar_reference),0.01439189189189194,False,0.6527347685475753,2022801
hotpotqa,22,selection,5,518,5,glob_probe,best_in_menu_on_eval,0.0022972972972972183,True,,2022801
hotpotqa,23,recalibration,5,521,5,ad_probe,ad_c(full_target_scalar_reference),0.0071621621621622555,False,0.31963720709867993,2023801
hotpotqa,23,selection,5,521,5,glob_probe,best_in_menu_on_eval,0.0022972972972972183,True,,2023801
hotpotqa,24,recalibration,5,510,5,ad_probe,ad_c(full_target_scalar_reference),0.01729729729729723,False,0.48978381713194663,2024801
hotpotqa,24,selection,5,510,5,glob_probe,best_in_menu_on_eval,0.0022972972972973293,True,,2024801
hotpotqa,25,recalibration,5,468,5,ad_probe,ad_c(full_target_scalar_reference),0.0007432432432432634,True,0.03117536371472407,2025801
hotpotqa,25,selection,5,468,5,glob_probe,best_in_menu_on_eval,0.0022972972972973293,True,,2025801
hotpotqa,26,recalibration,5,503,5,ad_probe,ad_c(full_target_scalar_reference),0.0050675675675675436,False,0.22910254499756966,2026801
hotpotqa,26,selection,5,503,5,glob_probe,best_in_menu_on_eval,0.0022972972972973293,True,,2026801
hotpotqa,27,recalibration,5,485,5,ad_probe,ad_c(full_target_scalar_reference),0.01749999999999996,False,0.49758975137533823,2027801
hotpotqa,27,selection,5,485,5,glob_probe,best_in_menu_on_eval,0.0022972972972972183,True,,2027801
hotpotqa,28,recalibration,5,502,5,ad_probe,ad_c(full_target_scalar_reference),0.0077027027027027906,False,0.21859495459751765,2028801
hotpotqa,28,selection,5,502,5,glob_probe,best_in_menu_on_eval,0.0022972972972973293,True,,2028801
hotpotqa,29,recalibration,5,509,5,ad_probe,ad_c(full_target_scalar_reference),0.0022297297297297902,True,0.09691276867595833,2029801
hotpotqa,29,selection,5,509,5,trunc,best_in_menu_on_eval,0.0,True,,2029801
hotpotqa,30,recalibration,5,523,5,ad_probe,ad_c(full_target_scalar_reference),0.0024324324324324076,True,0.11107828515201645,2030801
hotpotqa,30,selection,5,523,5,glob_probe,best_in_menu_on_eval,0.0022972972972973293,True,,2030801
hotpotqa,31,recalibration,5,529,5,ad_probe,ad_c(full_target_scalar_reference),0.00216216216216214,True,0.09691276867595833,2031801
hotpotqa,31,selection,5,529,5,glob_probe,best_in_menu_on_eval,0.0022972972972973293,True,,2031801
hotpotqa,32,recalibration,5,544,5,ad_probe,ad_c(full_target_scalar_reference),0.012770270270270223,False,0.36075195921846626,2032801
hotpotqa,32,selection,5,544,5,glob_probe,best_in_menu_on_eval,0.0022972972972973293,True,,2032801
hotpotqa,33,recalibration,5,501,5,ad_probe,ad_c(full_target_scalar_reference),0.012567567567567606,False,0.5750559852285166,2033801
hotpotqa,33,selection,5,501,5,glob_probe,best_in_menu_on_eval,0.0022972972972972183,True,,2033801
hotpotqa,34,recalibration,5,463,5,ad_probe,ad_c(full_target_scalar_reference),0.018378378378378413,False,0.5141438014274036,2034801
hotpotqa,34,selection,5,463,5,glob_probe,best_in_menu_on_eval,0.0022972972972973293,True,,2034801
hotpotqa,35,recalibration,5,471,5,ad_probe,ad_c(full_target_scalar_reference),0.004797297297297276,True,0.21149700854858122,2035801
hotpotqa,35,selection,5,471,5,glob_probe,best_in_menu_on_eval,0.0022972972972973293,True,,2035801
hotpotqa,36,recalibration,5,515,5,ad_probe,ad_c(full_target_scalar_reference),0.01527027027027028,False,0.6945190380634727,2036801
hotpotqa,36,selection,5,515,5,glob_probe,best_in_menu_on_eval,0.0022972972972973293,True,,2036801
hotpotqa,37,recalibration,5,506,5,ad_probe,ad_c(full_target_scalar_reference),0.007432432432432412,False,0.3266105564414208,2037801
hotpotqa,37,selection,5,506,5,glob_probe,best_in_menu_on_eval,0.0022972972972973293,True,,2037801
hotpotqa,38,recalibration,5,491,5,ad_probe,ad_c(full_target_scalar_reference),0.007094594594594605,False,0.3077405160252511,2038801
hotpotqa,38,selection,5,491,5,glob_probe,best_in_menu_on_eval,0.0022972972972973293,True,,2038801
hotpotqa,39,recalibration,5,514,5,ad_probe,ad_c(full_target_scalar_reference),0.008918918918918828,False,0.24536941018646563,2039801
hotpotqa,39,selection,5,514,5,glob_probe,best_in_menu_on_eval,0.0022972972972973293,True,,2039801
hotpotqa,40,recalibration,5,504,5,ad_probe,ad_c(full_target_scalar_reference),0.007972972972972947,False,0.3558316976186273,2040801
hotpotqa,40,selection,5,504,5,glob_probe,best_in_menu_on_eval,0.0022972972972973293,True,,2040801
hotpotqa,41,recalibration,5,522,5,ad_probe,ad_c(full_target_scalar_reference),0.0035810810810811278,True,0.1631192373733208,2041801
hotpotqa,41,selection,5,522,5,glob_probe,best_in_menu_on_eval,0.0022972972972973293,True,,2041801
hotpotqa,42,recalibration,5,464,5,ad_probe,ad_c(full_target_scalar_reference),0.013851351351351404,False,0.6251288541046931,2042801
hotpotqa,42,selection,5,464,5,glob_probe,best_in_menu_on_eval,0.0024324324324325186,True,,2042801
hotpotqa,43,recalibration,5,524,5,ad_probe,ad_c(full_target_scalar_reference),0.0018243243243243334,True,0.05375175309218827,2043801
hotpotqa,43,selection,5,524,5,glob_probe,best_in_menu_on_eval,0.0022972972972972183,True,,2043801
hotpotqa,44,recalibration,5,534,5,ad_probe,ad_c(full_target_scalar_reference),0.016959459459459536,False,0.7865587537772909,2044801
hotpotqa,44,selection,5,534,5,glob_probe,best_in_menu_on_eval,0.0022972972972973293,True,,2044801
hotpotqa,45,recalibration,5,538,5,ad_probe,ad_c(full_target_scalar_reference),0.01858108108108114,False,0.5155222498747192,2045801
hotpotqa,45,selection,5,538,5,glob_probe,best_in_menu_on_eval,0.0022972972972973293,True,,2045801
hotpotqa,46,recalibration,5,500,5,ad_probe,ad_c(full_target_scalar_reference),0.018310810810810874,False,0.8541194864068655,2046801
hotpotqa,46,selection,5,500,5,glob_probe,best_in_menu_on_eval,0.0022972972972973293,True,,2046801
hotpotqa,47,recalibration,5,496,5,ad_probe,ad_c(full_target_scalar_reference),0.014932432432432474,False,0.4204599536499045,2047801
hotpotqa,47,selection,5,496,5,glob_probe,best_in_menu_on_eval,0.0023648648648648685,True,,2047801
hotpotqa,48,recalibration,5,462,5,ad_probe,ad_c(full_target_scalar_reference),0.0018243243243243334,True,0.052547533128423085,2048801
hotpotqa,48,selection,5,462,5,glob_probe,best_in_menu_on_eval,0.002229729729729679,True,,2048801
hotpotqa,49,recalibration,5,479,5,ad_probe,ad_c(full_target_scalar_reference),0.024391891891891948,False,0.693484048133314,2049801
hotpotqa,49,selection,5,479,5,glob_probe,best_in_menu_on_eval,0.0022972972972973293,True,,2049801
hotpotqa,0,recalibration,10,970,10,ad_probe,ad_c(full_target_scalar_reference),0.011899932386747802,False,0.3431688147790275,739
hotpotqa,0,selection,10,970,10,trunc,best_in_menu_on_eval,0.0,True,,739
hotpotqa,1,recalibration,10,1049,10,ad_probe,ad_c(full_target_scalar_reference),0.001014198782961384,True,0.04452837067345672,1739
hotpotqa,1,selection,10,1049,10,trunc,best_in_menu_on_eval,0.0,True,,1739
hotpotqa,2,recalibration,10,1004,10,ad_probe,ad_c(full_target_scalar_reference),0.008586883029073733,False,0.3908763908840347,2739
hotpotqa,2,selection,10,1004,10,glob_probe,best_in_menu_on_eval,0.0023664638269100813,True,,2739
hotpotqa,3,recalibration,10,1033,10,ad_probe,ad_c(full_target_scalar_reference),0.010209601081812014,False,0.46739413170593935,3739
hotpotqa,3,selection,10,1033,10,glob_probe,best_in_menu_on_eval,0.0022988505747126853,True,,3739
hotpotqa,4,recalibration,10,1008,10,ad_probe,ad_c(full_target_scalar_reference),0.0022312373225152893,True,0.09967982065990566,4739
hotpotqa,4,selection,10,1008,10,glob_probe,best_in_menu_on_eval,0.0022988505747126853,True,,4739
hotpotqa,5,recalibration,10,936,10,ad_probe,ad_c(full_target_scalar_reference),0.016430020283975666,False,0.46969009297656616,5739
hotpotqa,5,selection,10,936,10,glob_probe,best_in_menu_on_eval,0.0022988505747125743,True,,5739
hotpotqa,6,recalibration,10,989,10,ad_probe,ad_c(full_target_scalar_reference),0.0010818120351588911,True,0.03770185321635311,6739
hotpotqa,6,selection,10,989,10,glob_probe,best_in_menu_on_eval,0.0022988505747125743,True,,6739
hotpotqa,7,recalibration,10,978,10,ad_probe,ad_c(full_target_scalar_reference),0.011426639621365697,False,0.3265127149815188,7739
hotpotqa,7,selection,10,978,10,glob_probe,best_in_menu_on_eval,0.0023664638269100813,True,,7739
hotpotqa,8,recalibration,10,994,10,ad_probe,ad_c(full_target_scalar_reference),0.0047329276538201626,True,0.21084574724851257,8739
hotpotqa,8,selection,10,994,10,glob_probe,best_in_menu_on_eval,0.0022988505747126853,True,,8739
hotpotqa,9,recalibration,10,926,10,ad_probe,ad_c(full_target_scalar_reference),0.010344827586206917,False,0.29179496313251607,9739
hotpotqa,9,selection,10,926,10,glob_probe,best_in_menu_on_eval,0.0022988505747125743,True,,9739
hotpotqa,10,recalibration,10,978,10,ad_probe,ad_c(full_target_scalar_reference),0.005206220419202157,False,0.2380509270788831,10739
hotpotqa,10,selection,10,978,10,glob_probe,best_in_menu_on_eval,0.0022988505747126853,True,,10739
hotpotqa,11,recalibration,10,1001,10,ad_probe,ad_c(full_target_scalar_reference),0.012440838404327303,False,0.570412368523342,11739
hotpotqa,11,selection,10,1001,10,trunc,best_in_menu_on_eval,0.0,True,,11739
hotpotqa,12,recalibration,10,992,10,ad_probe,ad_c(full_target_scalar_reference),0.0005409060175795011,True,0.022099111685371042,12739
hotpotqa,12,selection,10,992,10,glob_probe,best_in_menu_on_eval,0.0023664638269100813,True,,12739
hotpotqa,13,recalibration,10,1031,10,ad_probe,ad_c(full_target_scalar_reference),0.00480054090601767,True,0.21586214396840853,13739
hotpotqa,13,selection,10,1031,10,trunc,best_in_menu_on_eval,0.0,True,,13739
hotpotqa,14,recalibration,10,975,10,ad_probe,ad_c(full_target_scalar_reference),0.006693711967545646,False,0.19172069363900301,14739
hotpotqa,14,selection,10,975,10,trunc,best_in_menu_on_eval,0.0,True,,14739
hotpotqa,15,recalibration,10,1040,10,ad_probe,ad_c(full_target_scalar_reference),0.007640297498309634,False,0.3421943948970101,15739
hotpotqa,15,selection,10,1040,10,trunc,best_in_menu_on_eval,0.0,True,,15739
hotpotqa,16,recalibration,10,1065,10,ad_probe,ad_c(full_target_scalar_reference),0.0031778228532792774,True,0.14792402314504938,16739
hotpotqa,16,selection,10,1065,10,glob_probe,best_in_menu_on_eval,0.0022988505747125743,True,,16739
hotpotqa,17,recalibration,10,994,10,ad_probe,ad_c(full_target_scalar_reference),0.00716700473292764,False,0.2001905003882707,17739
hotpotqa,17,selection,10,994,10,glob_probe,best_in_menu_on_eval,0.0022988505747126853,True,,17739
hotpotqa,18,recalibration,10,1020,10,ad_probe,ad_c(full_target_scalar_reference),0.0011494252873562871,True,0.03836025083162675,18739
hotpotqa,18,selection,10,1020,10,trunc,best_in_menu_on_eval,0.0,True,,18739
hotpotqa,19,recalibration,10,1066,10,ad_probe,ad_c(full_target_scalar_reference),0.012914131169709298,False,0.594334245416418,19739
hotpotqa,19,selection,10,1066,10,glob_probe,best_in_menu_on_eval,0.0022988505747126853,True,,19739
hotpotqa,20,recalibration,10,987,10,ad_probe,ad_c(full_target_scalar_reference),0.012102772143340101,False,0.34869368351973096,20739
hotpotqa,20,selection,10,987,10,glob_probe,best_in_menu_on_eval,0.0022988505747125743,True,,20739
hotpotqa,21,recalibration,10,1026,10,ad_probe,ad_c(full_target_scalar_reference),0.005138607167004761,False,0.23457845221153995,21739
hotpotqa,21,selection,10,1026,10,glob_probe,best_in_menu_on_eval,0.0022988505747125743,True,,21739
hotpotqa,22,recalibration,10,1042,10,ad_probe,ad_c(full_target_scalar_reference),0.009803921568627416,False,0.26747983298650424,22739
hotpotqa,22,selection,10,1042,10,glob_probe,best_in_menu_on_eval,0.0022988505747125743,True,,22739
hotpotqa,23,recalibration,10,949,10,ad_probe,ad_c(full_target_scalar_reference),0.00513860716700465,False,0.13843707208618983,23739
hotpotqa,23,selection,10,949,10,glob_probe,best_in_menu_on_eval,0.0022988505747126853,True,,23739
hotpotqa,24,recalibration,10,981,10,ad_probe,ad_c(full_target_scalar_reference),0.01670047329276536,False,0.4726612326739934,24739
hotpotqa,24,selection,10,981,10,glob_probe,best_in_menu_on_eval,0.0022988505747126853,True,,24739
hotpotqa,25,recalibration,10,1003,10,ad_probe,ad_c(full_target_scalar_reference),0.0006761325219744041,True,0.030136262417228332,25739
hotpotqa,25,selection,10,1003,10,glob_probe,best_in_menu_on_eval,0.0022988505747126853,True,,25739
hotpotqa,26,recalibration,10,982,10,ad_probe,ad_c(full_target_scalar_reference),0.0025016903313048733,True,0.07044844269374817,26739
hotpotqa,26,selection,10,982,10,glob_probe,best_in_menu_on_eval,0.0023664638269100813,True,,26739
hotpotqa,27,recalibration,10,987,10,ad_probe,ad_c(full_target_scalar_reference),0.008045977011494343,False,0.22263369544108147,27739
hotpotqa,27,selection,10,987,10,glob_probe,best_in_menu_on_eval,0.0022988505747125743,True,,27739
hotpotqa,28,recalibration,10,1039,10,ad_probe,ad_c(full_target_scalar_reference),0.0038539553752534594,True,0.11448548146307136,28739
hotpotqa,28,selection,10,1039,10,trunc,best_in_menu_on_eval,0.0,True,,28739
hotpotqa,29,recalibration,10,1049,10,ad_probe,ad_c(full_target_scalar_reference),0.00919540229885063,False,0.40754064848844407,29739
hotpotqa,29,selection,10,1049,10,glob_probe,best_in_menu_on_eval,0.0022988505747126853,True,,29739
hotpotqa,30,recalibration,10,960,10,ad_probe,ad_c(full_target_scalar_reference),0.007572684246112238,False,0.21150062201276665,30739
hotpotqa,30,selection,10,960,10,glob_probe,best_in_menu_on_eval,0.0022988505747126853,True,,30739
hotpotqa,31,recalibration,10,989,10,ad_probe,ad_c(full_target_scalar_reference),0.005409060175794456,False,0.2464382396459912,31739
hotpotqa,31,selection,10,989,10,glob_probe,best_in_menu_on_eval,0.0022988505747126853,True,,31739
hotpotqa,32,recalibration,10,964,10,ad_probe,ad_c(full_target_scalar_reference),0.006828938471940438,False,0.1926128051262621,32739
hotpotqa,32,selection,10,964,10,glob_probe,best_in_menu_on_eval,0.0023664638269100813,True,,32739
hotpotqa,33,recalibration,10,1027,10,ad_probe,ad_c(full_target_scalar_reference),0.0013522650439485862,True,0.06121111911408561,33739
hotpotqa,33,selection,10,1027,10,glob_probe,best_in_menu_on_eval,0.0022988505747126853,True,,33739
hotpotqa,34,recalibration,10,1015,10,ad_probe,ad_c(full_target_scalar_reference),0.0033806626098714654,True,0.15729568419065365,34739
hotpotqa,34,selection,10,1015,10,glob_probe,best_in_menu_on_eval,0.0022988505747126853,True,,34739
hotpotqa,35,recalibration,10,1020,10,ad_probe,ad_c(full_target_scalar_reference),0.006828938471940438,False,0.2979734808433647,35739
hotpotqa,35,selection,10,1020,10,glob_probe,best_in_menu_on_eval,0.0022988505747125743,True,,35739
hotpotqa,36,recalibration,10,1055,10,ad_probe,ad_c(full_target_scalar_reference),0.0010818120351588911,True,0.05575485869272545,36739
hotpotqa,36,selection,10,1055,10,glob_probe,best_in_menu_on_eval,0.0023664638269100813,True,,36739
hotpotqa,37,recalibration,10,1025,10,ad_probe,ad_c(full_target_scalar_reference),0.0010141987829614951,True,0.051514871490977,37739
hotpotqa,37,selection,10,1025,10,glob_probe,best_in_menu_on_eval,0.0022988505747126853,True,,37739
hotpotqa,38,recalibration,10,900,10,ad_probe,ad_c(full_target_scalar_reference),0.010344827586206917,False,0.29136848713255703,38739
hotpotqa,38,selection,10,900,10,glob_probe,best_in_menu_on_eval,0.0023664638269100813,True,,38739
hotpotqa,39,recalibration,10,882,10,ad_probe,ad_c(full_target_scalar_reference),0.016768086544962757,False,0.4767169739303869,39739
hotpotqa,39,selection,10,882,10,glob_probe,best_in_menu_on_eval,0.0022988505747125743,True,,39739
hotpotqa,40,recalibration,10,1096,10,ad_probe,ad_c(full_target_scalar_reference),0.0043948613928330715,True,0.20128611629809678,40739
hotpotqa,40,selection,10,1096,10,trunc,best_in_menu_on_eval,0.0,True,,40739
hotpotqa,41,recalibration,10,1062,10,ad_probe,ad_c(full_target_scalar_reference),0.0037187288708586674,True,0.11213211467949846,41739
hotpotqa,41,selection,10,1062,10,trunc,best_in_menu_on_eval,0.0,True,,41739
hotpotqa,42,recalibration,10,920,10,ad_probe,ad_c(full_target_scalar_reference),0.00033806626098720205,True,0.01970191176593672,42739
hotpotqa,42,selection,10,920,10,trunc,best_in_menu_on_eval,0.0,True,,42739
hotpotqa,43,recalibration,10,1018,10,ad_probe,ad_c(full_target_scalar_reference),0.009871534820824923,False,0.27666872540696996,43739
hotpotqa,43,selection,10,1018,10,glob_probe,best_in_menu_on_eval,0.0022988505747126853,True,,43739
hotpotqa,44,recalibration,10,1072,10,ad_probe,ad_c(full_target_scalar_reference),0.010074374577417111,False,0.46450107551772546,44739
hotpotqa,44,selection,10,1072,10,glob_probe,best_in_menu_on_eval,0.0023664638269100813,True,,44739
hotpotqa,45,recalibration,10,1009,10,ad_probe,ad_c(full_target_scalar_reference),0.0046653144016226555,True,0.21033098802046912,45739
hotpotqa,45,selection,10,1009,10,glob_probe,best_in_menu_on_eval,0.0022988505747125743,True,,45739
hotpotqa,46,recalibration,10,962,10,ad_probe,ad_c(full_target_scalar_reference),0.00513860716700465,False,0.13924330630140758,46739
hotpotqa,46,selection,10,962,10,glob_probe,best_in_menu_on_eval,0.0022988505747125743,True,,46739
hotpotqa,47,recalibration,10,1026,10,ad_probe,ad_c(full_target_scalar_reference),0.006964164976335341,False,0.19721502899289622,47739
hotpotqa,47,selection,10,1026,10,glob_probe,best_in_menu_on_eval,0.0022988505747125743,True,,47739
hotpotqa,48,recalibration,10,1010,10,ad_probe,ad_c(full_target_scalar_reference),0.0021636240703177823,True,0.0915444770620828,48739
hotpotqa,48,selection,10,1010,10,glob_probe,best_in_menu_on_eval,0.0022988505747125743,True,,48739
hotpotqa,49,recalibration,10,1020,10,ad_probe,ad_c(full_target_scalar_reference),0.0041920216362407725,True,0.1196999584355356,49739
hotpotqa,49,selection,10,1020,10,glob_probe,best_in_menu_on_eval,0.0022988505747126853,True,,49739
hotpotqa,0,recalibration,20,1988,20,ad_probe,ad_c(full_target_scalar_reference),0.00291130670277584,True,0.08345406042158765,2200822
hotpotqa,0,selection,20,1988,20,glob_probe,best_in_menu_on_eval,0.002301963439404253,True,,2200822
hotpotqa,1,recalibration,20,1988,20,ad_probe,ad_c(full_target_scalar_reference),0.00257278266756944,True,0.07070032924264091,2201822
hotpotqa,1,selection,20,1988,20,trunc,best_in_menu_on_eval,0.0,True,,2201822
hotpotqa,2,recalibration,20,2100,20,ad_probe,ad_c(full_target_scalar_reference),0.0017603249830737688,True,0.051925178791488724,2202822
hotpotqa,2,selection,20,2100,20,glob_probe,best_in_menu_on_eval,0.0023696682464454666,True,,2202822
hotpotqa,3,recalibration,20,2139,20,ad_probe,ad_c(full_target_scalar_reference),0.009614082599864626,False,0.44254334028937925,2203822
hotpotqa,3,selection,20,2139,20,glob_probe,best_in_menu_on_eval,0.0023696682464454666,True,,2203822
hotpotqa,4,recalibration,20,1964,20,ad_probe,ad_c(full_target_scalar_reference),0.004265402843601884,True,0.12115549329713238,2204822
hotpotqa,4,selection,20,1964,20,glob_probe,best_in_menu_on_eval,0.0023696682464454666,True,,2204822
hotpotqa,5,recalibration,20,1953,20,ad_probe,ad_c(full_target_scalar_reference),0.007786052809749422,False,0.21555835389270306,2205822
hotpotqa,5,selection,20,1953,20,glob_probe,best_in_menu_on_eval,0.002301963439404253,True,,2205822
hotpotqa,6,recalibration,20,2057,20,ad_probe,ad_c(full_target_scalar_reference),0.005213270142180093,False,0.14352159473729986,2206822
hotpotqa,6,selection,20,2057,20,glob_probe,best_in_menu_on_eval,0.0023696682464454666,True,,2206822
hotpotqa,7,recalibration,20,2075,20,ad_probe,ad_c(full_target_scalar_reference),0.003723764387271511,True,0.11355804570559447,2207822
hotpotqa,7,selection,20,2075,20,glob_probe,best_in_menu_on_eval,0.002301963439404142,True,,2207822
hotpotqa,8,recalibration,20,1974,20,ad_probe,ad_c(full_target_scalar_reference),0.0037237643872714,True,0.11272834050394143,2208822
hotpotqa,8,selection,20,1974,20,glob_probe,best_in_menu_on_eval,0.002301963439404253,True,,2208822
hotpotqa,9,recalibration,20,2001,20,ad_probe,ad_c(full_target_scalar_reference),0.004265402843601884,True,0.12096072050479711,2209822
hotpotqa,9,selection,20,2001,20,glob_probe,best_in_menu_on_eval,0.002301963439404253,True,,2209822
hotpotqa,10,recalibration,20,2061,20,ad_probe,ad_c(full_target_scalar_reference),0.002301963439404142,True,0.10426921408604062,2210822
hotpotqa,10,selection,20,2061,20,glob_probe,best_in_menu_on_eval,0.002301963439404253,True,,2210822
hotpotqa,11,recalibration,20,2059,20,ad_probe,ad_c(full_target_scalar_reference),0.0017603249830737688,True,0.051552984910626654,2211822
hotpotqa,11,selection,20,2059,20,glob_probe,best_in_menu_on_eval,0.002301963439404142,True,,2211822
hotpotqa,12,recalibration,20,1990,20,ad_probe,ad_c(full_target_scalar_reference),0.008056872037914609,False,0.3658228300077855,2212822
hotpotqa,12,selection,20,1990,20,trunc,best_in_menu_on_eval,0.0,True,,2212822
hotpotqa,13,recalibration,20,2027,20,ad_probe,ad_c(full_target_scalar_reference),0.004874746106973582,True,0.2250388524728153,2213822
hotpotqa,13,selection,20,2027,20,glob_probe,best_in_menu_on_eval,0.0023696682464454666,True,,2213822
hotpotqa,14,recalibration,20,1911,20,ad_probe,ad_c(full_target_scalar_reference),0.007447528774543022,False,0.20837231825882374,2214822
hotpotqa,14,selection,20,1911,20,glob_probe,best_in_menu_on_eval,0.0023696682464454666,True,,2214822
hotpotqa,15,recalibration,20,1948,20,ad_probe,ad_c(full_target_scalar_reference),0.0010832769126608577,True,0.037477519513891444,2215822
hotpotqa,15,selection,20,1948,20,trunc,best_in_menu_on_eval,0.0,True,,2215822
hotpotqa,16,recalibration,20,2058,20,ad_probe,ad_c(full_target_scalar_reference),0.009546377792823302,False,0.43544711399210523,2216822
hotpotqa,16,selection,20,2058,20,glob_probe,best_in_menu_on_eval,0.002301963439404253,True,,2216822
hotpotqa,17,recalibration,20,1988,20,ad_probe,ad_c(full_target_scalar_reference),0.0038591740013540488,True,0.17374624406021844,2217822
hotpotqa,17,selection,20,1988,20,glob_probe,best_in_menu_on_eval,0.002301963439404253,True,,2217822
hotpotqa,18,recalibration,20,2105,20,ad_probe,ad_c(full_target_scalar_reference),0.007244414353419049,False,0.31471124109513027,2218822
hotpotqa,18,selection,20,2105,20,trunc,best_in_menu_on_eval,0.0,True,,2218822
hotpotqa,19,recalibration,20,2092,20,ad_probe,ad_c(full_target_scalar_reference),0.0041299932295193464,True,0.186988132309575,2219822
hotpotqa,19,selection,20,2092,20,trunc,best_in_menu_on_eval,0.0,True,,2219822
hotpotqa,20,recalibration,20,1924,20,ad_probe,ad_c(full_target_scalar_reference),0.00257278266756944,True,0.072297602237269,2220822
hotpotqa,20,selection,20,1924,20,glob_probe,best_in_menu_on_eval,0.0023696682464454666,True,,2220822
hotpotqa,21,recalibration,20,1989,20,ad_probe,ad_c(full_target_scalar_reference),0.005687203791469142,False,0.15416481491366496,2221822
hotpotqa,21,selection,20,1989,20,glob_probe,best_in_menu_on_eval,0.0023696682464454666,True,,2221822
hotpotqa,22,recalibration,20,1968,20,ad_probe,ad_c(full_target_scalar_reference),0.00020311442112386224,True,0.006319223741254154,2222822
hotpotqa,22,selection,20,1968,20,glob_probe,best_in_menu_on_eval,0.0023696682464454666,True,,2222822
hotpotqa,23,recalibration,20,1910,20,ad_probe,ad_c(full_target_scalar_reference),0.0031821259309410266,True,0.09642983378243764,2223822
hotpotqa,23,selection,20,1910,20,glob_probe,best_in_menu_on_eval,0.002437373053486791,True,,2223822
hotpotqa,24,recalibration,20,1951,20,ad_probe,ad_c(full_target_scalar_reference),0.009884901828029813,False,0.27504508382620974,2224822
hotpotqa,24,selection,20,1951,20,trunc,best_in_menu_on_eval,0.0,True,,2224822
hotpotqa,25,recalibration,20,1997,20,ad_probe,ad_c(full_target_scalar_reference),0.008530805687203769,False,0.38337710201745234,2225822
hotpotqa,25,selection,20,1997,20,glob_probe,best_in_menu_on_eval,0.0023696682464455776,True,,2225822
hotpotqa,26,recalibration,20,2020,20,ad_probe,ad_c(full_target_scalar_reference),0.0008801624915368844,True,0.03524792098331919,2226822
hotpotqa,26,selection,20,2020,20,glob_probe,best_in_menu_on_eval,0.002437373053486791,True,,2226822
hotpotqa,27,recalibration,20,1862,20,ad_probe,ad_c(full_target_scalar_reference),0.0,True,0.001446729658244772,2227822
hotpotqa,27,selection,20,1862,20,glob_probe,best_in_menu_on_eval,0.0025050778605281154,True,,2227822
hotpotqa,28,recalibration,20,1956,20,ad_probe,ad_c(full_target_scalar_reference),0.005145565335138769,False,0.13858696952393657,2228822
hotpotqa,28,selection,20,1956,20,glob_probe,best_in_menu_on_eval,0.002301963439404253,True,,2228822
hotpotqa,29,recalibration,20,1875,20,ad_probe,ad_c(full_target_scalar_reference),0.010155721056194889,False,0.2866569561833676,2229822
hotpotqa,29,selection,20,1875,20,trunc,best_in_menu_on_eval,0.0,True,,2229822
hotpotqa,30,recalibration,20,2055,20,ad_probe,ad_c(full_target_scalar_reference),0.010900473933649235,False,0.5006111401149,2230822
hotpotqa,30,selection,20,2055,20,glob_probe,best_in_menu_on_eval,0.002301963439404253,True,,2230822
hotpotqa,31,recalibration,20,1876,20,ad_probe,ad_c(full_target_scalar_reference),0.009410968178740653,False,0.25954419567051445,2231822
hotpotqa,31,selection,20,1876,20,glob_probe,best_in_menu_on_eval,0.002301963439404253,True,,2231822
hotpotqa,32,recalibration,20,2127,20,ad_probe,ad_c(full_target_scalar_reference),0.0010155721056195333,True,0.043482727565058665,2232822
hotpotqa,32,selection,20,2127,20,glob_probe,best_in_menu_on_eval,0.002437373053486791,True,,2232822
hotpotqa,33,recalibration,20,1990,20,ad_probe,ad_c(full_target_scalar_reference),0.00027081922816518667,True,0.007887045018450944,2233822
hotpotqa,33,selection,20,1990,20,glob_probe,best_in_menu_on_eval,0.002301963439404142,True,,2233822
hotpotqa,34,recalibration,20,1880,20,ad_probe,ad_c(full_target_scalar_reference),0.0009478672985782088,True,0.039706533260644106,2234822
hotpotqa,34,selection,20,1880,20,glob_probe,best_in_menu_on_eval,0.002301963439404142,True,,2234822
hotpotqa,35,recalibration,20,1937,20,ad_probe,ad_c(full_target_scalar_reference),0.0022342586323628177,True,0.09875755235432737,2235822
hotpotqa,35,selection,20,1937,20,glob_probe,best_in_menu_on_eval,0.002437373053486791,True,,2235822
hotpotqa,36,recalibration,20,1954,20,ad_probe,ad_c(full_target_scalar_reference),0.012322274881516604,False,0.35144894893794465,2236822
hotpotqa,36,selection,20,1954,20,glob_probe,best_in_menu_on_eval,0.002437373053486791,True,,2236822
hotpotqa,37,recalibration,20,2003,20,ad_probe,ad_c(full_target_scalar_reference),0.005416384563303955,False,0.15102425940517406,2237822
hotpotqa,37,selection,20,2003,20,glob_probe,best_in_menu_on_eval,0.002301963439404253,True,,2237822
hotpotqa,38,recalibration,20,1981,20,ad_probe,ad_c(full_target_scalar_reference),0.0006770480704130222,True,0.027533989009964843,2238822
hotpotqa,38,selection,20,1981,20,glob_probe,best_in_menu_on_eval,0.0023696682464455776,True,,2238822
hotpotqa,39,recalibration,20,2133,20,ad_probe,ad_c(full_target_scalar_reference),0.0028436018957346265,True,0.12995797164271772,2239822
hotpotqa,39,selection,20,2133,20,trunc,best_in_menu_on_eval,0.0,True,,2239822
hotpotqa,40,recalibration,20,2013,20,ad_probe,ad_c(full_target_scalar_reference),0.0003385240352065111,True,0.02062048467348432,2240822
hotpotqa,40,selection,20,2013,20,glob_probe,best_in_menu_on_eval,0.0023696682464455776,True,,2240822
hotpotqa,41,recalibration,20,2045,20,ad_probe,ad_c(full_target_scalar_reference),0.0016926201760325554,True,0.0733147159426768,2241822
hotpotqa,41,selection,20,2045,20,trunc,best_in_menu_on_eval,0.0,True,,2241822
hotpotqa,42,recalibration,20,1963,20,ad_probe,ad_c(full_target_scalar_reference),0.009410968178740764,False,0.2589649921903876,2242822
hotpotqa,42,selection,20,1963,20,glob_probe,best_in_menu_on_eval,0.002301963439404253,True,,2242822
hotpotqa,43,recalibration,20,1968,20,ad_probe,ad_c(full_target_scalar_reference),0.011509817197020933,False,0.3291941776341336,2243822
hotpotqa,43,selection,20,1968,20,glob_probe,best_in_menu_on_eval,0.0023696682464454666,True,,2243822
hotpotqa,44,recalibration,20,2001,20,ad_probe,ad_c(full_target_scalar_reference),0.007786052809749533,False,0.21550611340580095,2244822
hotpotqa,44,selection,20,2001,20,trunc,best_in_menu_on_eval,0.0,True,,2244822
hotpotqa,45,recalibration,20,2010,20,ad_probe,ad_c(full_target_scalar_reference),0.0031821259309411376,True,0.09615307241744175,2245822
hotpotqa,45,selection,20,2010,20,trunc,best_in_menu_on_eval,0.0,True,,2245822
hotpotqa,46,recalibration,20,2044,20,ad_probe,ad_c(full_target_scalar_reference),0.004062288422478022,True,0.1818791319631703,2246822
hotpotqa,46,selection,20,2044,20,glob_probe,best_in_menu_on_eval,0.0023696682464454666,True,,2246822
hotpotqa,47,recalibration,20,2088,20,ad_probe,ad_c(full_target_scalar_reference),0.0021665538253216043,True,0.08973179404244269,2247822
hotpotqa,47,selection,20,2088,20,glob_probe,best_in_menu_on_eval,0.002301963439404142,True,,2247822
hotpotqa,48,recalibration,20,1944,20,ad_probe,ad_c(full_target_scalar_reference),0.006431956668923489,False,0.17803764367620212,2248822
hotpotqa,48,selection,20,1944,20,trunc,best_in_menu_on_eval,0.0,True,,2248822
hotpotqa,49,recalibration,20,1899,20,ad_probe,ad_c(full_target_scalar_reference),0.004400812457684533,True,0.1925966185790211,2249822
hotpotqa,49,selection,20,1899,20,trunc,best_in_menu_on_eval,0.0,True,,2249822
hotpotqa,0,recalibration,50,4918,50,ad_probe,ad_c(full_target_scalar_reference),0.00047586675730793004,True,0.021343503939490027,2300473
hotpotqa,0,selection,50,4918,50,glob_probe,best_in_menu_on_eval,0.0023113528212100887,True,,2300473
hotpotqa,1,recalibration,50,5024,50,ad_probe,ad_c(full_target_scalar_reference),0.004146838885112136,True,0.18652115184707685,2301473
hotpotqa,1,selection,50,5024,50,trunc,best_in_menu_on_eval,0.0,True,,2301473
hotpotqa,2,recalibration,50,4961,50,ad_probe,ad_c(full_target_scalar_reference),0.0047586675730795225,True,0.13033500699807665,2302473
hotpotqa,2,selection,50,4961,50,trunc,best_in_menu_on_eval,0.0,True,,2302473
hotpotqa,3,recalibration,50,5106,50,ad_probe,ad_c(full_target_scalar_reference),0.0021753908905506325,True,0.08970658659223552,2303473
hotpotqa,3,selection,50,5106,50,glob_probe,best_in_menu_on_eval,0.0023113528212100887,True,,2303473
hotpotqa,4,recalibration,50,5046,50,ad_probe,ad_c(full_target_scalar_reference),0.0060503059143439675,False,0.27106321343578954,2304473
hotpotqa,4,selection,50,5046,50,trunc,best_in_menu_on_eval,0.0,True,,2304473
hotpotqa,5,recalibration,50,5015,50,ad_probe,ad_c(full_target_scalar_reference),0.00047586675730793004,True,0.021336457411289755,2305473
hotpotqa,5,selection,50,5015,50,glob_probe,best_in_menu_on_eval,0.0023113528212100887,True,,2305473
hotpotqa,6,recalibration,50,5128,50,ad_probe,ad_c(full_target_scalar_reference),0.0036709721278042062,True,0.16890879746577814,2306473
hotpotqa,6,selection,50,5128,50,trunc,best_in_menu_on_eval,0.0,True,,2306473
hotpotqa,7,recalibration,50,4992,50,ad_probe,ad_c(full_target_scalar_reference),0.007138001359619284,False,0.19949473700569298,2307473
hotpotqa,7,selection,50,4992,50,glob_probe,best_in_menu_on_eval,0.0023793337865397612,True,,2307473
hotpotqa,8,recalibration,50,5047,50,ad_probe,ad_c(full_target_scalar_reference),0.0015635622025833573,True,0.06366228583647149,2308473
hotpotqa,8,selection,50,5047,50,trunc,best_in_menu_on_eval,0.0,True,,2308473
hotpotqa,9,recalibration,50,5063,50,ad_probe,ad_c(full_target_scalar_reference),0.00258327668252889,True,0.11520647384010485,2309473
hotpotqa,9,selection,50,5063,50,trunc,best_in_menu_on_eval,0.0,True,,2309473
hotpotqa,10,recalibration,50,5063,50,ad_probe,ad_c(full_target_scalar_reference),0.0033310673011557324,True,0.09966686244993483,2310473
hotpotqa,10,selection,50,5063,50,glob_probe,best_in_menu_on_eval,0.0023113528212099776,True,,2310473
hotpotqa,11,recalibration,50,4991,50,ad_probe,ad_c(full_target_scalar_reference),0.001291638341264445,True,0.05756027588240875,2311473
hotpotqa,11,selection,50,4991,50,trunc,best_in_menu_on_eval,0.0,True,,2311473
hotpotqa,12,recalibration,50,5059,50,ad_probe,ad_c(full_target_scalar_reference),0.0010197144799456437,True,0.046420983176062025,2312473
hotpotqa,12,selection,50,5059,50,trunc,best_in_menu_on_eval,0.0,True,,2312473
hotpotqa,13,recalibration,50,5105,50,ad_probe,ad_c(full_target_scalar_reference),0.0003399048266484739,True,0.01853145786197774,2313473
hotpotqa,13,selection,50,5105,50,glob_probe,best_in_menu_on_eval,0.002447314751869434,True,,2313473
hotpotqa,14,recalibration,50,4940,50,ad_probe,ad_c(full_target_scalar_reference),0.004350781781101265,True,0.18980217570674252,2314473
hotpotqa,14,selection,50,4940,50,trunc,best_in_menu_on_eval,0.0,True,,2314473
hotpotqa,15,recalibration,50,5024,50,ad_probe,ad_c(full_target_scalar_reference),0.0036029911624745337,True,0.16574818435571825,2315473
hotpotqa,15,selection,50,5024,50,glob_probe,best_in_menu_on_eval,0.0023113528212100887,True,,2315473
hotpotqa,16,recalibration,50,4945,50,ad_probe,ad_c(full_target_scalar_reference),0.0021753908905506325,True,0.10064747597545387,2316473
hotpotqa,16,selection,50,4945,50,glob_probe,best_in_menu_on_eval,0.0025152957171992174,True,,2316473
hotpotqa,17,recalibration,50,5005,50,ad_probe,ad_c(full_target_scalar_reference),0.00353501019714475,True,0.10445520597720548,2317473
hotpotqa,17,selection,50,5005,50,glob_probe,best_in_menu_on_eval,0.0023793337865397612,True,,2317473
hotpotqa,18,recalibration,50,5088,50,ad_probe,ad_c(full_target_scalar_reference),0.006798096532970699,False,0.19306315464000767,2318473
hotpotqa,18,selection,50,5088,50,glob_probe,best_in_menu_on_eval,0.002447314751869545,True,,2318473
hotpotqa,19,recalibration,50,5045,50,ad_probe,ad_c(full_target_scalar_reference),0.003535010197144861,True,0.10764247813713701,2319473
hotpotqa,19,selection,50,5045,50,trunc,best_in_menu_on_eval,0.0,True,,2319473
hotpotqa,20,recalibration,50,4968,50,ad_probe,ad_c(full_target_scalar_reference),0.00421481985044192,True,0.12015300648039084,2320473
hotpotqa,20,selection,50,4968,50,trunc,best_in_menu_on_eval,0.0,True,,2320473
hotpotqa,21,recalibration,50,5101,50,ad_probe,ad_c(full_target_scalar_reference),0.004146838885112136,True,0.18342733964286517,2321473
hotpotqa,21,selection,50,5101,50,trunc,best_in_menu_on_eval,0.0,True,,2321473
hotpotqa,22,recalibration,50,5010,50,ad_probe,ad_c(full_target_scalar_reference),0.0010876954452753163,True,0.036926495495660516,2322473
hotpotqa,22,selection,50,5010,50,glob_probe,best_in_menu_on_eval,0.0023793337865397612,True,,2322473
hotpotqa,23,recalibration,50,5068,50,ad_probe,ad_c(full_target_scalar_reference),0.0016995241332427025,True,0.07586631625263984,2323473
hotpotqa,23,selection,50,5068,50,trunc,best_in_menu_on_eval,0.0,True,,2323473
hotpotqa,24,recalibration,50,5126,50,ad_probe,ad_c(full_target_scalar_reference),0.0014955812372535737,True,0.04730353197262249,2324473
hotpotqa,24,selection,50,5126,50,glob_probe,best_in_menu_on_eval,0.0023113528212100887,True,,2324473
hotpotqa,25,recalibration,50,5055,50,ad_probe,ad_c(full_target_scalar_reference),0.0002719238613188013,True,0.009221004854782278,2325473
hotpotqa,25,selection,50,5055,50,glob_probe,best_in_menu_on_eval,0.0025152957171992174,True,,2325473
hotpotqa,26,recalibration,50,5078,50,ad_probe,ad_c(full_target_scalar_reference),0.0016995241332427025,True,0.07279462102654288,2326473
hotpotqa,26,selection,50,5078,50,trunc,best_in_menu_on_eval,0.0,True,,2326473
hotpotqa,27,recalibration,50,4982,50,ad_probe,ad_c(full_target_scalar_reference),0.0,True,0.005217267855108121,2327473
hotpotqa,27,selection,50,4982,50,glob_probe,best_in_menu_on_eval,0.0023793337865397612,True,,2327473
hotpotqa,28,recalibration,50,5043,50,ad_probe,ad_c(full_target_scalar_reference),0.0006798096532970588,True,0.025767658968139484,2328473
hotpotqa,28,selection,50,5043,50,glob_probe,best_in_menu_on_eval,0.002447314751869545,True,,2328473
hotpotqa,29,recalibration,50,4929,50,ad_probe,ad_c(full_target_scalar_reference),0.008157715839564927,False,0.23447542479678596,2329473
hotpotqa,29,selection,50,4929,50,glob_probe,best_in_menu_on_eval,0.0023793337865398723,True,,2329473
hotpotqa,30,recalibration,50,5007,50,ad_probe,ad_c(full_target_scalar_reference),0.005710401087695494,False,0.15544962998747835,2330473
hotpotqa,30,selection,50,5007,50,trunc,best_in_menu_on_eval,0.0,True,,2330473
hotpotqa,31,recalibration,50,5057,50,ad_probe,ad_c(full_target_scalar_reference),0.0016315431679130299,True,0.0679659616750341,2331473
hotpotqa,31,selection,50,5057,50,glob_probe,best_in_menu_on_eval,0.0025152957171992174,True,,2331473
hotpotqa,32,recalibration,50,5041,50,ad_probe,ad_c(full_target_scalar_reference),0.0027872195785180187,True,0.1264138479953434,2332473
hotpotqa,32,selection,50,5041,50,trunc,best_in_menu_on_eval,0.0,True,,2332473
hotpotqa,33,recalibration,50,5089,50,ad_probe,ad_c(full_target_scalar_reference),0.0016995241332427025,True,0.07080720895700554,2333473
hotpotqa,33,selection,50,5089,50,glob_probe,best_in_menu_on_eval,0.0023793337865397612,True,,2333473
hotpotqa,34,recalibration,50,4858,50,ad_probe,ad_c(full_target_scalar_reference),0.002923181509177364,True,0.07865867435496532,2334473
hotpotqa,34,selection,50,4858,50,glob_probe,best_in_menu_on_eval,0.0023113528212100887,True,,2334473
hotpotqa,35,recalibration,50,5019,50,ad_probe,ad_c(full_target_scalar_reference),0.002243371855880305,True,0.09806968613302813,2335473
hotpotqa,35,selection,50,5019,50,glob_probe,best_in_menu_on_eval,0.0023793337865398723,True,,2335473
hotpotqa,36,recalibration,50,4849,50,ad_probe,ad_c(full_target_scalar_reference),0.003535010197144861,True,0.10499069329473065,2336473
hotpotqa,36,selection,50,4849,50,trunc,best_in_menu_on_eval,0.0,True,,2336473
hotpotqa,37,recalibration,50,4995,50,ad_probe,ad_c(full_target_scalar_reference),0.0025152957171992174,True,0.06995921016149675,2337473
hotpotqa,37,selection,50,4995,50,glob_probe,best_in_menu_on_eval,0.0023793337865397612,True,,2337473
hotpotqa,38,recalibration,50,4968,50,ad_probe,ad_c(full_target_scalar_reference),0.003874915023793335,True,0.17771520477804725,2338473
hotpotqa,38,selection,50,4968,50,glob_probe,best_in_menu_on_eval,0.0023793337865398723,True,,2338473
hotpotqa,39,recalibration,50,4891,50,ad_probe,ad_c(full_target_scalar_reference),0.0028552005438476913,True,0.13092828194758055,2339473
hotpotqa,39,selection,50,4891,50,glob_probe,best_in_menu_on_eval,0.002447314751869545,True,,2339473
hotpotqa,40,recalibration,50,4824,50,ad_probe,ad_c(full_target_scalar_reference),0.012100611828687935,False,0.34757967874829876,2340473
hotpotqa,40,selection,50,4824,50,glob_probe,best_in_menu_on_eval,0.0023113528212100887,True,,2340473
hotpotqa,41,recalibration,50,4757,50,ad_probe,ad_c(full_target_scalar_reference),0.011692726036709677,False,0.33845232097606837,2341473
hotpotqa,41,selection,50,4757,50,glob_probe,best_in_menu_on_eval,0.0023793337865397612,True,,2341473
hotpotqa,42,recalibration,50,5093,50,ad_probe,ad_c(full_target_scalar_reference),0.00373895309313399,True,0.17289535403654965,2342473
hotpotqa,42,selection,50,5093,50,glob_probe,best_in_menu_on_eval,0.0023113528212100887,True,,2342473
hotpotqa,43,recalibration,50,4874,50,ad_probe,ad_c(full_target_scalar_reference),0.005914343983684622,False,0.1645632242579087,2343473
hotpotqa,43,selection,50,4874,50,glob_probe,best_in_menu_on_eval,0.00258327668252889,True,,2343473
hotpotqa,44,recalibration,50,5002,50,ad_probe,ad_c(full_target_scalar_reference),0.0019034670292318312,True,0.0548640470725108,2344473
hotpotqa,44,selection,50,5002,50,glob_probe,best_in_menu_on_eval,0.0023113528212100887,True,,2344473
hotpotqa,45,recalibration,50,5096,50,ad_probe,ad_c(full_target_scalar_reference),0.0023113528212099776,True,0.0666100169691548,2345473
hotpotqa,45,selection,50,5096,50,glob_probe,best_in_menu_on_eval,0.0023793337865397612,True,,2345473
hotpotqa,46,recalibration,50,4958,50,ad_probe,ad_c(full_target_scalar_reference),0.0010197144799455327,True,0.043811952790771214,2346473
hotpotqa,46,selection,50,4958,50,glob_probe,best_in_menu_on_eval,0.0023793337865397612,True,,2346473
hotpotqa,47,recalibration,50,5059,50,ad_probe,ad_c(full_target_scalar_reference),0.0008837525492861875,True,0.03354977526217229,2347473
hotpotqa,47,selection,50,5059,50,glob_probe,best_in_menu_on_eval,0.0023113528212100887,True,,2347473
hotpotqa,48,recalibration,50,5006,50,ad_probe,ad_c(full_target_scalar_reference),0.0010197144799456437,True,0.04460665376070483,2348473
hotpotqa,48,selection,50,5006,50,glob_probe,best_in_menu_on_eval,0.0023793337865397612,True,,2348473
hotpotqa,49,recalibration,50,5171,50,ad_probe,ad_c(full_target_scalar_reference),0.00373895309313399,True,0.16910801890207883,2349473
hotpotqa,49,selection,50,5171,50,trunc,best_in_menu_on_eval,0.0,True,,2349473
hotpotqa,0,recalibration,100,10020,100,ad_probe,ad_c(full_target_scalar_reference),0.001095140314852805,True,0.05541870540398919,2400938
hotpotqa,0,selection,100,10020,100,glob_probe,best_in_menu_on_eval,0.00232717316906228,True,,2400938
hotpotqa,1,recalibration,100,10182,100,ad_probe,ad_c(full_target_scalar_reference),0.002327173169062391,True,0.06689593102150226,2401938
hotpotqa,1,selection,100,10182,100,trunc,best_in_menu_on_eval,0.0,True,,2401938
hotpotqa,2,recalibration,100,10036,100,ad_probe,ad_c(full_target_scalar_reference),0.0,True,0.0025082176039619153,2402938
hotpotqa,2,selection,100,10036,100,glob_probe,best_in_menu_on_eval,0.0023956194387405594,True,,2402938
hotpotqa,3,recalibration,100,10043,100,ad_probe,ad_c(full_target_scalar_reference),0.002874743326488738,True,0.08142251611522777,2403938
hotpotqa,3,selection,100,10043,100,trunc,best_in_menu_on_eval,0.0,True,,2403938
hotpotqa,4,recalibration,100,10095,100,ad_probe,ad_c(full_target_scalar_reference),0.0021218343600273304,True,0.08595393952839792,2404938
hotpotqa,4,selection,100,10095,100,trunc,best_in_menu_on_eval,0.0,True,,2404938
hotpotqa,5,recalibration,100,9873,100,ad_probe,ad_c(full_target_scalar_reference),0.0018480492813141014,True,0.0539668830558615,2405938
hotpotqa,5,selection,100,9873,100,glob_probe,best_in_menu_on_eval,0.0023956194387406704,True,,2405938
hotpotqa,6,recalibration,100,10125,100,ad_probe,ad_c(full_target_scalar_reference),0.0,True,0.0009462686642234264,2406938
hotpotqa,6,selection,100,10125,100,trunc,best_in_menu_on_eval,0.0,True,,2406938
hotpotqa,7,recalibration,100,10215,100,ad_probe,ad_c(full_target_scalar_reference),0.003696098562628314,True,0.17045810989959143,2407938
hotpotqa,7,selection,100,10215,100,glob_probe,best_in_menu_on_eval,0.00246406570841895,True,,2407938
hotpotqa,8,recalibration,100,9949,100,ad_probe,ad_c(full_target_scalar_reference),0.0021218343600274414,True,0.060259751657649074,2408938
hotpotqa,8,selection,100,9949,100,glob_probe,best_in_menu_on_eval,0.00232717316906228,True,,2408938
hotpotqa,9,recalibration,100,10160,100,ad_probe,ad_c(full_target_scalar_reference),0.000410677618069788,True,0.018998087462017255,2409938
hotpotqa,9,selection,100,10160,100,trunc,best_in_menu_on_eval,0.0,True,,2409938
hotpotqa,10,recalibration,100,9948,100,ad_probe,ad_c(full_target_scalar_reference),0.0008898015058179665,True,0.03225495639114473,2410938
hotpotqa,10,selection,100,9948,100,glob_probe,best_in_menu_on_eval,0.002600958247775509,True,,2410938
hotpotqa,11,recalibration,100,10068,100,ad_probe,ad_c(full_target_scalar_reference),0.0003422313483915085,True,0.009741422262881771,2411938
hotpotqa,11,selection,100,10068,100,trunc,best_in_menu_on_eval,0.0,True,,2411938
hotpotqa,12,recalibration,100,10029,100,ad_probe,ad_c(full_target_scalar_reference),0.00013689253935667,True,0.009553921442631674,2412938
hotpotqa,12,selection,100,10029,100,trunc,best_in_menu_on_eval,0.0,True,,2412938
hotpotqa,13,recalibration,100,10107,100,ad_probe,ad_c(full_target_scalar_reference),0.001368925393566034,True,0.043326976883251156,2413938
hotpotqa,13,selection,100,10107,100,glob_probe,best_in_menu_on_eval,0.00232717316906228,True,,2413938
hotpotqa,14,recalibration,100,9893,100,ad_probe,ad_c(full_target_scalar_reference),0.005544147843942526,False,0.15169570936253574,2414938
hotpotqa,14,selection,100,9893,100,glob_probe,best_in_menu_on_eval,0.002600958247775509,True,,2414938
hotpotqa,15,recalibration,100,9978,100,ad_probe,ad_c(full_target_scalar_reference),0.0019849418206707714,True,0.05886408192496195,2415938
hotpotqa,15,selection,100,9978,100,glob_probe,best_in_menu_on_eval,0.0025325119780972294,True,,2415938
hotpotqa,16,recalibration,100,9921,100,ad_probe,ad_c(full_target_scalar_reference),0.002190280629705721,True,0.06317198028798554,2416938
hotpotqa,16,selection,100,9921,100,trunc,best_in_menu_on_eval,0.0,True,,2416938
hotpotqa,17,recalibration,100,10027,100,ad_probe,ad_c(full_target_scalar_reference),0.0003422313483915085,True,0.01670927101110542,2417938
hotpotqa,17,selection,100,10027,100,glob_probe,best_in_menu_on_eval,0.00232717316906228,True,,2417938
hotpotqa,18,recalibration,100,10083,100,ad_probe,ad_c(full_target_scalar_reference),0.001095140314852805,True,0.03419951021375778,2418938
hotpotqa,18,selection,100,10083,100,trunc,best_in_menu_on_eval,0.0,True,,2418938
hotpotqa,19,recalibration,100,9970,100,ad_probe,ad_c(full_target_scalar_reference),0.0010266940451745254,True,0.05544137360288981,2419938
hotpotqa,19,selection,100,9970,100,glob_probe,best_in_menu_on_eval,0.0023956194387405594,True,,2419938
hotpotqa,20,recalibration,100,10044,100,ad_probe,ad_c(full_target_scalar_reference),0.000958247775496246,True,0.04560809267066346,2420938
hotpotqa,20,selection,100,10044,100,trunc,best_in_menu_on_eval,0.0,True,,2420938
hotpotqa,21,recalibration,100,9997,100,ad_probe,ad_c(full_target_scalar_reference),0.003559206023271755,True,0.10444577243591646,2421938
hotpotqa,21,selection,100,9997,100,glob_probe,best_in_menu_on_eval,0.0025325119780971184,True,,2421938
hotpotqa,22,recalibration,100,9864,100,ad_probe,ad_c(full_target_scalar_reference),0.0013004791238877544,True,0.058704991207517265,2422938
hotpotqa,22,selection,100,9864,100,glob_probe,best_in_menu_on_eval,0.00232717316906228,True,,2422938
hotpotqa,23,recalibration,100,10057,100,ad_probe,ad_c(full_target_scalar_reference),0.00020533880903483848,True,0.01204855659236137,2423938
hotpotqa,23,selection,100,10057,100,glob_probe,best_in_menu_on_eval,0.0023956194387405594,True,,2423938
hotpotqa,24,recalibration,100,9990,100,ad_probe,ad_c(full_target_scalar_reference),0.000547570157426347,True,0.023949048289816366,2424938
hotpotqa,24,selection,100,9990,100,trunc,best_in_menu_on_eval,0.0,True,,2424938
hotpotqa,25,recalibration,100,9982,100,ad_probe,ad_c(full_target_scalar_reference),0.005201916495551018,False,0.1410485836262818,2425938
hotpotqa,25,selection,100,9982,100,trunc,best_in_menu_on_eval,0.0,True,,2425938
hotpotqa,26,recalibration,100,10030,100,ad_probe,ad_c(full_target_scalar_reference),0.000547570157426458,True,0.023489955756155867,2426938
hotpotqa,26,selection,100,10030,100,trunc,best_in_menu_on_eval,0.0,True,,2426938
hotpotqa,27,recalibration,100,10148,100,ad_probe,ad_c(full_target_scalar_reference),0.004312114989733051,True,0.12146646178432174,2427938
hotpotqa,27,selection,100,10148,100,trunc,best_in_menu_on_eval,0.0,True,,2427938
hotpotqa,28,recalibration,100,9972,100,ad_probe,ad_c(full_target_scalar_reference),0.004517453798768001,True,0.12497473277865301,2428938
hotpotqa,28,selection,100,9972,100,glob_probe,best_in_menu_on_eval,0.0025325119780972294,True,,2428938
hotpotqa,29,recalibration,100,9958,100,ad_probe,ad_c(full_target_scalar_reference),0.00013689253935655898,True,0.010803789702386934,2429938
hotpotqa,29,selection,100,9958,100,trunc,best_in_menu_on_eval,0.0,True,,2429938
hotpotqa,30,recalibration,100,10249,100,ad_probe,ad_c(full_target_scalar_reference),0.0017111567419575424,True,0.07548330658629943,2430938
hotpotqa,30,selection,100,10249,100,glob_probe,best_in_menu_on_eval,0.002600958247775509,True,,2430938
hotpotqa,31,recalibration,100,10119,100,ad_probe,ad_c(full_target_scalar_reference),0.0014373716632443134,True,0.061885772224699265,2431938
hotpotqa,31,selection,100,10119,100,trunc,best_in_menu_on_eval,0.0,True,,2431938
hotpotqa,32,recalibration,100,9900,100,ad_probe,ad_c(full_target_scalar_reference),0.000410677618069788,True,0.020532060082441905,2432938
hotpotqa,32,selection,100,9900,100,glob_probe,best_in_menu_on_eval,0.0025325119780972294,True,,2432938
hotpotqa,33,recalibration,100,10192,100,ad_probe,ad_c(full_target_scalar_reference),0.003148528405201967,True,0.09907228742528118,2433938
hotpotqa,33,selection,100,10192,100,trunc,best_in_menu_on_eval,0.0,True,,2433938
hotpotqa,34,recalibration,100,10122,100,ad_probe,ad_c(full_target_scalar_reference),0.0011635865845311955,True,0.03823209115762327,2434938
hotpotqa,34,selection,100,10122,100,trunc,best_in_menu_on_eval,0.0,True,,2434938
hotpotqa,35,recalibration,100,10051,100,ad_probe,ad_c(full_target_scalar_reference),0.0029431895961670174,True,0.08681884899564163,2435938
hotpotqa,35,selection,100,10051,100,trunc,best_in_menu_on_eval,0.0,True,,2435938
hotpotqa,36,recalibration,100,10126,100,ad_probe,ad_c(full_target_scalar_reference),0.0034907597535933643,True,0.15845576187300403,2436938
hotpotqa,36,selection,100,10126,100,glob_probe,best_in_menu_on_eval,0.00232717316906228,True,,2436938
hotpotqa,37,recalibration,100,10014,100,ad_probe,ad_c(full_target_scalar_reference),0.0010266940451745254,True,0.0448482547034208,2437938
hotpotqa,37,selection,100,10014,100,glob_probe,best_in_menu_on_eval,0.00246406570841895,True,,2437938
hotpotqa,38,recalibration,100,9972,100,ad_probe,ad_c(full_target_scalar_reference),0.0030800821355236874,True,0.08866992497970605,2438938
hotpotqa,38,selection,100,9972,100,glob_probe,best_in_menu_on_eval,0.00232717316906228,True,,2438938
hotpotqa,39,recalibration,100,10151,100,ad_probe,ad_c(full_target_scalar_reference),0.0010266940451745254,True,0.04647659509951274,2439938
hotpotqa,39,selection,100,10151,100,trunc,best_in_menu_on_eval,0.0,True,,2439938
hotpotqa,40,recalibration,100,10182,100,ad_probe,ad_c(full_target_scalar_reference),0.004038329911019822,True,0.18212080811473075,2440938
hotpotqa,40,selection,100,10182,100,trunc,best_in_menu_on_eval,0.0,True,,2440938
hotpotqa,41,recalibration,100,10030,100,ad_probe,ad_c(full_target_scalar_reference),0.0036276522929500343,True,0.11092630800751335,2441938
hotpotqa,41,selection,100,10030,100,trunc,best_in_menu_on_eval,0.0,True,,2441938
hotpotqa,42,recalibration,100,9855,100,ad_probe,ad_c(full_target_scalar_reference),0.004517453798768001,True,0.12325645498199234,2442938
hotpotqa,42,selection,100,9855,100,trunc,best_in_menu_on_eval,0.0,True,,2442938
hotpotqa,43,recalibration,100,10266,100,ad_probe,ad_c(full_target_scalar_reference),0.0,True,0.005311088873053427,2443938
hotpotqa,43,selection,100,10266,100,trunc,best_in_menu_on_eval,0.0,True,,2443938
hotpotqa,44,recalibration,100,10057,100,ad_probe,ad_c(full_target_scalar_reference),0.002053388090349051,True,0.08370870144259324,2444938
hotpotqa,44,selection,100,10057,100,trunc,best_in_menu_on_eval,0.0,True,,2444938
hotpotqa,45,recalibration,100,10151,100,ad_probe,ad_c(full_target_scalar_reference),0.000410677618069788,True,0.02185851786684645,2445938
hotpotqa,45,selection,100,10151,100,trunc,best_in_menu_on_eval,0.0,True,,2445938
hotpotqa,46,recalibration,100,10047,100,ad_probe,ad_c(full_target_scalar_reference),0.0014373716632443134,True,0.061973616100906126,2446938
hotpotqa,46,selection,100,10047,100,trunc,best_in_menu_on_eval,0.0,True,,2446938
hotpotqa,47,recalibration,100,9923,100,ad_probe,ad_c(full_target_scalar_reference),0.0028062970568103474,True,0.12401811591098588,2447938
hotpotqa,47,selection,100,9923,100,trunc,best_in_menu_on_eval,0.0,True,,2447938
hotpotqa,48,recalibration,100,9941,100,ad_probe,ad_c(full_target_scalar_reference),0.006433949349760493,False,0.1745578488172268,2448938
hotpotqa,48,selection,100,9941,100,glob_probe,best_in_menu_on_eval,0.002600958247775509,True,,2448938
hotpotqa,49,recalibration,100,9931,100,ad_probe,ad_c(full_target_scalar_reference),0.00465434633812456,True,0.12528838991810254,2449938
hotpotqa,49,selection,100,9931,100,trunc,best_in_menu_on_eval,0.0,True,,2449938
fever,0,recalibration,5,438,5,ad_probe,ad_c(full_target_scalar_reference),0.006344321244486362,False,0.04372255195005437,2000105
fever,0,selection,5,438,5,glob_probe,best_in_menu_on_eval,0.0,True,,2000105
fever,1,recalibration,5,436,5,ad_probe,ad_c(full_target_scalar_reference),0.011882957656865423,False,0.10339179780128294,2001105
fever,1,selection,5,436,5,glob_probe,best_in_menu_on_eval,0.0,True,,2001105
fever,2,recalibration,5,458,5,ad_probe,ad_c(full_target_scalar_reference),0.014815450275591502,False,0.137258168118503,2002105
fever,2,selection,5,458,5,glob_probe,best_in_menu_on_eval,0.0,True,,2002105
fever,3,recalibration,5,473,5,ad_probe,ad_c(full_target_scalar_reference),0.002464594905669748,True,0.024250682230379073,2003105
fever,3,selection,5,473,5,glob_probe,best_in_menu_on_eval,0.0,True,,2003105
fever,4,recalibration,5,453,5,ad_probe,ad_c(full_target_scalar_reference),0.020877924807515047,False,0.14767692270987637,2004105
fever,4,selection,5,453,5,glob_probe,best_in_menu_on_eval,0.0,True,,2004105
fever,5,recalibration,5,414,5,ad_probe,ad_c(full_target_scalar_reference),0.0020142120802683072,True,0.020185894439818663,2005105
fever,5,selection,5,414,5,glob_probe,best_in_menu_on_eval,0.0,True,,2005105
fever,6,recalibration,5,439,5,ad_probe,ad_c(full_target_scalar_reference),0.023001158127265442,False,0.16188955933624305,2006105
fever,6,selection,5,439,5,glob_probe,best_in_menu_on_eval,0.0,True,,2006105
fever,7,recalibration,5,464,5,ad_probe,ad_c(full_target_scalar_reference),0.007963018565780966,False,0.058384669289203606,2007105
fever,7,selection,5,464,5,glob_probe,best_in_menu_on_eval,0.0,True,,2007105
fever,8,recalibration,5,474,5,ad_probe,ad_c(full_target_scalar_reference),0.004266126207276177,True,0.03821772269833579,2008105
fever,8,selection,5,474,5,glob_probe,best_in_menu_on_eval,0.0,True,,2008105
fever,9,recalibration,5,482,5,ad_probe,ad_c(full_target_scalar_reference),0.01926923599345154,False,0.18919415793838923,2009105
fever,9,selection,5,482,5,glob_probe,best_in_menu_on_eval,0.0,True,,2009105
fever,10,recalibration,5,451,5,ad_probe,ad_c(full_target_scalar_reference),0.018460870311193145,False,0.13472507486783536,2010105
fever,10,selection,5,451,5,glob_probe,best_in_menu_on_eval,0.0,True,,2010105
fever,11,recalibration,5,487,5,ad_probe,ad_c(full_target_scalar_reference),0.005068236572515206,False,0.03833098677458979,2011105
fever,11,selection,5,487,5,glob_probe,best_in_menu_on_eval,0.0,True,,2011105
fever,12,recalibration,5,444,5,ad_probe,ad_c(full_target_scalar_reference),0.001814041935645272,True,0.01550784851321274,2012105
fever,12,selection,5,444,5,glob_probe,best_in_menu_on_eval,0.0,True,,2012105
fever,13,recalibration,5,471,5,ad_probe,ad_c(full_target_scalar_reference),0.027467454479164544,False,0.18692936902272073,2013105
fever,13,selection,5,471,5,glob_probe,best_in_menu_on_eval,0.0,True,,2013105
fever,14,recalibration,5,424,5,ad_probe,ad_c(full_target_scalar_reference),0.015490845790350538,False,0.11461583566519395,2014105
fever,14,selection,5,424,5,glob_probe,best_in_menu_on_eval,0.0,True,,2014105
fever,15,recalibration,5,426,5,ad_probe,ad_c(full_target_scalar_reference),0.014890335356481765,False,0.11101968133532303,2015105
fever,15,selection,5,426,5,glob_probe,best_in_menu_on_eval,0.0,True,,2015105
fever,16,recalibration,5,476,5,ad_probe,ad_c(full_target_scalar_reference),0.004866636641145061,True,0.041877397628941715,2016105
fever,16,selection,5,476,5,glob_probe,best_in_menu_on_eval,0.0,True,,2016105
fever,17,recalibration,5,456,5,ad_probe,ad_c(full_target_scalar_reference),0.01564097339881776,False,0.11546732157676831,2017105
fever,17,selection,5,456,5,glob_probe,best_in_menu_on_eval,0.0,True,,2017105
fever,18,recalibration,5,447,5,ad_probe,ad_c(full_target_scalar_reference),0.027542518283398154,False,0.18736925758093298,2018105
fever,18,selection,5,447,5,glob_probe,best_in_menu_on_eval,0.0,True,,2018105
fever,19,recalibration,5,438,5,ad_probe,ad_c(full_target_scalar_reference),0.017022147396715703,False,0.12609996153167669,2019105
fever,19,selection,5,438,5,glob_probe,best_in_menu_on_eval,0.0,True,,2019105
fever,20,recalibration,5,449,5,ad_probe,ad_c(full_target_scalar_reference),0.003717088096310328,True,0.029601094353684965,2020105
fever,20,selection,5,449,5,glob_probe,best_in_menu_on_eval,0.0,True,,2020105
fever,21,recalibration,5,443,5,ad_probe,ad_c(full_target_scalar_reference),0.027542518283398154,False,0.18771827935692492,2021105
fever,21,selection,5,443,5,glob_probe,best_in_menu_on_eval,0.0,True,,2021105
fever,22,recalibration,5,446,5,ad_probe,ad_c(full_target_scalar_reference),0.0075792995474723845,False,0.06110221026810203,2022105
fever,22,selection,5,446,5,glob_probe,best_in_menu_on_eval,0.0,True,,2022105
fever,23,recalibration,5,461,5,ad_probe,ad_c(full_target_scalar_reference),0.012563357425240174,False,0.09535560150536371,2023105
fever,23,selection,5,461,5,glob_probe,best_in_menu_on_eval,0.0,True,,2023105
fever,24,recalibration,5,481,5,ad_probe,ad_c(full_target_scalar_reference),0.005467147075013723,False,0.04642198669406916,2024105
fever,24,selection,5,481,5,glob_probe,best_in_menu_on_eval,0.0,True,,2024105
fever,25,recalibration,5,491,5,ad_probe,ad_c(full_target_scalar_reference),0.01949442740615226,False,0.1960790934175375,2025105
fever,25,selection,5,491,5,glob_probe,best_in_menu_on_eval,0.0,True,,2025105
fever,26,recalibration,5,458,5,ad_probe,ad_c(full_target_scalar_reference),0.009305767044845092,False,0.07428454635170667,2026105
fever,26,selection,5,458,5,glob_probe,best_in_menu_on_eval,0.0,True,,2026105
fever,27,recalibration,5,477,5,ad_probe,ad_c(full_target_scalar_reference),0.018218342734181214,False,0.18150463126853422,2027105
fever,27,selection,5,477,5,glob_probe,best_in_menu_on_eval,0.0,True,,2027105
fever,28,recalibration,5,410,5,ad_probe,ad_c(full_target_scalar_reference),0.017918087517246772,False,0.17120126917625345,2028105
fever,28,selection,5,410,5,glob_probe,best_in_menu_on_eval,0.0,True,,2028105
fever,29,recalibration,5,476,5,ad_probe,ad_c(full_target_scalar_reference),0.03698071932571234,False,0.38547521737370316,2029105
fever,29,selection,5,476,5,glob_probe,best_in_menu_on_eval,0.0,True,,2029105
fever,30,recalibration,5,418,5,ad_probe,ad_c(full_target_scalar_reference),0.02507059572064818,False,0.23576096800144364,2030105
fever,30,selection,5,418,5,glob_probe,best_in_menu_on_eval,0.0,True,,2030105
fever,31,recalibration,5,480,5,ad_probe,ad_c(full_target_scalar_reference),0.006978789113603612,False,0.05374813776098897,2031105
fever,31,selection,5,480,5,glob_probe,best_in_menu_on_eval,0.0,True,,2031105
fever,32,recalibration,5,428,5,ad_probe,ad_c(full_target_scalar_reference),0.016691866658088084,False,0.12407747167485778,2032105
fever,32,selection,5,428,5,glob_probe,best_in_menu_on_eval,0.0,True,,2032105
fever,33,recalibration,5,407,5,ad_probe,ad_c(full_target_scalar_reference),0.01737244514980607,False,0.12794342547038084,2033105
fever,33,selection,5,407,5,glob_probe,best_in_menu_on_eval,0.0,True,,2033105
fever,34,recalibration,5,410,5,ad_probe,ad_c(full_target_scalar_reference),0.019136444549295528,False,0.13867571669120587,2034105
fever,34,selection,5,410,5,glob_probe,best_in_menu_on_eval,0.0,True,,2034105
fever,35,recalibration,5,416,5,ad_probe,ad_c(full_target_scalar_reference),0.025553327471207754,False,0.1780431721798188,2035105
fever,35,selection,5,416,5,glob_probe,best_in_menu_on_eval,0.0,True,,2035105
fever,36,recalibration,5,446,5,ad_probe,ad_c(full_target_scalar_reference),0.011287272753269018,False,0.0879668471113203,2036105
fever,36,selection,5,446,5,glob_probe,best_in_menu_on_eval,0.0,True,,2036105
fever,37,recalibration,5,433,5,ad_probe,ad_c(full_target_scalar_reference),0.03004982806814349,False,0.28627698769806365,2037105
fever,37,selection,5,433,5,glob_probe,best_in_menu_on_eval,0.0,True,,2037105
fever,38,recalibration,5,412,5,ad_probe,ad_c(full_target_scalar_reference),0.02947416017900939,False,0.20342508881356947,2038105
fever,38,selection,5,412,5,glob_probe,best_in_menu_on_eval,0.0,True,,2038105
fever,39,recalibration,5,445,5,ad_probe,ad_c(full_target_scalar_reference),0.017417662155689406,False,0.1663039101214916,2039105
fever,39,selection,5,445,5,glob_probe,best_in_menu_on_eval,0.0,True,,2039105
fever,40,recalibration,5,484,5,ad_probe,ad_c(full_target_scalar_reference),0.009455894653312424,False,0.07542157015637141,2040105
fever,40,selection,5,484,5,glob_probe,best_in_menu_on_eval,0.0,True,,2040105
fever,41,recalibration,5,406,5,ad_probe,ad_c(full_target_scalar_reference),0.01158752797020346,False,0.09009539767454611,2041105
fever,41,selection,5,406,5,glob_probe,best_in_menu_on_eval,0.0,True,,2041105
fever,42,recalibration,5,468,5,ad_probe,ad_c(full_target_scalar_reference),0.006757172167771164,False,0.05165828978410547,2042105
fever,42,selection,5,468,5,glob_probe,best_in_menu_on_eval,0.0,True,,2042105
fever,43,recalibration,5,421,5,ad_probe,ad_c(full_target_scalar_reference),0.0042661262072762884,True,0.03800632978758234,2043105
fever,43,selection,5,421,5,glob_probe,best_in_menu_on_eval,0.0,True,,2043105
fever,44,recalibration,5,464,5,ad_probe,ad_c(full_target_scalar_reference),0.02989970045967638,False,0.28423799644078307,2044105
fever,44,selection,5,464,5,glob_probe,best_in_menu_on_eval,0.0,True,,2044105
fever,45,recalibration,5,499,5,ad_probe,ad_c(full_target_scalar_reference),0.01629170509218547,False,0.16028707639792417,2045105
fever,45,selection,5,499,5,glob_probe,best_in_menu_on_eval,0.0,True,,2045105
fever,46,recalibration,5,435,5,ad_probe,ad_c(full_target_scalar_reference),0.007963018565780966,False,0.05701336598524365,2046105
fever,46,selection,5,435,5,glob_probe,best_in_menu_on_eval,0.0,True,,2046105
fever,47,recalibration,5,470,5,ad_probe,ad_c(full_target_scalar_reference),0.004767981355580764,True,0.03446092875208506,2047105
fever,47,selection,5,470,5,glob_probe,best_in_menu_on_eval,0.0,True,,2047105
fever,48,recalibration,5,482,5,ad_probe,ad_c(full_target_scalar_reference),0.001013361357153575,True,0.006202271006657156,2048105
fever,48,selection,5,482,5,glob_probe,best_in_menu_on_eval,0.0,True,,2048105
fever,49,recalibration,5,438,5,ad_probe,ad_c(full_target_scalar_reference),0.014289824922612882,False,0.10604496636661981,2049105
fever,49,selection,5,438,5,glob_probe,best_in_menu_on_eval,0.0,True,,2049105
fever,0,recalibration,10,841,10,ad_probe,ad_c(full_target_scalar_reference),0.016403924851190688,False,0.12076529590986429,489
fever,0,selection,10,841,10,glob_probe,best_in_menu_on_eval,0.0,True,,489
fever,1,recalibration,10,954,10,ad_probe,ad_c(full_target_scalar_reference),0.021258298992673952,False,0.2022596053083079,1489
fever,1,selection,10,954,10,glob_probe,best_in_menu_on_eval,0.0,True,,1489
fever,2,recalibration,10,996,10,ad_probe,ad_c(full_target_scalar_reference),0.006499327495421259,False,0.04502437560040584,2489
fever,2,selection,10,996,10,glob_probe,best_in_menu_on_eval,0.0,True,,2489
fever,3,recalibration,10,890,10,ad_probe,ad_c(full_target_scalar_reference),0.0003756009615384359,True,0.0079387865686531,3489
fever,3,selection,10,890,10,glob_probe,best_in_menu_on_eval,0.0,True,,3489
fever,4,recalibration,10,892,10,ad_probe,ad_c(full_target_scalar_reference),0.017130265567765535,False,0.16489536903060253,4489
fever,4,selection,10,892,10,glob_probe,best_in_menu_on_eval,0.0,True,,4489
fever,5,recalibration,10,948,10,ad_probe,ad_c(full_target_scalar_reference),0.02841975732600721,False,0.27113440207385475,5489
fever,5,selection,10,948,10,trunc,best_in_menu_on_eval,0.012403774610805995,False,,5489
fever,6,recalibration,10,812,10,ad_probe,ad_c(full_target_scalar_reference),0.03317361349587933,False,0.22468630193980876,6489
fever,6,selection,10,812,10,glob_probe,best_in_menu_on_eval,0.0,True,,6489
fever,7,recalibration,10,939,10,ad_probe,ad_c(full_target_scalar_reference),0.017856427426739763,False,0.17040682649004957,7489
fever,7,selection,10,939,10,glob_probe,best_in_menu_on_eval,0.0,True,,7489
fever,8,recalibration,10,911,10,ad_probe,ad_c(full_target_scalar_reference),0.0027669270833332593,True,0.029703917930739232,8489
fever,8,selection,10,911,10,glob_probe,best_in_menu_on_eval,0.0,True,,8489
fever,9,recalibration,10,953,10,ad_probe,ad_c(full_target_scalar_reference),0.006984031593406437,False,0.054717919800413184,9489
fever,9,selection,10,953,10,glob_probe,best_in_menu_on_eval,0.0,True,,9489
fever,10,recalibration,10,861,10,ad_probe,ad_c(full_target_scalar_reference),0.001965645032051211,True,0.017737124358303102,10489
fever,10,selection,10,861,10,glob_probe,best_in_menu_on_eval,0.0,True,,10489
fever,11,recalibration,10,929,10,ad_probe,ad_c(full_target_scalar_reference),0.017205385760073244,False,0.16294193334252904,11489
fever,11,selection,10,929,10,glob_probe,best_in_menu_on_eval,0.0,True,,11489
fever,12,recalibration,10,924,10,ad_probe,ad_c(full_target_scalar_reference),0.010544549851190577,False,0.08478014230628439,12489
fever,12,selection,10,924,10,glob_probe,best_in_menu_on_eval,0.0,True,,12489
fever,13,recalibration,10,904,10,ad_probe,ad_c(full_target_scalar_reference),0.02669199290293034,False,0.2495182623973755,13489
fever,13,selection,10,904,10,glob_probe,best_in_menu_on_eval,0.0,True,,13489
fever,14,recalibration,10,896,10,ad_probe,ad_c(full_target_scalar_reference),0.013824977106227099,False,0.11971240361230673,14489
fever,14,selection,10,896,10,glob_probe,best_in_menu_on_eval,0.0,True,,14489
fever,15,recalibration,10,905,10,ad_probe,ad_c(full_target_scalar_reference),0.009020683092948678,False,0.06862892557164568,15489
fever,15,selection,10,905,10,glob_probe,best_in_menu_on_eval,0.0,True,,15489
fever,16,recalibration,10,982,10,ad_probe,ad_c(full_target_scalar_reference),0.014425938644688552,False,0.13195020115853973,16489
fever,16,selection,10,982,10,glob_probe,best_in_menu_on_eval,0.0,True,,16489
fever,17,recalibration,10,866,10,ad_probe,ad_c(full_target_scalar_reference),0.014000078697344431,False,0.10373366425118824,17489
fever,17,selection,10,866,10,glob_probe,best_in_menu_on_eval,0.0,True,,17489
fever,18,recalibration,10,926,10,ad_probe,ad_c(full_target_scalar_reference),0.0011643629807692735,True,0.008002188043957803,18489
fever,18,selection,10,926,10,glob_probe,best_in_menu_on_eval,0.0,True,,18489
fever,19,recalibration,10,866,10,ad_probe,ad_c(full_target_scalar_reference),0.020893608344780268,False,0.14581609846402444,19489
fever,19,selection,10,866,10,glob_probe,best_in_menu_on_eval,0.0,True,,19489
fever,20,recalibration,10,934,10,ad_probe,ad_c(full_target_scalar_reference),0.020067286229395798,False,0.14303475361584334,20489
fever,20,selection,10,934,10,trunc,best_in_menu_on_eval,0.012328654418498175,False,,20489
fever,21,recalibration,10,930,10,ad_probe,ad_c(full_target_scalar_reference),0.015202001774267448,False,0.11310713241008719,21489
fever,21,selection,10,930,10,glob_probe,best_in_menu_on_eval,0.0,True,,21489
fever,22,recalibration,10,883,10,ad_probe,ad_c(full_target_scalar_reference),0.014526098901098905,False,0.13239551238051717,22489
fever,22,selection,10,883,10,glob_probe,best_in_menu_on_eval,0.0,True,,22489
fever,23,recalibration,10,922,10,ad_probe,ad_c(full_target_scalar_reference),0.0016651642628204844,True,0.012991575275656642,23489
fever,23,selection,10,922,10,glob_probe,best_in_menu_on_eval,0.0,True,,23489
fever,24,recalibration,10,951,10,ad_probe,ad_c(full_target_scalar_reference),0.0010141225961538547,True,0.006487097821016974,24489
fever,24,selection,10,951,10,trunc,best_in_menu_on_eval,0.012403774610805995,False,,24489
fever,25,recalibration,10,840,10,ad_probe,ad_c(full_target_scalar_reference),0.01024406908195985,False,0.08191933301475529,25489
fever,25,selection,10,840,10,glob_probe,best_in_menu_on_eval,0.0,True,,25489
fever,26,recalibration,10,1006,10,ad_probe,ad_c(full_target_scalar_reference),0.010765081272893662,False,0.08428491354922008,26489
fever,26,selection,10,1006,10,glob_probe,best_in_menu_on_eval,0.0,True,,26489
fever,27,recalibration,10,810,10,ad_probe,ad_c(full_target_scalar_reference),0.010765081272893773,False,0.08606535553475547,27489
fever,27,selection,10,810,10,glob_probe,best_in_menu_on_eval,0.0,True,,27489
fever,28,recalibration,10,929,10,ad_probe,ad_c(full_target_scalar_reference),0.007434752747252693,False,0.06011906658466093,28489
fever,28,selection,10,929,10,glob_probe,best_in_menu_on_eval,0.0,True,,28489
fever,29,recalibration,10,904,10,ad_probe,ad_c(full_target_scalar_reference),0.009162517170329565,False,0.07147330992437784,29489
fever,29,selection,10,904,10,glob_probe,best_in_menu_on_eval,0.0,True,,29489
fever,30,recalibration,10,931,10,ad_probe,ad_c(full_target_scalar_reference),0.010072365785256276,False,0.07983630656057994,30489
fever,30,selection,10,931,10,glob_probe,best_in_menu_on_eval,0.0,True,,30489
fever,31,recalibration,10,918,10,ad_probe,ad_c(full_target_scalar_reference),0.004921803456959695,True,0.0375426654257458,31489
fever,31,selection,10,918,10,glob_probe,best_in_menu_on_eval,0.0,True,,31489
fever,32,recalibration,10,922,10,ad_probe,ad_c(full_target_scalar_reference),0.0065368875915751135,False,0.04760260759968937,32489
fever,32,selection,10,922,10,glob_probe,best_in_menu_on_eval,0.0,True,,32489
fever,33,recalibration,10,911,10,ad_probe,ad_c(full_target_scalar_reference),0.010765081272893773,False,0.08433692071845811,33489
fever,33,selection,10,911,10,glob_probe,best_in_menu_on_eval,0.0,True,,33489
fever,34,recalibration,10,879,10,ad_probe,ad_c(full_target_scalar_reference),0.0027669270833332593,True,0.026868279939956774,34489
fever,34,selection,10,879,10,glob_probe,best_in_menu_on_eval,0.0,True,,34489
fever,35,recalibration,10,879,10,ad_probe,ad_c(full_target_scalar_reference),0.006222455929487114,False,0.050262332570721324,35489
fever,35,selection,10,879,10,glob_probe,best_in_menu_on_eval,0.0,True,,35489
fever,36,recalibration,10,935,10,ad_probe,ad_c(full_target_scalar_reference),0.00015024038461530775,True,0.0027894444008189634,36489
fever,36,selection,10,935,10,trunc,best_in_menu_on_eval,0.012328654418498175,False,,36489
fever,37,recalibration,10,911,10,ad_probe,ad_c(full_target_scalar_reference),0.002580557463369826,True,0.02075705713895082,37489
fever,37,selection,10,911,10,glob_probe,best_in_menu_on_eval,0.0,True,,37489
fever,38,recalibration,10,961,10,ad_probe,ad_c(full_target_scalar_reference),0.014275698260073244,False,0.13039130771138208,38489
fever,38,selection,10,961,10,glob_probe,best_in_menu_on_eval,0.0,True,,38489
fever,39,recalibration,10,917,10,ad_probe,ad_c(full_target_scalar_reference),0.00015024038461530775,True,0.005818701651036373,39489
fever,39,selection,10,917,10,glob_probe,best_in_menu_on_eval,0.0,True,,39489
fever,40,recalibration,10,885,10,ad_probe,ad_c(full_target_scalar_reference),0.03157480540293034,False,0.29920500934338856,40489
fever,40,selection,10,885,10,glob_probe,best_in_menu_on_eval,0.0,True,,40489
fever,41,recalibration,10,923,10,ad_probe,ad_c(full_target_scalar_reference),0.01091532165750908,False,0.09026422346220153,41489
fever,41,selection,10,923,10,trunc,best_in_menu_on_eval,0.012403774610805773,False,,41489
fever,42,recalibration,10,852,10,ad_probe,ad_c(full_target_scalar_reference),0.014901521005036722,False,0.10996740393355608,42489
fever,42,selection,10,852,10,glob_probe,best_in_menu_on_eval,0.0,True,,42489
fever,43,recalibration,10,935,10,ad_probe,ad_c(full_target_scalar_reference),0.005297404418498131,False,0.039237999683941926,43489
fever,43,selection,10,935,10,glob_probe,best_in_menu_on_eval,0.0,True,,43489
fever,44,recalibration,10,942,10,ad_probe,ad_c(full_target_scalar_reference),0.002174908424908528,True,0.01787928967895147,44489
fever,44,selection,10,942,10,glob_probe,best_in_menu_on_eval,0.0,True,,44489
fever,45,recalibration,10,902,10,ad_probe,ad_c(full_target_scalar_reference),0.0037198803800366775,True,0.029214978430104344,45489
fever,45,selection,10,902,10,glob_probe,best_in_menu_on_eval,0.0,True,,45489
fever,46,recalibration,10,847,10,ad_probe,ad_c(full_target_scalar_reference),0.009012276785714257,False,0.07178952712356801,46489
fever,46,selection,10,847,10,glob_probe,best_in_menu_on_eval,0.0,True,,46489
fever,47,recalibration,10,880,10,ad_probe,ad_c(full_target_scalar_reference),0.005471254006410131,False,0.04661232171622487,47489
fever,47,selection,10,880,10,glob_probe,best_in_menu_on_eval,0.0,True,,47489
fever,48,recalibration,10,872,10,ad_probe,ad_c(full_target_scalar_reference),0.006762248168498131,False,0.05184461729458645,48489
fever,48,selection,10,872,10,glob_probe,best_in_menu_on_eval,0.0,True,,48489
fever,49,recalibration,10,892,10,ad_probe,ad_c(full_target_scalar_reference),0.009312757554944984,False,0.07376067896792426,49489
fever,49,selection,10,892,10,glob_probe,best_in_menu_on_eval,0.0,True,,49489
fever,0,recalibration,20,1848,20,ad_probe,ad_c(full_target_scalar_reference),0.0025092071134803495,True,0.020376967427579995,2200184
fever,0,selection,20,1848,20,glob_probe,best_in_menu_on_eval,0.0,True,,2200184
fever,1,recalibration,20,1811,20,ad_probe,ad_c(full_target_scalar_reference),0.009335189086167262,False,0.07250801533748963,2201184
fever,1,selection,20,1811,20,glob_probe,best_in_menu_on_eval,0.0,True,,2201184
fever,2,recalibration,20,1818,20,ad_probe,ad_c(full_target_scalar_reference),0.0014795867188283074,True,0.01415117062109783,2202184
fever,2,selection,20,1818,20,glob_probe,best_in_menu_on_eval,0.0,True,,2202184
fever,3,recalibration,20,1830,20,ad_probe,ad_c(full_target_scalar_reference),0.00037616611495638885,True,0.007568616937919881,2203184
fever,3,selection,20,1830,20,glob_probe,best_in_menu_on_eval,0.0,True,,2203184
fever,4,recalibration,20,1922,20,ad_probe,ad_c(full_target_scalar_reference),0.006621956637003268,False,0.050932939871751515,2204184
fever,4,selection,20,1922,20,glob_probe,best_in_menu_on_eval,0.0,True,,2204184
fever,5,recalibration,20,1866,20,ad_probe,ad_c(full_target_scalar_reference),0.0018181362222891018,True,0.014678940346782632,2205184
fever,5,selection,20,1866,20,trunc,best_in_menu_on_eval,0.012422438129630398,False,,2205184
fever,6,recalibration,20,1801,20,ad_probe,ad_c(full_target_scalar_reference),0.0027710903801785314,True,0.02722533722809839,2206184
fever,6,selection,20,1801,20,glob_probe,best_in_menu_on_eval,0.0,True,,2206184
fever,7,recalibration,20,1874,20,ad_probe,ad_c(full_target_scalar_reference),0.0020187581502657537,True,0.018892322587862553,2207184
fever,7,selection,20,1874,20,glob_probe,best_in_menu_on_eval,0.0,True,,2207184
fever,8,recalibration,20,1832,20,ad_probe,ad_c(full_target_scalar_reference),0.004426221285986576,True,0.04009604611680495,2208184
fever,8,selection,20,1832,20,glob_probe,best_in_menu_on_eval,0.0,True,,2208184
fever,9,recalibration,20,1760,20,ad_probe,ad_c(full_target_scalar_reference),0.007980991072324417,False,0.0577243932265703,2209184
fever,9,selection,20,1760,20,glob_probe,best_in_menu_on_eval,0.0,True,,2209184
fever,10,recalibration,20,1814,20,ad_probe,ad_c(full_target_scalar_reference),0.004275754840003976,True,0.037623936168091676,2210184
fever,10,selection,20,1814,20,glob_probe,best_in_menu_on_eval,0.0,True,,2210184
fever,11,recalibration,20,1750,20,ad_probe,ad_c(full_target_scalar_reference),0.020925046214694154,False,0.1466848751646127,2211184
fever,11,selection,20,1750,20,glob_probe,best_in_menu_on_eval,0.0,True,,2211184
fever,12,recalibration,20,1751,20,ad_probe,ad_c(full_target_scalar_reference),0.021021774644254365,False,0.1530488118469442,2212184
fever,12,selection,20,1751,20,glob_probe,best_in_menu_on_eval,0.0,True,,2212184
fever,13,recalibration,20,1723,20,ad_probe,ad_c(full_target_scalar_reference),0.006231818637777109,False,0.04946253493257413,2213184
fever,13,selection,20,1723,20,glob_probe,best_in_menu_on_eval,0.0,True,,2213184
fever,14,recalibration,20,1879,20,ad_probe,ad_c(full_target_scalar_reference),0.006057707464568685,False,0.04222224888717596,2214184
fever,14,selection,20,1879,20,glob_probe,best_in_menu_on_eval,0.0,True,,2214184
fever,15,recalibration,20,1806,20,ad_probe,ad_c(full_target_scalar_reference),0.002822678875944007,True,0.022858251629530812,2215184
fever,15,selection,20,1806,20,glob_probe,best_in_menu_on_eval,0.0,True,,2215184
fever,16,recalibration,20,1888,20,ad_probe,ad_c(full_target_scalar_reference),0.015726609632718547,False,0.14694246018492518,2216184
fever,16,selection,20,1888,20,glob_probe,best_in_menu_on_eval,0.0,True,,2216184
fever,17,recalibration,20,1885,20,ad_probe,ad_c(full_target_scalar_reference),0.006693607325566231,False,0.05456541281864413,2217184
fever,17,selection,20,1885,20,glob_probe,best_in_menu_on_eval,0.0,True,,2217184
fever,18,recalibration,20,1815,20,ad_probe,ad_c(full_target_scalar_reference),0.015726609632718547,False,0.15183102280129268,2218184
fever,18,selection,20,1815,20,glob_probe,best_in_menu_on_eval,0.0,True,,2218184
fever,19,recalibration,20,1730,20,ad_probe,ad_c(full_target_scalar_reference),0.005629952853846931,False,0.04800496401860177,2219184
fever,19,selection,20,1730,20,glob_probe,best_in_menu_on_eval,0.0,True,,2219184
fever,20,recalibration,20,1890,20,ad_probe,ad_c(full_target_scalar_reference),0.005681541349612407,False,0.03946410126171496,2220184
fever,20,selection,20,1890,20,glob_probe,best_in_menu_on_eval,0.0,True,,2220184
fever,21,recalibration,20,1803,20,ad_probe,ad_c(full_target_scalar_reference),0.015124743848788369,False,0.14078151206459222,2221184
fever,21,selection,20,1803,20,glob_probe,best_in_menu_on_eval,0.0,True,,2221184
fever,22,recalibration,20,1820,20,ad_probe,ad_c(full_target_scalar_reference),0.011162281644526595,False,0.08744900869821359,2222184
fever,22,selection,20,1820,20,glob_probe,best_in_menu_on_eval,0.0,True,,2222184
fever,23,recalibration,20,1843,20,ad_probe,ad_c(full_target_scalar_reference),0.009937054870097328,False,0.07781907610938266,2223184
fever,23,selection,20,1843,20,glob_probe,best_in_menu_on_eval,0.0,True,,2223184
fever,24,recalibration,20,1857,20,ad_probe,ad_c(full_target_scalar_reference),0.007445939555479009,False,0.058235288825690956,2224184
fever,24,selection,20,1857,20,glob_probe,best_in_menu_on_eval,0.0,True,,2224184
fever,25,recalibration,20,1839,20,ad_probe,ad_c(full_target_scalar_reference),0.0035750111058567846,True,0.02680804016322824,2225184
fever,25,selection,20,1839,20,glob_probe,best_in_menu_on_eval,0.0,True,,2225184
fever,26,recalibration,20,1902,20,ad_probe,ad_c(full_target_scalar_reference),0.001166114956364761,True,0.00850336818311237,2226184
fever,26,selection,20,1902,20,glob_probe,best_in_menu_on_eval,0.0,True,,2226184
fever,27,recalibration,20,1876,20,ad_probe,ad_c(full_target_scalar_reference),0.00962770302222593,False,0.07621697435313912,2227184
fever,27,selection,20,1876,20,trunc,best_in_menu_on_eval,0.01234720490663932,False,,2227184
fever,28,recalibration,20,1902,20,ad_probe,ad_c(full_target_scalar_reference),0.007596406001461609,False,0.06212318349089507,2228184
fever,28,selection,20,1902,20,glob_probe,best_in_menu_on_eval,0.0,True,,2228184
fever,29,recalibration,20,1701,20,ad_probe,ad_c(full_target_scalar_reference),0.00015046644598259995,True,0.005636813932283324,2229184
fever,29,selection,20,1701,20,glob_probe,best_in_menu_on_eval,0.0,True,,2229184
fever,30,recalibration,20,1722,20,ad_probe,ad_c(full_target_scalar_reference),0.00547948640786422,False,0.04736345962463484,2230184
fever,30,selection,20,1722,20,glob_probe,best_in_menu_on_eval,0.0,True,,2230184
fever,31,recalibration,20,1905,20,ad_probe,ad_c(full_target_scalar_reference),0.01703065216456734,False,0.16539393627221366,2231184
fever,31,selection,20,1905,20,glob_probe,best_in_menu_on_eval,0.0,True,,2231184
fever,32,recalibration,20,1903,20,ad_probe,ad_c(full_target_scalar_reference),0.01474857773383198,False,0.13579587726025122,2232184
fever,32,selection,20,1903,20,glob_probe,best_in_menu_on_eval,0.0,True,,2232184
fever,33,recalibration,20,1836,20,ad_probe,ad_c(full_target_scalar_reference),0.006793918289554668,False,0.052750306523686286,2233184
fever,33,selection,20,1836,20,glob_probe,best_in_menu_on_eval,0.0,True,,2233184
fever,34,recalibration,20,1727,20,ad_probe,ad_c(full_target_scalar_reference),0.0008275654529039667,True,0.012380333576070157,2234184
fever,34,selection,20,1727,20,glob_probe,best_in_menu_on_eval,0.0,True,,2234184
fever,35,recalibration,20,1754,20,ad_probe,ad_c(full_target_scalar_reference),0.00015046644598259995,True,0.0053746920061017445,2235184
fever,35,selection,20,1754,20,glob_probe,best_in_menu_on_eval,0.0,True,,2235184
fever,36,recalibration,20,1906,20,ad_probe,ad_c(full_target_scalar_reference),0.004929209119699629,True,0.03757661219057473,2236184
fever,36,selection,20,1906,20,glob_probe,best_in_menu_on_eval,0.0,True,,2236184
fever,37,recalibration,20,1736,20,ad_probe,ad_c(full_target_scalar_reference),0.004703509450725729,True,0.033296779225704065,2237184
fever,37,selection,20,1736,20,glob_probe,best_in_menu_on_eval,0.0,True,,2237184
fever,38,recalibration,20,1876,20,ad_probe,ad_c(full_target_scalar_reference),0.0018181362222889907,True,0.015134805500324977,2238184
fever,38,selection,20,1876,20,glob_probe,best_in_menu_on_eval,0.0,True,,2238184
fever,39,recalibration,20,1807,20,ad_probe,ad_c(full_target_scalar_reference),0.005329019961881842,False,0.044337779603143446,2239184
fever,39,selection,20,1807,20,glob_probe,best_in_menu_on_eval,0.0,True,,2239184
fever,40,recalibration,20,1869,20,ad_probe,ad_c(full_target_scalar_reference),0.010931745554074723,False,0.09324798899039055,2240184
fever,40,selection,20,1869,20,glob_probe,best_in_menu_on_eval,0.0,True,,2240184
fever,41,recalibration,20,1860,20,ad_probe,ad_c(full_target_scalar_reference),0.0027710903801786424,True,0.026823745376416852,2241184
fever,41,selection,20,1860,20,glob_probe,best_in_menu_on_eval,0.0,True,,2241184
fever,42,recalibration,20,1927,20,ad_probe,ad_c(full_target_scalar_reference),0.001166114956364761,True,0.008103026821986714,2242184
fever,42,selection,20,1927,20,glob_probe,best_in_menu_on_eval,0.0,True,,2242184
fever,43,recalibration,20,1835,20,ad_probe,ad_c(full_target_scalar_reference),0.0012789647908516555,True,0.013303923935457207,2243184
fever,43,selection,20,1835,20,glob_probe,best_in_menu_on_eval,0.0,True,,2243184
fever,44,recalibration,20,1731,20,ad_probe,ad_c(full_target_scalar_reference),0.007905757849333117,False,0.055011935248930666,2244184
fever,44,selection,20,1731,20,glob_probe,best_in_menu_on_eval,0.0,True,,2244184
fever,45,recalibration,20,1733,20,ad_probe,ad_c(full_target_scalar_reference),0.008131457518306795,False,0.060031377359322846,2245184
fever,45,selection,20,1733,20,glob_probe,best_in_menu_on_eval,0.0,True,,2245184
fever,46,recalibration,20,1845,20,ad_probe,ad_c(full_target_scalar_reference),0.0035750111058566736,True,0.02743167606229102,2246184
fever,46,selection,20,1845,20,glob_probe,best_in_menu_on_eval,0.0,True,,2246184
fever,47,recalibration,20,1899,20,ad_probe,ad_c(full_target_scalar_reference),0.006621956637003268,False,0.05065082470678928,2247184
fever,47,selection,20,1899,20,glob_probe,best_in_menu_on_eval,0.0,True,,2247184
fever,48,recalibration,20,1851,20,ad_probe,ad_c(full_target_scalar_reference),0.0026206239341961535,True,0.027114248105125638,2248184
fever,48,selection,20,1851,20,glob_probe,best_in_menu_on_eval,0.0,True,,2248184
fever,49,recalibration,20,1747,20,ad_probe,ad_c(full_target_scalar_reference),0.007445939555479009,False,0.059333382610515795,2249184
fever,49,selection,20,1747,20,glob_probe,best_in_menu_on_eval,0.0,True,,2249184
fever,0,recalibration,50,4565,50,ad_probe,ad_c(full_target_scalar_reference),0.005102709161052488,False,0.03885929905318464,2300127
fever,0,selection,50,4565,50,glob_probe,best_in_menu_on_eval,0.0,True,,2300127
fever,1,recalibration,50,4266,50,ad_probe,ad_c(full_target_scalar_reference),0.00922637041515506,False,0.0724733861555551,2301127
fever,1,selection,50,4266,50,glob_probe,best_in_menu_on_eval,0.0,True,,2301127
fever,2,recalibration,50,4507,50,ad_probe,ad_c(full_target_scalar_reference),0.0024813583232567993,True,0.023506535422361363,2302127
fever,2,selection,50,4507,50,glob_probe,best_in_menu_on_eval,0.0,True,,2302127
fever,3,recalibration,50,4422,50,ad_probe,ad_c(full_target_scalar_reference),0.004899738008867338,True,0.04148119632473435,2303127
fever,3,selection,50,4422,50,glob_probe,best_in_menu_on_eval,0.0,True,,2303127
fever,4,recalibration,50,4581,50,ad_probe,ad_c(full_target_scalar_reference),0.005504332930269973,False,0.04691116962098585,2304127
fever,4,selection,50,4581,50,glob_probe,best_in_menu_on_eval,0.0,True,,2304127
fever,5,recalibration,50,4463,50,ad_probe,ad_c(full_target_scalar_reference),0.008575531179823792,False,0.0679230404184743,2305127
fever,5,selection,50,4463,50,glob_probe,best_in_menu_on_eval,0.0,True,,2305127
fever,6,recalibration,50,4635,50,ad_probe,ad_c(full_target_scalar_reference),0.010452294581677957,False,0.08033489923062298,2306127
fever,6,selection,50,4635,50,glob_probe,best_in_menu_on_eval,0.0,True,,2306127
fever,7,recalibration,50,4521,50,ad_probe,ad_c(full_target_scalar_reference),0.005504332930270306,False,0.04704639430922486,2307127
fever,7,selection,50,4521,50,glob_probe,best_in_menu_on_eval,0.0,True,,2307127
fever,8,recalibration,50,4685,50,ad_probe,ad_c(full_target_scalar_reference),0.006651983647147031,False,0.05003345774607926,2308127
fever,8,selection,50,4685,50,trunc,best_in_menu_on_eval,0.012378001381931236,False,,2308127
fever,9,recalibration,50,4509,50,ad_probe,ad_c(full_target_scalar_reference),0.00480041170035117,True,0.036841177901749234,2309127
fever,9,selection,50,4509,50,glob_probe,best_in_menu_on_eval,0.0,True,,2309127
fever,10,recalibration,50,4400,50,ad_probe,ad_c(full_target_scalar_reference),0.008621775493752537,False,0.06645860789365843,2310127
fever,10,selection,50,4400,50,glob_probe,best_in_menu_on_eval,0.0,True,,2310127
fever,11,recalibration,50,4554,50,ad_probe,ad_c(full_target_scalar_reference),0.0036905481660621797,True,0.03336881957704052,2311127
fever,11,selection,50,4554,50,glob_probe,best_in_menu_on_eval,0.0,True,,2311127
fever,12,recalibration,50,4438,50,ad_probe,ad_c(full_target_scalar_reference),0.0011714026602176464,True,0.008374241856988318,2312127
fever,12,selection,50,4438,50,glob_probe,best_in_menu_on_eval,0.0,True,,2312127
fever,13,recalibration,50,4576,50,ad_probe,ad_c(full_target_scalar_reference),0.002179060862555482,True,0.020871396826398714,2313127
fever,13,selection,50,4576,50,glob_probe,best_in_menu_on_eval,0.0,True,,2313127
fever,14,recalibration,50,4560,50,ad_probe,ad_c(full_target_scalar_reference),0.0010202539298669322,True,0.0066490692536036455,2314127
fever,14,selection,50,4560,50,glob_probe,best_in_menu_on_eval,0.0,True,,2314127
fever,15,recalibration,50,4531,50,ad_probe,ad_c(full_target_scalar_reference),0.008924072954453743,False,0.06771206359267812,2315127
fever,15,selection,50,4531,50,glob_probe,best_in_menu_on_eval,0.0,True,,2315127
fever,16,recalibration,50,4511,50,ad_probe,ad_c(full_target_scalar_reference),0.0006045949214026347,True,0.004596219924754674,2316127
fever,16,selection,50,4511,50,trunc,best_in_menu_on_eval,0.01240319283698954,False,,2316127
fever,17,recalibration,50,4683,50,ad_probe,ad_c(full_target_scalar_reference),0.009369062014164764,False,0.07289652688205672,2317127
fever,17,selection,50,4683,50,glob_probe,best_in_menu_on_eval,0.0,True,,2317127
fever,18,recalibration,50,4757,50,ad_probe,ad_c(full_target_scalar_reference),0.004724837335175924,True,0.03342310880171562,2318127
fever,18,selection,50,4757,50,glob_probe,best_in_menu_on_eval,0.0,True,,2318127
fever,19,recalibration,50,4443,50,ad_probe,ad_c(full_target_scalar_reference),0.007933149075833423,False,0.0644887427504226,2319127
fever,19,selection,50,4443,50,glob_probe,best_in_menu_on_eval,0.0,True,,2319127
fever,20,recalibration,50,4609,50,ad_probe,ad_c(full_target_scalar_reference),0.0022182875568607097,True,0.019522766277586312,2320127
fever,20,selection,50,4609,50,glob_probe,best_in_menu_on_eval,0.0,True,,2320127
fever,21,recalibration,50,4594,50,ad_probe,ad_c(full_target_scalar_reference),0.003841696896412783,True,0.035784759956076106,2321127
fever,21,selection,50,4594,50,glob_probe,best_in_menu_on_eval,0.0,True,,2321127
fever,22,recalibration,50,4636,50,ad_probe,ad_c(full_target_scalar_reference),0.003591221857545901,True,0.02941437545690473,2322127
fever,22,selection,50,4636,50,glob_probe,best_in_menu_on_eval,0.0,True,,2322127
fever,23,recalibration,50,4759,50,ad_probe,ad_c(full_target_scalar_reference),0.008386595266885344,False,0.06664302999624483,2323127
fever,23,selection,50,4759,50,glob_probe,best_in_menu_on_eval,0.0,True,,2323127
fever,24,recalibration,50,4598,50,ad_probe,ad_c(full_target_scalar_reference),0.002797691023204929,True,0.024595392796274318,2324127
fever,24,selection,50,4598,50,glob_probe,best_in_menu_on_eval,0.0,True,,2324127
fever,25,recalibration,50,4521,50,ad_probe,ad_c(full_target_scalar_reference),0.0006045949214026347,True,0.004097663462660384,2325127
fever,25,selection,50,4521,50,glob_probe,best_in_menu_on_eval,0.0,True,,2325127
fever,26,recalibration,50,4549,50,ad_probe,ad_c(full_target_scalar_reference),0.004295143087464703,True,0.03835759640351666,2326127
fever,26,selection,50,4549,50,glob_probe,best_in_menu_on_eval,0.0,True,,2326127
fever,27,recalibration,50,4451,50,ad_probe,ad_c(full_target_scalar_reference),0.00665198364714692,False,0.04851576997015927,2327127
fever,27,selection,50,4451,50,glob_probe,best_in_menu_on_eval,0.0,True,,2327127
fever,28,recalibration,50,4560,50,ad_probe,ad_c(full_target_scalar_reference),0.005934027177981194,False,0.04169777882061276,2328127
fever,28,selection,50,4560,50,glob_probe,best_in_menu_on_eval,0.0,True,,2328127
fever,29,recalibration,50,4704,50,ad_probe,ad_c(full_target_scalar_reference),0.007479702884781392,False,0.0608321126361262,2329127
fever,29,selection,50,4704,50,trunc,best_in_menu_on_eval,0.012403192836989763,False,,2329127
fever,30,recalibration,50,4478,50,ad_probe,ad_c(full_target_scalar_reference),0.0005290205562273886,True,0.008650774319565402,2330127
fever,30,selection,50,4478,50,glob_probe,best_in_menu_on_eval,0.0,True,,2330127
fever,31,recalibration,50,4539,50,ad_probe,ad_c(full_target_scalar_reference),0.006236324638682511,False,0.04310308459341017,2331127
fever,31,selection,50,4539,50,glob_probe,best_in_menu_on_eval,0.0,True,,2331127
fever,32,recalibration,50,4456,50,ad_probe,ad_c(full_target_scalar_reference),0.008168329302700728,False,0.05975209366518275,2332127
fever,32,selection,50,4456,50,glob_probe,best_in_menu_on_eval,0.0,True,,2332127
fever,33,recalibration,50,4679,50,ad_probe,ad_c(full_target_scalar_reference),0.002520585017562027,True,0.019997181965,2333127
fever,33,selection,50,4679,50,glob_probe,best_in_menu_on_eval,0.0,True,,2333127
fever,34,recalibration,50,4458,50,ad_probe,ad_c(full_target_scalar_reference),0.0011714026602176464,True,0.01002930614414177,2334127
fever,34,selection,50,4458,50,glob_probe,best_in_menu_on_eval,0.0,True,,2334127
fever,35,recalibration,50,4726,50,ad_probe,ad_c(full_target_scalar_reference),0.007026256693729582,False,0.05372745165058945,2335127
fever,35,selection,50,4726,50,glob_probe,best_in_menu_on_eval,0.0,True,,2335127
fever,36,recalibration,50,4655,50,ad_probe,ad_c(full_target_scalar_reference),0.003742370587896615,True,0.02892046522830294,2336127
fever,36,selection,50,4655,50,glob_probe,best_in_menu_on_eval,0.0,True,,2336127
fever,37,recalibration,50,4561,50,ad_probe,ad_c(full_target_scalar_reference),0.002188057810790567,True,0.017376692009757222,2337127
fever,37,selection,50,4561,50,glob_probe,best_in_menu_on_eval,0.0,True,,2337127
fever,38,recalibration,50,4671,50,ad_probe,ad_c(full_target_scalar_reference),0.0,True,0.0017499504435781743,2338127
fever,38,selection,50,4671,50,glob_probe,best_in_menu_on_eval,0.0,True,,2338127
fever,39,recalibration,50,4617,50,ad_probe,ad_c(full_target_scalar_reference),0.0040446680485979325,True,0.03149471639417811,2339127
fever,39,selection,50,4617,50,glob_probe,best_in_menu_on_eval,0.0,True,,2339127
fever,40,recalibration,50,4650,50,ad_probe,ad_c(full_target_scalar_reference),0.0016752317613865086,True,0.010909045800307937,2340127
fever,40,selection,50,4650,50,trunc,best_in_menu_on_eval,0.012478767202164898,False,,2340127
fever,41,recalibration,50,4493,50,ad_probe,ad_c(full_target_scalar_reference),0.004068419991938965,True,0.037355753518380164,2341127
fever,41,selection,50,4493,50,glob_probe,best_in_menu_on_eval,0.0,True,,2341127
fever,42,recalibration,50,4496,50,ad_probe,ad_c(full_target_scalar_reference),0.003742370587896615,True,0.030406549158013108,2342127
fever,42,selection,50,4496,50,glob_probe,best_in_menu_on_eval,0.0,True,,2342127
fever,43,recalibration,50,4483,50,ad_probe,ad_c(full_target_scalar_reference),0.003841696896412783,True,0.035436772004992956,2343127
fever,43,selection,50,4483,50,glob_probe,best_in_menu_on_eval,0.0,True,,2343127
fever,44,recalibration,50,4713,50,ad_probe,ad_c(full_target_scalar_reference),0.004597440548166021,True,0.039853918422759316,2344127
fever,44,selection,50,4713,50,glob_probe,best_in_menu_on_eval,0.0,True,,2344127
fever,45,recalibration,50,4561,50,ad_probe,ad_c(full_target_scalar_reference),0.003440073127195298,True,0.026582805009271793,2345127
fever,45,selection,50,4561,50,glob_probe,best_in_menu_on_eval,0.0,True,,2345127
fever,46,recalibration,50,4505,50,ad_probe,ad_c(full_target_scalar_reference),0.0016752317613865086,True,0.013185606684519957,2346127
fever,46,selection,50,4505,50,glob_probe,best_in_menu_on_eval,0.0,True,,2346127
fever,47,recalibration,50,4609,50,ad_probe,ad_c(full_target_scalar_reference),0.002188057810790567,True,0.01861250972035433,2347127
fever,47,selection,50,4609,50,glob_probe,best_in_menu_on_eval,0.0,True,,2347127
fever,48,recalibration,50,4577,50,ad_probe,ad_c(full_target_scalar_reference),0.0020279121322047677,True,0.018531826286870112,2348127
fever,48,selection,50,4577,50,glob_probe,best_in_menu_on_eval,0.0,True,,2348127
fever,49,recalibration,50,4526,50,ad_probe,ad_c(full_target_scalar_reference),0.0024813583232566883,True,0.022208355851977446,2349127
fever,49,selection,50,4526,50,glob_probe,best_in_menu_on_eval,0.0,True,,2349127
fever,0,recalibration,100,9033,100,ad_probe,ad_c(full_target_scalar_reference),0.0026525535587369475,True,0.028980251723600303,2400428
fever,0,selection,100,9033,100,glob_probe,best_in_menu_on_eval,0.0,True,,2400428
fever,1,recalibration,100,9075,100,ad_probe,ad_c(full_target_scalar_reference),0.0018402883541477344,True,0.01562339946244351,2401428
fever,1,selection,100,9075,100,glob_probe,best_in_menu_on_eval,0.0,True,,2401428
fever,2,recalibration,100,9048,100,ad_probe,ad_c(full_target_scalar_reference),0.0,True,0.0018242050651774422,2402428
fever,2,selection,100,9048,100,glob_probe,best_in_menu_on_eval,0.0,True,,2402428
fever,3,recalibration,100,9183,100,ad_probe,ad_c(full_target_scalar_reference),0.002347954107015826,True,0.022550548843800478,2403428
fever,3,selection,100,9183,100,glob_probe,best_in_menu_on_eval,0.0,True,,2403428
fever,4,recalibration,100,9091,100,ad_probe,ad_c(full_target_scalar_reference),0.007028994966856605,False,0.053046009209507305,2404428
fever,4,selection,100,9091,100,glob_probe,best_in_menu_on_eval,0.0,True,,2404428
fever,5,recalibration,100,9018,100,ad_probe,ad_c(full_target_scalar_reference),0.0,True,0.0011998056320825512,2405428
fever,5,selection,100,9018,100,glob_probe,best_in_menu_on_eval,0.0,True,,2405428
fever,6,recalibration,100,9143,100,ad_probe,ad_c(full_target_scalar_reference),0.0009518732866281576,True,0.00832141829255173,2406428
fever,6,selection,100,9143,100,glob_probe,best_in_menu_on_eval,0.0,True,,2406428
fever,7,recalibration,100,9293,100,ad_probe,ad_c(full_target_scalar_reference),0.013176827234091859,False,0.1131307018678509,2407428
fever,7,selection,100,9293,100,glob_probe,best_in_menu_on_eval,0.0,True,,2407428
fever,8,recalibration,100,8932,100,ad_probe,ad_c(full_target_scalar_reference),0.006460046705249245,False,0.05084681984665185,2408428
fever,8,selection,100,8932,100,glob_probe,best_in_menu_on_eval,0.0,True,,2408428
fever,9,recalibration,100,9229,100,ad_probe,ad_c(full_target_scalar_reference),0.005546248350086214,False,0.045477606032259255,2409428
fever,9,selection,100,9229,100,glob_probe,best_in_menu_on_eval,0.0,True,,2409428
fever,10,recalibration,100,9183,100,ad_probe,ad_c(full_target_scalar_reference),0.012156419070826652,False,0.10684200434767444,2410428
fever,10,selection,100,9183,100,glob_probe,best_in_menu_on_eval,0.0,True,,2410428
fever,11,recalibration,100,9040,100,ad_probe,ad_c(full_target_scalar_reference),7.614986293025261e-05,True,0.0023362395632635646,2411428
fever,11,selection,100,9040,100,glob_probe,best_in_menu_on_eval,0.0,True,,2411428
fever,12,recalibration,100,9316,100,ad_probe,ad_c(full_target_scalar_reference),0.0017641384912173708,True,0.016391791073293804,2412428
fever,12,selection,100,9316,100,glob_probe,best_in_menu_on_eval,0.0,True,,2412428
fever,13,recalibration,100,9072,100,ad_probe,ad_c(full_target_scalar_reference),0.008450459074888061,False,0.06652113414186933,2413428
fever,13,selection,100,9072,100,glob_probe,best_in_menu_on_eval,0.0,True,,2413428
fever,14,recalibration,100,9125,100,ad_probe,ad_c(full_target_scalar_reference),0.0011803228754188044,True,0.0073041987645805495,2414428
fever,14,selection,100,9125,100,glob_probe,best_in_menu_on_eval,0.0,True,,2414428
fever,15,recalibration,100,8972,100,ad_probe,ad_c(full_target_scalar_reference),0.003923168414487366,True,0.03156800090844247,2415428
fever,15,selection,100,8972,100,glob_probe,best_in_menu_on_eval,0.0,True,,2415428
fever,16,recalibration,100,9133,100,ad_probe,ad_c(full_target_scalar_reference),0.002539779237921036,True,0.019983400621911507,2416428
fever,16,selection,100,9133,100,glob_probe,best_in_menu_on_eval,0.0,True,,2416428
fever,17,recalibration,100,8755,100,ad_probe,ad_c(full_target_scalar_reference),0.0053939486242258194,False,0.04458074232872278,2417428
fever,17,selection,100,8755,100,glob_probe,best_in_menu_on_eval,0.0,True,,2417428
fever,18,recalibration,100,9078,100,ad_probe,ad_c(full_target_scalar_reference),0.0018402883541477344,True,0.01392379458501325,2418428
fever,18,selection,100,9078,100,glob_probe,best_in_menu_on_eval,0.0,True,,2418428
fever,19,recalibration,100,9153,100,ad_probe,ad_c(full_target_scalar_reference),0.0028048532845973417,True,0.026762489701694703,2419428
fever,19,selection,100,9153,100,glob_probe,best_in_menu_on_eval,0.0,True,,2419428
fever,20,recalibration,100,9168,100,ad_probe,ad_c(full_target_scalar_reference),0.0017260635597522445,True,0.015837025932155413,2420428
fever,20,selection,100,9168,100,glob_probe,best_in_menu_on_eval,0.0,True,,2420428
fever,21,recalibration,100,8771,100,ad_probe,ad_c(full_target_scalar_reference),0.001967204792364563,True,0.020815826204851562,2421428
fever,21,selection,100,8771,100,glob_probe,best_in_menu_on_eval,0.0,True,,2421428
fever,22,recalibration,100,9315,100,ad_probe,ad_c(full_target_scalar_reference),0.0006853487663722735,True,0.004699888466266566,2422428
fever,22,selection,100,9315,100,glob_probe,best_in_menu_on_eval,0.0,True,,2422428
fever,23,recalibration,100,9147,100,ad_probe,ad_c(full_target_scalar_reference),0.0053939486242259305,False,0.045034550599738266,2423428
fever,23,selection,100,9147,100,glob_probe,best_in_menu_on_eval,0.0,True,,2423428
fever,24,recalibration,100,9021,100,ad_probe,ad_c(full_target_scalar_reference),0.0014849223271398149,True,0.01042678604659697,2424428
fever,24,selection,100,9021,100,glob_probe,best_in_menu_on_eval,0.0,True,,2424428
fever,25,recalibration,100,9213,100,ad_probe,ad_c(full_target_scalar_reference),0.004836966769650175,True,0.03632949554847764,2425428
fever,25,selection,100,9213,100,glob_probe,best_in_menu_on_eval,0.0,True,,2425428
fever,26,recalibration,100,9223,100,ad_probe,ad_c(full_target_scalar_reference),0.003466269236905628,True,0.02688954253039777,2426428
fever,26,selection,100,9223,100,glob_probe,best_in_menu_on_eval,0.0,True,,2426428
fever,27,recalibration,100,9211,100,ad_probe,ad_c(full_target_scalar_reference),0.0,True,0.0016667052689129935,2427428
fever,27,selection,100,9211,100,glob_probe,best_in_menu_on_eval,0.0,True,,2427428
fever,28,recalibration,100,9027,100,ad_probe,ad_c(full_target_scalar_reference),0.00038074931465126305,True,0.007999619216848552,2428428
fever,28,selection,100,9027,100,glob_probe,best_in_menu_on_eval,0.0,True,,2428428
fever,29,recalibration,100,9254,100,ad_probe,ad_c(full_target_scalar_reference),0.00015229972586050522,True,0.0058372886317317185,2429428
fever,29,selection,100,9254,100,glob_probe,best_in_menu_on_eval,0.0,True,,2429428
fever,30,recalibration,100,9392,100,ad_probe,ad_c(full_target_scalar_reference),0.004227767866208376,True,0.0320010701991742,2430428
fever,30,selection,100,9392,100,glob_probe,best_in_menu_on_eval,0.0,True,,2430428
fever,31,recalibration,100,8958,100,ad_probe,ad_c(full_target_scalar_reference),0.008154381155447421,False,0.06126128268547104,2431428
fever,31,selection,100,8958,100,glob_probe,best_in_menu_on_eval,0.0,True,,2431428
fever,32,recalibration,100,9037,100,ad_probe,ad_c(full_target_scalar_reference),0.0,True,0.002090251434432977,2432428
fever,32,selection,100,9037,100,glob_probe,best_in_menu_on_eval,0.0,True,,2432428
fever,33,recalibration,100,8994,100,ad_probe,ad_c(full_target_scalar_reference),0.003718651639760262,True,0.03508479733790437,2433428
fever,33,selection,100,8994,100,glob_probe,best_in_menu_on_eval,0.0,True,,2433428
fever,34,recalibration,100,9187,100,ad_probe,ad_c(full_target_scalar_reference),0.00045689917758151566,True,0.0036991266299324366,2434428
fever,34,selection,100,9187,100,glob_probe,best_in_menu_on_eval,0.0,True,,2434428
fever,35,recalibration,100,9134,100,ad_probe,ad_c(full_target_scalar_reference),0.0018402883541476234,True,0.01352890630301995,2435428
fever,35,selection,100,9134,100,glob_probe,best_in_menu_on_eval,0.0,True,,2435428
fever,36,recalibration,100,9003,100,ad_probe,ad_c(full_target_scalar_reference),0.0018402883541477344,True,0.015061542826128038,2436428
fever,36,selection,100,9003,100,glob_probe,best_in_menu_on_eval,0.0,True,,2436428
fever,37,recalibration,100,9050,100,ad_probe,ad_c(full_target_scalar_reference),0.0028048532845973417,True,0.029710514436205315,2437428
fever,37,selection,100,9050,100,glob_probe,best_in_menu_on_eval,0.0,True,,2437428
fever,38,recalibration,100,9100,100,ad_probe,ad_c(full_target_scalar_reference),0.0014976139709614866,True,0.010705427063484652,2438428
fever,38,selection,100,9100,100,glob_probe,best_in_menu_on_eval,0.0,True,,2438428
fever,39,recalibration,100,9296,100,ad_probe,ad_c(full_target_scalar_reference),0.006626488548511111,False,0.04845111272149394,2439428
fever,39,selection,100,9296,100,glob_probe,best_in_menu_on_eval,0.0,True,,2439428
fever,40,recalibration,100,9104,100,ad_probe,ad_c(full_target_scalar_reference),0.0,True,0.0013751730073139345,2440428
fever,40,selection,100,9104,100,glob_probe,best_in_menu_on_eval,0.0,True,,2440428
fever,41,recalibration,100,8932,100,ad_probe,ad_c(full_target_scalar_reference),0.008002081429586805,False,0.05455918236755375,2441428
fever,41,selection,100,8932,100,glob_probe,best_in_menu_on_eval,0.0,True,,2441428
fever,42,recalibration,100,8703,100,ad_probe,ad_c(full_target_scalar_reference),0.00823053101837734,False,0.06042633204329939,2442428
fever,42,selection,100,8703,100,glob_probe,best_in_menu_on_eval,0.0,True,,2442428
fever,43,recalibration,100,9012,100,ad_probe,ad_c(full_target_scalar_reference),0.0016879886282871182,True,0.012585999645792545,2443428
fever,43,selection,100,9012,100,glob_probe,best_in_menu_on_eval,0.0,True,,2443428
fever,44,recalibration,100,9244,100,ad_probe,ad_c(full_target_scalar_reference),0.002857070333463829,True,0.025080263638933786,2444428
fever,44,selection,100,9244,100,glob_probe,best_in_menu_on_eval,0.0,True,,2444428
fever,45,recalibration,100,9057,100,ad_probe,ad_c(full_target_scalar_reference),0.005979214713604075,False,0.04047688592459919,2445428
fever,45,selection,100,9057,100,glob_probe,best_in_menu_on_eval,0.0,True,,2445428
fever,46,recalibration,100,9008,100,ad_probe,ad_c(full_target_scalar_reference),0.0006853487663722735,True,0.011172203448894913,2446428
fever,46,selection,100,9008,100,glob_probe,best_in_menu_on_eval,0.0,True,,2446428
fever,47,recalibration,100,9160,100,ad_probe,ad_c(full_target_scalar_reference),0.0063980389597203535,False,0.05085203317439024,2447428
fever,47,selection,100,9160,100,glob_probe,best_in_menu_on_eval,0.0,True,,2447428
fever,48,recalibration,100,9318,100,ad_probe,ad_c(full_target_scalar_reference),0.00038074931465126305,True,0.0076703732118397205,2448428
fever,48,selection,100,9318,100,glob_probe,best_in_menu_on_eval,0.0,True,,2448428
fever,49,recalibration,100,9246,100,ad_probe,ad_c(full_target_scalar_reference),0.0025002538328763313,True,0.023359639577680724,2449428
fever,49,selection,100,9246,100,glob_probe,best_in_menu_on_eval,0.0,True,,2449428
climate-fever,0,recalibration,5,479,5,ad_probe,ad_c(full_target_scalar_reference),0.008071895424836578,False,0.4829568624333387,2000264
climate-fever,0,selection,5,479,5,trunc,best_in_menu_on_eval,0.009901960784313824,True,,2000264
climate-fever,1,recalibration,5,463,5,ad_probe,ad_c(full_target_scalar_reference),0.008398692810457492,False,0.46553684451711463,2001264
climate-fever,1,selection,5,463,5,glob_probe,best_in_menu_on_eval,0.0,True,,2001264
climate-fever,2,recalibration,5,493,5,ad_probe,ad_c(full_target_scalar_reference),0.0,True,0.011754259912968301,2002264
climate-fever,2,selection,5,493,5,glob_probe,best_in_menu_on_eval,0.0,True,,2002264
climate-fever,3,recalibration,5,465,5,ad_probe,ad_c(full_target_scalar_reference),0.0002941176470588336,True,0.05072557396690769,2003264
climate-fever,3,selection,5,465,5,glob_probe,best_in_menu_on_eval,0.0,True,,2003264
climate-fever,4,recalibration,5,480,5,ad_probe,ad_c(full_target_scalar_reference),0.00021786492374731292,True,0.036580540236498926,2004264
climate-fever,4,selection,5,480,5,trunc,best_in_menu_on_eval,0.009901960784313713,True,,2004264
climate-fever,5,recalibration,5,438,5,ad_probe,ad_c(full_target_scalar_reference),0.019923747276688497,False,0.8295912937453185,2005264
climate-fever,5,selection,5,438,5,glob_probe,best_in_menu_on_eval,0.0,True,,2005264
climate-fever,6,recalibration,5,478,5,ad_probe,ad_c(full_target_scalar_reference),0.01244008714596953,False,0.5499080063382076,2006264
climate-fever,6,selection,5,478,5,glob_probe,best_in_menu_on_eval,0.0,True,,2006264
climate-fever,7,recalibration,5,473,5,ad_probe,ad_c(full_target_scalar_reference),0.02044662309368192,False,1.3503446536536714,2007264
climate-fever,7,selection,5,473,5,glob_probe,best_in_menu_on_eval,0.0,True,,2007264
climate-fever,8,recalibration,5,479,5,ad_probe,ad_c(full_target_scalar_reference),0.014618736383442271,False,0.6400255742566752,2008264
climate-fever,8,selection,5,479,5,glob_probe,best_in_menu_on_eval,0.0,True,,2008264
climate-fever,9,recalibration,5,474,5,ad_probe,ad_c(full_target_scalar_reference),0.014411764705882318,False,0.8248709453309004,2009264
climate-fever,9,selection,5,474,5,glob_probe,best_in_menu_on_eval,0.0,True,,2009264
climate-fever,10,recalibration,5,475,5,ad_probe,ad_c(full_target_scalar_reference),0.0032244008714596983,True,0.2009721147704897,2010264
climate-fever,10,selection,5,475,5,glob_probe,best_in_menu_on_eval,0.0,True,,2010264
climate-fever,11,recalibration,5,460,5,ad_probe,ad_c(full_target_scalar_reference),0.008235294117647035,False,0.4878156684117818,2011264
climate-fever,11,selection,5,460,5,glob_probe,best_in_menu_on_eval,0.0,True,,2011264
climate-fever,12,recalibration,5,480,5,ad_probe,ad_c(full_target_scalar_reference),0.01029411764705887,False,0.4960303969723723,2012264
climate-fever,12,selection,5,480,5,trunc,best_in_menu_on_eval,0.01006535947712417,False,,2012264
climate-fever,13,recalibration,5,445,5,ad_probe,ad_c(full_target_scalar_reference),0.003932461873638354,True,0.22941130777493957,2013264
climate-fever,13,selection,5,445,5,glob_probe,best_in_menu_on_eval,0.0,True,,2013264
climate-fever,14,recalibration,5,462,5,ad_probe,ad_c(full_target_scalar_reference),0.030882352941176472,False,1.0692110394386616,2014264
climate-fever,14,selection,5,462,5,glob_probe,best_in_menu_on_eval,0.0,True,,2014264
climate-fever,15,recalibration,5,471,5,ad_probe,ad_c(full_target_scalar_reference),0.008725490196078406,False,0.5224579630787582,2015264
climate-fever,15,selection,5,471,5,glob_probe,best_in_menu_on_eval,0.0,True,,2015264
climate-fever,16,recalibration,5,497,5,ad_probe,ad_c(full_target_scalar_reference),0.00803921568627447,False,0.3875456971721547,2016264
climate-fever,16,selection,5,497,5,glob_probe,best_in_menu_on_eval,0.0,True,,2016264
climate-fever,17,recalibration,5,478,5,ad_probe,ad_c(full_target_scalar_reference),0.002962962962962945,True,0.17244905818546874,2017264
climate-fever,17,selection,5,478,5,glob_probe,best_in_menu_on_eval,0.0,True,,2017264
climate-fever,18,recalibration,5,439,5,ad_probe,ad_c(full_target_scalar_reference),0.002037037037037004,True,0.14529327652358104,2018264
climate-fever,18,selection,5,439,5,glob_probe,best_in_menu_on_eval,0.0,True,,2018264
climate-fever,19,recalibration,5,508,5,ad_probe,ad_c(full_target_scalar_reference),0.00901960784313724,False,0.5585483271261129,2019264
climate-fever,19,selection,5,508,5,glob_probe,best_in_menu_on_eval,0.0,True,,2019264
climate-fever,20,recalibration,5,466,5,ad_probe,ad_c(full_target_scalar_reference),0.002962962962962945,True,0.1760831933391258,2020264
climate-fever,20,selection,5,466,5,glob_probe,best_in_menu_on_eval,0.0,True,,2020264
climate-fever,21,recalibration,5,445,5,ad_probe,ad_c(full_target_scalar_reference),0.006895424836601299,False,0.33630847365531635,2021264
climate-fever,21,selection,5,445,5,glob_probe,best_in_menu_on_eval,0.0,True,,2021264
climate-fever,22,recalibration,5,463,5,ad_probe,ad_c(full_target_scalar_reference),0.00029411764705886134,True,0.03520981319559846,2022264
climate-fever,22,selection,5,463,5,glob_probe,best_in_menu_on_eval,0.0,True,,2022264
climate-fever,23,recalibration,5,480,5,ad_probe,ad_c(full_target_scalar_reference),0.011742919389978207,False,0.6651682201564473,2023264
climate-fever,23,selection,5,480,5,trunc,best_in_menu_on_eval,0.009793028322440112,True,,2023264
climate-fever,24,recalibration,5,490,5,ad_probe,ad_c(full_target_scalar_reference),0.010708061002178637,False,0.5983078838473173,2024264
climate-fever,24,selection,5,490,5,glob_probe,best_in_menu_on_eval,0.0,True,,2024264
climate-fever,25,recalibration,5,484,5,ad_probe,ad_c(full_target_scalar_reference),0.003932461873638354,True,0.22425631099001375,2025264
climate-fever,25,selection,5,484,5,glob_probe,best_in_menu_on_eval,0.0,True,,2025264
climate-fever,26,recalibration,5,476,5,ad_probe,ad_c(full_target_scalar_reference),0.010381263616557723,False,0.5935767305175341,2026264
climate-fever,26,selection,5,476,5,trunc,best_in_menu_on_eval,0.009901960784313768,True,,2026264
climate-fever,27,recalibration,5,441,5,ad_probe,ad_c(full_target_scalar_reference),0.005261437908496758,False,0.2653995876976123,2027264
climate-fever,27,selection,5,441,5,glob_probe,best_in_menu_on_eval,0.0,True,,2027264
climate-fever,28,recalibration,5,445,5,ad_probe,ad_c(full_target_scalar_reference),0.016492374727668874,False,0.7457222776686414,2028264
climate-fever,28,selection,5,445,5,glob_probe,best_in_menu_on_eval,0.0,True,,2028264
climate-fever,29,recalibration,5,415,5,ad_probe,ad_c(full_target_scalar_reference),0.010708061002178665,False,0.6046700508561349,2029264
climate-fever,29,selection,5,415,5,glob_probe,best_in_menu_on_eval,0.0,True,,2029264
climate-fever,30,recalibration,5,470,5,ad_probe,ad_c(full_target_scalar_reference),0.01049019607843138,False,0.6100731194411608,2030264
climate-fever,30,selection,5,470,5,glob_probe,best_in_menu_on_eval,0.0,True,,2030264
climate-fever,31,recalibration,5,459,5,ad_probe,ad_c(full_target_scalar_reference),0.0016013071895424613,True,0.08107858734391371,2031264
climate-fever,31,selection,5,459,5,glob_probe,best_in_menu_on_eval,0.0,True,,2031264
climate-fever,32,recalibration,5,494,5,ad_probe,ad_c(full_target_scalar_reference),0.006122004357298483,False,0.3287982511211385,2032264
climate-fever,32,selection,5,494,5,glob_probe,best_in_menu_on_eval,0.0,True,,2032264
climate-fever,33,recalibration,5,433,5,ad_probe,ad_c(full_target_scalar_reference),0.023703703703703727,False,0.912337850030019,2033264
climate-fever,33,selection,5,433,5,glob_probe,best_in_menu_on_eval,0.0,True,,2033264
climate-fever,34,recalibration,5,512,5,ad_probe,ad_c(full_target_scalar_reference),0.006122004357298483,False,0.3322600836220615,2034264
climate-fever,34,selection,5,512,5,glob_probe,best_in_menu_on_eval,0.0,True,,2034264
climate-fever,35,recalibration,5,461,5,ad_probe,ad_c(full_target_scalar_reference),0.020250544662309383,False,0.8172468643219872,2035264
climate-fever,35,selection,5,461,5,glob_probe,best_in_menu_on_eval,0.0,True,,2035264
climate-fever,36,recalibration,5,457,5,ad_probe,ad_c(full_target_scalar_reference),0.003932461873638354,True,0.22716429273375027,2036264
climate-fever,36,selection,5,457,5,glob_probe,best_in_menu_on_eval,0.0,True,,2036264
climate-fever,37,recalibration,5,464,5,ad_probe,ad_c(full_target_scalar_reference),0.010708061002178693,False,0.6202132121096469,2037264
climate-fever,37,selection,5,464,5,glob_probe,best_in_menu_on_eval,0.0,True,,2037264
climate-fever,38,recalibration,5,449,5,ad_probe,ad_c(full_target_scalar_reference),0.006906318082788632,False,0.36119955338070797,2038264
climate-fever,38,selection,5,449,5,glob_probe,best_in_menu_on_eval,0.0,True,,2038264
climate-fever,39,recalibration,5,479,5,ad_probe,ad_c(full_target_scalar_reference),0.0007625272331154564,True,0.0678145668149881,2039264
climate-fever,39,selection,5,479,5,glob_probe,best_in_menu_on_eval,0.0,True,,2039264
climate-fever,40,recalibration,5,493,5,ad_probe,ad_c(full_target_scalar_reference),0.01244008714596953,False,0.568957124609595,2040264
climate-fever,40,selection,5,493,5,glob_probe,best_in_menu_on_eval,0.0,True,,2040264
climate-fever,41,recalibration,5,482,5,ad_probe,ad_c(full_target_scalar_reference),0.014629629629629659,False,0.8276695122111262,2041264
climate-fever,41,selection,5,482,5,trunc,best_in_menu_on_eval,0.009901960784313768,True,,2041264
climate-fever,42,recalibration,5,472,5,ad_probe,ad_c(full_target_scalar_reference),0.01522875816993463,False,0.9019496785290411,2042264
climate-fever,42,selection,5,472,5,glob_probe,best_in_menu_on_eval,0.0,True,,2042264
climate-fever,43,recalibration,5,497,5,ad_probe,ad_c(full_target_scalar_reference),0.01522875816993463,False,0.9029817366043353,2043264
climate-fever,43,selection,5,497,5,glob_probe,best_in_menu_on_eval,0.0,True,,2043264
climate-fever,44,recalibration,5,496,5,ad_probe,ad_c(full_target_scalar_reference),0.017135076252723314,False,1.040421697318136,2044264
climate-fever,44,selection,5,496,5,trunc,best_in_menu_on_eval,0.009869281045751577,True,,2044264
climate-fever,45,recalibration,5,501,5,ad_probe,ad_c(full_target_scalar_reference),0.004270152505446628,True,0.2834876885233668,2045264
climate-fever,45,selection,5,501,5,glob_probe,best_in_menu_on_eval,0.0,True,,2045264
climate-fever,46,recalibration,5,470,5,ad_probe,ad_c(full_target_scalar_reference),0.007494553376906299,False,0.35646993741489164,2046264
climate-fever,46,selection,5,470,5,glob_probe,best_in_menu_on_eval,0.0,True,,2046264
climate-fever,47,recalibration,5,465,5,ad_probe,ad_c(full_target_scalar_reference),0.008235294117647063,False,0.4878156684117818,2047264
climate-fever,47,selection,5,465,5,glob_probe,best_in_menu_on_eval,0.0,True,,2047264
climate-fever,48,recalibration,5,507,5,ad_probe,ad_c(full_target_scalar_reference),0.016318082788671,False,0.9916530520747129,2048264
climate-fever,48,selection,5,507,5,glob_probe,best_in_menu_on_eval,0.0,True,,2048264
climate-fever,49,recalibration,5,456,5,ad_probe,ad_c(full_target_scalar_reference),0.010708061002178637,False,0.6046700508561349,2049264
climate-fever,49,selection,5,456,5,glob_probe,best_in_menu_on_eval,0.0,True,,2049264
climate-fever,0,recalibration,10,889,10,ad_probe,ad_c(full_target_scalar_reference),0.006699453551912593,False,0.3001181478310011,821
climate-fever,0,selection,10,889,10,glob_probe,best_in_menu_on_eval,0.0,True,,821
climate-fever,1,recalibration,10,952,10,ad_probe,ad_c(full_target_scalar_reference),0.011934426229508133,False,0.5406465510914882,1821
climate-fever,1,selection,10,952,10,glob_probe,best_in_menu_on_eval,0.0,True,,1821
climate-fever,2,recalibration,10,917,10,ad_probe,ad_c(full_target_scalar_reference),0.003136612021857915,True,0.20413405557391906,2821
climate-fever,2,selection,10,917,10,glob_probe,best_in_menu_on_eval,0.0,True,,2821
climate-fever,3,recalibration,10,922,10,ad_probe,ad_c(full_target_scalar_reference),0.0016612021857923265,True,0.09126462727822737,3821
climate-fever,3,selection,10,922,10,glob_probe,best_in_menu_on_eval,0.0,True,,3821
climate-fever,4,recalibration,10,897,10,ad_probe,ad_c(full_target_scalar_reference),0.011442622950819686,False,0.539285433634086,4821
climate-fever,4,selection,10,897,10,glob_probe,best_in_menu_on_eval,0.0,True,,4821
climate-fever,5,recalibration,10,928,10,ad_probe,ad_c(full_target_scalar_reference),0.014896174863388012,False,0.8451089823154745,5821
climate-fever,5,selection,10,928,10,trunc,best_in_menu_on_eval,0.010262295081967132,False,,5821
climate-fever,6,recalibration,10,969,10,ad_probe,ad_c(full_target_scalar_reference),0.008426229508196686,False,0.44888758029968434,6821
climate-fever,6,selection,10,969,10,glob_probe,best_in_menu_on_eval,0.0,True,,6821
climate-fever,7,recalibration,10,945,10,ad_probe,ad_c(full_target_scalar_reference),0.0001311475409836449,True,0.020044024409792804,7821
climate-fever,7,selection,10,945,10,glob_probe,best_in_menu_on_eval,0.0,True,,7821
climate-fever,8,recalibration,10,977,10,ad_probe,ad_c(full_target_scalar_reference),0.0010054644808742963,True,0.10029106754240802,8821
climate-fever,8,selection,10,977,10,glob_probe,best_in_menu_on_eval,0.0,True,,8821
climate-fever,9,recalibration,10,914,10,ad_probe,ad_c(full_target_scalar_reference),0.00045901639344261835,True,0.06820820909143155,9821
climate-fever,9,selection,10,914,10,glob_probe,best_in_menu_on_eval,0.0,True,,9821
climate-fever,10,recalibration,10,978,10,ad_probe,ad_c(full_target_scalar_reference),0.01126775956284154,False,0.6715779214008228,10821
climate-fever,10,selection,10,978,10,glob_probe,best_in_menu_on_eval,0.0,True,,10821
climate-fever,11,recalibration,10,917,10,ad_probe,ad_c(full_target_scalar_reference),0.003945355191256855,True,0.22830307541915884,11821
climate-fever,11,selection,10,917,10,glob_probe,best_in_menu_on_eval,0.0,True,,11821
climate-fever,12,recalibration,10,903,10,ad_probe,ad_c(full_target_scalar_reference),0.01131147540983607,False,0.5281071988235673,12821
climate-fever,12,selection,10,903,10,trunc,best_in_menu_on_eval,0.009934426229508297,True,,12821
climate-fever,13,recalibration,10,923,10,ad_probe,ad_c(full_target_scalar_reference),0.0006775956284152673,True,0.0898104720189008,13821
climate-fever,13,selection,10,923,10,glob_probe,best_in_menu_on_eval,0.0,True,,13821
climate-fever,14,recalibration,10,941,10,ad_probe,ad_c(full_target_scalar_reference),0.008284153005464479,False,0.4392425325033593,14821
climate-fever,14,selection,10,941,10,glob_probe,best_in_menu_on_eval,0.0,True,,14821
climate-fever,15,recalibration,10,956,10,ad_probe,ad_c(full_target_scalar_reference),0.015060109289617513,False,0.8631682621255021,15821
climate-fever,15,selection,10,956,10,glob_probe,best_in_menu_on_eval,0.0,True,,15821
climate-fever,16,recalibration,10,965,10,ad_probe,ad_c(full_target_scalar_reference),0.008426229508196742,False,0.49468464325647465,16821
climate-fever,16,selection,10,965,10,trunc,best_in_menu_on_eval,0.009989071038251363,True,,16821
climate-fever,17,recalibration,10,870,10,ad_probe,ad_c(full_target_scalar_reference),0.002262295081967153,True,0.16765959525808105,17821
climate-fever,17,selection,10,870,10,glob_probe,best_in_menu_on_eval,0.0,True,,17821
climate-fever,18,recalibration,10,961,10,ad_probe,ad_c(full_target_scalar_reference),0.0039016393442622976,True,0.2588353287437215,18821
climate-fever,18,selection,10,961,10,glob_probe,best_in_menu_on_eval,0.0,True,,18821
climate-fever,19,recalibration,10,957,10,ad_probe,ad_c(full_target_scalar_reference),0.0236502732240437,False,0.9076698955123053,19821
climate-fever,19,selection,10,957,10,glob_probe,best_in_menu_on_eval,0.0,True,,19821
climate-fever,20,recalibration,10,902,10,ad_probe,ad_c(full_target_scalar_reference),0.003136612021857915,True,0.22858578026626786,20821
climate-fever,20,selection,10,902,10,trunc,best_in_menu_on_eval,0.009989071038251252,True,,20821
climate-fever,21,recalibration,10,877,10,ad_probe,ad_c(full_target_scalar_reference),0.0006775956284152673,True,0.07914861444503396,21821
climate-fever,21,selection,10,877,10,glob_probe,best_in_menu_on_eval,0.0,True,,21821
climate-fever,22,recalibration,10,962,10,ad_probe,ad_c(full_target_scalar_reference),0.012928961748633866,False,0.7352430013398221,22821
climate-fever,22,selection,10,962,10,trunc,best_in_menu_on_eval,0.010295081967213127,False,,22821
climate-fever,23,recalibration,10,975,10,ad_probe,ad_c(full_target_scalar_reference),0.008426229508196714,False,0.44027348325467974,23821
climate-fever,23,selection,10,975,10,glob_probe,best_in_menu_on_eval,0.0,True,,23821
climate-fever,24,recalibration,10,960,10,ad_probe,ad_c(full_target_scalar_reference),0.006142076502732241,False,0.32822090751965227,24821
climate-fever,24,selection,10,960,10,trunc,best_in_menu_on_eval,0.009989071038251363,True,,24821
climate-fever,25,recalibration,10,912,10,ad_probe,ad_c(full_target_scalar_reference),0.0,True,0.02230172374373618,25821
climate-fever,25,selection,10,912,10,glob_probe,best_in_menu_on_eval,0.0,True,,25821
climate-fever,26,recalibration,10,933,10,ad_probe,ad_c(full_target_scalar_reference),0.01632786885245907,False,0.7376342179787065,26821
climate-fever,26,selection,10,933,10,trunc,best_in_menu_on_eval,0.009989071038251363,True,,26821
climate-fever,27,recalibration,10,918,10,ad_probe,ad_c(full_target_scalar_reference),0.005486338797814183,False,0.3057090833937912,27821
climate-fever,27,selection,10,918,10,glob_probe,best_in_menu_on_eval,0.0,True,,27821
climate-fever,28,recalibration,10,983,10,ad_probe,ad_c(full_target_scalar_reference),0.002754098360655738,True,0.14133002501707503,28821
climate-fever,28,selection,10,983,10,glob_probe,best_in_menu_on_eval,0.0,True,,28821
climate-fever,29,recalibration,10,980,10,ad_probe,ad_c(full_target_scalar_reference),0.0029726775956284146,True,0.16463854158068392,29821
climate-fever,29,selection,10,980,10,glob_probe,best_in_menu_on_eval,0.0,True,,29821
climate-fever,30,recalibration,10,950,10,ad_probe,ad_c(full_target_scalar_reference),0.008426229508196714,False,0.46247708126977427,30821
climate-fever,30,selection,10,950,10,glob_probe,best_in_menu_on_eval,0.0,True,,30821
climate-fever,31,recalibration,10,895,10,ad_probe,ad_c(full_target_scalar_reference),0.012262295081967245,False,0.560321342830296,31821
climate-fever,31,selection,10,895,10,glob_probe,best_in_menu_on_eval,0.0,True,,31821
climate-fever,32,recalibration,10,965,10,ad_probe,ad_c(full_target_scalar_reference),0.012928961748633894,False,0.7444429129057566,32821
climate-fever,32,selection,10,965,10,glob_probe,best_in_menu_on_eval,0.0,True,,32821
climate-fever,33,recalibration,10,958,10,ad_probe,ad_c(full_target_scalar_reference),0.016699453551912574,False,1.026834170057794,33821
climate-fever,33,selection,10,958,10,glob_probe,best_in_menu_on_eval,0.0,True,,33821
climate-fever,34,recalibration,10,863,10,ad_probe,ad_c(full_target_scalar_reference),0.007300546448087419,False,0.3586441789014778,34821
climate-fever,34,selection,10,863,10,glob_probe,best_in_menu_on_eval,0.0,True,,34821
climate-fever,35,recalibration,10,904,10,ad_probe,ad_c(full_target_scalar_reference),0.006699453551912565,False,0.31685199346400816,35821
climate-fever,35,selection,10,904,10,glob_probe,best_in_menu_on_eval,0.0,True,,35821
climate-fever,36,recalibration,10,909,10,ad_probe,ad_c(full_target_scalar_reference),0.0018251366120218826,True,0.09956742998290125,36821
climate-fever,36,selection,10,909,10,trunc,best_in_menu_on_eval,0.009825136612021779,True,,36821
climate-fever,37,recalibration,10,922,10,ad_probe,ad_c(full_target_scalar_reference),0.003136612021857915,True,0.22553050495231775,37821
climate-fever,37,selection,10,922,10,glob_probe,best_in_menu_on_eval,0.0,True,,37821
climate-fever,38,recalibration,10,965,10,ad_probe,ad_c(full_target_scalar_reference),0.008295081967213153,False,0.49599470227704634,38821
climate-fever,38,selection,10,965,10,glob_probe,best_in_menu_on_eval,0.0,True,,38821
climate-fever,39,recalibration,10,942,10,ad_probe,ad_c(full_target_scalar_reference),0.02002185792349731,False,1.2601180843598327,39821
climate-fever,39,selection,10,942,10,glob_probe,best_in_menu_on_eval,0.0,True,,39821
climate-fever,40,recalibration,10,950,10,ad_probe,ad_c(full_target_scalar_reference),0.00038251366120217734,True,0.060563403347711375,40821
climate-fever,40,selection,10,950,10,glob_probe,best_in_menu_on_eval,0.0,True,,40821
climate-fever,41,recalibration,10,926,10,ad_probe,ad_c(full_target_scalar_reference),0.0006775956284152673,True,0.07972448957892198,41821
climate-fever,41,selection,10,926,10,glob_probe,best_in_menu_on_eval,0.0,True,,41821
climate-fever,42,recalibration,10,919,10,ad_probe,ad_c(full_target_scalar_reference),0.015169398907103837,False,0.9605140791940143,42821
climate-fever,42,selection,10,919,10,glob_probe,best_in_menu_on_eval,0.0,True,,42821
climate-fever,43,recalibration,10,969,10,ad_probe,ad_c(full_target_scalar_reference),0.007661202185792304,False,0.3905508489609786,43821
climate-fever,43,selection,10,969,10,glob_probe,best_in_menu_on_eval,0.0,True,,43821
climate-fever,44,recalibration,10,938,10,ad_probe,ad_c(full_target_scalar_reference),0.0017158469945355026,True,0.13392183422776327,44821
climate-fever,44,selection,10,938,10,glob_probe,best_in_menu_on_eval,0.0,True,,44821
climate-fever,45,recalibration,10,944,10,ad_probe,ad_c(full_target_scalar_reference),0.02361748633879779,False,0.9137661654116189,45821
climate-fever,45,selection,10,944,10,glob_probe,best_in_menu_on_eval,0.0,True,,45821
climate-fever,46,recalibration,10,877,10,ad_probe,ad_c(full_target_scalar_reference),0.007661202185792332,False,0.41662620466743405,46821
climate-fever,46,selection,10,877,10,glob_probe,best_in_menu_on_eval,0.0,True,,46821
climate-fever,47,recalibration,10,929,10,ad_probe,ad_c(full_target_scalar_reference),0.00806557377049183,False,0.42240071744742,47821
climate-fever,47,selection,10,929,10,trunc,best_in_menu_on_eval,0.009934426229508297,True,,47821
climate-fever,48,recalibration,10,965,10,ad_probe,ad_c(full_target_scalar_reference),0.008065573770491857,False,0.395891521296013,48821
climate-fever,48,selection,10,965,10,glob_probe,best_in_menu_on_eval,0.0,True,,48821
climate-fever,49,recalibration,10,953,10,ad_probe,ad_c(full_target_scalar_reference),0.003136612021857943,True,0.20140125696092648,49821
climate-fever,49,selection,10,953,10,glob_probe,best_in_menu_on_eval,0.0,True,,49821
climate-fever,0,recalibration,20,1856,20,ad_probe,ad_c(full_target_scalar_reference),0.0022772277227722793,True,0.16308341075512756,2200249
climate-fever,0,selection,20,1856,20,glob_probe,best_in_menu_on_eval,0.0,True,,2200249
climate-fever,1,recalibration,20,1757,20,ad_probe,ad_c(full_target_scalar_reference),0.008558855885588551,False,0.44142360693768046,2201249
climate-fever,1,selection,20,1757,20,glob_probe,best_in_menu_on_eval,0.0,True,,2201249
climate-fever,2,recalibration,20,1857,20,ad_probe,ad_c(full_target_scalar_reference),0.013993399339934043,False,0.6273830681643098,2202249
climate-fever,2,selection,20,1857,20,trunc,best_in_menu_on_eval,0.009922992299229882,True,,2202249
climate-fever,3,recalibration,20,1908,20,ad_probe,ad_c(full_target_scalar_reference),0.0006820682068206796,True,0.09464942825301881,2203249
climate-fever,3,selection,20,1908,20,glob_probe,best_in_menu_on_eval,0.0,True,,2203249
climate-fever,4,recalibration,20,1878,20,ad_probe,ad_c(full_target_scalar_reference),0.0028272827282728175,True,0.18160645367946593,2204249
climate-fever,4,selection,20,1878,20,glob_probe,best_in_menu_on_eval,0.0,True,,2204249
climate-fever,5,recalibration,20,1904,20,ad_probe,ad_c(full_target_scalar_reference),0.0049284928492849545,True,0.2638316136512042,2205249
climate-fever,5,selection,20,1904,20,trunc,best_in_menu_on_eval,0.01005500550054994,False,,2205249
climate-fever,6,recalibration,20,1871,20,ad_probe,ad_c(full_target_scalar_reference),0.008118811881188182,False,0.3856812531211653,2206249
climate-fever,6,selection,20,1871,20,trunc,best_in_menu_on_eval,0.010220022002200124,False,,2206249
climate-fever,7,recalibration,20,1819,20,ad_probe,ad_c(full_target_scalar_reference),0.00029702970297032505,True,0.04659310304738051,2207249
climate-fever,7,selection,20,1819,20,glob_probe,best_in_menu_on_eval,0.0,True,,2207249
climate-fever,8,recalibration,20,1870,20,ad_probe,ad_c(full_target_scalar_reference),0.0,True,0.0114663455474604,2208249
climate-fever,8,selection,20,1870,20,trunc,best_in_menu_on_eval,0.010275027502750333,False,,2208249
climate-fever,9,recalibration,20,1880,20,ad_probe,ad_c(full_target_scalar_reference),0.012519251925192543,False,0.6933732005183484,2209249
climate-fever,9,selection,20,1880,20,glob_probe,best_in_menu_on_eval,0.0,True,,2209249
climate-fever,10,recalibration,20,1886,20,ad_probe,ad_c(full_target_scalar_reference),0.007568756875687588,False,0.36582033911071865,2210249
climate-fever,10,selection,20,1886,20,glob_probe,best_in_menu_on_eval,0.0,True,,2210249
climate-fever,11,recalibration,20,1857,20,ad_probe,ad_c(full_target_scalar_reference),0.0028272827282728175,True,0.18154719841367628,2211249
climate-fever,11,selection,20,1857,20,glob_probe,best_in_menu_on_eval,0.0,True,,2211249
climate-fever,12,recalibration,20,1820,20,ad_probe,ad_c(full_target_scalar_reference),0.007348734873487334,False,0.3426856166573471,2212249
climate-fever,12,selection,20,1820,20,glob_probe,best_in_menu_on_eval,0.0,True,,2212249
climate-fever,13,recalibration,20,1819,20,ad_probe,ad_c(full_target_scalar_reference),0.0,True,0.0064074541540914964,2213249
climate-fever,13,selection,20,1819,20,glob_probe,best_in_menu_on_eval,0.0,True,,2213249
climate-fever,14,recalibration,20,1917,20,ad_probe,ad_c(full_target_scalar_reference),0.008118811881188126,False,0.3960661036552713,2214249
climate-fever,14,selection,20,1917,20,glob_probe,best_in_menu_on_eval,0.0,True,,2214249
climate-fever,15,recalibration,20,1908,20,ad_probe,ad_c(full_target_scalar_reference),0.0077117711771177155,False,0.41395151479954295,2215249
climate-fever,15,selection,20,1908,20,trunc,best_in_menu_on_eval,0.010000000000000009,False,,2215249
climate-fever,16,recalibration,20,1833,20,ad_probe,ad_c(full_target_scalar_reference),0.005698569856985691,False,0.2855411261940395,2216249
climate-fever,16,selection,20,1833,20,trunc,best_in_menu_on_eval,0.010385038503850308,False,,2216249
climate-fever,17,recalibration,20,1893,20,ad_probe,ad_c(full_target_scalar_reference),0.008811881188118847,False,0.5261305072257976,2217249
climate-fever,17,selection,20,1893,20,trunc,best_in_menu_on_eval,0.010550055005500547,False,,2217249
climate-fever,18,recalibration,20,1869,20,ad_probe,ad_c(full_target_scalar_reference),0.0002970297029702973,True,0.030432913150664653,2218249
climate-fever,18,selection,20,1869,20,glob_probe,best_in_menu_on_eval,0.0,True,,2218249
climate-fever,19,recalibration,20,1853,20,ad_probe,ad_c(full_target_scalar_reference),0.006017601760175989,False,0.336071314086436,2219249
climate-fever,19,selection,20,1853,20,trunc,best_in_menu_on_eval,0.010055005500550163,False,,2219249
climate-fever,20,recalibration,20,1855,20,ad_probe,ad_c(full_target_scalar_reference),0.005093509350935083,False,0.2692821267562424,2220249
climate-fever,20,selection,20,1855,20,trunc,best_in_menu_on_eval,0.010143014301430164,False,,2220249
climate-fever,21,recalibration,20,1891,20,ad_probe,ad_c(full_target_scalar_reference),0.0031243124312431703,True,0.18928565726604107,2221249
climate-fever,21,selection,20,1891,20,trunc,best_in_menu_on_eval,0.010495049504950504,False,,2221249
climate-fever,22,recalibration,20,1786,20,ad_probe,ad_c(full_target_scalar_reference),0.0059185918591859454,False,0.2724124209348697,2222249
climate-fever,22,selection,20,1786,20,glob_probe,best_in_menu_on_eval,0.0,True,,2222249
climate-fever,23,recalibration,20,1825,20,ad_probe,ad_c(full_target_scalar_reference),0.003157315731573185,True,0.21540253045889868,2223249
climate-fever,23,selection,20,1825,20,glob_probe,best_in_menu_on_eval,0.0,True,,2223249
climate-fever,24,recalibration,20,1847,20,ad_probe,ad_c(full_target_scalar_reference),0.00046204620462048096,True,0.05734941558603701,2224249
climate-fever,24,selection,20,1847,20,glob_probe,best_in_menu_on_eval,0.0,True,,2224249
climate-fever,25,recalibration,20,1913,20,ad_probe,ad_c(full_target_scalar_reference),0.0018371837183717987,True,0.08804159666956268,2225249
climate-fever,25,selection,20,1913,20,glob_probe,best_in_menu_on_eval,0.0,True,,2225249
climate-fever,26,recalibration,20,1853,20,ad_probe,ad_c(full_target_scalar_reference),0.003927392739273922,True,0.2474276628261629,2226249
climate-fever,26,selection,20,1853,20,glob_probe,best_in_menu_on_eval,0.0,True,,2226249
climate-fever,27,recalibration,20,1873,20,ad_probe,ad_c(full_target_scalar_reference),0.006974697469746993,False,0.35552043285544954,2227249
climate-fever,27,selection,20,1873,20,trunc,best_in_menu_on_eval,0.010055005500550052,False,,2227249
climate-fever,28,recalibration,20,1886,20,ad_probe,ad_c(full_target_scalar_reference),0.008481848184818508,False,0.44852252318384567,2228249
climate-fever,28,selection,20,1886,20,glob_probe,best_in_menu_on_eval,0.0,True,,2228249
climate-fever,29,recalibration,20,1973,20,ad_probe,ad_c(full_target_scalar_reference),0.01081408140814083,False,0.6142781632273402,2229249
climate-fever,29,selection,20,1973,20,trunc,best_in_menu_on_eval,0.00986798679867984,True,,2229249
climate-fever,30,recalibration,20,1845,20,ad_probe,ad_c(full_target_scalar_reference),0.010704070407040689,False,0.6415378578551243,2230249
climate-fever,30,selection,20,1845,20,glob_probe,best_in_menu_on_eval,0.0,True,,2230249
climate-fever,31,recalibration,20,1800,20,ad_probe,ad_c(full_target_scalar_reference),0.0032123212321232553,True,0.23957970509438598,2231249
climate-fever,31,selection,20,1800,20,glob_probe,best_in_menu_on_eval,0.0,True,,2231249
climate-fever,32,recalibration,20,1837,20,ad_probe,ad_c(full_target_scalar_reference),0.00022002200220019863,True,0.03503788787234763,2232249
climate-fever,32,selection,20,1837,20,glob_probe,best_in_menu_on_eval,0.0,True,,2232249
climate-fever,33,recalibration,20,1834,20,ad_probe,ad_c(full_target_scalar_reference),0.0059185918591859454,False,0.27333707682961395,2233249
climate-fever,33,selection,20,1834,20,trunc,best_in_menu_on_eval,0.010000000000000064,False,,2233249
climate-fever,34,recalibration,20,1813,20,ad_probe,ad_c(full_target_scalar_reference),0.002992299229923001,True,0.1565909868615054,2234249
climate-fever,34,selection,20,1813,20,glob_probe,best_in_menu_on_eval,0.0,True,,2234249
climate-fever,35,recalibration,20,1860,20,ad_probe,ad_c(full_target_scalar_reference),0.0016171617161716556,True,0.08134886704516431,2235249
climate-fever,35,selection,20,1860,20,trunc,best_in_menu_on_eval,0.01005500550054994,False,,2235249
climate-fever,36,recalibration,20,1834,20,ad_probe,ad_c(full_target_scalar_reference),0.0013971397139714015,True,0.07867424918792931,2236249
climate-fever,36,selection,20,1834,20,glob_probe,best_in_menu_on_eval,0.0,True,,2236249
climate-fever,37,recalibration,20,1861,20,ad_probe,ad_c(full_target_scalar_reference),0.006974697469746993,False,0.35903689861214527,2237249
climate-fever,37,selection,20,1861,20,glob_probe,best_in_menu_on_eval,0.0,True,,2237249
climate-fever,38,recalibration,20,1855,20,ad_probe,ad_c(full_target_scalar_reference),0.008349834983498339,False,0.5022169366050995,2238249
climate-fever,38,selection,20,1855,20,trunc,best_in_menu_on_eval,0.009669966996699642,True,,2238249
climate-fever,39,recalibration,20,1941,20,ad_probe,ad_c(full_target_scalar_reference),0.004642464246424671,True,0.2928202447069945,2239249
climate-fever,39,selection,20,1941,20,trunc,best_in_menu_on_eval,0.009966996699669939,True,,2239249
climate-fever,40,recalibration,20,1815,20,ad_probe,ad_c(full_target_scalar_reference),0.010396039603960378,False,0.5099869690888497,2240249
climate-fever,40,selection,20,1815,20,glob_probe,best_in_menu_on_eval,0.0,True,,2240249
climate-fever,41,recalibration,20,1878,20,ad_probe,ad_c(full_target_scalar_reference),0.0015621562156215574,True,0.12269662942136472,2241249
climate-fever,41,selection,20,1878,20,glob_probe,best_in_menu_on_eval,0.0,True,,2241249
climate-fever,42,recalibration,20,1853,20,ad_probe,ad_c(full_target_scalar_reference),0.004466446644664418,True,0.23994367027610863,2242249
climate-fever,42,selection,20,1853,20,glob_probe,best_in_menu_on_eval,0.0,True,,2242249
climate-fever,43,recalibration,20,1882,20,ad_probe,ad_c(full_target_scalar_reference),0.002827282728272845,True,0.18158133878380767,2243249
climate-fever,43,selection,20,1882,20,trunc,best_in_menu_on_eval,0.01049504950495056,False,,2243249
climate-fever,44,recalibration,20,1864,20,ad_probe,ad_c(full_target_scalar_reference),0.012563256325632627,False,0.5743943256849857,2244249
climate-fever,44,selection,20,1864,20,glob_probe,best_in_menu_on_eval,0.0,True,,2244249
climate-fever,45,recalibration,20,1870,20,ad_probe,ad_c(full_target_scalar_reference),0.0,True,0.018290270118249463,2245249
climate-fever,45,selection,20,1870,20,trunc,best_in_menu_on_eval,0.009867986798679895,True,,2245249
climate-fever,46,recalibration,20,1851,20,ad_probe,ad_c(full_target_scalar_reference),0.00013201320132011363,True,0.015848081522292556,2246249
climate-fever,46,selection,20,1851,20,trunc,best_in_menu_on_eval,0.010000000000000009,False,,2246249
climate-fever,47,recalibration,20,1789,20,ad_probe,ad_c(full_target_scalar_reference),0.0022222222222222365,True,0.14190795925263133,2247249
climate-fever,47,selection,20,1789,20,glob_probe,best_in_menu_on_eval,0.0,True,,2247249
climate-fever,48,recalibration,20,1849,20,ad_probe,ad_c(full_target_scalar_reference),0.0022772277227722515,True,0.15515038853162055,2248249
climate-fever,48,selection,20,1849,20,glob_probe,best_in_menu_on_eval,0.0,True,,2248249
climate-fever,49,recalibration,20,1867,20,ad_probe,ad_c(full_target_scalar_reference),0.0006820682068207351,True,0.06893431580853582,2249249
climate-fever,49,selection,20,1867,20,glob_probe,best_in_menu_on_eval,0.0,True,,2249249
climate-fever,0,recalibration,50,4637,50,ad_probe,ad_c(full_target_scalar_reference),0.006374859708193015,False,0.29475547643271316,2300950
climate-fever,0,selection,50,4637,50,glob_probe,best_in_menu_on_eval,0.0,True,,2300950
climate-fever,1,recalibration,50,4711,50,ad_probe,ad_c(full_target_scalar_reference),0.0016498316498316234,True,0.10066285379877549,2301950
climate-fever,1,selection,50,4711,50,glob_probe,best_in_menu_on_eval,0.0,True,,2301950
climate-fever,2,recalibration,50,4742,50,ad_probe,ad_c(full_target_scalar_reference),0.00030303030303033274,True,0.02832093703929983,2302950
climate-fever,2,selection,50,4742,50,glob_probe,best_in_menu_on_eval,0.0,True,,2302950
climate-fever,3,recalibration,50,4746,50,ad_probe,ad_c(full_target_scalar_reference),0.00030303030303033274,True,0.031034621853522015,2303950
climate-fever,3,selection,50,4746,50,glob_probe,best_in_menu_on_eval,0.0,True,,2303950
climate-fever,4,recalibration,50,4693,50,ad_probe,ad_c(full_target_scalar_reference),0.0004713804713804559,True,0.057426910708268775,2304950
climate-fever,4,selection,50,4693,50,trunc,best_in_menu_on_eval,0.011043771043771078,False,,2304950
climate-fever,5,recalibration,50,4870,50,ad_probe,ad_c(full_target_scalar_reference),0.00288439955106623,True,0.21194041081273918,2305950
climate-fever,5,selection,50,4870,50,trunc,best_in_menu_on_eval,0.010370370370370419,False,,2305950
climate-fever,6,recalibration,50,4764,50,ad_probe,ad_c(full_target_scalar_reference),0.002098765432098776,True,0.10447798689095977,2306950
climate-fever,6,selection,50,4764,50,glob_probe,best_in_menu_on_eval,0.0,True,,2306950
climate-fever,7,recalibration,50,4665,50,ad_probe,ad_c(full_target_scalar_reference),0.00022446689113350682,True,0.041960891122717836,2307950
climate-fever,7,selection,50,4665,50,trunc,best_in_menu_on_eval,0.010235690235690265,False,,2307950
climate-fever,8,recalibration,50,4683,50,ad_probe,ad_c(full_target_scalar_reference),0.008855218855218921,False,0.5059944381540595,2308950
climate-fever,8,selection,50,4683,50,glob_probe,best_in_menu_on_eval,0.0,True,,2308950
climate-fever,9,recalibration,50,4645,50,ad_probe,ad_c(full_target_scalar_reference),0.00022446689113353457,True,0.05048553747967999,2309950
climate-fever,9,selection,50,4645,50,glob_probe,best_in_menu_on_eval,0.0,True,,2309950
climate-fever,10,recalibration,50,4655,50,ad_probe,ad_c(full_target_scalar_reference),0.008821548821548841,False,0.5369879170525111,2310950
climate-fever,10,selection,50,4655,50,glob_probe,best_in_menu_on_eval,0.0,True,,2310950
climate-fever,11,recalibration,50,4761,50,ad_probe,ad_c(full_target_scalar_reference),0.0003030303030303605,True,0.03793681804554838,2311950
climate-fever,11,selection,50,4761,50,glob_probe,best_in_menu_on_eval,0.0,True,,2311950
climate-fever,12,recalibration,50,4771,50,ad_probe,ad_c(full_target_scalar_reference),0.0006958473625140738,True,0.08618936485539663,2312950
climate-fever,12,selection,50,4771,50,trunc,best_in_menu_on_eval,0.010202020202020212,False,,2312950
climate-fever,13,recalibration,50,4687,50,ad_probe,ad_c(full_target_scalar_reference),0.006262626262626303,False,0.28072986058971505,2313950
climate-fever,13,selection,50,4687,50,glob_probe,best_in_menu_on_eval,0.0,True,,2313950
climate-fever,14,recalibration,50,4679,50,ad_probe,ad_c(full_target_scalar_reference),0.0024354657687991332,True,0.11297994866734795,2314950
climate-fever,14,selection,50,4679,50,glob_probe,best_in_menu_on_eval,0.0,True,,2314950
climate-fever,15,recalibration,50,4632,50,ad_probe,ad_c(full_target_scalar_reference),0.0024354657687991055,True,0.10812363595851071,2315950
climate-fever,15,selection,50,4632,50,glob_probe,best_in_menu_on_eval,0.0,True,,2315950
climate-fever,16,recalibration,50,4687,50,ad_probe,ad_c(full_target_scalar_reference),0.0019304152637485972,True,0.144107424304726,2316950
climate-fever,16,selection,50,4687,50,glob_probe,best_in_menu_on_eval,0.0,True,,2316950
climate-fever,17,recalibration,50,4665,50,ad_probe,ad_c(full_target_scalar_reference),0.0028282828282828743,True,0.1636528623924196,2317950
climate-fever,17,selection,50,4665,50,glob_probe,best_in_menu_on_eval,0.0,True,,2317950
climate-fever,18,recalibration,50,4650,50,ad_probe,ad_c(full_target_scalar_reference),0.001649831649831679,True,0.09470368196560353,2318950
climate-fever,18,selection,50,4650,50,glob_probe,best_in_menu_on_eval,0.0,True,,2318950
climate-fever,19,recalibration,50,4683,50,ad_probe,ad_c(full_target_scalar_reference),0.0004713804713804559,True,0.055903195092047664,2319950
climate-fever,19,selection,50,4683,50,glob_probe,best_in_menu_on_eval,0.0,True,,2319950
climate-fever,20,recalibration,50,4681,50,ad_probe,ad_c(full_target_scalar_reference),0.0,True,0.0226893735687006,2320950
climate-fever,20,selection,50,4681,50,trunc,best_in_menu_on_eval,0.010426487093153747,False,,2320950
climate-fever,21,recalibration,50,4615,50,ad_probe,ad_c(full_target_scalar_reference),0.000303030303030305,True,0.034730134465087215,2321950
climate-fever,21,selection,50,4615,50,glob_probe,best_in_menu_on_eval,0.0,True,,2321950
climate-fever,22,recalibration,50,4765,50,ad_probe,ad_c(full_target_scalar_reference),0.0050729517396183865,False,0.31057445142243933,2322950
climate-fever,22,selection,50,4765,50,glob_probe,best_in_menu_on_eval,0.0,True,,2322950
climate-fever,23,recalibration,50,4782,50,ad_probe,ad_c(full_target_scalar_reference),0.005578002244668923,False,0.31573551183589954,2323950
climate-fever,23,selection,50,4782,50,glob_probe,best_in_menu_on_eval,0.0,True,,2323950
climate-fever,24,recalibration,50,4763,50,ad_probe,ad_c(full_target_scalar_reference),0.008653198653198663,False,0.4823296554955441,2324950
climate-fever,24,selection,50,4763,50,trunc,best_in_menu_on_eval,0.010404040404040471,False,,2324950
climate-fever,25,recalibration,50,4575,50,ad_probe,ad_c(full_target_scalar_reference),0.0005274971941638396,True,0.08344217167949486,2325950
climate-fever,25,selection,50,4575,50,glob_probe,best_in_menu_on_eval,0.0,True,,2325950
climate-fever,26,recalibration,50,4807,50,ad_probe,ad_c(full_target_scalar_reference),0.002323232323232338,True,0.17466350914672146,2326950
climate-fever,26,selection,50,4807,50,glob_probe,best_in_menu_on_eval,0.0,True,,2326950
climate-fever,27,recalibration,50,4836,50,ad_probe,ad_c(full_target_scalar_reference),0.00739618406285078,False,0.41577782446815403,2327950
climate-fever,27,selection,50,4836,50,trunc,best_in_menu_on_eval,0.010033670033670061,False,,2327950
climate-fever,28,recalibration,50,4694,50,ad_probe,ad_c(full_target_scalar_reference),0.0014253647586981166,True,0.11762440321257417,2328950
climate-fever,28,selection,50,4694,50,trunc,best_in_menu_on_eval,0.010145903479236773,False,,2328950
climate-fever,29,recalibration,50,4719,50,ad_probe,ad_c(full_target_scalar_reference),0.0006958473625139905,True,0.08873971582748164,2329950
climate-fever,29,selection,50,4719,50,glob_probe,best_in_menu_on_eval,0.0,True,,2329950
climate-fever,30,recalibration,50,4517,50,ad_probe,ad_c(full_target_scalar_reference),0.000695847362514046,True,0.08664151617405347,2330950
climate-fever,30,selection,50,4517,50,trunc,best_in_menu_on_eval,0.010505050505050406,False,,2330950
climate-fever,31,recalibration,50,4678,50,ad_probe,ad_c(full_target_scalar_reference),0.0,True,0.006919858826504477,2331950
climate-fever,31,selection,50,4678,50,glob_probe,best_in_menu_on_eval,0.0,True,,2331950
climate-fever,32,recalibration,50,4661,50,ad_probe,ad_c(full_target_scalar_reference),0.0023232323232323104,True,0.16840067359275457,2332950
climate-fever,32,selection,50,4661,50,glob_probe,best_in_menu_on_eval,0.0,True,,2332950
climate-fever,33,recalibration,50,4766,50,ad_probe,ad_c(full_target_scalar_reference),0.006644219977553323,False,0.3410519837206589,2333950
climate-fever,33,selection,50,4766,50,glob_probe,best_in_menu_on_eval,0.0,True,,2333950
climate-fever,34,recalibration,50,4648,50,ad_probe,ad_c(full_target_scalar_reference),0.0,True,0.022187047608858812,2334950
climate-fever,34,selection,50,4648,50,glob_probe,best_in_menu_on_eval,0.0,True,,2334950
climate-fever,35,recalibration,50,4588,50,ad_probe,ad_c(full_target_scalar_reference),0.007272727272727292,False,0.33839514026799455,2335950
climate-fever,35,selection,50,4588,50,glob_probe,best_in_menu_on_eval,0.0,True,,2335950
climate-fever,36,recalibration,50,4625,50,ad_probe,ad_c(full_target_scalar_reference),0.00828282828282828,False,0.3838083125292804,2336950
climate-fever,36,selection,50,4625,50,glob_probe,best_in_menu_on_eval,0.0,True,,2336950
climate-fever,37,recalibration,50,4664,50,ad_probe,ad_c(full_target_scalar_reference),0.0018742985409651858,True,0.10189644291019961,2337950
climate-fever,37,selection,50,4664,50,glob_probe,best_in_menu_on_eval,0.0,True,,2337950
climate-fever,38,recalibration,50,4730,50,ad_probe,ad_c(full_target_scalar_reference),0.003052749719416381,True,0.21492632231779085,2338950
climate-fever,38,selection,50,4730,50,trunc,best_in_menu_on_eval,0.010202020202020268,False,,2338950
climate-fever,39,recalibration,50,4661,50,ad_probe,ad_c(full_target_scalar_reference),0.00022446689113359009,True,0.04750286271173376,2339950
climate-fever,39,selection,50,4661,50,glob_probe,best_in_menu_on_eval,0.0,True,,2339950
climate-fever,40,recalibration,50,4644,50,ad_probe,ad_c(full_target_scalar_reference),0.0024354657687991055,True,0.12113026185554032,2340950
climate-fever,40,selection,50,4644,50,trunc,best_in_menu_on_eval,0.010123456790123442,False,,2340950
climate-fever,41,recalibration,50,4764,50,ad_probe,ad_c(full_target_scalar_reference),0.0024915824915824614,True,0.17261003627845062,2341950
climate-fever,41,selection,50,4764,50,glob_probe,best_in_menu_on_eval,0.0,True,,2341950
climate-fever,42,recalibration,50,4735,50,ad_probe,ad_c(full_target_scalar_reference),0.0020987654320988036,True,0.14607858794686557,2342950
climate-fever,42,selection,50,4735,50,trunc,best_in_menu_on_eval,0.011043771043771022,False,,2342950
climate-fever,43,recalibration,50,4557,50,ad_probe,ad_c(full_target_scalar_reference),0.00022446689113350682,True,0.055224670097735906,2343950
climate-fever,43,selection,50,4557,50,glob_probe,best_in_menu_on_eval,0.0,True,,2343950
climate-fever,44,recalibration,50,4497,50,ad_probe,ad_c(full_target_scalar_reference),0.0030190796857463287,True,0.19768467353699348,2344950
climate-fever,44,selection,50,4497,50,glob_probe,best_in_menu_on_eval,0.0,True,,2344950
climate-fever,45,recalibration,50,4715,50,ad_probe,ad_c(full_target_scalar_reference),0.0030527497194163533,True,0.16231000744329416,2345950
climate-fever,45,selection,50,4715,50,trunc,best_in_menu_on_eval,0.011043771043771022,False,,2345950
climate-fever,46,recalibration,50,4746,50,ad_probe,ad_c(full_target_scalar_reference),0.003052749719416381,True,0.21087738898724195,2346950
climate-fever,46,selection,50,4746,50,glob_probe,best_in_menu_on_eval,0.0,True,,2346950
climate-fever,47,recalibration,50,4764,50,ad_probe,ad_c(full_target_scalar_reference),0.0035241301907968925,True,0.206015338387052,2347950
climate-fever,47,selection,50,4764,50,trunc,best_in_menu_on_eval,0.010067340067340003,False,,2347950
climate-fever,48,recalibration,50,4619,50,ad_probe,ad_c(full_target_scalar_reference),0.00047138047138042816,True,0.06213473201942987,2348950
climate-fever,48,selection,50,4619,50,glob_probe,best_in_menu_on_eval,0.0,True,,2348950
climate-fever,49,recalibration,50,4623,50,ad_probe,ad_c(full_target_scalar_reference),0.0011223344556678116,True,0.1061161952120604,2349950
climate-fever,49,selection,50,4623,50,trunc,best_in_menu_on_eval,0.01039281705948375,False,,2349950
climate-fever,0,recalibration,100,9395,100,ad_probe,ad_c(full_target_scalar_reference),0.003786295005807211,True,0.21330082678043594,2400254
climate-fever,0,selection,100,9395,100,glob_probe,best_in_menu_on_eval,0.0,True,,2400254
climate-fever,1,recalibration,100,9475,100,ad_probe,ad_c(full_target_scalar_reference),0.003333333333333327,True,0.22990453564152658,2401254
climate-fever,1,selection,100,9475,100,glob_probe,best_in_menu_on_eval,0.0,True,,2401254
climate-fever,2,recalibration,100,9172,100,ad_probe,ad_c(full_target_scalar_reference),0.010162601626016288,False,0.4803257714325011,2402254
climate-fever,2,selection,100,9172,100,glob_probe,best_in_menu_on_eval,0.0,True,,2402254
climate-fever,3,recalibration,100,9432,100,ad_probe,ad_c(full_target_scalar_reference),0.00031358885017421234,True,0.0632003481184249,2403254
climate-fever,3,selection,100,9432,100,glob_probe,best_in_menu_on_eval,0.0,True,,2403254
climate-fever,4,recalibration,100,9282,100,ad_probe,ad_c(full_target_scalar_reference),0.0,True,0.020269221548617544,2404254
climate-fever,4,selection,100,9282,100,glob_probe,best_in_menu_on_eval,0.0,True,,2404254
climate-fever,5,recalibration,100,9245,100,ad_probe,ad_c(full_target_scalar_reference),0.0029268292682927133,True,0.1731392753801244,2405254
climate-fever,5,selection,100,9245,100,glob_probe,best_in_menu_on_eval,0.0,True,,2405254
climate-fever,6,recalibration,100,9430,100,ad_probe,ad_c(full_target_scalar_reference),0.0014750290360046603,True,0.1117654379840709,2406254
climate-fever,6,selection,100,9430,100,trunc,best_in_menu_on_eval,0.01055749128919864,False,,2406254
climate-fever,7,recalibration,100,9334,100,ad_probe,ad_c(full_target_scalar_reference),0.0004878048780487809,True,0.057010140721658775,2407254
climate-fever,7,selection,100,9334,100,glob_probe,best_in_menu_on_eval,0.0,True,,2407254
climate-fever,8,recalibration,100,9398,100,ad_probe,ad_c(full_target_scalar_reference),0.001300813008130064,True,0.10786711946936922,2408254
climate-fever,8,selection,100,9398,100,glob_probe,best_in_menu_on_eval,0.0,True,,2408254
climate-fever,9,recalibration,100,9400,100,ad_probe,ad_c(full_target_scalar_reference),0.0007200929152148261,True,0.08549680995338038,2409254
climate-fever,9,selection,100,9400,100,trunc,best_in_menu_on_eval,0.01155632984901278,False,,2409254
climate-fever,10,recalibration,100,9196,100,ad_probe,ad_c(full_target_scalar_reference),0.0,True,0.012339019944675567,2410254
climate-fever,10,selection,100,9196,100,glob_probe,best_in_menu_on_eval,0.0,True,,2410254
climate-fever,11,recalibration,100,9289,100,ad_probe,ad_c(full_target_scalar_reference),0.0024041811846690075,True,0.17522540320651503,2411254
climate-fever,11,selection,100,9289,100,glob_probe,best_in_menu_on_eval,0.0,True,,2411254
climate-fever,12,recalibration,100,9505,100,ad_probe,ad_c(full_target_scalar_reference),0.0014750290360046603,True,0.12297274427218863,2412254
climate-fever,12,selection,100,9505,100,glob_probe,best_in_menu_on_eval,0.0,True,,2412254
climate-fever,13,recalibration,100,9314,100,ad_probe,ad_c(full_target_scalar_reference),0.004367015098722421,True,0.23674493516166395,2413254
climate-fever,13,selection,100,9314,100,trunc,best_in_menu_on_eval,0.010580720092915274,False,,2413254
climate-fever,14,recalibration,100,9289,100,ad_probe,ad_c(full_target_scalar_reference),0.0067711962833914285,False,0.320909744737512,2414254
climate-fever,14,selection,100,9289,100,glob_probe,best_in_menu_on_eval,0.0,True,,2414254
climate-fever,15,recalibration,100,9262,100,ad_probe,ad_c(full_target_scalar_reference),0.001707317073170761,True,0.10033579193106901,2415254
climate-fever,15,selection,100,9262,100,trunc,best_in_menu_on_eval,0.010476190476190472,False,,2415254
climate-fever,16,recalibration,100,9406,100,ad_probe,ad_c(full_target_scalar_reference),0.0017073170731707055,True,0.09722897968356659,2416254
climate-fever,16,selection,100,9406,100,glob_probe,best_in_menu_on_eval,0.0,True,,2416254
climate-fever,17,recalibration,100,9281,100,ad_probe,ad_c(full_target_scalar_reference),0.0,True,0.013361700275932531,2417254
climate-fever,17,selection,100,9281,100,glob_probe,best_in_menu_on_eval,0.0,True,,2417254
climate-fever,18,recalibration,100,9402,100,ad_probe,ad_c(full_target_scalar_reference),0.0,True,0.0016315377291342692,2418254
climate-fever,18,selection,100,9402,100,glob_probe,best_in_menu_on_eval,0.0,True,,2418254
climate-fever,19,recalibration,100,9374,100,ad_probe,ad_c(full_target_scalar_reference),0.0018234610917537697,True,0.1319989798515948,2419254
climate-fever,19,selection,100,9374,100,glob_probe,best_in_menu_on_eval,0.0,True,,2419254
climate-fever,20,recalibration,100,9394,100,ad_probe,ad_c(full_target_scalar_reference),0.0004878048780487809,True,0.06498272886159695,2420254
climate-fever,20,selection,100,9394,100,trunc,best_in_menu_on_eval,0.011056910569105682,False,,2420254
climate-fever,21,recalibration,100,9374,100,ad_probe,ad_c(full_target_scalar_reference),0.002229965156794411,True,0.15780552337768716,2421254
climate-fever,21,selection,100,9374,100,glob_probe,best_in_menu_on_eval,0.0,True,,2421254
climate-fever,22,recalibration,100,9359,100,ad_probe,ad_c(full_target_scalar_reference),0.00031358885017421234,True,0.045941265965570466,2422254
climate-fever,22,selection,100,9359,100,glob_probe,best_in_menu_on_eval,0.0,True,,2422254
climate-fever,23,recalibration,100,9345,100,ad_probe,ad_c(full_target_scalar_reference),0.0028106852497095935,True,0.19473707878387847,2423254
climate-fever,23,selection,100,9345,100,glob_probe,best_in_menu_on_eval,0.0,True,,2423254
climate-fever,24,recalibration,100,9276,100,ad_probe,ad_c(full_target_scalar_reference),0.0031591173054587585,True,0.22744443901049127,2424254
climate-fever,24,selection,100,9276,100,glob_probe,best_in_menu_on_eval,0.0,True,,2424254
climate-fever,25,recalibration,100,9384,100,ad_probe,ad_c(full_target_scalar_reference),0.002229965156794411,True,0.16173073641439872,2425254
climate-fever,25,selection,100,9384,100,glob_probe,best_in_menu_on_eval,0.0,True,,2425254
climate-fever,26,recalibration,100,9285,100,ad_probe,ad_c(full_target_scalar_reference),0.0002322880371661007,True,0.04693858660003558,2426254
climate-fever,26,selection,100,9285,100,glob_probe,best_in_menu_on_eval,0.0,True,,2426254
climate-fever,27,recalibration,100,9374,100,ad_probe,ad_c(full_target_scalar_reference),0.002171893147502907,True,0.14437502728344365,2427254
climate-fever,27,selection,100,9374,100,glob_probe,best_in_menu_on_eval,0.0,True,,2427254
climate-fever,28,recalibration,100,9397,100,ad_probe,ad_c(full_target_scalar_reference),0.00013937282229969927,True,0.016627224972367127,2428254
climate-fever,28,selection,100,9397,100,glob_probe,best_in_menu_on_eval,0.0,True,,2428254
climate-fever,29,recalibration,100,9372,100,ad_probe,ad_c(full_target_scalar_reference),0.0,True,0.0038315438804281676,2429254
climate-fever,29,selection,100,9372,100,glob_probe,best_in_menu_on_eval,0.0,True,,2429254
climate-fever,30,recalibration,100,9353,100,ad_probe,ad_c(full_target_scalar_reference),0.0022880371660859156,True,0.1302577780987222,2430254
climate-fever,30,selection,100,9353,100,trunc,best_in_menu_on_eval,0.010325203252032511,False,,2430254
climate-fever,31,recalibration,100,9466,100,ad_probe,ad_c(full_target_scalar_reference),0.00240418118466898,True,0.15149986190255582,2431254
climate-fever,31,selection,100,9466,100,glob_probe,best_in_menu_on_eval,0.0,True,,2431254
climate-fever,32,recalibration,100,9462,100,ad_probe,ad_c(full_target_scalar_reference),0.0029849012775842176,True,0.19776239362462844,2432254
climate-fever,32,selection,100,9462,100,glob_probe,best_in_menu_on_eval,0.0,True,,2432254
climate-fever,33,recalibration,100,9320,100,ad_probe,ad_c(full_target_scalar_reference),0.0,True,0.0159941092187168,2433254
climate-fever,33,selection,100,9320,100,trunc,best_in_menu_on_eval,0.010789779326364657,False,,2433254
climate-fever,34,recalibration,100,9280,100,ad_probe,ad_c(full_target_scalar_reference),0.000545876887340313,True,0.07239671675580661,2434254
climate-fever,34,selection,100,9280,100,glob_probe,best_in_menu_on_eval,0.0,True,,2434254
climate-fever,35,recalibration,100,9542,100,ad_probe,ad_c(full_target_scalar_reference),0.0,True,0.007733928094247666,2435254
climate-fever,35,selection,100,9542,100,trunc,best_in_menu_on_eval,0.010383275261324043,False,,2435254
climate-fever,36,recalibration,100,9277,100,ad_probe,ad_c(full_target_scalar_reference),0.00292682926829263,True,0.1422268694180775,2436254
climate-fever,36,selection,100,9277,100,glob_probe,best_in_menu_on_eval,0.0,True,,2436254
climate-fever,37,recalibration,100,9345,100,ad_probe,ad_c(full_target_scalar_reference),0.00013937282229964376,True,0.005158156207139886,2437254
climate-fever,37,selection,100,9345,100,trunc,best_in_menu_on_eval,0.011080139372822262,False,,2437254
climate-fever,38,recalibration,100,9255,100,ad_probe,ad_c(full_target_scalar_reference),0.0037398373983739963,True,0.24053598957562938,2438254
climate-fever,38,selection,100,9255,100,glob_probe,best_in_menu_on_eval,0.0,True,,2438254
climate-fever,39,recalibration,100,9353,100,ad_probe,ad_c(full_target_scalar_reference),0.0021138211382113747,True,0.12704051529636162,2439254
climate-fever,39,selection,100,9353,100,glob_probe,best_in_menu_on_eval,0.0,True,,2439254
climate-fever,40,recalibration,100,9297,100,ad_probe,ad_c(full_target_scalar_reference),0.0029849012775842454,True,0.1879552105386928,2440254
climate-fever,40,selection,100,9297,100,glob_probe,best_in_menu_on_eval,0.0,True,,2440254
climate-fever,41,recalibration,100,9433,100,ad_probe,ad_c(full_target_scalar_reference),0.0003135888501742401,True,0.02658040501093195,2441254
climate-fever,41,selection,100,9433,100,glob_probe,best_in_menu_on_eval,0.0,True,,2441254
climate-fever,42,recalibration,100,9258,100,ad_probe,ad_c(full_target_scalar_reference),0.0,True,0.02133914474728371,2442254
climate-fever,42,selection,100,9258,100,glob_probe,best_in_menu_on_eval,0.0,True,,2442254
climate-fever,43,recalibration,100,9432,100,ad_probe,ad_c(full_target_scalar_reference),0.0,True,0.013926706267821665,2443254
climate-fever,43,selection,100,9432,100,glob_probe,best_in_menu_on_eval,0.0,True,,2443254
climate-fever,44,recalibration,100,9477,100,ad_probe,ad_c(full_target_scalar_reference),0.0,True,0.005349783749595272,2444254
climate-fever,44,selection,100,9477,100,glob_probe,best_in_menu_on_eval,0.0,True,,2444254
climate-fever,45,recalibration,100,9168,100,ad_probe,ad_c(full_target_scalar_reference),0.0027526132404181447,True,0.1828394706098524,2445254
climate-fever,45,selection,100,9168,100,glob_probe,best_in_menu_on_eval,0.0,True,,2445254
climate-fever,46,recalibration,100,9184,100,ad_probe,ad_c(full_target_scalar_reference),0.00355400696864111,True,0.22408494047288618,2446254
climate-fever,46,selection,100,9184,100,glob_probe,best_in_menu_on_eval,0.0,True,,2446254
climate-fever,47,recalibration,100,9378,100,ad_probe,ad_c(full_target_scalar_reference),0.0,True,0.028618345488456765,2447254
climate-fever,47,selection,100,9378,100,glob_probe,best_in_menu_on_eval,0.0,True,,2447254
climate-fever,48,recalibration,100,9331,100,ad_probe,ad_c(full_target_scalar_reference),0.0,True,0.026195985862785154,2448254
climate-fever,48,selection,100,9331,100,glob_probe,best_in_menu_on_eval,0.0,True,,2448254
climate-fever,49,recalibration,100,9366,100,ad_probe,ad_c(full_target_scalar_reference),0.0025783972125435484,True,0.1703569374289864,2449254
climate-fever,49,selection,100,9366,100,glob_probe,best_in_menu_on_eval,0.0,True,,2449254
