collection,k_requested,k_effective,clipped,repeat_id,seed,untouched,c_hat,c_star,ev_ad_probe,ev_glob_probe,ev_trunc,ev_ad,ev_ad_c,ev_glob,select3,select2,pick3,pick2,regret3,cal_loss,pair_pool_budget,n_eval
trec-covid,5,5,False,0,2000032,False,189.06252221681592,279.6469660092581,0.06211339014843287,0.02896644047240216,0.02341392078231278,0.007125079335886427,0.06815204364117625,0.02896644047240216,0.06211339014843287,0.06211339014843287,ad_probe,ad_probe,0.0,0.006038653492743379,466,45
trec-covid,5,5,False,1,2001032,False,347.6072552166016,279.6469660092581,0.07674821670508684,0.030710567482066888,0.025236625148962157,0.007758162114633318,0.07254627957420179,0.030710567482066888,0.07674821670508684,0.07674821670508684,ad_probe,ad_probe,0.0,0.004201937130885056,449,45
trec-covid,5,5,False,2,2002032,False,232.85945990613448,279.6469660092581,0.06659693277922496,0.02997317347699191,0.024209268529291315,0.007416599127299467,0.06982920922545036,0.02997317347699191,0.06659693277922496,0.06659693277922496,ad_probe,ad_probe,0.0,0.003232276446225396,481,45
trec-covid,5,5,False,3,2003032,False,338.5795856478481,279.6469660092581,0.07072610935463144,0.028021879979439564,0.023738938281094493,0.007124449649677741,0.06717905470184025,0.028021879979439564,0.07072610935463144,0.07072610935463144,ad_probe,ad_probe,0.0,0.00354705465279119,392,45
trec-covid,5,5,False,4,2004032,False,260.5709487838334,279.6469660092581,0.07172633156853038,0.03181603091445094,0.025767858773643057,0.007813664755438402,0.07304400240710218,0.03181603091445094,0.07172633156853038,0.07172633156853038,ad_probe,ad_probe,0.0,0.0013176708385718022,500,45
trec-covid,5,5,False,5,2005032,False,243.83419791769867,279.6469660092581,0.06674158728507829,0.029636598025367902,0.024365756496742597,0.007364559027050214,0.06921244851848453,0.029636598025367902,0.06674158728507829,0.06674158728507829,ad_probe,ad_probe,0.0,0.0024708612334062435,456,45
trec-covid,5,5,False,6,2006032,False,232.3157992890183,279.6469660092581,0.0655407228712996,0.02901285272929152,0.023123774254440004,0.007154858315342712,0.06873260600272886,0.02901285272929152,0.0655407228712996,0.0655407228712996,ad_probe,ad_probe,0.0,0.003191883131429263,463,45
trec-covid,5,5,False,7,2007032,False,338.5795856478481,279.6469660092581,0.07649832047949238,0.031074290599939842,0.024921601607053517,0.007527002731188515,0.07261117263401175,0.031074290599939842,0.07649832047949238,0.07649832047949238,ad_probe,ad_probe,0.0,0.0038871478454806374,458,45
trec-covid,5,5,False,8,2008032,False,190.08754618577723,279.6469660092581,0.06139335682073527,0.029004256858911653,0.02397570024811971,0.007526218148380565,0.06764568845850066,0.029004256858911653,0.06139335682073527,0.06139335682073527,ad_probe,ad_probe,0.0,0.006252331637765396,434,45
trec-covid,5,5,False,9,2009032,False,349.11416170627507,279.6469660092581,0.07553339378171105,0.02994901640502949,0.025220313497457802,0.007353661846079559,0.07103738644755328,0.02994901640502949,0.07553339378171105,0.07553339378171105,ad_probe,ad_probe,0.0,0.004496007334157767,441,45
trec-covid,5,5,False,10,2010032,False,338.5795856478481,279.6469660092581,0.07596466916633014,0.030513320862844483,0.02543320983583606,0.0077113701879353265,0.07225367607298934,0.030513320862844483,0.07596466916633014,0.07596466916633014,ad_probe,ad_probe,0.0,0.003710993093340803,455,45
trec-covid,5,5,False,11,2011032,False,201.40712581021023,279.6469660092581,0.0646579963707606,0.029631291848097936,0.02474094641369963,0.007111362489787854,0.0703353277775127,0.029631291848097936,0.0646579963707606,0.0646579963707606,ad_probe,ad_probe,0.0,0.005677331406752098,430,45
trec-covid,5,5,False,12,2012032,False,215.10847693738978,279.6469660092581,0.06585722067207353,0.030075347291481272,0.0249683095755114,0.007289685223698392,0.07057961301965708,0.030075347291481272,0.06585722067207353,0.06585722067207353,ad_probe,ad_probe,0.0,0.004722392347583551,430,45
trec-covid,5,5,False,13,2013032,False,178.18394772028688,279.6469660092581,0.06162117912734232,0.028965389814250397,0.02414190732831597,0.0070058410586238615,0.0700077595886074,0.028965389814250397,0.06162117912734232,0.06162117912734232,ad_probe,ad_probe,0.0,0.00838658046126508,427,45
trec-covid,5,5,False,14,2014032,False,283.65440026086605,279.6469660092581,0.07181944937592541,0.029855485230596016,0.024517109758705437,0.006919989315488828,0.07126807554699527,0.029855485230596016,0.07181944937592541,0.07181944937592541,ad_probe,ad_probe,0.0,0.0005513738289301406,437,45
trec-covid,5,5,False,15,2015032,False,319.80371106841994,279.6469660092581,0.07193143806375549,0.02950012148520746,0.02455992079289475,0.007754995306134859,0.06896891481125379,0.02950012148520746,0.07193143806375549,0.07193143806375549,ad_probe,ad_probe,0.0,0.002962523252501695,443,45
trec-covid,5,5,False,16,2016032,False,102.40293473305408,279.6469660092581,0.04719512262831393,0.027133937237239638,0.023091801119661096,0.0064891260548828175,0.06523016127320327,0.027133937237239638,0.04719512262831393,0.04719512262831393,ad_probe,ad_probe,0.0,0.018035038644889347,427,45
trec-covid,5,5,False,17,2017032,False,215.10847693738978,279.6469660092581,0.06587083115445752,0.029470590119859245,0.024713077108907196,0.00732142591393984,0.07060445570352407,0.029470590119859245,0.06587083115445752,0.06587083115445752,ad_probe,ad_probe,0.0,0.004733624549066548,443,45
trec-covid,5,5,False,18,2018032,False,282.13734735152235,279.6469660092581,0.07124362220606338,0.030501745734092114,0.025193350642256748,0.007749120876853416,0.07087044056963726,0.030501745734092114,0.07124362220606338,0.07124362220606338,ad_probe,ad_probe,0.0,0.00037318163642612034,452,45
trec-covid,5,5,False,19,2019032,False,215.10847693738978,279.6469660092581,0.06540769705380557,0.029851339060162557,0.024528133080874065,0.007340212601099467,0.07001915124457139,0.029851339060162557,0.06540769705380557,0.06540769705380557,ad_probe,ad_probe,0.0,0.004611454190765821,469,45
trec-covid,5,5,False,20,2020032,False,190.08754618577723,279.6469660092581,0.05961365157514088,0.027747752839779198,0.0229712597830398,0.007017634402601342,0.06559536815439414,0.027747752839779198,0.05961365157514088,0.05961365157514088,ad_probe,ad_probe,0.0,0.0059817165792532545,414,45
trec-covid,5,5,False,21,2021032,False,349.95612190732595,279.6469660092581,0.07902148580974905,0.03158516259129525,0.026195895219947262,0.00793188686064991,0.07429831112300346,0.03158516259129525,0.07902148580974905,0.07902148580974905,ad_probe,ad_probe,0.0,0.004723174686745588,478,45
trec-covid,5,5,False,22,2022032,False,260.5709487838334,279.6469660092581,0.07057063004481753,0.031003386558989883,0.02572816142609008,0.00778978595802811,0.07195907229174038,0.031003386558989883,0.07057063004481753,0.07057063004481753,ad_probe,ad_probe,0.0,0.001388442246922847,481,45
trec-covid,5,5,False,23,2023032,False,228.21309819276615,279.6469660092581,0.06717857255478385,0.030176214386018335,0.02501675407714538,0.007477021605547591,0.07075577545139412,0.030176214386018335,0.06717857255478385,0.06717857255478385,ad_probe,ad_probe,0.0,0.0035772028966102737,451,45
trec-covid,5,5,False,24,2024032,False,215.10847693738978,279.6469660092581,0.0683472186913481,0.03081725087511874,0.025537499499585652,0.007665738230225837,0.07290781912036817,0.03081725087511874,0.0683472186913481,0.0683472186913481,ad_probe,ad_probe,0.0,0.0045606004290200675,477,45
trec-covid,5,5,False,25,2025032,False,180.19920158337897,279.6469660092581,0.06036916723573738,0.028628601849542617,0.024200758762028887,0.006993391929120437,0.06788822548670012,0.028628601849542617,0.06036916723573738,0.06036916723573738,ad_probe,ad_probe,0.0,0.007519058250962739,437,45
trec-covid,5,5,False,26,2026032,False,404.6647821829983,279.6469660092581,0.07779954143498723,0.03092098302578004,0.025626197270584485,0.007698111709644258,0.07161409170922435,0.03092098302578004,0.07779954143498723,0.07779954143498723,ad_probe,ad_probe,0.0,0.006185449725762876,463,45
trec-covid,5,5,False,27,2027032,False,190.08754618577723,279.6469660092581,0.06049319136205152,0.02773995361293669,0.02360002072105018,0.00684613735187752,0.0666055266673332,0.02773995361293669,0.06049319136205152,0.06049319136205152,ad_probe,ad_probe,0.0,0.006112335305281678,400,45
trec-covid,5,5,False,28,2028032,False,215.10847693738978,279.6469660092581,0.06738685195564352,0.030446701168570817,0.02525541894634804,0.007511640180924882,0.07221661063185193,0.030446701168570817,0.06738685195564352,0.06738685195564352,ad_probe,ad_probe,0.0,0.004829758676208412,453,45
trec-covid,5,5,False,29,2029032,False,305.6802229447549,279.6469660092581,0.07425975639326383,0.03144970391628368,0.02536261732806179,0.007758293948422685,0.0722435617171191,0.03144970391628368,0.07425975639326383,0.07425975639326383,ad_probe,ad_probe,0.0,0.0020161946761447364,495,45
trec-covid,5,5,False,30,2030032,False,168.47803162556565,279.6469660092581,0.05858559546738936,0.028484933288861997,0.02424322548289437,0.00720075924164597,0.06805150113812994,0.028484933288861997,0.05858559546738936,0.05858559546738936,ad_probe,ad_probe,0.0,0.009465905670740578,441,45
trec-covid,5,5,False,31,2031032,False,202.75513600766965,279.6469660092581,0.06184079724003687,0.027920735574905913,0.023287284268725904,0.006882652965417324,0.0671644478262351,0.027920735574905913,0.06184079724003687,0.06184079724003687,ad_probe,ad_probe,0.0,0.005323650586198228,424,45
trec-covid,5,5,False,32,2032032,False,260.5709487838334,279.6469660092581,0.06669500756487917,0.029544861176260012,0.0242398858923013,0.007431016292850175,0.06790843156944862,0.029544861176260012,0.06669500756487917,0.06669500756487917,ad_probe,ad_probe,0.0,0.0012134240045694467,446,45
trec-covid,5,5,False,33,2033032,False,201.40712581021023,279.6469660092581,0.06536402192745737,0.029734516342544107,0.024006686285595446,0.0070334244386136115,0.07090821785167044,0.029734516342544107,0.06536402192745737,0.06536402192745737,ad_probe,ad_probe,0.0,0.005544195924213069,459,45
trec-covid,5,5,False,34,2034032,False,358.1246786336756,279.6469660092581,0.08033911405430666,0.03219243117705366,0.026242088705022037,0.007930195375503657,0.07538033082632897,0.03219243117705366,0.08033911405430666,0.08033911405430666,ad_probe,ad_probe,0.0,0.004958783227977687,470,45
trec-covid,5,5,False,35,2035032,False,358.1246786336756,279.6469660092581,0.07693415019046573,0.030776269165408605,0.02502922238285401,0.007836164071365262,0.0718540802768642,0.030776269165408605,0.07693415019046573,0.07693415019046573,ad_probe,ad_probe,0.0,0.005080069913601534,478,45
trec-covid,5,5,False,36,2036032,False,319.80371106841994,279.6469660092581,0.07102099980098253,0.028699328875314366,0.024016642326782574,0.007190248339884891,0.06799640185276273,0.028699328875314366,0.07102099980098253,0.07102099980098253,ad_probe,ad_probe,0.0,0.003024597948219798,420,45
trec-covid,5,5,False,37,2037032,False,331.25548590837286,279.6469660092581,0.07637699518288552,0.031226474303559862,0.02522322177861818,0.0076438742215329545,0.07310756070873108,0.031226474303559862,0.07637699518288552,0.07637699518288552,ad_probe,ad_probe,0.0,0.0032694344741544396,465,45
trec-covid,5,5,False,38,2038032,False,427.13745151776783,279.6469660092581,0.08026811463999163,0.03090900923181008,0.024958666759778453,0.007452630806316521,0.07336611650440636,0.03090900923181008,0.08026811463999163,0.08026811463999163,ad_probe,ad_probe,0.0,0.006901998135585272,481,45
trec-covid,5,5,False,39,2039032,False,331.25548590837286,279.6469660092581,0.07211762579169709,0.029669887431684572,0.024237136759680356,0.00754941111920417,0.06883538359763372,0.029669887431684572,0.07211762579169709,0.07211762579169709,ad_probe,ad_probe,0.0,0.0032822421940633673,448,45
trec-covid,5,5,False,40,2040032,False,329.1914471055841,279.6469660092581,0.07581610915295627,0.031293375854044556,0.025241682289992875,0.007715797197634748,0.07225480379509717,0.031293375854044556,0.07581610915295627,0.07581610915295627,ad_probe,ad_probe,0.0,0.0035613053578590903,488,45
trec-covid,5,5,False,41,2041032,False,283.65440026086605,279.6469660092581,0.07245720841350682,0.030457318525498368,0.02451289610370942,0.007394700774444053,0.07194616529641375,0.030457318525498368,0.07245720841350682,0.07245720841350682,ad_probe,ad_probe,0.0,0.000511043117093074,475,45
trec-covid,5,5,False,42,2042032,False,260.5709487838334,279.6469660092581,0.0677665333705345,0.029636292791344495,0.02411045192650779,0.007397078833990118,0.06910896687579642,0.029636292791344495,0.0677665333705345,0.0677665333705345,ad_probe,ad_probe,0.0,0.0013424335052619196,449,45
trec-covid,5,5,False,43,2043032,False,361.14114167324334,279.6469660092581,0.07412493299557223,0.029511063357024296,0.02445796763539546,0.007640427824902665,0.06923588616878391,0.029511063357024296,0.07412493299557223,0.07412493299557223,ad_probe,ad_probe,0.0,0.0048890468267883125,440,45
trec-covid,5,5,False,44,2044032,False,338.5795856478481,279.6469660092581,0.0762372871605236,0.03086225228486719,0.024695650974619218,0.00733880701039507,0.0726002800306818,0.03086225228486719,0.0762372871605236,0.0762372871605236,ad_probe,ad_probe,0.0,0.0036370071298418016,480,45
trec-covid,5,5,False,45,2045032,False,358.1246786336756,279.6469660092581,0.07532760465929382,0.030412611946650677,0.02528874830839683,0.007516334641724269,0.07074696312036433,0.030412611946650677,0.07532760465929382,0.07532760465929382,ad_probe,ad_probe,0.0,0.004580641538929495,463,45
trec-covid,5,5,False,46,2046032,False,305.6802229447549,279.6469660092581,0.07395433205196035,0.031150519918723883,0.025199503433279386,0.007537035831905062,0.07185374649476456,0.031150519918723883,0.07395433205196035,0.07395433205196035,ad_probe,ad_probe,0.0,0.0021005855571957915,484,45
trec-covid,5,5,False,47,2047032,False,370.991541690909,279.6469660092581,0.0750211321931642,0.03033660796857554,0.0251201713311383,0.007802049952277512,0.0698101950973969,0.03033660796857554,0.0750211321931642,0.0750211321931642,ad_probe,ad_probe,0.0,0.005210937095767296,474,45
trec-covid,5,5,False,48,2048032,False,215.10847693738978,279.6469660092581,0.06433391478169492,0.02969384342078569,0.02346314576975385,0.0073973806764501045,0.06907191701422931,0.02969384342078569,0.06433391478169492,0.06433391478169492,ad_probe,ad_probe,0.0,0.004738002232534386,451,45
trec-covid,5,5,False,49,2049032,False,277.15658466699387,279.6469660092581,0.0720324197859416,0.030673476474626624,0.025131029020497374,0.007732934937827086,0.07206730553511308,0.030673476474626624,0.0720324197859416,0.0720324197859416,ad_probe,ad_probe,0.0,3.4885749171473246e-05,461,45
trec-covid,10,10,False,0,901,False,262.7219544756813,279.6469660092581,0.07186961885303148,0.03163091612862345,0.025674220868496002,0.007526536530886333,0.07291812828449913,0.03163091612862345,0.07186961885303148,0.07186961885303148,ad_probe,ad_probe,0.0,0.0010485094314676563,916,40
trec-covid,10,10,False,1,1901,False,352.8659669251386,279.6469660092581,0.07885495340216764,0.032018019795057064,0.025689365588354985,0.008086275777953797,0.07447803746101908,0.032018019795057064,0.07885495340216764,0.07885495340216764,ad_probe,ad_probe,0.0,0.004376915941148557,916,40
trec-covid,10,10,False,2,2901,False,276.3315854872772,279.6469660092581,0.06914578017946035,0.029628225028209526,0.024134132906737424,0.00786466719404251,0.0694396106932709,0.029628225028209526,0.06914578017946035,0.06914578017946035,ad_probe,ad_probe,0.0,0.0002938305138105446,910,40
trec-covid,10,10,False,3,3901,False,211.04835889685907,279.6469660092581,0.06339896685725019,0.029095769528001657,0.02399031199064831,0.0074536049247091495,0.06860183569050926,0.029095769528001657,0.06339896685725019,0.06339896685725019,ad_probe,ad_probe,0.0,0.005202868833259072,884,40
trec-covid,10,10,False,4,4901,False,348.35213214076185,279.6469660092581,0.0811828754746092,0.032274273743584436,0.027102570701282476,0.007981707935330401,0.07660585391789017,0.032274273743584436,0.0811828754746092,0.0811828754746092,ad_probe,ad_probe,0.0,0.0045770215567190325,934,40
trec-covid,10,10,False,5,5901,False,255.85947932635315,279.6469660092581,0.06677413648713341,0.028785806098618572,0.02422033987631771,0.007664616975264308,0.06853139628559532,0.028785806098618572,0.06677413648713341,0.06677413648713341,ad_probe,ad_probe,0.0,0.0017572597984619048,896,40
trec-covid,10,10,False,6,6901,False,331.90245078921527,279.6469660092581,0.08172704928174859,0.033828078705185435,0.027361892488099837,0.008218743897457272,0.07781231418285825,0.033828078705185435,0.08172704928174859,0.08172704928174859,ad_probe,ad_probe,0.0,0.003914735098890343,990,40
trec-covid,10,10,False,7,7901,False,268.8637667254136,279.6469660092581,0.07107281897305051,0.03120409617613571,0.02481388432578855,0.0073960910843318866,0.07169126416830784,0.03120409617613571,0.07107281897305051,0.07107281897305051,ad_probe,ad_probe,0.0,0.0006184451952573333,933,40
trec-covid,10,10,False,8,8901,False,252.20257335076604,279.6469660092581,0.06634295402660821,0.02890994498245612,0.023897540888862145,0.006724848154085905,0.06804847689560328,0.02890994498245612,0.06634295402660821,0.06634295402660821,ad_probe,ad_probe,0.0,0.0017055228689950713,876,40
trec-covid,10,10,False,9,9901,False,194.33815645847216,279.6469660092581,0.061283397593876396,0.028121361141860347,0.022999427981791783,0.007165126964798691,0.06710423934073062,0.028121361141860347,0.061283397593876396,0.061283397593876396,ad_probe,ad_probe,0.0,0.0058208417468542245,911,40
trec-covid,10,10,False,10,10901,False,271.3541480676779,279.6469660092581,0.07059460358275957,0.029872755508299247,0.02594684807105869,0.007890412628881769,0.0712122418702514,0.029872755508299247,0.07059460358275957,0.07059460358275957,ad_probe,ad_probe,0.0,0.0006176382874918257,866,40
trec-covid,10,10,False,11,11901,False,254.73619197800608,279.6469660092581,0.06905401046324061,0.03095645107096784,0.02367493461060699,0.00723018640572877,0.07084306734727737,0.03095645107096784,0.06905401046324061,0.06905401046324061,ad_probe,ad_probe,0.0,0.0017890568840367577,948,40
trec-covid,10,10,False,12,12901,False,276.3315854872772,279.6469660092581,0.07446798034335542,0.03228463433811304,0.025672621791254135,0.0076753773539400775,0.07474863321103734,0.03228463433811304,0.07446798034335542,0.07446798034335542,ad_probe,ad_probe,0.0,0.00028065286768191866,980,40
trec-covid,10,10,False,13,13901,False,293.90878514813863,279.6469660092581,0.06980094081477986,0.029652921213348764,0.024783121619243457,0.008105626000737635,0.06883005853693801,0.029652921213348764,0.06980094081477986,0.06980094081477986,ad_probe,ad_probe,0.0,0.000970882277841853,888,40
trec-covid,10,10,False,14,14901,False,221.66078756507795,279.6469660092581,0.061706578656973064,0.028273719896780992,0.022275199545356263,0.00698631082406938,0.0658527910451568,0.028273719896780992,0.061706578656973064,0.061706578656973064,ad_probe,ad_probe,0.0,0.0041462123881837384,880,40
trec-covid,10,10,False,15,15901,False,307.7460079758046,279.6469660092581,0.07564950886538464,0.030340531277756988,0.02499451169382263,0.007497716709222044,0.07340205242087847,0.030340531277756988,0.07564950886538464,0.07564950886538464,ad_probe,ad_probe,0.0,0.0022474564445061768,939,40
trec-covid,10,10,False,16,16901,False,271.3541480676779,279.6469660092581,0.07138702192852064,0.030324887221349107,0.025379007673826698,0.0073570133349318305,0.07195524920650753,0.030324887221349107,0.07138702192852064,0.07138702192852064,ad_probe,ad_probe,0.0,0.000568227277986888,866,40
trec-covid,10,10,False,17,17901,False,366.0663416820762,279.6469660092581,0.07852468302439003,0.030480194978575896,0.02566798359272198,0.007208191882887153,0.07327142675295581,0.030480194978575896,0.07852468302439003,0.07852468302439003,ad_probe,ad_probe,0.0,0.00525325627143422,901,40
trec-covid,10,10,False,18,18901,False,376.13601869979993,279.6469660092581,0.08150308695711919,0.0328380565357093,0.025870859048880358,0.00815225546181894,0.07578101385640393,0.0328380565357093,0.08150308695711919,0.08150308695711919,ad_probe,ad_probe,0.0,0.005722073100715264,961,40
trec-covid,10,10,False,19,19901,False,281.8189544930593,279.6469660092581,0.07095571015690369,0.0301007077922609,0.02433335533962295,0.00723028227860076,0.0705358808159243,0.0301007077922609,0.07095571015690369,0.07095571015690369,ad_probe,ad_probe,0.0,0.00041982934097939406,868,40
trec-covid,10,10,False,20,20901,False,334.9175357781105,279.6469660092581,0.07544640622340104,0.03086387904982004,0.026015146976074443,0.007911371210250538,0.07183853294032075,0.03086387904982004,0.07544640622340104,0.07544640622340104,ad_probe,ad_probe,0.0,0.003607873283080293,891,40
trec-covid,10,10,False,21,21901,False,292.33833561797456,279.6469660092581,0.07450580334159942,0.032768696684993784,0.02543778734033093,0.00796102758797981,0.07337429789011807,0.032768696684993784,0.07450580334159942,0.07450580334159942,ad_probe,ad_probe,0.0,0.0011315054514813572,943,40
trec-covid,10,10,False,22,22901,False,272.1126745223497,279.6469660092581,0.07209747485464138,0.03048936336322028,0.025518275801037403,0.0073221506331948485,0.07259723614191552,0.03048936336322028,0.07209747485464138,0.07209747485464138,ad_probe,ad_probe,0.0,0.0004997612872741364,926,40
trec-covid,10,10,False,23,23901,False,291.4184038058744,279.6469660092581,0.07515615076678703,0.03157874168454009,0.024598077944337476,0.006952699714960732,0.07396980131125099,0.03157874168454009,0.07515615076678703,0.07515615076678703,ad_probe,ad_probe,0.0,0.0011863494555360427,953,40
trec-covid,10,10,False,24,24901,False,313.13537318663447,279.6469660092581,0.06659097141152828,0.02667321618736025,0.023530102462958797,0.006587111759107709,0.06432087176478649,0.02667321618736025,0.06659097141152828,0.06659097141152828,ad_probe,ad_probe,0.0,0.0022700996467417967,806,40
trec-covid,10,10,False,25,25901,False,343.09342043222483,279.6469660092581,0.07563912306130945,0.029384422657978027,0.02497576053120418,0.006728079345436133,0.0715457920227333,0.029384422657978027,0.07563912306130945,0.07563912306130945,ad_probe,ad_probe,0.0,0.004093331038576148,877,40
trec-covid,10,10,False,26,26901,False,340.18482380732394,279.6469660092581,0.07594989138323276,0.030772454508944235,0.025168033700400473,0.007509228342691912,0.07226018299359147,0.030772454508944235,0.07594989138323276,0.07594989138323276,ad_probe,ad_probe,0.0,0.0036897083896412913,909,40
trec-covid,10,10,False,27,27901,False,281.0254535058593,279.6469660092581,0.06844336030871494,0.028891104989553162,0.02378989607908823,0.007472933694111107,0.06812641162617177,0.028891104989553162,0.06844336030871494,0.06844336030871494,ad_probe,ad_probe,0.0,0.0003169486825431722,915,40
trec-covid,10,10,False,28,28901,False,219.65202007267334,279.6469660092581,0.06591730126653467,0.030351998199035068,0.024904790890561232,0.00762186421653132,0.07011915907705538,0.030351998199035068,0.06591730126653467,0.06591730126653467,ad_probe,ad_probe,0.0,0.004201857810520709,942,40
trec-covid,10,10,False,29,29901,False,408.3050631901527,279.6469660092581,0.08130842163471717,0.032660143928446475,0.026825192344065312,0.008025041716418603,0.07492695193649511,0.032660143928446475,0.08130842163471717,0.08130842163471717,ad_probe,ad_probe,0.0,0.006381469698222064,930,40
trec-covid,10,10,False,30,30901,False,359.2993984537553,279.6469660092581,0.07675905839208241,0.031432334290103975,0.025463674197514448,0.008252201530225092,0.07171735001057947,0.031432334290103975,0.07675905839208241,0.07675905839208241,ad_probe,ad_probe,0.0,0.005041708381502946,955,40
trec-covid,10,10,False,31,31901,False,317.43583502516947,279.6469660092581,0.07641823559480901,0.03202480511340472,0.02453046639144586,0.007403990920106232,0.07341809985270295,0.03202480511340472,0.07641823559480901,0.07641823559480901,ad_probe,ad_probe,0.0,0.003000135742106058,943,40
trec-covid,10,10,False,32,32901,False,355.1276516897592,279.6469660092581,0.07209124385774775,0.029854225635823777,0.023400584153312986,0.007521715317375133,0.06832578526317651,0.029854225635823777,0.07209124385774775,0.07209124385774775,ad_probe,ad_probe,0.0,0.0037654585945712388,901,40
trec-covid,10,10,False,33,33901,False,252.20257335076604,279.6469660092581,0.06825570131575857,0.030175865232074994,0.024449577025364523,0.007177751740288113,0.07014427119641783,0.030175865232074994,0.06825570131575857,0.06825570131575857,ad_probe,ad_probe,0.0,0.0018885698806592605,889,40
trec-covid,10,10,False,34,34901,False,257.49840362882844,279.6469660092581,0.06693520943790476,0.028731921283854166,0.022744357160155076,0.006963132723714771,0.06828672511906411,0.028731921283854166,0.06693520943790476,0.06693520943790476,ad_probe,ad_probe,0.0,0.0013515156811593487,894,40
trec-covid,10,10,False,35,35901,False,241.7722365808663,279.6469660092581,0.06358831292253846,0.027130696832276414,0.023045177841340327,0.006610421039072151,0.06613843848025742,0.027130696832276414,0.06358831292253846,0.06358831292253846,ad_probe,ad_probe,0.0,0.0025501255577189685,844,40
trec-covid,10,10,False,36,36901,False,272.1126745223497,279.6469660092581,0.07005704853344723,0.031015290744758273,0.025165730679955468,0.007909747969751834,0.0705639226124467,0.031015290744758273,0.07005704853344723,0.07005704853344723,ad_probe,ad_probe,0.0,0.000506874078999478,934,40
trec-covid,10,10,False,37,37901,False,271.0147724172615,279.6469660092581,0.0685971282019854,0.02997999633484715,0.024258889876236256,0.007102399773576551,0.06904728371194387,0.02997999633484715,0.0685971282019854,0.0685971282019854,ad_probe,ad_probe,0.0,0.000450155509958472,926,40
trec-covid,10,10,False,38,38901,False,272.52067270100076,279.6469660092581,0.07275055917482726,0.03226249228448498,0.0261660350889725,0.007814841856577805,0.07306799395906675,0.03226249228448498,0.07275055917482726,0.07275055917482726,ad_probe,ad_probe,0.0,0.0003174347842394981,948,40
trec-covid,10,10,False,39,39901,False,324.497579087002,279.6469660092581,0.07467957360263744,0.03021655675371874,0.025134186848122568,0.007848024763460911,0.07133316463332728,0.03021655675371874,0.07467957360263744,0.07467957360263744,ad_probe,ad_probe,0.0,0.003346408969310155,869,40
trec-covid,10,10,False,40,40901,False,223.29466696268418,279.6469660092581,0.06623521050834787,0.030330426669081856,0.024038927481251283,0.007211461733960034,0.07043313600396461,0.030330426669081856,0.06623521050834787,0.06623521050834787,ad_probe,ad_probe,0.0,0.004197925495616747,914,40
trec-covid,10,10,False,41,41901,False,274.2636802141976,279.6469660092581,0.0723994315724805,0.031562669579578304,0.025523657843940763,0.0075795083745686265,0.07279102154609815,0.031562669579578304,0.0723994315724805,0.0723994315724805,ad_probe,ad_probe,0.0,0.00039158997361765646,942,40
trec-covid,10,10,False,42,42901,False,211.20167273739776,279.6469660092581,0.05978903132018516,0.02577684463504203,0.02216421099722063,0.006513406778675561,0.06406434629839951,0.02577684463504203,0.05978903132018516,0.05978903132018516,ad_probe,ad_probe,0.0,0.004275314978214345,846,40
trec-covid,10,10,False,43,43901,False,231.66304239575152,279.6469660092581,0.06316887698220794,0.028479569980025037,0.023165947030046354,0.00732855728657022,0.06611938682191602,0.028479569980025037,0.06316887698220794,0.06316887698220794,ad_probe,ad_probe,0.0,0.0029505098397080848,894,40
trec-covid,10,10,False,44,44901,False,250.10028001201297,279.6469660092581,0.06906113512062076,0.02934557355051857,0.024109863865856992,0.007169879579294394,0.07107486575534203,0.02934557355051857,0.06906113512062076,0.06906113512062076,ad_probe,ad_probe,0.0,0.002013730634721267,909,40
trec-covid,10,10,False,45,45901,False,258.25693008350027,279.6469660092581,0.07307031560401611,0.0325355302793568,0.025852424786568174,0.008102394565464351,0.07480394871340135,0.0325355302793568,0.07307031560401611,0.07307031560401611,ad_probe,ad_probe,0.0,0.0017336331093852353,986,40
trec-covid,10,10,False,46,46901,False,255.85947932635315,279.6469660092581,0.06746258277644764,0.02880222131885013,0.024475152330980958,0.007262167190585557,0.06899140077655905,0.02880222131885013,0.06746258277644764,0.06746258277644764,ad_probe,ad_probe,0.0,0.0015288180001114121,877,40
trec-covid,10,10,False,47,47901,False,360.052851698592,279.6469660092581,0.07349035024300288,0.030221173466854212,0.024780878156271172,0.008064072156948729,0.06907880102130834,0.030221173466854212,0.07349035024300288,0.07349035024300288,ad_probe,ad_probe,0.0,0.0044115492216945384,898,40
trec-covid,10,10,False,48,48901,False,308.49946122064136,279.6469660092581,0.07583128622644736,0.0316697637805998,0.02608966059919498,0.007748697341991325,0.07335936462079293,0.0316697637805998,0.07583128622644736,0.07583128622644736,ad_probe,ad_probe,0.0,0.0024719216056544313,934,40
trec-covid,10,10,False,49,49901,False,195.23482401351308,279.6469660092581,0.06436562125196985,0.0301750983399555,0.024044503593323375,0.007472770262446452,0.07075811944128226,0.0301750983399555,0.06436562125196985,0.06436562125196985,ad_probe,ad_probe,0.0,0.006392498189312409,976,40
trec-covid,20,20,False,0,2200423,False,202.08113090893994,279.6469660092581,0.057147912851575895,0.026235505430907635,0.02109176407944476,0.006153050268698321,0.06187346295161462,0.026235505430907635,0.057147912851575895,0.057147912851575895,ad_probe,ad_probe,0.0,0.004725550100038722,1826,30
trec-covid,20,20,False,1,2201423,False,343.09342043222483,279.6469660092581,0.08459143364982256,0.03479790043956925,0.027672365968677018,0.008654534030673568,0.08030845919921381,0.03479790043956925,0.08459143364982256,0.08459143364982256,ad_probe,ad_probe,0.0,0.004282974450608754,1865,30
trec-covid,20,20,False,2,2202423,False,340.6058039078494,279.6469660092581,0.07683727687471788,0.03193257816178689,0.026420784146817578,0.008493168361797731,0.07272667832173144,0.03193257816178689,0.07683727687471788,0.07683727687471788,ad_probe,ad_probe,0.0,0.004110598552986441,1848,30
trec-covid,20,20,False,3,2203423,False,312.7419670065874,279.6469660092581,0.07421832992766382,0.03213377894363107,0.02597584552071763,0.007735739759016222,0.0722646703537382,0.03213377894363107,0.07421832992766382,0.07421832992766382,ad_probe,ad_probe,0.0,0.0019536595739256257,1817,30
trec-covid,20,20,False,4,2204423,False,317.43583502516947,279.6469660092581,0.07644465493233414,0.032543770397120746,0.026961465454746092,0.00816675924464246,0.07355949363660504,0.032543770397120746,0.07644465493233414,0.07644465493233414,ad_probe,ad_probe,0.0,0.002885161295729105,1848,30
trec-covid,20,20,False,5,2205423,False,274.7572104312268,279.6469660092581,0.073342266305208,0.03211948013718494,0.0256026614151465,0.0075036313265254015,0.07350715389199855,0.03211948013718494,0.073342266305208,0.073342266305208,ad_probe,ad_probe,0.0,0.00016488758679054916,1857,30
trec-covid,20,20,False,6,2206423,False,312.7419670065874,279.6469660092581,0.0711499325477274,0.029508896338622508,0.024536705694331994,0.006921129936647311,0.06877537250620827,0.029508896338622508,0.0711499325477274,0.0711499325477274,ad_probe,ad_probe,0.0,0.002374560041519133,1776,30
trec-covid,20,20,False,7,2207423,False,275.7695804979369,279.6469660092581,0.07125683044198437,0.0313516037119039,0.02642291349093692,0.007915679399199823,0.07156173419626019,0.0313516037119039,0.07125683044198437,0.07125683044198437,ad_probe,ad_probe,0.0,0.0003049037542758176,1830,30
trec-covid,20,20,False,8,2208423,False,317.43583502516947,279.6469660092581,0.07090932318575824,0.029625584718848075,0.024190730444430274,0.007231905740970912,0.06850649158456908,0.029625584718848075,0.07090932318575824,0.07090932318575824,ad_probe,ad_probe,0.0,0.002402831601189162,1838,30
trec-covid,20,20,False,9,2209423,False,232.58762959757638,279.6469660092581,0.06666041416338335,0.02760195131027123,0.02330138021491531,0.007392683259189661,0.06995924203760444,0.02760195131027123,0.06666041416338335,0.06666041416338335,ad_probe,ad_probe,0.0,0.0032988278742210886,1802,30
trec-covid,20,20,False,10,2210423,False,307.45494308461946,279.6469660092581,0.07087293907897788,0.028855713650718096,0.025101369680210796,0.00738880098727419,0.06859892395055164,0.028855713650718096,0.07087293907897788,0.07087293907897788,ad_probe,ad_probe,0.0,0.002274015128426232,1821,30
trec-covid,20,20,False,11,2211423,False,273.5051537595258,279.6469660092581,0.06358105688168672,0.028032347762215692,0.02378553178542358,0.007550237289748217,0.06394912722789313,0.028032347762215692,0.06358105688168672,0.06358105688168672,ad_probe,ad_probe,0.0,0.0003680703462064089,1759,30
trec-covid,20,20,False,12,2212423,False,298.53810392029584,279.6469660092581,0.07760871897277459,0.03215265482007119,0.024339478707099363,0.007096604340618008,0.07587999922559206,0.03215265482007119,0.07760871897277459,0.07760871897277459,ad_probe,ad_probe,0.0,0.0017287197471825277,1883,30
trec-covid,20,20,False,13,2213423,False,280.40549246392993,279.6469660092581,0.07860834014456548,0.03265835815141595,0.027111126139447075,0.008887043957333758,0.07847116593331721,0.03265835815141595,0.07860834014456548,0.07860834014456548,ad_probe,ad_probe,0.0,0.00013717421124827267,1850,30
trec-covid,20,20,False,14,2214423,False,262.7219544756813,279.6469660092581,0.07160399306796741,0.03059885244217987,0.025791531507225927,0.007472328479489236,0.07276317669027924,0.03059885244217987,0.07160399306796741,0.07160399306796741,ad_probe,ad_probe,0.0,0.0011591836223118213,1796,30
trec-covid,20,20,False,15,2215423,False,264.22785475942055,279.6469660092581,0.07024080290189788,0.029341964457779663,0.02481183896784285,0.0067544194884474615,0.07117829387112677,0.029341964457779663,0.07024080290189788,0.07024080290189788,ad_probe,ad_probe,0.0,0.0009374909692288907,1830,30
trec-covid,20,20,False,16,2216423,False,272.52067270100076,279.6469660092581,0.07209214994553813,0.03132819279853123,0.025454590051774507,0.00824223848438988,0.07234490679665222,0.03132819279853123,0.07209214994553813,0.07209214994553813,ad_probe,ad_probe,0.0,0.00025275685111408874,1819,30
trec-covid,20,20,False,17,2217423,False,280.40549246392993,279.6469660092581,0.07745691406614888,0.03345895254030903,0.027456742627908908,0.008480997286243967,0.07731973985490058,0.03345895254030903,0.07745691406614888,0.07745691406614888,ad_probe,ad_probe,0.0,0.00013717421124830043,1877,30
trec-covid,20,20,False,18,2218423,False,312.7419670065874,279.6469660092581,0.07163788714296339,0.028022586258048706,0.023523333943448233,0.007133381477930853,0.06914777366710548,0.028022586258048706,0.07163788714296339,0.07163788714296339,ad_probe,ad_probe,0.0,0.0024901134758579108,1843,30
trec-covid,20,20,False,19,2219423,False,318.4678544265639,279.6469660092581,0.08371744793720162,0.03444811061380092,0.026695615242078186,0.00848756127378338,0.08011254499902433,0.03444811061380092,0.08371744793720162,0.08371744793720162,ad_probe,ad_probe,0.0,0.003604902938177293,1875,30
trec-covid,20,20,False,20,2220423,False,273.5051537595258,279.6469660092581,0.07083807275563594,0.030376614437837623,0.024919433878768948,0.007863961013521721,0.07126501919524558,0.030376614437837623,0.07083807275563594,0.07083807275563594,ad_probe,ad_probe,0.0,0.00042694643960963785,1847,30
trec-covid,20,20,False,21,2221423,False,279.6469660092581,279.6469660092581,0.06931670426398692,0.030369050605646476,0.0262155821830728,0.00815061141404271,0.06931670426398692,0.030369050605646476,0.06931670426398692,0.06931670426398692,ad_probe,ad_probe,0.0,0.0,1808,30
trec-covid,20,20,False,22,2222423,False,236.0236480552324,279.6469660092581,0.06409824889366718,0.02849827231019779,0.024240452571736838,0.006790742714299891,0.06720993196282803,0.02849827231019779,0.06409824889366718,0.06409824889366718,ad_probe,ad_probe,0.0,0.0031116830691608477,1856,30
trec-covid,20,20,False,23,2223423,False,293.90878514813863,279.6469660092581,0.06703656776339352,0.028919167251507442,0.024630918475159292,0.006795512457100793,0.0659860739086689,0.028919167251507442,0.06703656776339352,0.06703656776339352,ad_probe,ad_probe,0.0,0.001050493854724624,1804,30
trec-covid,20,20,False,24,2224423,False,303.174015886289,279.6469660092581,0.061779978700014934,0.024936073817474598,0.021790894623106738,0.006538412373662457,0.06036663124487269,0.024936073817474598,0.061779978700014934,0.061779978700014934,ad_probe,ad_probe,0.0,0.0014133474551422456,1738,30
trec-covid,20,20,False,25,2225423,False,312.7419670065874,279.6469660092581,0.07043627615275964,0.028187836865916492,0.02458095151381183,0.007265392985042274,0.06814839599892639,0.028187836865916492,0.07043627615275964,0.07043627615275964,ad_probe,ad_probe,0.0,0.0022878801538332577,1828,30
trec-covid,20,20,False,26,2226423,False,266.37886045126845,279.6469660092581,0.0706488457035127,0.028663305523554908,0.024774583658923915,0.0068236775173798675,0.07170524907528343,0.028663305523554908,0.0706488457035127,0.0706488457035127,ad_probe,ad_probe,0.0,0.0010564033717707366,1829,30
trec-covid,20,20,False,27,2227423,False,195.74733599799373,279.6469660092581,0.05302685807062643,0.023064814295668184,0.01889079503817644,0.005688017940369347,0.058701583341264185,0.023064814295668184,0.05302685807062643,0.05302685807062643,ad_probe,ad_probe,0.0,0.005674725270637754,1809,30
trec-covid,20,20,False,28,2228423,False,275.011054043265,279.6469660092581,0.06907158785724092,0.029136673431274053,0.025751357825572117,0.007313922281513816,0.06942952118435917,0.029136673431274053,0.06907158785724092,0.06907158785724092,ad_probe,ad_probe,0.0,0.0003579333271182539,1823,30
trec-covid,20,20,False,29,2229423,False,330.22346650697847,279.6469660092581,0.0708911294380959,0.028787355539873036,0.024050103558474444,0.006739898828800917,0.06773690676327818,0.028787355539873036,0.0708911294380959,0.0708911294380959,ad_probe,ad_probe,0.0,0.0031542226748177277,1786,30
trec-covid,20,20,False,30,2230423,False,305.6643972285532,279.6469660092581,0.0769208176439655,0.03069144409293755,0.026605274118964534,0.007286124424964549,0.07461510775055251,0.03069144409293755,0.0769208176439655,0.0769208176439655,ad_probe,ad_probe,0.0,0.0023057098934129855,1842,30
trec-covid,20,20,False,31,2231423,False,291.4184038058744,279.6469660092581,0.07619457901575892,0.033491891323471634,0.025940204243885538,0.008091167244650628,0.07494348980608995,0.033491891323471634,0.07619457901575892,0.07619457901575892,ad_probe,ad_probe,0.0,0.0012510892096689735,1840,30
trec-covid,20,20,False,32,2232423,False,274.2636802141976,279.6469660092581,0.0805238816578111,0.03389410316278415,0.027003970184987302,0.007657773998855416,0.08087163031354364,0.03389410316278415,0.0805238816578111,0.0805238816578111,ad_probe,ad_probe,0.0,0.00034774865573253266,1896,30
trec-covid,20,20,False,33,2233423,False,238.3468289119166,279.6469660092581,0.06197767090857322,0.028194290020387133,0.023429029064024345,0.007296519225290345,0.06506069741308998,0.028194290020387133,0.06197767090857322,0.06197767090857322,ad_probe,ad_probe,0.0,0.0030830265045167574,1852,30
trec-covid,20,20,False,34,2234423,False,266.37886045126845,279.6469660092581,0.06852040540336515,0.028502568283231756,0.025278931529319936,0.0073847354894790015,0.06938584412894307,0.028502568283231756,0.06852040540336515,0.06852040540336515,ad_probe,ad_probe,0.0,0.0008654387255779133,1850,30
trec-covid,20,20,False,35,2235423,False,262.9857726346105,279.6469660092581,0.0698000496985486,0.029878722181202876,0.024244389184656448,0.007434031457041312,0.07097513370437322,0.029878722181202876,0.0698000496985486,0.0698000496985486,ad_probe,ad_probe,0.0,0.0011750840058246254,1814,30
trec-covid,20,20,False,36,2236423,False,312.7419670065874,279.6469660092581,0.0763407618792587,0.032168453440150464,0.025276680236570998,0.007409725236761328,0.07433466978930725,0.032168453440150464,0.0763407618792587,0.0763407618792587,ad_probe,ad_probe,0.0,0.00200609208995145,1885,30
trec-covid,20,20,False,37,2237423,False,276.3315854872772,279.6469660092581,0.0677445417042963,0.027560837696959602,0.024277191062439037,0.007369010548070868,0.06806730261021897,0.027560837696959602,0.0677445417042963,0.0677445417042963,ad_probe,ad_probe,0.0,0.0003227609059226755,1785,30
trec-covid,20,20,False,38,2238423,False,244.39202348829977,279.6469660092581,0.06314072456661836,0.026512060228803484,0.022768412214450733,0.00627721484293917,0.06570099543819156,0.026512060228803484,0.06314072456661836,0.06314072456661836,ad_probe,ad_probe,0.0,0.002560270871573206,1777,30
trec-covid,20,20,False,39,2239423,False,272.52067270100076,279.6469660092581,0.07016770911310347,0.031068857047620673,0.025401764481205288,0.007575370609561655,0.07061309583287693,0.031068857047620673,0.07016770911310347,0.07016770911310347,ad_probe,ad_probe,0.0,0.000445386719773469,1863,30
trec-covid,20,20,False,40,2240423,False,324.497579087002,279.6469660092581,0.0776285018908896,0.03206598244567582,0.02544657490212631,0.006783155917423255,0.07412018294051685,0.03206598244567582,0.0776285018908896,0.0776285018908896,ad_probe,ad_probe,0.0,0.003508318950372749,1815,30
trec-covid,20,20,False,41,2241423,False,272.52067270100076,279.6469660092581,0.07324779636109353,0.032162296379381186,0.027311411942906608,0.008219217836347728,0.07364127710528821,0.032162296379381186,0.07324779636109353,0.07324779636109353,ad_probe,ad_probe,0.0,0.0003934807441946797,1831,30
trec-covid,20,20,False,42,2242423,False,279.6469660092581,279.6469660092581,0.07039038945975219,0.03166024101246541,0.026480918411397564,0.008190330634145414,0.07039038945975219,0.03166024101246541,0.07039038945975219,0.07039038945975219,ad_probe,ad_probe,0.0,0.0,1825,30
trec-covid,20,20,False,43,2243423,False,282.89587380619423,279.6469660092581,0.07667255247088368,0.031201542216548618,0.026244137926232047,0.007749020126159226,0.07615455779748133,0.031201542216548618,0.07667255247088368,0.07667255247088368,ad_probe,ad_probe,0.0,0.0005179946734023555,1834,30
trec-covid,20,20,False,44,2244423,False,312.7419670065874,279.6469660092581,0.07445723162403604,0.030569698379445627,0.026178144202605478,0.007593650277728096,0.07276720445738931,0.030569698379445627,0.07445723162403604,0.07445723162403604,ad_probe,ad_probe,0.0,0.0016900271666467348,1775,30
trec-covid,20,20,False,45,2245423,False,279.6469660092581,279.6469660092581,0.06929324891997357,0.02833829220966918,0.02570854764374111,0.007080616380470935,0.06929324891997357,0.02833829220966918,0.06929324891997357,0.06929324891997357,ad_probe,ad_probe,0.0,0.0,1761,30
trec-covid,20,20,False,46,2246423,False,223.98396842176214,279.6469660092581,0.06004400561630559,0.025756762266506316,0.021610037425352436,0.0063468245369641295,0.06399972010928073,0.025756762266506316,0.06004400561630559,0.06004400561630559,ad_probe,ad_probe,0.0,0.003955714492975146,1800,30
trec-covid,20,20,False,47,2247423,False,305.6643972285532,279.6469660092581,0.0771037097248382,0.03267772532078375,0.025161828782438566,0.007892446624039153,0.07464462691662714,0.03267772532078375,0.0771037097248382,0.0771037097248382,ad_probe,ad_probe,0.0,0.002459082808211055,1873,30
trec-covid,20,20,False,48,2248423,False,236.0236480552324,279.6469660092581,0.06805983175705452,0.029484971778179114,0.024166019044285277,0.006796238743047778,0.07122666496168933,0.029484971778179114,0.06805983175705452,0.06805983175705452,ad_probe,ad_probe,0.0,0.003166833204634817,1850,30
trec-covid,20,20,False,49,2249423,False,273.5051537595258,279.6469660092581,0.07053399812140142,0.031235448135650466,0.026384308827269783,0.008381905493176087,0.07090579292683238,0.031235448135650466,0.07053399812140142,0.07053399812140142,ad_probe,ad_probe,0.0,0.00037179480543096666,1831,30
trec-covid,50,25,True,0,2300472,False,283.65440026086605,279.6469660092581,0.06636655130828571,0.026649743165500492,0.023262087438129405,0.006757514978661467,0.06609911349807203,0.026649743165500492,0.06636655130828571,0.06636655130828571,ad_probe,ad_probe,0.0,0.0002674378102136832,2261,25
trec-covid,50,25,True,1,2301472,False,283.65440026086605,279.6469660092581,0.0735713364701225,0.032139565237516356,0.027438859875308835,0.008077451436041622,0.07275555316839626,0.032139565237516356,0.0735713364701225,0.0735713364701225,ad_probe,ad_probe,0.0,0.0008157833017262417,2286,25
trec-covid,50,25,True,2,2302472,False,264.8729601675292,279.6469660092581,0.07639215806332005,0.032746478221225776,0.02887605810355896,0.0095437164892937,0.07719429576954809,0.032746478221225776,0.07639215806332005,0.07639215806332005,ad_probe,ad_probe,0.0,0.0008021377062280427,2312,25
trec-covid,50,25,True,3,2303472,False,243.83419791769867,279.6469660092581,0.059926747047962775,0.025195473430764004,0.02147492602416875,0.00637496436678534,0.06225601051997429,0.025195473430764004,0.059926747047962775,0.059926747047962775,ad_probe,ad_probe,0.0,0.0023292634720115182,2226,25
trec-covid,50,25,True,4,2304472,False,267.88476073500766,279.6469660092581,0.0678445669709054,0.029412655559768734,0.02348692629882119,0.007000261430187576,0.06874394880541385,0.029412655559768734,0.0678445669709054,0.0678445669709054,ad_probe,ad_probe,0.0,0.0008993818345084392,2286,25
trec-covid,50,25,True,5,2305472,False,260.5709487838334,279.6469660092581,0.06702142076432013,0.02776397578259544,0.022193606968175485,0.006072305103950639,0.06826095074839132,0.02776397578259544,0.06702142076432013,0.06702142076432013,ad_probe,ad_probe,0.0,0.0012395299840711888,2304,25
trec-covid,50,25,True,6,2306472,False,319.80371106841994,279.6469660092581,0.08426835396018195,0.035155164985709746,0.028038067489647496,0.0085080796580205,0.08101510592007982,0.035155164985709746,0.08426835396018195,0.08426835396018195,ad_probe,ad_probe,0.0,0.00325324804010213,2318,25
trec-covid,50,25,True,7,2307472,False,347.6072552166016,279.6469660092581,0.08486394503711275,0.033780300903803406,0.028629281269038166,0.00841328694920101,0.08050265240220372,0.033780300903803406,0.08486394503711275,0.08486394503711275,ad_probe,ad_probe,0.0,0.004361292634909031,2296,25
trec-covid,50,25,True,8,2308472,False,305.6802229447549,279.6469660092581,0.0757773803127983,0.031399953003333946,0.024920045189126307,0.007942592619808992,0.0737082753463441,0.031399953003333946,0.0757773803127983,0.0757773803127983,ad_probe,ad_probe,0.0,0.0020691049664542105,2299,25
trec-covid,50,25,True,9,2309472,False,277.15658466699387,279.6469660092581,0.07310636999864467,0.03009590471828572,0.024833261128067986,0.006810885645859958,0.07310636999864467,0.03009590471828572,0.07310636999864467,0.07310636999864467,ad_probe,ad_probe,0.0,0.0,2235,25
trec-covid,50,25,True,10,2310472,False,264.8729601675292,279.6469660092581,0.06961642581046787,0.029684068060285184,0.026132362140407626,0.00782344597611864,0.07081741128107516,0.029684068060285184,0.06961642581046787,0.06961642581046787,ad_probe,ad_probe,0.0,0.0012009854706072909,2214,25
trec-covid,50,25,True,11,2311472,False,331.25548590837286,279.6469660092581,0.08647302453722183,0.037372920788157134,0.03037055088236502,0.009602708013672785,0.082467554172645,0.037372920788157134,0.08647302453722183,0.08647302453722183,ad_probe,ad_probe,0.0,0.004005470364576838,2365,25
trec-covid,50,25,True,12,2312472,False,283.65440026086605,279.6469660092581,0.08661314271130369,0.0375991291515229,0.028270006882349416,0.008517405848583941,0.08580660451816031,0.0375991291515229,0.08661314271130369,0.08661314271130369,ad_probe,ad_probe,0.0,0.0008065381931433718,2353,25
trec-covid,50,25,True,13,2313472,False,282.13734735152235,279.6469660092581,0.06912229193791547,0.0296053532898914,0.023932840610806864,0.007119338499317611,0.06907517768585421,0.0296053532898914,0.06912229193791547,0.06912229193791547,ad_probe,ad_probe,0.0,4.711425206126163e-05,2344,25
trec-covid,50,25,True,14,2314472,False,331.25548590837286,279.6469660092581,0.07978429110875702,0.03280848364012151,0.028237349590092928,0.007270126973375923,0.07589695040749721,0.03280848364012151,0.07978429110875702,0.07978429110875702,ad_probe,ad_probe,0.0,0.003887340701259817,2228,25
trec-covid,50,25,True,15,2315472,False,283.65440026086605,279.6469660092581,0.07694547937791009,0.036202972097068395,0.028654322938122867,0.00916889494688856,0.07609117409744191,0.036202972097068395,0.07694547937791009,0.07694547937791009,ad_probe,ad_probe,0.0,0.0008543052804681761,2296,25
trec-covid,50,25,True,16,2316472,False,282.13734735152235,279.6469660092581,0.07719481351527122,0.03404438119286251,0.026137943833847793,0.00903141363439034,0.07664581518849511,0.03404438119286251,0.07719481351527122,0.07719481351527122,ad_probe,ad_probe,0.0,0.0005489983267761012,2298,25
trec-covid,50,25,True,17,2317472,False,267.88476073500766,279.6469660092581,0.07036424524181045,0.029242908985325018,0.024599287414328135,0.007949459325595114,0.0713112920196805,0.029242908985325018,0.07036424524181045,0.07036424524181045,ad_probe,ad_probe,0.0,0.0009470467778700531,2232,25
trec-covid,50,25,True,18,2318472,False,264.8729601675292,279.6469660092581,0.0627781968942256,0.027973464566850664,0.022677830786740998,0.005885835930799523,0.06337799639606383,0.027973464566850664,0.0627781968942256,0.0627781968942256,ad_probe,ad_probe,0.0,0.0005997995018382218,2288,25
trec-covid,50,25,True,19,2319472,False,282.13734735152235,279.6469660092581,0.07519364951574765,0.03018203975823977,0.025385498256458982,0.007185759023511837,0.07481731715669052,0.03018203975823977,0.07519364951574765,0.07519364951574765,ad_probe,ad_probe,0.0,0.00037633235905713824,2263,25
trec-covid,50,25,True,20,2320472,False,243.83419791769867,279.6469660092581,0.05985650075048847,0.02691610761262077,0.021475191495628314,0.005574953980012161,0.06160085984473948,0.02691610761262077,0.05985650075048847,0.05985650075048847,ad_probe,ad_probe,0.0,0.0017443590942510107,2251,25
trec-covid,50,25,True,21,2321472,False,243.83419791769867,279.6469660092581,0.05932700860896281,0.026120571746566856,0.02203229383248742,0.006406600246853611,0.061705729352035006,0.026120571746566856,0.05932700860896281,0.05932700860896281,ad_probe,ad_probe,0.0,0.002378720743072195,2245,25
trec-covid,50,25,True,22,2322472,False,282.13734735152235,279.6469660092581,0.07242459932122002,0.030682199576310604,0.02530943994318067,0.007463022734324776,0.07208209048264885,0.030682199576310604,0.07242459932122002,0.07242459932122002,ad_probe,ad_probe,0.0,0.0003425088385711622,2258,25
trec-covid,50,25,True,23,2323472,False,283.65440026086605,279.6469660092581,0.07114327136311319,0.031773515889301135,0.026258386458552767,0.007356586407646589,0.07039943050743011,0.031773515889301135,0.07114327136311319,0.07114327136311319,ad_probe,ad_probe,0.0,0.0007438408556830756,2265,25
trec-covid,50,25,True,24,2324472,False,283.65440026086605,279.6469660092581,0.06891735759076463,0.02968471392853386,0.02518243765100806,0.00866720145424267,0.06832124501192728,0.02968471392853386,0.06891735759076463,0.06891735759076463,ad_probe,ad_probe,0.0,0.0005961125788373489,2265,25
trec-covid,50,25,True,25,2325472,False,264.8729601675292,279.6469660092581,0.06886813718088393,0.03185143969901643,0.024285039435552012,0.0077302642117103035,0.06970228460402392,0.03185143969901643,0.06886813718088393,0.06886813718088393,ad_probe,ad_probe,0.0,0.0008341474231399887,2280,25
trec-covid,50,25,True,26,2326472,False,277.15658466699387,279.6469660092581,0.06815706913336811,0.027759595199270112,0.024071641992463606,0.006137247035471181,0.06819877924807093,0.027759595199270112,0.06815706913336811,0.06815706913336811,ad_probe,ad_probe,0.0,4.171011470281705e-05,2206,25
trec-covid,50,25,True,27,2327472,False,331.25548590837286,279.6469660092581,0.08510810349067441,0.03566292185231928,0.028336662108327,0.008111640952363683,0.08083096873379005,0.03566292185231928,0.08510810349067441,0.08510810349067441,ad_probe,ad_probe,0.0,0.004277134756884363,2314,25
trec-covid,50,25,True,28,2328472,False,277.15658466699387,279.6469660092581,0.07698624972862154,0.03298212242573706,0.026563151603302658,0.007255809877197594,0.07704904407713017,0.03298212242573706,0.07698624972862154,0.07698624972862154,ad_probe,ad_probe,0.0,6.279434850862964e-05,2309,25
trec-covid,50,25,True,29,2329472,False,264.8729601675292,279.6469660092581,0.06741179900921848,0.02838971857932268,0.022827839005824482,0.006699449860282203,0.06831784355051632,0.02838971857932268,0.06741179900921848,0.06741179900921848,ad_probe,ad_probe,0.0,0.0009060445412978346,2240,25
trec-covid,50,25,True,30,2330472,False,305.6802229447549,279.6469660092581,0.06984249846161945,0.028193777231669603,0.02400076904976174,0.006419550447121345,0.06795513752179431,0.028193777231669603,0.06984249846161945,0.06984249846161945,ad_probe,ad_probe,0.0,0.001887360939825139,2314,25
trec-covid,50,25,True,31,2331472,False,319.80371106841994,279.6469660092581,0.08703326004541805,0.03805549261204665,0.02855117979198961,0.00932755616373943,0.08351635306425059,0.03805549261204665,0.08703326004541805,0.08703326004541805,ad_probe,ad_probe,0.0,0.003516906981167453,2370,25
trec-covid,50,25,True,32,2332472,False,264.8729601675292,279.6469660092581,0.05521873586104726,0.024672308410388935,0.02015152035164482,0.006304688068059744,0.05639567759601799,0.024672308410388935,0.05521873586104726,0.05521873586104726,ad_probe,ad_probe,0.0,0.001176941734970731,2250,25
trec-covid,50,25,True,33,2333472,False,243.83419791769867,279.6469660092581,0.06519235766470712,0.027580310352614785,0.02383144687862513,0.007745350000769135,0.06802500806016286,0.027580310352614785,0.06519235766470712,0.06519235766470712,ad_probe,ad_probe,0.0,0.0028326503954557436,2271,25
trec-covid,50,25,True,34,2334472,False,267.88476073500766,279.6469660092581,0.06889165752628684,0.027621252657251034,0.02510842372318194,0.0066068224514189726,0.06987560651454877,0.027621252657251034,0.06889165752628684,0.06889165752628684,ad_probe,ad_probe,0.0,0.000983948988261929,2271,25
trec-covid,50,25,True,35,2335472,False,283.65440026086605,279.6469660092581,0.06980836884911648,0.030774372436664033,0.023964804294517878,0.008632066265037852,0.06926482359740607,0.030774372436664033,0.06980836884911648,0.06980836884911648,ad_probe,ad_probe,0.0,0.0005435452517104089,2303,25
trec-covid,50,25,True,36,2336472,False,329.1914471055841,279.6469660092581,0.08018969834316392,0.033517091033279565,0.026713294110115186,0.008093929904780847,0.07647887621577393,0.033517091033279565,0.08018969834316392,0.08018969834316392,ad_probe,ad_probe,0.0,0.00371082212738999,2292,25
trec-covid,50,25,True,37,2337472,False,260.5709487838334,279.6469660092581,0.05734892880831571,0.02465536419184417,0.020577439895799986,0.00606151285119094,0.058443145345683935,0.02465536419184417,0.05734892880831571,0.05734892880831571,ad_probe,ad_probe,0.0,0.0010942165373682214,2239,25
trec-covid,50,25,True,38,2338472,False,329.1914471055841,279.6469660092581,0.06622684401865815,0.028642689115652584,0.023248739824301333,0.008112865240456372,0.06309327384272265,0.028642689115652584,0.06622684401865815,0.06622684401865815,ad_probe,ad_probe,0.0,0.0031335701759355045,2257,25
trec-covid,50,25,True,39,2339472,False,319.80371106841994,279.6469660092581,0.07464813609328944,0.032061636509992164,0.022906089744657878,0.008807147774297697,0.0710478192141456,0.032061636509992164,0.07464813609328944,0.07464813609328944,ad_probe,ad_probe,0.0,0.0036003168791438334,2327,25
trec-covid,50,25,True,40,2340472,False,329.1914471055841,279.6469660092581,0.08439497808603331,0.03581689921337704,0.028030557801422443,0.008044575220316668,0.08120198536013656,0.03581689921337704,0.08439497808603331,0.08439497808603331,ad_probe,ad_probe,0.0,0.003192992725896751,2337,25
trec-covid,50,25,True,41,2341472,False,305.6802229447549,279.6469660092581,0.07761253934988135,0.032311909585747006,0.026803091007794978,0.00871062154346574,0.07511869228609389,0.032311909585747006,0.07761253934988135,0.07761253934988135,ad_probe,ad_probe,0.0,0.002493847063787469,2346,25
trec-covid,50,25,True,42,2342472,False,277.15658466699387,279.6469660092581,0.07555825925734339,0.03338171964949852,0.025079064620762734,0.007882549447983354,0.07566276372055483,0.03338171964949852,0.07555825925734339,0.07555825925734339,ad_probe,ad_probe,0.0,0.00010450446321144669,2278,25
trec-covid,50,25,True,43,2343472,False,228.21309819276615,279.6469660092581,0.06199632495865512,0.027104298556812,0.023412976070130317,0.007153373301805652,0.06591655591446952,0.027104298556812,0.06199632495865512,0.06199632495865512,ad_probe,ad_probe,0.0,0.003920230955814397,2251,25
trec-covid,50,25,True,44,2344472,False,260.5709487838334,279.6469660092581,0.07184428585247156,0.033060194701456755,0.025141502983392416,0.007089652495660982,0.07300633141110291,0.033060194701456755,0.07184428585247156,0.07184428585247156,ad_probe,ad_probe,0.0,0.00116204555863135,2294,25
trec-covid,50,25,True,45,2345472,False,277.15658466699387,279.6469660092581,0.0736597705842608,0.030867455386232354,0.02620509690981678,0.007348915756540313,0.0736597705842608,0.030867455386232354,0.0736597705842608,0.0736597705842608,ad_probe,ad_probe,0.0,0.0,2301,25
trec-covid,50,25,True,46,2346472,False,264.8729601675292,279.6469660092581,0.06528511356010393,0.027722807331610567,0.02360838696182742,0.005844908131234281,0.06626974895725116,0.027722807331610567,0.06528511356010393,0.06528511356010393,ad_probe,ad_probe,0.0,0.0009846353971472294,2283,25
trec-covid,50,25,True,47,2347472,False,305.6802229447549,279.6469660092581,0.0754544298035052,0.03345856674367051,0.024527181595642097,0.007244031818911999,0.0732211076391641,0.03345856674367051,0.0754544298035052,0.0754544298035052,ad_probe,ad_probe,0.0,0.002233322164341092,2282,25
trec-covid,50,25,True,48,2348472,False,283.65440026086605,279.6469660092581,0.06977120520496846,0.02822280146119957,0.023899421920502126,0.006900725641234723,0.06956044231205569,0.02822280146119957,0.06977120520496846,0.06977120520496846,ad_probe,ad_probe,0.0,0.00021076289291277472,2313,25
trec-covid,50,25,True,49,2349472,False,283.65440026086605,279.6469660092581,0.07389793051565065,0.03048314605075596,0.025206036245957426,0.008499231446063982,0.0733735647400686,0.03048314605075596,0.07389793051565065,0.07389793051565065,ad_probe,ad_probe,0.0,0.0005243657755820419,2298,25
trec-covid,100,25,True,0,2400755,False,243.83419791769867,279.6469660092581,0.057164453620404426,0.025824137105654014,0.020913910669154857,0.0064049290996759855,0.05951778296468777,0.025824137105654014,0.057164453620404426,0.057164453620404426,ad_probe,ad_probe,0.0,0.002353329344283346,2253,25
trec-covid,100,25,True,1,2401755,False,264.8729601675292,279.6469660092581,0.0710251685218477,0.031756295755432304,0.027315403651264485,0.008035429529336122,0.07190655250851447,0.031756295755432304,0.0710251685218477,0.0710251685218477,ad_probe,ad_probe,0.0,0.0008813839866667617,2299,25
trec-covid,100,25,True,2,2402755,False,243.83419791769867,279.6469660092581,0.059859941618741565,0.026560408969586728,0.022594836427037253,0.007554488366339806,0.06287737880700484,0.026560408969586728,0.059859941618741565,0.059859941618741565,ad_probe,ad_probe,0.0,0.003017437188263271,2240,25
trec-covid,100,25,True,3,2403755,False,319.80371106841994,279.6469660092581,0.08700480710692415,0.037185946912260806,0.02970872806122141,0.009699364914725972,0.08361279120442991,0.037185946912260806,0.08700480710692415,0.08700480710692415,ad_probe,ad_probe,0.0,0.0033920159024942442,2335,25
trec-covid,100,25,True,4,2404755,False,282.13734735152235,279.6469660092581,0.07979035462179133,0.03384853907970525,0.028081292587589686,0.008356961764286845,0.07952346014994988,0.03384853907970525,0.07979035462179133,0.07979035462179133,ad_probe,ad_probe,0.0,0.0002668944718414584,2319,25
trec-covid,100,25,True,5,2405755,False,305.6802229447549,279.6469660092581,0.06942209919470245,0.028796379265261872,0.02427095662083324,0.008472016369097855,0.06754057475362547,0.028796379265261872,0.06942209919470245,0.06942209919470245,ad_probe,ad_probe,0.0,0.001881524441076976,2269,25
trec-covid,100,25,True,6,2406755,False,282.13734735152235,279.6469660092581,0.07088061768345547,0.03143973747161138,0.024735331777295127,0.0076533920848999345,0.07075788906466456,0.03143973747161138,0.07088061768345547,0.07088061768345547,ad_probe,ad_probe,0.0,0.0001227286187909099,2278,25
trec-covid,100,25,True,7,2407755,False,283.65440026086605,279.6469660092581,0.07925237672138058,0.034977685698280234,0.028322892139586005,0.009038591757960662,0.07884699908127624,0.034977685698280234,0.07925237672138058,0.07925237672138058,ad_probe,ad_probe,0.0,0.00040537764010434296,2290,25
trec-covid,100,25,True,8,2408755,False,277.15658466699387,279.6469660092581,0.07445866498172841,0.03283848666443554,0.025832658469303525,0.007631883057416182,0.07456316944493985,0.03283848666443554,0.07445866498172841,0.07445866498172841,ad_probe,ad_probe,0.0,0.00010450446321143281,2246,25
trec-covid,100,25,True,9,2409755,False,267.88476073500766,279.6469660092581,0.07154762012113752,0.0302695013172689,0.024490270179352746,0.006902873560901679,0.07236569313414877,0.0302695013172689,0.07154762012113752,0.07154762012113752,ad_probe,ad_probe,0.0,0.0008180730130112474,2328,25
trec-covid,100,25,True,10,2410755,False,277.15658466699387,279.6469660092581,0.07595113696519283,0.034309916584018295,0.02675462326215271,0.00867525667471937,0.07595113696519283,0.034309916584018295,0.07595113696519283,0.07595113696519283,ad_probe,ad_probe,0.0,0.0,2327,25
trec-covid,100,25,True,11,2411755,False,260.5709487838334,279.6469660092581,0.06719037026316209,0.02833061568466531,0.02384372693022801,0.006790822525226932,0.06839323230680218,0.02833061568466531,0.06719037026316209,0.06719037026316209,ad_probe,ad_probe,0.0,0.0012028620436400905,2230,25
trec-covid,100,25,True,12,2412755,False,305.6802229447549,279.6469660092581,0.06847567041724796,0.028645373204171837,0.02288623358267534,0.0059271488230305935,0.06713975360804646,0.028645373204171837,0.06847567041724796,0.06847567041724796,ad_probe,ad_probe,0.0,0.001335916809201504,2280,25
trec-covid,100,25,True,13,2413755,False,267.88476073500766,279.6469660092581,0.06853628142386921,0.028143456118009887,0.024923089277523812,0.006950244551709031,0.06908758052515614,0.028143456118009887,0.06853628142386921,0.06853628142386921,ad_probe,ad_probe,0.0,0.0005512991012869284,2255,25
trec-covid,100,25,True,14,2414755,False,319.80371106841994,279.6469660092581,0.07820553048472047,0.03135636896499592,0.02497103818648311,0.00696018289374975,0.07550522418864442,0.03135636896499592,0.07820553048472047,0.07820553048472047,ad_probe,ad_probe,0.0,0.002700306296076052,2262,25
trec-covid,100,25,True,15,2415755,False,283.65440026086605,279.6469660092581,0.07285564014532692,0.0313129569952197,0.025231831344602596,0.007617678415525949,0.07233692308759843,0.0313129569952197,0.07285564014532692,0.07285564014532692,ad_probe,ad_probe,0.0,0.0005187170577284905,2305,25
trec-covid,100,25,True,16,2416755,False,264.8729601675292,279.6469660092581,0.07165266181421989,0.03094530627637366,0.024952796025700233,0.007224800792283197,0.07253413160545637,0.03094530627637366,0.07165266181421989,0.07165266181421989,ad_probe,ad_probe,0.0,0.000881469791236475,2289,25
trec-covid,100,25,True,17,2417755,False,305.6802229447549,279.6469660092581,0.08105950389836725,0.0352218913513104,0.027541583321799026,0.00840738489681516,0.07878800288912569,0.0352218913513104,0.08105950389836725,0.08105950389836725,ad_probe,ad_probe,0.0,0.002271501009241561,2325,25
trec-covid,100,25,True,18,2418755,False,282.13734735152235,279.6469660092581,0.06455275918047983,0.029121377627554592,0.022197667714512755,0.007250105566001523,0.06417642682142269,0.029121377627554592,0.06455275918047983,0.06455275918047983,ad_probe,ad_probe,0.0,0.00037633235905713824,2232,25
trec-covid,100,25,True,19,2419755,False,232.3157992890183,279.6469660092581,0.05883812307331926,0.025616870755112823,0.022003269942460064,0.005344419524268229,0.061263480982287344,0.025616870755112823,0.05883812307331926,0.05883812307331926,ad_probe,ad_probe,0.0,0.0024253579089680843,2221,25
trec-covid,100,25,True,20,2420755,False,232.3157992890183,279.6469660092581,0.06426309885396722,0.026972165306312662,0.02384878395429029,0.006763312508579708,0.06789314777209439,0.026972165306312662,0.06426309885396722,0.06426309885396722,ad_probe,ad_probe,0.0,0.0036300489181271683,2242,25
trec-covid,100,25,True,21,2421755,False,264.8729601675292,279.6469660092581,0.059253501016498476,0.023148424534695157,0.021964725934980958,0.005881413446626409,0.060293195805136486,0.023148424534695157,0.059253501016498476,0.059253501016498476,ad_probe,ad_probe,0.0,0.0010396947886380098,2242,25
trec-covid,100,25,True,22,2422755,False,277.15658466699387,279.6469660092581,0.060251236152307895,0.025607146435762836,0.022539946415124988,0.007260632435798466,0.060251236152307895,0.025607146435762836,0.060251236152307895,0.060251236152307895,ad_probe,ad_probe,0.0,0.0,2205,25
trec-covid,100,25,True,23,2423755,False,319.80371106841994,279.6469660092581,0.07277578962954635,0.03025055646206722,0.02458510600829823,0.007252494092743291,0.06994415238885521,0.03025055646206722,0.07277578962954635,0.07277578962954635,ad_probe,ad_probe,0.0,0.0028316372406911455,2259,25
trec-covid,100,25,True,24,2424755,False,260.5709487838334,279.6469660092581,0.06597213473979313,0.02724469614135397,0.023543919290627775,0.007567058627933585,0.06777928608302455,0.02724469614135397,0.06597213473979313,0.06597213473979313,ad_probe,ad_probe,0.0,0.0018071513432314223,2300,25
trec-covid,100,25,True,25,2425755,False,277.15658466699387,279.6469660092581,0.06407664139645952,0.027274213866665075,0.020841337414448588,0.005775151917991665,0.06418114585967097,0.027274213866665075,0.06407664139645952,0.06407664139645952,ad_probe,ad_probe,0.0,0.00010450446321144669,2281,25
trec-covid,100,25,True,26,2426755,False,277.15658466699387,279.6469660092581,0.06253053079134721,0.025859682678797145,0.02333135849276404,0.006470537993564212,0.06263503525455866,0.025859682678797145,0.06253053079134721,0.06253053079134721,ad_probe,ad_probe,0.0,0.00010450446321144669,2207,25
trec-covid,100,25,True,27,2427755,False,277.15658466699387,279.6469660092581,0.07796316402484874,0.03179264951962,0.02623551502113679,0.007263965018679867,0.07800487413955155,0.03179264951962,0.07796316402484874,0.07796316402484874,ad_probe,ad_probe,0.0,4.171011470281705e-05,2253,25
trec-covid,100,25,True,28,2428755,False,232.85945990613448,279.6469660092581,0.06703894213179773,0.027778170581073392,0.024825803518267974,0.007220840403052254,0.0709192384998823,0.027778170581073392,0.06703894213179773,0.06703894213179773,ad_probe,ad_probe,0.0,0.003880296368084568,2242,25
trec-covid,100,25,True,29,2429755,False,264.8729601675292,279.6469660092581,0.06920481945434623,0.02840047917990188,0.024562779628721648,0.0073637809319389335,0.07039271946761858,0.02840047917990188,0.06920481945434623,0.06920481945434623,ad_probe,ad_probe,0.0,0.0011879000132723472,2267,25
trec-covid,100,25,True,30,2430755,False,282.13734735152235,279.6469660092581,0.07151636722552482,0.030393138115681752,0.023969591020161576,0.00757603868892989,0.07114003486646768,0.030393138115681752,0.07151636722552482,0.07151636722552482,ad_probe,ad_probe,0.0,0.00037633235905713824,2230,25
trec-covid,100,25,True,31,2431755,False,264.8729601675292,279.6469660092581,0.06728151104903461,0.028492555213103385,0.022728205452074282,0.008020513688624595,0.06780622216510837,0.028492555213103385,0.06728151104903461,0.06728151104903461,ad_probe,ad_probe,0.0,0.0005247111160737589,2244,25
trec-covid,100,25,True,32,2432755,False,277.15658466699387,279.6469660092581,0.06956842264990301,0.029372192235025314,0.023809031239022067,0.006865112936075776,0.06961013276460581,0.029372192235025314,0.06956842264990301,0.06956842264990301,ad_probe,ad_probe,0.0,4.171011470280317e-05,2262,25
trec-covid,100,25,True,33,2433755,False,260.5709487838334,279.6469660092581,0.0621071082265666,0.026672598007761485,0.02310467220342141,0.006920713972870688,0.06364165881286026,0.026672598007761485,0.0621071082265666,0.0621071082265666,ad_probe,ad_probe,0.0,0.001534550586293655,2241,25
trec-covid,100,25,True,34,2434755,False,305.6802229447549,279.6469660092581,0.0665145353759134,0.028024265264733866,0.022527037853415765,0.006280176612639159,0.06456860589353967,0.028024265264733866,0.0665145353759134,0.0665145353759134,ad_probe,ad_probe,0.0,0.0019459294823737233,2274,25
trec-covid,100,25,True,35,2435755,False,277.15658466699387,279.6469660092581,0.07391309594247017,0.031997586519058686,0.025100368106261293,0.007112198821588929,0.0739758902909788,0.031997586519058686,0.07391309594247017,0.07391309594247017,ad_probe,ad_probe,0.0,6.279434850862964e-05,2297,25
trec-covid,100,25,True,36,2436755,False,243.83419791769867,279.6469660092581,0.0657271154242914,0.027096505257787992,0.022002424353276345,0.005650723030086168,0.06799367085643042,0.027096505257787992,0.0657271154242914,0.0657271154242914,ad_probe,ad_probe,0.0,0.0022665554321390224,2258,25
trec-covid,100,25,True,37,2437755,False,305.6802229447549,279.6469660092581,0.08158155133563837,0.03579233634926007,0.027932756920924166,0.008801321795448729,0.07933085312181967,0.03579233634926007,0.08158155133563837,0.08158155133563837,ad_probe,ad_probe,0.0,0.0022506982138186943,2301,25
trec-covid,100,25,True,38,2438755,False,215.10847693738978,279.6469660092581,0.06525600996489014,0.029563870637047282,0.022448822256431866,0.006800950179398534,0.07007014160787833,0.029563870637047282,0.06525600996489014,0.06525600996489014,ad_probe,ad_probe,0.0,0.00481413164298819,2322,25
trec-covid,100,25,True,39,2439755,False,282.13734735152235,279.6469660092581,0.07172466968010446,0.02900767590891463,0.024131314996693916,0.007238187164924387,0.071457775208263,0.02900767590891463,0.07172466968010446,0.07172466968010446,ad_probe,ad_probe,0.0,0.0002668944718414584,2305,25
trec-covid,100,25,True,40,2440755,False,331.25548590837286,279.6469660092581,0.08559654283427359,0.035341580851453745,0.028604043317184615,0.00809298964314099,0.08202213977792606,0.035341580851453745,0.08559654283427359,0.08559654283427359,ad_probe,ad_probe,0.0,0.0035744030563475276,2338,25
trec-covid,100,25,True,41,2441755,False,232.3157992890183,279.6469660092581,0.057877430007195974,0.026671267607634802,0.022116157497718093,0.006508394899636913,0.060560717926213065,0.026671267607634802,0.057877430007195974,0.057877430007195974,ad_probe,ad_probe,0.0,0.002683287919017091,2256,25
trec-covid,100,25,True,42,2442755,False,264.8729601675292,279.6469660092581,0.06579167631207876,0.02802129289148171,0.022233720635382377,0.007190517191417953,0.06619350703425964,0.02802129289148171,0.06579167631207876,0.06579167631207876,ad_probe,ad_probe,0.0,0.00040183072218087645,2299,25
trec-covid,100,25,True,43,2443755,False,282.13734735152235,279.6469660092581,0.07087166675120886,0.032073579181892346,0.027902459495578003,0.008801264749758252,0.07065188653142865,0.032073579181892346,0.07087166675120886,0.07087166675120886,ad_probe,ad_probe,0.0,0.00021978021978021067,2302,25
trec-covid,100,25,True,44,2444755,False,329.1914471055841,279.6469660092581,0.07567880206831319,0.0301269910939165,0.024941371922904163,0.006760933338766781,0.07330502826870991,0.0301269910939165,0.07567880206831319,0.07567880206831319,ad_probe,ad_probe,0.0,0.002373773799603282,2298,25
trec-covid,100,25,True,45,2445755,False,283.65440026086605,279.6469660092581,0.06776459234874638,0.02944047079836121,0.023894258607933875,0.008595223713181275,0.06727737431875248,0.02944047079836121,0.06776459234874638,0.06776459234874638,ad_probe,ad_probe,0.0,0.00048721802999389385,2313,25
trec-covid,100,25,True,46,2446755,False,283.65440026086605,279.6469660092581,0.07951038123784324,0.03519240736462763,0.02703229537875008,0.009164652682607381,0.07884232621296272,0.03519240736462763,0.07951038123784324,0.07951038123784324,ad_probe,ad_probe,0.0,0.000668055024880515,2313,25
trec-covid,100,25,True,47,2447755,False,267.88476073500766,279.6469660092581,0.06476339269491689,0.027371772855596575,0.02264111874999786,0.0070710201010481585,0.06572362219493919,0.027371772855596575,0.06476339269491689,0.06476339269491689,ad_probe,ad_probe,0.0,0.0009602295000222943,2318,25
trec-covid,100,25,True,48,2448755,False,331.25548590837286,279.6469660092581,0.08541144744367284,0.03576633007665983,0.02805963996788639,0.009184282641360874,0.08104602954641507,0.03576633007665983,0.08541144744367284,0.08541144744367284,ad_probe,ad_probe,0.0,0.0043654178972577645,2284,25
trec-covid,100,25,True,49,2449755,False,215.10847693738978,279.6469660092581,0.0560652411414829,0.02327028753424857,0.021737091724240532,0.005259003392309609,0.059702246344598746,0.02327028753424857,0.0560652411414829,0.0560652411414829,ad_probe,ad_probe,0.0,0.0036370052031158492,2239,25
webis-touche2020,5,5,False,0,2000913,False,4.564934455225854,5.645255886542275,0.19599417438271088,0.2975310775745407,0.16669834585203525,0.13726168774964037,0.20462616738970388,0.2975310775745407,0.2975310775745407,0.2975310775745407,glob_probe,glob_probe,0.0,0.008631993006992994,349,44
webis-touche2020,5,5,False,1,2001913,False,4.009391064119737,5.645255886542275,0.19525283732714457,0.29761719452083557,0.1695873952084759,0.13742427631390877,0.2011579376615927,0.29761719452083557,0.29761719452083557,0.29761719452083557,glob_probe,glob_probe,0.0,0.005905100334448132,345,44
webis-touche2020,5,5,False,2,2002913,False,6.462627686321738,5.645255886542275,0.22311164022811392,0.31844019700144677,0.17877054297858022,0.15069097640126106,0.21798968683029843,0.31844019700144677,0.31844019700144677,0.31844019700144677,glob_probe,glob_probe,0.0,0.005121953397815487,344,44
webis-touche2020,5,5,False,3,2003913,False,7.646794251780517,5.645255886542275,0.22863891972848813,0.3124395360035939,0.17654344603462924,0.1481529987009129,0.2177816197071014,0.3124395360035939,0.3124395360035939,0.3124395360035939,glob_probe,glob_probe,0.0,0.01085730002138674,381,44
webis-touche2020,5,5,False,4,2004913,False,7.1164253332232965,5.645255886542275,0.2235655720346075,0.3088936207552658,0.17920763790678185,0.14327747331088048,0.21477418435590268,0.3088936207552658,0.3088936207552658,0.3088936207552658,glob_probe,glob_probe,0.0,0.008791387678704826,380,44
webis-touche2020,5,5,False,5,2005913,False,3.309036223181711,5.645255886542275,0.18278600507616635,0.2931023684599569,0.16893197119778874,0.1326531763125456,0.20190111504950697,0.2931023684599569,0.2931023684599569,0.2931023684599569,glob_probe,glob_probe,0.0,0.01911510997334062,342,44
webis-touche2020,5,5,False,6,2006913,False,4.870326102682317,5.645255886542275,0.19656206752295943,0.28411425009683855,0.16690367541949297,0.1410779691123384,0.200441001089393,0.28411425009683855,0.28411425009683855,0.28411425009683855,glob_probe,glob_probe,0.0,0.003878933566433568,352,44
webis-touche2020,5,5,False,7,2007913,False,8.603341623800244,5.645255886542275,0.23513900691342046,0.3098272821385319,0.18187449920753646,0.1471285665888512,0.21757256922568083,0.3098272821385319,0.3098272821385319,0.3098272821385319,glob_probe,glob_probe,0.0,0.017566437687739633,407,44
webis-touche2020,5,5,False,8,2008913,False,4.765127992072933,5.645255886542275,0.19766640078937406,0.2945608366937097,0.16434469511859714,0.1351694288886068,0.20383991477538804,0.2945608366937097,0.2945608366937097,0.2945608366937097,glob_probe,glob_probe,0.0,0.006173513986013984,367,44
webis-touche2020,5,5,False,9,2009913,False,4.009391064119737,5.645255886542275,0.19100631946097432,0.29343518866770674,0.16805265420180976,0.13722643370296456,0.1992060002150029,0.29343518866770674,0.29343518866770674,0.29343518866770674,glob_probe,glob_probe,0.0,0.008199680754028577,351,44
webis-touche2020,5,5,False,10,2010913,False,4.564934455225854,5.645255886542275,0.19078487013034442,0.29048608907022216,0.17068558668138134,0.1326893063830006,0.19941686313733745,0.29048608907022216,0.29048608907022216,0.29048608907022216,glob_probe,glob_probe,0.0,0.008631993006993022,324,44
webis-touche2020,5,5,False,11,2011913,False,6.601494578257402,5.645255886542275,0.22095938725980221,0.30851027783071455,0.17258120867055565,0.14404956859129084,0.21464126161318295,0.30851027783071455,0.30851027783071455,0.30851027783071455,glob_probe,glob_probe,0.0,0.006318125646619266,413,44
webis-touche2020,5,5,False,12,2012913,False,4.564934455225854,5.645255886542275,0.19146839712966093,0.2897434106959648,0.16690647106016046,0.1362778231294121,0.19922626426252804,0.2897434106959648,0.2897434106959648,0.2897434106959648,glob_probe,glob_probe,0.0,0.007757867132867108,360,44
webis-touche2020,5,5,False,13,2013913,False,5.665652208535664,5.645255886542275,0.19308856733893298,0.287896378056598,0.16290301599120197,0.12979292739966514,0.19308856733893298,0.287896378056598,0.287896378056598,0.287896378056598,glob_probe,glob_probe,0.0,0.0,377,44
webis-touche2020,5,5,False,14,2014913,False,6.934231235447276,5.645255886542275,0.22608015238643908,0.3097620180880729,0.17494016025951684,0.14853295929759175,0.2185676113212664,0.3097620180880729,0.3097620180880729,0.3097620180880729,glob_probe,glob_probe,0.0,0.007512541065172684,401,44
webis-touche2020,5,5,False,15,2015913,False,7.0335151610980065,5.645255886542275,0.21960517874615101,0.3011084948871359,0.172906992278073,0.1482832090478415,0.2117202919739471,0.3011084948871359,0.3011084948871359,0.3011084948871359,glob_probe,glob_probe,0.0,0.00788488677220392,379,44
webis-touche2020,5,5,False,16,2016913,False,5.019785465603418,5.645255886542275,0.2045998082909634,0.30227399605263705,0.17283414845522918,0.14547872186835434,0.21093722087837596,0.30227399605263705,0.30227399605263705,0.30227399605263705,glob_probe,glob_probe,0.0,0.0063374125874125775,373,44
webis-touche2020,5,5,False,17,2017913,False,4.874886661735552,5.645255886542275,0.19432882926998438,0.29106125046489156,0.1685883942094749,0.1388603402499727,0.19766143416508927,0.29106125046489156,0.29106125046489156,0.29106125046489156,glob_probe,glob_probe,0.0,0.003332604895104896,338,44
webis-touche2020,5,5,False,18,2018913,False,3.770279386288282,5.645255886542275,0.17662324557502315,0.2851112345716938,0.15884624242186857,0.12431569928487719,0.18548327141874468,0.2851112345716938,0.2851112345716938,0.2851112345716938,glob_probe,glob_probe,0.0,0.00886002584372153,343,44
webis-touche2020,5,5,False,19,2019913,False,3.5353672141551704,5.645255886542275,0.2051422839119091,0.3072240092747091,0.17734097741058752,0.1476074142543997,0.21869080308048758,0.3072240092747091,0.3072240092747091,0.3072240092747091,glob_probe,glob_probe,0.0,0.013548519168578466,430,44
webis-touche2020,5,5,False,20,2020913,False,6.462627686321738,5.645255886542275,0.21600301527893165,0.3054110220140674,0.1707308637895202,0.14532509400364488,0.21088106188111622,0.3054110220140674,0.3054110220140674,0.3054110220140674,glob_probe,glob_probe,0.0,0.005121953397815432,386,44
webis-touche2020,5,5,False,21,2021913,False,5.190269984268098,5.645255886542275,0.1974564904757088,0.296087897895195,0.16806345801260195,0.14060308449518732,0.2036300044617228,0.296087897895195,0.296087897895195,0.296087897895195,glob_probe,glob_probe,0.0,0.006173513986014012,348,44
webis-touche2020,5,5,False,22,2022913,False,7.6439186323348105,5.645255886542275,0.2218019148216303,0.3010407503207525,0.17379136388045727,0.14872136738073669,0.2158968993577913,0.3010407503207525,0.3010407503207525,0.3010407503207525,glob_probe,glob_probe,0.0,0.0059050154638390084,380,44
webis-touche2020,5,5,False,23,2023913,False,6.530253665397856,5.645255886542275,0.22056547091017942,0.30353375105043034,0.17338346456973666,0.14842195088813837,0.215443517512364,0.30353375105043034,0.30353375105043034,0.30353375105043034,glob_probe,glob_probe,0.0,0.005121953397815404,366,44
webis-touche2020,5,5,False,24,2024913,False,3.499643567566205,5.645255886542275,0.19238771511114464,0.2953782915866002,0.17230050158206822,0.1383775137201513,0.20636854653268752,0.2953782915866002,0.2953782915866002,0.2953782915866002,glob_probe,glob_probe,0.0,0.013980831421542883,343,44
webis-touche2020,5,5,False,25,2025913,False,3.309036223181711,5.645255886542275,0.18923118856979482,0.3019693764298357,0.17207259939822553,0.1424225923917703,0.20391275859823185,0.3019693764298357,0.3019693764298357,0.3019693764298357,glob_probe,glob_probe,0.0,0.014681570028437035,294,44
webis-touche2020,5,5,False,26,2026913,False,6.601494578257402,5.645255886542275,0.22179091222815586,0.3091204768104787,0.1749167443340964,0.14608776732066603,0.21547278658153654,0.3091204768104787,0.3091204768104787,0.3091204768104787,glob_probe,glob_probe,0.0,0.006318125646619321,372,44
webis-touche2020,5,5,False,27,2027913,False,5.190269984268098,5.645255886542275,0.20699193609069988,0.3045207529189592,0.17260389863258804,0.14624611570640034,0.21245522280398663,0.3045207529189592,0.3045207529189592,0.3045207529189592,glob_probe,glob_probe,0.0,0.005463286713286747,361,44
webis-touche2020,5,5,False,28,2028913,False,6.218209674473018,5.645255886542275,0.22272495914921314,0.30702363238122077,0.176183978449796,0.14806369172306102,0.21935125749964943,0.30702363238122077,0.30702363238122077,0.30702363238122077,glob_probe,glob_probe,0.0,0.003373701649563715,406,44
webis-touche2020,5,5,False,29,2029913,False,4.765127992072933,5.645255886542275,0.20440462304143028,0.29497892979954987,0.17431831833332706,0.1378894361540686,0.21145226290157015,0.29497892979954987,0.29497892979954987,0.29497892979954987,glob_probe,glob_probe,0.0,0.00704763986013987,355,44
webis-touche2020,5,5,False,30,2030913,False,7.00736953726596,5.645255886542275,0.22646778853058744,0.3138436634853076,0.17716387445678178,0.14720602900394322,0.21683465001013172,0.3138436634853076,0.3138436634853076,0.3138436634853076,glob_probe,glob_probe,0.0,0.00963313852045572,384,44
webis-touche2020,5,5,False,31,2031913,False,6.934231235447276,5.645255886542275,0.2266036546639381,0.30635946811411535,0.17815376111810807,0.15104257558429784,0.21950358678800813,0.30635946811411535,0.30635946811411535,0.30635946811411535,glob_probe,glob_probe,0.0,0.007100067875929955,418,44
webis-touche2020,5,5,False,32,2032913,False,4.765127992072933,5.645255886542275,0.18970844964960473,0.28751791879655986,0.16118954306062377,0.13200781777245024,0.19675608950974458,0.28751791879655986,0.28751791879655986,0.28751791879655986,glob_probe,glob_probe,0.0,0.007047639860139843,382,44
webis-touche2020,5,5,False,33,2033913,False,5.190269984268098,5.645255886542275,0.19916103593025428,0.2904692110265082,0.16892625262539657,0.14230762994973276,0.20533454991626823,0.2904692110265082,0.2904692110265082,0.2904692110265082,glob_probe,glob_probe,0.0,0.0061735139860139565,384,44
webis-touche2020,5,5,False,34,2034913,False,4.564934455225854,5.645255886542275,0.20597291435156942,0.30634388449752553,0.17254485441593512,0.14194787771251016,0.21460490735856244,0.30634388449752553,0.30634388449752553,0.30634388449752553,glob_probe,glob_probe,0.0,0.008631993006993022,339,44
webis-touche2020,5,5,False,35,2035913,False,9.298766216187149,5.645255886542275,0.2361215149886852,0.3059808155489303,0.1717520069125613,0.14307964068637838,0.21229690834003712,0.3059808155489303,0.3059808155489303,0.3059808155489303,glob_probe,glob_probe,0.0,0.023824606648648078,403,44
webis-touche2020,5,5,False,36,2036913,False,5.6144575707214175,5.645255886542275,0.20046400440187,0.2968561682663883,0.16658162904481502,0.13685877821551592,0.20221225615012176,0.2968561682663883,0.2968561682663883,0.2968561682663883,glob_probe,glob_probe,0.0,0.0017482517482517446,353,44
webis-touche2020,5,5,False,37,2037913,False,4.564934455225854,5.645255886542275,0.2154426113212664,0.3196014602551013,0.1820145513856321,0.14952363528826776,0.2240746043282594,0.3196014602551013,0.3196014602551013,0.3196014602551013,glob_probe,glob_probe,0.0,0.008631993006992994,361,44
webis-touche2020,5,5,False,38,2038913,False,6.934231235447276,5.645255886542275,0.21544031121811213,0.296081275729482,0.1724516505183834,0.14182300258763506,0.20714407109337837,0.296081275729482,0.296081275729482,0.296081275729482,glob_probe,glob_probe,0.0,0.008296240124733761,371,44
webis-touche2020,5,5,False,39,2039913,False,5.6144575707214175,5.645255886542275,0.20856522980185704,0.29404029219199823,0.16691653021175953,0.1412043745696262,0.2103134815501088,0.29404029219199823,0.29404029219199823,0.29404029219199823,glob_probe,glob_probe,0.0,0.0017482517482517446,396,44
webis-touche2020,5,5,False,40,2040913,False,8.603341623800244,5.645255886542275,0.23408867589365318,0.31250127909939274,0.1736784862037251,0.1479540175421794,0.21864283566119666,0.31250127909939274,0.31250127909939274,0.31250127909939274,glob_probe,glob_probe,0.0,0.015445840232456515,427,44
webis-touche2020,5,5,False,41,2041913,False,4.009391064119737,5.645255886542275,0.1999221263714336,0.2989648052434463,0.1743513812224619,0.14218826232789478,0.20812180712546224,0.2989648052434463,0.2989648052434463,0.2989648052434463,glob_probe,glob_probe,0.0,0.008199680754028632,349,44
webis-touche2020,5,5,False,42,2042913,False,4.009391064119737,5.645255886542275,0.16924064676650902,0.27745852543872157,0.15561099083135385,0.12034680633572109,0.1774403275205376,0.27745852543872157,0.27745852543872157,0.27745852543872157,glob_probe,glob_probe,0.0,0.008199680754028577,344,44
webis-touche2020,5,5,False,43,2043913,False,5.019785465603418,5.645255886542275,0.18660246013688145,0.29046929103972774,0.1591658046301516,0.12706481723153948,0.1936500999970213,0.29046929103972774,0.29046929103972774,0.29046929103972774,glob_probe,glob_probe,0.0,0.007047639860139843,366,44
webis-touche2020,5,5,False,44,2044913,False,5.6144575707214175,5.645255886542275,0.2122658288645927,0.30884306104561515,0.17266425494294435,0.14731678416837315,0.21401408061284444,0.30884306104561515,0.30884306104561515,0.30884306104561515,glob_probe,glob_probe,0.0,0.0017482517482517446,378,44
webis-touche2020,5,5,False,45,2045913,False,5.6144575707214175,5.645255886542275,0.20440677216042724,0.2932829870616281,0.16635937323045394,0.13994571321034568,0.20615502390867899,0.2932829870616281,0.2932829870616281,0.2932829870616281,glob_probe,glob_probe,0.0,0.0017482517482517446,374,44
webis-touche2020,5,5,False,46,2046913,False,5.011340112064225,5.645255886542275,0.19085326625884821,0.2905730634030878,0.16646659107482595,0.13297184788667796,0.19790090611898806,0.2905730634030878,0.2905730634030878,0.2905730634030878,glob_probe,glob_probe,0.0,0.007047639860139843,346,44
webis-touche2020,5,5,False,47,2047913,False,5.645255886542275,5.645255886542275,0.22245697531124958,0.3170651420841082,0.18039692236862226,0.15145392893682766,0.22245697531124958,0.3170651420841082,0.3170651420841082,0.3170651420841082,glob_probe,glob_probe,0.0,0.0,395,44
webis-touche2020,5,5,False,48,2048913,False,5.242211153101636,5.645255886542275,0.20893401575017084,0.3082471895258306,0.1777146845857653,0.1489388034534359,0.2128129493166044,0.3082471895258306,0.3082471895258306,0.3082471895258306,glob_probe,glob_probe,0.0,0.003878933566433568,366,44
webis-touche2020,5,5,False,49,2049913,False,7.00736953726596,5.645255886542275,0.20476932016029242,0.2948612698899109,0.16065188627296695,0.12777246978710224,0.1951361816398367,0.2948612698899109,0.2948612698899109,0.2948612698899109,glob_probe,glob_probe,0.0,0.00963313852045572,395,44
webis-touche2020,10,10,False,0,33,False,6.365441451972357,5.645255886542275,0.1757532337207603,0.25937763526000396,0.15258940727562095,0.115314803365314,0.17092428724725148,0.25937763526000396,0.25937763526000396,0.25937763526000396,glob_probe,glob_probe,0.0,0.004828946473508816,712,39
webis-touche2020,10,10,False,1,1033,False,5.636159133974798,5.645255886542275,0.2261686031939086,0.3228303528760246,0.1872160398282905,0.14920400192842562,0.2261686031939086,0.3228303528760246,0.3228303528760246,0.3228303528760246,glob_probe,glob_probe,0.0,0.0,740,39
webis-touche2020,10,10,False,2,2033,False,5.704239829370557,5.645255886542275,0.20197279079179445,0.29245297360730144,0.1731524323859676,0.136334859150376,0.20197279079179445,0.29245297360730144,0.29245297360730144,0.29245297360730144,glob_probe,glob_probe,0.0,0.0,691,39
webis-touche2020,10,10,False,3,3033,False,5.332520676072846,5.645255886542275,0.1862100000253149,0.2822893427194039,0.15805721360116257,0.12502003701750192,0.19058623276693226,0.2822893427194039,0.2822893427194039,0.2822893427194039,glob_probe,glob_probe,0.0,0.0043762327416173585,746,39
webis-touche2020,10,10,False,4,4033,False,7.486352349174595,5.645255886542275,0.22911500706811944,0.3045456374292849,0.17848799599390278,0.15108015930330426,0.2193552863655908,0.3045456374292849,0.3045456374292849,0.3045456374292849,glob_probe,glob_probe,0.0,0.009759720702528646,781,39
webis-touche2020,10,10,False,5,5033,False,6.365441451972357,5.645255886542275,0.22840219195862452,0.31285358166663585,0.17599643885776542,0.1489146025015504,0.22350775116674781,0.31285358166663585,0.31285358166663585,0.31285358166663585,glob_probe,glob_probe,0.0,0.004894440791876703,818,39
webis-touche2020,10,10,False,6,6033,False,5.45393168081865,5.645255886542275,0.21213760497233786,0.3040443802945039,0.18013668050639028,0.15423899259789275,0.21491127361139115,0.3040443802945039,0.3040443802945039,0.3040443802945039,glob_probe,glob_probe,0.0,0.0027736686390532894,728,39
webis-touche2020,10,10,False,7,7033,False,6.0979529369667596,5.645255886542275,0.1873379597293978,0.27878498185256867,0.1597787950378802,0.12068102054503235,0.1853655731416266,0.27878498185256867,0.27878498185256867,0.27878498185256867,glob_probe,glob_probe,0.0,0.0019723865877711855,708,39
webis-touche2020,10,10,False,8,8033,False,6.340418680397377,5.645255886542275,0.19160473001143982,0.2835114707276715,0.15523295766604692,0.12355152425165646,0.18874817012570225,0.2835114707276715,0.2835114707276715,0.2835114707276715,glob_probe,glob_probe,0.0,0.002856559885737575,771,39
webis-touche2020,10,10,False,9,9033,False,7.4566118934542835,5.645255886542275,0.2206638145084348,0.3037338780738246,0.16087929427670905,0.14156716245960238,0.2075303796478783,0.3037338780738246,0.3037338780738246,0.3037338780738246,glob_probe,glob_probe,0.0,0.013133434860556514,815,39
webis-touche2020,10,10,False,10,10033,False,6.69296403557467,5.645255886542275,0.21693844795517797,0.30599878817069787,0.18236589135130843,0.14193459045602067,0.2131322204531061,0.30599878817069787,0.30599878817069787,0.30599878817069787,glob_probe,glob_probe,0.0,0.0038062275020718794,748,39
webis-touche2020,10,10,False,11,11033,False,5.150266525843069,5.645255886542275,0.21305748299886829,0.3165014137906651,0.18687108251546086,0.14732067985499617,0.21841990903437128,0.3165014137906651,0.3165014137906651,0.3165014137906651,glob_probe,glob_probe,0.0,0.005362426035502993,696,39
webis-touche2020,10,10,False,12,12033,False,4.977698988170515,5.645255886542275,0.19133203121268774,0.2841081435852534,0.163428941877313,0.13546030260780326,0.19669445724819073,0.2841081435852534,0.2841081435852534,0.2841081435852534,glob_probe,glob_probe,0.0,0.005362426035502993,763,39
webis-touche2020,10,10,False,13,13033,False,5.417762935405186,5.645255886542275,0.20100032868346407,0.30281023869900126,0.16397671362981042,0.1361043939635806,0.20537656142508146,0.30281023869900126,0.30281023869900126,0.30281023869900126,glob_probe,glob_probe,0.0,0.004376232741617386,780,39
webis-touche2020,10,10,False,14,14033,False,4.820007326904243,5.645255886542275,0.17688320368789492,0.26441539031199635,0.15455234936772597,0.11949806574216804,0.1832318230172835,0.26441539031199635,0.26441539031199635,0.26441539031199635,glob_probe,glob_probe,0.0,0.006348619329388572,696,39
webis-touche2020,10,10,False,15,15033,False,4.390809749176253,5.645255886542275,0.17327936544336842,0.275329530527756,0.15198460110159714,0.11978580843881761,0.18141546011792464,0.275329530527756,0.275329530527756,0.275329530527756,glob_probe,glob_probe,0.0,0.008136094674556227,716,39
webis-touche2020,10,10,False,16,16033,False,5.427961096401881,5.645255886542275,0.1983510383585367,0.2915737614348984,0.1608794344965703,0.14106190569056126,0.20075488451238285,0.2915737614348984,0.2915737614348984,0.2915737614348984,glob_probe,glob_probe,0.0,0.0024038461538461453,696,39
webis-touche2020,10,10,False,17,17033,False,5.317121518162418,5.645255886542275,0.1902985303603463,0.2878143782313066,0.1672468157039324,0.129592463852562,0.19467476310196366,0.2878143782313066,0.2878143782313066,0.2878143782313066,glob_probe,glob_probe,0.0,0.0043762327416173585,700,39
webis-touche2020,10,10,False,18,18033,False,6.317383624258112,5.645255886542275,0.2305293351944882,0.32862415891531543,0.1794530617192548,0.1549634000959541,0.22672310769241633,0.32862415891531543,0.32862415891531543,0.32862415891531543,glob_probe,glob_probe,0.0,0.0038062275020718794,737,39
webis-touche2020,10,10,False,19,19033,False,7.181150613556193,5.645255886542275,0.24872998722710418,0.3348950691247065,0.19208997081464604,0.16340962062122383,0.23881149856394998,0.3348950691247065,0.3348950691247065,0.3348950691247065,glob_probe,glob_probe,0.0,0.009918488663154201,831,39
webis-touche2020,10,10,False,20,20033,False,4.877602219746976,5.645255886542275,0.17469540614846088,0.27332598980692235,0.15270619736224517,0.11249643264167081,0.18166039628652794,0.27332598980692235,0.27332598980692235,0.27332598980692235,glob_probe,glob_probe,0.0,0.006964990138067062,687,39
webis-touche2020,10,10,False,21,21033,False,5.105027724935757,5.645255886542275,0.1875971976701619,0.28736219869607244,0.16611165188760918,0.14092460326441159,0.19295962370566486,0.28736219869607244,0.28736219869607244,0.28736219869607244,glob_probe,glob_probe,0.0,0.005362426035502965,686,39
webis-touche2020,10,10,False,22,22033,False,5.443733519821956,5.645255886542275,0.202980065780258,0.3030520398187288,0.1664084559863019,0.14504771745539907,0.20575373441931127,0.3030520398187288,0.3030520398187288,0.3030520398187288,glob_probe,glob_probe,0.0,0.0027736686390532617,753,39
webis-touche2020,10,10,False,23,23033,False,7.340154706439262,5.645255886542275,0.22232532537093733,0.3138585758892166,0.17910458199313686,0.14939745757059925,0.2114910857920322,0.3138585758892166,0.3138585758892166,0.3138585758892166,glob_probe,glob_probe,0.0,0.010834239578905114,780,39
webis-touche2020,10,10,False,24,24033,False,5.1309983093525275,5.645255886542275,0.20225797735651702,0.2934478551210954,0.17233813083197125,0.14783216714128491,0.20762040339202,0.2934478551210954,0.2934478551210954,0.2934478551210954,glob_probe,glob_probe,0.0,0.005362426035502993,743,39
webis-touche2020,10,10,False,25,25033,False,5.443733519821956,5.645255886542275,0.1855088246468095,0.2782139992025196,0.15404287032323039,0.12951466262468536,0.18791267080065568,0.2782139992025196,0.2782139992025196,0.2782139992025196,glob_probe,glob_probe,0.0,0.002403846153846173,788,39
webis-touche2020,10,10,False,26,26033,False,4.872606382208934,5.645255886542275,0.18087671729679317,0.271274094286085,0.15245846746615177,0.12227591467386312,0.18586932084708901,0.271274094286085,0.271274094286085,0.271274094286085,glob_probe,glob_probe,0.0,0.004992603550295849,717,39
webis-touche2020,10,10,False,27,27033,False,5.736983899192982,5.645255886542275,0.19825141535967697,0.2851700244819624,0.15924169740551616,0.13018831006205503,0.1953293611555715,0.2851700244819624,0.2851700244819624,0.2851700244819624,glob_probe,glob_probe,0.0,0.002922054204105462,751,39
webis-touche2020,10,10,False,28,28033,False,5.417762935405186,5.645255886542275,0.2241743179249435,0.31127719177634294,0.17813960336245277,0.15853361633067636,0.22657816407878967,0.31127719177634294,0.31127719177634294,0.31127719177634294,glob_probe,glob_probe,0.0,0.002403846153846173,774,39
webis-touche2020,10,10,False,29,29033,False,6.768811601331908,5.645255886542275,0.2108783039408842,0.3046583743813228,0.1778307489885346,0.13884924509930982,0.20375016218572398,0.3046583743813228,0.3046583743813228,0.3046583743813228,glob_probe,glob_probe,0.0,0.007128141755160217,727,39
webis-touche2020,10,10,False,30,30033,False,6.473405619720531,5.645255886542275,0.22384901986893382,0.30723239062211094,0.16991102478197884,0.14836873629835898,0.21807040577909076,0.30723239062211094,0.30723239062211094,0.30723239062211094,glob_probe,glob_probe,0.0,0.005778614089843065,766,39
webis-touche2020,10,10,False,31,31033,False,4.167606920757068,5.645255886542275,0.20435149444461098,0.2964498453908875,0.17839058613903688,0.1407692335091371,0.21261622302706534,0.2964498453908875,0.2964498453908875,0.2964498453908875,glob_probe,glob_probe,0.0,0.008264728582454361,706,39
webis-touche2020,10,10,False,32,32033,False,5.916333622597218,5.645255886542275,0.22165109434947666,0.3125033697926312,0.1703096081782691,0.1524851818121696,0.22070142673314236,0.3125033697926312,0.3125033697926312,0.3125033697926312,glob_probe,glob_probe,0.0,0.0009496676163343043,745,39
webis-touche2020,10,10,False,33,33033,False,6.471621818367899,5.645255886542275,0.2155187042437266,0.2908982263211689,0.17262631576233287,0.1452971320538564,0.20974009015388348,0.2908982263211689,0.2908982263211689,0.2908982263211689,glob_probe,glob_probe,0.0,0.00577861408984312,792,39
webis-touche2020,10,10,False,34,34033,False,5.741206575962577,5.645255886542275,0.1978554564765783,0.29711859010402164,0.15969104706003373,0.1313530176300729,0.19493340227247283,0.29711859010402164,0.29711859010402164,0.29711859010402164,glob_probe,glob_probe,0.0,0.002922054204105462,708,39
webis-touche2020,10,10,False,35,35033,False,6.088221194274457,5.645255886542275,0.23249384098514417,0.32930431369781143,0.18500026971954384,0.15430351965336145,0.22957178678103865,0.32930431369781143,0.32930431369781143,0.32930431369781143,glob_probe,glob_probe,0.0,0.0029220542041055175,766,39
webis-touche2020,10,10,False,36,36033,False,5.030298043475208,5.645255886542275,0.18910361311441967,0.27955479711932096,0.15841208814791682,0.13462644731752973,0.19508240995860116,0.27955479711932096,0.27955479711932096,0.27955479711932096,glob_probe,glob_probe,0.0,0.005978796844181483,727,39
webis-touche2020,10,10,False,37,37033,False,3.911577395074885,5.645255886542275,0.1606367811821534,0.26024104937592646,0.14711482281552926,0.11509835160203952,0.1714902671610575,0.26024104937592646,0.26024104937592646,0.26024104937592646,glob_probe,glob_probe,0.0,0.010853485978904093,690,39
webis-touche2020,10,10,False,38,38033,False,6.439592630182473,5.645255886542275,0.2303067386450551,0.32277969260864603,0.17934529287085627,0.15219795588094115,0.2254122978531784,0.32277969260864603,0.32277969260864603,0.32277969260864603,glob_probe,glob_probe,0.0,0.004894440791876703,782,39
webis-touche2020,10,10,False,39,39033,False,6.339385523820141,5.645255886542275,0.2105684192638624,0.3016754738420251,0.17314001124644923,0.13259000189911965,0.2057394727903536,0.3016754738420251,0.3016754738420251,0.3016754738420251,glob_probe,glob_probe,0.0,0.004828946473508816,751,39
webis-touche2020,10,10,False,40,40033,False,5.267989155608991,5.645255886542275,0.18950563417271327,0.2794102673474387,0.16911009150445516,0.13473184389072748,0.19289567362044502,0.2794102673474387,0.2794102673474387,0.2794102673474387,glob_probe,glob_probe,0.0,0.003390039447731752,686,39
webis-touche2020,10,10,False,41,41033,False,5.014446638671499,5.645255886542275,0.2022151264813855,0.29325991931421475,0.1817157739927184,0.14308458212998115,0.2085637458107741,0.29325991931421475,0.29325991931421475,0.29325991931421475,glob_probe,glob_probe,0.0,0.0063486193293885995,719,39
webis-touche2020,10,10,False,42,42033,False,5.972785673755751,5.645255886542275,0.2161887128128726,0.29700643931857396,0.16912143938736324,0.14839180471154614,0.21435487189857197,0.29700643931857396,0.29700643931857396,0.29700643931857396,glob_probe,glob_probe,0.0,0.0018338409143006384,775,39
webis-touche2020,10,10,False,43,43033,False,5.655454047538969,5.645255886542275,0.21761729905359253,0.2997471788427019,0.17093687240521716,0.15343392571580097,0.21761729905359253,0.2997471788427019,0.2997471788427019,0.2997471788427019,glob_probe,glob_probe,0.0,0.0,786,39
webis-touche2020,10,10,False,44,44033,False,5.1309983093525275,5.645255886542275,0.19681787123470096,0.28653775510847096,0.16806045439822592,0.1421504698990971,0.20181047478499684,0.28653775510847096,0.28653775510847096,0.28653775510847096,glob_probe,glob_probe,0.0,0.0049926035502958765,668,39
webis-touche2020,10,10,False,45,45033,False,5.014446638671499,5.645255886542275,0.19946216125137262,0.2897467625860931,0.17351763665086672,0.14055813885332474,0.20500949852947914,0.2897467625860931,0.2897467625860931,0.2897467625860931,glob_probe,glob_probe,0.0,0.005547337278106523,715,39
webis-touche2020,10,10,False,46,46033,False,5.89588228126275,5.645255886542275,0.20574953435749985,0.297053901993655,0.17172690859202272,0.1448305881926637,0.20391569344319915,0.297053901993655,0.297053901993655,0.297053901993655,glob_probe,glob_probe,0.0,0.001833840914300694,730,39
webis-touche2020,10,10,False,47,47033,False,7.131508650730828,5.645255886542275,0.21998418470624584,0.30213212365376785,0.17662021748937717,0.14715508067293864,0.20908445080897287,0.30213212365376785,0.30213212365376785,0.30213212365376785,glob_probe,glob_probe,0.0,0.010899733897272973,745,39
webis-touche2020,10,10,False,48,48033,False,5.402363777494758,5.645255886542275,0.20189991928893702,0.3006457239779255,0.1690555400321662,0.1484046000420672,0.20467358792799029,0.3006457239779255,0.3006457239779255,0.3006457239779255,glob_probe,glob_probe,0.0,0.0027736686390532617,730,39
webis-touche2020,10,10,False,49,49033,False,6.310913553993689,5.645255886542275,0.2329412148217849,0.3130700409590986,0.18337323697249416,0.15400527955579024,0.22811226834827608,0.3130700409590986,0.3130700409590986,0.3130700409590986,glob_probe,glob_probe,0.0,0.004828946473508816,732,39
webis-touche2020,20,20,False,0,2200105,False,5.916333622597218,5.645255886542275,0.2200556787498024,0.3143101811456469,0.17117744076048846,0.15265989717782782,0.21758947889953595,0.3143101811456469,0.3143101811456469,0.3143101811456469,glob_probe,glob_probe,0.0,0.002466199850266443,1459,29
webis-touche2020,20,20,False,1,2201105,False,5.94193094150434,5.645255886542275,0.21017303214825708,0.29646578048849237,0.17096893709547,0.14397003706756725,0.2077068322979907,0.29646578048849237,0.29646578048849237,0.29646578048849237,glob_probe,glob_probe,0.0,0.0024661998502663873,1473,29
webis-touche2020,20,20,False,2,2202105,False,5.931732780507646,5.645255886542275,0.19982672220170858,0.301226206676943,0.16666419598540863,0.11854957017756809,0.19470800245754294,0.301226206676943,0.301226206676943,0.301226206676943,glob_probe,glob_probe,0.0,0.00511871974416564,1542,29
webis-touche2020,20,20,False,3,2203105,False,5.640054889628541,5.645255886542275,0.18410538592577994,0.27900375991286036,0.16102638769465186,0.1271113980516439,0.18410538592577994,0.27900375991286036,0.27900375991286036,0.27900375991286036,glob_probe,glob_probe,0.0,0.0,1517,29
webis-touche2020,20,20,False,4,2204105,False,6.317383624258112,5.645255886542275,0.24536308529199857,0.3384877997788261,0.1855378530529732,0.16335038819529935,0.2414334261899257,0.3384877997788261,0.3384877997788261,0.3384877997788261,glob_probe,glob_probe,0.0,0.00392965910207288,1518,29
webis-touche2020,20,20,False,5,2205105,False,5.349682240009426,5.645255886542275,0.19461112847678078,0.289754271869559,0.16697675264987835,0.13769543540200008,0.1967663008905739,0.289754271869559,0.289754271869559,0.289754271869559,glob_probe,glob_probe,0.0,0.0021551724137931216,1451,29
webis-touche2020,20,20,False,6,2206105,False,6.565874121827629,5.645255886542275,0.25463479340101336,0.3506111228957604,0.2002476964545646,0.15954027734051038,0.2495160736568477,0.3506111228957604,0.3506111228957604,0.3506111228957604,glob_probe,glob_probe,0.0,0.005118719744165667,1533,29
webis-touche2020,20,20,False,7,2207105,False,4.962217348079447,5.645255886542275,0.16807249454992923,0.2769187072470202,0.16101707680198488,0.12049775045473403,0.16915008075682578,0.2769187072470202,0.2769187072470202,0.2769187072470202,glob_probe,glob_probe,0.0,0.001077586206896547,1374,29
webis-touche2020,20,20,False,8,2208105,False,7.0749702471606515,5.645255886542275,0.2447349947261266,0.34801093858051246,0.1911316721615893,0.14843156015193837,0.23532599666050932,0.34801093858051246,0.34801093858051246,0.34801093858051246,glob_probe,glob_probe,0.0,0.009408998065617263,1562,29
webis-touche2020,20,20,False,9,2209105,False,5.402363777494758,5.645255886542275,0.20571196972949657,0.2909619760729209,0.16886195509770588,0.14611806149303655,0.2083644896233958,0.2909619760729209,0.2909619760729209,0.2909619760729209,glob_probe,glob_probe,0.0,0.0026525198938992245,1442,29
webis-touche2020,20,20,False,10,2210105,False,6.53206113228957,5.645255886542275,0.235053840598291,0.3223660773742331,0.18827111727722046,0.16227340790219955,0.22855974016839983,0.3223660773742331,0.3223660773742331,0.3223660773742331,glob_probe,glob_probe,0.0,0.006494100429891153,1539,29
webis-touche2020,20,20,False,11,2211105,False,5.443733519821956,5.645255886542275,0.1941808837403803,0.2794487608550972,0.16121634374317242,0.13616971677711046,0.1941808837403803,0.2794487608550972,0.2794487608550972,0.2794487608550972,glob_probe,glob_probe,0.0,0.0,1486,29
webis-touche2020,20,20,False,12,2212105,False,5.640054889628541,5.645255886542275,0.21924485098100494,0.3033017030250031,0.18054048992623825,0.1488076112381607,0.21924485098100494,0.3033017030250031,0.3033017030250031,0.3033017030250031,glob_probe,glob_probe,0.0,0.0,1505,29
webis-touche2020,20,20,False,13,2213105,False,6.317383624258112,5.645255886542275,0.23237065013479438,0.3203664680021897,0.18100123914650862,0.16141789022618347,0.23109351092662067,0.3203664680021897,0.3203664680021897,0.3203664680021897,glob_probe,glob_probe,0.0,0.001277139208173711,1501,29
webis-touche2020,20,20,False,14,2214105,False,6.041104891289436,5.645255886542275,0.18741971317593273,0.2810398322150359,0.16106361782459358,0.11912779234279086,0.18357813263994077,0.2810398322150359,0.2810398322150359,0.2810398322150359,glob_probe,glob_probe,0.0,0.0038415805359919564,1474,29
webis-touche2020,20,20,False,15,2215105,False,6.340418680397377,5.645255886542275,0.19018443439054275,0.26987575807623787,0.1638305111669229,0.14153599515026774,0.18899537374845,0.26987575807623787,0.26987575807623787,0.26987575807623787,glob_probe,glob_probe,0.0,0.0011890606420927596,1481,29
webis-touche2020,20,20,False,16,2216105,False,5.94193094150434,5.645255886542275,0.19996438293150035,0.2888156655668991,0.1646546157885689,0.13143690259466737,0.19996438293150035,0.2888156655668991,0.2888156655668991,0.2888156655668991,glob_probe,glob_probe,0.0,0.0,1494,29
webis-touche2020,20,20,False,17,2217105,False,6.041104891289436,5.645255886542275,0.21761167060625497,0.3094378883303114,0.16727156530925313,0.14822023733169942,0.21368201150418206,0.3094378883303114,0.3094378883303114,0.3094378883303114,glob_probe,glob_probe,0.0,0.003929659102072908,1508,29
webis-touche2020,20,20,False,18,2218105,False,6.317383624258112,5.645255886542275,0.21335432582018973,0.3083070557749801,0.17305527687072464,0.12484591820953053,0.20823560607602412,0.3083070557749801,0.3083070557749801,0.3083070557749801,glob_probe,glob_probe,0.0,0.005118719744165612,1546,29
webis-touche2020,20,20,False,19,2219105,False,6.041104891289436,5.645255886542275,0.22942261503295355,0.31493063093559087,0.17739944250591658,0.14813574595225953,0.2243038952887879,0.31493063093559087,0.31493063093559087,0.31493063093559087,glob_probe,glob_probe,0.0,0.00511871974416564,1495,29
webis-touche2020,20,20,False,20,2220105,False,7.16807780164017,5.645255886542275,0.2421664811461496,0.3254451599915091,0.18623730369927707,0.14283649523982145,0.23271501662902908,0.3254451599915091,0.3254451599915091,0.3254451599915091,glob_probe,glob_probe,0.0,0.009451464517120534,1633,29
webis-touche2020,20,20,False,21,2221105,False,6.565874121827629,5.645255886542275,0.252238492124035,0.34904774163886876,0.1911923621304032,0.17932986972509396,0.24914647088319344,0.34904774163886876,0.34904774163886876,0.34904774163886876,glob_probe,glob_probe,0.0,0.0030920212408415415,1506,29
webis-touche2020,20,20,False,22,2222105,False,4.9972850747349185,5.645255886542275,0.18837691760446715,0.27792518849507575,0.15773477368358974,0.11980141125597424,0.1990698884267483,0.27792518849507575,0.27792518849507575,0.27792518849507575,glob_probe,glob_probe,0.0,0.010692970822281156,1473,29
webis-touche2020,20,20,False,23,2223105,False,5.402363777494758,5.645255886542275,0.1983531128616674,0.2931427061642507,0.17377783764377486,0.12279465805349922,0.2042383913762563,0.2931427061642507,0.2931427061642507,0.2931427061642507,glob_probe,glob_probe,0.0,0.005885278514588893,1509,29
webis-touche2020,20,20,False,24,2224105,False,5.427961096401881,5.645255886542275,0.17632387401465707,0.2734398697306736,0.14600035785582582,0.11706066709054766,0.18220915252924594,0.2734398697306736,0.2734398697306736,0.2734398697306736,glob_probe,glob_probe,0.0,0.005885278514588865,1525,29
webis-touche2020,20,20,False,25,2225105,False,6.439592630182473,5.645255886542275,0.2570699145196049,0.3476236697598927,0.20689401283508255,0.18444888489326414,0.25176487473180653,0.3476236697598927,0.3476236697598927,0.3476236697598927,glob_probe,glob_probe,0.0,0.0053050397877983935,1478,29
webis-touche2020,20,20,False,26,2226105,False,5.0155627888338215,5.645255886542275,0.17786926131641156,0.2771552627379725,0.1505568017597013,0.13010455029934842,0.18856223213869275,0.2771552627379725,0.2771552627379725,0.2771552627379725,glob_probe,glob_probe,0.0,0.010692970822281184,1356,29
webis-touche2020,20,20,False,27,2227105,False,5.036947029539998,5.645255886542275,0.1925978352205254,0.2812536044159203,0.16641254538492065,0.1344208076947551,0.2011356336290135,0.2812536044159203,0.2812536044159203,0.2812536044159203,glob_probe,glob_probe,0.0,0.00853779840848809,1387,29
webis-touche2020,20,20,False,28,2228105,False,6.030906730292741,5.645255886542275,0.21708341856901414,0.3129674921310431,0.18280239877732407,0.1348275759874527,0.21324183803302219,0.3129674921310431,0.3129674921310431,0.3129674921310431,glob_probe,glob_probe,0.0,0.0038415805359919564,1482,29
webis-touche2020,20,20,False,29,2229105,False,5.216240568684867,5.645255886542275,0.1911938856613385,0.30348122518884846,0.17247436069574792,0.1417057066445414,0.19384640555523772,0.30348122518884846,0.30348122518884846,0.30348122518884846,glob_probe,glob_probe,0.0,0.0026525198938992245,1480,29
webis-touche2020,20,20,False,30,2230105,False,6.0979529369667596,5.645255886542275,0.20502906455299777,0.3024381961384416,0.1741159981132474,0.13556292042304455,0.1999103448088321,0.3024381961384416,0.3024381961384416,0.3024381961384416,glob_probe,glob_probe,0.0,0.005118719744165667,1479,29
webis-touche2020,20,20,False,31,2231105,False,7.14207186494981,5.645255886542275,0.2756631630625844,0.3661470859453719,0.2028296558257197,0.177057413676372,0.2673568461355779,0.3661470859453719,0.3661470859453719,0.3661470859453719,glob_probe,glob_probe,0.0,0.008306316927006507,1622,29
webis-touche2020,20,20,False,32,2232105,False,5.216240568684867,5.645255886542275,0.1855729641394278,0.26690731353446234,0.15057357334101956,0.13877126168838283,0.19013198270706708,0.26690731353446234,0.26690731353446234,0.26690731353446234,glob_probe,glob_probe,0.0,0.004559018567639267,1486,29
webis-touche2020,20,20,False,33,2233105,False,6.732242450422566,5.645255886542275,0.25889510698275947,0.35101801770355834,0.19675319656928952,0.16940329503287574,0.2519615052059259,0.35101801770355834,0.35101801770355834,0.35101801770355834,glob_probe,glob_probe,0.0,0.006933601776833553,1509,29
webis-touche2020,20,20,False,34,2234105,False,6.748071423709872,5.645255886542275,0.22053111998407343,0.296798475846916,0.17238610883529912,0.13676361512567248,0.21394894098810135,0.296798475846916,0.296798475846916,0.296798475846916,glob_probe,glob_probe,0.0,0.006582178995972077,1549,29
webis-touche2020,20,20,False,35,2235105,False,5.402363777494758,5.645255886542275,0.22719938116241511,0.30274891406378684,0.1841744125542822,0.15296923054418143,0.2293545535762082,0.30274891406378684,0.30274891406378684,0.30274891406378684,glob_probe,glob_probe,0.0,0.002155172413793094,1450,29
webis-touche2020,20,20,False,36,2236105,False,6.064139947428701,5.645255886542275,0.2571450494233008,0.341602379716353,0.19855482710336245,0.16840539080792793,0.2532153903212279,0.341602379716353,0.341602379716353,0.341602379716353,glob_probe,glob_probe,0.0,0.00392965910207288,1487,29
webis-touche2020,20,20,False,37,2237105,False,5.45393168081865,5.645255886542275,0.22410840780957192,0.3267629389477694,0.1917015644152836,0.15736291664944987,0.2299936863241608,0.3267629389477694,0.3267629389477694,0.3267629389477694,glob_probe,glob_probe,0.0,0.005885278514588893,1531,29
webis-touche2020,20,20,False,38,2238105,False,5.629856728631847,5.645255886542275,0.17915418409924444,0.2605594277076821,0.13721479045566093,0.11831692232938978,0.17915418409924444,0.2605594277076821,0.2605594277076821,0.2605594277076821,glob_probe,glob_probe,0.0,0.0,1535,29
webis-touche2020,20,20,False,39,2239105,False,6.015507572382312,5.645255886542275,0.1904943465173792,0.2743401480104316,0.1506967168987345,0.1255390192202359,0.18802814666711282,0.2743401480104316,0.2743401480104316,0.2743401480104316,glob_probe,glob_probe,0.0,0.0024661998502663873,1551,29
webis-touche2020,20,20,False,40,2240105,False,5.122189288872338,5.645255886542275,0.18809085960539257,0.2819580133378903,0.15618214703377872,0.13058990584687874,0.1926498781730318,0.2819580133378903,0.2819580133378903,0.2819580133378903,glob_probe,glob_probe,0.0,0.004559018567639239,1439,29
webis-touche2020,20,20,False,41,2241105,False,5.94193094150434,5.645255886542275,0.22814023904096128,0.3239236177173942,0.1876542544373296,0.15250650928081178,0.22421057993888838,0.3239236177173942,0.3239236177173942,0.3239236177173942,glob_probe,glob_probe,0.0,0.003929659102072908,1510,29
webis-touche2020,20,20,False,42,2242105,False,5.216240568684867,5.645255886542275,0.17271729994847926,0.2764520312044324,0.14230949519116062,0.12072670289972243,0.18208401082381084,0.2764520312044324,0.2764520312044324,0.2764520312044324,glob_probe,glob_probe,0.0,0.009366710875331585,1508,29
webis-touche2020,20,20,False,43,2243105,False,6.064139947428701,5.645255886542275,0.21639428934953897,0.3128760826449501,0.1706688083128913,0.145557827225604,0.21255270881354704,0.3128760826449501,0.3128760826449501,0.3128760826449501,glob_probe,glob_probe,0.0,0.0038415805359919286,1538,29
webis-touche2020,20,20,False,44,2244105,False,5.122189288872338,5.645255886542275,0.1890412256283887,0.2945616455492709,0.1648273328800132,0.13497176874215136,0.19492650414297757,0.2945616455492709,0.2945616455492709,0.2945616455492709,glob_probe,glob_probe,0.0,0.005885278514588865,1498,29
webis-touche2020,20,20,False,45,2245105,False,6.565874121827629,5.645255886542275,0.2267101335344297,0.3313936956701661,0.17617002142407648,0.15659772349051548,0.2197765317575962,0.3313936956701661,0.3313936956701661,0.3313936956701661,glob_probe,glob_probe,0.0,0.006933601776833498,1547,29
webis-touche2020,20,20,False,46,2246105,False,5.931732780507646,5.645255886542275,0.23132189853439264,0.317004477417129,0.17955179666183552,0.14958352170715414,0.22748031799840068,0.317004477417129,0.317004477417129,0.317004477417129,glob_probe,glob_probe,0.0,0.0038415805359919564,1498,29
webis-touche2020,20,20,False,47,2247105,False,5.036947029539998,5.645255886542275,0.18277556373496792,0.2622447812843307,0.15795001700999806,0.1282310818979211,0.19106468840340296,0.2622447812843307,0.2622447812843307,0.2622447812843307,glob_probe,glob_probe,0.0,0.008289124668435038,1472,29
webis-touche2020,20,20,False,48,2248105,False,5.100805048166162,5.645255886542275,0.17962434644937048,0.27144262226866045,0.16479342198355756,0.12852942210393903,0.18070193265626705,0.27144262226866045,0.27144262226866045,0.27144262226866045,glob_probe,glob_probe,0.0,0.0010775862068965747,1405,29
webis-touche2020,20,20,False,49,2249105,False,5.655454047538969,5.645255886542275,0.19704164218175593,0.30524361125616034,0.1686554189718809,0.12247058807050872,0.19704164218175593,0.30524361125616034,0.30524361125616034,0.30524361125616034,glob_probe,glob_probe,0.0,0.0,1443,29
webis-touche2020,50,24,True,0,2300702,False,5.402363777494758,5.645255886542275,0.2233881949277695,0.3176349844638958,0.17577916841541222,0.16261144725911184,0.22588819492776951,0.3176349844638958,0.3176349844638958,0.3176349844638958,glob_probe,glob_probe,0.0,0.0025000000000000022,1770,25
webis-touche2020,50,24,True,1,2301702,False,5.636159133974798,5.645255886542275,0.21679404244544237,0.30107318299524516,0.18592784967135487,0.15259421296411468,0.21679404244544237,0.30107318299524516,0.30107318299524516,0.30107318299524516,glob_probe,glob_probe,0.0,0.0,1693,25
webis-touche2020,50,24,True,2,2302702,False,6.40985212636521,5.645255886542275,0.20640378345823224,0.2780780813514021,0.17280557052565398,0.1347930375985969,0.20332686038130915,0.2780780813514021,0.2780780813514021,0.2780780813514021,glob_probe,glob_probe,0.0,0.003076923076923088,1817,25
webis-touche2020,50,24,True,3,2303702,False,5.1309983093525275,5.645255886542275,0.17881778871582343,0.29197833414248814,0.15882726439093378,0.12563637623201493,0.18160625025428498,0.29197833414248814,0.29197833414248814,0.29197833414248814,glob_probe,glob_probe,0.0,0.002788461538461545,1735,25
webis-touche2020,50,24,True,4,2304702,False,5.94193094150434,5.645255886542275,0.243702467257263,0.32537560563061746,0.18632262009293307,0.1695337741582189,0.24232315691243542,0.32537560563061746,0.32537560563061746,0.32537560563061746,glob_probe,glob_probe,0.0,0.0013793103448275779,1770,25
webis-touche2020,50,24,True,5,2305702,False,5.655454047538969,5.645255886542275,0.2158580237932102,0.3219145702614541,0.1920733988321147,0.14198782749334643,0.2158580237932102,0.3219145702614541,0.3219145702614541,0.3219145702614541,glob_probe,glob_probe,0.0,0.0,1756,25
webis-touche2020,50,24,True,6,2306702,False,6.064139947428701,5.645255886542275,0.19765099785449092,0.3010229201707193,0.16681088208790457,0.1357340797579053,0.19616951637300942,0.3010229201707193,0.3010229201707193,0.3010229201707193,glob_probe,glob_probe,0.0,0.0014814814814815003,1768,25
webis-touche2020,50,24,True,7,2307702,False,6.732242450422566,5.645255886542275,0.23381584188012744,0.3204749535040937,0.181447176516453,0.14255786237513252,0.22577286381900058,0.3204749535040937,0.3204749535040937,0.3204749535040937,glob_probe,glob_probe,0.0,0.00804297806112686,1843,25
webis-touche2020,50,24,True,8,2308702,False,5.629856728631847,5.645255886542275,0.19449526455058827,0.2918634551760141,0.16597560269656111,0.14232779649121013,0.19757218762751133,0.2918634551760141,0.2918634551760141,0.2918634551760141,glob_probe,glob_probe,0.0,0.0030769230769230604,1788,25
webis-touche2020,50,24,True,9,2309702,False,5.216240568684867,5.645255886542275,0.22564019169087143,0.3104471114518877,0.19586580834752257,0.16203780062536288,0.22814019169087144,0.3104471114518877,0.3104471114518877,0.3104471114518877,glob_probe,glob_probe,0.0,0.0025000000000000022,1792,25
webis-touche2020,50,24,True,10,2310702,False,6.317383624258112,5.645255886542275,0.1878821403794923,0.2886181630786534,0.14242185172682617,0.12010537169266473,0.18502134855318325,0.2886181630786534,0.2886181630786534,0.2886181630786534,glob_probe,glob_probe,0.0,0.0028607918263090504,1852,25
webis-touche2020,50,24,True,11,2311702,False,5.655454047538969,5.645255886542275,0.20582342695443379,0.294456752690833,0.1612550875671289,0.14265259530705754,0.20582342695443379,0.294456752690833,0.294456752690833,0.294456752690833,glob_probe,glob_probe,0.0,0.0,1783,25
webis-touche2020,50,24,True,12,2312702,False,5.317121518162418,5.645255886542275,0.19767221871172602,0.2834686500364923,0.1669241948058074,0.1440259160531068,0.2019991417886491,0.2834686500364923,0.2834686500364923,0.2834686500364923,glob_probe,glob_probe,0.0,0.004326923076923089,1816,25
webis-touche2020,50,24,True,13,2313702,False,5.0155627888338215,5.645255886542275,0.19635577800949988,0.2843415355517903,0.1607888760392671,0.1330846032068269,0.19760577800949988,0.2843415355517903,0.2843415355517903,0.2843415355517903,glob_probe,glob_probe,0.0,0.0012500000000000011,1777,25
webis-touche2020,50,24,True,14,2314702,False,5.12677563258293,5.645255886542275,0.18725603163481747,0.2901474407860843,0.15794740842286342,0.13289786837303327,0.18975603163481747,0.2901474407860843,0.2901474407860843,0.2901474407860843,glob_probe,glob_probe,0.0,0.0025000000000000022,1749,25
webis-touche2020,50,24,True,15,2315702,False,6.030906730292741,5.645255886542275,0.24586661339612612,0.3349467916408285,0.2023008239224419,0.16320666375646858,0.24278969031920306,0.3349467916408285,0.3349467916408285,0.3349467916408285,glob_probe,glob_probe,0.0,0.0030769230769230604,1786,25
webis-touche2020,50,24,True,16,2316702,False,6.53206113228957,5.645255886542275,0.23741751517405407,0.32456830492615696,0.20075705414474498,0.15383961927305578,0.22988435867538037,0.32456830492615696,0.32456830492615696,0.32456830492615696,glob_probe,glob_probe,0.0,0.007533156498673699,1750,25
webis-touche2020,50,24,True,17,2317702,False,6.0385426285215775,5.645255886542275,0.20394135332321192,0.30942284079475935,0.1696435296565402,0.1430049863489088,0.19800363841997978,0.30942284079475935,0.30942284079475935,0.30942284079475935,glob_probe,glob_probe,0.0,0.005937714903232139,1807,25
webis-touche2020,50,24,True,18,2318702,False,6.041104891289436,5.645255886542275,0.20548206219753531,0.2961941003015172,0.16695933492480808,0.13132190827075738,0.20240513912061225,0.2961941003015172,0.2961941003015172,0.2961941003015172,glob_probe,glob_probe,0.0,0.0030769230769230604,1815,25
webis-touche2020,50,24,True,19,2319702,False,5.704239829370557,5.645255886542275,0.20292903174010996,0.3027445483269932,0.17445207685982425,0.1282997675910585,0.20292903174010996,0.3027445483269932,0.3027445483269932,0.3027445483269932,glob_probe,glob_probe,0.0,0.0,1789,25
webis-touche2020,50,24,True,20,2320702,False,5.334283082098997,5.645255886542275,0.1803649702924168,0.2744075408147289,0.15816398975707094,0.12466204011061999,0.1816149702924168,0.2744075408147289,0.2744075408147289,0.2744075408147289,glob_probe,glob_probe,0.0,0.0012500000000000011,1733,25
webis-touche2020,50,24,True,21,2321702,False,6.804432057761681,5.645255886542275,0.236870369270198,0.3247128971013051,0.19066322685210224,0.1549974871451517,0.23241413584844736,0.3247128971013051,0.3247128971013051,0.3247128971013051,glob_probe,glob_probe,0.0,0.004456233421750638,1854,25
webis-touche2020,50,24,True,22,2322702,False,6.317383624258112,5.645255886542275,0.2132164912586675,0.30800812368613995,0.16883512368492248,0.13668691512741857,0.2072787763554354,0.30800812368613995,0.30800812368613995,0.30800812368613995,glob_probe,glob_probe,0.0,0.005937714903232111,1898,25
webis-touche2020,50,24,True,23,2323702,False,5.105027724935757,5.645255886542275,0.17850123587544506,0.26145442406264857,0.15518364388138248,0.1353091567202484,0.18225123587544506,0.26145442406264857,0.26145442406264857,0.26145442406264857,glob_probe,glob_probe,0.0,0.0037500000000000033,1668,25
webis-touche2020,50,24,True,24,2324702,False,6.439592630182473,5.645255886542275,0.2315377220245641,0.3101167682220314,0.18290799648694386,0.1623769924033082,0.22538387587071795,0.3101167682220314,0.3101167682220314,0.3101167682220314,glob_probe,glob_probe,0.0,0.006153846153846149,1838,25
webis-touche2020,50,24,True,25,2325702,False,6.496440675859796,5.645255886542275,0.2613270071637281,0.34503396999345304,0.19530702714374812,0.18806490509983576,0.25825008408680505,0.34503396999345304,0.34503396999345304,0.34503396999345304,glob_probe,glob_probe,0.0,0.0030769230769230327,1882,25
webis-touche2020,50,24,True,26,2326702,False,6.317383624258112,5.645255886542275,0.20219966272642645,0.3064089964283103,0.16926684660123278,0.13156604500627922,0.1962619478231943,0.3064089964283103,0.3064089964283103,0.3064089964283103,glob_probe,glob_probe,0.0,0.005937714903232139,1795,25
webis-touche2020,50,24,True,27,2327702,False,6.053941786432006,5.645255886542275,0.2151568084358941,0.3054259907385473,0.17191959082982844,0.14693013562269183,0.21070057501414347,0.3054259907385473,0.3054259907385473,0.3054259907385473,glob_probe,glob_probe,0.0,0.004456233421750638,1849,25
webis-touche2020,50,24,True,28,2328702,False,6.496440675859796,5.645255886542275,0.2513220150803039,0.3507300316545818,0.2135341200814556,0.16877325626019934,0.24686578165855322,0.3507300316545818,0.3507300316545818,0.3507300316545818,glob_probe,glob_probe,0.0,0.004456233421750666,1780,25
webis-touche2020,50,24,True,29,2329702,False,5.036947029539998,5.645255886542275,0.18323374376180943,0.2855634716251196,0.1464584227596282,0.12487383713786997,0.18977220530027097,0.2855634716251196,0.2855634716251196,0.2855634716251196,glob_probe,glob_probe,0.0,0.0065384615384615485,1818,25
webis-touche2020,50,24,True,30,2330702,False,6.675394404745242,5.645255886542275,0.24857555295120917,0.3350998412678989,0.1784713019390634,0.1577700461994445,0.24094022531588152,0.3350998412678989,0.3350998412678989,0.3350998412678989,glob_probe,glob_probe,0.0,0.007635327635327649,1895,25
webis-touche2020,50,24,True,31,2331702,False,6.767862906852339,5.645255886542275,0.28956336261067717,0.3794445944791214,0.224138082008926,0.20418482199812124,0.28340951645683105,0.3794445944791214,0.3794445944791214,0.3794445944791214,glob_probe,glob_probe,0.0,0.006153846153846121,1910,25
webis-touche2020,50,24,True,32,2332702,False,5.122189288872338,5.645255886542275,0.20762670003752248,0.30266874311287867,0.17533899450438084,0.1576656290046383,0.21041516157598406,0.30266874311287867,0.30266874311287867,0.30266874311287867,glob_probe,glob_probe,0.0,0.002788461538461573,1733,25
webis-touche2020,50,24,True,33,2333702,False,5.105027724935757,5.645255886542275,0.14975916960302477,0.2486150448082717,0.12296024257723748,0.11145173097892172,0.15629763114148632,0.2486150448082717,0.2486150448082717,0.2486150448082717,glob_probe,glob_probe,0.0,0.0065384615384615485,1724,25
webis-touche2020,50,24,True,34,2334702,False,5.94193094150434,5.645255886542275,0.23408044431102717,0.32385664017162197,0.18256029779088068,0.16847588760033233,0.2310035212341041,0.32385664017162197,0.32385664017162197,0.32385664017162197,glob_probe,glob_probe,0.0,0.003076923076923088,1819,25
webis-touche2020,50,24,True,35,2335702,False,5.334283082098997,5.645255886542275,0.1650096547559867,0.25942865283617506,0.14989810857547498,0.11729093443112827,0.1650096547559867,0.25942865283617506,0.25942865283617506,0.25942865283617506,glob_probe,glob_probe,0.0,0.0,1689,25
webis-touche2020,50,24,True,36,2336702,False,5.655454047538969,5.645255886542275,0.1850053997131329,0.29225546652387413,0.1663810311622938,0.12412572433773134,0.1850053997131329,0.29225546652387413,0.29225546652387413,0.29225546652387413,glob_probe,glob_probe,0.0,0.0,1801,25
webis-touche2020,50,24,True,37,2337702,False,5.428334361911527,5.645255886542275,0.15612030376507424,0.2649123152977619,0.14816549558340583,0.10940401553646945,0.15919722684199733,0.2649123152977619,0.2649123152977619,0.2649123152977619,glob_probe,glob_probe,0.0,0.003076923076923088,1798,25
webis-touche2020,50,24,True,38,2338702,False,6.064139947428701,5.645255886542275,0.23298943410253814,0.3285910027788478,0.191343457530091,0.15858857355633504,0.2284310295441336,0.3285910027788478,0.3285910027788478,0.3285910027788478,glob_probe,glob_probe,0.0,0.004558404558404533,1779,25
webis-touche2020,50,24,True,39,2339702,False,5.94193094150434,5.645255886542275,0.2304696833779483,0.31900434730512806,0.18057790848617342,0.16737778560809924,0.22898820189646682,0.31900434730512806,0.31900434730512806,0.31900434730512806,glob_probe,glob_probe,0.0,0.0014814814814814725,1787,25
webis-touche2020,50,24,True,40,2340702,False,6.041104891289436,5.645255886542275,0.15266244446887872,0.25260234808390686,0.1362338730403073,0.10983442660249768,0.14810403991047413,0.25260234808390686,0.25260234808390686,0.25260234808390686,glob_probe,glob_probe,0.0,0.0045584045584045885,1720,25
webis-touche2020,50,24,True,41,2341702,False,5.122189288872338,5.645255886542275,0.18525769327465383,0.2739428146348997,0.15296831598527658,0.13299942242538823,0.19179615481311538,0.2739428146348997,0.2739428146348997,0.2739428146348997,glob_probe,glob_probe,0.0,0.0065384615384615485,1741,25
webis-touche2020,50,24,True,42,2342702,False,5.640054889628541,5.645255886542275,0.18061819322897532,0.25710166159351777,0.1598379734487555,0.12424633307046822,0.18061819322897532,0.25710166159351777,0.25710166159351777,0.25710166159351777,glob_probe,glob_probe,0.0,0.0,1747,25
webis-touche2020,50,24,True,43,2343702,False,4.993062397965323,5.645255886542275,0.1285847533162111,0.23210365835443003,0.11590177856427086,0.08585034578001328,0.1329116763931342,0.23210365835443003,0.23210365835443003,0.23210365835443003,glob_probe,glob_probe,0.0,0.004326923076923089,1664,25
webis-touche2020,50,24,True,44,2344702,False,5.640054889628541,5.645255886542275,0.19606047514975367,0.2760951942694438,0.16629029162957015,0.13314038976483453,0.19606047514975367,0.2760951942694438,0.2760951942694438,0.2760951942694438,glob_probe,glob_probe,0.0,0.0,1732,25
webis-touche2020,50,24,True,45,2345702,False,4.993062397965323,5.645255886542275,0.16509882932261447,0.25914965521359384,0.14871913276644735,0.10167305816282798,0.17750267547646065,0.25914965521359384,0.25914965521359384,0.25914965521359384,glob_probe,glob_probe,0.0,0.012403846153846182,1782,25
webis-touche2020,50,24,True,46,2346702,False,6.340418680397377,5.645255886542275,0.22391093117833966,0.31243643920733466,0.18050596465452504,0.15040042561647085,0.22253162083351208,0.31243643920733466,0.31243643920733466,0.31243643920733466,glob_probe,glob_probe,0.0,0.0013793103448275779,1779,25
webis-touche2020,50,24,True,47,2347702,False,5.216240568684867,5.645255886542275,0.18632553066602064,0.28311335925462766,0.159917802854962,0.13372730737153943,0.19132553066602065,0.28311335925462766,0.28311335925462766,0.28311335925462766,glob_probe,glob_probe,0.0,0.0050000000000000044,1775,25
webis-touche2020,50,24,True,48,2348702,False,5.320218446201042,5.645255886542275,0.1942577777462015,0.28389415647593064,0.1757097865217397,0.12518186616880922,0.1980077777462015,0.28389415647593064,0.28389415647593064,0.28389415647593064,glob_probe,glob_probe,0.0,0.0037500000000000033,1776,25
webis-touche2020,50,24,True,49,2349702,False,6.53206113228957,5.645255886542275,0.24202330798805122,0.33635902366734016,0.18091574993811568,0.15245320984485072,0.23756707456630052,0.33635902366734016,0.33635902366734016,0.33635902366734016,glob_probe,glob_probe,0.0,0.004456233421750694,1870,25
webis-touche2020,100,24,True,0,2400120,False,5.216240568684867,5.645255886542275,0.2226108192147363,0.3188313030428389,0.1624104143564367,0.16200258901894388,0.22664928075319785,0.3188313030428389,0.3188313030428389,0.3188313030428389,glob_probe,glob_probe,0.0,0.004038461538461546,1783,25
webis-touche2020,100,24,True,1,2401120,False,6.970800386356618,5.645255886542275,0.2538876519189819,0.3351212816263967,0.1972893313941907,0.1527698081022889,0.24784776587909582,0.3351212816263967,0.3351212816263967,0.3351212816263967,glob_probe,glob_probe,0.0,0.006039886039886061,1836,25
webis-touche2020,100,24,True,2,2402120,False,6.565874121827629,5.645255886542275,0.23307339985362968,0.32683864313403727,0.20530311881976374,0.16022734493935198,0.22195349871557976,0.32683864313403727,0.32683864313403727,0.32683864313403727,glob_probe,glob_probe,0.0,0.01111990113804992,1768,25
webis-touche2020,100,24,True,3,2403120,False,5.931732780507646,5.645255886542275,0.2201874507713113,0.3003202346229672,0.16731321973918553,0.1457861784446789,0.2201874507713113,0.3003202346229672,0.3003202346229672,0.3003202346229672,glob_probe,glob_probe,0.0,0.0,1812,25
webis-touche2020,100,24,True,4,2404120,False,6.439592630182473,5.645255886542275,0.2151140713885131,0.3166879533488071,0.165672097754162,0.14163908720316043,0.20758091488983937,0.3166879533488071,0.3166879533488071,0.3166879533488071,glob_probe,glob_probe,0.0,0.0075331564986737265,1864,25
webis-touche2020,100,24,True,5,2405120,False,6.439592630182473,5.645255886542275,0.2470135549745292,0.32451814488642905,0.19029870947520094,0.161203931486271,0.24255732155277854,0.32451814488642905,0.32451814488642905,0.32451814488642905,glob_probe,glob_probe,0.0,0.004456233421750666,1858,25
webis-touche2020,100,24,True,6,2406120,False,5.332520676072846,5.645255886542275,0.21471210509775593,0.29729460485820697,0.17588291943420495,0.13896710403609042,0.22153902817467902,0.29729460485820697,0.29729460485820697,0.29729460485820697,glob_probe,glob_probe,0.0,0.0068269230769230915,1761,25
webis-touche2020,100,24,True,7,2407120,False,6.439592630182473,5.645255886542275,0.22568954410605374,0.30740383934925597,0.18086934237795724,0.14498615803165538,0.2180542164707261,0.30740383934925597,0.30740383934925597,0.30740383934925597,glob_probe,glob_probe,0.0,0.007635327635327649,1829,25
webis-touche2020,100,24,True,8,2408120,False,6.030906730292741,5.645255886542275,0.2082841483663704,0.3021792067347973,0.14804197493181948,0.15250147026462815,0.20542335654006133,0.3021792067347973,0.3021792067347973,0.3021792067347973,glob_probe,glob_probe,0.0,0.002860791826309078,1857,25
webis-touche2020,100,24,True,9,2409120,False,5.629856728631847,5.645255886542275,0.21523228624349233,0.30089810628093033,0.17109503119834255,0.14184861715013822,0.21523228624349233,0.30089810628093033,0.30089810628093033,0.30089810628093033,glob_probe,glob_probe,0.0,0.0,1781,25
webis-touche2020,100,24,True,10,2410120,False,5.216240568684867,5.645255886542275,0.2325684556714978,0.33493397392206115,0.19178326305193985,0.1559076084422699,0.23939537874842087,0.33493397392206115,0.33493397392206115,0.33493397392206115,glob_probe,glob_probe,0.0,0.006826923076923064,1791,25
webis-touche2020,100,24,True,11,2411120,False,5.45393168081865,5.645255886542275,0.2341662058720209,0.3453427639515246,0.19834000180038075,0.17620168049297139,0.238493128948944,0.3453427639515246,0.3453427639515246,0.3453427639515246,glob_probe,glob_probe,0.0,0.004326923076923117,1775,25
webis-touche2020,100,24,True,12,2412120,False,5.1309983093525275,5.645255886542275,0.17938507713053412,0.26471388481901104,0.1508535493721461,0.1264120420891184,0.18400046174591872,0.26471388481901104,0.26471388481901104,0.26471388481901104,glob_probe,glob_probe,0.0,0.0046153846153846045,1863,25
webis-touche2020,100,24,True,13,2413120,False,6.015507572382312,5.645255886542275,0.2483860187892127,0.3307582853714207,0.18998633619715263,0.1603096011788972,0.24244830388598057,0.3307582853714207,0.3307582853714207,0.3307582853714207,glob_probe,glob_probe,0.0,0.005937714903232139,1782,25
webis-touche2020,100,24,True,14,2414120,False,6.496440675859796,5.645255886542275,0.24710996651304903,0.3471401705561754,0.2001588124040002,0.16625695993033454,0.24403304343612597,0.3471401705561754,0.3471401705561754,0.3471401705561754,glob_probe,glob_probe,0.0,0.0030769230769230604,1840,25
webis-touche2020,100,24,True,15,2415120,False,5.428334361911527,5.645255886542275,0.19484601906670826,0.29992165182150377,0.16138313376945765,0.1336965722018219,0.19734601906670826,0.29992165182150377,0.29992165182150377,0.29992165182150377,glob_probe,glob_probe,0.0,0.0025000000000000022,1794,25
webis-touche2020,100,24,True,16,2416120,False,5.428334361911527,5.645255886542275,0.1697319350681176,0.24919562147075713,0.13999890510822738,0.11393704002433307,0.1697319350681176,0.24919562147075713,0.24919562147075713,0.24919562147075713,glob_probe,glob_probe,0.0,0.0,1803,25
webis-touche2020,100,24,True,17,2417120,False,6.983873198272642,5.645255886542275,0.22618721557777957,0.3356408086387222,0.19123099223455933,0.15248400984307567,0.2175235478614803,0.3356408086387222,0.3356408086387222,0.3356408086387222,glob_probe,glob_probe,0.0,0.008663667716299284,1852,25
webis-touche2020,100,24,True,18,2418120,False,5.629856728631847,5.645255886542275,0.19233149526348478,0.2844276895228548,0.1614734434099968,0.12869914147064507,0.19540841834040784,0.2844276895228548,0.2844276895228548,0.2844276895228548,glob_probe,glob_probe,0.0,0.0030769230769230604,1767,25
webis-touche2020,100,24,True,19,2419120,False,5.349682240009426,5.645255886542275,0.21765425645631595,0.3135757381210313,0.16493571201091126,0.15135826716719164,0.22015425645631595,0.3135757381210313,0.3135757381210313,0.3135757381210313,glob_probe,glob_probe,0.0,0.0025000000000000022,1780,25
webis-touche2020,100,24,True,20,2420120,False,4.9972850747349185,5.645255886542275,0.1572595807173139,0.23500414840594985,0.14243647199087434,0.10200745761420146,0.16129804225577543,0.23500414840594985,0.23500414840594985,0.23500414840594985,glob_probe,glob_probe,0.0,0.0040384615384615186,1685,25
webis-touche2020,100,24,True,21,2421120,False,4.924835672800986,5.645255886542275,0.21759214759854145,0.3090300056644091,0.1829143321752899,0.14667760675433308,0.2274959937523876,0.3090300056644091,0.3090300056644091,0.3090300056644091,glob_probe,glob_probe,0.0,0.009903846153846152,1775,25
webis-touche2020,100,24,True,22,2422120,False,6.0979529369667596,5.645255886542275,0.24031343198263375,0.3102978925821839,0.19043760193033316,0.17112219014689067,0.24031343198263375,0.3102978925821839,0.3102978925821839,0.3102978925821839,glob_probe,glob_probe,0.0,0.0,1818,25
webis-touche2020,100,24,True,23,2423120,False,6.439592630182473,5.645255886542275,0.19638370955109413,0.293837398322053,0.15660638161587145,0.12935748970820987,0.19330678647417102,0.293837398322053,0.293837398322053,0.293837398322053,glob_probe,glob_probe,0.0,0.003076923076923116,1790,25
webis-touche2020,100,24,True,24,2424120,False,5.317121518162418,5.645255886542275,0.18608584732995823,0.28187297703174435,0.14966729700807707,0.11586491938187994,0.1916627704068813,0.28187297703174435,0.28187297703174435,0.28187297703174435,glob_probe,glob_probe,0.0,0.005576923076923063,1861,25
webis-touche2020,100,24,True,25,2425120,False,6.496440675859796,5.645255886542275,0.23624536544653654,0.33904424342053907,0.18708785628902735,0.16675169841450632,0.23316844236961345,0.33904424342053907,0.33904424342053907,0.33904424342053907,glob_probe,glob_probe,0.0,0.003076923076923088,1818,25
webis-touche2020,100,24,True,26,2426120,False,5.94193094150434,5.645255886542275,0.2070258608581061,0.299879573381256,0.1835373934431681,0.14408117641022475,0.20554437937662462,0.299879573381256,0.299879573381256,0.299879573381256,glob_probe,glob_probe,0.0,0.0014814814814814725,1689,25
webis-touche2020,100,24,True,27,2427120,False,5.94193094150434,5.645255886542275,0.20027820607277164,0.2932299463288806,0.1587047632883755,0.14538358447861746,0.19741741424646253,0.2932299463288806,0.2932299463288806,0.2932299463288806,glob_probe,glob_probe,0.0,0.002860791826309106,1810,25
webis-touche2020,100,24,True,28,2428120,False,5.032724352770401,5.645255886542275,0.16581481062373513,0.25150290934797365,0.14025011233217657,0.10055548756692921,0.1726417337006582,0.25150290934797365,0.25150290934797365,0.25150290934797365,glob_probe,glob_probe,0.0,0.006826923076923064,1734,25
webis-touche2020,100,24,True,29,2429120,False,5.443733519821956,5.645255886542275,0.1863636547416329,0.27952453748078765,0.1558737128483602,0.12761991030163058,0.1876136547416329,0.27952453748078765,0.27952453748078765,0.27952453748078765,glob_probe,glob_probe,0.0,0.0012500000000000011,1773,25
webis-touche2020,100,24,True,30,2430120,False,5.417762935405186,5.645255886542275,0.19838145954891143,0.2785974372905296,0.1714838269058427,0.13756757764403477,0.20088145954891143,0.2785974372905296,0.2785974372905296,0.2785974372905296,glob_probe,glob_probe,0.0,0.0025000000000000022,1731,25
webis-touche2020,100,24,True,31,2431120,False,5.417762935405186,5.645255886542275,0.1809653787232196,0.28962984077144566,0.15824523525764003,0.13047225094344492,0.1847153787232196,0.28962984077144566,0.28962984077144566,0.28962984077144566,glob_probe,glob_probe,0.0,0.0037500000000000033,1777,25
webis-touche2020,100,24,True,32,2432120,False,5.100805048166162,5.645255886542275,0.21793618225749065,0.31282513459683775,0.17291743801188617,0.15069302901373166,0.21918618225749065,0.31282513459683775,0.31282513459683775,0.31282513459683775,glob_probe,glob_probe,0.0,0.0012500000000000011,1811,25
webis-touche2020,100,24,True,33,2433120,False,5.852419419711687,5.645255886542275,0.21518322395163153,0.3273522151335451,0.1709163463503886,0.1506104023255726,0.21370174247015009,0.3273522151335451,0.3273522151335451,0.3273522151335451,glob_probe,glob_probe,0.0,0.0014814814814814448,1821,25
webis-touche2020,100,24,True,34,2434120,False,5.94193094150434,5.645255886542275,0.23185270893263218,0.309396064104504,0.18509684225029496,0.14683851773877346,0.22877578585570912,0.309396064104504,0.309396064104504,0.309396064104504,glob_probe,glob_probe,0.0,0.0030769230769230604,1777,25
webis-touche2020,100,24,True,35,2435120,False,6.041104891289436,5.645255886542275,0.18273555390980348,0.27720012424770807,0.16660734878159833,0.12396370267483471,0.17817714935139894,0.27720012424770807,0.27720012424770807,0.27720012424770807,glob_probe,glob_probe,0.0,0.004558404558404533,1725,25
webis-touche2020,100,24,True,36,2436120,False,5.402363777494758,5.645255886542275,0.16660684270187567,0.2659037537163103,0.138776809126406,0.1150208760967275,0.17035684270187568,0.2659037537163103,0.2659037537163103,0.2659037537163103,glob_probe,glob_probe,0.0,0.0037500000000000033,1689,25
webis-touche2020,100,24,True,37,2437120,False,5.036947029539998,5.645255886542275,0.2127757477935833,0.31783030042008137,0.18388670500120965,0.1489145121491332,0.21989113240896793,0.31783030042008137,0.31783030042008137,0.31783030042008137,glob_probe,glob_probe,0.0,0.0071153846153846345,1816,25
webis-touche2020,100,24,True,38,2438120,False,5.94193094150434,5.645255886542275,0.20227356914434583,0.30455729754309646,0.16674938744369353,0.14351568703204187,0.20079208766286435,0.30455729754309646,0.30455729754309646,0.30455729754309646,glob_probe,glob_probe,0.0,0.0014814814814814725,1779,25
webis-touche2020,100,24,True,39,2439120,False,6.041104891289436,5.645255886542275,0.26008585324179617,0.3483334107425506,0.19573420489014784,0.1712079245094456,0.2586043717603147,0.3483334107425506,0.3483334107425506,0.3483334107425506,glob_probe,glob_probe,0.0,0.0014814814814814725,1835,25
webis-touche2020,100,24,True,40,2440120,False,5.629856728631847,5.645255886542275,0.14606668241147983,0.24652852298591735,0.13936868346804476,0.09387960009907782,0.1491436054884029,0.24652852298591735,0.24652852298591735,0.24652852298591735,glob_probe,glob_probe,0.0,0.003076923076923088,1713,25
webis-touche2020,100,24,True,41,2441120,False,5.443733519821956,5.645255886542275,0.25582967593271805,0.3538669396531804,0.20714172834143965,0.17552121900324888,0.2626565990096411,0.3538669396531804,0.3538669396531804,0.3538669396531804,glob_probe,glob_probe,0.0,0.006826923076923064,1833,25
webis-touche2020,100,24,True,42,2442120,False,5.122189288872338,5.645255886542275,0.205401374842484,0.30696979074883,0.16468832490257385,0.14778163385001453,0.20693983638094554,0.30696979074883,0.30696979074883,0.30696979074883,glob_probe,glob_probe,0.0,0.001538461538461544,1776,25
webis-touche2020,100,24,True,43,2443120,False,5.428334361911527,5.645255886542275,0.17369821136223074,0.28329910889427645,0.1434128152424693,0.12863637921283633,0.17744821136223074,0.28329910889427645,0.28329910889427645,0.28329910889427645,glob_probe,glob_probe,0.0,0.0037500000000000033,1730,25
webis-touche2020,100,24,True,44,2444120,False,5.036947029539998,5.645255886542275,0.15158641659960814,0.258025202410649,0.14373677518100123,0.09590756461896588,0.15995180121499275,0.258025202410649,0.258025202410649,0.258025202410649,glob_probe,glob_probe,0.0,0.008365384615384608,1821,25
webis-touche2020,100,24,True,45,2445120,False,6.439592630182473,5.645255886542275,0.2162768000708504,0.32028930566001507,0.1676560874501378,0.13879697025578033,0.21171839551244587,0.32028930566001507,0.32028930566001507,0.32028930566001507,glob_probe,glob_probe,0.0,0.004558404558404533,1891,25
webis-touche2020,100,24,True,46,2446120,False,5.417762935405186,5.645255886542275,0.19020092039347658,0.2922711718732021,0.15870964867534465,0.129104581120061,0.19145092039347658,0.2922711718732021,0.2922711718732021,0.2922711718732021,glob_probe,glob_probe,0.0,0.0012500000000000011,1724,25
webis-touche2020,100,24,True,47,2447120,False,5.417762935405186,5.645255886542275,0.23611592340694504,0.3307029850608371,0.19397392986162068,0.17516681060024714,0.23611592340694504,0.3307029850608371,0.3307029850608371,0.3307029850608371,glob_probe,glob_probe,0.0,0.0,1755,25
webis-touche2020,100,24,True,48,2448120,False,5.427961096401881,5.645255886542275,0.218587512799789,0.29472894942217637,0.17444137158468226,0.15053790114403923,0.218587512799789,0.29472894942217637,0.29472894942217637,0.29472894942217637,glob_probe,glob_probe,0.0,0.0,1837,25
webis-touche2020,100,24,True,49,2449120,False,6.496440675859796,5.645255886542275,0.22309366527615954,0.3161086965835249,0.17983190510650465,0.1584773365036523,0.21545833764083192,0.3161086965835249,0.3161086965835249,0.3161086965835249,glob_probe,glob_probe,0.0,0.007635327635327621,1806,25
dbpedia-entity,5,5,False,0,2000126,False,7.112425906176345,8.556703804572132,0.2307773882306969,0.2959820431343475,0.2544022957006294,0.1557153062272724,0.23786672010359997,0.2959820431343475,0.2544022957006294,0.2959820431343475,trunc,glob_probe,0.04157974743371812,0.00708933187290306,480,395
dbpedia-entity,5,5,False,1,2001126,False,6.3613012101547,8.556703804572132,0.228235244100261,0.2982383294736736,0.2571052366511671,0.1563349702564673,0.23916465504004747,0.2982383294736736,0.2982383294736736,0.2982383294736736,glob_probe,glob_probe,0.0,0.010929410939786471,525,395
dbpedia-entity,5,5,False,2,2002126,False,5.939214061821951,8.556703804572132,0.22220464759187059,0.2950853835899574,0.2540088007132013,0.15439830826683337,0.23623253263664842,0.2950853835899574,0.2950853835899574,0.2950853835899574,glob_probe,glob_probe,0.0,0.014027885044777838,468,395
dbpedia-entity,5,5,False,3,2003126,False,7.108104733148269,8.556703804572132,0.23144850947590598,0.2975012650392731,0.2567669295775492,0.15582956848524276,0.2382699423467329,0.2975012650392731,0.2975012650392731,0.2975012650392731,glob_probe,glob_probe,0.0,0.006821432870826927,466,395
dbpedia-entity,5,5,False,4,2004126,False,13.424327971903844,8.556703804572132,0.25713480233328856,0.2960863957109697,0.2560476094258077,0.15588654703140054,0.23752142177787747,0.2960863957109697,0.2960863957109697,0.2960863957109697,glob_probe,glob_probe,0.0,0.019613380555411092,426,395
dbpedia-entity,5,5,False,5,2005126,False,13.831457103176858,8.556703804572132,0.25559956079207624,0.29385757177826255,0.25305855809266714,0.1533035548059866,0.23477591855753863,0.29385757177826255,0.29385757177826255,0.29385757177826255,glob_probe,glob_probe,0.0,0.020823642234537615,457,395
dbpedia-entity,5,5,False,6,2006126,False,7.222179279226089,8.556703804572132,0.23006741427722832,0.29541220260882906,0.2549033606506432,0.15446742940801717,0.23666518786688368,0.29541220260882906,0.29541220260882906,0.29541220260882906,glob_probe,glob_probe,0.0,0.0065977735896553535,419,395
dbpedia-entity,5,5,False,7,2007126,False,29.79272953121444,8.556703804572132,0.29938630733027627,0.29902838026705847,0.2578354533843455,0.1568534298311443,0.23977530593325805,0.29902838026705847,0.29938630733027627,0.29938630733027627,ad_probe,ad_probe,0.0,0.05961100139701822,467,395
dbpedia-entity,5,5,False,8,2008126,False,2.867757930541724,8.556703804572132,0.19390063486253345,0.2960063155290512,0.25429682125989,0.15488812664878165,0.23652055318333712,0.2960063155290512,0.2960063155290512,0.2960063155290512,glob_probe,glob_probe,0.0,0.04261991832080367,477,395
dbpedia-entity,5,5,False,9,2009126,False,5.3608776085682806,8.556703804572132,0.2156345083510735,0.2960888532702026,0.2551549129469412,0.15443470837311885,0.23663960504328121,0.2960888532702026,0.2960888532702026,0.2960888532702026,glob_probe,glob_probe,0.0,0.02100509669220771,439,395
dbpedia-entity,5,5,False,10,2010126,False,12.683906337719687,8.556703804572132,0.25591126936033826,0.2980879124580324,0.25753896123232567,0.15634160696863367,0.2391245075017644,0.2980879124580324,0.2980879124580324,0.2980879124580324,glob_probe,glob_probe,0.0,0.016786761858573862,424,395
dbpedia-entity,5,5,False,11,2011126,False,4.282367604862707,8.556703804572132,0.20426114057289455,0.29455273677428906,0.25340320469483696,0.15464817603802752,0.2360857973777778,0.29455273677428906,0.29455273677428906,0.29455273677428906,glob_probe,glob_probe,0.0,0.03182465680488325,509,395
dbpedia-entity,5,5,False,12,2012126,False,12.642441941944087,8.556703804572132,0.25499568927087407,0.298063340095019,0.25697956504334923,0.1558087875783859,0.2385919620991324,0.298063340095019,0.298063340095019,0.298063340095019,glob_probe,glob_probe,0.0,0.016403727171741683,487,395
dbpedia-entity,5,5,False,13,2013126,False,2.588564832220329,8.556703804572132,0.1899167762549531,0.29590492522058875,0.25459100057168077,0.15474971823092906,0.23752675781158353,0.29590492522058875,0.29590492522058875,0.29590492522058875,glob_probe,glob_probe,0.0,0.04760998155663043,501,395
dbpedia-entity,5,5,False,14,2014126,False,14.719900487092447,8.556703804572132,0.2608943796239975,0.2963880956972474,0.25618208107535306,0.1551699918813573,0.23721910413804076,0.2963880956972474,0.2963880956972474,0.2963880956972474,glob_probe,glob_probe,0.0,0.023675275485956715,410,395
dbpedia-entity,5,5,False,15,2015126,False,6.358313269310505,8.556703804572132,0.22662748550953066,0.2968844309469299,0.2555705062980219,0.15467437163659517,0.23755689644931713,0.2968844309469299,0.2968844309469299,0.2968844309469299,glob_probe,glob_probe,0.0,0.010929410939786471,494,395
dbpedia-entity,5,5,False,16,2016126,False,17.02275953163889,8.556703804572132,0.27263912311721417,0.29871170108220585,0.2577306005275798,0.1568405918718663,0.2397275392020818,0.29871170108220585,0.29871170108220585,0.29871170108220585,glob_probe,glob_probe,0.0,0.03291158391513235,483,395
dbpedia-entity,5,5,False,17,2017126,False,5.77130886414607,8.556703804572132,0.2220927918828076,0.2966087925945022,0.2559378255505771,0.15606449530244804,0.23771508229820193,0.2966087925945022,0.2966087925945022,0.2966087925945022,glob_probe,glob_probe,0.0,0.015622290415394341,415,395
dbpedia-entity,5,5,False,18,2018126,False,9.800777352502353,8.556703804572132,0.24230484414922077,0.2958136782534185,0.25573920508130377,0.15557101679930932,0.23740913953639642,0.2958136782534185,0.2958136782534185,0.2958136782534185,glob_probe,glob_probe,0.0,0.0048957046128243475,413,395
dbpedia-entity,5,5,False,19,2019126,False,7.841657402659677,8.556703804572132,0.23226480141957304,0.2937450212830294,0.25253477354792486,0.1546390796491843,0.23548127110236544,0.2937450212830294,0.2937450212830294,0.2937450212830294,glob_probe,glob_probe,0.0,0.0032164696827924055,485,395
dbpedia-entity,5,5,False,20,2020126,False,6.913008560766825,8.556703804572132,0.22643829540768998,0.2943354884200017,0.2533517784106094,0.15260424033696468,0.23480156977269162,0.2943354884200017,0.2943354884200017,0.2943354884200017,glob_probe,glob_probe,0.0,0.008363274365001644,474,395
dbpedia-entity,5,5,False,21,2021126,False,3.201890728878434,8.556703804572132,0.19470215609329197,0.29530894259378604,0.2544772361486153,0.15401197679423334,0.2362649852784847,0.29530894259378604,0.29530894259378604,0.29530894259378604,glob_probe,glob_probe,0.0,0.04156282918519272,482,395
dbpedia-entity,5,5,False,22,2022126,False,20.955396687792973,8.556703804572132,0.2830133142615559,0.29783258611396113,0.25670456132713776,0.15609495118077482,0.23875885776506173,0.29783258611396113,0.29783258611396113,0.29783258611396113,glob_probe,glob_probe,0.0,0.04425445649649418,436,395
dbpedia-entity,5,5,False,23,2023126,False,4.633247492963462,8.556703804572132,0.20417150768675,0.2929866235626063,0.2517340721396285,0.15231818535360647,0.23415582861236595,0.2929866235626063,0.2929866235626063,0.2929866235626063,glob_probe,glob_probe,0.0,0.029984320925615954,448,395
dbpedia-entity,5,5,False,24,2024126,False,3.201890728878434,8.556703804572132,0.19457886166620006,0.2955144333056059,0.2542005086566979,0.1539215608810326,0.23629238404006067,0.2955144333056059,0.2955144333056059,0.2955144333056059,glob_probe,glob_probe,0.0,0.04171352237386061,513,395
dbpedia-entity,5,5,False,25,2025126,False,20.629089219201514,8.556703804572132,0.28114466801587307,0.29717978623678165,0.25580886865113384,0.15600924113326983,0.238297569431322,0.29717978623678165,0.28114466801587307,0.28114466801587307,ad_probe,ad_probe,0.016035118220908584,0.042847098584551074,475,395
dbpedia-entity,5,5,False,26,2026126,False,9.503453950474187,8.556703804572132,0.24037520439186674,0.29598949530312324,0.2558856576021208,0.15534000352541594,0.23737476023081205,0.29598949530312324,0.29598949530312324,0.29598949530312324,glob_probe,glob_probe,0.0,0.0030004441610546884,429,395
dbpedia-entity,5,5,False,27,2027126,False,7.710826903498392,8.556703804572132,0.23299428382850057,0.2971907400613632,0.2562731064362712,0.1555036042379211,0.23805077049007112,0.2971907400613632,0.2971907400613632,0.2971907400613632,glob_probe,glob_probe,0.0,0.005056486661570547,458,395
dbpedia-entity,5,5,False,28,2028126,False,15.472425425258436,8.556703804572132,0.26485663445722335,0.2975417309025237,0.2562632138839601,0.15512689563067114,0.23811145104900105,0.2975417309025237,0.2975417309025237,0.2975417309025237,glob_probe,glob_probe,0.0,0.026745183408222295,472,395
dbpedia-entity,5,5,False,29,2029126,False,10.784546473852446,8.556703804572132,0.2487613686066398,0.2978142234696568,0.25671575801816326,0.15607840215449117,0.23888290600575093,0.2978142234696568,0.2978142234696568,0.2978142234696568,glob_probe,glob_probe,0.0,0.009878462600888871,464,395
dbpedia-entity,5,5,False,30,2030126,False,5.939214061821951,8.556703804572132,0.2248002124321708,0.29792257146990664,0.2569928229380195,0.15585126342365985,0.2389495625266862,0.29792257146990664,0.29792257146990664,0.29792257146990664,glob_probe,glob_probe,0.0,0.0141493500945154,484,395
dbpedia-entity,5,5,False,31,2031126,False,19.454650303010247,8.556703804572132,0.27901863591698595,0.29706773232725936,0.2557148592849726,0.15559170508282236,0.23767366099095785,0.29706773232725936,0.2557148592849726,0.27901863591698595,trunc,ad_probe,0.04135287304228674,0.041344974926028094,481,395
dbpedia-entity,5,5,False,32,2032126,False,6.966330458505845,8.556703804572132,0.22867374734955953,0.2954159804223429,0.25556126815036884,0.1542098871820171,0.23638732074892144,0.2954159804223429,0.2954159804223429,0.2954159804223429,glob_probe,glob_probe,0.0,0.007713573399361906,446,395
dbpedia-entity,5,5,False,33,2033126,False,9.83287262525404,8.556703804572132,0.24249094921503506,0.29620202981598726,0.25595997282122535,0.1556670980442913,0.23764473913925116,0.29620202981598726,0.29620202981598726,0.29620202981598726,glob_probe,glob_probe,0.0,0.004846210075783897,445,395
dbpedia-entity,5,5,False,34,2034126,False,8.59824051326648,8.556703804572132,0.23719034375505588,0.29611914068901257,0.2553433306244871,0.15515850813282053,0.23712361886081967,0.29611914068901257,0.29611914068901257,0.29611914068901257,glob_probe,glob_probe,0.0,6.672489423620309e-05,474,395
dbpedia-entity,5,5,False,35,2035126,False,12.871464686146645,8.556703804572132,0.2561863375355785,0.2982848005996241,0.25748231950013434,0.15614207829142343,0.23914794385764582,0.2982848005996241,0.2982848005996241,0.2982848005996241,glob_probe,glob_probe,0.0,0.017038393677932695,445,395
dbpedia-entity,5,5,False,36,2036126,False,7.415623184497181,8.556703804572132,0.23283373388251435,0.29742852275563025,0.2564404721272165,0.15593745901243705,0.23871138645115167,0.29742852275563025,0.2564404721272165,0.29742852275563025,trunc,glob_probe,0.040988050628413764,0.005877652568637315,484,395
dbpedia-entity,5,5,False,37,2037126,False,14.734651113545178,8.556703804572132,0.2604409656300923,0.2959802122523975,0.25498274329969206,0.15387875031607015,0.23701434140758765,0.2959802122523975,0.2959802122523975,0.2959802122523975,glob_probe,glob_probe,0.0,0.023426624222504633,466,395
dbpedia-entity,5,5,False,38,2038126,False,9.62465908723943,8.556703804572132,0.24163622320273817,0.29810478370002896,0.2567908590511209,0.15530112426389814,0.2385158292794663,0.29810478370002896,0.29810478370002896,0.29810478370002896,glob_probe,glob_probe,0.0,0.0031203939232718747,509,395
dbpedia-entity,5,5,False,39,2039126,False,7.186342917054246,8.556703804572132,0.23191753378835897,0.2978207580414511,0.25673698298978126,0.1564810845117133,0.2386436770827639,0.2978207580414511,0.2978207580414511,0.2978207580414511,glob_probe,glob_probe,0.0,0.006726143294404935,469,395
dbpedia-entity,5,5,False,40,2040126,False,17.58818030749389,8.556703804572132,0.27254875622093694,0.2969410588159531,0.256060795676656,0.1558861206591264,0.23849782197260747,0.2969410588159531,0.256060795676656,0.2969410588159531,trunc,glob_probe,0.0408802631392971,0.03405093424832947,448,395
dbpedia-entity,5,5,False,41,2041126,False,4.140086921578022,8.556703804572132,0.20405560371733214,0.29567471225544184,0.2552325058437584,0.15382105689603495,0.23653470705928237,0.29567471225544184,0.29567471225544184,0.29567471225544184,glob_probe,glob_probe,0.0,0.03247910334195023,441,395
dbpedia-entity,5,5,False,42,2042126,False,4.478845733641898,8.556703804572132,0.20634499830837466,0.29575258763906925,0.25591486528542534,0.1553682154922442,0.23756884399112968,0.29575258763906925,0.29575258763906925,0.29575258763906925,glob_probe,glob_probe,0.0,0.03122384568275502,408,395
dbpedia-entity,5,5,False,43,2043126,False,11.359016463231494,8.556703804572132,0.25116085226500795,0.29787127477637143,0.2569570836384561,0.15599922339173977,0.23863336306991378,0.29787127477637143,0.29787127477637143,0.29787127477637143,glob_probe,glob_probe,0.0,0.012527489195094166,477,395
dbpedia-entity,5,5,False,44,2044126,False,20.602243376953922,8.556703804572132,0.2810491244268863,0.29654059233176494,0.2564587646997641,0.15586869204335363,0.23780601433850107,0.29654059233176494,0.29654059233176494,0.29654059233176494,glob_probe,glob_probe,0.0,0.04324311008838522,435,395
dbpedia-entity,5,5,False,45,2045126,False,6.00468901838235,8.556703804572132,0.22099093774695355,0.2938926539717339,0.2529677528737132,0.1539591166161375,0.23495414302500842,0.2938926539717339,0.2938926539717339,0.2938926539717339,glob_probe,glob_probe,0.0,0.013963205278054863,449,395
dbpedia-entity,5,5,False,46,2046126,False,12.262159638682068,8.556703804572132,0.2528859197099886,0.2964610956446733,0.2560111452774611,0.1553512142094201,0.23778540578624693,0.2964610956446733,0.2964610956446733,0.2964610956446733,glob_probe,glob_probe,0.0,0.015100513923741649,407,395
dbpedia-entity,5,5,False,47,2047126,False,7.200354056432774,8.556703804572132,0.23115043713997865,0.29737992365210897,0.2557463467848145,0.15528583654910572,0.2378765804343836,0.29737992365210897,0.2557463467848145,0.29737992365210897,trunc,glob_probe,0.041633576867294464,0.006726143294404935,475,395
dbpedia-entity,5,5,False,48,2048126,False,7.429049181421618,8.556703804572132,0.23216570183297988,0.2969855115120863,0.25643509901909556,0.15613415818346252,0.23774336982138533,0.2969855115120863,0.2969855115120863,0.2969855115120863,glob_probe,glob_probe,0.0,0.005577667988405449,445,395
dbpedia-entity,5,5,False,49,2049126,False,3.1520775170274002,8.556703804572132,0.1955020019373583,0.2965326588095909,0.25576227612036406,0.15538223833063408,0.23758018291488486,0.2965326588095909,0.2965326588095909,0.2965326588095909,glob_probe,glob_probe,0.0,0.04207818097752655,474,395
dbpedia-entity,10,10,False,0,457,False,16.19223452214245,8.556703804572132,0.2708653504794458,0.29900470375692983,0.2585574051167456,0.1574523763934219,0.24025909429898656,0.29900470375692983,0.29900470375692983,0.29900470375692983,glob_probe,glob_probe,0.0,0.030606256180459257,908,390
dbpedia-entity,10,10,False,1,1457,False,14.256714810022734,8.556703804572132,0.2607047017149708,0.29802269327322684,0.2570683803129692,0.15561510191736316,0.23842308015185662,0.29802269327322684,0.29802269327322684,0.29802269327322684,glob_probe,glob_probe,0.0,0.022281621563114168,921,390
dbpedia-entity,10,10,False,2,2457,False,8.219948957963078,8.556703804572132,0.23767148101042054,0.29765170403659347,0.2565539181117926,0.15613746593920824,0.23853067333862174,0.29765170403659347,0.29765170403659347,0.29765170403659347,glob_probe,glob_probe,0.0,0.0008591923282011971,939,390
dbpedia-entity,10,10,False,3,3457,False,9.828645836158993,8.556703804572132,0.24296132039361412,0.2970143097771641,0.25570601509112983,0.15570391813722922,0.23813809970305425,0.2970143097771641,0.2970143097771641,0.2970143097771641,glob_probe,glob_probe,0.0,0.004823220690559876,915,390
dbpedia-entity,10,10,False,4,4457,False,6.2604445419833015,8.556703804572132,0.22443581423443537,0.29601891549117154,0.2553531596528043,0.15364238280646317,0.2366049430844275,0.29601891549117154,0.29601891549117154,0.29601891549117154,glob_probe,glob_probe,0.0,0.012169128849992134,936,390
dbpedia-entity,10,10,False,5,5457,False,3.93508357334252,8.556703804572132,0.20125810316044837,0.2942246540387904,0.2530009566168406,0.151974874151775,0.2346448692867469,0.2942246540387904,0.2942246540387904,0.2942246540387904,glob_probe,glob_probe,0.0,0.03338676612629854,941,390
dbpedia-entity,10,10,False,6,6457,False,9.840781102010826,8.556703804572132,0.24403518125641907,0.29812618123573636,0.256737613242496,0.15627782044411123,0.23920646151569513,0.29812618123573636,0.29812618123573636,0.29812618123573636,glob_probe,glob_probe,0.0,0.004828719740723936,943,390
dbpedia-entity,10,10,False,7,7457,False,14.349484336808842,8.556703804572132,0.2611953002102835,0.2984048639598029,0.2567733973829693,0.15600892395519986,0.23903609360641107,0.2984048639598029,0.2984048639598029,0.2984048639598029,glob_probe,glob_probe,0.0,0.02215920660387241,928,390
dbpedia-entity,10,10,False,8,8457,False,9.77763656904028,8.556703804572132,0.24399137825729614,0.29885134864192453,0.25782724060265383,0.15650371223095633,0.23942738551827192,0.29885134864192453,0.29885134864192453,0.29885134864192453,glob_probe,glob_probe,0.0,0.00456399273902422,912,390
dbpedia-entity,10,10,False,9,9457,False,18.723858438122186,8.556703804572132,0.2786464182874178,0.2982507219901502,0.25788333480157977,0.1575671590158898,0.23932825670985708,0.2982507219901502,0.2982507219901502,0.2982507219901502,glob_probe,glob_probe,0.0,0.03931816157756074,847,390
dbpedia-entity,10,10,False,10,10457,False,14.258786644785825,8.556703804572132,0.2588873235729755,0.29584093928876076,0.2549103248522016,0.15442444025518726,0.2377834570034058,0.29584093928876076,0.29584093928876076,0.29584093928876076,glob_probe,glob_probe,0.0,0.021103866569569696,1005,390
dbpedia-entity,10,10,False,11,11457,False,7.404549471166934,8.556703804572132,0.23206431629182298,0.29606009117335674,0.2539473975317664,0.15468356537029782,0.23653831929287125,0.29606009117335674,0.29606009117335674,0.29606009117335674,glob_probe,glob_probe,0.0,0.004474003001048277,933,390
dbpedia-entity,10,10,False,12,12457,False,6.595515967718297,8.556703804572132,0.22549507806438865,0.29395809480616786,0.25339892265281566,0.15474904375626133,0.23539845833219114,0.29395809480616786,0.29395809480616786,0.29395809480616786,glob_probe,glob_probe,0.0,0.009903380267802492,912,390
dbpedia-entity,10,10,False,13,13457,False,10.964680935637467,8.556703804572132,0.24968700842426253,0.2976601476438471,0.2571252897141555,0.1552111476514899,0.23901323831034144,0.2976601476438471,0.2976601476438471,0.2976601476438471,glob_probe,glob_probe,0.0,0.010673770113921094,952,390
dbpedia-entity,10,10,False,14,14457,False,8.362266554058037,8.556703804572132,0.23821393018066878,0.29667901032149663,0.25684645736761436,0.15553479063811287,0.2386234936544792,0.29667901032149663,0.29667901032149663,0.29667901032149663,glob_probe,glob_probe,0.0,0.000409563473810437,874,390
dbpedia-entity,10,10,False,15,15457,False,14.006968434208996,8.556703804572132,0.2597075235702574,0.2972874395307274,0.2562962587628118,0.15681673567108595,0.23869495859276807,0.2972874395307274,0.2972874395307274,0.2972874395307274,glob_probe,glob_probe,0.0,0.021012564977489323,920,390
dbpedia-entity,10,10,False,16,16457,False,2.7633257676658145,8.556703804572132,0.18969954608201603,0.29200759759096473,0.2506829327603552,0.15149930983005686,0.23437671863398085,0.29200759759096473,0.29200759759096473,0.29200759759096473,glob_probe,glob_probe,0.0,0.04467717255196482,967,390
dbpedia-entity,10,10,False,17,17457,False,3.5371840193302293,8.556703804572132,0.19803370154360186,0.29454117512454225,0.2533767667041891,0.15286530494605197,0.23618278294004513,0.29454117512454225,0.29454117512454225,0.29454117512454225,glob_probe,glob_probe,0.0,0.03814908139644327,886,390
dbpedia-entity,10,10,False,18,18457,False,9.530810942401777,8.556703804572132,0.2425428744613249,0.2986588806657102,0.2571838100036611,0.15672946455532946,0.2397022760108472,0.2986588806657102,0.2986588806657102,0.2986588806657102,glob_probe,glob_probe,0.0,0.0028405984504776827,967,390
dbpedia-entity,10,10,False,19,19457,False,9.675569515241879,8.556703804572132,0.24098664333904926,0.2965178065180401,0.25561952916510017,0.15556419848689243,0.2376950377794229,0.2965178065180401,0.2965178065180401,0.2965178065180401,glob_probe,glob_probe,0.0,0.0032916055596263483,892,390
dbpedia-entity,10,10,False,20,20457,False,11.714259153751076,8.556703804572132,0.2519411547209169,0.2968012938698733,0.25615249691105196,0.15452288949439463,0.23764733710632463,0.2968012938698733,0.2968012938698733,0.2968012938698733,glob_probe,glob_probe,0.0,0.014293817614592252,942,390
dbpedia-entity,10,10,False,21,21457,False,26.854844413635625,8.556703804572132,0.29435516720461413,0.29739032491490147,0.2567228328148468,0.15466106507880154,0.23745404402506465,0.29739032491490147,0.29739032491490147,0.29739032491490147,glob_probe,glob_probe,0.0,0.056901123179549484,907,390
dbpedia-entity,10,10,False,22,22457,False,10.679252395493528,8.556703804572132,0.2462954370505773,0.2958629936187034,0.2548753374584359,0.15406055701462704,0.2369095991235177,0.2958629936187034,0.2958629936187034,0.2958629936187034,glob_probe,glob_probe,0.0,0.009385837927059604,940,390
dbpedia-entity,10,10,False,23,23457,False,6.609505437128217,8.556703804572132,0.22893983592091122,0.29864833920229455,0.2564842360322467,0.15650326992225222,0.23888900373450125,0.29864833920229455,0.2564842360322467,0.29864833920229455,trunc,glob_probe,0.04216410317004787,0.009949167813590037,947,390
dbpedia-entity,10,10,False,24,24457,False,5.851221818290108,8.556703804572132,0.22250940756513687,0.2960097065930737,0.25424187381929625,0.15550474883549584,0.236536595793858,0.2960097065930737,0.2960097065930737,0.2960097065930737,glob_probe,glob_probe,0.0,0.014027188228721121,900,390
dbpedia-entity,10,10,False,25,25457,False,9.402416206762268,8.556703804572132,0.23942489485516286,0.29556038659633993,0.2565473174178433,0.15550394998555905,0.23658588351124915,0.29556038659633993,0.29556038659633993,0.29556038659633993,glob_probe,glob_probe,0.0,0.0028390113439137055,847,390
dbpedia-entity,10,10,False,26,26457,False,11.223123857797248,8.556703804572132,0.2501630752867602,0.2967934489865804,0.25560262138118794,0.15576655342233905,0.23820143028997687,0.2967934489865804,0.2967934489865804,0.2967934489865804,glob_probe,glob_probe,0.0,0.011961644996783316,896,390
dbpedia-entity,10,10,False,27,27457,False,7.905546740320364,8.556703804572132,0.23683714670107994,0.2990919886346059,0.2576487055019597,0.15665275224322464,0.23968703369786043,0.2990919886346059,0.2990919886346059,0.2990919886346059,glob_probe,glob_probe,0.0,0.0028498869967804874,947,390
dbpedia-entity,10,10,False,28,28457,False,16.352544427302064,8.556703804572132,0.2692157077890829,0.29727708294780847,0.25610102696214054,0.15569315954910037,0.23842746869665699,0.29727708294780847,0.29727708294780847,0.29727708294780847,glob_probe,glob_probe,0.0,0.030788239092425895,937,390
dbpedia-entity,10,10,False,29,29457,False,12.229369473223418,8.556703804572132,0.25338388117213495,0.2980186943373556,0.256137396597172,0.1562972161720808,0.23816622161466028,0.2980186943373556,0.256137396597172,0.2980186943373556,trunc,glob_probe,0.04188129774018362,0.015217659557474672,1022,390
dbpedia-entity,10,10,False,30,30457,False,17.369404628495182,8.556703804572132,0.2707106844742989,0.29647332686170147,0.255161956303436,0.15480903342451804,0.23734045333763454,0.29647332686170147,0.2707106844742989,0.2707106844742989,ad_probe,ad_probe,0.025762642387402557,0.033370231136664374,907,390
dbpedia-entity,10,10,False,31,31457,False,4.611512636074837,8.556703804572132,0.20552509985464015,0.2959565782575026,0.25347196226694196,0.15395818728893432,0.2362279454852077,0.2959565782575026,0.25347196226694196,0.2959565782575026,trunc,glob_probe,0.04248461599056064,0.03070284563056755,963,390
dbpedia-entity,10,10,False,32,32457,False,5.13580557232637,8.556703804572132,0.21377440223254415,0.297401684712993,0.2558487554997073,0.15539277747352448,0.23742142583309978,0.297401684712993,0.297401684712993,0.297401684712993,glob_probe,glob_probe,0.0,0.023647023600555622,941,390
dbpedia-entity,10,10,False,33,33457,False,11.391976823931618,8.556703804572132,0.2512054579931257,0.29789028894503095,0.2570521396169626,0.15732391883437408,0.23878315950538634,0.29789028894503095,0.29789028894503095,0.29789028894503095,glob_probe,glob_probe,0.0,0.012422298487739375,878,390
dbpedia-entity,10,10,False,34,34457,False,5.7154143630660155,8.556703804572132,0.22243943658316614,0.29870064459902695,0.25723641897333255,0.1552638357101116,0.23905136936544238,0.29870064459902695,0.29870064459902695,0.29870064459902695,glob_probe,glob_probe,0.0,0.01661193278227624,949,390
dbpedia-entity,10,10,False,35,35457,False,9.007889107441404,8.556703804572132,0.23563851145965245,0.293687872666737,0.25362039991596913,0.1521724716799889,0.23417466567814252,0.293687872666737,0.293687872666737,0.293687872666737,glob_probe,glob_probe,0.0,0.0014638457815099315,922,390
dbpedia-entity,10,10,False,36,36457,False,3.6517712209167303,8.556703804572132,0.20121836716849548,0.29660027970282843,0.255397714994319,0.15425546245833224,0.2372097225155781,0.29660027970282843,0.29660027970282843,0.29660027970282843,glob_probe,glob_probe,0.0,0.035991355347082615,974,390
dbpedia-entity,10,10,False,37,37457,False,9.340790978476893,8.556703804572132,0.2391957715236322,0.29674459771964173,0.2548277118026251,0.15357025752523956,0.23661410274559996,0.29674459771964173,0.2548277118026251,0.29674459771964173,trunc,glob_probe,0.041916885917016644,0.002581668778032231,932,390
dbpedia-entity,10,10,False,38,38457,False,16.508617943908696,8.556703804572132,0.27152996048057254,0.2992875322913924,0.2581469762912841,0.15721659556940576,0.2396637316709442,0.2992875322913924,0.2992875322913924,0.2992875322913924,glob_probe,glob_probe,0.0,0.03186622880962833,878,390
dbpedia-entity,10,10,False,39,39457,False,7.377534288875179,8.556703804572132,0.2301446240859834,0.2936864525491719,0.25420778809695144,0.15358696126993499,0.23608650869397332,0.2936864525491719,0.2936864525491719,0.2936864525491719,glob_probe,glob_probe,0.0,0.005941884607989917,898,390
dbpedia-entity,10,10,False,40,40457,False,10.694742196912312,8.556703804572132,0.24348497706551223,0.2926304021368462,0.252236515929323,0.15399348659346437,0.23382102219366901,0.2926304021368462,0.2926304021368462,0.2926304021368462,glob_probe,glob_probe,0.0,0.009663954871843211,841,390
dbpedia-entity,10,10,False,41,41457,False,14.95444674352794,8.556703804572132,0.26296441202473425,0.29777140436004523,0.2569722034196931,0.1576602430393625,0.23910046080471337,0.29777140436004523,0.29777140436004523,0.29777140436004523,glob_probe,glob_probe,0.0,0.023863951220020885,936,390
dbpedia-entity,10,10,False,42,42457,False,7.67100467804884,8.556703804572132,0.23366206377867235,0.2958531462271461,0.2567570545649361,0.15640109504511748,0.23834427213782466,0.2958531462271461,0.2958531462271461,0.2958531462271461,glob_probe,glob_probe,0.0,0.004682208359152312,923,390
dbpedia-entity,10,10,False,43,43457,False,7.4205816428335485,8.556703804572132,0.23050643794958617,0.29270096605086493,0.2522748610999219,0.15512125793243678,0.23633233836287992,0.29270096605086493,0.29270096605086493,0.29270096605086493,glob_probe,glob_probe,0.0,0.005825900413293755,961,390
dbpedia-entity,10,10,False,44,44457,False,7.082012626316307,8.556703804572132,0.22825459441214985,0.2948366574200246,0.2537916018690243,0.15311591544666245,0.23547806173532393,0.2948366574200246,0.2948366574200246,0.2948366574200246,glob_probe,glob_probe,0.0,0.007223467323174082,899,390
dbpedia-entity,10,10,False,45,45457,False,5.8130029119186215,8.556703804572132,0.22044569935194563,0.294271279290783,0.2522388102020475,0.1531418340617567,0.2355395418364651,0.294271279290783,0.2522388102020475,0.294271279290783,trunc,glob_probe,0.04203246908873548,0.015093842484519476,881,390
dbpedia-entity,10,10,False,46,46457,False,12.20395522513962,8.556703804572132,0.25403671268845623,0.29727299842651167,0.256835002482571,0.1570135261775772,0.23889906135804864,0.29727299842651167,0.29727299842651167,0.29727299842651167,glob_probe,glob_probe,0.0,0.015137651330407592,949,390
dbpedia-entity,10,10,False,47,47457,False,15.959042966301478,8.556703804572132,0.270167015525226,0.30009912763901647,0.25858317261711683,0.15695148245614252,0.24051668173046567,0.30009912763901647,0.30009912763901647,0.30009912763901647,glob_probe,glob_probe,0.0,0.029650333794760314,946,390
dbpedia-entity,10,10,False,48,48457,False,6.237452447811569,8.556703804572132,0.22219425822230945,0.2938487565679866,0.25258634860195955,0.15189391522466222,0.23415276436167895,0.2938487565679866,0.2938487565679866,0.2938487565679866,glob_probe,glob_probe,0.0,0.011958506139369496,961,390
dbpedia-entity,10,10,False,49,49457,False,6.208874163779089,8.556703804572132,0.22384461313775098,0.2950639910885347,0.25372406374266265,0.15345321104866394,0.23617979028999367,0.2950639910885347,0.2950639910885347,0.2950639910885347,glob_probe,glob_probe,0.0,0.012335177152242693,959,390
dbpedia-entity,20,20,False,0,2200321,False,6.050191453667275,8.556703804572132,0.21768547335529045,0.2893645796343512,0.25071373662872287,0.1498259606127799,0.23085959815652518,0.2893645796343512,0.2893645796343512,0.2893645796343512,glob_probe,glob_probe,0.0,0.013174124801234727,1852,380
dbpedia-entity,20,20,False,1,2201321,False,9.842832793361247,8.556703804572132,0.24545563988863636,0.2998157307962423,0.2571687393432759,0.15719569865741248,0.2403955954681025,0.2998157307962423,0.2998157307962423,0.2998157307962423,glob_probe,glob_probe,0.0,0.005060044420533871,1845,380
dbpedia-entity,20,20,False,2,2202321,False,5.211932374981772,8.556703804572132,0.2143548245279718,0.29205380025592054,0.2512703245781141,0.1519756232019039,0.23344227791217512,0.29205380025592054,0.29205380025592054,0.29205380025592054,glob_probe,glob_probe,0.0,0.019087453384203312,1783,380
dbpedia-entity,20,20,False,3,2203321,False,5.861658948456537,8.556703804572132,0.22290101508604984,0.29759841499166173,0.2565196888862374,0.15495371215846723,0.23752087202662797,0.29759841499166173,0.29759841499166173,0.29759841499166173,glob_probe,glob_probe,0.0,0.01461985694057813,1727,380
dbpedia-entity,20,20,False,4,2204321,False,9.68059891295638,8.556703804572132,0.23705359241177434,0.2907584095119573,0.25226400947221483,0.1527254834600306,0.23379609925851758,0.2907584095119573,0.2907584095119573,0.2907584095119573,glob_probe,glob_probe,0.0,0.0032574931532567686,1840,380
dbpedia-entity,20,20,False,5,2205321,False,6.645438799774432,8.556703804572132,0.2268486760508558,0.29556557300620384,0.25551573049809295,0.15262091487173843,0.2371203241949551,0.29556557300620384,0.29556557300620384,0.29556557300620384,glob_probe,glob_probe,0.0,0.01027164814409931,1875,380
dbpedia-entity,20,20,False,6,2206321,False,10.18843571450248,8.556703804572132,0.243081424784378,0.294902397669596,0.2540516344757303,0.15403246049338354,0.23588378638389798,0.294902397669596,0.294902397669596,0.294902397669596,glob_probe,glob_probe,0.0,0.0071976384004800165,1799,380
dbpedia-entity,20,20,False,7,2207321,False,7.6084150605467045,8.556703804572132,0.22807237304704095,0.29138958071978927,0.2513858790884084,0.15196252471272453,0.23318718362807792,0.29138958071978927,0.29138958071978927,0.29138958071978927,glob_probe,glob_probe,0.0,0.005114810581036966,1783,380
dbpedia-entity,20,20,False,8,2208321,False,16.380911844396937,8.556703804572132,0.26812377561564793,0.29636139257580174,0.2559877413614707,0.15564509366961152,0.2379058911031489,0.29636139257580174,0.29636139257580174,0.29636139257580174,glob_probe,glob_probe,0.0,0.030217884512499044,1854,380
dbpedia-entity,20,20,False,9,2209321,False,12.615101501138726,8.556703804572132,0.25615391828351425,0.2982665219681833,0.2585562284396055,0.15744688902769813,0.23951463535266787,0.2982665219681833,0.2982665219681833,0.2982665219681833,glob_probe,glob_probe,0.0,0.016639282930846377,1837,380
dbpedia-entity,20,20,False,10,2210321,False,8.794262909867598,8.556703804572132,0.23860784095157778,0.2975566655512767,0.25729374465290045,0.1561385899693908,0.23781226347045645,0.2975566655512767,0.2975566655512767,0.2975566655512767,glob_probe,glob_probe,0.0,0.000795577481121329,1734,380
dbpedia-entity,20,20,False,11,2211321,False,12.312125329568403,8.556703804572132,0.25643555405991125,0.30029683943109275,0.2586143165105567,0.1579103983311334,0.24160536269582783,0.30029683943109275,0.30029683943109275,0.30029683943109275,glob_probe,glob_probe,0.0,0.014830191364083423,1928,380
dbpedia-entity,20,20,False,12,2212321,False,9.178657523133257,8.556703804572132,0.2395048553210036,0.29661039145898993,0.25549336223761193,0.15515843465222734,0.2373286450537757,0.29661039145898993,0.29661039145898993,0.29661039145898993,glob_probe,glob_probe,0.0,0.0021762102672278905,1771,380
dbpedia-entity,20,20,False,13,2213321,False,8.154533708382436,8.556703804572132,0.23132047250849233,0.2917647996985492,0.2516428529211451,0.15175829750985143,0.23310806356830807,0.2917647996985492,0.2917647996985492,0.2917647996985492,glob_probe,glob_probe,0.0,0.0017875910598157407,1795,380
dbpedia-entity,20,20,False,14,2214321,False,12.000729202587792,8.556703804572132,0.2562118015388399,0.3008199173229272,0.2596243294474155,0.15822525976364787,0.24088156357204746,0.3008199173229272,0.3008199173229272,0.3008199173229272,glob_probe,glob_probe,0.0,0.01533023796679242,1845,380
dbpedia-entity,20,20,False,15,2215321,False,7.563225043997786,8.556703804572132,0.2323314624213873,0.2956842531026847,0.2557543468632378,0.15683987209969658,0.23805614934162392,0.2956842531026847,0.2956842531026847,0.2956842531026847,glob_probe,glob_probe,0.0,0.005724686920236616,1855,380
dbpedia-entity,20,20,False,16,2216321,False,11.56371082937696,8.556703804572132,0.24717362489942257,0.2939223622463045,0.2512935915519081,0.15607027682218821,0.23439511001317456,0.2939223622463045,0.2939223622463045,0.2939223622463045,glob_probe,glob_probe,0.0,0.01277851488624801,1814,380
dbpedia-entity,20,20,False,17,2217321,False,10.147496435301566,8.556703804572132,0.2455275101100029,0.2976678714535547,0.2580366469922125,0.15649645525805492,0.2392064496414035,0.2976678714535547,0.2976678714535547,0.2976678714535547,glob_probe,glob_probe,0.0,0.006321060468599399,1857,380
dbpedia-entity,20,20,False,18,2218321,False,11.373062968204538,8.556703804572132,0.2530751247852661,0.30014288680683526,0.2587954393092798,0.15618325705840222,0.24014051896418168,0.30014288680683526,0.30014288680683526,0.30014288680683526,glob_probe,glob_probe,0.0,0.012934605821084438,1881,380
dbpedia-entity,20,20,False,19,2219321,False,4.358485632806868,8.556703804572132,0.2006608956573827,0.29280878696064083,0.25094812683004436,0.1515670572943895,0.23238571326591045,0.29280878696064083,0.29280878696064083,0.29280878696064083,glob_probe,glob_probe,0.0,0.031724817608527744,1886,380
dbpedia-entity,20,20,False,20,2220321,False,10.860475542139813,8.556703804572132,0.25076977369676157,0.29966975843848875,0.25735391836498483,0.15717464540408324,0.24080587040393145,0.29966975843848875,0.29966975843848875,0.29966975843848875,glob_probe,glob_probe,0.0,0.009963903292830117,1791,380
dbpedia-entity,20,20,False,21,2221321,False,5.70156593700869,8.556703804572132,0.2140465887147422,0.2896251743028405,0.24742605087393182,0.1497647469726189,0.23088913854790766,0.2896251743028405,0.2896251743028405,0.2896251743028405,glob_probe,glob_probe,0.0,0.016842549833165466,1842,380
dbpedia-entity,20,20,False,22,2222321,False,8.896667510843034,8.556703804572132,0.24044219295988206,0.2985789033028605,0.2584634708929914,0.15650872614283343,0.2394374237810822,0.2985789033028605,0.2985789033028605,0.2985789033028605,glob_probe,glob_probe,0.0,0.0010047691787998525,1785,380
dbpedia-entity,20,20,False,23,2223321,False,11.820739775520796,8.556703804572132,0.2550538100310545,0.29993098070005986,0.25912568030217475,0.15635219989756666,0.24092141080062016,0.29993098070005986,0.29993098070005986,0.29993098070005986,glob_probe,glob_probe,0.0,0.014132399230434328,1820,380
dbpedia-entity,20,20,False,24,2224321,False,9.107847265675984,8.556703804572132,0.24003599007747797,0.2976049183147053,0.2557770420238781,0.1547696988634067,0.2381445775318683,0.2976049183147053,0.2976049183147053,0.2976049183147053,glob_probe,glob_probe,0.0,0.0018914125456096775,1835,380
dbpedia-entity,20,20,False,25,2225321,False,13.383176285909867,8.556703804572132,0.25752402494440935,0.29645948540237366,0.2572601332595265,0.1565843269439852,0.23820670009571254,0.29645948540237366,0.29645948540237366,0.29645948540237366,glob_probe,glob_probe,0.0,0.019317324848696804,1796,380
dbpedia-entity,20,20,False,26,2226321,False,15.586479424346965,8.556703804572132,0.26636034524778524,0.2985061120711379,0.2573401065435127,0.15641750038101937,0.23871339742154962,0.2985061120711379,0.2985061120711379,0.2985061120711379,glob_probe,glob_probe,0.0,0.027646947826235613,1690,380
dbpedia-entity,20,20,False,27,2227321,False,4.713341481592506,8.556703804572132,0.20470393996947991,0.2939420607864239,0.2527924755386322,0.15186603974967816,0.23433575851239935,0.2939420607864239,0.2939420607864239,0.2939420607864239,glob_probe,glob_probe,0.0,0.029631818542919436,1767,380
dbpedia-entity,20,20,False,28,2228321,False,7.398905143983651,8.556703804572132,0.23293950172492944,0.29780651429810423,0.25639677220694546,0.15735394035803538,0.23877122000344003,0.29780651429810423,0.29780651429810423,0.29780651429810423,glob_probe,glob_probe,0.0,0.005831718278510589,1875,380
dbpedia-entity,20,20,False,29,2229321,False,12.918914831724292,8.556703804572132,0.2561081890216144,0.297177230210656,0.256070203926089,0.15527117340876334,0.23842022875132085,0.297177230210656,0.297177230210656,0.297177230210656,glob_probe,glob_probe,0.0,0.017687960270293568,1835,380
dbpedia-entity,20,20,False,30,2230321,False,5.648664734793195,8.556703804572132,0.2201150028902759,0.2944375944390756,0.2541412047494067,0.15387381966343852,0.2365490937338054,0.2944375944390756,0.2944375944390756,0.2944375944390756,glob_probe,glob_probe,0.0,0.01643409084352948,1781,380
dbpedia-entity,20,20,False,31,2231321,False,9.07962572393264,8.556703804572132,0.23996660932099345,0.2980601360206423,0.2559755682778522,0.15587105384052455,0.23790033150763926,0.2980601360206423,0.2980601360206423,0.2980601360206423,glob_probe,glob_probe,0.0,0.002066277813354195,1895,380
dbpedia-entity,20,20,False,32,2232321,False,5.519043176478599,8.556703804572132,0.21596153234448462,0.29616993279642095,0.25248985687447284,0.1528450358358025,0.2365430079598095,0.29616993279642095,0.25248985687447284,0.29616993279642095,trunc,glob_probe,0.043680075921948114,0.02058147561532489,1910,380
dbpedia-entity,20,20,False,33,2233321,False,8.89296177932286,8.556703804572132,0.2420094897715415,0.301533364735052,0.259219271118032,0.15843939241392274,0.2410047205927416,0.301533364735052,0.301533364735052,0.301533364735052,glob_probe,glob_probe,0.0,0.0010047691787998803,1925,380
dbpedia-entity,20,20,False,34,2234321,False,9.55181454401099,8.556703804572132,0.2360127811873658,0.29241355631185084,0.2504060774534774,0.15214799237585766,0.23305837212521688,0.29241355631185084,0.29241355631185084,0.29241355631185084,glob_probe,glob_probe,0.0,0.002954409062148916,1838,380
dbpedia-entity,20,20,False,35,2235321,False,6.966754147562366,8.556703804572132,0.2297836667129532,0.2955594953538585,0.25422952397173343,0.15374187115562543,0.2370546994632924,0.2955594953538585,0.2955594953538585,0.2955594953538585,glob_probe,glob_probe,0.0,0.007271032750339218,1859,380
dbpedia-entity,20,20,False,36,2236321,False,12.777685511933166,8.556703804572132,0.2573956694276602,0.299567688683073,0.25836345611870687,0.15644929712213965,0.2404835784447713,0.299567688683073,0.299567688683073,0.299567688683073,glob_probe,glob_probe,0.0,0.016912090982888872,1886,380
dbpedia-entity,20,20,False,37,2237321,False,9.197955585902932,8.556703804572132,0.23793745057069837,0.29616249669618844,0.253329067386915,0.1554101496468938,0.2359160390650804,0.29616249669618844,0.29616249669618844,0.29616249669618844,glob_probe,glob_probe,0.0,0.002021411505617965,1865,380
dbpedia-entity,20,20,False,38,2238321,False,8.093341469446127,8.556703804572132,0.23462449547640596,0.2970582913441566,0.2544471871085302,0.15314643642535564,0.23714398311064164,0.2970582913441566,0.2970582913441566,0.2970582913441566,glob_probe,glob_probe,0.0,0.0025194876342356787,1901,380
dbpedia-entity,20,20,False,39,2239321,False,9.947673023931952,8.556703804572132,0.24302435861220353,0.2962904911037312,0.25462317477852353,0.1536816328597934,0.2373634264935953,0.2962904911037312,0.2962904911037312,0.2962904911037312,glob_probe,glob_probe,0.0,0.005660932118608242,1848,380
dbpedia-entity,20,20,False,40,2240321,False,7.69558526555215,8.556703804572132,0.23351936354665093,0.2967757939551473,0.25727317582382003,0.15560130801137867,0.2379974145336885,0.2967757939551473,0.2967757939551473,0.2967757939551473,glob_probe,glob_probe,0.0,0.004478050987037574,1756,380
dbpedia-entity,20,20,False,41,2241321,False,12.429116317458437,8.556703804572132,0.2573468924401122,0.2982628978607383,0.2602557928179269,0.15908463440177117,0.24158928608344782,0.2982628978607383,0.2982628978607383,0.2982628978607383,glob_probe,glob_probe,0.0,0.0157576063566644,1834,380
dbpedia-entity,20,20,False,42,2242321,False,7.150059575316068,8.556703804572132,0.22753531406275626,0.292556829577132,0.2511915122912437,0.1526068331807373,0.23449766240398764,0.292556829577132,0.292556829577132,0.292556829577132,glob_probe,glob_probe,0.0,0.006962348341231384,1805,380
dbpedia-entity,20,20,False,43,2243321,False,7.31214782024035,8.556703804572132,0.2323634236926642,0.29835685079361196,0.2564309881815581,0.15638209947689602,0.23883377588850713,0.29835685079361196,0.29835685079361196,0.29835685079361196,glob_probe,glob_probe,0.0,0.006470352195842938,1796,380
dbpedia-entity,20,20,False,44,2244321,False,7.083426857854274,8.556703804572132,0.23285586271651762,0.2979222853517215,0.26000437583528546,0.15769132207527042,0.23999213548127546,0.2979222853517215,0.2979222853517215,0.2979222853517215,glob_probe,glob_probe,0.0,0.0071362727647578394,1810,380
dbpedia-entity,20,20,False,45,2245321,False,7.373560253657429,8.556703804572132,0.22660438644126268,0.29293148768881616,0.25120554786523963,0.14756566891205616,0.23270086073937693,0.29293148768881616,0.29293148768881616,0.29293148768881616,glob_probe,glob_probe,0.0,0.006096474298114246,1895,380
dbpedia-entity,20,20,False,46,2246321,False,8.722006020597018,8.556703804572132,0.24034906520641686,0.2974747990234614,0.2557670011254285,0.15777741565573475,0.23962228832832422,0.2974747990234614,0.2974747990234614,0.2974747990234614,glob_probe,glob_probe,0.0,0.0007267768780926387,1796,380
dbpedia-entity,20,20,False,47,2247321,False,7.744915041145448,8.556703804572132,0.23305043876930914,0.29570485627151555,0.2554670483724411,0.15547963110085644,0.23732978136515956,0.29570485627151555,0.29570485627151555,0.29570485627151555,glob_probe,glob_probe,0.0,0.004279342595850416,1858,380
dbpedia-entity,20,20,False,48,2248321,False,9.049400975873269,8.556703804572132,0.2412055308710417,0.2974052582687682,0.2559816394498865,0.15554649500021017,0.23926456634089557,0.2974052582687682,0.2974052582687682,0.2974052582687682,glob_probe,glob_probe,0.0,0.0019409645301461387,1840,380
dbpedia-entity,20,20,False,49,2249321,False,10.66154156069433,8.556703804572132,0.25040016094281103,0.2996770028497967,0.2602347438043455,0.1576186302043684,0.24093733680510632,0.2996770028497967,0.2996770028497967,0.2996770028497967,glob_probe,glob_probe,0.0,0.009462824137704717,1847,380
dbpedia-entity,50,50,False,0,2300030,False,5.497871305855269,8.556703804572132,0.20222119222660093,0.28153827408748805,0.2371564451337415,0.14170148747900227,0.22248836593035626,0.28153827408748805,0.28153827408748805,0.28153827408748805,glob_probe,glob_probe,0.0,0.02026717370375533,4640,350
dbpedia-entity,50,50,False,1,2301030,False,8.705233658739445,8.556703804572132,0.24674150495213898,0.30620769271973464,0.2641218304366965,0.16167424412571865,0.24617016939689781,0.30620769271973464,0.30620769271973464,0.30620769271973464,glob_probe,glob_probe,0.0,0.0005713355552411647,4592,350
dbpedia-entity,50,50,False,2,2302030,False,7.165142006187179,8.556703804572132,0.22686690466456924,0.29529442035501313,0.25317589173307403,0.15165744544041687,0.23368591194674918,0.29529442035501313,0.29529442035501313,0.29529442035501313,glob_probe,glob_probe,0.0,0.006819007282179934,4687,350
dbpedia-entity,50,50,False,3,2303030,False,7.847000015968376,8.556703804572132,0.23357711858439717,0.29693374738425704,0.25130432835072375,0.15504623387607125,0.23702231918444763,0.29693374738425704,0.29693374738425704,0.29693374738425704,glob_probe,glob_probe,0.0,0.003445200600050463,4622,350
dbpedia-entity,50,50,False,4,2304030,False,11.662594785333468,8.556703804572132,0.25638358253954197,0.301606060151555,0.26094530902559726,0.1591356133386073,0.2432092557714613,0.301606060151555,0.301606060151555,0.301606060151555,glob_probe,glob_probe,0.0,0.013174326768080669,4516,350
dbpedia-entity,50,50,False,5,2305030,False,8.921940874082335,8.556703804572132,0.23791713857909774,0.2942854990994732,0.25613551119690336,0.1553016030172372,0.2366502213723926,0.2942854990994732,0.2942854990994732,0.2942854990994732,glob_probe,glob_probe,0.0,0.0012669172067051315,4432,350
dbpedia-entity,50,50,False,6,2306030,False,12.765701248511,8.556703804572132,0.2571007157308335,0.2989683288282131,0.25852608491644635,0.15668526853244258,0.23915861614133718,0.2989683288282131,0.2989683288282131,0.2989683288282131,glob_probe,glob_probe,0.0,0.017942099589496302,4599,350
dbpedia-entity,50,50,False,7,2307030,False,8.138569037455412,8.556703804572132,0.22435404894429564,0.2836671786304183,0.24477590631159318,0.1463715619029143,0.22547464184464128,0.2836671786304183,0.2836671786304183,0.2836671786304183,glob_probe,glob_probe,0.0,0.001120592900345635,4508,350
dbpedia-entity,50,50,False,8,2308030,False,6.802204235125282,8.556703804572132,0.22847704842307612,0.2937480138301681,0.25231081635294067,0.15689724134421057,0.23699543336465995,0.2937480138301681,0.2937480138301681,0.2937480138301681,glob_probe,glob_probe,0.0,0.008518384941583829,4619,350
dbpedia-entity,50,50,False,9,2309030,False,7.513491788579795,8.556703804572132,0.22692838379017652,0.2915492139279293,0.24841455418339844,0.15420110544933935,0.2316657516623045,0.2915492139279293,0.2915492139279293,0.2915492139279293,glob_probe,glob_probe,0.0,0.004737367872127973,4485,350
dbpedia-entity,50,50,False,10,2310030,False,8.470077927920116,8.556703804572132,0.23387981915551714,0.2928131003055593,0.25143966838969806,0.1540616823399614,0.23420391475120222,0.2928131003055593,0.2928131003055593,0.2928131003055593,glob_probe,glob_probe,0.0,0.00032409559568508106,4510,350
dbpedia-entity,50,50,False,11,2311030,False,8.8362226011762,8.556703804572132,0.23998562900650272,0.2980547505883689,0.2578101821936292,0.16017336303171936,0.23923976210025963,0.2980547505883689,0.2980547505883689,0.2980547505883689,glob_probe,glob_probe,0.0,0.0007458669062430923,4578,350
dbpedia-entity,50,50,False,12,2312030,False,10.062455088679169,8.556703804572132,0.24181752007897966,0.29668996556104005,0.25482630843503457,0.15435394360897597,0.23634703571690968,0.29668996556104005,0.29668996556104005,0.29668996556104005,glob_probe,glob_probe,0.0,0.005470484362069983,4636,350
dbpedia-entity,50,50,False,13,2313030,False,7.085587444368311,8.556703804572132,0.23331616424597262,0.3003113722625674,0.26042603614365045,0.15947156618168834,0.24088747285006853,0.3003113722625674,0.3003113722625674,0.3003113722625674,glob_probe,glob_probe,0.0,0.007571308604095911,4570,350
dbpedia-entity,50,50,False,14,2314030,False,11.071781468541971,8.556703804572132,0.24582500351366693,0.29294109418612185,0.25219307506990357,0.15428181496624,0.234656454707971,0.29294109418612185,0.29294109418612185,0.29294109418612185,glob_probe,glob_probe,0.0,0.011168548805695927,4530,350
dbpedia-entity,50,50,False,15,2315030,False,8.54629655660966,8.556703804572132,0.23889424486730101,0.300862756178133,0.25949837902449296,0.1532674515050997,0.23889424486730101,0.300862756178133,0.300862756178133,0.300862756178133,glob_probe,glob_probe,0.0,0.0,4555,350
dbpedia-entity,50,50,False,16,2316030,False,11.314394031866005,8.556703804572132,0.26050495213023694,0.30751155755277537,0.2661506128962137,0.1610292503165943,0.2472300814945988,0.30751155755277537,0.30751155755277537,0.30751155755277537,glob_probe,glob_probe,0.0,0.013274870635638147,4607,350
dbpedia-entity,50,50,False,17,2317030,False,10.804225198638415,8.556703804572132,0.25568439640669005,0.3076683602098966,0.2658132526621135,0.15945324047710588,0.24463676421830835,0.3076683602098966,0.3076683602098966,0.3076683602098966,glob_probe,glob_probe,0.0,0.0110476321883817,4575,350
dbpedia-entity,50,50,False,18,2318030,False,10.137115924551587,8.556703804572132,0.25415638122721657,0.3053596371935741,0.2650894620714366,0.16308899720367714,0.248085373348146,0.3053596371935741,0.3053596371935741,0.3053596371935741,glob_probe,glob_probe,0.0,0.006071007879070556,4543,350
dbpedia-entity,50,50,False,19,2319030,False,10.31028994266099,8.556703804572132,0.2512862432408754,0.3045370641630248,0.26039533946394966,0.1585071473019699,0.24374519757479415,0.3045370641630248,0.3045370641630248,0.3045370641630248,glob_probe,glob_probe,0.0,0.007541045666081242,4622,350
dbpedia-entity,50,50,False,20,2320030,False,10.740893391985457,8.556703804572132,0.2538886304830016,0.3002844268622907,0.26028818209289367,0.1587167247869612,0.24346041876878705,0.3002844268622907,0.3002844268622907,0.3002844268622907,glob_probe,glob_probe,0.0,0.010428211714214541,4653,350
dbpedia-entity,50,50,False,21,2321030,False,9.50203245033947,8.556703804572132,0.2425262569293133,0.2974976140327089,0.2571464142046987,0.16010107115118816,0.23984525261841866,0.2974976140327089,0.2974976140327089,0.2974976140327089,glob_probe,glob_probe,0.0,0.00268100431089463,4577,350
dbpedia-entity,50,50,False,22,2322030,False,9.957438554080817,8.556703804572132,0.24937008835263635,0.3049621661813709,0.26141803457767954,0.15699850496269632,0.24349424160425379,0.3049621661813709,0.3049621661813709,0.3049621661813709,glob_probe,glob_probe,0.0,0.005875846748382568,4704,350
dbpedia-entity,50,50,False,23,2323030,False,8.74286055769458,8.556703804572132,0.24017582135002036,0.29794209205981886,0.25682293726777017,0.15786694980101879,0.23938470557499902,0.29794209205981886,0.29794209205981886,0.29794209205981886,glob_probe,glob_probe,0.0,0.0007911157750213338,4521,350
dbpedia-entity,50,50,False,24,2324030,False,8.167368352725504,8.556703804572132,0.23691769764439508,0.2983696881376214,0.2570468767371692,0.15728281045403683,0.2388274643339145,0.2983696881376214,0.2983696881376214,0.2983696881376214,glob_probe,glob_probe,0.0,0.001909766689519421,4483,350
dbpedia-entity,50,50,False,25,2325030,False,7.369595367669396,8.556703804572132,0.23613481401128458,0.29951777759006337,0.2601632277639139,0.15678848191051628,0.24218603075813247,0.29951777759006337,0.29951777759006337,0.29951777759006337,glob_probe,glob_probe,0.0,0.006051216746847887,4568,350
dbpedia-entity,50,50,False,26,2326030,False,6.8727928834161105,8.556703804572132,0.2289393242231074,0.29753444425383097,0.25644343365533395,0.15292879127989858,0.23805996474417748,0.29753444425383097,0.29753444425383097,0.29753444425383097,glob_probe,glob_probe,0.0,0.00912064052107009,4677,350
dbpedia-entity,50,50,False,27,2327030,False,6.447532109622184,8.556703804572132,0.21816031700858912,0.2919589579845533,0.2504521573289248,0.1525773682134334,0.22927814460591806,0.2919589579845533,0.2919589579845533,0.2919589579845533,glob_probe,glob_probe,0.0,0.011117827597328933,4576,350
dbpedia-entity,50,50,False,28,2328030,False,9.11337035228637,8.556703804572132,0.2384523311939675,0.2969950599362739,0.2544589564921745,0.154032085698481,0.23620894385375443,0.2969950599362739,0.2969950599362739,0.2969950599362739,glob_probe,glob_probe,0.0,0.0022433873402130655,4522,350
dbpedia-entity,50,50,False,29,2329030,False,7.63433747050745,8.556703804572132,0.2299427539119775,0.2904655049654202,0.25023118173485076,0.15381738180234356,0.23391937180090647,0.2904655049654202,0.2904655049654202,0.2904655049654202,glob_probe,glob_probe,0.0,0.003976617888928974,4445,350
dbpedia-entity,50,50,False,30,2330030,False,7.076336687780046,8.556703804572132,0.22274593266379292,0.28879256527265873,0.24898426026942824,0.1510315761158833,0.22981335455660235,0.28879256527265873,0.28879256527265873,0.28879256527265873,glob_probe,glob_probe,0.0,0.007067421892809428,4603,350
dbpedia-entity,50,50,False,31,2331030,False,9.134301990492308,8.556703804572132,0.24388299717553671,0.2982180930522423,0.26057112322049525,0.1598311876816728,0.24168193787765163,0.2982180930522423,0.2982180930522423,0.2982180930522423,glob_probe,glob_probe,0.0,0.002201059297885083,4411,350
dbpedia-entity,50,50,False,32,2332030,False,6.85410723145928,8.556703804572132,0.22790659822203874,0.2918834648054408,0.25459726147111494,0.15335955376414315,0.2357251489710917,0.2918834648054408,0.2918834648054408,0.2918834648054408,glob_probe,glob_probe,0.0,0.007818550749052966,4338,350
dbpedia-entity,50,50,False,33,2333030,False,11.357202113180218,8.556703804572132,0.2501379109220269,0.2954161230939374,0.2548959839053076,0.15755596668263505,0.2371359095110209,0.2954161230939374,0.2954161230939374,0.2954161230939374,glob_probe,glob_probe,0.0,0.01300200141100602,4517,350
dbpedia-entity,50,50,False,34,2334030,False,9.388905346919035,8.556703804572132,0.24353331961118074,0.29844017260739847,0.260884690705158,0.157101175830853,0.2407649174040647,0.29844017260739847,0.29844017260739847,0.29844017260739847,glob_probe,glob_probe,0.0,0.0027684022071160497,4529,350
dbpedia-entity,50,50,False,35,2335030,False,9.22419600952911,8.556703804572132,0.24907455882736274,0.30097738918548506,0.2658275064679338,0.16428197807132622,0.24687452180744018,0.30097738918548506,0.30097738918548506,0.30097738918548506,glob_probe,glob_probe,0.0,0.0022000370199225516,4540,350
dbpedia-entity,50,50,False,36,2336030,False,8.834578878815703,8.556703804572132,0.23793621443444318,0.29740650199914853,0.2538210261811828,0.15334006991497243,0.23698586451121714,0.29740650199914853,0.29740650199914853,0.29740650199914853,glob_probe,glob_probe,0.0,0.0009503499232260404,4559,350
dbpedia-entity,50,50,False,37,2337030,False,8.76477414095801,8.556703804572132,0.24354942257459328,0.30115719808386326,0.2618723375323344,0.1598762179551562,0.2430311242598894,0.30115719808386326,0.30115719808386326,0.30115719808386326,glob_probe,glob_probe,0.0,0.0005182983147038744,4514,350
dbpedia-entity,50,50,False,38,2338030,False,7.454865774747563,8.556703804572132,0.22445022169667775,0.28710188607483456,0.24615764799550577,0.14780417376999683,0.2306570897149976,0.28710188607483456,0.28710188607483456,0.28710188607483456,glob_probe,glob_probe,0.0,0.00620686801831985,4519,350
dbpedia-entity,50,50,False,39,2339030,False,9.994432286607502,8.556703804572132,0.25103764493032654,0.3050820933791329,0.26530980503104323,0.16131393633385122,0.24556732678442855,0.3050820933791329,0.3050820933791329,0.3050820933791329,glob_probe,glob_probe,0.0,0.00547031814589799,4607,350
dbpedia-entity,50,50,False,40,2340030,False,8.746770367433793,8.556703804572132,0.24422837605282618,0.3037603983806788,0.26041744572812403,0.16010983915341753,0.24343726027780482,0.3037603983806788,0.3037603983806788,0.3037603983806788,glob_probe,glob_probe,0.0,0.0007911157750213615,4723,350
dbpedia-entity,50,50,False,41,2341030,False,9.66922416562341,8.556703804572132,0.24257569674305193,0.3010056608783492,0.25855674545276225,0.155599925135473,0.23940750591875598,0.3010056608783492,0.3010056608783492,0.3010056608783492,glob_probe,glob_probe,0.0,0.0031681908242959522,4407,350
dbpedia-entity,50,50,False,42,2342030,False,9.459905771823916,8.556703804572132,0.24055766639475024,0.2947740021013586,0.2570019075699056,0.15573497657683255,0.23810020690311956,0.2947740021013586,0.2947740021013586,0.2947740021013586,glob_probe,glob_probe,0.0,0.002457459491630676,4582,350
dbpedia-entity,50,50,False,43,2343030,False,9.058440854681077,8.556703804572132,0.24321018163065167,0.3023835016031527,0.260953899358021,0.15856182813303452,0.24197739083674943,0.3023835016031527,0.3023835016031527,0.3023835016031527,glob_probe,glob_probe,0.0,0.0012327907939022331,4579,350
dbpedia-entity,50,50,False,44,2344030,False,7.20180921372857,8.556703804572132,0.22627073305123646,0.2933543214449533,0.2537042280598689,0.15102600635154845,0.23240199833950506,0.2933543214449533,0.2933543214449533,0.2933543214449533,glob_probe,glob_probe,0.0,0.0061312652882686,4559,350
dbpedia-entity,50,50,False,45,2345030,False,12.033594379816485,8.556703804572132,0.259550704671901,0.30360062607021066,0.2633948661607382,0.16090046390281457,0.24446780259960552,0.30360062607021066,0.30360062607021066,0.30360062607021066,glob_probe,glob_probe,0.0,0.015082902072295484,4389,350
dbpedia-entity,50,50,False,46,2346030,False,7.307696049237932,8.556703804572132,0.22823490801535798,0.29717505640208874,0.25028506430795566,0.1531549081819084,0.23467386630884277,0.29717505640208874,0.25028506430795566,0.29717505640208874,trunc,glob_probe,0.04688999209413308,0.006438958293484787,4727,350
dbpedia-entity,50,50,False,47,2347030,False,8.620007326448487,8.556703804572132,0.2390890272427447,0.29679356569759613,0.25665502879448315,0.15706626011532618,0.23869626311607497,0.29679356569759613,0.29679356569759613,0.29679356569759613,glob_probe,glob_probe,0.0,0.00039276412666972016,4522,350
dbpedia-entity,50,50,False,48,2348030,False,8.661544035142835,8.556703804572132,0.240396904728094,0.299697102234475,0.2586634229551012,0.15644954452226723,0.2398255691728529,0.299697102234475,0.299697102234475,0.299697102234475,glob_probe,glob_probe,0.0,0.0005713355552411092,4500,350
dbpedia-entity,50,50,False,49,2349030,False,7.111981245347977,8.556703804572132,0.2288735395102111,0.29556087749669674,0.255712800630802,0.1529957328011205,0.23569774300862614,0.29556087749669674,0.29556087749669674,0.29556087749669674,glob_probe,glob_probe,0.0,0.006824203498415032,4469,350
dbpedia-entity,100,100,False,0,2400083,False,7.989120114604569,8.556703804572132,0.24735262281450962,0.3041510951162242,0.26870731210826515,0.16428719401947692,0.24985063567453664,0.3041510951162242,0.3041510951162242,0.3041510951162242,glob_probe,glob_probe,0.0,0.0024980128600270157,9136,300
dbpedia-entity,100,100,False,1,2401083,False,8.451705853881023,8.556703804572132,0.23124099603299858,0.290471953661858,0.24771638535000037,0.15227306160666126,0.2315079964501867,0.290471953661858,0.290471953661858,0.290471953661858,glob_probe,glob_probe,0.0,0.00026700041718810685,9113,300
dbpedia-entity,100,100,False,2,2402083,False,8.138569037455412,8.556703804572132,0.24086542344704553,0.30040539205877476,0.2652397253418827,0.16385473323908517,0.24303175618975653,0.30040539205877476,0.30040539205877476,0.30040539205877476,glob_probe,glob_probe,0.0,0.002166332742710997,9071,300
dbpedia-entity,100,100,False,3,2403083,False,7.589184424032566,8.556703804572132,0.21636194404448228,0.281364397694155,0.24202936739100636,0.14218885491760422,0.22099523386047706,0.281364397694155,0.281364397694155,0.281364397694155,glob_probe,glob_probe,0.0,0.004633289815994784,9019,300
dbpedia-entity,100,100,False,4,2404083,False,8.010666940577645,8.556703804572132,0.23894757206084052,0.29981216198765936,0.2619549039965661,0.15983697635688335,0.24180630791700716,0.29981216198765936,0.29981216198765936,0.29981216198765936,glob_probe,glob_probe,0.0,0.0028587358561666387,9046,300
dbpedia-entity,100,100,False,5,2405083,False,7.483942930163817,8.556703804572132,0.22665935398727613,0.29079411627234125,0.25154184746326397,0.15193685209284363,0.2317157026477141,0.29079411627234125,0.29079411627234125,0.29079411627234125,glob_probe,glob_probe,0.0,0.00505634866043797,9028,300
dbpedia-entity,100,100,False,6,2406083,False,9.031986129864755,8.556703804572132,0.24158975699195886,0.2958488606629303,0.264059411371314,0.15670952596718896,0.23950157229081082,0.2958488606629303,0.2958488606629303,0.2958488606629303,glob_probe,glob_probe,0.0,0.002088184701148049,8887,300
dbpedia-entity,100,100,False,7,2407083,False,9.058440854681077,8.556703804572132,0.2398586830979415,0.29692066872011846,0.25887250094805236,0.15462889299601457,0.238526810893302,0.29692066872011846,0.29692066872011846,0.29692066872011846,glob_probe,glob_probe,0.0,0.0013318722046395115,9100,300
dbpedia-entity,100,100,False,8,2408083,False,9.65211565148827,8.556703804572132,0.24157821330897397,0.2998164631851638,0.25522984735802795,0.158523862155981,0.2382927046200109,0.2998164631851638,0.2998164631851638,0.2998164631851638,glob_probe,glob_probe,0.0,0.0032855086889630736,9232,300
dbpedia-entity,100,100,False,9,2409083,False,8.194696943129268,8.556703804572132,0.24652983624837077,0.3034730591691788,0.2662104696884315,0.16346410529927566,0.2471235473498326,0.3034730591691788,0.3034730591691788,0.3034730591691788,glob_probe,glob_probe,0.0,0.0005937111014618357,9069,300
dbpedia-entity,100,100,False,10,2410083,False,8.78959306444947,8.556703804572132,0.23897056300107503,0.298484721164592,0.255799170981126,0.1527990532329319,0.23799789562215765,0.298484721164592,0.298484721164592,0.298484721164592,glob_probe,glob_probe,0.0,0.0009726673789173801,8982,300
dbpedia-entity,100,100,False,11,2411083,False,9.311244070809833,8.556703804572132,0.2453137015295144,0.30036341300246905,0.26221936642522115,0.16575435280027656,0.2429961553017119,0.30036341300246905,0.30036341300246905,0.30036341300246905,glob_probe,glob_probe,0.0,0.0023175462278025027,9072,300
dbpedia-entity,100,100,False,12,2412083,False,8.46564999675871,8.556703804572132,0.24706531900233766,0.3010851736156881,0.2636654646997455,0.1583122699168107,0.24724735209926432,0.3010851736156881,0.3010851736156881,0.3010851736156881,glob_probe,glob_probe,0.0,0.00018203309692665925,9189,300
dbpedia-entity,100,100,False,13,2413083,False,7.344011395241451,8.556703804572132,0.23289044198237135,0.2992558309052788,0.25668958854532475,0.15625542212311608,0.24005072427367405,0.2992558309052788,0.2992558309052788,0.2992558309052788,glob_probe,glob_probe,0.0,0.007160282291302694,9136,300
dbpedia-entity,100,100,False,14,2414083,False,7.568288740735541,8.556703804572132,0.2235989459355461,0.2881035290920662,0.246261533736588,0.14678894981818444,0.22827669832469819,0.2881035290920662,0.2881035290920662,0.2881035290920662,glob_probe,glob_probe,0.0,0.004677752389152079,9118,300
dbpedia-entity,100,100,False,15,2415083,False,7.060078249013978,8.556703804572132,0.21539518541115077,0.27918390772453355,0.24146112145189222,0.14494152678700453,0.22133990418356414,0.27918390772453355,0.27918390772453355,0.27918390772453355,glob_probe,glob_probe,0.0,0.005944718772413371,9212,300
dbpedia-entity,100,100,False,16,2416083,False,6.961828533987965,8.556703804572132,0.22462578398712352,0.28706202985099366,0.25119042706731715,0.151838905035414,0.23169175372238518,0.28706202985099366,0.28706202985099366,0.28706202985099366,glob_probe,glob_probe,0.0,0.007065969735261662,8998,300
dbpedia-entity,100,100,False,17,2417083,False,8.997802009893565,8.556703804572132,0.25002051726069985,0.306822722012932,0.265436239659382,0.16098673681245423,0.2484665205937398,0.306822722012932,0.306822722012932,0.306822722012932,glob_probe,glob_probe,0.0,0.0015539966669600447,9301,300
dbpedia-entity,100,100,False,18,2418083,False,8.311656959455195,8.556703804572132,0.24594210400561123,0.3058490608811012,0.2679430181802855,0.1590186709837208,0.24639208502244667,0.3058490608811012,0.3058490608811012,0.3058490608811012,glob_probe,glob_probe,0.0,0.0004499810168354379,9177,300
dbpedia-entity,100,100,False,19,2419083,False,8.328612519807084,8.556703804572132,0.24558512799396662,0.3015741905422533,0.26083679952044975,0.16098133289450345,0.24619383916953222,0.3015741905422533,0.3015741905422533,0.3015741905422533,glob_probe,glob_probe,0.0,0.0006087111755656016,9237,300
dbpedia-entity,100,100,False,20,2420083,False,7.448295562994179,8.556703804572132,0.2270580178154887,0.29461651717709564,0.25197050239709906,0.15062100547439633,0.2320347476887603,0.29461651717709564,0.29461651717709564,0.29461651717709564,glob_probe,glob_probe,0.0,0.004976729873271607,8957,300
dbpedia-entity,100,100,False,21,2421083,False,8.574707578096348,8.556703804572132,0.2371294555501107,0.2949732441858079,0.25385239171956236,0.15472412333262395,0.2371294555501107,0.2949732441858079,0.2949732441858079,0.2949732441858079,glob_probe,glob_probe,0.0,0.0,9183,300
dbpedia-entity,100,100,False,22,2422083,False,11.176323134725129,8.556703804572132,0.26103007657380534,0.3089187786919577,0.2644954236288498,0.15791740941173565,0.2483483974246181,0.3089187786919577,0.3089187786919577,0.3089187786919577,glob_probe,glob_probe,0.0,0.012681679149187247,9219,300
dbpedia-entity,100,100,False,23,2423083,False,10.151645434623076,8.556703804572132,0.2571492019142143,0.30879322525079117,0.26962616668991246,0.16512303270729528,0.2502511499621509,0.30879322525079117,0.30879322525079117,0.30879322525079117,glob_probe,glob_probe,0.0,0.006898051952063389,9164,300
dbpedia-entity,100,100,False,24,2424083,False,9.385683706486347,8.556703804572132,0.2451272408802618,0.2972331753110906,0.25999312373946093,0.1602638561327407,0.24229466806104394,0.2972331753110906,0.2972331753110906,0.2972331753110906,glob_probe,glob_probe,0.0,0.0028325728192178656,9032,300
dbpedia-entity,100,100,False,25,2425083,False,7.905546740320364,8.556703804572132,0.22946866944005787,0.29354280770404223,0.2504188845214896,0.15195703651951972,0.23200799944854492,0.29354280770404223,0.29354280770404223,0.29354280770404223,glob_probe,glob_probe,0.0,0.0025393300084870507,9113,300
dbpedia-entity,100,100,False,26,2426083,False,7.791846156572571,8.556703804572132,0.22766826524082318,0.28875089270756843,0.2527916155534165,0.14949861242201432,0.2313641725648984,0.28875089270756843,0.28875089270756843,0.28875089270756843,glob_probe,glob_probe,0.0,0.003695907324075237,9006,300
dbpedia-entity,100,100,False,27,2427083,False,7.897871860133179,8.556703804572132,0.2396451800369824,0.3012156229933173,0.2578826970272638,0.15923594859740178,0.24189561414199023,0.3012156229933173,0.3012156229933173,0.3012156229933173,glob_probe,glob_probe,0.0,0.0022504341050078314,9221,300
dbpedia-entity,100,100,False,28,2428083,False,8.735215496052739,8.556703804572132,0.24496406442978957,0.29817363291499877,0.2616669491978888,0.15931228975349135,0.2440434803842055,0.29817363291499877,0.29817363291499877,0.29817363291499877,glob_probe,glob_probe,0.0,0.0009205840455840664,9009,300
dbpedia-entity,100,100,False,29,2429083,False,8.014298130232824,8.556703804572132,0.23742495593549487,0.29985680220231087,0.26073459681201283,0.16332211369692934,0.2401566332791864,0.29985680220231087,0.29985680220231087,0.29985680220231087,glob_probe,glob_probe,0.0,0.0027316773436915354,9127,300
dbpedia-entity,100,100,False,30,2430083,False,9.50203245033947,8.556703804572132,0.24521565061483158,0.3008228084687971,0.2641223073773287,0.15496571265132592,0.24260096016471172,0.3008228084687971,0.3008228084687971,0.3008228084687971,glob_probe,glob_probe,0.0,0.002614690450119861,9006,300
dbpedia-entity,100,100,False,31,2431083,False,7.578591217578959,8.556703804572132,0.22963957052744546,0.2935381769653338,0.255956859525871,0.15417957682718486,0.23525378035956085,0.2935381769653338,0.2935381769653338,0.2935381769653338,glob_probe,glob_probe,0.0,0.0056142098321153855,9333,300
dbpedia-entity,100,100,False,32,2432083,False,8.908564273711512,8.556703804572132,0.24246179109748675,0.3016659686699606,0.2576403205181713,0.15782235897385866,0.24156138285372294,0.3016659686699606,0.3016659686699606,0.3016659686699606,glob_probe,glob_probe,0.0,0.0009004082437638061,8972,300
dbpedia-entity,100,100,False,33,2433083,False,8.094276802762598,8.556703804572132,0.2287214108876426,0.2895790874084227,0.24952310139845138,0.149778339916861,0.23150499702580243,0.2895790874084227,0.2895790874084227,0.2895790874084227,glob_probe,glob_probe,0.0,0.0027835861381598215,9264,300
dbpedia-entity,100,100,False,34,2434083,False,7.219205589035216,8.556703804572132,0.22743818137517421,0.2927793333911818,0.25362082221275695,0.14827087840278017,0.23426940010013608,0.2927793333911818,0.2927793333911818,0.2927793333911818,glob_probe,glob_probe,0.0,0.006831218724961868,9158,300
dbpedia-entity,100,100,False,35,2435083,False,8.971392793400353,8.556703804572132,0.2404937565136183,0.2986177178940911,0.2553383407414199,0.15782393247550788,0.2392794056765001,0.2986177178940911,0.2986177178940911,0.2986177178940911,glob_probe,glob_probe,0.0,0.0012143508371181833,9195,300
dbpedia-entity,100,100,False,36,2436083,False,7.690247040782847,8.556703804572132,0.23309684405476466,0.2990700765403818,0.258213238630027,0.15660756849538504,0.23800275884070654,0.2990700765403818,0.2990700765403818,0.2990700765403818,glob_probe,glob_probe,0.0,0.004905914785941878,9194,300
dbpedia-entity,100,100,False,37,2437083,False,7.227147736530608,8.556703804572132,0.2210626631059931,0.2850269548398648,0.24886893319439746,0.14910115565109275,0.22723553265195687,0.2850269548398648,0.2850269548398648,0.2850269548398648,glob_probe,glob_probe,0.0,0.006172869545963772,9011,300
dbpedia-entity,100,100,False,38,2438083,False,8.76477414095801,8.556703804572132,0.24779619090945829,0.30846463832832405,0.26071413208840705,0.16011824781550585,0.2471149425907368,0.30846463832832405,0.30846463832832405,0.30846463832832405,glob_probe,glob_probe,0.0,0.0006812483187214891,9440,300
dbpedia-entity,100,100,False,39,2439083,False,9.870921986429764,8.556703804572132,0.2395028947461095,0.29397752137486005,0.24826708550757653,0.15172736275537968,0.23406317561584036,0.29397752137486005,0.29397752137486005,0.29397752137486005,glob_probe,glob_probe,0.0,0.005439719130269138,9090,300
dbpedia-entity,100,100,False,40,2440083,False,8.106923443058669,8.556703804572132,0.2232475309820868,0.27824852342159234,0.2437309212925661,0.14568720335383079,0.22483913952112616,0.27824852342159234,0.27824852342159234,0.27824852342159234,glob_probe,glob_probe,0.0,0.001591608539039363,8998,300
dbpedia-entity,100,100,False,41,2441083,False,9.592835010919114,8.556703804572132,0.24122248108389036,0.29922425648412865,0.25988268027036177,0.154695599315477,0.23855622190759337,0.29922425648412865,0.29922425648412865,0.29922425648412865,glob_probe,glob_probe,0.0,0.002666259176296981,9022,300
dbpedia-entity,100,100,False,42,2442083,False,8.754415429075635,8.556703804572132,0.2398062229784416,0.2998003600314554,0.2600607061695673,0.15561366732471513,0.23959550528650075,0.2998003600314554,0.2998003600314554,0.2998003600314554,glob_probe,glob_probe,0.0,0.00021071769194083712,9071,300
dbpedia-entity,100,100,False,43,2443083,False,8.07732124241071,8.556703804572132,0.22926155522659808,0.29537845890131365,0.2556730895254559,0.15292740508419483,0.23227169330052333,0.29537845890131365,0.29537845890131365,0.29537845890131365,glob_probe,glob_probe,0.0,0.0030101380739252503,9156,300
dbpedia-entity,100,100,False,44,2444083,False,8.005324327268944,8.556703804572132,0.24208336195036034,0.30777945211114305,0.2619604682509907,0.15869561692087145,0.24496922306667532,0.30777945211114305,0.30777945211114305,0.30777945211114305,glob_probe,glob_probe,0.0,0.002885861116314975,9300,300
dbpedia-entity,100,100,False,45,2445083,False,8.564348866213974,8.556703804572132,0.23982945308974807,0.2997602455150471,0.25935526426135896,0.15145351518261127,0.23982945308974807,0.2997602455150471,0.2997602455150471,0.2997602455150471,glob_probe,glob_probe,0.0,0.0,9118,300
dbpedia-entity,100,100,False,46,2446083,False,7.568288740735541,8.556703804572132,0.22783268285643743,0.29040279639356104,0.2527454745755795,0.15459386830112476,0.23273244565333737,0.29040279639356104,0.29040279639356104,0.29040279639356104,glob_probe,glob_probe,0.0,0.004899762796899937,8955,300
dbpedia-entity,100,100,False,47,2447083,False,8.377794290143274,8.556703804572132,0.23827482167732175,0.29900236224628934,0.25536492227253044,0.15645816260243517,0.23867460381239805,0.29900236224628934,0.29900236224628934,0.29900236224628934,glob_probe,glob_probe,0.0,0.00039978213507629867,9231,300
dbpedia-entity,100,100,False,48,2448083,False,9.514002769375484,8.556703804572132,0.2290750321271772,0.2876932700259584,0.24346206915437374,0.14832226609115493,0.2269006623291851,0.2876932700259584,0.2876932700259584,0.2876932700259584,glob_probe,glob_probe,0.0,0.0021743697979920984,9154,300
dbpedia-entity,100,100,False,49,2449083,False,8.215969507474135,8.556703804572132,0.23547827988622874,0.2953106052143683,0.257464868056948,0.15426925344938072,0.23612774708051384,0.2953106052143683,0.2953106052143683,0.2953106052143683,glob_probe,glob_probe,0.0,0.0006494671942851027,9026,300
nfcorpus,5,5,False,0,2000372,False,29.966925609342262,12.679249895350727,0.16769538365997555,0.16517922623021988,0.15324510812718742,0.10085095376984149,0.14817058844226896,0.16517922623021988,0.16517922623021988,0.16769538365997555,glob_probe,ad_probe,0.0025161574297556666,0.019524795217706586,445,318
nfcorpus,5,5,False,1,2001372,False,3.639560281035939,12.679249895350727,0.12413468230945071,0.16222067102211196,0.15103926360218034,0.10153278272419138,0.14578339202131027,0.16222067102211196,0.16222067102211196,0.16222067102211196,glob_probe,glob_probe,0.0,0.02164870971185956,399,318
nfcorpus,5,5,False,2,2002372,False,3.530906794532706,12.679249895350727,0.12102118850379072,0.16093978133988598,0.1467359953564607,0.1007889335733176,0.14131059847855984,0.16093978133988598,0.1467359953564607,0.16093978133988598,trunc,glob_probe,0.014203785983425282,0.02028940997476912,417,318
nfcorpus,5,5,False,3,2003372,False,3.5252592532610545,12.679249895350727,0.12174147723585031,0.16074251813314563,0.15001059320882398,0.09924900217959104,0.1440411211287481,0.16074251813314563,0.16074251813314563,0.16074251813314563,glob_probe,glob_probe,0.0,0.022299643892897777,450,318
nfcorpus,5,5,False,4,2004372,False,13.151266606069736,12.679249895350727,0.14643159021870203,0.16313478288121583,0.15117019081073213,0.09894764163179941,0.1462882406648139,0.16313478288121583,0.16313478288121583,0.16313478288121583,glob_probe,glob_probe,0.0,0.00014334955388811688,461,318
nfcorpus,5,5,False,5,2005372,False,3.1971096106773893,12.679249895350727,0.12284741671404475,0.16259551921707371,0.15092295646993623,0.10191005398440822,0.14905598395482914,0.16259551921707371,0.16259551921707371,0.16259551921707371,glob_probe,glob_probe,0.0,0.02620856724078438,438,318
nfcorpus,5,5,False,6,2006372,False,2.821250321626192,12.679249895350727,0.12057162511751544,0.16509127642981206,0.1530942652450186,0.10220954484993683,0.1480826386418612,0.16509127642981206,0.16509127642981206,0.16509127642981206,glob_probe,glob_probe,0.0,0.027511013524345748,490,318
nfcorpus,5,5,False,7,2007372,False,21.514540051039063,12.679249895350727,0.16234068730742485,0.16561597855577628,0.15408108893357889,0.101812024822509,0.14892103439971835,0.16561597855577628,0.16561597855577628,0.16561597855577628,glob_probe,glob_probe,0.0,0.013419652907706497,403,318
nfcorpus,5,5,False,8,2008372,False,4.2007061823914755,12.679249895350727,0.12958492588274736,0.16638613399547983,0.15457410246292463,0.10211705502381771,0.1495624758597672,0.16638613399547983,0.15457410246292463,0.16638613399547983,trunc,glob_probe,0.011812031532555195,0.019977549977019837,462,318
nfcorpus,5,5,False,9,2009372,False,8.38207167493864,12.679249895350727,0.1357740220372076,0.16183743296370443,0.15101966706192985,0.0997855406570647,0.1450253360562567,0.16183743296370443,0.16183743296370443,0.16183743296370443,glob_probe,glob_probe,0.0,0.009251314019049106,424,318
nfcorpus,5,5,False,10,2010372,False,3.4123255960381473,12.679249895350727,0.12042294811583014,0.16097772892003814,0.14912860146803406,0.0983492694802275,0.14401158645760143,0.16097772892003814,0.16097772892003814,0.16097772892003814,glob_probe,glob_probe,0.0,0.023588638341771287,427,318
nfcorpus,5,5,False,11,2011372,False,4.000008892225603,12.679249895350727,0.12615142408676713,0.16344033303358566,0.1512404409398857,0.10213092849773558,0.14633025479118153,0.16344033303358566,0.1512404409398857,0.12615142408676713,trunc,ad_probe,0.012199892093699954,0.020178830704414397,449,318
nfcorpus,5,5,False,12,2012372,False,16.90391521870121,12.679249895350727,0.1547428775968964,0.1644476920516799,0.15283387147454022,0.10039221027398156,0.14756287685014102,0.1644476920516799,0.1644476920516799,0.1644476920516799,glob_probe,glob_probe,0.0,0.007180000746755372,386,318
nfcorpus,5,5,False,13,2013372,False,3.774117983423845,12.679249895350727,0.12233983178008567,0.16247073135643683,0.15047372017164334,0.09801667273253642,0.14546209356848588,0.16247073135643683,0.16247073135643683,0.12233983178008567,glob_probe,ad_probe,0.0,0.02312226178840021,467,318
nfcorpus,5,5,False,14,2014372,False,8.729749842340649,12.679249895350727,0.14067068511676023,0.16515904914722693,0.15222225628094718,0.10133753588586542,0.14825884770713987,0.16515904914722693,0.15222225628094718,0.16515904914722693,trunc,glob_probe,0.012936792866279745,0.0075881625903796435,439,318
nfcorpus,5,5,False,15,2015372,False,5.471318056614673,12.679249895350727,0.12889070005119482,0.15991689106674747,0.14814858199744854,0.09895053970413922,0.14622443395346782,0.15991689106674747,0.15991689106674747,0.15991689106674747,glob_probe,glob_probe,0.0,0.017333733902272996,435,318
nfcorpus,5,5,False,16,2016372,False,9.945870543250797,12.679249895350727,0.14228429539037094,0.16505815796024487,0.15355681576607433,0.10126819236550991,0.14842872049298908,0.16505815796024487,0.16505815796024487,0.16505815796024487,glob_probe,glob_probe,0.0,0.006144425102618145,400,318
nfcorpus,5,5,False,17,2017372,False,14.473302012932319,12.679249895350727,0.1524259546595641,0.164878368578438,0.15273161196088023,0.10112019439966126,0.14786973079048712,0.164878368578438,0.15273161196088023,0.1524259546595641,trunc,ad_probe,0.012146756617557763,0.004556223869076975,497,318
nfcorpus,5,5,False,18,2018372,False,60.117720834971756,12.679249895350727,0.18007916507814556,0.16580787848590453,0.15373385536426087,0.10180166443644642,0.1488249113435704,0.16580787848590453,0.18007916507814556,0.18007916507814556,ad_probe,ad_probe,0.0,0.03125425373457516,449,318
nfcorpus,5,5,False,19,2019372,False,8.38207167493864,12.679249895350727,0.13798254028346169,0.16423228217459138,0.15223527098979792,0.10018298999319329,0.14722364438664048,0.16423228217459138,0.16423228217459138,0.16423228217459138,glob_probe,glob_probe,0.0,0.009241104103178799,421,318
nfcorpus,5,5,False,20,2020372,False,38.02709355346125,12.679249895350727,0.17294368165646412,0.16572389995810546,0.1536708853091998,0.10144130725943348,0.14874922171754168,0.16572389995810546,0.17294368165646412,0.17294368165646412,ad_probe,ad_probe,0.0,0.02419445993892244,475,318
nfcorpus,5,5,False,21,2021372,False,4.241029462265647,12.679249895350727,0.12959938366947998,0.1663398931569816,0.14815904517464645,0.1020928059510765,0.14627018411600304,0.1663398931569816,0.14815904517464645,0.1663398931569816,trunc,glob_probe,0.018180847982335158,0.016670800446523054,404,318
nfcorpus,5,5,False,22,2022372,False,6.811711263266661,12.679249895350727,0.13645149479121005,0.16470193830462487,0.15321406159123002,0.10215713394846931,0.1481874604447962,0.16470193830462487,0.16470193830462487,0.16470193830462487,glob_probe,glob_probe,0.0,0.011735965653586145,420,318
nfcorpus,5,5,False,23,2023372,False,4.999629508689575,12.679249895350727,0.12742938737789475,0.16319289078218724,0.15224409762674385,0.1003618794295386,0.1461842529942363,0.16319289078218724,0.15224409762674385,0.12742938737789475,trunc,ad_probe,0.010948793155443393,0.018754865616341543,410,318
nfcorpus,5,5,False,24,2024372,False,28.04769797778419,12.679249895350727,0.16705052210384516,0.16522405563127793,0.15391832616411624,0.10156252286612705,0.14868982686523122,0.16522405563127793,0.16522405563127793,0.16522405563127793,glob_probe,glob_probe,0.0018264664725672342,0.018360695238613944,417,318
nfcorpus,5,5,False,25,2025372,False,32.70134871852403,12.679249895350727,0.16871299433007622,0.1647185197449466,0.15226306517608706,0.10098843338443976,0.1480157135514059,0.1647185197449466,0.15226306517608706,0.1647185197449466,trunc,glob_probe,0.016449929153989157,0.020697280778670335,412,318
nfcorpus,5,5,False,26,2026372,False,5.591429299413975,12.679249895350727,0.1294525610531806,0.16222177957446615,0.15032303882992426,0.09827872723987392,0.14531141222676683,0.16222177957446615,0.16222177957446615,0.16222177957446615,glob_probe,glob_probe,0.0,0.015858851173586236,415,318
nfcorpus,5,5,False,27,2027372,False,6.109073894231466,12.679249895350727,0.13433677253622633,0.16487801827901324,0.15288100709421978,0.10053239600297666,0.14786938049106235,0.16487801827901324,0.16487801827901324,0.13433677253622633,glob_probe,ad_probe,0.0,0.013532607954836018,459,318
nfcorpus,5,5,False,28,2028372,False,11.86593205660828,12.679249895350727,0.14316956800466718,0.16358973813582092,0.1515927269510275,0.09925003056966784,0.1466382758767437,0.16358973813582092,0.16358973813582092,0.16358973813582092,glob_probe,glob_probe,0.0,0.0034687078720765097,432,318
nfcorpus,5,5,False,29,2029372,False,4.644487678792201,12.679249895350727,0.12704641225763935,0.1629312921530825,0.1515632117858991,0.10102833415811292,0.14630001285569763,0.1629312921530825,0.1629312921530825,0.1629312921530825,glob_probe,glob_probe,0.0,0.01925360059805828,461,318
nfcorpus,5,5,False,30,2030372,False,15.381961558203255,12.679249895350727,0.15313268528838997,0.164733147058111,0.15262579713338595,0.10068955797741767,0.14789308234505563,0.164733147058111,0.15262579713338595,0.164733147058111,trunc,glob_probe,0.012107349924725064,0.005239602943334337,457,318
nfcorpus,5,5,False,31,2031372,False,5.703498203013647,12.679249895350727,0.12825792068500688,0.16071071942415255,0.14871370823935906,0.09682841608898855,0.14370208163620163,0.16071071942415255,0.16071071942415255,0.16071071942415255,glob_probe,glob_probe,0.0,0.015444160951194746,466,318
nfcorpus,5,5,False,32,2032372,False,10.01924796093931,12.679249895350727,0.13948383604937523,0.16261020014185454,0.15077467912965,0.09848682934864197,0.14565147749815838,0.16261020014185454,0.16261020014185454,0.16261020014185454,glob_probe,glob_probe,0.0,0.006167641448783151,397,318
nfcorpus,5,5,False,33,2033372,False,13.312913446406926,12.679249895350727,0.1484724217127518,0.1649361829458776,0.15320182049632947,0.10109715020654488,0.14821633992111502,0.1649361829458776,0.1649361829458776,0.1649361829458776,glob_probe,glob_probe,0.0,0.00025608179163677525,440,318
nfcorpus,5,5,False,34,2034372,False,10.626471381685318,12.679249895350727,0.1423956192792675,0.16482922192247457,0.15277397640271714,0.10037516329857415,0.14782058413452365,0.16482922192247457,0.15277397640271714,0.1423956192792675,trunc,ad_probe,0.012055245519757424,0.005424964855256148,498,318
nfcorpus,5,5,False,35,2035372,False,18.652590557849617,12.679249895350727,0.15604644528024458,0.164455561550844,0.15336786518659332,0.10184680341611203,0.14788368127512233,0.164455561550844,0.164455561550844,0.164455561550844,glob_probe,glob_probe,0.0,0.008162764005122253,419,318
nfcorpus,5,5,False,36,2036372,False,37.20393965208351,12.679249895350727,0.1709760119480097,0.16403046121984358,0.15282707241400778,0.1005097873788142,0.14774894595737545,0.16403046121984358,0.16403046121984358,0.1709760119480097,glob_probe,ad_probe,0.006945550728166133,0.02322706599063426,416,318
nfcorpus,5,5,False,37,2037372,False,18.148279170445235,12.679249895350727,0.15604009677367947,0.16519914390256601,0.15336203038326662,0.101054728376924,0.1482438053364465,0.16519914390256601,0.16519914390256601,0.15604009677367947,glob_probe,ad_probe,0.0,0.007796291437232983,488,318
nfcorpus,5,5,False,38,2038372,False,8.11914126172145,12.679249895350727,0.13385100717689902,0.16036876218203916,0.14921032542072574,0.10120005863046887,0.14377941160582827,0.16036876218203916,0.16036876218203916,0.16036876218203916,glob_probe,glob_probe,0.0,0.009928404428929255,445,318
nfcorpus,5,5,False,39,2039372,False,8.310413318456067,12.679249895350727,0.13611331715202096,0.16220121799215417,0.1505085281707204,0.09827624095422557,0.14539546111310978,0.16220121799215417,0.16220121799215417,0.16220121799215417,glob_probe,glob_probe,0.0,0.009282143961088812,453,318
nfcorpus,5,5,False,40,2040372,False,5.256681061075795,12.679249895350727,0.1299777559889078,0.16253189739705107,0.15104220454911696,0.10039135430932498,0.14589385385517473,0.16253189739705107,0.16253189739705107,0.16253189739705107,glob_probe,glob_probe,0.0,0.015916097866266937,423,318
nfcorpus,5,5,False,41,2041372,False,6.474752006416257,12.679249895350727,0.1333401661932247,0.16271821554870075,0.15097966908347307,0.09897873585536458,0.14588188757379372,0.16271821554870075,0.16271821554870075,0.16271821554870075,glob_probe,glob_probe,0.0,0.012541721380569026,439,318
nfcorpus,5,5,False,42,2042372,False,6.76983567794334,12.679249895350727,0.13727259891420096,0.16648890046894554,0.15449188928415208,0.10203484184504513,0.14948026268099462,0.16648890046894554,0.16648890046894554,0.13727259891420096,glob_probe,ad_probe,0.0,0.012207663766793664,455,318
nfcorpus,5,5,False,43,2043372,False,17.907074626319798,12.679249895350727,0.1559312861017855,0.16516835128491136,0.15355568671087955,0.10136172144384484,0.14854406010772211,0.16516835128491136,0.16516835128491136,0.1559312861017855,glob_probe,ad_probe,0.0,0.007387225994063384,388,318
nfcorpus,5,5,False,44,2044372,False,16.66629641976486,12.679249895350727,0.15216851044061624,0.16229774674175718,0.1504238868554939,0.09833113814134144,0.14546381195869795,0.16229774674175718,0.16229774674175718,0.16229774674175718,glob_probe,glob_probe,0.0,0.006704698481918292,438,318
nfcorpus,5,5,False,45,2045372,False,29.41539692161132,12.679249895350727,0.1670964115891434,0.1647402453322885,0.15326713911527898,0.10156940440867213,0.14818615114391134,0.1647402453322885,0.1670964115891434,0.1670964115891434,ad_probe,ad_probe,0.0,0.018910260445232058,352,318
nfcorpus,5,5,False,46,2046372,False,8.037227681219774,12.679249895350727,0.13721380954452617,0.16352339856262896,0.15195462190429138,0.09986057908770847,0.14712449761239593,0.16352339856262896,0.16352339856262896,0.16352339856262896,glob_probe,glob_probe,0.0,0.009910688067869766,345,318
nfcorpus,5,5,False,47,2047372,False,5.2681770457805035,12.679249895350727,0.12769566300693136,0.16100322611534668,0.15183640360979847,0.10000828698830161,0.14462351914500582,0.16100322611534668,0.16100322611534668,0.16100322611534668,glob_probe,glob_probe,0.0,0.01692785613807446,370,318
nfcorpus,5,5,False,48,2048372,False,5.988567104428688,12.679249895350727,0.13104716413159795,0.16127790202344575,0.14983280971941212,0.09936652084788318,0.1446722933716776,0.16127790202344575,0.16127790202344575,0.16127790202344575,glob_probe,glob_probe,0.0,0.013625129240079664,447,318
nfcorpus,5,5,False,49,2049372,False,6.474752006416257,12.679249895350727,0.1320021942205983,0.1610097774780301,0.14899966356786976,0.09880938761723243,0.14442042690181922,0.1610097774780301,0.1610097774780301,0.1610097774780301,glob_probe,glob_probe,0.0,0.012418232681220914,432,318
nfcorpus,10,10,False,0,733,False,5.1458939489642574,12.679249895350727,0.12945790281442196,0.1648441929893857,0.15318926032065344,0.10028802490949346,0.1477820211697967,0.1648441929893857,0.1648441929893857,0.1648441929893857,glob_probe,glob_probe,0.0,0.01832411835537473,879,313
nfcorpus,10,10,False,1,1733,False,12.335966503548594,12.679249895350727,0.14529102409736297,0.16225881074789353,0.15148894517565306,0.10067822296599684,0.14558875832487395,0.16225881074789353,0.16225881074789353,0.16225881074789353,glob_probe,glob_probe,0.0,0.0002977342275109762,889,313
nfcorpus,10,10,False,2,2733,False,15.027590912385474,12.679249895350727,0.15264648113804974,0.1651322827095796,0.15303407482441095,0.10005193550646717,0.1479583807196216,0.1651322827095796,0.1651322827095796,0.1651322827095796,glob_probe,glob_probe,0.0,0.004688100418428126,899,313
nfcorpus,10,10,False,3,3733,False,3.4123839905922377,12.679249895350727,0.11843584201547902,0.1609693393212595,0.14896911114645214,0.10070578552791899,0.1440084868721592,0.1609693393212595,0.1609693393212595,0.1609693393212595,glob_probe,glob_probe,0.0,0.025572644856680177,864,313
nfcorpus,10,10,False,4,4733,False,11.393762686908689,12.679249895350727,0.14714771447846822,0.16760244611554628,0.15536489328769004,0.10278929586538964,0.1506347688034427,0.16760244611554628,0.15536489328769004,0.16760244611554628,trunc,glob_probe,0.01223755282785624,0.003487054324974481,948,313
nfcorpus,10,10,False,5,5733,False,15.857989162317114,12.679249895350727,0.1551340216175229,0.1662591887522876,0.15484877401371064,0.10264749133645187,0.14941581733121145,0.1662591887522876,0.1662591887522876,0.1662591887522876,glob_probe,glob_probe,0.0,0.005718204286311451,873,313
nfcorpus,10,10,False,6,6733,False,16.90958978933899,12.679249895350727,0.15143870862356248,0.1608244781850954,0.1496167431072821,0.0966810830079608,0.14426945027657448,0.1608244781850954,0.1608244781850954,0.1608244781850954,glob_probe,glob_probe,0.0,0.007169258346988006,864,313
nfcorpus,10,10,False,7,7733,False,14.15789885991818,12.679249895350727,0.14805680199279922,0.16366744177703088,0.15043731414469483,0.10158096822520032,0.1438689192613562,0.16366744177703088,0.14805680199279922,0.14805680199279922,ad_probe,ad_probe,0.015610639784231661,0.004187882731443021,854,313
nfcorpus,10,10,False,8,8733,False,17.86646067501144,12.679249895350727,0.15597815650469657,0.16532474425654725,0.15153001151948603,0.10052315135268698,0.14830303679451526,0.16532474425654725,0.15153001151948603,0.16532474425654725,trunc,glob_probe,0.013794732737061222,0.007675119710181311,926,313
nfcorpus,10,10,False,9,9733,False,9.396559788864113,12.679249895350727,0.13760275206552758,0.16126787197585132,0.14996567096199784,0.09892785714451861,0.1444710842713004,0.16126787197585132,0.16126787197585132,0.16126787197585132,glob_probe,glob_probe,0.0,0.00686833220577282,831,313
nfcorpus,10,10,False,10,10733,False,6.868137297533501,12.679249895350727,0.13436788695964616,0.16391328219859017,0.14890560648631923,0.1016506097908013,0.14353202005206459,0.16391328219859017,0.14890560648631923,0.16391328219859017,trunc,glob_probe,0.015007675712270935,0.009164133092418425,878,313
nfcorpus,10,10,False,11,11733,False,11.29768097301649,12.679249895350727,0.1448833599011141,0.16597692872544106,0.15438869827506782,0.10211210395371138,0.14940385465971456,0.16597692872544106,0.16597692872544106,0.16597692872544106,glob_probe,glob_probe,0.0,0.004520494758600474,915,313
nfcorpus,10,10,False,12,12733,False,12.223524587535156,12.679249895350727,0.1451142037334753,0.1623938941273454,0.1503493590325156,0.09762751947046461,0.14540917182403484,0.1623938941273454,0.1623938941273454,0.1623938941273454,glob_probe,glob_probe,0.0,0.00029496809055953865,947,313
nfcorpus,10,10,False,13,13733,False,5.927358571876842,12.679249895350727,0.13220012637844664,0.1631341654884924,0.15061904696949288,0.09926314715737926,0.14585382422150076,0.1631341654884924,0.15061904696949288,0.1631341654884924,trunc,glob_probe,0.01251511851899953,0.013653697843054119,920,313
nfcorpus,10,10,False,14,14733,False,16.907541007185234,12.679249895350727,0.15857686336082802,0.1651462828275153,0.15312787523995966,0.10343049300945813,0.15127092442693962,0.1651462828275153,0.1651462828275153,0.1651462828275153,glob_probe,glob_probe,0.0,0.007305938933888395,938,313
nfcorpus,10,10,False,15,15733,False,7.828579748139898,12.679249895350727,0.1386406428601841,0.16521811747377874,0.15441325973640813,0.10167449314606034,0.1489222141779287,0.16521811747377874,0.16521811747377874,0.16521811747377874,glob_probe,glob_probe,0.0,0.010281571317744598,874,313
nfcorpus,10,10,False,16,16733,False,9.37917406483471,12.679249895350727,0.14307180458983937,0.16699203330402798,0.15543326126938115,0.10261273730808765,0.15008926973090797,0.16699203330402798,0.16699203330402798,0.16699203330402798,glob_probe,glob_probe,0.0,0.007017465141068602,878,313
nfcorpus,10,10,False,17,17733,False,11.532803886925503,12.679249895350727,0.14587943823063243,0.16600387359772803,0.1538090073663158,0.10219606537317956,0.14947913284396608,0.16600387359772803,0.16600387359772803,0.16600387359772803,glob_probe,glob_probe,0.0,0.0035996946133336483,792,313
nfcorpus,10,10,False,18,18733,False,15.498772045866065,12.679249895350727,0.1509136017956667,0.1626639795415777,0.150637774752002,0.09807854773815863,0.1454377889216863,0.1626639795415777,0.1626639795415777,0.1509136017956667,glob_probe,ad_probe,0.0,0.005475812873980412,892,313
nfcorpus,10,10,False,19,19733,False,21.761945005779012,12.679249895350727,0.16322759195403316,0.16650795025663323,0.1546010133167269,0.10169893886424262,0.1495559417651447,0.16650795025663323,0.16650795025663323,0.16650795025663323,glob_probe,glob_probe,0.0,0.013671650188888468,817,313
nfcorpus,10,10,False,20,20733,False,14.501834932260852,12.679249895350727,0.1522232655278025,0.16391106209206638,0.15233095549050682,0.10061589673297229,0.14759425852982647,0.16391106209206638,0.16391106209206638,0.16391106209206638,glob_probe,glob_probe,0.0,0.004629006997976026,949,313
nfcorpus,10,10,False,21,21733,False,11.32013633832677,12.679249895350727,0.13948154427222884,0.16056304936562799,0.14923702966136218,0.09619229073165449,0.14384067680302975,0.16056304936562799,0.16056304936562799,0.16056304936562799,glob_probe,glob_probe,0.0,0.004359132530800919,887,313
nfcorpus,10,10,False,22,22733,False,20.00661763709583,12.679249895350727,0.15629779806938499,0.1633238755549899,0.15094115911339923,0.09918370582189807,0.14664300440950045,0.1633238755549899,0.15094115911339923,0.1633238755549899,trunc,glob_probe,0.012382716441590669,0.00965479365988453,932,313
nfcorpus,10,10,False,23,23733,False,12.885845247212297,12.679249895350727,0.14980641795447067,0.16646873778498572,0.15369435155464173,0.10193144655493662,0.14976204450754133,0.16646873778498572,0.15369435155464173,0.16646873778498572,trunc,glob_probe,0.012774386230343993,4.437344692934109e-05,880,313
nfcorpus,10,10,False,24,24733,False,32.35097720475805,12.679249895350727,0.16532971411089925,0.1612862554947922,0.14939832333254507,0.09998559365364648,0.144567795965683,0.1612862554947922,0.1612862554947922,0.16532971411089925,glob_probe,ad_probe,0.004043458616107054,0.020761918145216246,866,313
nfcorpus,10,10,False,25,25733,False,12.83688155812999,12.679249895350727,0.1496301720388373,0.16657569547899834,0.15409659436822065,0.10170195250298801,0.1495857985919079,0.16657569547899834,0.15409659436822065,0.16657569547899834,trunc,glob_probe,0.012479101110777685,4.43734469293966e-05,883,313
nfcorpus,10,10,False,26,26733,False,8.19981494536759,12.679249895350727,0.13892714381603333,0.16498892703662504,0.154172984357531,0.10285127820158059,0.14885990972060695,0.16498892703662504,0.16498892703662504,0.16498892703662504,glob_probe,glob_probe,0.0,0.00993276590457362,816,313
nfcorpus,10,10,False,27,27733,False,7.6953468554048055,12.679249895350727,0.13422139271804112,0.16126304835792135,0.1498413550999909,0.09668912191665173,0.14441709392500807,0.16126304835792135,0.16126304835792135,0.16126304835792135,glob_probe,glob_probe,0.0,0.010195701206966945,826,313
nfcorpus,10,10,False,28,28733,False,20.160405497526025,12.679249895350727,0.1509683683284745,0.15801681140570012,0.14772196624980657,0.09479126654217035,0.14153582010957266,0.15801681140570012,0.15801681140570012,0.15801681140570012,glob_probe,glob_probe,0.0,0.009432548218901826,857,313
nfcorpus,10,10,False,29,29733,False,15.289419955474187,12.679249895350727,0.15440133836947292,0.16621474882067322,0.15423908463505767,0.10257954366467034,0.14913218634570952,0.16621474882067322,0.16621474882067322,0.16621474882067322,glob_probe,glob_probe,0.0,0.005269152023763407,839,313
nfcorpus,10,10,False,30,30733,False,28.83297803252432,12.679249895350727,0.17036468907919233,0.16787908092772552,0.15565467297442512,0.10308737749062374,0.15063134056051872,0.16787908092772552,0.15565467297442512,0.17036468907919233,trunc,ad_probe,0.014710016104767215,0.019733348518673616,883,313
nfcorpus,10,10,False,31,31733,False,9.974336525801126,12.679249895350727,0.14193853254887884,0.16504185664208582,0.15292265400205532,0.1000520762254096,0.1482554111322209,0.16504185664208582,0.16504185664208582,0.16504185664208582,glob_probe,glob_probe,0.0,0.006316878583342067,955,313
nfcorpus,10,10,False,32,32733,False,7.638793077406886,12.679249895350727,0.13497132618363655,0.16153683665474186,0.15139601449965526,0.09883981294810257,0.14519499379030615,0.16153683665474186,0.16153683665474186,0.16153683665474186,glob_probe,glob_probe,0.0,0.010223667606669595,927,313
nfcorpus,10,10,False,33,33733,False,15.543758861605408,12.679249895350727,0.1544798737295263,0.16595830616679047,0.1537367912893052,0.10200623085872304,0.14900747069382866,0.16595830616679047,0.1537367912893052,0.16595830616679047,trunc,glob_probe,0.012221514877485268,0.005472403035697626,794,313
nfcorpus,10,10,False,34,34733,False,11.079574602768485,12.679249895350727,0.14137888825515407,0.16315348042394154,0.1508088443038589,0.09878317437309339,0.14645940651638018,0.16315348042394154,0.16315348042394154,0.16315348042394154,glob_probe,glob_probe,0.0,0.005080518261226102,883,313
nfcorpus,10,10,False,35,35733,False,17.654041228010925,12.679249895350727,0.15705820735362785,0.16575759941715712,0.1536863563717727,0.10116308234745448,0.14916248822156913,0.16575759941715712,0.16575759941715712,0.16575759941715712,glob_probe,glob_probe,0.0,0.00789571913205872,958,313
nfcorpus,10,10,False,36,36733,False,6.939921489849091,12.679249895350727,0.13368435606867382,0.16302301811203931,0.15099479375052607,0.100069660353836,0.1458912762952297,0.16302301811203931,0.16302301811203931,0.16302301811203931,glob_probe,glob_probe,0.0,0.012206920226555867,930,313
nfcorpus,10,10,False,37,37733,False,15.940330759797908,12.679249895350727,0.15358133607532345,0.16500931541385877,0.1529727962153116,0.09991776146047858,0.14786313178901198,0.16500931541385877,0.16500931541385877,0.16500931541385877,glob_probe,glob_probe,0.0,0.005718204286311479,878,313
nfcorpus,10,10,False,38,38733,False,9.220182277698255,12.679249895350727,0.13857174899579286,0.162712769890371,0.1526969475888374,0.09987818112139088,0.14594682377961488,0.162712769890371,0.162712769890371,0.162712769890371,glob_probe,glob_probe,0.0,0.0073750747838220165,824,313
nfcorpus,10,10,False,39,39733,False,8.893908194256099,12.679249895350727,0.14238627184268912,0.16670756080722635,0.15477925601009,0.10200226625033222,0.15003238883549985,0.16670756080722635,0.16670756080722635,0.16670756080722635,glob_probe,glob_probe,0.0,0.007646116992810731,889,313
nfcorpus,10,10,False,40,40733,False,4.779224267369648,12.679249895350727,0.12801860873277088,0.16420109991062995,0.15256176834112797,0.0998356345994468,0.14717504566196002,0.16420109991062995,0.16420109991062995,0.16420109991062995,glob_probe,glob_probe,0.0,0.01915643692918914,934,313
nfcorpus,10,10,False,41,41733,False,24.53228900841932,12.679249895350727,0.1670284300629281,0.1673846568037772,0.1555724395521117,0.10275645399094749,0.15046213650289736,0.1673846568037772,0.1673846568037772,0.1673846568037772,glob_probe,glob_probe,0.0,0.016566293560030754,842,313
nfcorpus,10,10,False,42,42733,False,12.451957152170298,12.679249895350727,0.1467834749983661,0.16373810985620788,0.15292349986128187,0.10033605700452619,0.14707083621230918,0.16373810985620788,0.16373810985620788,0.16373810985620788,glob_probe,glob_probe,0.0,0.00028736121394307146,802,313
nfcorpus,10,10,False,43,43733,False,21.525180107587964,12.679249895350727,0.16167284367135037,0.16478074648458482,0.15293336190009232,0.10015864885982516,0.14827563543747663,0.16478074648458482,0.16478074648458482,0.16478074648458482,glob_probe,glob_probe,0.0,0.013397208233873747,939,313
nfcorpus,10,10,False,44,44733,False,29.03299864694443,12.679249895350727,0.1696236336155428,0.1669068065411796,0.1550054135821632,0.10287008721199557,0.1502601206068595,0.1669068065411796,0.1669068065411796,0.1669068065411796,glob_probe,glob_probe,0.002716827074363215,0.019363513008683303,803,313
nfcorpus,10,10,False,45,45733,False,7.299655206375848,12.679249895350727,0.13318748340610642,0.16167396213132423,0.1511825897454957,0.09798741055816024,0.14449346111992362,0.16167396213132423,0.16167396213132423,0.16167396213132423,glob_probe,glob_probe,0.0,0.011305977713817195,851,313
nfcorpus,10,10,False,46,46733,False,4.973863992292243,12.679249895350727,0.12491984870861358,0.15820208811296974,0.14800103462703962,0.09737870156286978,0.14189346398795183,0.15820208811296974,0.15820208811296974,0.15820208811296974,glob_probe,glob_probe,0.0,0.016973615279338244,869,313
nfcorpus,10,10,False,47,47733,False,30.842545219330535,12.679249895350727,0.17032090573252245,0.1670247545428263,0.15497175070851218,0.10279223758684543,0.1499766946868016,0.1670247545428263,0.1670247545428263,0.17032090573252245,glob_probe,ad_probe,0.003296151189696145,0.020344211045720845,870,313
nfcorpus,10,10,False,48,48733,False,13.738979578353963,12.679249895350727,0.15149049321790028,0.16804395288197413,0.15612649488618277,0.10337030171271075,0.1508895325904014,0.16804395288197413,0.16804395288197413,0.16804395288197413,glob_probe,glob_probe,0.0,0.0006009606274988977,1005,313
nfcorpus,10,10,False,49,49733,False,4.0577583717287755,12.679249895350727,0.12612380908902496,0.16363289339479678,0.15147819593452955,0.1013973535362228,0.14646122179375456,0.16363289339479678,0.16363289339479678,0.16363289339479678,glob_probe,glob_probe,0.0,0.020337412704729607,906,313
nfcorpus,20,20,False,0,2200300,False,13.901975826113807,12.679249895350727,0.15367417117680734,0.17007858306393753,0.15910427860008597,0.10470754039039132,0.1529362396828995,0.17007858306393753,0.17007858306393753,0.17007858306393753,glob_probe,glob_probe,0.0,0.0007379314939078563,1772,303
nfcorpus,20,20,False,1,2201300,False,8.84134568132215,12.679249895350727,0.13639409088488455,0.16066972534538795,0.14436535934165073,0.09516964381062099,0.1436090962388807,0.16066972534538795,0.14436535934165073,0.16066972534538795,trunc,glob_probe,0.01630436600373722,0.007215005353996162,1747,303
nfcorpus,20,20,False,2,2202300,False,14.265735730140147,12.679249895350727,0.15273261426061527,0.16438206509830464,0.15278803783258008,0.1024523654289149,0.14836337600858063,0.16438206509830464,0.16438206509830464,0.16438206509830464,glob_probe,glob_probe,0.0,0.004369238252034641,1835,303
nfcorpus,20,20,False,3,2203300,False,7.510842978743199,12.679249895350727,0.1311611945333748,0.15914110286434688,0.14632051332342524,0.09559120575316284,0.1419499275087437,0.15914110286434688,0.14632051332342524,0.15914110286434688,trunc,glob_probe,0.012820589540921634,0.010788732975368892,1841,303
nfcorpus,20,20,False,4,2204300,False,8.87896727668911,12.679249895350727,0.13836042025076048,0.16213195976937606,0.1511681404627999,0.10016914638523636,0.14601883729286422,0.16213195976937606,0.16213195976937606,0.16213195976937606,glob_probe,glob_probe,0.0,0.007658417042103738,1699,303
nfcorpus,20,20,False,5,2205300,False,12.901764332029806,12.679249895350727,0.14937315384635316,0.16646582917202696,0.1539348660361046,0.10032053829647032,0.1493273159292281,0.16646582917202696,0.16646582917202696,0.16646582917202696,glob_probe,glob_probe,0.0,4.5837917125063354e-05,1654,303
nfcorpus,20,20,False,6,2206300,False,14.562402898873316,12.679249895350727,0.1549559730983327,0.16772481314880394,0.15539755630925542,0.10196018102167553,0.15017419359217263,0.16772481314880394,0.16772481314880394,0.16772481314880394,glob_probe,glob_probe,0.0,0.004781779506160072,1920,303
nfcorpus,20,20,False,7,2207300,False,3.791373205378579,12.679249895350727,0.1199913402550239,0.16057976366116591,0.14893211607256057,0.10062054940235177,0.1433934994828409,0.16057976366116591,0.16057976366116591,0.16057976366116591,glob_probe,glob_probe,0.0,0.023402159227817007,1761,303
nfcorpus,20,20,False,8,2208300,False,15.406957509109034,12.679249895350727,0.15573052343244942,0.1671823970135758,0.15594363308936443,0.10184713377635876,0.15017363367789682,0.1671823970135758,0.1671823970135758,0.1671823970135758,glob_probe,glob_probe,0.0,0.005556889754552596,1692,303
nfcorpus,20,20,False,9,2209300,False,17.715834586963673,12.679249895350727,0.15519888047950112,0.16392777406830436,0.15308807724094703,0.10343497453554705,0.14721639249087756,0.16392777406830436,0.16392777406830436,0.16392777406830436,glob_probe,glob_probe,0.0,0.007982487988623554,1635,303
nfcorpus,20,20,False,10,2210300,False,12.736210991716991,12.679249895350727,0.14298713539206884,0.159608548017018,0.14695487529374207,0.09554957841222435,0.14298713539206884,0.159608548017018,0.14695487529374207,0.159608548017018,trunc,glob_probe,0.012653672723275916,0.0,1674,303
nfcorpus,20,20,False,11,2211300,False,11.75716718143978,12.679249895350727,0.1400421477758916,0.1598571283714027,0.148758344288534,0.09569339465412921,0.1436897020020769,0.1598571283714027,0.1598571283714027,0.1598571283714027,glob_probe,glob_probe,0.0,0.00364755422618529,1745,303
nfcorpus,20,20,False,12,2212300,False,19.162417233266464,12.679249895350727,0.1583688922897968,0.16362138373634358,0.1536876934017735,0.10355546627500727,0.14990748532647194,0.16362138373634358,0.16362138373634358,0.16362138373634358,glob_probe,glob_probe,0.0,0.008461406963324869,1722,303
nfcorpus,20,20,False,13,2213300,False,8.961999040705933,12.679249895350727,0.1352410964864431,0.15964310307256108,0.1493662323035557,0.09540586906462555,0.14294754289271477,0.15964310307256108,0.15964310307256108,0.15964310307256108,glob_probe,glob_probe,0.0,0.007706446406271661,1706,303
nfcorpus,20,20,False,14,2214300,False,15.916218722835715,12.679249895350727,0.15512616256452008,0.16632170199050939,0.15445520927861314,0.10296843633586983,0.14927780350585254,0.16632170199050939,0.16632170199050939,0.16632170199050939,glob_probe,glob_probe,0.0,0.0058483590586675405,1645,303
nfcorpus,20,20,False,15,2215300,False,5.363999558845234,12.679249895350727,0.12153212309489916,0.15592609007924663,0.14463715138955197,0.09530713013976216,0.1386424274904209,0.15592609007924663,0.15592609007924663,0.15592609007924663,glob_probe,glob_probe,0.0,0.017110304395521747,1726,303
nfcorpus,20,20,False,16,2216300,False,5.947224922356798,12.679249895350727,0.12902379746629472,0.15985198261490924,0.15018630176789413,0.09813781296383972,0.1431204925902787,0.15985198261490924,0.15985198261490924,0.15985198261490924,glob_probe,glob_probe,0.0,0.014096695123983982,1634,303
nfcorpus,20,20,False,17,2217300,False,13.028286557265243,12.679249895350727,0.14808111593014586,0.16518436183873608,0.15432612194988193,0.10103853308619137,0.14801370722849136,0.16518436183873608,0.16518436183873608,0.16518436183873608,glob_probe,glob_probe,0.0,6.74087016545033e-05,1846,303
nfcorpus,20,20,False,18,2218300,False,11.370518558635844,12.679249895350727,0.1418333326604994,0.1616060552160024,0.15215595580770735,0.09913550702971452,0.14587269449612864,0.1616060552160024,0.1616060552160024,0.1616060552160024,glob_probe,glob_probe,0.0,0.004039361835629224,1597,303
nfcorpus,20,20,False,19,2219300,False,20.955648040474564,12.679249895350727,0.15804284484655762,0.164573563124629,0.15360506380115882,0.09936771593626838,0.1477942893428008,0.164573563124629,0.164573563124629,0.164573563124629,glob_probe,glob_probe,0.0,0.010248555503756807,1676,303
nfcorpus,20,20,False,20,2220300,False,9.454267916096594,12.679249895350727,0.13905861314500162,0.15979263850134096,0.1453657247444419,0.10064271055040559,0.14293303441893718,0.15979263850134096,0.1453657247444419,0.15979263850134096,trunc,glob_probe,0.014426913756899057,0.0038744212739355577,1607,303
nfcorpus,20,20,False,21,2221300,False,12.854786041690776,12.679249895350727,0.14960217424892144,0.1667526966265652,0.15544610546618,0.1021701241826733,0.1495563363317964,0.1667526966265652,0.1667526966265652,0.1667526966265652,glob_probe,glob_probe,0.0,4.58379171250356e-05,1712,303
nfcorpus,20,20,False,22,2222300,False,5.789998201921332,12.679249895350727,0.1284375515218844,0.15991688774197305,0.1502802108711347,0.09880636312738067,0.1428846555681768,0.15991688774197305,0.15991688774197305,0.15991688774197305,glob_probe,glob_probe,0.0,0.014447104046292403,1627,303
nfcorpus,20,20,False,23,2223300,False,14.583964991865216,12.679249895350727,0.1541852636297673,0.16709632577997874,0.15486466771710544,0.10174884163757372,0.14943552616276262,0.16709632577997874,0.16709632577997874,0.16709632577997874,glob_probe,glob_probe,0.0,0.004749737467004689,1833,303
nfcorpus,20,20,False,24,2224300,False,14.539982642703498,12.679249895350727,0.1528287783460201,0.16464950176634488,0.15329886784125646,0.09972566188235298,0.14806383725839575,0.16464950176634488,0.16464950176634488,0.16464950176634488,glob_probe,glob_probe,0.0,0.004764941087624347,1731,303
nfcorpus,20,20,False,25,2225300,False,8.476241260206907,12.679249895350727,0.1388157011745108,0.16482225643006995,0.15373225401319057,0.09992720784661002,0.14773801757583632,0.16482225643006995,0.16482225643006995,0.16482225643006995,glob_probe,glob_probe,0.0,0.008922316401325514,1731,303
nfcorpus,20,20,False,26,2226300,False,13.843509780121629,12.679249895350727,0.15037553032199646,0.16658659052452887,0.1546503895852115,0.10137266757611527,0.1497383977429316,0.16658659052452887,0.16658659052452887,0.16658659052452887,glob_probe,glob_probe,0.0,0.0006371325790648641,1852,303
nfcorpus,20,20,False,27,2227300,False,22.81438373861492,12.679249895350727,0.16668231925064886,0.16843524262338624,0.15732638272511354,0.10364839601051345,0.15197095816317638,0.16843524262338624,0.16843524262338624,0.16843524262338624,glob_probe,glob_probe,0.0,0.01471136108747248,1767,303
nfcorpus,20,20,False,28,2228300,False,12.391079251178635,12.679249895350727,0.1502928429724017,0.1669081108971389,0.15243619327927338,0.10301497552722749,0.15060040341204176,0.1669081108971389,0.15243619327927338,0.1669081108971389,trunc,glob_probe,0.01447191761786551,0.00030756043964005886,1701,303
nfcorpus,20,20,False,29,2229300,False,9.134421037565367,12.679249895350727,0.13661864423880668,0.16033377572309884,0.15037216928302205,0.09861466327402799,0.14434591408724584,0.16033377572309884,0.16033377572309884,0.16033377572309884,glob_probe,glob_probe,0.0,0.007727269848439161,1746,303
nfcorpus,20,20,False,30,2230300,False,13.814182264039633,12.679249895350727,0.1480068420159914,0.1635595781095948,0.15407395170398622,0.10197836440729315,0.14736970943692648,0.1635595781095948,0.1635595781095948,0.1635595781095948,glob_probe,glob_probe,0.0,0.0006371325790649196,1709,303
nfcorpus,20,20,False,31,2231300,False,18.316831371061696,12.679249895350727,0.16088567478915322,0.16987958891813826,0.15607188352033421,0.10496097299485599,0.15249462287199106,0.16987958891813826,0.15607188352033421,0.16987958891813826,trunc,glob_probe,0.013807705397804043,0.008391051917162162,1706,303
nfcorpus,20,20,False,32,2232300,False,10.573659633863826,12.679249895350727,0.13813215781533705,0.16048602111016905,0.14928260067314209,0.09868842880100108,0.1436881715358149,0.16048602111016905,0.16048602111016905,0.16048602111016905,glob_probe,glob_probe,0.0,0.005556013720477843,1654,303
nfcorpus,20,20,False,33,2233300,False,15.260092439392192,12.679249895350727,0.15442679669178497,0.16618843244568945,0.15549105317248094,0.10308893073753338,0.149313778264597,0.16618843244568945,0.16618843244568945,0.16618843244568945,glob_probe,glob_probe,0.0,0.005113018427187976,1786,303
nfcorpus,20,20,False,34,2234300,False,10.27414146520574,12.679249895350727,0.14108627640205995,0.16324659803809777,0.15293869889841977,0.10185309951013198,0.14634334570567561,0.16324659803809777,0.16324659803809777,0.16324659803809777,glob_probe,glob_probe,0.0,0.0052570693036156635,1685,303
nfcorpus,20,20,False,35,2235300,False,17.53970604981701,12.679249895350727,0.1553971019296535,0.1648741000967017,0.15239002397425375,0.09963820892124604,0.14757272775245647,0.1648741000967017,0.1648741000967017,0.1648741000967017,glob_probe,glob_probe,0.0,0.00782437417719703,1780,303
nfcorpus,20,20,False,36,2236300,False,15.614447445315143,12.679249895350727,0.1569219776189095,0.16813527303776785,0.15658225233220102,0.1034437816533845,0.1511519304516549,0.16813527303776785,0.16813527303776785,0.16813527303776785,glob_probe,glob_probe,0.0,0.005770047167254599,1727,303
nfcorpus,20,20,False,37,2237300,False,16.18330543859117,12.679249895350727,0.1473055384486734,0.16153195941482773,0.14786799619572003,0.09808555484932739,0.1420441265940299,0.16153195941482773,0.1473055384486734,0.1473055384486734,ad_probe,ad_probe,0.01422642096615434,0.0052614118546434885,1670,303
nfcorpus,20,20,False,38,2238300,False,15.81217009042733,12.679249895350727,0.1485787652632844,0.16014101593869118,0.14784534578505104,0.09677142672476982,0.14273035708355636,0.16014101593869118,0.16014101593869118,0.16014101593869118,glob_probe,glob_probe,0.0,0.005848408179728037,1772,303
nfcorpus,20,20,False,39,2239300,False,17.952093477178575,12.679249895350727,0.15338328939893034,0.16274901202459555,0.1506660495737504,0.09963789384638636,0.1452627855114895,0.16274901202459555,0.16274901202459555,0.16274901202459555,glob_probe,glob_probe,0.0,0.008120503887440844,1805,303
nfcorpus,20,20,False,40,2240300,False,6.94906176598235,12.679249895350727,0.1340547092667996,0.1640032785643778,0.15158697136878607,0.10053781337236782,0.14653292976504972,0.1640032785643778,0.1640032785643778,0.1640032785643778,glob_probe,glob_probe,0.0,0.01247822049825012,1780,303
nfcorpus,20,20,False,41,2241300,False,11.626520871982157,12.679249895350727,0.14534624483857786,0.1654870033182398,0.154032419742865,0.10110102110239144,0.1490569019905954,0.1654870033182398,0.1654870033182398,0.1654870033182398,glob_probe,glob_probe,0.0,0.0037106571520175435,1681,303
nfcorpus,20,20,False,42,2242300,False,12.550803684187517,12.679249895350727,0.14691812469212892,0.16276208803056916,0.15328214848319072,0.10381049240918021,0.14691812469212892,0.16276208803056916,0.16276208803056916,0.16276208803056916,glob_probe,glob_probe,0.0,0.0,1643,303
nfcorpus,20,20,False,43,2243300,False,11.01279315501482,12.679249895350727,0.1401065215075063,0.16209262840775474,0.1511692214969174,0.10203479306345355,0.14543196567834735,0.16209262840775474,0.16209262840775474,0.16209262840775474,glob_probe,glob_probe,0.0,0.005325444170841048,1723,303
nfcorpus,20,20,False,44,2244300,False,12.289691443251964,12.679249895350727,0.15053469947471113,0.16771679035583736,0.15622478853343347,0.10351201037205487,0.15083940248575117,0.16771679035583736,0.16771679035583736,0.16771679035583736,glob_probe,glob_probe,0.0,0.00030470301104004727,1733,303
nfcorpus,20,20,False,45,2245300,False,11.49812061413855,12.679249895350727,0.14196147157290515,0.1625520313175746,0.15059186601816832,0.09631511516674206,0.14567996798865904,0.1625520313175746,0.1625520313175746,0.1625520313175746,glob_probe,glob_probe,0.0,0.0037184964157538913,1886,303
nfcorpus,20,20,False,46,2246300,False,42.63299120585689,12.679249895350727,0.17718737308272275,0.16871325618537142,0.1578251621109146,0.10479678788518812,0.15199555233120832,0.16871325618537142,0.17718737308272275,0.17718737308272275,ad_probe,ad_probe,0.0,0.025191820751514438,1768,303
nfcorpus,20,20,False,47,2247300,False,17.165024705911165,12.679249895350727,0.15304757493199606,0.15876190234673965,0.1467867051451741,0.09763799001381264,0.14542020899653993,0.15876190234673965,0.15876190234673965,0.15876190234673965,glob_probe,glob_probe,0.0,0.007627365935456126,1756,303
nfcorpus,20,20,False,48,2248300,False,5.199515442296981,12.679249895350727,0.12912284632287713,0.16265605140234307,0.15107213941170994,0.09992374499636841,0.14543318201203273,0.16265605140234307,0.16265605140234307,0.16265605140234307,glob_probe,glob_probe,0.0,0.016310335689155603,1673,303
nfcorpus,20,20,False,49,2249300,False,9.402540978973862,12.679249895350727,0.13847897142662846,0.16273982966842926,0.1490809405188684,0.09621006245944257,0.1457212467501256,0.16273982966842926,0.1490809405188684,0.16273982966842926,trunc,glob_probe,0.013658889149560871,0.007242275323497138,1800,303
nfcorpus,50,50,False,0,2300315,False,11.610337132058136,12.679249895350727,0.13776751507977483,0.15527534524011993,0.14569153304978935,0.0980012190783631,0.1418374555628525,0.15527534524011993,0.15527534524011993,0.15527534524011993,glob_probe,glob_probe,0.0,0.004069940483077655,4321,273
nfcorpus,50,50,False,1,2301315,False,13.78172513557216,12.679249895350727,0.15362845201447078,0.170286200042986,0.15912215004563995,0.10306779806660049,0.15307675916807362,0.170286200042986,0.170286200042986,0.170286200042986,glob_probe,glob_probe,0.0,0.0005516928463971671,4409,273
nfcorpus,50,50,False,2,2302315,False,14.048790889840653,12.679249895350727,0.15608963406125528,0.17122440501478867,0.15992703433849761,0.10433824190198517,0.1553798276526466,0.17122440501478867,0.17122440501478867,0.17122440501478867,glob_probe,glob_probe,0.0,0.0007098064086086819,4198,273
nfcorpus,50,50,False,3,2303315,False,19.454768522447104,12.679249895350727,0.15665963483336653,0.16523753034913063,0.15331215701869438,0.09956057820431646,0.14727677031920172,0.16523753034913063,0.16523753034913063,0.16523753034913063,glob_probe,glob_probe,0.0,0.009382864514164813,4270,273
nfcorpus,50,50,False,4,2304315,False,11.395979999752118,12.679249895350727,0.1414397044071913,0.16158201667553454,0.15210922615854772,0.09593661381874767,0.14571945195532351,0.16158201667553454,0.16158201667553454,0.16158201667553454,glob_probe,glob_probe,0.0,0.004279747548132207,4361,273
nfcorpus,50,50,False,5,2305315,False,12.224364230164712,12.679249895350727,0.15371985046624903,0.1704217477279087,0.15722956507460656,0.1045538196987854,0.15406993019369183,0.1704217477279087,0.1704217477279087,0.1704217477279087,glob_probe,glob_probe,0.0,0.0003500797274428036,4424,273
nfcorpus,50,50,False,6,2306315,False,10.475695485746993,12.679249895350727,0.14024064146088505,0.15832829724229194,0.15007663855752043,0.10094669323119103,0.1463795988823927,0.15832829724229194,0.15832829724229194,0.15832829724229194,glob_probe,glob_probe,0.0,0.006138957421507635,4215,273
nfcorpus,50,50,False,7,2307315,False,11.18965704409435,12.679249895350727,0.13901831612152496,0.16096501199548383,0.15232235243366316,0.09572811703754179,0.1442327320522836,0.16096501199548383,0.16096501199548383,0.16096501199548383,glob_probe,glob_probe,0.0,0.005214415930758637,4404,273
nfcorpus,50,50,False,8,2308315,False,14.562993529545098,12.679249895350727,0.15802931393540787,0.16623751922531557,0.1560782896834122,0.1044104451446262,0.1529977556182584,0.16623751922531557,0.16623751922531557,0.16623751922531557,glob_probe,glob_probe,0.0,0.005031558317149465,4392,273
nfcorpus,50,50,False,9,2309315,False,10.512384194591249,12.679249895350727,0.14246159534751227,0.16541392695160423,0.1515440852496863,0.09936633829550487,0.14813290698001091,0.16541392695160423,0.16541392695160423,0.16541392695160423,glob_probe,glob_probe,0.0,0.005671311632498649,4409,273
nfcorpus,50,50,False,10,2310315,False,14.696590449951465,12.679249895350727,0.151997979622433,0.1643515745526079,0.1507452979746627,0.10289881136292997,0.1469022013442261,0.1643515745526079,0.1643515745526079,0.1643515745526079,glob_probe,glob_probe,0.0,0.005095778278206897,4246,273
nfcorpus,50,50,False,11,2311315,False,15.199330175728523,12.679249895350727,0.14975008036820792,0.16597204841919858,0.14853035449865404,0.09990063096631735,0.1480692200923869,0.16597204841919858,0.14853035449865404,0.14975008036820792,trunc,ad_probe,0.017441693920544538,0.0016808602758210112,4352,273
nfcorpus,50,50,False,12,2312315,False,9.870392168079245,12.679249895350727,0.13491516263525463,0.15838402486343617,0.14869761698910616,0.09473739097520716,0.14181071101487328,0.15838402486343617,0.15838402486343617,0.15838402486343617,glob_probe,glob_probe,0.0,0.006895548379618643,4026,273
nfcorpus,50,50,False,13,2313315,False,11.870625083533637,12.679249895350727,0.14497652123280372,0.1657290338783478,0.1546581830592699,0.10298588385429289,0.1490082934174492,0.1657290338783478,0.1657290338783478,0.1657290338783478,glob_probe,glob_probe,0.0,0.004031772184645482,4165,273
nfcorpus,50,50,False,14,2314315,False,9.402540978973862,12.679249895350727,0.1404973422252191,0.16635715192236933,0.15535070889926877,0.0967720533720641,0.14833160646853774,0.16635715192236933,0.16635715192236933,0.16635715192236933,glob_probe,glob_probe,0.0,0.00783426424331865,4555,273
nfcorpus,50,50,False,15,2315315,False,15.302947492859962,12.679249895350727,0.1480668276955606,0.16225518288487706,0.1505487990686856,0.1027812263396472,0.14660456047096554,0.16225518288487706,0.1480668276955606,0.1480668276955606,ad_probe,ad_probe,0.014188355189316465,0.001462267224595054,4317,273
nfcorpus,50,50,False,16,2316315,False,12.849615741780841,12.679249895350727,0.14920395104075523,0.16704178673412032,0.15415976150923438,0.10233752206193994,0.14915307598988017,0.16704178673412032,0.16704178673412032,0.16704178673412032,glob_probe,glob_probe,0.0,5.0875050875059946e-05,4216,273
nfcorpus,50,50,False,17,2317315,False,17.679048331176155,12.679249895350727,0.15461750987107742,0.16509982975495444,0.1527943455343927,0.09747246900694287,0.14652698858957416,0.16509982975495444,0.16509982975495444,0.16509982975495444,glob_probe,glob_probe,0.0,0.008090521281503255,4336,273
nfcorpus,50,50,False,18,2318315,False,17.41910377775429,12.679249895350727,0.1520427274878066,0.16016524257693054,0.14971351268318597,0.09852325339717398,0.14454088789255068,0.16016524257693054,0.16016524257693054,0.16016524257693054,glob_probe,glob_probe,0.0,0.00750183959525591,4211,273
nfcorpus,50,50,False,19,2319315,False,13.182837022817804,12.679249895350727,0.1483522536317839,0.16117115233722396,0.1499268150707127,0.09924993521014096,0.14818527503055157,0.16117115233722396,0.16117115233722396,0.16117115233722396,glob_probe,glob_probe,0.0,0.000166978601232326,4465,273
nfcorpus,50,50,False,20,2320315,False,14.562993529545098,12.679249895350727,0.15283524108570157,0.16411668399249962,0.15233133429955814,0.09870939258686064,0.14758619202514034,0.16411668399249962,0.16411668399249962,0.16411668399249962,glob_probe,glob_probe,0.0,0.005249049060561228,4471,273
nfcorpus,50,50,False,21,2321315,False,8.913630612131776,12.679249895350727,0.13976371495868775,0.1614716521620451,0.14965973010916422,0.09849806005166524,0.14780032812138494,0.1614716521620451,0.1614716521620451,0.1614716521620451,glob_probe,glob_probe,0.0,0.008036613162697187,4350,273
nfcorpus,50,50,False,22,2322315,False,10.705172740399616,12.679249895350727,0.13897654777477295,0.16028608019126322,0.15095485392637098,0.09665353158756572,0.1450712126559268,0.16028608019126322,0.16028608019126322,0.16028608019126322,glob_probe,glob_probe,0.0,0.006094664881153844,4427,273
nfcorpus,50,50,False,23,2323315,False,12.582533950518979,12.679249895350727,0.14392272965295264,0.16070875241677585,0.15137428676960665,0.097790432657509,0.14392272965295264,0.16070875241677585,0.16070875241677585,0.16070875241677585,glob_probe,glob_probe,0.0,0.0,4347,273
nfcorpus,50,50,False,24,2324315,False,13.142237251569941,12.679249895350727,0.14266373238485203,0.16304293642810233,0.15045177425723655,0.0988936028668287,0.14252576089799618,0.16304293642810233,0.14266373238485203,0.14266373238485203,ad_probe,ad_probe,0.020379204043250304,0.00013797148685584792,4420,273
nfcorpus,50,50,False,25,2325315,False,11.3682181559243,12.679249895350727,0.14763640123918115,0.1653948313179142,0.15481402552896362,0.10432314115907484,0.1520719530822381,0.1653948313179142,0.1653948313179142,0.1653948313179142,glob_probe,glob_probe,0.0,0.00443555184305694,4404,273
nfcorpus,50,50,False,26,2326315,False,13.352916532513802,12.679249895350727,0.14767145897232856,0.16437276650225519,0.15063106032541143,0.10231997197777674,0.14739185469055507,0.16437276650225519,0.16437276650225519,0.16437276650225519,glob_probe,glob_probe,0.0,0.0002796042817734823,4458,273
nfcorpus,50,50,False,27,2327315,False,11.696421582697404,12.679249895350727,0.14476192701209833,0.16552545736065688,0.15484151881190777,0.10282378317950523,0.14886244915841074,0.16552545736065688,0.16552545736065688,0.16552545736065688,glob_probe,glob_probe,0.0,0.004100522146312402,4510,273
nfcorpus,50,50,False,28,2328315,False,13.278424344839198,12.679249895350727,0.1512739144559699,0.16846323507401825,0.157887754089152,0.10349186671449101,0.1510896516664415,0.16846323507401825,0.16846323507401825,0.16846323507401825,glob_probe,glob_probe,0.0,0.00018426278952840547,4320,273
nfcorpus,50,50,False,29,2329315,False,13.78172513557216,12.679249895350727,0.15876603773959203,0.17148219085035374,0.16100509178255648,0.10828564962200049,0.15805889059139908,0.17148219085035374,0.17148219085035374,0.17148219085035374,glob_probe,glob_probe,0.0,0.0007071471481929492,4468,273
nfcorpus,50,50,False,30,2330315,False,13.514380958107733,12.679249895350727,0.15056580806760092,0.1663557494065675,0.15831726106900998,0.10393485707636965,0.1502541525037761,0.1663557494065675,0.1663557494065675,0.1663557494065675,glob_probe,glob_probe,0.0,0.0003116555638248142,4347,273
nfcorpus,50,50,False,31,2331315,False,11.464698148212934,12.679249895350727,0.1425906365926601,0.1577550920838184,0.1479860352480294,0.10380428041741323,0.1468703841407923,0.1577550920838184,0.1577550920838184,0.1577550920838184,glob_probe,glob_probe,0.0,0.004279747548132179,4390,273
nfcorpus,50,50,False,32,2332315,False,9.973266236679247,12.679249895350727,0.13925226773111454,0.16381364239204058,0.1480085788888777,0.0969919201058997,0.14603137343071126,0.16381364239204058,0.1480085788888777,0.16381364239204058,trunc,glob_probe,0.01580506350316288,0.006779105699596721,4222,273
nfcorpus,50,50,False,33,2333315,False,14.951701872888744,12.679249895350727,0.14952577083682075,0.16221759176393707,0.14911096840631657,0.0973023221376924,0.14427380132089102,0.16221759176393707,0.16221759176393707,0.16221759176393707,glob_probe,glob_probe,0.0,0.005251969515929739,4253,273
nfcorpus,50,50,False,34,2334315,False,16.319959612376124,12.679249895350727,0.16110510146586912,0.1723323490263437,0.16166194533051745,0.10948325703174623,0.15475428140323022,0.1723323490263437,0.1723323490263437,0.1723323490263437,glob_probe,glob_probe,0.0,0.006350820062638901,4269,273
nfcorpus,50,50,False,35,2335315,False,9.77432371130632,12.679249895350727,0.14137069659741985,0.16633565645734677,0.15588689879362366,0.1026313405186086,0.1491668853088043,0.16633565645734677,0.16633565645734677,0.16633565645734677,glob_probe,glob_probe,0.0,0.007796188711384433,4189,273
nfcorpus,50,50,False,36,2336315,False,8.07944548281158,12.679249895350727,0.1307271234910264,0.15722106948144707,0.14969982170014387,0.09581650520361815,0.1407536069780898,0.15722106948144707,0.15722106948144707,0.15722106948144707,glob_probe,glob_probe,0.0,0.01002648348706342,4304,273
nfcorpus,50,50,False,37,2337315,False,14.814547963207376,12.679249895350727,0.14594355154008917,0.16554421346541243,0.14725900329625372,0.09953127479395152,0.14426566559197238,0.16554421346541243,0.14594355154008917,0.14594355154008917,ad_probe,ad_probe,0.019600661925323254,0.0016778859481167974,4493,273
nfcorpus,50,50,False,38,2338315,False,15.260092439392192,12.679249895350727,0.15440160455793414,0.16359614936752145,0.15640329936843755,0.10375610761520455,0.1492863415335379,0.16359614936752145,0.16359614936752145,0.16359614936752145,glob_probe,glob_probe,0.0,0.005115263024396244,4368,273
nfcorpus,50,50,False,39,2339315,False,10.085176403399423,12.679249895350727,0.14549364752550065,0.1697701581842334,0.15819193725777536,0.10309936331275436,0.15178234132105983,0.1697701581842334,0.1697701581842334,0.1697701581842334,glob_probe,glob_probe,0.0,0.006288693795559186,4231,273
nfcorpus,50,50,False,40,2340315,False,9.973266236679247,12.679249895350727,0.14509402414410114,0.16274946169759397,0.14977357319602772,0.10163958660154923,0.15134615847386837,0.16274946169759397,0.16274946169759397,0.16274946169759397,glob_probe,glob_probe,0.0,0.006252134329767234,4437,273
nfcorpus,50,50,False,41,2341315,False,12.27728400290486,12.679249895350727,0.14392292351186833,0.1611335918371621,0.14776221928043184,0.0956645297412073,0.1442730032393111,0.1611335918371621,0.1611335918371621,0.1611335918371621,glob_probe,glob_probe,0.0,0.0003500797274427758,4180,273
nfcorpus,50,50,False,42,2342315,False,14.834691919705834,12.679249895350727,0.15198437391379394,0.16469784977185142,0.15369067335625186,0.10108588454803029,0.14692412792168152,0.16469784977185142,0.16469784977185142,0.16469784977185142,glob_probe,glob_probe,0.0,0.005060245992112411,4438,273
nfcorpus,50,50,False,43,2343315,False,10.145667019701612,12.679249895350727,0.13841777137214764,0.16081909728648583,0.15076993555215384,0.10204432425321845,0.14496829145516854,0.16081909728648583,0.16081909728648583,0.16081909728648583,glob_probe,glob_probe,0.0,0.0065505200830209,4416,273
nfcorpus,50,50,False,44,2344315,False,12.603173271914397,12.679249895350727,0.14695769129502206,0.16231062809838562,0.1517606155563175,0.10697230318202183,0.14695769129502206,0.16231062809838562,0.16231062809838562,0.16231062809838562,glob_probe,glob_probe,0.0,0.0,4338,273
nfcorpus,50,50,False,45,2345315,False,14.696590449951465,12.679249895350727,0.16219518309717026,0.17248598472225946,0.1623629189147846,0.10765860658547145,0.15731940839262548,0.17248598472225946,0.17248598472225946,0.17248598472225946,glob_probe,glob_probe,0.0,0.004875774704544783,4236,273
nfcorpus,50,50,False,46,2346315,False,7.9502712737796,12.679249895350727,0.14770833963697788,0.17595117359913318,0.16359746278534693,0.10581410499382174,0.1579640976621914,0.17595117359913318,0.17595117359913318,0.17595117359913318,glob_probe,glob_probe,0.0,0.01025575802521353,4570,273
nfcorpus,50,50,False,47,2347315,False,12.858424098802722,12.679249895350727,0.15729792309657303,0.17524004880485075,0.15968334567058862,0.10907752122700318,0.15724704804569797,0.17524004880485075,0.15968334567058862,0.17524004880485075,trunc,glob_probe,0.015556703134262134,5.0875050875059946e-05,4590,273
nfcorpus,50,50,False,48,2348315,False,15.485578875334694,12.679249895350727,0.15900313330806862,0.16951133851959002,0.1590029185551659,0.1059450588581166,0.15313023534363154,0.16951133851959002,0.16951133851959002,0.16951133851959002,glob_probe,glob_probe,0.0,0.005872897964437074,4222,273
nfcorpus,50,50,False,49,2349315,False,16.078506955931676,12.679249895350727,0.16245824063135378,0.17273362303698464,0.16032969357345425,0.10622151567340053,0.15634699405230296,0.17273362303698464,0.17273362303698464,0.17273362303698464,glob_probe,glob_probe,0.0,0.006111246579050822,4463,273
nfcorpus,100,100,False,0,2400083,False,12.205671943649161,12.679249895350727,0.13236851185166548,0.1560550277102665,0.13690458022866858,0.08878372829360334,0.1328306154539988,0.1560550277102665,0.13690458022866858,0.1560550277102665,trunc,glob_probe,0.019150447481597915,0.0004621036023333136,8701,223
nfcorpus,100,100,False,1,2401083,False,16.048199076305014,12.679249895350727,0.1639997926570148,0.17878612487557724,0.15910303117891272,0.11569919715470618,0.16148098113886217,0.17878612487557724,0.15910303117891272,0.17878612487557724,trunc,glob_probe,0.019683093696664516,0.0025188115181526416,8713,223
nfcorpus,100,100,False,2,2402083,False,12.97288004901031,12.679249895350727,0.13770974507153463,0.15577184101467614,0.1400847057822537,0.08988928650740508,0.13768043588896775,0.15577184101467614,0.15577184101467614,0.15577184101467614,glob_probe,glob_probe,0.0,2.9309182566883418e-05,8639,223
nfcorpus,100,100,False,3,2403083,False,10.815995904964254,12.679249895350727,0.13916749306286091,0.160447145028753,0.14444218810421422,0.1026835165709039,0.1399164789229268,0.160447145028753,0.160447145028753,0.160447145028753,glob_probe,glob_probe,0.0,0.0007489858600658872,8627,223
nfcorpus,100,100,False,4,2404083,False,10.307774561981043,12.679249895350727,0.1398718147126206,0.1624114017956022,0.15026218561051827,0.1016365554734871,0.14150537192955642,0.1624114017956022,0.1624114017956022,0.1624114017956022,glob_probe,glob_probe,0.0,0.0016335572169358104,8910,223
nfcorpus,100,100,False,5,2405083,False,11.619862858276894,12.679249895350727,0.15132737082517528,0.1732650552426486,0.16144948611995114,0.10758935733940132,0.15603491045320378,0.1732650552426486,0.1732650552426486,0.1732650552426486,glob_probe,glob_probe,0.0,0.004707539628028501,8801,223
nfcorpus,100,100,False,6,2406083,False,11.80072437281839,12.679249895350727,0.14425058332935675,0.16720376264892156,0.15572211144340778,0.09647003440394158,0.14881321090632002,0.16720376264892156,0.16720376264892156,0.16720376264892156,glob_probe,glob_probe,0.0,0.0045626275769632685,8758,223
nfcorpus,100,100,False,7,2407083,False,12.150429610984741,12.679249895350727,0.14889578847051593,0.16685730803555224,0.1582015516367835,0.09712180881900462,0.14932238112116866,0.16685730803555224,0.16685730803555224,0.16685730803555224,glob_probe,glob_probe,0.0,0.00042659265065272955,8453,223
nfcorpus,100,100,False,8,2408083,False,11.573693965259277,12.679249895350727,0.13635621294766484,0.15832755136847992,0.14437891700876965,0.09734867340240436,0.1410034349304942,0.15832755136847992,0.15832755136847992,0.15832755136847992,glob_probe,glob_probe,0.0,0.004647221982829353,8775,223
nfcorpus,100,100,False,9,2409083,False,15.268877735842844,12.679249895350727,0.15438362056134564,0.17107280192505084,0.1589360164496572,0.10428289477390675,0.14807053399458014,0.17107280192505084,0.17107280192505084,0.17107280192505084,glob_probe,glob_probe,0.0,0.006313086566765491,8539,223
nfcorpus,100,100,False,10,2410083,False,10.347939519865928,12.679249895350727,0.14035903741244152,0.16709764991540568,0.14596446407460056,0.09954084904928223,0.14348927878225295,0.16709764991540568,0.14596446407460056,0.16709764991540568,trunc,glob_probe,0.02113318584080512,0.0031302413698114373,8685,223
nfcorpus,100,100,False,11,2411083,False,15.192422915816344,12.679249895350727,0.1532341563225552,0.16584604146366322,0.156930089014792,0.10236558578700693,0.1474423775676145,0.16584604146366322,0.16584604146366322,0.16584604146366322,glob_probe,glob_probe,0.0,0.005791778754940691,8716,223
nfcorpus,100,100,False,12,2412083,False,9.651647486283082,12.679249895350727,0.11853828705339167,0.14184828522105775,0.13386570492882274,0.08508256550644988,0.12176046358977276,0.14184828522105775,0.14184828522105775,0.14184828522105775,glob_probe,glob_probe,0.0,0.0032221765363810856,8514,223
nfcorpus,100,100,False,13,2413083,False,13.117288812252639,12.679249895350727,0.16415326307698982,0.17695919352427777,0.15894835112372568,0.10671332470432791,0.16396147717238005,0.17695919352427777,0.15894835112372568,0.17695919352427777,trunc,glob_probe,0.01801084240055209,0.00019178590460977585,8831,223
nfcorpus,100,100,False,14,2414083,False,11.989474053612419,12.679249895350727,0.13745094697161186,0.16087401028341447,0.14468833482226984,0.0937300782686823,0.13753026120851738,0.16087401028341447,0.16087401028341447,0.16087401028341447,glob_probe,glob_probe,0.0,7.931423690551997e-05,8753,223
nfcorpus,100,100,False,15,2415083,False,12.550803684187517,12.679249895350727,0.15572053474943182,0.17618374261493694,0.15974244373365645,0.11025287279152697,0.15572053474943182,0.17618374261493694,0.17618374261493694,0.17618374261493694,glob_probe,glob_probe,0.0,0.0,8396,223
nfcorpus,100,100,False,16,2416083,False,13.563463430716922,12.679249895350727,0.15565025120425247,0.16513267631295303,0.1573160431168169,0.10759198915318732,0.15519395700676408,0.16513267631295303,0.16513267631295303,0.16513267631295303,glob_probe,glob_probe,0.0,0.00045629419748838274,8657,223
nfcorpus,100,100,False,17,2417083,False,13.14010355054702,12.679249895350727,0.13958565463238035,0.15648922353790787,0.1465172072702296,0.09376290649491899,0.1394561507407252,0.15648922353790787,0.15648922353790787,0.15648922353790787,glob_probe,glob_probe,0.0,0.00012950389165514165,8499,223
nfcorpus,100,100,False,18,2418083,False,13.14010355054702,12.679249895350727,0.14034493488976266,0.15939880939056744,0.14574272235706925,0.09653960418266057,0.14017602809195256,0.15939880939056744,0.15939880939056744,0.15939880939056744,glob_probe,glob_probe,0.0,0.0001689067978100922,8644,223
nfcorpus,100,100,False,19,2419083,False,14.543911092485505,12.679249895350727,0.1697303296070539,0.17583869452702855,0.16730298821194847,0.11332140857785661,0.16332429630251796,0.17583869452702855,0.17583869452702855,0.17583869452702855,glob_probe,glob_probe,0.0,0.00640603330453593,8467,223
nfcorpus,100,100,False,20,2420083,False,15.107413081926229,12.679249895350727,0.1536240646822456,0.16527692469828692,0.1554657406345932,0.09617679385131381,0.1474902110429011,0.16527692469828692,0.16527692469828692,0.16527692469828692,glob_probe,glob_probe,0.0,0.006133853639344489,8706,223
nfcorpus,100,100,False,21,2421083,False,12.319827886802585,12.679249895350727,0.1623119351762402,0.18484123439179825,0.17051539325902404,0.11670089175740908,0.16270263992312692,0.18484123439179825,0.18484123439179825,0.18484123439179825,glob_probe,glob_probe,0.0,0.00039070474688671086,8768,223
nfcorpus,100,100,False,22,2422083,False,14.048790889840653,12.679249895350727,0.15243196566961867,0.16559286487920757,0.15417642524842495,0.09838155342950806,0.15166030393724472,0.16559286487920757,0.16559286487920757,0.16559286487920757,glob_probe,glob_probe,0.0,0.0007716617323739461,8782,223
nfcorpus,100,100,False,23,2423083,False,11.66396671194423,12.679249895350727,0.14785117520769622,0.16684673887134263,0.1554327603817768,0.09986480810212942,0.152548063280065,0.16684673887134263,0.16684673887134263,0.16684673887134263,glob_probe,glob_probe,0.0,0.004696888072368788,8815,223
nfcorpus,100,100,False,24,2424083,False,10.307774561981043,12.679249895350727,0.13964947130104516,0.16183528251275361,0.15044465646295468,0.0954286578771255,0.14095997344470904,0.16183528251275361,0.16183528251275361,0.16183528251275361,glob_probe,glob_probe,0.0,0.0013105021436638775,8613,223
nfcorpus,100,100,False,25,2425083,False,11.644118119768322,12.679249895350727,0.1345880773371219,0.15338783121828853,0.14430423406159085,0.09223736494089264,0.1396405634984377,0.15338783121828853,0.15338783121828853,0.15338783121828853,glob_probe,glob_probe,0.0,0.005052486161315817,8762,223
nfcorpus,100,100,False,26,2426083,False,9.945669392192114,12.679249895350727,0.14068062214249377,0.16547037962408673,0.15233402304480767,0.09718080202998174,0.148597718314008,0.16547037962408673,0.16547037962408673,0.16547037962408673,glob_probe,glob_probe,0.0,0.007917096171514232,8641,223
nfcorpus,100,100,False,27,2427083,False,16.65637955929317,12.679249895350727,0.16313883739629595,0.17750083759262708,0.16218190441039365,0.104795373826411,0.15925041383307204,0.17750083759262708,0.17750083759262708,0.17750083759262708,glob_probe,glob_probe,0.0,0.003888423563223914,8508,223
nfcorpus,100,100,False,28,2428083,False,12.721433084368801,12.679249895350727,0.1475301165859942,0.16408532868024372,0.15247509646991025,0.09160369450655576,0.1475301165859942,0.16408532868024372,0.16408532868024372,0.16408532868024372,glob_probe,glob_probe,0.0,0.0,8869,223
nfcorpus,100,100,False,29,2429083,False,10.930798502982743,12.679249895350727,0.13792732396589222,0.1603678281517833,0.14399884735838692,0.10049110567365874,0.144734483560333,0.1603678281517833,0.1603678281517833,0.1603678281517833,glob_probe,glob_probe,0.0,0.0068071595944407814,8648,223
nfcorpus,100,100,False,30,2430083,False,12.718621745675588,12.679249895350727,0.13532001414277006,0.15431940267451624,0.14233184546791194,0.08419863733270282,0.13532001414277006,0.15431940267451624,0.15431940267451624,0.15431940267451624,glob_probe,glob_probe,0.0,0.0,8617,223
nfcorpus,100,100,False,31,2431083,False,11.348563495780173,12.679249895350727,0.14859328898975235,0.17065047406552214,0.16069746991608969,0.10319400993842967,0.15393919443199222,0.17065047406552214,0.17065047406552214,0.17065047406552214,glob_probe,glob_probe,0.0,0.005345905442239868,8531,223
nfcorpus,100,100,False,32,2432083,False,11.948464266320691,12.679249895350727,0.14789224057751968,0.17083073605571472,0.15680661345766062,0.10275559657485295,0.1483436672633465,0.17083073605571472,0.17083073605571472,0.17083073605571472,glob_probe,glob_probe,0.0,0.0004514266858268168,8586,223
nfcorpus,100,100,False,33,2433083,False,14.300091424557063,12.679249895350727,0.14602240478627745,0.16724838374051043,0.15007094591302308,0.1005021903044166,0.1450929462841328,0.16724838374051043,0.14602240478627745,0.14602240478627745,ad_probe,ad_probe,0.021225978954232977,0.0009294585021446533,8628,223
nfcorpus,100,100,False,34,2434083,False,13.352916532513802,12.679249895350727,0.15909571126098868,0.1787255908888581,0.1633806923022364,0.11090319308904001,0.15887013394466015,0.1787255908888581,0.1787255908888581,0.1787255908888581,glob_probe,glob_probe,0.0,0.00022557731632852351,8802,223
nfcorpus,100,100,False,35,2435083,False,10.13537377895868,12.679249895350727,0.14462485392609722,0.16928079850620703,0.15800736878637972,0.10214903495256795,0.15126846270602357,0.16928079850620703,0.16928079850620703,0.16928079850620703,glob_probe,glob_probe,0.0,0.006643608779926341,8668,223
nfcorpus,100,100,False,36,2436083,False,9.994130433933666,12.679249895350727,0.12766678937350698,0.1528890040099123,0.1496119030480601,0.09033771413044253,0.1348397380405371,0.1528890040099123,0.1528890040099123,0.1528890040099123,glob_probe,glob_probe,0.0,0.00717294866703011,8669,223
nfcorpus,100,100,False,37,2437083,False,11.939866675788252,12.679249895350727,0.14121793469969451,0.16342764455374467,0.15421979445850378,0.09844454544257365,0.14166938674636811,0.16342764455374467,0.16342764455374467,0.16342764455374467,glob_probe,glob_probe,0.0,0.0004514520466736005,8607,223
nfcorpus,100,100,False,38,2438083,False,11.370518558635844,12.679249895350727,0.15100660331187352,0.171359047501024,0.15943647049741458,0.10453737222564448,0.15615011703058462,0.171359047501024,0.171359047501024,0.171359047501024,glob_probe,glob_probe,0.0,0.005143513718711107,8700,223
nfcorpus,100,100,False,39,2439083,False,9.9530091805657,12.679249895350727,0.11236923693164394,0.13270226763264226,0.12376911007955987,0.0811789493783778,0.1150374173252998,0.13270226763264226,0.13270226763264226,0.13270226763264226,glob_probe,glob_probe,0.0,0.002668180393655864,8678,223
nfcorpus,100,100,False,40,2440083,False,11.689032470667133,12.679249895350727,0.1430638310577291,0.16540097253127117,0.15500001064461136,0.09686207073770076,0.14772561247215826,0.16540097253127117,0.16540097253127117,0.16540097253127117,glob_probe,glob_probe,0.0,0.004661781414429161,8749,223
nfcorpus,100,100,False,41,2441083,False,12.550803684187517,12.679249895350727,0.16466650239047784,0.17409947898551706,0.1633140343737723,0.11114263509385766,0.16466650239047784,0.17409947898551706,0.17409947898551706,0.17409947898551706,glob_probe,glob_probe,0.0,0.0,8553,223
nfcorpus,100,100,False,42,2442083,False,11.984781026687061,12.679249895350727,0.14127774070825788,0.16407261588276947,0.14840298001054675,0.09771619951293713,0.1458452423929921,0.16407261588276947,0.16407261588276947,0.16407261588276947,glob_probe,glob_probe,0.0,0.004567501684734215,8551,223
nfcorpus,100,100,False,43,2443083,False,12.87220948259731,12.679249895350727,0.1428886957900598,0.1639966860834409,0.14944559380137212,0.10001214608933112,0.14282641377710514,0.1639966860834409,0.1639966860834409,0.1639966860834409,glob_probe,glob_probe,0.0,6.228201295466196e-05,8772,223
nfcorpus,100,100,False,44,2444083,False,12.603173271914397,12.679249895350727,0.14459858362765599,0.1580915099645533,0.15175164210138295,0.09797542427591716,0.14459858362765599,0.1580915099645533,0.1580915099645533,0.1580915099645533,glob_probe,glob_probe,0.0,0.0,8336,223
nfcorpus,100,100,False,45,2445083,False,11.254780284424294,12.679249895350727,0.1381932645258798,0.15595226535923026,0.15114417426521556,0.09293518404229005,0.14365472897424553,0.15595226535923026,0.15595226535923026,0.15595226535923026,glob_probe,glob_probe,0.0,0.005461464448365733,8520,223
nfcorpus,100,100,False,46,2446083,False,11.976226110148506,12.679249895350727,0.16214817009341256,0.18267696912864465,0.17285038810445758,0.11956910191983576,0.16673507266359416,0.18267696912864465,0.18267696912864465,0.18267696912864465,glob_probe,glob_probe,0.0,0.0045869025701816,8694,223
nfcorpus,100,100,False,47,2447083,False,14.562993529545098,12.679249895350727,0.1428416947750302,0.15510744928638154,0.14758227706779617,0.09888457965691559,0.13711170788837848,0.15510744928638154,0.15510744928638154,0.15510744928638154,glob_probe,glob_probe,0.0,0.005729986886651717,8540,223
nfcorpus,100,100,False,48,2448083,False,13.0041050596667,12.679249895350727,0.12719549968210506,0.14883581390627074,0.13520178849531192,0.0879724804788925,0.12716619049953815,0.14883581390627074,0.14883581390627074,0.14883581390627074,glob_probe,glob_probe,0.0,2.9309182566911174e-05,8728,223
nfcorpus,100,100,False,49,2449083,False,9.075020668273538,12.679249895350727,0.14659981480155282,0.1750787672556118,0.16457139767192308,0.10690989750249728,0.15654462909603103,0.1750787672556118,0.1750787672556118,0.1750787672556118,glob_probe,glob_probe,0.0,0.009944814294478216,8608,223
scifact,5,5,False,0,2000490,False,0.9401854866915402,0.9764749604623257,0.7059887005649716,0.8559322033898306,0.8110169491525424,0.715593220338983,0.7110734463276835,0.8559322033898306,0.8559322033898306,0.7059887005649716,glob_probe,ad_probe,0.0,0.005084745762711895,450,295
scifact,5,5,False,1,2001490,False,0.8713172854606565,0.9764749604623257,0.7093785310734463,0.8593220338983051,0.8144067796610169,0.7223728813559321,0.7178531073446327,0.8593220338983051,0.8593220338983051,0.8593220338983051,glob_probe,glob_probe,0.0,0.008474576271186418,378,295
scifact,5,5,False,2,2002490,False,0.9264598915590907,0.9764749604623257,0.7161581920903954,0.8627118644067797,0.8211864406779661,0.7257627118644068,0.7212429378531073,0.8627118644067797,0.8627118644067797,0.8627118644067797,glob_probe,glob_probe,0.0,0.005084745762711895,440,295
scifact,5,5,False,3,2003490,False,0.9264598915590907,0.9764749604623257,0.7127683615819208,0.8593220338983051,0.8144067796610169,0.7223728813559321,0.7178531073446327,0.8593220338983051,0.8593220338983051,0.8593220338983051,glob_probe,glob_probe,0.0,0.005084745762711895,428,295
scifact,5,5,False,4,2004490,False,0.778488939695323,0.9764749604623257,0.6975141242937852,0.8559322033898306,0.8110169491525424,0.715593220338983,0.7110734463276835,0.8559322033898306,0.8559322033898306,0.8559322033898306,glob_probe,glob_probe,0.0,0.013559322033898313,400,295
scifact,5,5,False,5,2005490,False,0.9985092895177132,0.9764749604623257,0.7223728813559321,0.8593220338983051,0.8177966101694916,0.7223728813559321,0.7178531073446327,0.8593220338983051,0.8593220338983051,0.8593220338983051,glob_probe,glob_probe,0.0,0.004519774011299438,448,295
scifact,5,5,False,6,2006490,False,0.890675972539884,0.9764749604623257,0.7093785310734463,0.8559322033898306,0.8127118644067797,0.7189830508474576,0.7144632768361582,0.8559322033898306,0.8559322033898306,0.8559322033898306,glob_probe,glob_probe,0.0,0.005084745762711895,422,295
scifact,5,5,False,7,2007490,False,1.1178378307478447,0.9764749604623257,0.7223728813559321,0.8593220338983051,0.8144067796610169,0.7189830508474576,0.7144632768361582,0.8593220338983051,0.8593220338983051,0.7223728813559321,glob_probe,ad_probe,0.0,0.00790960451977396,426,295
scifact,5,5,False,8,2008490,False,1.149823918284709,0.9764749604623257,0.7223728813559321,0.8593220338983051,0.8144067796610169,0.7189830508474576,0.7144632768361582,0.8593220338983051,0.8593220338983051,0.7223728813559321,glob_probe,ad_probe,0.0,0.00790960451977396,418,295
scifact,5,5,False,9,2009490,False,0.9873461707829366,0.9764749604623257,0.7178531073446327,0.8576271186440678,0.8161016949152542,0.7223728813559321,0.7178531073446327,0.8576271186440678,0.8576271186440678,0.8576271186440678,glob_probe,glob_probe,0.0,0.0,422,295
scifact,5,5,False,10,2010490,False,0.9416838205889138,0.9764749604623257,0.7127683615819208,0.8593220338983051,0.8144067796610169,0.7223728813559321,0.7178531073446327,0.8593220338983051,0.8593220338983051,0.8593220338983051,glob_probe,glob_probe,0.0,0.005084745762711895,458,295
scifact,5,5,False,11,2011490,False,0.9630661540255447,0.9764749604623257,0.7153107344632768,0.8559322033898306,0.8152542372881356,0.7198305084745763,0.7153107344632768,0.8559322033898306,0.8559322033898306,0.8559322033898306,glob_probe,glob_probe,0.0,0.0,364,295
scifact,5,5,False,12,2012490,False,0.6662494861662062,0.9764749604623257,0.7009039548022599,0.8559322033898306,0.8211864406779661,0.7257627118644068,0.7212429378531073,0.8559322033898306,0.8559322033898306,0.8559322033898306,glob_probe,glob_probe,0.0,0.02033898305084747,392,295
scifact,5,5,False,13,2013490,False,0.995195017421023,0.9764749604623257,0.7144632768361582,0.8559322033898306,0.8110169491525424,0.7189830508474576,0.7144632768361582,0.8559322033898306,0.8559322033898306,0.8559322033898306,glob_probe,glob_probe,0.0,0.0,412,295
scifact,5,5,False,14,2014490,False,1.257202419445793,0.9764749604623257,0.7189830508474576,0.8559322033898306,0.8110169491525424,0.715593220338983,0.7110734463276835,0.8559322033898306,0.8559322033898306,0.7189830508474576,glob_probe,ad_probe,0.0,0.007909604519774072,467,295
scifact,5,5,False,15,2015490,False,0.9264580453249935,0.9764749604623257,0.7127683615819208,0.8627118644067797,0.8177966101694916,0.7223728813559321,0.7178531073446327,0.8627118644067797,0.8627118644067797,0.7127683615819208,glob_probe,ad_probe,0.0,0.005084745762711895,390,295
scifact,5,5,False,16,2016490,False,0.8112797071632215,0.9764749604623257,0.7025988700564972,0.8559322033898306,0.8110169491525424,0.7189830508474576,0.7144632768361583,0.8559322033898306,0.8559322033898306,0.8559322033898306,glob_probe,glob_probe,0.0,0.011864406779661052,372,295
scifact,5,5,False,17,2017490,False,0.7703258189297625,0.9764749604623257,0.7042937853107345,0.8593220338983051,0.8177966101694916,0.7257627118644068,0.7212429378531073,0.8593220338983051,0.8593220338983051,0.8593220338983051,glob_probe,glob_probe,0.0,0.016949152542372836,399,295
scifact,5,5,False,18,2018490,False,0.9428191937485085,0.9764749604623257,0.7127683615819208,0.8593220338983051,0.8144067796610169,0.7189830508474576,0.7144632768361582,0.8593220338983051,0.8593220338983051,0.8593220338983051,glob_probe,glob_probe,0.0,0.0016949152542373724,439,295
scifact,5,5,False,19,2019490,False,0.8869216588078734,0.9764749604623257,0.7059887005649716,0.8559322033898306,0.8110169491525424,0.715593220338983,0.7110734463276835,0.8559322033898306,0.8559322033898306,0.7059887005649716,glob_probe,ad_probe,0.0,0.005084745762711895,466,295
scifact,5,5,False,20,2020490,False,1.1630500268769437,0.9764749604623257,0.7189830508474576,0.8559322033898306,0.8110169491525424,0.715593220338983,0.7144632768361582,0.8559322033898306,0.8559322033898306,0.7189830508474576,glob_probe,ad_probe,0.0,0.004519774011299438,433,295
scifact,5,5,False,21,2021490,False,0.6316071635564156,0.9764749604623257,0.6975141242937852,0.8593220338983051,0.8144067796610169,0.7223728813559321,0.7178531073446327,0.8593220338983051,0.8593220338983051,0.8593220338983051,glob_probe,glob_probe,0.0,0.02033898305084747,420,295
scifact,5,5,False,22,2022490,False,0.9786746802024306,0.9764749604623257,0.7178531073446327,0.8593220338983051,0.8144067796610169,0.7223728813559321,0.7178531073446327,0.8593220338983051,0.8593220338983051,0.8593220338983051,glob_probe,glob_probe,0.0,0.0,434,295
scifact,5,5,False,23,2023490,False,0.7863686531219046,0.9764749604623257,0.7009039548022599,0.8593220338983051,0.8144067796610169,0.7189830508474576,0.7144632768361582,0.8593220338983051,0.8593220338983051,0.7009039548022599,glob_probe,ad_probe,0.0,0.013559322033898313,407,295
scifact,5,5,False,24,2024490,False,1.2335715122363016,0.9764749604623257,0.7240677966101695,0.8593220338983051,0.8161016949152542,0.7206779661016949,0.7161581920903954,0.8593220338983051,0.8593220338983051,0.8593220338983051,glob_probe,glob_probe,0.0,0.007909604519774072,384,295
scifact,5,5,False,25,2025490,False,0.9811223334379175,0.9764749604623257,0.7110734463276835,0.8559322033898306,0.8110169491525424,0.715593220338983,0.7110734463276835,0.8559322033898306,0.8559322033898306,0.7110734463276835,glob_probe,ad_probe,0.0,0.0,427,295
scifact,5,5,False,26,2026490,False,0.9000855769146608,0.9764749604623257,0.7127683615819208,0.8593220338983051,0.8144067796610169,0.7223728813559321,0.7178531073446327,0.8593220338983051,0.8593220338983051,0.8593220338983051,glob_probe,glob_probe,0.0,0.005084745762711895,432,295
scifact,5,5,False,27,2027490,False,1.0569523217018137,0.9764749604623257,0.7172881355932204,0.8559322033898306,0.8110169491525424,0.715593220338983,0.7110734463276835,0.8559322033898306,0.8559322033898306,0.7172881355932204,glob_probe,ad_probe,0.0,0.00621468926553681,413,295
scifact,5,5,False,28,2028490,False,0.901976081307061,0.9764749604623257,0.7093785310734463,0.8559322033898306,0.8144067796610169,0.7189830508474576,0.7144632768361582,0.8559322033898306,0.8559322033898306,0.8559322033898306,glob_probe,glob_probe,0.0,0.005084745762711895,414,295
scifact,5,5,False,29,2029490,False,0.9821089292504601,0.9764749604623257,0.7144632768361583,0.8559322033898306,0.8110169491525424,0.7189830508474576,0.7144632768361583,0.8559322033898306,0.8559322033898306,0.8559322033898306,glob_probe,glob_probe,0.0,0.0,412,295
scifact,5,5,False,30,2030490,False,0.6148652679082516,0.9764749604623257,0.7009039548022599,0.8661016949152542,0.8211864406779661,0.7257627118644068,0.7212429378531073,0.8661016949152542,0.8661016949152542,0.7009039548022599,glob_probe,ad_probe,0.0,0.02033898305084747,408,295
scifact,5,5,False,31,2031490,False,0.916502650833828,0.9764749604623257,0.7093785310734463,0.8559322033898306,0.8144067796610169,0.7189830508474576,0.7144632768361582,0.8559322033898306,0.8559322033898306,0.8559322033898306,glob_probe,glob_probe,0.0,0.005084745762711895,372,295
scifact,5,5,False,32,2032490,False,0.9985092895177132,0.9764749604623257,0.715593220338983,0.8559322033898306,0.8110169491525424,0.715593220338983,0.7110734463276835,0.8559322033898306,0.8559322033898306,0.715593220338983,glob_probe,ad_probe,0.0,0.004519774011299438,426,295
scifact,5,5,False,33,2033490,False,1.5525819296918246,0.9764749604623257,0.7332203389830508,0.8559322033898306,0.8110169491525424,0.7172881355932204,0.7127683615819208,0.8559322033898306,0.8559322033898306,0.8559322033898306,glob_probe,glob_probe,0.0,0.020451977401130028,409,295
scifact,5,5,False,34,2034490,False,0.671549759264142,0.9764749604623257,0.6975141242937852,0.8593220338983051,0.8144067796610169,0.7223728813559321,0.7178531073446327,0.8593220338983051,0.8593220338983051,0.8593220338983051,glob_probe,glob_probe,0.0,0.02033898305084747,415,295
scifact,5,5,False,35,2035490,False,0.9000855769146608,0.9764749604623257,0.71954802259887,0.8593220338983051,0.8211864406779661,0.7291525423728813,0.7246327683615819,0.8593220338983051,0.8593220338983051,0.8593220338983051,glob_probe,glob_probe,0.0,0.005084745762711895,389,295
scifact,5,5,False,36,2036490,False,0.8713172854606565,0.9764749604623257,0.7093785310734463,0.8593220338983051,0.8144067796610169,0.7223728813559321,0.7178531073446327,0.8593220338983051,0.8593220338983051,0.8593220338983051,glob_probe,glob_probe,0.0,0.008474576271186418,429,295
scifact,5,5,False,37,2037490,False,0.7332902414647297,0.9764749604623257,0.6975141242937852,0.8559322033898306,0.8110169491525424,0.715593220338983,0.7110734463276835,0.8559322033898306,0.8559322033898306,0.8559322033898306,glob_probe,glob_probe,0.0,0.013559322033898313,385,295
scifact,5,5,False,38,2038490,False,1.0236639015535958,0.9764749604623257,0.7206779661016949,0.8559322033898306,0.8110169491525424,0.7189830508474576,0.7144632768361582,0.8559322033898306,0.8559322033898306,0.8559322033898306,glob_probe,glob_probe,0.0,0.006214689265536699,413,295
scifact,5,5,False,39,2039490,False,0.9180629357981105,0.9764749604623257,0.7093785310734463,0.8593220338983051,0.8144067796610169,0.7189830508474576,0.7144632768361582,0.8593220338983051,0.8593220338983051,0.7093785310734463,glob_probe,ad_probe,0.0,0.005084745762711895,419,295
scifact,5,5,False,40,2040490,False,1.4138516685519533,0.9764749604623257,0.7223728813559321,0.8559322033898306,0.8110169491525424,0.715593220338983,0.7110734463276835,0.8559322033898306,0.8559322033898306,0.7223728813559321,glob_probe,ad_probe,0.0,0.011299435028248594,438,295
scifact,5,5,False,41,2041490,False,0.8751919280148649,0.9764749604623257,0.7059887005649716,0.8559322033898306,0.8110169491525424,0.715593220338983,0.7110734463276835,0.8559322033898306,0.8559322033898306,0.7059887005649716,glob_probe,ad_probe,0.0,0.005084745762711895,420,295
scifact,5,5,False,42,2042490,False,0.737604193587281,0.9764749604623257,0.7009039548022599,0.8627118644067797,0.8177966101694916,0.7223728813559321,0.7178531073446327,0.8627118644067797,0.8627118644067797,0.7009039548022599,glob_probe,ad_probe,0.0,0.016949152542372836,392,295
scifact,5,5,False,43,2043490,False,0.7786355961739118,0.9764749604623257,0.6975141242937852,0.8593220338983051,0.8144067796610169,0.7189830508474576,0.7144632768361582,0.8593220338983051,0.8593220338983051,0.6975141242937852,glob_probe,ad_probe,0.0,0.016949152542372947,438,295
scifact,5,5,False,44,2044490,False,0.6097035669293717,0.9764749604623257,0.7009039548022599,0.8593220338983051,0.8211864406779661,0.7257627118644068,0.7212429378531073,0.8593220338983051,0.8593220338983051,0.8593220338983051,glob_probe,glob_probe,0.0,0.02033898305084747,391,295
scifact,5,5,False,45,2045490,False,0.8897125380916597,0.9764749604623257,0.7127683615819208,0.8559322033898306,0.8110169491525424,0.7223728813559321,0.7178531073446327,0.8559322033898306,0.8559322033898306,0.8559322033898306,glob_probe,glob_probe,0.0,0.005084745762711895,463,295
scifact,5,5,False,46,2046490,False,1.1253442210201225,0.9764749604623257,0.7240677966101695,0.8559322033898306,0.8127118644067797,0.7206779661016949,0.7161581920903954,0.8559322033898306,0.8559322033898306,0.8559322033898306,glob_probe,glob_probe,0.0,0.007909604519774072,403,295
scifact,5,5,False,47,2047490,False,1.3203358733092774,0.9764749604623257,0.7232203389830508,0.8559322033898306,0.811864406779661,0.7164406779661017,0.7119209039548022,0.8559322033898306,0.8559322033898306,0.8559322033898306,glob_probe,glob_probe,0.0,0.011299435028248594,413,295
scifact,5,5,False,48,2048490,False,0.877075931738307,0.9764749604623257,0.7127683615819208,0.8593220338983051,0.8110169491525424,0.7223728813559321,0.7178531073446327,0.8593220338983051,0.8110169491525424,0.8593220338983051,trunc,glob_probe,0.04830508474576267,0.005084745762711895,442,295
scifact,5,5,False,49,2049490,False,1.0913877324914891,0.9764749604623257,0.7206779661016949,0.8559322033898306,0.8127118644067797,0.7172881355932204,0.7127683615819208,0.8559322033898306,0.8559322033898306,0.8559322033898306,glob_probe,glob_probe,0.0,0.007909604519774072,427,295
scifact,10,10,False,0,9,False,1.017889680878755,0.9764749604623257,0.7210344827586207,0.8620689655172413,0.8163793103448276,0.7193103448275862,0.7147126436781609,0.8620689655172413,0.8620689655172413,0.7210344827586207,glob_probe,ad_probe,0.0,0.006321839080459801,835,290
scifact,10,10,False,1,1009,False,0.8637442970309643,0.9764749604623257,0.707816091954023,0.8603448275862069,0.8181034482758621,0.7210344827586207,0.7164367816091953,0.8603448275862069,0.8603448275862069,0.8603448275862069,glob_probe,glob_probe,0.0,0.008620689655172376,748,290
scifact,10,10,False,2,2009,False,0.8571571085162532,0.9764749604623257,0.7060919540229885,0.8603448275862069,0.8112068965517242,0.7193103448275862,0.714712643678161,0.8603448275862069,0.8112068965517242,0.8603448275862069,trunc,glob_probe,0.04913793103448272,0.008620689655172487,800,290
scifact,10,10,False,3,3009,False,0.69860780143657,0.9764749604623257,0.7005747126436781,0.8575862068965517,0.8170689655172413,0.7224137931034482,0.717816091954023,0.8575862068965517,0.8575862068965517,0.8575862068965517,glob_probe,glob_probe,0.0,0.017241379310344862,784,290
scifact,10,10,False,4,4009,False,0.9624134837737015,0.9764749604623257,0.7095402298850574,0.8568965517241379,0.8112068965517242,0.7141379310344828,0.7095402298850574,0.8568965517241379,0.8568965517241379,0.7095402298850574,glob_probe,ad_probe,0.0,0.0,856,290
scifact,10,10,False,5,5009,False,1.0053688983430005,0.9764749604623257,0.7193103448275862,0.8603448275862069,0.8112068965517242,0.7175862068965517,0.7129885057471264,0.8603448275862069,0.8112068965517242,0.7193103448275862,trunc,ad_probe,0.04913793103448272,0.006321839080459801,897,290
scifact,10,10,False,6,6009,False,0.9083436362545168,0.9764749604623257,0.7112643678160919,0.8637931034482759,0.8181034482758621,0.7210344827586207,0.7164367816091953,0.8637931034482759,0.8637931034482759,0.7112643678160919,glob_probe,ad_probe,0.0,0.005172413793103403,894,290
scifact,10,10,False,7,7009,False,0.903785915823224,0.9764749604623257,0.707816091954023,0.8568965517241379,0.8146551724137931,0.7175862068965517,0.7129885057471264,0.8568965517241379,0.8568965517241379,0.8568965517241379,glob_probe,glob_probe,0.0,0.005172413793103403,844,290
scifact,10,10,False,8,8009,False,0.9017669885316503,0.9764749604623257,0.704367816091954,0.8568965517241379,0.8077586206896552,0.7141379310344828,0.7095402298850574,0.8568965517241379,0.8077586206896552,0.704367816091954,trunc,ad_probe,0.04913793103448272,0.005172413793103403,817,290
scifact,10,10,False,9,9009,False,0.966136367542892,0.9764749604623257,0.7164367816091953,0.8637931034482759,0.8181034482758621,0.7210344827586207,0.7164367816091953,0.8637931034482759,0.8637931034482759,0.7164367816091953,glob_probe,ad_probe,0.0,0.0,879,290
scifact,10,10,False,10,10009,False,0.9200942546248387,0.9764749604623257,0.7095402298850574,0.8568965517241379,0.8112068965517242,0.7193103448275862,0.7147126436781609,0.8568965517241379,0.8568965517241379,0.8568965517241379,glob_probe,glob_probe,0.0,0.005172413793103514,889,290
scifact,10,10,False,11,11009,False,0.9504614423491373,0.9764749604623257,0.7095402298850574,0.8568965517241379,0.8112068965517242,0.7175862068965517,0.7129885057471264,0.8568965517241379,0.8568965517241379,0.8568965517241379,glob_probe,glob_probe,0.0,0.0034482758620689724,837,290
scifact,10,10,False,12,12009,False,1.2599873199604863,0.9764749604623257,0.7244827586206897,0.8568965517241379,0.8146551724137931,0.7210344827586207,0.7164367816091953,0.8568965517241379,0.8568965517241379,0.8568965517241379,glob_probe,glob_probe,0.0,0.008045977011494343,851,290
scifact,10,10,False,13,13009,False,1.2847312929161014,0.9764749604623257,0.7262068965517241,0.8603448275862069,0.8112068965517242,0.7227586206896551,0.7181609195402299,0.8603448275862069,0.8112068965517242,0.8603448275862069,trunc,glob_probe,0.04913793103448272,0.008045977011494232,871,290
scifact,10,10,False,14,14009,False,0.9979154726717142,0.9764749604623257,0.7175862068965517,0.8562068965517242,0.8105172413793104,0.7175862068965517,0.7129885057471264,0.8562068965517242,0.8562068965517242,0.8562068965517242,glob_probe,glob_probe,0.0,0.0045977011494253706,777,290
scifact,10,10,False,15,15009,False,1.0000202413408859,0.9764749604623257,0.7236206896551723,0.8603448275862069,0.8163793103448276,0.7236206896551723,0.7190229885057472,0.8603448275862069,0.8603448275862069,0.8603448275862069,glob_probe,glob_probe,0.0,0.0045977011494251485,882,290
scifact,10,10,False,16,16009,False,0.8273703339678027,0.9764749604623257,0.7026436781609194,0.8568965517241379,0.8112068965517242,0.7158620689655172,0.7112643678160919,0.8568965517241379,0.8568965517241379,0.8568965517241379,glob_probe,glob_probe,0.0,0.008620689655172487,835,290
scifact,10,10,False,17,17009,False,0.8620715551075477,0.9764749604623257,0.700919540229885,0.8568965517241379,0.8112068965517242,0.7141379310344828,0.7095402298850574,0.8568965517241379,0.8568965517241379,0.700919540229885,glob_probe,ad_probe,0.0,0.008620689655172376,773,290
scifact,10,10,False,18,18009,False,0.8594249961608962,0.9764749604623257,0.7129885057471264,0.8603448275862069,0.8163793103448276,0.7262068965517241,0.7216091954022988,0.8603448275862069,0.8603448275862069,0.8603448275862069,glob_probe,glob_probe,0.0,0.008620689655172487,843,290
scifact,10,10,False,19,19009,False,0.7898645363477426,0.9764749604623257,0.7052298850574713,0.8603448275862069,0.8163793103448276,0.7236206896551723,0.7190229885057472,0.8603448275862069,0.8603448275862069,0.8603448275862069,glob_probe,glob_probe,0.0,0.01379310344827589,805,290
scifact,10,10,False,20,20009,False,0.857777580091446,0.9764749604623257,0.7095402298850574,0.8603448275862069,0.8181034482758621,0.7227586206896551,0.7181609195402299,0.8603448275862069,0.8603448275862069,0.8603448275862069,glob_probe,glob_probe,0.0,0.008620689655172487,803,290
scifact,10,10,False,21,21009,False,0.9842750529419149,0.9764749604623257,0.7129885057471265,0.8568965517241379,0.8112068965517242,0.7141379310344828,0.7129885057471265,0.8568965517241379,0.8568965517241379,0.8568965517241379,glob_probe,glob_probe,0.0,0.0,874,290
scifact,10,10,False,22,22009,False,0.7739194126995534,0.9764749604623257,0.7009195402298851,0.8603448275862069,0.8181034482758621,0.7210344827586207,0.7164367816091954,0.8603448275862069,0.8603448275862069,0.8603448275862069,glob_probe,glob_probe,0.0,0.01551724137931032,784,290
scifact,10,10,False,23,23009,False,0.8447762086362905,0.9764749604623257,0.704367816091954,0.8568965517241379,0.8146551724137931,0.7175862068965517,0.7129885057471264,0.8568965517241379,0.8568965517241379,0.8568965517241379,glob_probe,glob_probe,0.0,0.008620689655172376,752,290
scifact,10,10,False,24,24009,False,1.0006797654392998,0.9764749604623257,0.7141379310344828,0.853448275862069,0.8077586206896552,0.7141379310344828,0.7095402298850574,0.853448275862069,0.853448275862069,0.853448275862069,glob_probe,glob_probe,0.0,0.0045977011494253706,825,290
scifact,10,10,False,25,25009,False,0.8302666071425855,0.9764749604623257,0.704367816091954,0.8568965517241379,0.8077586206896552,0.7175862068965517,0.7129885057471264,0.8568965517241379,0.8077586206896552,0.8568965517241379,trunc,glob_probe,0.04913793103448272,0.008620689655172376,854,290
scifact,10,10,False,26,26009,False,0.9671500030296665,0.9764749604623257,0.7095402298850574,0.853448275862069,0.8094827586206896,0.7141379310344828,0.7095402298850574,0.853448275862069,0.853448275862069,0.853448275862069,glob_probe,glob_probe,0.0,0.0,799,290
scifact,10,10,False,27,27009,False,1.0132856051199248,0.9764749604623257,0.7193103448275862,0.853448275862069,0.8112068965517242,0.7175862068965517,0.7129885057471264,0.853448275862069,0.853448275862069,0.853448275862069,glob_probe,glob_probe,0.0,0.006321839080459801,866,290
scifact,10,10,False,28,28009,False,0.9261217777786133,0.9764749604623257,0.7147126436781609,0.8637931034482759,0.821551724137931,0.7244827586206897,0.7198850574712643,0.8637931034482759,0.8637931034482759,0.8637931034482759,glob_probe,glob_probe,0.0,0.005172413793103403,833,290
scifact,10,10,False,29,29009,False,0.7243284180586109,0.9764749604623257,0.6991954022988506,0.8603448275862069,0.8181034482758621,0.7210344827586207,0.7164367816091953,0.8603448275862069,0.8603448275862069,0.8603448275862069,glob_probe,glob_probe,0.0,0.01724137931034475,783,290
scifact,10,10,False,30,30009,False,0.9632735381191129,0.9764749604623257,0.7181609195402299,0.8603448275862069,0.8163793103448276,0.7227586206896551,0.7181609195402299,0.8603448275862069,0.8603448275862069,0.8603448275862069,glob_probe,glob_probe,0.0,0.0,869,290
scifact,10,10,False,31,31009,False,1.2675867771388258,0.9764749604623257,0.7227586206896551,0.8603448275862069,0.8146551724137931,0.7193103448275862,0.714712643678161,0.8603448275862069,0.8603448275862069,0.8603448275862069,glob_probe,glob_probe,0.0,0.008045977011494121,858,290
scifact,10,10,False,32,32009,False,0.998568904196677,0.9764749604623257,0.715287356321839,0.8568965517241379,0.8123563218390804,0.715287356321839,0.7106896551724138,0.8568965517241379,0.8568965517241379,0.8568965517241379,glob_probe,glob_probe,0.0,0.0045977011494252595,868,290
scifact,10,10,False,33,33009,False,1.0982230678064033,0.9764749604623257,0.718735632183908,0.853448275862069,0.8089080459770114,0.715287356321839,0.7118390804597702,0.853448275862069,0.853448275862069,0.853448275862069,glob_probe,glob_probe,0.0,0.006896551724137834,860,290
scifact,10,10,False,34,34009,False,0.9130204813000935,0.9764749604623257,0.707816091954023,0.8603448275862069,0.8146551724137931,0.7175862068965517,0.7129885057471264,0.8603448275862069,0.8603448275862069,0.707816091954023,glob_probe,ad_probe,0.0,0.005172413793103403,860,290
scifact,10,10,False,35,35009,False,0.9893489871449181,0.9764749604623257,0.7172988505747125,0.8568965517241379,0.8172413793103448,0.7218965517241379,0.7172988505747125,0.8568965517241379,0.8568965517241379,0.8568965517241379,glob_probe,glob_probe,0.0,0.0,769,290
scifact,10,10,False,36,36009,False,0.9277213895039444,0.9764749604623257,0.7112643678160919,0.8568965517241379,0.8146551724137931,0.7210344827586207,0.7164367816091953,0.8568965517241379,0.8568965517241379,0.8568965517241379,glob_probe,glob_probe,0.0,0.005172413793103403,824,290
scifact,10,10,False,37,37009,False,1.0592692678409732,0.9764749604623257,0.7262068965517241,0.853448275862069,0.8112068965517242,0.7244827586206897,0.7198850574712643,0.853448275862069,0.853448275862069,0.853448275862069,glob_probe,glob_probe,0.0,0.006321839080459801,831,290
scifact,10,10,False,38,38009,False,0.850448773896572,0.9764749604623257,0.707816091954023,0.8568965517241379,0.8146551724137931,0.7210344827586207,0.7164367816091953,0.8568965517241379,0.8568965517241379,0.8568965517241379,glob_probe,glob_probe,0.0,0.008620689655172376,827,290
scifact,10,10,False,39,39009,False,1.1779788457301037,0.9764749604623257,0.7270689655172413,0.8603448275862069,0.8181034482758621,0.7236206896551723,0.7190229885057471,0.8603448275862069,0.8603448275862069,0.8603448275862069,glob_probe,glob_probe,0.0,0.008045977011494232,775,290
scifact,10,10,False,40,40009,False,0.8702164509918767,0.9764749604623257,0.7017816091954022,0.853448275862069,0.8086206896551724,0.715,0.7104022988505747,0.853448275862069,0.853448275862069,0.853448275862069,glob_probe,glob_probe,0.0,0.008620689655172487,809,290
scifact,10,10,False,41,41009,False,0.9622959234193114,0.9764749604623257,0.7129885057471264,0.8603448275862069,0.8112068965517242,0.7175862068965517,0.7129885057471264,0.8603448275862069,0.8112068965517242,0.7129885057471264,trunc,ad_probe,0.04913793103448272,0.0,831,290
scifact,10,10,False,42,42009,False,0.8615090669785563,0.9764749604623257,0.710919540229885,0.8644827586206896,0.8153448275862069,0.7241379310344828,0.7195402298850574,0.8644827586206896,0.8153448275862069,0.8644827586206896,trunc,glob_probe,0.04913793103448272,0.008620689655172376,822,290
scifact,10,10,False,43,43009,False,1.0023931174957568,0.9764749604623257,0.7244827586206897,0.8603448275862069,0.8129310344827586,0.7244827586206897,0.7198850574712644,0.8603448275862069,0.8129310344827586,0.8603448275862069,trunc,glob_probe,0.04741379310344829,0.0045977011494252595,831,290
scifact,10,10,False,44,44009,False,0.9918415156434122,0.9764749604623257,0.7198850574712644,0.8568965517241379,0.8112068965517242,0.7244827586206897,0.7198850574712644,0.8568965517241379,0.8568965517241379,0.8568965517241379,glob_probe,glob_probe,0.0,0.0,842,290
scifact,10,10,False,45,45009,False,1.0674834556328214,0.9764749604623257,0.7210344827586207,0.8603448275862069,0.8146551724137931,0.7175862068965517,0.7129885057471264,0.8603448275862069,0.8603448275862069,0.7210344827586207,glob_probe,ad_probe,0.0,0.008045977011494343,880,290
scifact,10,10,False,46,46009,False,0.9407861761469423,0.9764749604623257,0.7112643678160919,0.8568965517241379,0.8112068965517242,0.7210344827586207,0.7164367816091953,0.8568965517241379,0.8568965517241379,0.8568965517241379,glob_probe,glob_probe,0.0,0.005172413793103403,863,290
scifact,10,10,False,47,47009,False,0.8385223128308943,0.9764749604623257,0.707816091954023,0.8568965517241379,0.8146551724137931,0.7210344827586207,0.7164367816091953,0.8568965517241379,0.8568965517241379,0.8568965517241379,glob_probe,glob_probe,0.0,0.008620689655172376,789,290
scifact,10,10,False,48,48009,False,1.0854655185681898,0.9764749604623257,0.7141379310344828,0.853448275862069,0.8077586206896552,0.7106896551724138,0.7060919540229885,0.853448275862069,0.853448275862069,0.7141379310344828,glob_probe,ad_probe,0.0,0.008045977011494232,847,290
scifact,10,10,False,49,49009,False,0.8026843949792599,0.9764749604623257,0.7112643678160919,0.866551724137931,0.8243103448275862,0.7279310344827586,0.7233333333333333,0.866551724137931,0.866551724137931,0.866551724137931,glob_probe,glob_probe,0.0,0.012068965517241348,798,290
scifact,20,20,False,0,2200163,False,1.0010484312523409,0.9764749604623257,0.7217857142857143,0.8607142857142858,0.8133928571428571,0.7217857142857143,0.7170238095238095,0.8607142857142858,0.8607142857142858,0.8607142857142858,glob_probe,glob_probe,0.0,0.004761904761904745,1794,280
scifact,20,20,False,1,2201163,False,0.8975694337682087,0.9764749604623257,0.712857142857143,0.8625,0.8163690476190476,0.7229761904761904,0.7182142857142858,0.8625,0.8625,0.8625,glob_probe,glob_probe,0.0,0.005357142857142838,1689,280
scifact,20,20,False,2,2202163,False,1.0251224311619143,0.9764749604623257,0.7253571428571428,0.8589285714285714,0.8151785714285714,0.7235714285714285,0.7188095238095238,0.8589285714285714,0.8589285714285714,0.8589285714285714,glob_probe,glob_probe,0.0,0.006547619047619024,1657,280
scifact,20,20,False,3,2203163,False,0.9973954411658189,0.9764749604623257,0.7128571428571429,0.8553571428571428,0.8080357142857143,0.7128571428571429,0.708095238095238,0.8553571428571428,0.8553571428571428,0.8553571428571428,glob_probe,glob_probe,0.0,0.004761904761904856,1674,280
scifact,20,20,False,4,2204163,False,1.0607500469484923,0.9764749604623257,0.7182142857142857,0.8535714285714285,0.8098214285714286,0.7164285714285714,0.7116666666666667,0.8535714285714285,0.8535714285714285,0.8535714285714285,glob_probe,glob_probe,0.0,0.006547619047619024,1745,280
scifact,20,20,False,5,2205163,False,1.0862045802561384,0.9764749604623257,0.7182142857142857,0.8553571428571428,0.8116071428571429,0.7146428571428571,0.7098809523809524,0.8553571428571428,0.8553571428571428,0.8553571428571428,glob_probe,glob_probe,0.0,0.008333333333333304,1699,280
scifact,20,20,False,6,2206163,False,0.9941367213540184,0.9764749604623257,0.7116666666666666,0.8589285714285714,0.8116071428571429,0.7164285714285714,0.7116666666666666,0.8589285714285714,0.8589285714285714,0.8589285714285714,glob_probe,glob_probe,0.0,0.0,1749,280
scifact,20,20,False,7,2207163,False,0.9964877871400601,0.9764749604623257,0.7253571428571429,0.8553571428571428,0.8181547619047619,0.7265476190476191,0.7217857142857144,0.8553571428571428,0.8553571428571428,0.8553571428571428,glob_probe,glob_probe,0.0,0.0035714285714285587,1642,280
scifact,20,20,False,8,2208163,False,1.1043384798008344,0.9764749604623257,0.7164285714285714,0.8546428571428571,0.8091071428571429,0.7146428571428571,0.7098809523809524,0.8546428571428571,0.8546428571428571,0.8546428571428571,glob_probe,glob_probe,0.0,0.006547619047619024,1680,280
scifact,20,20,False,9,2209163,False,1.0137202686121274,0.9764749604623257,0.7146428571428571,0.8571428571428571,0.8133928571428571,0.7128571428571429,0.708095238095238,0.8571428571428571,0.8571428571428571,0.8571428571428571,glob_probe,glob_probe,0.0,0.006547619047619135,1711,280
scifact,20,20,False,10,2210163,False,0.8390672364663729,0.9764749604623257,0.7152380952380952,0.8517857142857143,0.8169642857142857,0.7271428571428571,0.7223809523809523,0.8517857142857143,0.8517857142857143,0.8517857142857143,glob_probe,glob_probe,0.0,0.0071428571428571175,1682,280
scifact,20,20,False,11,2211163,False,1.0988590894205448,0.9764749604623257,0.7217857142857143,0.8517857142857143,0.8116071428571429,0.7182142857142857,0.713452380952381,0.8517857142857143,0.8517857142857143,0.8517857142857143,glob_probe,glob_probe,0.0,0.008333333333333304,1641,280
scifact,20,20,False,12,2212163,False,0.8967892912860675,0.9764749604623257,0.7188095238095238,0.8660714285714286,0.8205357142857143,0.7271428571428571,0.7223809523809523,0.8660714285714286,0.8660714285714286,0.8660714285714286,glob_probe,glob_probe,0.0,0.0035714285714285587,1706,280
scifact,20,20,False,13,2213163,False,0.909900378641368,0.9764749604623257,0.7152380952380953,0.8625,0.8223214285714285,0.7217857142857143,0.7205952380952382,0.8625,0.8625,0.8625,glob_probe,glob_probe,0.0,0.005357142857142838,1652,280
scifact,20,20,False,14,2214163,False,1.087652527628999,0.9764749604623257,0.7196428571428571,0.8625,0.8151785714285714,0.7160714285714286,0.7148809523809524,0.8625,0.8625,0.8625,glob_probe,glob_probe,0.0,0.004761904761904745,1703,280
scifact,20,20,False,15,2215163,False,0.9393801285585457,0.9764749604623257,0.7021428571428571,0.8553571428571428,0.8092261904761904,0.7122619047619048,0.7075,0.8553571428571428,0.8553571428571428,0.8553571428571428,glob_probe,glob_probe,0.0,0.005357142857142949,1628,280
scifact,20,20,False,16,2216163,False,0.8354626723206928,0.9764749604623257,0.7009523809523809,0.8553571428571428,0.8116071428571429,0.7146428571428571,0.7098809523809523,0.8553571428571428,0.8553571428571428,0.8553571428571428,glob_probe,glob_probe,0.0,0.008928571428571397,1668,280
scifact,20,20,False,17,2217163,False,0.90887567789484,0.9764749604623257,0.708095238095238,0.8553571428571428,0.8151785714285714,0.7146428571428571,0.713452380952381,0.8553571428571428,0.8553571428571428,0.8553571428571428,glob_probe,glob_probe,0.0,0.005357142857142949,1642,280
scifact,20,20,False,18,2218163,False,0.9385235449172932,0.9764749604623257,0.7098809523809523,0.8589285714285714,0.8151785714285714,0.72,0.7152380952380952,0.8589285714285714,0.8589285714285714,0.8589285714285714,glob_probe,glob_probe,0.0,0.005357142857142949,1663,280
scifact,20,20,False,19,2219163,False,0.7631027275528972,0.9764749604623257,0.7045238095238094,0.8660714285714286,0.8223214285714285,0.7271428571428571,0.7223809523809523,0.8660714285714286,0.8660714285714286,0.8660714285714286,glob_probe,glob_probe,0.0,0.017857142857142905,1651,280
scifact,20,20,False,20,2220163,False,0.897581687881273,0.9764749604623257,0.7054166666666666,0.8517857142857143,0.8098214285714286,0.7155357142857143,0.7107738095238094,0.8517857142857143,0.8517857142857143,0.8517857142857143,glob_probe,glob_probe,0.0,0.005357142857142838,1561,280
scifact,20,20,False,21,2221163,False,0.958332104454449,0.9764749604623257,0.7158333333333333,0.8553571428571428,0.8163690476190476,0.7194047619047619,0.7194047619047619,0.8553571428571428,0.8553571428571428,0.8553571428571428,glob_probe,glob_probe,0.0,0.0035714285714285587,1624,280
scifact,20,20,False,22,2222163,False,1.0201392654507793,0.9764749604623257,0.72,0.8589285714285714,0.8116071428571429,0.7182142857142857,0.713452380952381,0.8589285714285714,0.8589285714285714,0.8589285714285714,glob_probe,glob_probe,0.0,0.006547619047619024,1731,280
scifact,20,20,False,23,2223163,False,0.9836385104061749,0.9764749604623257,0.7092857142857143,0.8517857142857143,0.8092261904761904,0.714047619047619,0.7092857142857143,0.8517857142857143,0.8517857142857143,0.8517857142857143,glob_probe,glob_probe,0.0,0.0,1588,280
scifact,20,20,False,24,2224163,False,0.9768429193890844,0.9764749604623257,0.7188095238095238,0.8535714285714285,0.8098214285714286,0.7235714285714285,0.7188095238095238,0.8535714285714285,0.8535714285714285,0.8535714285714285,glob_probe,glob_probe,0.0,0.0,1751,280
scifact,20,20,False,25,2225163,False,1.0018223281943914,0.9764749604623257,0.7271428571428571,0.8553571428571428,0.8133928571428571,0.7271428571428571,0.7223809523809523,0.8553571428571428,0.8553571428571428,0.8553571428571428,glob_probe,glob_probe,0.0,0.004761904761904745,1693,280
scifact,20,20,False,26,2226163,False,0.9624134837737015,0.9764749604623257,0.7063095238095237,0.8553571428571428,0.8080357142857143,0.7110714285714286,0.7063095238095237,0.8553571428571428,0.8553571428571428,0.8553571428571428,glob_probe,glob_probe,0.0,0.0,1781,280
scifact,20,20,False,27,2227163,False,0.9911328908076056,0.9764749604623257,0.7214880952380953,0.8589285714285714,0.8125,0.7226785714285714,0.7214880952380953,0.8589285714285714,0.8589285714285714,0.8589285714285714,glob_probe,glob_probe,0.0,0.0,1632,280
scifact,20,20,False,28,2228163,False,1.202967592632761,0.9764749604623257,0.7244047619047619,0.8596428571428572,0.8170833333333333,0.7208333333333332,0.7172619047619047,0.8596428571428572,0.8596428571428572,0.8596428571428572,glob_probe,glob_probe,0.0,0.0071428571428572285,1620,280
scifact,20,20,False,29,2229163,False,0.8809966290002702,0.9764749604623257,0.7152380952380953,0.8589285714285714,0.8241071428571428,0.7253571428571428,0.7205952380952382,0.8589285714285714,0.8589285714285714,0.8589285714285714,glob_probe,glob_probe,0.0,0.005357142857142838,1647,280
scifact,20,20,False,30,2230163,False,0.930820761536677,0.9764749604623257,0.700952380952381,0.8553571428571428,0.8116071428571429,0.7110714285714286,0.7063095238095238,0.8553571428571428,0.8553571428571428,0.8553571428571428,glob_probe,glob_probe,0.0,0.005357142857142838,1611,280
scifact,20,20,False,31,2231163,False,0.8948990575031603,0.9764749604623257,0.7161309523809525,0.8625,0.8205357142857143,0.72625,0.7214880952380953,0.8625,0.8625,0.8625,glob_probe,glob_probe,0.0,0.005357142857142838,1595,280
scifact,20,20,False,32,2232163,False,1.1160184769679276,0.9764749604623257,0.7280357142857142,0.8589285714285714,0.8133928571428571,0.7244642857142857,0.7197023809523809,0.8589285714285714,0.8589285714285714,0.8589285714285714,glob_probe,glob_probe,0.0,0.008333333333333304,1749,280
scifact,20,20,False,33,2233163,False,0.871882463983048,0.9764749604623257,0.6973809523809523,0.8517857142857143,0.8116071428571429,0.7110714285714286,0.7063095238095237,0.8517857142857143,0.8517857142857143,0.8517857142857143,glob_probe,glob_probe,0.0,0.008928571428571397,1654,280
scifact,20,20,False,34,2234163,False,0.8810567934113691,0.9764749604623257,0.6997619047619048,0.8517857142857143,0.8056547619047618,0.7086904761904762,0.7051190476190476,0.8517857142857143,0.8517857142857143,0.8517857142857143,glob_probe,glob_probe,0.0,0.005357142857142838,1712,280
scifact,20,20,False,35,2235163,False,1.0026620379807831,0.9764749604623257,0.7182142857142857,0.8589285714285714,0.8080357142857143,0.7164285714285714,0.7116666666666666,0.8589285714285714,0.8080357142857143,0.8589285714285714,trunc,glob_probe,0.05089285714285707,0.006547619047619135,1671,280
scifact,20,20,False,36,2236163,False,0.9628847239081944,0.9764749604623257,0.7152380952380952,0.8589285714285714,0.8116071428571429,0.72,0.7152380952380952,0.8589285714285714,0.8589285714285714,0.8589285714285714,glob_probe,glob_probe,0.0,0.0,1712,280
scifact,20,20,False,37,2237163,False,0.9684971052196917,0.9764749604623257,0.7205952380952381,0.8589285714285714,0.8241071428571428,0.7253571428571428,0.7205952380952381,0.8589285714285714,0.8589285714285714,0.8589285714285714,glob_probe,glob_probe,0.0,0.0,1619,280
scifact,20,20,False,38,2238163,False,1.0897267298731481,0.9764749604623257,0.7247619047619048,0.8625,0.812797619047619,0.7211904761904762,0.7164285714285715,0.8625,0.812797619047619,0.8625,trunc,glob_probe,0.049702380952381,0.008333333333333304,1700,280
scifact,20,20,False,39,2239163,False,0.915430729615712,0.9764749604623257,0.713452380952381,0.8642857142857143,0.8205357142857143,0.7235714285714285,0.7188095238095238,0.8642857142857143,0.8642857142857143,0.8642857142857143,glob_probe,glob_probe,0.0,0.005357142857142838,1588,280
scifact,20,20,False,40,2240163,False,0.9210807839993006,0.9764749604623257,0.7116666666666667,0.8553571428571428,0.81875,0.7217857142857143,0.7170238095238096,0.8553571428571428,0.8553571428571428,0.8553571428571428,glob_probe,glob_probe,0.0,0.005357142857142949,1670,280
scifact,20,20,False,41,2241163,False,0.9248218262148106,0.9764749604623257,0.6902380952380952,0.8482142857142857,0.8008928571428572,0.7003571428571428,0.695595238095238,0.8482142857142857,0.8482142857142857,0.6902380952380952,glob_probe,ad_probe,0.0,0.005357142857142838,1640,280
scifact,20,20,False,42,2242163,False,0.9331742116320307,0.9764749604623257,0.713452380952381,0.8589285714285714,0.81875,0.7235714285714285,0.7188095238095238,0.8589285714285714,0.8589285714285714,0.8589285714285714,glob_probe,glob_probe,0.0,0.005357142857142838,1723,280
scifact,20,20,False,43,2243163,False,1.0201392654507793,0.9764749604623257,0.7075,0.8482142857142857,0.80625,0.7057142857142857,0.7009523809523809,0.8482142857142857,0.8482142857142857,0.8482142857142857,glob_probe,glob_probe,0.0,0.006547619047619135,1650,280
scifact,20,20,False,44,2244163,False,0.8924373328237643,0.9764749604623257,0.7033333333333334,0.8589285714285714,0.8127976190476189,0.7122619047619048,0.7086904761904762,0.8589285714285714,0.8589285714285714,0.8589285714285714,glob_probe,glob_probe,0.0,0.005357142857142838,1724,280
scifact,20,20,False,45,2245163,False,0.9875429124283135,0.9764749604623257,0.7197023809523809,0.8553571428571428,0.8133928571428571,0.7244642857142857,0.7197023809523809,0.8553571428571428,0.8553571428571428,0.8553571428571428,glob_probe,glob_probe,0.0,0.0,1707,280
scifact,20,20,False,46,2246163,False,0.8624711250886203,0.9764749604623257,0.708095238095238,0.8625,0.81875,0.7217857142857143,0.7170238095238095,0.8625,0.8625,0.8625,glob_probe,glob_probe,0.0,0.008928571428571508,1699,280
scifact,20,20,False,47,2247163,False,0.9636241221261576,0.9764749604623257,0.7116666666666666,0.8553571428571428,0.8151785714285714,0.7164285714285714,0.7116666666666666,0.8553571428571428,0.8553571428571428,0.8553571428571428,glob_probe,glob_probe,0.0,0.0,1568,280
scifact,20,20,False,48,2248163,False,0.8285898395889335,0.9764749604623257,0.7059523809523809,0.8524999999999999,0.8051785714285714,0.7160714285714286,0.7148809523809524,0.8524999999999999,0.8524999999999999,0.8524999999999999,glob_probe,glob_probe,0.0,0.008928571428571508,1656,280
scifact,20,20,False,49,2249163,False,0.8805149117761581,0.9764749604623257,0.7148809523809524,0.8632142857142857,0.8230357142857142,0.725,0.7202380952380952,0.8632142857142857,0.8632142857142857,0.8632142857142857,glob_probe,glob_probe,0.0,0.005357142857142838,1575,280
scifact,50,50,False,0,2300564,False,0.973830788196576,0.9764749604623257,0.7000666666666666,0.842,0.801,0.7054,0.7000666666666666,0.842,0.842,0.842,glob_probe,glob_probe,0.0,0.0,4142,250
scifact,50,50,False,1,2301564,False,0.9046687230615704,0.9764749604623257,0.7070666666666666,0.86,0.815,0.7143999999999999,0.7090666666666666,0.86,0.86,0.86,glob_probe,glob_probe,0.0,0.0020000000000000018,4289,250
scifact,50,50,False,2,2302564,False,0.824884304680727,0.9764749604623257,0.7050666666666666,0.8572000000000001,0.8082,0.7203999999999999,0.7150666666666666,0.8572000000000001,0.8572000000000001,0.8572000000000001,glob_probe,glob_probe,0.0,0.010000000000000009,4144,250
scifact,50,50,False,3,2303564,False,1.0063480856663292,0.9764749604623257,0.7163999999999999,0.858,0.813,0.7143999999999999,0.7090666666666666,0.858,0.858,0.858,glob_probe,glob_probe,0.0,0.007333333333333303,4251,250
scifact,50,50,False,4,2304564,False,0.9456963788991966,0.9764749604623257,0.7100666666666666,0.858,0.813,0.7173999999999999,0.7120666666666666,0.858,0.858,0.858,glob_probe,glob_probe,0.0,0.0020000000000000018,4025,250
scifact,50,50,False,5,2305564,False,0.997279619274043,0.9764749604623257,0.7173333333333334,0.8508,0.8161333333333335,0.7173333333333334,0.712,0.8508,0.8508,0.8508,glob_probe,glob_probe,0.0,0.005333333333333412,4161,250
scifact,50,50,False,6,2306564,False,0.943846433921099,0.9764749604623257,0.7130666666666666,0.862,0.813,0.7203999999999999,0.7190666666666666,0.862,0.862,0.862,glob_probe,glob_probe,0.0,0.006000000000000005,4244,250
scifact,50,50,False,7,2307564,False,0.9929685309818126,0.9764749604623257,0.7183999999999999,0.864,0.8123333333333332,0.7237333333333333,0.7183999999999999,0.864,0.864,0.864,glob_probe,glob_probe,0.0,0.0,4116,250
scifact,50,50,False,8,2308564,False,0.9938394387529215,0.9764749604623257,0.7070666666666666,0.85,0.801,0.7123999999999999,0.7070666666666666,0.85,0.85,0.85,glob_probe,glob_probe,0.0,0.0,4208,250
scifact,50,50,False,9,2309564,False,1.001240375642767,0.9764749604623257,0.7227333333333333,0.868,0.8143333333333332,0.7227333333333333,0.7173999999999999,0.868,0.8143333333333332,0.868,trunc,glob_probe,0.05366666666666675,0.005333333333333412,4215,250
scifact,50,50,False,10,2310564,False,0.9183193157117449,0.9764749604623257,0.6936666666666667,0.846,0.803,0.705,0.6996666666666667,0.846,0.846,0.846,glob_probe,glob_probe,0.0,0.006000000000000005,4093,250
scifact,50,50,False,11,2311564,False,0.9897725430761758,0.9764749604623257,0.6990666666666666,0.86,0.807,0.7044,0.6990666666666666,0.86,0.86,0.86,glob_probe,glob_probe,0.0,0.0,4221,250
scifact,50,50,False,12,2312564,False,0.8901292586667976,0.9764749604623257,0.7030666666666667,0.8572000000000001,0.8162,0.7143999999999999,0.7090666666666667,0.8572000000000001,0.8572000000000001,0.8572000000000001,glob_probe,glob_probe,0.0,0.006000000000000005,4018,250
scifact,50,50,False,13,2313564,False,0.986193914835152,0.9764749604623257,0.7407333333333334,0.8712000000000001,0.8335333333333333,0.7447333333333334,0.7407333333333334,0.8712000000000001,0.8712000000000001,0.8712000000000001,glob_probe,glob_probe,0.0,0.0,4060,250
scifact,50,50,False,14,2314564,False,0.954468025139924,0.9764749604623257,0.7030666666666666,0.8592000000000001,0.8032,0.7123999999999999,0.7070666666666666,0.8592000000000001,0.8032,0.8592000000000001,trunc,glob_probe,0.05600000000000005,0.0040000000000000036,4129,250
scifact,50,50,False,15,2315564,False,0.9843383493189622,0.9764749604623257,0.7087333333333333,0.856,0.8173333333333332,0.7127333333333333,0.7087333333333333,0.856,0.856,0.856,glob_probe,glob_probe,0.0,0.0,4151,250
scifact,50,50,False,16,2316564,False,0.8727239732760038,0.9764749604623257,0.6990666666666667,0.854,0.801,0.7104,0.7050666666666667,0.854,0.854,0.854,glob_probe,glob_probe,0.0,0.006000000000000005,4147,250
scifact,50,50,False,17,2317564,False,0.9248218262148106,0.9764749604623257,0.7100666666666666,0.866,0.815,0.7213999999999999,0.7160666666666666,0.866,0.866,0.866,glob_probe,glob_probe,0.0,0.006000000000000005,4165,250
scifact,50,50,False,18,2318564,False,0.9429135780225337,0.9764749604623257,0.7050666666666666,0.862,0.809,0.7144000000000001,0.7090666666666666,0.862,0.809,0.862,trunc,glob_probe,0.052999999999999936,0.0040000000000000036,4234,250
scifact,50,50,False,19,2319564,False,1.0187912792363505,0.9764749604623257,0.7203999999999999,0.864,0.807,0.7183999999999999,0.7130666666666666,0.864,0.807,0.864,trunc,glob_probe,0.05699999999999994,0.007333333333333303,4259,250
scifact,50,50,False,20,2320564,False,0.9561006365973274,0.9764749604623257,0.726,0.8667999999999999,0.8251333333333333,0.7313333333333333,0.726,0.8667999999999999,0.8667999999999999,0.8667999999999999,glob_probe,glob_probe,0.0,0.0,4103,250
scifact,50,50,False,21,2321564,False,0.9805970764848233,0.9764749604623257,0.7143999999999999,0.8532000000000001,0.8215333333333333,0.7157333333333333,0.7143999999999999,0.8532000000000001,0.8532000000000001,0.8532000000000001,glob_probe,glob_probe,0.0,0.0,4192,250
scifact,50,50,False,22,2322564,False,0.8883170984497666,0.9764749604623257,0.7070666666666667,0.86,0.807,0.7144000000000001,0.7130666666666667,0.86,0.86,0.86,glob_probe,glob_probe,0.0,0.006000000000000005,4253,250
scifact,50,50,False,23,2323564,False,0.902112579101368,0.9764749604623257,0.7223999999999999,0.8652000000000001,0.8255333333333333,0.7337333333333333,0.7283999999999999,0.8652000000000001,0.8652000000000001,0.8652000000000001,glob_probe,glob_probe,0.0,0.006000000000000005,4192,250
scifact,50,50,False,24,2324564,False,0.9967553421202566,0.9764749604623257,0.7094,0.86,0.817,0.7094,0.7080666666666666,0.86,0.86,0.86,glob_probe,glob_probe,0.0,0.0013333333333334085,4282,250
scifact,50,50,False,25,2325564,False,0.9749458504102917,0.9764749604623257,0.7040666666666666,0.842,0.799,0.7094,0.7040666666666666,0.842,0.842,0.842,glob_probe,glob_probe,0.0,0.0,4222,250
scifact,50,50,False,26,2326564,False,0.7752147831846613,0.9764749604623257,0.715,0.8667999999999999,0.8281333333333333,0.7403333333333333,0.735,0.8667999999999999,0.8667999999999999,0.8667999999999999,glob_probe,glob_probe,0.0,0.020000000000000018,4154,250
scifact,50,50,False,27,2327564,False,1.0386201789065408,0.9764749604623257,0.7384,0.874,0.827,0.7384,0.7330666666666666,0.874,0.874,0.874,glob_probe,glob_probe,0.0,0.005333333333333301,4335,250
scifact,50,50,False,28,2328564,False,1.0444146543101476,0.9764749604623257,0.696,0.8508,0.7938,0.694,0.6926666666666668,0.8508,0.7938,0.8508,trunc,glob_probe,0.05700000000000005,0.0033333333333331883,4255,250
scifact,50,50,False,29,2329564,False,0.9761267602285606,0.9764749604623257,0.7236666666666667,0.8687999999999999,0.8248,0.729,0.7236666666666667,0.8687999999999999,0.8687999999999999,0.8687999999999999,glob_probe,glob_probe,0.0,0.0,4192,250
scifact,50,50,False,30,2330564,False,0.9264589684420421,0.9764749604623257,0.7243999999999999,0.87,0.8163333333333332,0.7357333333333334,0.7303999999999999,0.87,0.8163333333333332,0.87,trunc,glob_probe,0.05366666666666675,0.006000000000000005,4165,250
scifact,50,50,False,31,2331564,False,0.9936528253449262,0.9764749604623257,0.7280666666666666,0.8772000000000001,0.8222,0.7293999999999999,0.7280666666666666,0.8772000000000001,0.8222,0.8772000000000001,trunc,glob_probe,0.05500000000000005,0.0,4161,250
scifact,50,50,False,32,2332564,False,0.9764749604623257,0.9764749604623257,0.716,0.8548,0.8111333333333335,0.7173333333333334,0.716,0.8548,0.8548,0.8548,glob_probe,glob_probe,0.0,0.0,4151,250
scifact,50,50,False,33,2333564,False,0.9393170936773537,0.9764749604623257,0.7090666666666666,0.856,0.809,0.7203999999999999,0.7150666666666666,0.856,0.856,0.856,glob_probe,glob_probe,0.0,0.006000000000000005,4186,250
scifact,50,50,False,34,2334564,False,0.8789617359038396,0.9764749604623257,0.7150666666666666,0.848,0.809,0.7263999999999999,0.7210666666666666,0.848,0.848,0.848,glob_probe,glob_probe,0.0,0.006000000000000005,4232,250
scifact,50,50,False,35,2335564,False,0.9257462679537611,0.9764749604623257,0.6940666666666666,0.844,0.806,0.7014,0.7000666666666666,0.844,0.844,0.844,glob_probe,glob_probe,0.0,0.006000000000000005,3989,250
scifact,50,50,False,36,2336564,False,0.8373643805376011,0.9764749604623257,0.7060666666666666,0.862,0.818,0.7213999999999999,0.7160666666666666,0.862,0.862,0.862,glob_probe,glob_probe,0.0,0.010000000000000009,4096,250
scifact,50,50,False,37,2337564,False,0.9396523952419269,0.9764749604623257,0.7223999999999999,0.862,0.8263333333333333,0.7297333333333333,0.7283999999999999,0.862,0.862,0.862,glob_probe,glob_probe,0.0,0.006000000000000005,4137,250
scifact,50,50,False,38,2338564,False,0.9362744519508628,0.9764749604623257,0.7004,0.858,0.8063333333333332,0.7117333333333333,0.7064,0.858,0.858,0.858,glob_probe,glob_probe,0.0,0.006000000000000005,4234,250
scifact,50,50,False,39,2339564,False,0.994582137710255,0.9764749604623257,0.7036666666666667,0.864,0.812,0.709,0.7036666666666667,0.864,0.864,0.864,glob_probe,glob_probe,0.0,0.0,4259,250
scifact,50,50,False,40,2340564,False,0.9843383493189622,0.9764749604623257,0.7213999999999999,0.8612000000000001,0.8195333333333333,0.7227333333333333,0.7213999999999999,0.8612000000000001,0.8612000000000001,0.8612000000000001,glob_probe,glob_probe,0.0,0.0,4220,250
scifact,50,50,False,41,2341564,False,0.9213522148330346,0.9764749604623257,0.7280666666666668,0.862,0.819,0.7394,0.7340666666666668,0.862,0.862,0.862,glob_probe,glob_probe,0.0,0.006000000000000005,4001,250
scifact,50,50,False,42,2342564,False,0.9957626959263588,0.9764749604623257,0.7080666666666666,0.86,0.81,0.7133999999999999,0.7080666666666666,0.86,0.86,0.86,glob_probe,glob_probe,0.0,0.0,4158,250
scifact,50,50,False,43,2343564,False,0.9415023402200244,0.9764749604623257,0.7180666666666666,0.8652000000000001,0.8182,0.7213999999999999,0.7200666666666666,0.8652000000000001,0.8652000000000001,0.8652000000000001,glob_probe,glob_probe,0.0,0.0020000000000000018,4185,250
scifact,50,50,False,44,2344564,False,0.9674871564122047,0.9764749604623257,0.7180666666666666,0.856,0.807,0.7233999999999999,0.7180666666666666,0.856,0.856,0.856,glob_probe,glob_probe,0.0,0.0,4173,250
scifact,50,50,False,45,2345564,False,0.9873869716144243,0.9764749604623257,0.7040666666666666,0.86,0.805,0.7094,0.7040666666666666,0.86,0.805,0.86,trunc,glob_probe,0.05499999999999994,0.0,4118,250
scifact,50,50,False,46,2346564,False,0.9611743092358306,0.9764749604623257,0.718,0.8687999999999999,0.8211333333333335,0.7233333333333334,0.722,0.8687999999999999,0.8687999999999999,0.8687999999999999,glob_probe,glob_probe,0.0,0.0040000000000000036,4213,250
scifact,50,50,False,47,2347564,False,1.0670607590664734,0.9764749604623257,0.7137333333333333,0.858,0.8063333333333333,0.7117333333333333,0.7064000000000001,0.858,0.858,0.858,glob_probe,glob_probe,0.0,0.007333333333333192,4252,250
scifact,50,50,False,48,2348564,False,0.9226369235034526,0.9764749604623257,0.7410666666666667,0.8772000000000001,0.8382000000000001,0.7504,0.7450666666666667,0.8772000000000001,0.8772000000000001,0.8772000000000001,glob_probe,glob_probe,0.0,0.0040000000000000036,4260,250
scifact,50,50,False,49,2349564,False,0.9686706973738828,0.9764749604623257,0.6997333333333333,0.85,0.7983333333333333,0.7037333333333333,0.6997333333333333,0.85,0.85,0.85,glob_probe,glob_probe,0.0,0.0,4183,250
scifact,100,100,False,0,2400944,False,0.9280337737214988,0.9764749604623257,0.6884166666666667,0.8565,0.8073333333333333,0.7025833333333332,0.6959166666666667,0.8565,0.8565,0.8565,glob_probe,glob_probe,0.0,0.007500000000000062,8282,200
scifact,100,100,False,1,2401944,False,0.9860562115407776,0.9764749604623257,0.7000833333333334,0.8575,0.78875,0.70175,0.7000833333333334,0.8575,0.78875,0.8575,trunc,glob_probe,0.06875000000000009,0.0,8498,200
scifact,100,100,False,2,2402944,False,0.9715129021552642,0.9764749604623257,0.7388333333333332,0.8775,0.83875,0.7454999999999999,0.7388333333333332,0.8775,0.8775,0.8775,glob_probe,glob_probe,0.0,0.0,8419,200
scifact,100,100,False,3,2403944,False,0.9835752940689136,0.9764749604623257,0.6963333333333332,0.8425,0.7970833333333335,0.7013333333333333,0.6963333333333332,0.8425,0.8425,0.8425,glob_probe,glob_probe,0.0,0.0,8358,200
scifact,100,100,False,4,2404944,False,0.9221413606503344,0.9764749604623257,0.6888333333333333,0.8425,0.79125,0.6955,0.6888333333333333,0.8425,0.8425,0.8425,glob_probe,glob_probe,0.0,0.0,8392,200
scifact,100,100,False,5,2405944,False,0.9715129021552642,0.9764749604623257,0.7325833333333333,0.8725,0.80375,0.73925,0.7325833333333333,0.8725,0.80375,0.8725,trunc,glob_probe,0.06875000000000009,0.0,8471,200
scifact,100,100,False,6,2406944,False,0.9860562115407776,0.9764749604623257,0.713,0.88,0.8304166666666667,0.7196666666666667,0.713,0.88,0.88,0.88,glob_probe,glob_probe,0.0,0.0,8323,200
scifact,100,100,False,7,2407944,False,0.9415023402200244,0.9764749604623257,0.708,0.8415,0.8081666666666666,0.7146666666666667,0.708,0.8415,0.8415,0.8415,glob_probe,glob_probe,0.0,0.0,8131,200
scifact,100,100,False,8,2408944,False,1.017838878168438,0.9764749604623257,0.7034166666666667,0.845,0.7954166666666665,0.7009166666666666,0.6942499999999999,0.845,0.845,0.845,glob_probe,glob_probe,0.0,0.009166666666666767,8428,200
scifact,100,100,False,9,2409944,False,0.9409692487704111,0.9764749604623257,0.72425,0.8690000000000001,0.8256666666666667,0.7334166666666667,0.72675,0.8690000000000001,0.8690000000000001,0.8690000000000001,glob_probe,glob_probe,0.0,0.0025000000000000577,8293,200
scifact,100,100,False,10,2410944,False,0.9929250016619099,0.9764749604623257,0.7166666666666666,0.88,0.8254166666666666,0.7166666666666666,0.7166666666666666,0.88,0.88,0.88,glob_probe,glob_probe,0.0,0.0,8492,200
scifact,100,100,False,11,2411944,False,0.9863007571075115,0.9764749604623257,0.7195833333333332,0.885,0.82,0.72625,0.7195833333333332,0.885,0.885,0.885,glob_probe,glob_probe,0.0,0.0,8352,200
scifact,100,100,False,12,2412944,False,0.9832749998550836,0.9764749604623257,0.7196666666666667,0.8625,0.8154166666666666,0.7196666666666667,0.7196666666666667,0.8625,0.8625,0.8625,glob_probe,glob_probe,0.0,0.0,8444,200
scifact,100,100,False,13,2413944,False,0.9873869716144243,0.9764749604623257,0.72625,0.8675,0.8179166666666666,0.7329166666666665,0.72625,0.8675,0.8675,0.8675,glob_probe,glob_probe,0.0,0.0,8513,200
scifact,100,100,False,14,2414944,False,0.9824396074049346,0.9764749604623257,0.6779999999999999,0.8540000000000001,0.7856666666666666,0.6796666666666666,0.6779999999999999,0.8540000000000001,0.7856666666666666,0.8540000000000001,trunc,glob_probe,0.06833333333333347,0.0,8372,200
scifact,100,100,False,15,2415944,False,0.9996898477338171,0.9764749604623257,0.7333333333333333,0.856,0.8155833333333333,0.7333333333333333,0.7316666666666667,0.856,0.856,0.856,glob_probe,glob_probe,0.0,0.0016666666666665941,8307,200
scifact,100,100,False,16,2416944,False,0.994582137710255,0.9764749604623257,0.718,0.8525,0.8179166666666666,0.7246666666666667,0.718,0.8525,0.8525,0.8525,glob_probe,glob_probe,0.0,0.0,8382,200
scifact,100,100,False,17,2417944,False,1.003947393148344,0.9764749604623257,0.7259166666666667,0.8675,0.8341666666666666,0.7234166666666667,0.72175,0.8675,0.8675,0.8675,glob_probe,glob_probe,0.0,0.004166666666666652,8229,200
scifact,100,100,False,18,2418944,False,0.9400370091982555,0.9764749604623257,0.7155000000000001,0.85,0.8054166666666667,0.7246666666666667,0.7180000000000001,0.85,0.85,0.85,glob_probe,glob_probe,0.0,0.0024999999999999467,8482,200
scifact,100,100,False,19,2419944,False,0.9545432818441779,0.9764749604623257,0.7213333333333333,0.87,0.82625,0.728,0.7213333333333333,0.87,0.87,0.87,glob_probe,glob_probe,0.0,0.0,8524,200
scifact,100,100,False,20,2420944,False,0.9158957767443487,0.9764749604623257,0.7330000000000001,0.8825,0.8279166666666667,0.7471666666666666,0.7405000000000002,0.8825,0.8825,0.8825,glob_probe,glob_probe,0.0,0.007500000000000062,8264,200
scifact,100,100,False,21,2421944,False,0.9831480376035143,0.9764749604623257,0.6925833333333332,0.8525,0.8025,0.6942499999999999,0.6925833333333332,0.8525,0.8525,0.8525,glob_probe,glob_probe,0.0,0.0,8312,200
scifact,100,100,False,22,2422944,False,0.9240083131772887,0.9764749604623257,0.7275833333333332,0.8625,0.8183333333333335,0.7375833333333333,0.7325833333333333,0.8625,0.8625,0.8625,glob_probe,glob_probe,0.0,0.0050000000000000044,8453,200
scifact,100,100,False,23,2423944,False,0.9545432818441779,0.9764749604623257,0.7204999999999999,0.8725,0.8329166666666667,0.7321666666666666,0.7254999999999999,0.8725,0.8725,0.8725,glob_probe,glob_probe,0.0,0.0050000000000000044,8407,200
scifact,100,100,False,24,2424944,False,0.9860562115407776,0.9764749604623257,0.7425,0.8584999999999999,0.8239166666666666,0.7491666666666665,0.7425,0.8584999999999999,0.8584999999999999,0.8584999999999999,glob_probe,glob_probe,0.0,0.0,8349,200
scifact,100,100,False,25,2425944,False,0.9321296485456092,0.9764749604623257,0.7145833333333332,0.8584999999999999,0.8222499999999999,0.71625,0.7145833333333332,0.8584999999999999,0.8584999999999999,0.8584999999999999,glob_probe,glob_probe,0.0,0.0,8300,200
scifact,100,100,False,26,2426944,False,0.9588969919973722,0.9764749604623257,0.7184166666666667,0.8725,0.8345833333333335,0.7250833333333333,0.7234166666666667,0.8725,0.8725,0.8725,glob_probe,glob_probe,0.0,0.0050000000000000044,8154,200
scifact,100,100,False,27,2427944,False,0.9331742116320307,0.9764749604623257,0.7095833333333335,0.856,0.8284999999999999,0.72125,0.7145833333333335,0.856,0.856,0.856,glob_probe,glob_probe,0.0,0.0050000000000000044,8229,200
scifact,100,100,False,28,2428944,False,0.9882986802170208,0.9764749604623257,0.6896666666666667,0.8525,0.7954166666666665,0.6946666666666667,0.6896666666666667,0.8525,0.8525,0.8525,glob_probe,glob_probe,0.0,0.0,8387,200
scifact,100,100,False,29,2429944,False,0.9835752940689136,0.9764749604623257,0.7254999999999999,0.875,0.83875,0.7304999999999999,0.7254999999999999,0.875,0.875,0.875,glob_probe,glob_probe,0.0,0.0,8528,200
scifact,100,100,False,30,2430944,False,0.9460121368281157,0.9764749604623257,0.6850833333333333,0.8425,0.8008333333333334,0.6875833333333332,0.6875833333333332,0.8425,0.8425,0.8425,glob_probe,glob_probe,0.0,0.0024999999999999467,8355,200
scifact,100,100,False,31,2431944,False,0.9851077003282391,0.9764749604623257,0.738,0.855,0.82625,0.743,0.738,0.855,0.855,0.855,glob_probe,glob_probe,0.0,0.0,8434,200
scifact,100,100,False,32,2432944,False,0.9552171920886108,0.9764749604623257,0.7245833333333332,0.865,0.80625,0.73625,0.7295833333333333,0.865,0.865,0.865,glob_probe,glob_probe,0.0,0.0050000000000000044,8484,200
scifact,100,100,False,33,2433944,False,0.9811317353350966,0.9764749604623257,0.71875,0.861,0.8039166666666666,0.7254166666666666,0.71875,0.861,0.861,0.861,glob_probe,glob_probe,0.0,0.0,8298,200
scifact,100,100,False,34,2434944,False,0.9592773314152736,0.9764749604623257,0.7125833333333332,0.855,0.8158333333333334,0.7225833333333332,0.7175833333333332,0.855,0.855,0.855,glob_probe,glob_probe,0.0,0.0050000000000000044,8307,200
scifact,100,100,False,35,2435944,False,1.0103923794906997,0.9764749604623257,0.6966666666666665,0.8484999999999999,0.7989166666666668,0.6966666666666665,0.6916666666666665,0.8484999999999999,0.8484999999999999,0.8484999999999999,glob_probe,glob_probe,0.0,0.0050000000000000044,8517,200
scifact,100,100,False,36,2436944,False,0.9349745003870602,0.9764749604623257,0.7175833333333332,0.8665,0.8265,0.7292500000000001,0.7225833333333332,0.8665,0.8665,0.8665,glob_probe,glob_probe,0.0,0.0050000000000000044,8336,200
scifact,100,100,False,37,2437944,False,0.9842844548390939,0.9764749604623257,0.70675,0.85,0.8004166666666666,0.7084166666666667,0.70675,0.85,0.85,0.85,glob_probe,glob_probe,0.0,0.0,8468,200
scifact,100,100,False,38,2438944,False,0.9832089584142116,0.9764749604623257,0.7063333333333333,0.87,0.80875,0.713,0.7063333333333333,0.87,0.87,0.87,glob_probe,glob_probe,0.0,0.0,8490,200
scifact,100,100,False,39,2439944,False,0.9422515071687112,0.9764749604623257,0.7391666666666665,0.871,0.8289166666666666,0.7416666666666666,0.7416666666666666,0.871,0.871,0.871,glob_probe,glob_probe,0.0,0.0025000000000000577,8342,200
scifact,100,100,False,40,2440944,False,1.0000202413408859,0.9764749604623257,0.7283333333333333,0.866,0.8193333333333334,0.7283333333333333,0.7283333333333333,0.866,0.866,0.866,glob_probe,glob_probe,0.0,0.0,8414,200
scifact,100,100,False,41,2441944,False,0.9038499572832805,0.9764749604623257,0.7525833333333333,0.8725,0.8508333333333334,0.7550833333333332,0.7550833333333332,0.8725,0.8725,0.8725,glob_probe,glob_probe,0.0,0.0024999999999999467,8329,200
scifact,100,100,False,42,2442944,False,0.9114642699896551,0.9764749604623257,0.7258333333333333,0.866,0.8355833333333333,0.7283333333333333,0.7283333333333333,0.866,0.866,0.866,glob_probe,glob_probe,0.0,0.0024999999999999467,8265,200
scifact,100,100,False,43,2443944,False,1.0177448334681665,0.9764749604623257,0.7145833333333335,0.8475,0.8120833333333334,0.7120833333333334,0.7070833333333334,0.8475,0.8475,0.8475,glob_probe,glob_probe,0.0,0.007500000000000062,8296,200
scifact,100,100,False,44,2444944,False,0.9872492683200501,0.9764749604623257,0.67925,0.845,0.7941666666666666,0.6859166666666667,0.67925,0.845,0.845,0.845,glob_probe,glob_probe,0.0,0.0,8516,200
scifact,100,100,False,45,2445944,False,0.9659083588069263,0.9764749604623257,0.7138333333333332,0.8515,0.8060833333333334,0.7188333333333332,0.7138333333333332,0.8515,0.8515,0.8515,glob_probe,glob_probe,0.0,0.0,8553,200
scifact,100,100,False,46,2446944,False,0.9861222529816496,0.9764749604623257,0.7488333333333332,0.889,0.8460833333333333,0.7538333333333332,0.7488333333333332,0.889,0.889,0.889,glob_probe,glob_probe,0.0,0.0,8425,200
scifact,100,100,False,47,2447944,False,0.9425672650976303,0.9764749604623257,0.7045833333333333,0.85,0.80375,0.71625,0.7095833333333332,0.85,0.85,0.85,glob_probe,glob_probe,0.0,0.004999999999999893,8275,200
scifact,100,100,False,48,2448944,False,0.9798985068201741,0.9764749604623257,0.7058333333333333,0.846,0.7905833333333334,0.7058333333333333,0.7058333333333333,0.846,0.846,0.846,glob_probe,glob_probe,0.0,0.0,8419,200
scifact,100,100,False,49,2449944,False,0.9872492683200501,0.9764749604623257,0.7266666666666666,0.866,0.8230833333333334,0.7283333333333333,0.7266666666666666,0.866,0.866,0.866,glob_probe,glob_probe,0.0,0.0,8336,200
arguana,5,5,False,0,2000526,False,0.9695882540422145,0.8245308924002446,0.017844396859386154,0.7630264097073519,0.3012134189864383,0.019271948608137045,0.011420413990007138,0.7630264097073519,0.7630264097073519,0.7630264097073519,glob_probe,glob_probe,0.0,0.006423982869379017,313,1401
arguana,5,5,False,1,2001526,False,0.6912831387726834,0.8245308924002446,0.007137758743754461,0.7623126338329764,0.2990720913633119,0.019271948608137045,0.011420413990007138,0.7623126338329764,0.7623126338329764,0.7623126338329764,glob_probe,glob_probe,0.0,0.004282655246252677,298,1401
arguana,5,5,False,2,2002526,False,1.0264744873930312,0.8245308924002446,0.021413276231263382,0.7637401855817273,0.3012134189864383,0.019271948608137045,0.011420413990007138,0.7637401855817273,0.7637401855817273,0.7637401855817273,glob_probe,glob_probe,0.0,0.009992862241256244,323,1401
arguana,5,5,False,3,2003526,False,0.8100475794017992,0.8245308924002446,0.010706638115631691,0.7630264097073519,0.3019271948608137,0.019271948608137045,0.011420413990007138,0.7630264097073519,0.7630264097073519,0.7630264097073519,glob_probe,glob_probe,0.0,0.0007137758743754469,285,1401
arguana,5,5,False,4,2004526,False,0.7091051505446526,0.8245308924002446,0.007137758743754461,0.7623126338329764,0.3004996431120628,0.019271948608137045,0.011420413990007138,0.7623126338329764,0.7623126338329764,0.7623126338329764,glob_probe,glob_probe,0.0,0.004282655246252677,334,1401
arguana,5,5,False,5,2005526,False,0.9268627796111454,0.8245308924002446,0.014275517487508922,0.7623126338329764,0.2990720913633119,0.018558172733761598,0.010706638115631691,0.7623126338329764,0.7623126338329764,0.7623126338329764,glob_probe,glob_probe,0.0,0.003568879371877231,338,1401
arguana,5,5,False,6,2006526,False,0.7012326540260663,0.8245308924002446,0.007137758743754461,0.7637401855817273,0.3004996431120628,0.018558172733761598,0.010706638115631691,0.7637401855817273,0.7637401855817273,0.7637401855817273,glob_probe,glob_probe,0.0,0.00356887937187723,293,1401
arguana,5,5,False,7,2007526,False,0.715499138337524,0.8245308924002446,0.007851534618129907,0.7630264097073519,0.3004996431120628,0.019271948608137045,0.011420413990007138,0.7630264097073519,0.7630264097073519,0.7630264097073519,glob_probe,glob_probe,0.0,0.003568879371877231,289,1401
arguana,5,5,False,8,2008526,False,0.6720114490764285,0.8245308924002446,0.007137758743754461,0.7623126338329764,0.3012134189864383,0.019271948608137045,0.011420413990007138,0.7623126338329764,0.7623126338329764,0.7623126338329764,glob_probe,glob_probe,0.0,0.004282655246252677,313,1401
arguana,5,5,False,9,2009526,False,1.0265226478120244,0.8245308924002446,0.02069950035688794,0.7623126338329764,0.3012134189864383,0.018558172733761598,0.010706638115631691,0.7623126338329764,0.7623126338329764,0.7623126338329764,glob_probe,glob_probe,0.0,0.009992862241256248,309,1401
arguana,5,5,False,10,2010526,False,1.0827981922722099,0.8245308924002446,0.023554603854389723,0.7623126338329764,0.3004996431120628,0.019271948608137045,0.011420413990007138,0.7623126338329764,0.7623126338329764,0.7623126338329764,glob_probe,glob_probe,0.0,0.012134189864382585,294,1401
arguana,5,5,False,11,2011526,False,0.7422787139986863,0.8245308924002446,0.008565310492505354,0.7623126338329764,0.2990720913633119,0.018558172733761598,0.011420413990007138,0.7623126338329764,0.7623126338329764,0.7623126338329764,glob_probe,glob_probe,0.0,0.002855103497501784,296,1401
arguana,5,5,False,12,2012526,False,0.8611385056352578,0.8245308924002446,0.011420413990007138,0.7630264097073519,0.3012134189864383,0.019271948608137045,0.011420413990007138,0.7630264097073519,0.7630264097073519,0.7630264097073519,glob_probe,glob_probe,0.0,0.0,326,1401
arguana,5,5,False,13,2013526,False,0.8305367813169637,0.8245308924002446,0.011420413990007138,0.7637401855817273,0.3019271948608137,0.019271948608137045,0.011420413990007138,0.7637401855817273,0.7637401855817273,0.7637401855817273,glob_probe,glob_probe,0.0,0.0,333,1401
arguana,5,5,False,14,2014526,False,0.6780320337206837,0.8245308924002446,0.007137758743754461,0.7630264097073519,0.3004996431120628,0.018558172733761598,0.010706638115631691,0.7630264097073519,0.7630264097073519,0.7630264097073519,glob_probe,glob_probe,0.0,0.00356887937187723,288,1401
arguana,5,5,False,15,2015526,False,1.0595038008983189,0.8245308924002446,0.022840827980014276,0.7637401855817273,0.3019271948608137,0.019271948608137045,0.011420413990007138,0.7637401855817273,0.7637401855817273,0.7637401855817273,glob_probe,glob_probe,0.0,0.011420413990007138,333,1401
arguana,5,5,False,16,2016526,False,1.0543652419532838,0.8245308924002446,0.022840827980014276,0.7637401855817273,0.3004996431120628,0.019271948608137045,0.011420413990007138,0.7637401855817273,0.7637401855817273,0.7637401855817273,glob_probe,glob_probe,0.0,0.011420413990007138,325,1401
arguana,5,5,False,17,2017526,False,1.077942468201745,0.8245308924002446,0.023554603854389723,0.7637401855817273,0.3012134189864383,0.019271948608137045,0.011420413990007138,0.7637401855817273,0.7637401855817273,0.7637401855817273,glob_probe,glob_probe,0.0,0.012134189864382585,284,1401
arguana,5,5,False,18,2018526,False,0.683897830683312,0.8245308924002446,0.007137758743754461,0.7630264097073519,0.29978586723768735,0.019271948608137045,0.011420413990007138,0.7630264097073519,0.7630264097073519,0.7630264097073519,glob_probe,glob_probe,0.0,0.004282655246252677,336,1401
arguana,5,5,False,19,2019526,False,0.7837379502949057,0.8245308924002446,0.010706638115631691,0.7623126338329764,0.3004996431120628,0.019271948608137045,0.011420413990007138,0.7623126338329764,0.7623126338329764,0.7623126338329764,glob_probe,glob_probe,0.0,0.0007137758743754469,311,1401
arguana,5,5,False,20,2020526,False,0.7651727433607173,0.8245308924002446,0.008565310492505354,0.7637401855817273,0.29978586723768735,0.019271948608137045,0.011420413990007138,0.7637401855817273,0.7637401855817273,0.7637401855817273,glob_probe,glob_probe,0.0,0.002855103497501784,314,1401
arguana,5,5,False,21,2021526,False,0.7865474721496152,0.8245308924002446,0.010706638115631691,0.7637401855817273,0.3019271948608137,0.019271948608137045,0.011420413990007138,0.7637401855817273,0.7637401855817273,0.7637401855817273,glob_probe,glob_probe,0.0,0.0007137758743754469,327,1401
arguana,5,5,False,22,2022526,False,0.765600091555486,0.8245308924002446,0.008565310492505354,0.7637401855817273,0.3012134189864383,0.018558172733761598,0.011420413990007138,0.7637401855817273,0.7637401855817273,0.7637401855817273,glob_probe,glob_probe,0.0,0.002855103497501784,302,1401
arguana,5,5,False,23,2023526,False,0.9171302830123447,0.8245308924002446,0.013561741613133477,0.7630264097073519,0.3012134189864383,0.018558172733761598,0.011420413990007138,0.7630264097073519,0.7630264097073519,0.7630264097073519,glob_probe,glob_probe,0.0,0.002141327623126339,280,1401
arguana,5,5,False,24,2024526,False,0.8654492617530871,0.8245308924002446,0.012134189864382585,0.7630264097073519,0.29978586723768735,0.019271948608137045,0.011420413990007138,0.7630264097073519,0.7630264097073519,0.7630264097073519,glob_probe,glob_probe,0.0,0.0007137758743754469,316,1401
arguana,5,5,False,25,2025526,False,0.6335738806002382,0.8245308924002446,0.006423982869379015,0.7623126338329764,0.2990720913633119,0.019271948608137045,0.011420413990007138,0.7623126338329764,0.7623126338329764,0.7623126338329764,glob_probe,glob_probe,0.0,0.004996431120628123,294,1401
arguana,5,5,False,26,2026526,False,0.6805454950707882,0.8245308924002446,0.007137758743754461,0.7623126338329764,0.3004996431120628,0.019271948608137045,0.011420413990007138,0.7623126338329764,0.7623126338329764,0.7623126338329764,glob_probe,glob_probe,0.0,0.004282655246252677,276,1401
arguana,5,5,False,27,2027526,False,0.798328841003061,0.8245308924002446,0.010706638115631691,0.7623126338329764,0.3012134189864383,0.019271948608137045,0.011420413990007138,0.7623126338329764,0.7623126338329764,0.7623126338329764,glob_probe,glob_probe,0.0,0.0007137758743754469,327,1401
arguana,5,5,False,28,2028526,False,0.7708507307424927,0.8245308924002446,0.008565310492505354,0.7623126338329764,0.3012134189864383,0.019271948608137045,0.011420413990007138,0.7623126338329764,0.7623126338329764,0.7623126338329764,glob_probe,glob_probe,0.0,0.002855103497501784,293,1401
arguana,5,5,False,29,2029526,False,0.879933674823449,0.8245308924002446,0.013561741613133477,0.7630264097073519,0.29978586723768735,0.019271948608137045,0.011420413990007138,0.7630264097073519,0.7630264097073519,0.7630264097073519,glob_probe,glob_probe,0.0,0.002141327623126339,350,1401
arguana,5,5,False,30,2030526,False,0.765584253070288,0.8245308924002446,0.008565310492505354,0.7637401855817273,0.3019271948608137,0.019271948608137045,0.011420413990007138,0.7637401855817273,0.7637401855817273,0.7637401855817273,glob_probe,glob_probe,0.0,0.002855103497501784,317,1401
arguana,5,5,False,31,2031526,False,0.748137844757709,0.8245308924002446,0.008565310492505354,0.7637401855817273,0.3012134189864383,0.019271948608137045,0.011420413990007138,0.7637401855817273,0.7637401855817273,0.7637401855817273,glob_probe,glob_probe,0.0,0.002855103497501784,268,1401
arguana,5,5,False,32,2032526,False,0.7372427056592986,0.8245308924002446,0.007851534618129907,0.7630264097073519,0.3012134189864383,0.018558172733761598,0.010706638115631691,0.7630264097073519,0.7630264097073519,0.7630264097073519,glob_probe,glob_probe,0.0,0.002855103497501784,282,1401
arguana,5,5,False,33,2033526,False,0.8180468927735047,0.8245308924002446,0.010706638115631691,0.7630264097073519,0.3004996431120628,0.018558172733761598,0.010706638115631691,0.7630264097073519,0.7630264097073519,0.7630264097073519,glob_probe,glob_probe,0.0,0.0,302,1401
arguana,5,5,False,34,2034526,False,0.8184414257012697,0.8245308924002446,0.011420413990007138,0.7630264097073519,0.3012134189864383,0.019271948608137045,0.011420413990007138,0.7630264097073519,0.7630264097073519,0.7630264097073519,glob_probe,glob_probe,0.0,0.0,315,1401
arguana,5,5,False,35,2035526,False,0.8340422724353195,0.8245308924002446,0.011420413990007138,0.7637401855817273,0.3019271948608137,0.019271948608137045,0.011420413990007138,0.7637401855817273,0.7637401855817273,0.7637401855817273,glob_probe,glob_probe,0.0,0.0,290,1401
arguana,5,5,False,36,2036526,False,0.5539958757801045,0.8245308924002446,0.006423982869379015,0.7637401855817273,0.3004996431120628,0.019271948608137045,0.011420413990007138,0.7637401855817273,0.7637401855817273,0.7637401855817273,glob_probe,glob_probe,0.0,0.004996431120628123,244,1401
arguana,5,5,False,37,2037526,False,0.842961190129937,0.8245308924002446,0.011420413990007138,0.7637401855817273,0.29978586723768735,0.019271948608137045,0.011420413990007138,0.7637401855817273,0.7637401855817273,0.7637401855817273,glob_probe,glob_probe,0.0,0.0,322,1401
arguana,5,5,False,38,2038526,False,0.7147435590767366,0.8245308924002446,0.007851534618129907,0.7623126338329764,0.3012134189864383,0.019271948608137045,0.011420413990007138,0.7623126338329764,0.7623126338329764,0.7623126338329764,glob_probe,glob_probe,0.0,0.003568879371877231,298,1401
arguana,5,5,False,39,2039526,False,0.8768333380652282,0.8245308924002446,0.013561741613133477,0.7630264097073519,0.3012134189864383,0.019271948608137045,0.011420413990007138,0.7630264097073519,0.7630264097073519,0.7630264097073519,glob_probe,glob_probe,0.0,0.002141327623126339,313,1401
arguana,5,5,False,40,2040526,False,0.9108167086909648,0.8245308924002446,0.014275517487508922,0.7630264097073519,0.3019271948608137,0.019271948608137045,0.011420413990007138,0.7630264097073519,0.7630264097073519,0.7630264097073519,glob_probe,glob_probe,0.0,0.002855103497501784,295,1401
arguana,5,5,False,41,2041526,False,0.5392500356814324,0.8245308924002446,0.004996431120628123,0.7637401855817273,0.3004996431120628,0.019271948608137045,0.011420413990007138,0.7637401855817273,0.7637401855817273,0.7637401855817273,glob_probe,glob_probe,0.0,0.006423982869379015,281,1401
arguana,5,5,False,42,2042526,False,0.5861017953889366,0.8245308924002446,0.006423982869379015,0.7623126338329764,0.3004996431120628,0.019271948608137045,0.011420413990007138,0.7623126338329764,0.7623126338329764,0.7623126338329764,glob_probe,glob_probe,0.0,0.004996431120628123,292,1401
arguana,5,5,False,43,2043526,False,0.8184414257012697,0.8245308924002446,0.011420413990007138,0.7623126338329764,0.29978586723768735,0.019271948608137045,0.011420413990007138,0.7623126338329764,0.7623126338329764,0.7623126338329764,glob_probe,glob_probe,0.0,0.0,310,1401
arguana,5,5,False,44,2044526,False,0.7531105197915479,0.8245308924002446,0.008565310492505354,0.7637401855817273,0.29978586723768735,0.019271948608137045,0.011420413990007138,0.7637401855817273,0.7637401855817273,0.7637401855817273,glob_probe,glob_probe,0.0,0.002855103497501784,353,1401
arguana,5,5,False,45,2045526,False,0.869707402771518,0.8245308924002446,0.012134189864382585,0.7623126338329764,0.3012134189864383,0.019271948608137045,0.011420413990007138,0.7623126338329764,0.7623126338329764,0.7623126338329764,glob_probe,glob_probe,0.0,0.0007137758743754469,322,1401
arguana,5,5,False,46,2046526,False,0.7614567972217362,0.8245308924002446,0.007851534618129907,0.7623126338329764,0.3012134189864383,0.018558172733761598,0.010706638115631691,0.7623126338329764,0.7623126338329764,0.7623126338329764,glob_probe,glob_probe,0.0,0.002855103497501784,324,1401
arguana,5,5,False,47,2047526,False,0.7282421574123855,0.8245308924002446,0.007851534618129907,0.7630264097073519,0.3012134189864383,0.019271948608137045,0.011420413990007138,0.7630264097073519,0.7630264097073519,0.7630264097073519,glob_probe,glob_probe,0.0,0.003568879371877231,276,1401
arguana,5,5,False,48,2048526,False,0.956070711274191,0.8245308924002446,0.01641684511063526,0.7630264097073519,0.3004996431120628,0.019271948608137045,0.011420413990007138,0.7630264097073519,0.7630264097073519,0.7630264097073519,glob_probe,glob_probe,0.0,0.004996431120628123,364,1401
arguana,5,5,False,49,2049526,False,0.9511414068564292,0.8245308924002446,0.01641684511063526,0.7630264097073519,0.3019271948608137,0.019271948608137045,0.011420413990007138,0.7630264097073519,0.7630264097073519,0.7630264097073519,glob_probe,glob_probe,0.0,0.004996431120628123,314,1401
arguana,10,10,False,0,966,False,0.8090229903115654,0.8245308924002446,0.010744985673352435,0.7643266475644699,0.3008595988538682,0.019340974212034383,0.011461318051575931,0.7643266475644699,0.7643266475644699,0.7643266475644699,glob_probe,glob_probe,0.0,0.000716332378223496,600,1396
arguana,10,10,False,1,1966,False,0.8030233886038405,0.8245308924002446,0.010744985673352435,0.7628939828080229,0.3001432664756447,0.019340974212034383,0.011461318051575931,0.7628939828080229,0.7628939828080229,0.7628939828080229,glob_probe,glob_probe,0.0,0.000716332378223496,605,1396
arguana,10,10,False,2,2966,False,0.7545620116839278,0.8245308924002446,0.008595988538681949,0.7621776504297995,0.3008595988538682,0.019340974212034383,0.011461318051575931,0.7621776504297995,0.7621776504297995,0.7621776504297995,glob_probe,glob_probe,0.0,0.0028653295128939823,578,1396
arguana,10,10,False,3,3966,False,0.8033719803450745,0.8245308924002446,0.010744985673352435,0.7621776504297995,0.3015759312320917,0.019340974212034383,0.011461318051575931,0.7621776504297995,0.7621776504297995,0.7621776504297995,glob_probe,glob_probe,0.0,0.000716332378223496,673,1396
arguana,10,10,False,4,4966,False,0.8380167319588895,0.8245308924002446,0.011461318051575931,0.7636103151862464,0.3008595988538682,0.019340974212034383,0.011461318051575931,0.7636103151862464,0.7636103151862464,0.7636103151862464,glob_probe,glob_probe,0.0,0.0,652,1396
arguana,10,10,False,5,5966,False,0.793540483380305,0.8245308924002446,0.010744985673352435,0.7643266475644699,0.3015759312320917,0.019340974212034383,0.011461318051575931,0.7643266475644699,0.7643266475644699,0.7643266475644699,glob_probe,glob_probe,0.0,0.000716332378223496,538,1396
arguana,10,10,False,6,6966,False,0.8261652842548333,0.8245308924002446,0.010744985673352435,0.7650429799426934,0.3015759312320917,0.01862464183381089,0.010744985673352435,0.7650429799426934,0.7650429799426934,0.7650429799426934,glob_probe,glob_probe,0.0,0.0,544,1396
arguana,10,10,False,7,7966,False,0.806342870977522,0.8245308924002446,0.010744985673352435,0.7636103151862464,0.3001432664756447,0.019340974212034383,0.011461318051575931,0.7636103151862464,0.7636103151862464,0.7636103151862464,glob_probe,glob_probe,0.0,0.000716332378223496,635,1396
arguana,10,10,False,8,8966,False,0.7319432265446213,0.8245308924002446,0.007879656160458453,0.7628939828080229,0.2994269340974212,0.019340974212034383,0.011461318051575931,0.7628939828080229,0.7628939828080229,0.7628939828080229,glob_probe,glob_probe,0.0,0.0035816618911174783,646,1396
arguana,10,10,False,9,9966,False,0.8864218422917648,0.8245308924002446,0.013610315186246419,0.7636103151862464,0.3015759312320917,0.019340974212034383,0.011461318051575931,0.7636103151862464,0.7636103151862464,0.7636103151862464,glob_probe,glob_probe,0.0,0.002148997134670488,645,1396
arguana,10,10,False,10,10966,False,0.7856432659380082,0.8245308924002446,0.010744985673352435,0.7628939828080229,0.3008595988538682,0.019340974212034383,0.011461318051575931,0.7628939828080229,0.7628939828080229,0.7628939828080229,glob_probe,glob_probe,0.0,0.000716332378223496,688,1396
arguana,10,10,False,11,11966,False,0.9281493441357545,0.8245308924002446,0.01504297994269341,0.7636103151862464,0.2994269340974212,0.019340974212034383,0.011461318051575931,0.7636103151862464,0.7636103151862464,0.7636103151862464,glob_probe,glob_probe,0.0,0.0035816618911174783,628,1396
arguana,10,10,False,12,12966,False,0.7483305734632031,0.8245308924002446,0.008595988538681949,0.7614613180515759,0.3008595988538682,0.019340974212034383,0.011461318051575931,0.7614613180515759,0.7614613180515759,0.7614613180515759,glob_probe,glob_probe,0.0,0.0028653295128939823,568,1396
arguana,10,10,False,13,13966,False,0.7230721627942003,0.8245308924002446,0.007879656160458453,0.7621776504297995,0.2987106017191977,0.019340974212034383,0.011461318051575931,0.7621776504297995,0.7621776504297995,0.7621776504297995,glob_probe,glob_probe,0.0,0.0035816618911174783,600,1396
arguana,10,10,False,14,14966,False,0.8611918605648954,0.8245308924002446,0.011461318051575931,0.7636103151862464,0.3008595988538682,0.019340974212034383,0.011461318051575931,0.7636103151862464,0.7636103151862464,0.7636103151862464,glob_probe,glob_probe,0.0,0.0,614,1396
arguana,10,10,False,15,15966,False,0.9059168725171127,0.8245308924002446,0.014326647564469915,0.7636103151862464,0.3015759312320917,0.019340974212034383,0.011461318051575931,0.7636103151862464,0.7636103151862464,0.7636103151862464,glob_probe,glob_probe,0.0,0.002865329512893984,648,1396
arguana,10,10,False,16,16966,False,0.7063714185375362,0.8245308924002446,0.0071633237822349575,0.7614613180515759,0.3022922636103152,0.019340974212034383,0.011461318051575931,0.7614613180515759,0.7614613180515759,0.7614613180515759,glob_probe,glob_probe,0.0,0.004297994269340973,597,1396
arguana,10,10,False,17,17966,False,0.8180517257595262,0.8245308924002446,0.011461318051575931,0.7636103151862464,0.3015759312320917,0.019340974212034383,0.011461318051575931,0.7636103151862464,0.7636103151862464,0.7636103151862464,glob_probe,glob_probe,0.0,0.0,643,1396
arguana,10,10,False,18,18966,False,1.001523337773311,0.8245308924002446,0.019340974212034383,0.7636103151862464,0.3008595988538682,0.019340974212034383,0.011461318051575931,0.7636103151862464,0.7636103151862464,0.7636103151862464,glob_probe,glob_probe,0.0,0.007879656160458453,592,1396
arguana,10,10,False,19,19966,False,0.8772699547356324,0.8245308924002446,0.013610315186246419,0.7636103151862464,0.3015759312320917,0.019340974212034383,0.011461318051575931,0.7636103151862464,0.7636103151862464,0.7636103151862464,glob_probe,glob_probe,0.0,0.002148997134670488,611,1396
arguana,10,10,False,20,20966,False,0.9642995401341159,0.8245308924002446,0.0164756446991404,0.7636103151862464,0.3008595988538682,0.019340974212034383,0.011461318051575931,0.7636103151862464,0.7636103151862464,0.7636103151862464,glob_probe,glob_probe,0.0,0.005014326647564469,668,1396
arguana,10,10,False,21,21966,False,1.013402428094719,0.8245308924002446,0.020773638968481375,0.7650429799426934,0.3008595988538682,0.019340974212034383,0.011461318051575931,0.7650429799426934,0.7650429799426934,0.7650429799426934,glob_probe,glob_probe,0.0,0.009312320916905445,661,1396
arguana,10,10,False,22,22966,False,0.8108792976667815,0.8245308924002446,0.011461318051575931,0.7621776504297995,0.3022922636103152,0.019340974212034383,0.011461318051575931,0.7621776504297995,0.7621776504297995,0.7621776504297995,glob_probe,glob_probe,0.0,0.0,611,1396
arguana,10,10,False,23,23966,False,0.8406704443892323,0.8245308924002446,0.011461318051575931,0.7650429799426934,0.3008595988538682,0.019340974212034383,0.011461318051575931,0.7650429799426934,0.7650429799426934,0.7650429799426934,glob_probe,glob_probe,0.0,0.0,683,1396
arguana,10,10,False,24,24966,False,0.7095363535574746,0.8245308924002446,0.0071633237822349575,0.7628939828080229,0.3008595988538682,0.019340974212034383,0.011461318051575931,0.7628939828080229,0.7628939828080229,0.7628939828080229,glob_probe,glob_probe,0.0,0.004297994269340973,572,1396
arguana,10,10,False,25,25966,False,0.9013072987245567,0.8245308924002446,0.014326647564469915,0.7636103151862464,0.3022922636103152,0.019340974212034383,0.011461318051575931,0.7636103151862464,0.7636103151862464,0.7636103151862464,glob_probe,glob_probe,0.0,0.002865329512893984,688,1396
arguana,10,10,False,26,26966,False,0.7883997134917555,0.8245308924002446,0.010744985673352435,0.7621776504297995,0.3015759312320917,0.019340974212034383,0.011461318051575931,0.7621776504297995,0.7621776504297995,0.7621776504297995,glob_probe,glob_probe,0.0,0.000716332378223496,589,1396
arguana,10,10,False,27,27966,False,0.9644997753876496,0.8245308924002446,0.0164756446991404,0.7643266475644699,0.3008595988538682,0.019340974212034383,0.011461318051575931,0.7643266475644699,0.7643266475644699,0.7643266475644699,glob_probe,glob_probe,0.0,0.005014326647564469,662,1396
arguana,10,10,False,28,28966,False,0.67675423040985,0.8245308924002446,0.0071633237822349575,0.7636103151862464,0.3015759312320917,0.019340974212034383,0.011461318051575931,0.7636103151862464,0.7636103151862464,0.7636103151862464,glob_probe,glob_probe,0.0,0.004297994269340973,635,1396
arguana,10,10,False,29,29966,False,0.7621833195938429,0.8245308924002446,0.008595988538681949,0.7628939828080229,0.3015759312320917,0.01862464183381089,0.010744985673352435,0.7628939828080229,0.7628939828080229,0.7628939828080229,glob_probe,glob_probe,0.0,0.0021489971346704863,592,1396
arguana,10,10,False,30,30966,False,0.8679736349886926,0.8245308924002446,0.012177650429799427,0.7643266475644699,0.3001432664756447,0.019340974212034383,0.011461318051575931,0.7643266475644699,0.7643266475644699,0.7643266475644699,glob_probe,glob_probe,0.0,0.000716332378223496,643,1396
arguana,10,10,False,31,31966,False,0.8158785121409826,0.8245308924002446,0.011461318051575931,0.7636103151862464,0.3015759312320917,0.019340974212034383,0.011461318051575931,0.7636103151862464,0.7636103151862464,0.7636103151862464,glob_probe,glob_probe,0.0,0.0,619,1396
arguana,10,10,False,32,32966,False,1.0587953471012879,0.8245308924002446,0.022922636103151862,0.7628939828080229,0.3015759312320917,0.019340974212034383,0.011461318051575931,0.7628939828080229,0.7628939828080229,0.7628939828080229,glob_probe,glob_probe,0.0,0.011461318051575931,677,1396
arguana,10,10,False,33,33966,False,0.8952037857892208,0.8245308924002446,0.013610315186246419,0.7643266475644699,0.2994269340974212,0.019340974212034383,0.011461318051575931,0.7643266475644699,0.7643266475644699,0.7643266475644699,glob_probe,glob_probe,0.0,0.002148997134670488,677,1396
arguana,10,10,False,34,34966,False,0.9231547779775271,0.8245308924002446,0.01504297994269341,0.7628939828080229,0.3001432664756447,0.019340974212034383,0.011461318051575931,0.7628939828080229,0.7628939828080229,0.7628939828080229,glob_probe,glob_probe,0.0,0.0035816618911174783,644,1396
arguana,10,10,False,35,35966,False,0.7426784599017051,0.8245308924002446,0.007879656160458453,0.7636103151862464,0.3001432664756447,0.01862464183381089,0.010744985673352435,0.7636103151862464,0.7636103151862464,0.7636103151862464,glob_probe,glob_probe,0.0,0.0028653295128939823,603,1396
arguana,10,10,False,36,36966,False,0.8671526110549863,0.8245308924002446,0.012177650429799427,0.7628939828080229,0.3001432664756447,0.01862464183381089,0.011461318051575931,0.7628939828080229,0.7628939828080229,0.7628939828080229,glob_probe,glob_probe,0.0,0.000716332378223496,615,1396
arguana,10,10,False,37,37966,False,0.8752501135342403,0.8245308924002446,0.013610315186246419,0.7628939828080229,0.3015759312320917,0.019340974212034383,0.011461318051575931,0.7628939828080229,0.7628939828080229,0.7628939828080229,glob_probe,glob_probe,0.0,0.002148997134670488,591,1396
arguana,10,10,False,38,38966,False,0.7302634260195666,0.8245308924002446,0.007879656160458453,0.7614613180515759,0.3008595988538682,0.019340974212034383,0.011461318051575931,0.7614613180515759,0.7614613180515759,0.7614613180515759,glob_probe,glob_probe,0.0,0.0035816618911174783,601,1396
arguana,10,10,False,39,39966,False,0.9439465427576366,0.8245308924002446,0.01504297994269341,0.7636103151862464,0.2987106017191977,0.01862464183381089,0.010744985673352435,0.7636103151862464,0.7636103151862464,0.7636103151862464,glob_probe,glob_probe,0.0,0.004297994269340974,689,1396
arguana,10,10,False,40,40966,False,0.7876734784666659,0.8245308924002446,0.010744985673352435,0.7636103151862464,0.2994269340974212,0.01862464183381089,0.011461318051575931,0.7636103151862464,0.7636103151862464,0.7636103151862464,glob_probe,glob_probe,0.0,0.000716332378223496,634,1396
arguana,10,10,False,41,41966,False,0.8982534622493545,0.8245308924002446,0.014326647564469915,0.7628939828080229,0.3015759312320917,0.019340974212034383,0.011461318051575931,0.7628939828080229,0.7628939828080229,0.7628939828080229,glob_probe,glob_probe,0.0,0.002865329512893984,597,1396
arguana,10,10,False,42,42966,False,0.8010628233127346,0.8245308924002446,0.010744985673352435,0.7628939828080229,0.3008595988538682,0.019340974212034383,0.011461318051575931,0.7628939828080229,0.7628939828080229,0.7628939828080229,glob_probe,glob_probe,0.0,0.000716332378223496,666,1396
arguana,10,10,False,43,43966,False,0.858591988154435,0.8245308924002446,0.011461318051575931,0.7636103151862464,0.3008595988538682,0.019340974212034383,0.011461318051575931,0.7636103151862464,0.7636103151862464,0.7636103151862464,glob_probe,glob_probe,0.0,0.0,638,1396
arguana,10,10,False,44,44966,False,0.8049075233776275,0.8245308924002446,0.010744985673352435,0.7636103151862464,0.3022922636103152,0.019340974212034383,0.011461318051575931,0.7636103151862464,0.7636103151862464,0.7636103151862464,glob_probe,glob_probe,0.0,0.000716332378223496,594,1396
arguana,10,10,False,45,45966,False,0.7947289988953601,0.8245308924002446,0.010744985673352435,0.7636103151862464,0.3015759312320917,0.019340974212034383,0.011461318051575931,0.7636103151862464,0.7636103151862464,0.7636103151862464,glob_probe,glob_probe,0.0,0.000716332378223496,573,1396
arguana,10,10,False,46,46966,False,0.8883423626902642,0.8245308924002446,0.012893982808022923,0.7643266475644699,0.3008595988538682,0.01862464183381089,0.010744985673352435,0.7643266475644699,0.7643266475644699,0.7643266475644699,glob_probe,glob_probe,0.0,0.002148997134670488,646,1396
arguana,10,10,False,47,47966,False,0.8579001655453642,0.8245308924002446,0.011461318051575931,0.7628939828080229,0.2994269340974212,0.01862464183381089,0.011461318051575931,0.7628939828080229,0.7628939828080229,0.7628939828080229,glob_probe,glob_probe,0.0,0.0,576,1396
arguana,10,10,False,48,48966,False,1.065478658992916,0.8245308924002446,0.02363896848137536,0.7643266475644699,0.3008595988538682,0.019340974212034383,0.011461318051575931,0.7643266475644699,0.7643266475644699,0.7643266475644699,glob_probe,glob_probe,0.0,0.012177650429799429,642,1396
arguana,10,10,False,49,49966,False,0.8848299427100452,0.8245308924002446,0.013610315186246419,0.7643266475644699,0.3015759312320917,0.019340974212034383,0.011461318051575931,0.7643266475644699,0.7643266475644699,0.7643266475644699,glob_probe,glob_probe,0.0,0.002148997134670488,640,1396
arguana,20,20,False,0,2200209,False,0.8536238628657009,0.8245308924002446,0.011544011544011544,0.7633477633477633,0.2987012987012987,0.01948051948051948,0.011544011544011544,0.7633477633477633,0.7633477633477633,0.7633477633477633,glob_probe,glob_probe,0.0,0.0,1287,1386
arguana,20,20,False,1,2201209,False,0.8585907414899543,0.8245308924002446,0.011544011544011544,0.7633477633477633,0.30158730158730157,0.01948051948051948,0.011544011544011544,0.7633477633477633,0.7633477633477633,0.7633477633477633,glob_probe,glob_probe,0.0,0.0,1351,1386
arguana,20,20,False,2,2202209,False,0.731988883382369,0.8245308924002446,0.007936507936507936,0.7640692640692641,0.3008658008658009,0.01948051948051948,0.011544011544011544,0.7640692640692641,0.7640692640692641,0.7640692640692641,glob_probe,glob_probe,0.0,0.003607503607503608,1142,1386
arguana,20,20,False,3,2203209,False,0.789342597930216,0.8245308924002446,0.010822510822510822,0.7647907647907648,0.2987012987012987,0.01875901875901876,0.011544011544011544,0.7647907647907648,0.7647907647907648,0.7647907647907648,glob_probe,glob_probe,0.0,0.0007215007215007219,1316,1386
arguana,20,20,False,4,2204209,False,0.8605729574756293,0.8245308924002446,0.011544011544011544,0.7619047619047619,0.3023088023088023,0.01948051948051948,0.011544011544011544,0.7619047619047619,0.7619047619047619,0.7619047619047619,glob_probe,glob_probe,0.0,0.0,1282,1386
arguana,20,20,False,5,2205209,False,0.8712579700790196,0.8245308924002446,0.011544011544011544,0.7619047619047619,0.2994227994227994,0.018037518037518036,0.010822510822510822,0.7619047619047619,0.7619047619047619,0.7619047619047619,glob_probe,glob_probe,0.0,0.0007215007215007219,1323,1386
arguana,20,20,False,6,2206209,False,0.8760714103890492,0.8245308924002446,0.013708513708513708,0.7633477633477633,0.3023088023088023,0.01948051948051948,0.011544011544011544,0.7633477633477633,0.7633477633477633,0.7633477633477633,glob_probe,glob_probe,0.0,0.002164502164502164,1309,1386
arguana,20,20,False,7,2207209,False,0.9071239771558193,0.8245308924002446,0.013708513708513708,0.7604617604617605,0.2987012987012987,0.01875901875901876,0.010822510822510822,0.7604617604617605,0.7604617604617605,0.7604617604617605,glob_probe,glob_probe,0.0,0.002886002886002886,1298,1386
arguana,20,20,False,8,2208209,False,0.8268373714779846,0.8245308924002446,0.011544011544011544,0.7655122655122655,0.30303030303030304,0.01875901875901876,0.011544011544011544,0.7655122655122655,0.7655122655122655,0.7655122655122655,glob_probe,glob_probe,0.0,0.0,1202,1386
arguana,20,20,False,9,2209209,False,0.8460629388967383,0.8245308924002446,0.010822510822510822,0.7626262626262627,0.2994227994227994,0.01875901875901876,0.010822510822510822,0.7626262626262627,0.7626262626262627,0.7626262626262627,glob_probe,glob_probe,0.0,0.0,1278,1386
arguana,20,20,False,10,2210209,False,0.8645397395224652,0.8245308924002446,0.011544011544011544,0.7626262626262627,0.3008658008658009,0.01948051948051948,0.011544011544011544,0.7626262626262627,0.7626262626262627,0.7626262626262627,glob_probe,glob_probe,0.0,0.0,1342,1386
arguana,20,20,False,11,2211209,False,0.8765226161191495,0.8245308924002446,0.012987012987012988,0.7611832611832612,0.30158730158730157,0.01875901875901876,0.010822510822510822,0.7611832611832612,0.7611832611832612,0.7611832611832612,glob_probe,glob_probe,0.0,0.002164502164502166,1253,1386
arguana,20,20,False,12,2212209,False,0.7759975019330747,0.8245308924002446,0.00937950937950938,0.7611832611832612,0.2994227994227994,0.01948051948051948,0.011544011544011544,0.7611832611832612,0.7611832611832612,0.7611832611832612,glob_probe,glob_probe,0.0,0.002164502164502164,1226,1386
arguana,20,20,False,13,2213209,False,0.8301675362009004,0.8245308924002446,0.011544011544011544,0.7619047619047619,0.30014430014430016,0.01875901875901876,0.011544011544011544,0.7619047619047619,0.7619047619047619,0.7619047619047619,glob_probe,glob_probe,0.0,0.0,1285,1386
arguana,20,20,False,14,2214209,False,0.8801498270424013,0.8245308924002446,0.013708513708513708,0.7647907647907648,0.30447330447330445,0.01948051948051948,0.011544011544011544,0.7647907647907648,0.7647907647907648,0.7647907647907648,glob_probe,glob_probe,0.0,0.002164502164502164,1217,1386
arguana,20,20,False,15,2215209,False,0.9395722525635832,0.8245308924002446,0.015151515151515152,0.7619047619047619,0.2994227994227994,0.01948051948051948,0.011544011544011544,0.7619047619047619,0.7619047619047619,0.7619047619047619,glob_probe,glob_probe,0.0,0.003607503607503608,1268,1386
arguana,20,20,False,16,2216209,False,0.8214689336520935,0.8245308924002446,0.010822510822510822,0.7633477633477633,0.29797979797979796,0.01875901875901876,0.010822510822510822,0.7633477633477633,0.7633477633477633,0.7633477633477633,glob_probe,glob_probe,0.0,0.0,1299,1386
arguana,20,20,False,17,2217209,False,0.9065922809100576,0.8245308924002446,0.01443001443001443,0.7640692640692641,0.3037518037518038,0.01948051948051948,0.011544011544011544,0.7640692640692641,0.7640692640692641,0.7640692640692641,glob_probe,glob_probe,0.0,0.002886002886002886,1193,1386
arguana,20,20,False,18,2218209,False,0.7663647044812999,0.8245308924002446,0.008658008658008658,0.7647907647907648,0.30303030303030304,0.01948051948051948,0.011544011544011544,0.7647907647907648,0.7647907647907648,0.7647907647907648,glob_probe,glob_probe,0.0,0.002886002886002886,1188,1386
arguana,20,20,False,19,2219209,False,0.836810227775544,0.8245308924002446,0.011544011544011544,0.7626262626262627,0.3008658008658009,0.01948051948051948,0.011544011544011544,0.7626262626262627,0.7626262626262627,0.7626262626262627,glob_probe,glob_probe,0.0,0.0,1239,1386
arguana,20,20,False,20,2220209,False,0.7165719055793045,0.8245308924002446,0.007936507936507936,0.7633477633477633,0.29797979797979796,0.018037518037518036,0.011544011544011544,0.7633477633477633,0.7633477633477633,0.7633477633477633,glob_probe,glob_probe,0.0,0.003607503607503608,1184,1386
arguana,20,20,False,21,2221209,False,0.7731476637755899,0.8245308924002446,0.008658008658008658,0.7619047619047619,0.30158730158730157,0.01875901875901876,0.010822510822510822,0.7619047619047619,0.7619047619047619,0.7619047619047619,glob_probe,glob_probe,0.0,0.002164502164502164,1183,1386
arguana,20,20,False,22,2222209,False,0.9155698201570546,0.8245308924002446,0.01443001443001443,0.7619047619047619,0.3008658008658009,0.01948051948051948,0.011544011544011544,0.7619047619047619,0.7619047619047619,0.7619047619047619,glob_probe,glob_probe,0.0,0.002886002886002886,1223,1386
arguana,20,20,False,23,2223209,False,0.7638254929241772,0.8245308924002446,0.008658008658008658,0.7611832611832612,0.3023088023088023,0.01948051948051948,0.011544011544011544,0.7611832611832612,0.7611832611832612,0.7611832611832612,glob_probe,glob_probe,0.0,0.002886002886002886,1242,1386
arguana,20,20,False,24,2224209,False,0.8155849701948281,0.8245308924002446,0.011544011544011544,0.7619047619047619,0.3037518037518038,0.01948051948051948,0.011544011544011544,0.7619047619047619,0.7619047619047619,0.7619047619047619,glob_probe,glob_probe,0.0,0.0,1213,1386
arguana,20,20,False,25,2225209,False,0.777042592657282,0.8245308924002446,0.00937950937950938,0.7611832611832612,0.3008658008658009,0.01875901875901876,0.010822510822510822,0.7611832611832612,0.7611832611832612,0.7611832611832612,glob_probe,glob_probe,0.0,0.0014430014430014421,1245,1386
arguana,20,20,False,26,2226209,False,0.7009068866556936,0.8245308924002446,0.007215007215007215,0.7647907647907648,0.3008658008658009,0.01948051948051948,0.011544011544011544,0.7647907647907648,0.7647907647907648,0.7647907647907648,glob_probe,glob_probe,0.0,0.004329004329004329,1312,1386
arguana,20,20,False,27,2227209,False,0.8619737490173871,0.8245308924002446,0.010101010101010102,0.7647907647907648,0.30014430014430016,0.018037518037518036,0.010101010101010102,0.7647907647907648,0.7647907647907648,0.7647907647907648,glob_probe,glob_probe,0.0,0.0,1281,1386
arguana,20,20,False,28,2228209,False,0.6762018897529766,0.8245308924002446,0.007215007215007215,0.7640692640692641,0.30014430014430016,0.01948051948051948,0.011544011544011544,0.7640692640692641,0.7640692640692641,0.7640692640692641,glob_probe,glob_probe,0.0,0.004329004329004329,1253,1386
arguana,20,20,False,29,2229209,False,0.7459517305554602,0.8245308924002446,0.008658008658008658,0.7640692640692641,0.30014430014430016,0.01875901875901876,0.010822510822510822,0.7640692640692641,0.7640692640692641,0.7640692640692641,glob_probe,glob_probe,0.0,0.002164502164502164,1157,1386
arguana,20,20,False,30,2230209,False,0.7587587803037632,0.8245308924002446,0.008658008658008658,0.7604617604617605,0.3037518037518038,0.01948051948051948,0.011544011544011544,0.7604617604617605,0.7604617604617605,0.7604617604617605,glob_probe,glob_probe,0.0,0.002886002886002886,1143,1386
arguana,20,20,False,31,2231209,False,0.7755671861524577,0.8245308924002446,0.00937950937950938,0.7633477633477633,0.30014430014430016,0.01948051948051948,0.011544011544011544,0.7633477633477633,0.7633477633477633,0.7633477633477633,glob_probe,glob_probe,0.0,0.002164502164502164,1241,1386
arguana,20,20,False,32,2232209,False,0.8359448678664622,0.8245308924002446,0.011544011544011544,0.7626262626262627,0.2994227994227994,0.01948051948051948,0.011544011544011544,0.7626262626262627,0.7626262626262627,0.7626262626262627,glob_probe,glob_probe,0.0,0.0,1324,1386
arguana,20,20,False,33,2233209,False,0.7685854043672498,0.8245308924002446,0.008658008658008658,0.7619047619047619,0.2994227994227994,0.01948051948051948,0.011544011544011544,0.7619047619047619,0.7619047619047619,0.7619047619047619,glob_probe,glob_probe,0.0,0.002886002886002886,1228,1386
arguana,20,20,False,34,2234209,False,0.642401861598235,0.8245308924002446,0.006493506493506494,0.7633477633477633,0.3023088023088023,0.01948051948051948,0.011544011544011544,0.7633477633477633,0.7633477633477633,0.7633477633477633,glob_probe,glob_probe,0.0,0.00505050505050505,1119,1386
arguana,20,20,False,35,2235209,False,0.7922444489535195,0.8245308924002446,0.010101010101010102,0.7626262626262627,0.2972582972582973,0.018037518037518036,0.010822510822510822,0.7626262626262627,0.7626262626262627,0.7626262626262627,glob_probe,glob_probe,0.0,0.0007215007215007202,1261,1386
arguana,20,20,False,36,2236209,False,0.7934549825991444,0.8245308924002446,0.010822510822510822,0.7611832611832612,0.30158730158730157,0.01948051948051948,0.011544011544011544,0.7611832611832612,0.7611832611832612,0.7611832611832612,glob_probe,glob_probe,0.0,0.0007215007215007219,1186,1386
arguana,20,20,False,37,2237209,False,0.6253158386879091,0.8245308924002446,0.006493506493506494,0.7633477633477633,0.3023088023088023,0.01948051948051948,0.011544011544011544,0.7633477633477633,0.7633477633477633,0.7633477633477633,glob_probe,glob_probe,0.0,0.00505050505050505,1243,1386
arguana,20,20,False,38,2238209,False,0.719545282519312,0.8245308924002446,0.007936507936507936,0.7633477633477633,0.2972582972582973,0.01875901875901876,0.011544011544011544,0.7633477633477633,0.7633477633477633,0.7633477633477633,glob_probe,glob_probe,0.0,0.003607503607503608,1179,1386
arguana,20,20,False,39,2239209,False,0.8579431946001063,0.8245308924002446,0.011544011544011544,0.7647907647907648,0.30158730158730157,0.01948051948051948,0.011544011544011544,0.7647907647907648,0.7647907647907648,0.7647907647907648,glob_probe,glob_probe,0.0,0.0,1328,1386
arguana,20,20,False,40,2240209,False,0.9542618894688544,0.8245308924002446,0.016594516594516596,0.7662337662337663,0.29797979797979796,0.01875901875901876,0.011544011544011544,0.7662337662337663,0.7662337662337663,0.7662337662337663,glob_probe,glob_probe,0.0,0.005050505050505052,1430,1386
arguana,20,20,False,41,2241209,False,0.810102871886441,0.8245308924002446,0.011544011544011544,0.7655122655122655,0.3023088023088023,0.01948051948051948,0.011544011544011544,0.7655122655122655,0.7655122655122655,0.7655122655122655,glob_probe,glob_probe,0.0,0.0,1268,1386
arguana,20,20,False,42,2242209,False,0.7893996288706998,0.8245308924002446,0.010822510822510822,0.7640692640692641,0.3023088023088023,0.01948051948051948,0.011544011544011544,0.7640692640692641,0.7640692640692641,0.7640692640692641,glob_probe,glob_probe,0.0,0.0007215007215007219,1250,1386
arguana,20,20,False,43,2243209,False,0.8551556846067657,0.8245308924002446,0.011544011544011544,0.7619047619047619,0.2994227994227994,0.01948051948051948,0.011544011544011544,0.7619047619047619,0.7619047619047619,0.7619047619047619,glob_probe,glob_probe,0.0,0.0,1273,1386
arguana,20,20,False,44,2244209,False,0.7927657981430087,0.8245308924002446,0.010822510822510822,0.7647907647907648,0.30158730158730157,0.01948051948051948,0.011544011544011544,0.7647907647907648,0.7647907647907648,0.7647907647907648,glob_probe,glob_probe,0.0,0.0007215007215007219,1138,1386
arguana,20,20,False,45,2245209,False,0.8688901491964635,0.8245308924002446,0.012265512265512266,0.7633477633477633,0.30303030303030304,0.01948051948051948,0.011544011544011544,0.7633477633477633,0.7633477633477633,0.7633477633477633,glob_probe,glob_probe,0.0,0.0007215007215007219,1229,1386
arguana,20,20,False,46,2246209,False,0.8148417598758092,0.8245308924002446,0.011544011544011544,0.7611832611832612,0.2987012987012987,0.01948051948051948,0.011544011544011544,0.7611832611832612,0.7611832611832612,0.7611832611832612,glob_probe,glob_probe,0.0,0.0,1253,1386
arguana,20,20,False,47,2247209,False,0.9441772000368274,0.8245308924002446,0.015873015873015872,0.7640692640692641,0.3023088023088023,0.01948051948051948,0.011544011544011544,0.7640692640692641,0.7640692640692641,0.7640692640692641,glob_probe,glob_probe,0.0,0.004329004329004328,1221,1386
arguana,20,20,False,48,2248209,False,0.8529878103659383,0.8245308924002446,0.011544011544011544,0.7633477633477633,0.3023088023088023,0.01948051948051948,0.011544011544011544,0.7633477633477633,0.7633477633477633,0.7633477633477633,glob_probe,glob_probe,0.0,0.0,1229,1386
arguana,20,20,False,49,2249209,False,0.9374166021280417,0.8245308924002446,0.01443001443001443,0.7626262626262627,0.30014430014430016,0.01875901875901876,0.010822510822510822,0.7626262626262627,0.7626262626262627,0.7626262626262627,glob_probe,glob_probe,0.0,0.003607503607503608,1247,1386
arguana,50,50,False,0,2300518,False,0.825017855428376,0.8245308924002446,0.011799410029498525,0.7595870206489675,0.3001474926253687,0.01991150442477876,0.011799410029498525,0.7595870206489675,0.7595870206489675,0.7595870206489675,glob_probe,glob_probe,0.0,0.0,3036,1356
arguana,50,50,False,1,2301518,False,1.019798014380282,0.8245308924002446,0.021386430678466076,0.7640117994100295,0.29793510324483774,0.01991150442477876,0.011799410029498525,0.7640117994100295,0.7640117994100295,0.7640117994100295,glob_probe,glob_probe,0.0,0.009587020648967551,3342,1356
arguana,50,50,False,2,2302518,False,0.7854974791128928,0.8245308924002446,0.011061946902654867,0.7588495575221239,0.3001474926253687,0.018436578171091445,0.011799410029498525,0.7588495575221239,0.7588495575221239,0.7588495575221239,glob_probe,glob_probe,0.0,0.0007374631268436578,3188,1356
arguana,50,50,False,3,2303518,False,0.7930842638295539,0.8245308924002446,0.011061946902654867,0.7603244837758112,0.2994100294985251,0.018436578171091445,0.011799410029498525,0.7603244837758112,0.7603244837758112,0.7603244837758112,glob_probe,glob_probe,0.0,0.0007374631268436578,3021,1356
arguana,50,50,False,4,2304518,False,0.7567508847259514,0.8245308924002446,0.007374631268436578,0.7617994100294986,0.3008849557522124,0.018436578171091445,0.01032448377581121,0.7617994100294986,0.7617994100294986,0.7617994100294986,glob_probe,glob_probe,0.0,0.0029498525073746312,3082,1356
arguana,50,50,False,5,2305518,False,0.784387878384269,0.8245308924002446,0.008849557522123894,0.7640117994100295,0.29793510324483774,0.016224188790560472,0.009587020648967551,0.7640117994100295,0.7640117994100295,0.7640117994100295,glob_probe,glob_probe,0.0,0.0007374631268436578,3040,1356
arguana,50,50,False,6,2306518,False,0.8363923527040444,0.8245308924002446,0.01032448377581121,0.7640117994100295,0.3008849557522124,0.018436578171091445,0.01032448377581121,0.7640117994100295,0.7640117994100295,0.7640117994100295,glob_probe,glob_probe,0.0,0.0,3168,1356
arguana,50,50,False,7,2307518,False,0.7747574308484309,0.8245308924002446,0.009587020648967551,0.7603244837758112,0.3023598820058997,0.01991150442477876,0.011799410029498525,0.7603244837758112,0.7603244837758112,0.7603244837758112,glob_probe,glob_probe,0.0,0.0022123893805309734,2972,1356
arguana,50,50,False,8,2308518,False,0.7990907699387728,0.8245308924002446,0.011061946902654867,0.7610619469026548,0.30162241887905605,0.019174041297935103,0.011799410029498525,0.7610619469026548,0.7610619469026548,0.7610619469026548,glob_probe,glob_probe,0.0,0.0007374631268436578,3053,1356
arguana,50,50,False,9,2309518,False,0.909147665359235,0.8245308924002446,0.01327433628318584,0.7647492625368731,0.3008849557522124,0.017699115044247787,0.01032448377581121,0.7647492625368731,0.7647492625368731,0.7647492625368731,glob_probe,glob_probe,0.0,0.0029498525073746312,3258,1356
arguana,50,50,False,10,2310518,False,0.8961346391242677,0.8245308924002446,0.014011799410029498,0.7610619469026548,0.3008849557522124,0.01991150442477876,0.011799410029498525,0.7610619469026548,0.7610619469026548,0.7610619469026548,glob_probe,glob_probe,0.0,0.0022123893805309734,3152,1356
arguana,50,50,False,11,2311518,False,0.8446208316272219,0.8245308924002446,0.011799410029498525,0.7647492625368731,0.3001474926253687,0.01991150442477876,0.011799410029498525,0.7647492625368731,0.7647492625368731,0.7647492625368731,glob_probe,glob_probe,0.0,0.0,3207,1356
arguana,50,50,False,12,2312518,False,0.7381290574145603,0.8245308924002446,0.008112094395280236,0.7573746312684366,0.3001474926253687,0.01991150442477876,0.011799410029498525,0.7573746312684366,0.7573746312684366,0.7573746312684366,glob_probe,glob_probe,0.0,0.003687315634218289,2929,1356
arguana,50,50,False,13,2313518,False,0.8817299387930693,0.8245308924002446,0.01327433628318584,0.7662241887905604,0.2994100294985251,0.019174041297935103,0.011061946902654867,0.7662241887905604,0.7662241887905604,0.7662241887905604,glob_probe,glob_probe,0.0,0.0022123893805309734,3221,1356
arguana,50,50,False,14,2314518,False,0.8187677057461966,0.8245308924002446,0.011061946902654867,0.7588495575221239,0.2994100294985251,0.019174041297935103,0.011061946902654867,0.7588495575221239,0.7588495575221239,0.7588495575221239,glob_probe,glob_probe,0.0,0.0,3068,1356
arguana,50,50,False,15,2315518,False,0.8493922210215782,0.8245308924002446,0.011799410029498525,0.7640117994100295,0.3001474926253687,0.01991150442477876,0.011799410029498525,0.7640117994100295,0.7640117994100295,0.7640117994100295,glob_probe,glob_probe,0.0,0.0,3163,1356
arguana,50,50,False,16,2316518,False,0.8834371144542609,0.8245308924002446,0.01327433628318584,0.7654867256637168,0.3023598820058997,0.019174041297935103,0.011061946902654867,0.7654867256637168,0.7654867256637168,0.7654867256637168,glob_probe,glob_probe,0.0,0.0022123893805309734,3241,1356
arguana,50,50,False,17,2317518,False,0.7983792624010815,0.8245308924002446,0.011061946902654867,0.7588495575221239,0.3008849557522124,0.01991150442477876,0.011799410029498525,0.7588495575221239,0.7588495575221239,0.7588495575221239,glob_probe,glob_probe,0.0,0.0007374631268436578,3055,1356
arguana,50,50,False,18,2318518,False,0.808202364632219,0.8245308924002446,0.01032448377581121,0.7617994100294986,0.3008849557522124,0.019174041297935103,0.011061946902654867,0.7617994100294986,0.7617994100294986,0.7617994100294986,glob_probe,glob_probe,0.0,0.0007374631268436578,3025,1356
arguana,50,50,False,19,2319518,False,0.8198749363980522,0.8245308924002446,0.011799410029498525,0.7625368731563422,0.30162241887905605,0.01991150442477876,0.011799410029498525,0.7625368731563422,0.7625368731563422,0.7625368731563422,glob_probe,glob_probe,0.0,0.0,3161,1356
arguana,50,50,False,20,2320518,False,0.8894600686067793,0.8245308924002446,0.014011799410029498,0.7625368731563422,0.3008849557522124,0.01991150442477876,0.011799410029498525,0.7625368731563422,0.7625368731563422,0.7625368731563422,glob_probe,glob_probe,0.0,0.0022123893805309734,3156,1356
arguana,50,50,False,21,2321518,False,0.9338859439486831,0.8245308924002446,0.015486725663716814,0.7647492625368731,0.3008849557522124,0.01991150442477876,0.011799410029498525,0.7647492625368731,0.7647492625368731,0.7647492625368731,glob_probe,glob_probe,0.0,0.003687315634218289,3119,1356
arguana,50,50,False,22,2322518,False,0.7969138015249604,0.8245308924002446,0.011061946902654867,0.7632743362831859,0.3030973451327434,0.01991150442477876,0.011799410029498525,0.7632743362831859,0.7632743362831859,0.7632743362831859,glob_probe,glob_probe,0.0,0.0007374631268436578,2967,1356
arguana,50,50,False,23,2323518,False,0.9482816938792071,0.8245308924002446,0.015486725663716814,0.7654867256637168,0.29793510324483774,0.019174041297935103,0.011061946902654867,0.7654867256637168,0.7654867256637168,0.7654867256637168,glob_probe,glob_probe,0.0,0.004424778761061947,3173,1356
arguana,50,50,False,24,2324518,False,0.7911235748882217,0.8245308924002446,0.01032448377581121,0.7632743362831859,0.3030973451327434,0.019174041297935103,0.011061946902654867,0.7632743362831859,0.7632743362831859,0.7632743362831859,glob_probe,glob_probe,0.0,0.0007374631268436578,3174,1356
arguana,50,50,False,25,2325518,False,0.9508351614662706,0.8245308924002446,0.016224188790560472,0.7640117994100295,0.2971976401179941,0.019174041297935103,0.011799410029498525,0.7640117994100295,0.7640117994100295,0.7640117994100295,glob_probe,glob_probe,0.0,0.004424778761061947,3256,1356
arguana,50,50,False,26,2326518,False,0.8177414882252545,0.8245308924002446,0.011799410029498525,0.7640117994100295,0.30383480825958703,0.01991150442477876,0.011799410029498525,0.7640117994100295,0.7640117994100295,0.7640117994100295,glob_probe,glob_probe,0.0,0.0,3089,1356
arguana,50,50,False,27,2327518,False,0.8298609340749716,0.8245308924002446,0.011799410029498525,0.7647492625368731,0.3008849557522124,0.019174041297935103,0.011799410029498525,0.7647492625368731,0.7647492625368731,0.7647492625368731,glob_probe,glob_probe,0.0,0.0,3178,1356
arguana,50,50,False,28,2328518,False,0.9087509369729911,0.8245308924002446,0.014011799410029498,0.7647492625368731,0.30162241887905605,0.018436578171091445,0.011061946902654867,0.7647492625368731,0.7647492625368731,0.7647492625368731,glob_probe,glob_probe,0.0,0.0029498525073746312,3154,1356
arguana,50,50,False,29,2329518,False,0.8241068097969511,0.8245308924002446,0.011799410029498525,0.7640117994100295,0.3001474926253687,0.01991150442477876,0.011799410029498525,0.7640117994100295,0.7640117994100295,0.7640117994100295,glob_probe,glob_probe,0.0,0.0,3015,1356
arguana,50,50,False,30,2330518,False,0.7696909712027888,0.8245308924002446,0.008849557522123894,0.7603244837758112,0.3001474926253687,0.018436578171091445,0.011799410029498525,0.7603244837758112,0.7603244837758112,0.7603244837758112,glob_probe,glob_probe,0.0,0.0029498525073746312,3050,1356
arguana,50,50,False,31,2331518,False,0.9137960194252446,0.8245308924002446,0.014749262536873156,0.7610619469026548,0.3008849557522124,0.019174041297935103,0.011799410029498525,0.7610619469026548,0.7610619469026548,0.7610619469026548,glob_probe,glob_probe,0.0,0.0029498525073746312,3195,1356
arguana,50,50,False,32,2332518,False,0.9197255053024959,0.8245308924002446,0.015486725663716814,0.7625368731563422,0.3001474926253687,0.018436578171091445,0.011799410029498525,0.7625368731563422,0.7625368731563422,0.7625368731563422,glob_probe,glob_probe,0.0,0.003687315634218289,3192,1356
arguana,50,50,False,33,2333518,False,0.7718756827565894,0.8245308924002446,0.008849557522123894,0.7625368731563422,0.29646017699115046,0.019174041297935103,0.011799410029498525,0.7625368731563422,0.7625368731563422,0.7625368731563422,glob_probe,glob_probe,0.0,0.0029498525073746312,3028,1356
arguana,50,50,False,34,2334518,False,0.9004305683921786,0.8245308924002446,0.014749262536873156,0.7654867256637168,0.3053097345132743,0.01991150442477876,0.011799410029498525,0.7654867256637168,0.7654867256637168,0.7654867256637168,glob_probe,glob_probe,0.0,0.0029498525073746312,3190,1356
arguana,50,50,False,35,2335518,False,0.9010709550705693,0.8245308924002446,0.014011799410029498,0.7640117994100295,0.29867256637168144,0.019174041297935103,0.011061946902654867,0.7640117994100295,0.7640117994100295,0.7640117994100295,glob_probe,glob_probe,0.0,0.0029498525073746312,3187,1356
arguana,50,50,False,36,2336518,False,0.9076839900490058,0.8245308924002446,0.014011799410029498,0.7662241887905604,0.3008849557522124,0.019174041297935103,0.011061946902654867,0.7662241887905604,0.7662241887905604,0.7662241887905604,glob_probe,glob_probe,0.0,0.0029498525073746312,3129,1356
arguana,50,50,False,37,2337518,False,0.7851864627137903,0.8245308924002446,0.01032448377581121,0.7640117994100295,0.30383480825958703,0.017699115044247787,0.011061946902654867,0.7640117994100295,0.7640117994100295,0.7640117994100295,glob_probe,glob_probe,0.0,0.0007374631268436578,3011,1356
arguana,50,50,False,38,2338518,False,0.8053002548965189,0.8245308924002446,0.011061946902654867,0.7617994100294986,0.3008849557522124,0.01991150442477876,0.011799410029498525,0.7617994100294986,0.7617994100294986,0.7617994100294986,glob_probe,glob_probe,0.0,0.0007374631268436578,3253,1356
arguana,50,50,False,39,2339518,False,0.7935877693595677,0.8245308924002446,0.01032448377581121,0.7632743362831859,0.3030973451327434,0.018436578171091445,0.011061946902654867,0.7632743362831859,0.7632743362831859,0.7632743362831859,glob_probe,glob_probe,0.0,0.0007374631268436578,3022,1356
arguana,50,50,False,40,2340518,False,0.7722324798582743,0.8245308924002446,0.008849557522123894,0.7625368731563422,0.30678466076696165,0.019174041297935103,0.011799410029498525,0.7625368731563422,0.7625368731563422,0.7625368731563422,glob_probe,glob_probe,0.0,0.0029498525073746312,3073,1356
arguana,50,50,False,41,2341518,False,0.8251345524937077,0.8245308924002446,0.011799410029498525,0.7640117994100295,0.3008849557522124,0.01991150442477876,0.011799410029498525,0.7640117994100295,0.7640117994100295,0.7640117994100295,glob_probe,glob_probe,0.0,0.0,3161,1356
arguana,50,50,False,42,2342518,False,0.7835304647922192,0.8245308924002446,0.011061946902654867,0.7610619469026548,0.30383480825958703,0.019174041297935103,0.011061946902654867,0.7610619469026548,0.7610619469026548,0.7610619469026548,glob_probe,glob_probe,0.0,0.0,3032,1356
arguana,50,50,False,43,2343518,False,0.8514457851332824,0.8245308924002446,0.011799410029498525,0.7676991150442478,0.3030973451327434,0.019174041297935103,0.011799410029498525,0.7676991150442478,0.7676991150442478,0.7676991150442478,glob_probe,glob_probe,0.0,0.0,3159,1356
arguana,50,50,False,44,2344518,False,0.8149636809837918,0.8245308924002446,0.011799410029498525,0.7640117994100295,0.29572271386430676,0.01991150442477876,0.011799410029498525,0.7640117994100295,0.7640117994100295,0.7640117994100295,glob_probe,glob_probe,0.0,0.0,3264,1356
arguana,50,50,False,45,2345518,False,0.698454364271202,0.8245308924002446,0.007374631268436578,0.7640117994100295,0.30162241887905605,0.01696165191740413,0.011061946902654867,0.7640117994100295,0.7640117994100295,0.7640117994100295,glob_probe,glob_probe,0.0,0.003687315634218289,3018,1356
arguana,50,50,False,46,2346518,False,0.9095108649081127,0.8245308924002446,0.014749262536873156,0.7647492625368731,0.3008849557522124,0.01991150442477876,0.011799410029498525,0.7647492625368731,0.7647492625368731,0.7647492625368731,glob_probe,glob_probe,0.0,0.0029498525073746312,3098,1356
arguana,50,50,False,47,2347518,False,0.8173066454001601,0.8245308924002446,0.011061946902654867,0.7617994100294986,0.3023598820058997,0.019174041297935103,0.011061946902654867,0.7617994100294986,0.7617994100294986,0.7617994100294986,glob_probe,glob_probe,0.0,0.0,3109,1356
arguana,50,50,False,48,2348518,False,0.8269611231228997,0.8245308924002446,0.011799410029498525,0.7632743362831859,0.30457227138643067,0.01991150442477876,0.011799410029498525,0.7632743362831859,0.7632743362831859,0.7632743362831859,glob_probe,glob_probe,0.0,0.0,3187,1356
arguana,50,50,False,49,2349518,False,0.7715045631537671,0.8245308924002446,0.008849557522123894,0.7588495575221239,0.3001474926253687,0.018436578171091445,0.011061946902654867,0.7588495575221239,0.7588495575221239,0.7588495575221239,glob_probe,glob_probe,0.0,0.0022123893805309734,3091,1356
arguana,100,100,False,0,2400770,False,0.824507383911142,0.8245308924002446,0.010719754977029096,0.7633996937212864,0.2986217457886677,0.01914241960183767,0.010719754977029096,0.7633996937212864,0.7633996937212864,0.7633996937212864,glob_probe,glob_probe,0.0,0.0,6264,1306
arguana,100,100,False,1,2401770,False,0.8256696499016181,0.8245308924002446,0.01225114854517611,0.7626339969372129,0.29785604900459417,0.020673813169984685,0.01225114854517611,0.7626339969372129,0.7626339969372129,0.7626339969372129,glob_probe,glob_probe,0.0,0.0,6444,1306
arguana,100,100,False,2,2402770,False,0.8211292826257737,0.8245308924002446,0.011485451761102604,0.7611026033690659,0.30627871362940273,0.01914241960183767,0.011485451761102604,0.7611026033690659,0.7611026033690659,0.7611026033690659,glob_probe,glob_probe,0.0,0.0,6100,1306
arguana,100,100,False,3,2403770,False,0.7674888286353081,0.8245308924002446,0.009188361408882083,0.7656967840735069,0.3016845329249617,0.01914241960183767,0.01225114854517611,0.7656967840735069,0.7656967840735069,0.7656967840735069,glob_probe,glob_probe,0.0,0.0030627871362940273,6038,1306
arguana,100,100,False,4,2404770,False,0.8449443293368055,0.8245308924002446,0.009954058192955589,0.7656967840735069,0.29555895865237364,0.016845329249617153,0.009954058192955589,0.7656967840735069,0.7656967840735069,0.7656967840735069,glob_probe,glob_probe,0.0,0.0,6441,1306
arguana,100,100,False,5,2405770,False,0.8817857690161806,0.8245308924002446,0.013782542113323124,0.7626339969372129,0.30321592649310875,0.019908116385911178,0.011485451761102604,0.7626339969372129,0.7626339969372129,0.7626339969372129,glob_probe,glob_probe,0.0,0.00229709035222052,6404,1306
arguana,100,100,False,6,2406770,False,0.7918135895227993,0.8245308924002446,0.009954058192955589,0.7618683001531393,0.3001531393568147,0.01761102603369066,0.010719754977029096,0.7618683001531393,0.7618683001531393,0.7618683001531393,glob_probe,glob_probe,0.0,0.0007656967840735072,6255,1306
arguana,100,100,False,7,2407770,False,0.8125025429580931,0.8245308924002446,0.011485451761102604,0.7641653905053599,0.2993874425727412,0.019908116385911178,0.011485451761102604,0.7641653905053599,0.7641653905053599,0.7641653905053599,glob_probe,glob_probe,0.0,0.0,6169,1306
arguana,100,100,False,8,2408770,False,0.8002421199019696,0.8245308924002446,0.009954058192955589,0.7649310872894334,0.30398162327718226,0.018376722817764167,0.010719754977029096,0.7649310872894334,0.7649310872894334,0.7649310872894334,glob_probe,glob_probe,0.0,0.0007656967840735072,6136,1306
arguana,100,100,False,9,2409770,False,0.7833124921592542,0.8245308924002446,0.009954058192955589,0.7618683001531393,0.2986217457886677,0.018376722817764167,0.010719754977029096,0.7618683001531393,0.7618683001531393,0.7618683001531393,glob_probe,glob_probe,0.0,0.0007656967840735072,6191,1306
arguana,100,100,False,10,2410770,False,0.8468003261475726,0.8245308924002446,0.01225114854517611,0.7603369065849923,0.2993874425727412,0.020673813169984685,0.01225114854517611,0.7603369065849923,0.7603369065849923,0.7603369065849923,glob_probe,glob_probe,0.0,0.0,6292,1306
arguana,100,100,False,11,2411770,False,0.8235841011587921,0.8245308924002446,0.01225114854517611,0.7649310872894334,0.30245022970903523,0.019908116385911178,0.01225114854517611,0.7649310872894334,0.7649310872894334,0.7649310872894334,glob_probe,glob_probe,0.0,0.0,6208,1306
arguana,100,100,False,12,2412770,False,0.8450145368609727,0.8245308924002446,0.011485451761102604,0.7611026033690659,0.30474732006125577,0.019908116385911178,0.011485451761102604,0.7611026033690659,0.7611026033690659,0.7611026033690659,glob_probe,glob_probe,0.0,0.0,6126,1306
arguana,100,100,False,13,2413770,False,0.8025326803711933,0.8245308924002446,0.009954058192955589,0.7656967840735069,0.2986217457886677,0.018376722817764167,0.009954058192955589,0.7656967840735069,0.7656967840735069,0.7656967840735069,glob_probe,glob_probe,0.0,0.0,6108,1306
arguana,100,100,False,14,2414770,False,0.8378931123943316,0.8245308924002446,0.010719754977029096,0.7611026033690659,0.3009188361408882,0.01914241960183767,0.010719754977029096,0.7611026033690659,0.7611026033690659,0.7611026033690659,glob_probe,glob_probe,0.0,0.0,6271,1306
arguana,100,100,False,15,2415770,False,0.8819131646428959,0.8245308924002446,0.013782542113323124,0.7633996937212864,0.2986217457886677,0.01914241960183767,0.011485451761102604,0.7633996937212864,0.7633996937212864,0.7633996937212864,glob_probe,glob_probe,0.0,0.00229709035222052,6449,1306
arguana,100,100,False,16,2416770,False,0.8500651372120598,0.8245308924002446,0.010719754977029096,0.7641653905053599,0.3016845329249617,0.01914241960183767,0.010719754977029096,0.7641653905053599,0.7641653905053599,0.7641653905053599,glob_probe,glob_probe,0.0,0.0,6433,1306
arguana,100,100,False,17,2417770,False,0.805613866535648,0.8245308924002446,0.010719754977029096,0.7611026033690659,0.3016845329249617,0.016845329249617153,0.010719754977029096,0.7611026033690659,0.7611026033690659,0.7611026033690659,glob_probe,glob_probe,0.0,0.0,6223,1306
arguana,100,100,False,18,2418770,False,0.7969727577382792,0.8245308924002446,0.009954058192955589,0.7603369065849923,0.2993874425727412,0.018376722817764167,0.010719754977029096,0.7603369065849923,0.7603369065849923,0.7603369065849923,glob_probe,glob_probe,0.0,0.0007656967840735072,6209,1306
arguana,100,100,False,19,2419770,False,0.7947289988953601,0.8245308924002446,0.010719754977029096,0.7626339969372129,0.29785604900459417,0.019908116385911178,0.011485451761102604,0.7626339969372129,0.7626339969372129,0.7626339969372129,glob_probe,glob_probe,0.0,0.0007656967840735072,6034,1306
arguana,100,100,False,20,2420770,False,0.8002002405855722,0.8245308924002446,0.010719754977029096,0.7618683001531393,0.29785604900459417,0.019908116385911178,0.011485451761102604,0.7618683001531393,0.7618683001531393,0.7618683001531393,glob_probe,glob_probe,0.0,0.0007656967840735072,6118,1306
arguana,100,100,False,21,2421770,False,0.7847253953775641,0.8245308924002446,0.009954058192955589,0.7633996937212864,0.3009188361408882,0.01914241960183767,0.010719754977029096,0.7633996937212864,0.7633996937212864,0.7633996937212864,glob_probe,glob_probe,0.0,0.0007656967840735072,6313,1306
arguana,100,100,False,22,2422770,False,0.8657576814328786,0.8245308924002446,0.013016845329249618,0.7664624808575804,0.3009188361408882,0.020673813169984685,0.01225114854517611,0.7664624808575804,0.7664624808575804,0.7664624808575804,glob_probe,glob_probe,0.0,0.0007656967840735072,6512,1306
arguana,100,100,False,23,2423770,False,0.7563616453495329,0.8245308924002446,0.008422664624808576,0.7557427258805512,0.29785604900459417,0.018376722817764167,0.010719754977029096,0.7557427258805512,0.7557427258805512,0.7557427258805512,glob_probe,glob_probe,0.0,0.00229709035222052,5972,1306
arguana,100,100,False,24,2424770,False,0.847607139995374,0.8245308924002446,0.010719754977029096,0.7626339969372129,0.2986217457886677,0.01914241960183767,0.010719754977029096,0.7626339969372129,0.7626339969372129,0.7626339969372129,glob_probe,glob_probe,0.0,0.0,6270,1306
arguana,100,100,False,25,2425770,False,0.7967084621115446,0.8245308924002446,0.009188361408882083,0.7633996937212864,0.3016845329249617,0.01761102603369066,0.009954058192955589,0.7633996937212864,0.7633996937212864,0.7633996937212864,glob_probe,glob_probe,0.0,0.0007656967840735055,6219,1306
arguana,100,100,False,26,2426770,False,0.7963137290305019,0.8245308924002446,0.010719754977029096,0.7618683001531393,0.29785604900459417,0.018376722817764167,0.011485451761102604,0.7618683001531393,0.7618683001531393,0.7618683001531393,glob_probe,glob_probe,0.0,0.0007656967840735072,6079,1306
arguana,100,100,False,27,2427770,False,0.8886938519013472,0.8245308924002446,0.013782542113323124,0.7672281776416539,0.30245022970903523,0.01914241960183767,0.011485451761102604,0.7672281776416539,0.7672281776416539,0.7672281776416539,glob_probe,glob_probe,0.0,0.00229709035222052,6166,1306
arguana,100,100,False,28,2428770,False,0.8127676818002031,0.8245308924002446,0.01225114854517611,0.7618683001531393,0.3016845329249617,0.020673813169984685,0.01225114854517611,0.7618683001531393,0.7618683001531393,0.7618683001531393,glob_probe,glob_probe,0.0,0.0,6094,1306
arguana,100,100,False,29,2429770,False,0.8446204357928282,0.8245308924002446,0.010719754977029096,0.7611026033690659,0.3016845329249617,0.016079632465543645,0.010719754977029096,0.7611026033690659,0.7611026033690659,0.7611026033690659,glob_probe,glob_probe,0.0,0.0,6193,1306
arguana,100,100,False,30,2430770,False,0.8100703473641735,0.8245308924002446,0.01225114854517611,0.7618683001531393,0.30321592649310875,0.019908116385911178,0.01225114854517611,0.7618683001531393,0.7618683001531393,0.7618683001531393,glob_probe,glob_probe,0.0,0.0,6129,1306
arguana,100,100,False,31,2431770,False,0.8064607328589795,0.8245308924002446,0.010719754977029096,0.7588055130168453,0.3009188361408882,0.01761102603369066,0.011485451761102604,0.7588055130168453,0.7588055130168453,0.7588055130168453,glob_probe,glob_probe,0.0,0.0007656967840735072,6150,1306
arguana,100,100,False,32,2432770,False,0.8035998551938189,0.8245308924002446,0.010719754977029096,0.7633996937212864,0.2993874425727412,0.01914241960183767,0.011485451761102604,0.7633996937212864,0.7633996937212864,0.7633996937212864,glob_probe,glob_probe,0.0,0.0007656967840735072,6079,1306
arguana,100,100,False,33,2433770,False,0.844650476710145,0.8245308924002446,0.011485451761102604,0.7633996937212864,0.3016845329249617,0.018376722817764167,0.011485451761102604,0.7633996937212864,0.7633996937212864,0.7633996937212864,glob_probe,glob_probe,0.0,0.0,6184,1306
arguana,100,100,False,34,2434770,False,0.7955635744655074,0.8245308924002446,0.010719754977029096,0.7649310872894334,0.3001531393568147,0.01914241960183767,0.011485451761102604,0.7649310872894334,0.7649310872894334,0.7649310872894334,glob_probe,glob_probe,0.0,0.0007656967840735072,6269,1306
arguana,100,100,False,35,2435770,False,0.8262310287524252,0.8245308924002446,0.010719754977029096,0.7649310872894334,0.3016845329249617,0.018376722817764167,0.010719754977029096,0.7649310872894334,0.7649310872894334,0.7649310872894334,glob_probe,glob_probe,0.0,0.0,6318,1306
arguana,100,100,False,36,2436770,False,0.8907023478023706,0.8245308924002446,0.013782542113323124,0.7664624808575804,0.3009188361408882,0.01914241960183767,0.01225114854517611,0.7664624808575804,0.7664624808575804,0.7664624808575804,glob_probe,glob_probe,0.0,0.0015313935681470128,6501,1306
arguana,100,100,False,37,2437770,False,0.8964117549633093,0.8245308924002446,0.013016845329249618,0.7633996937212864,0.29632465543644715,0.018376722817764167,0.010719754977029096,0.7633996937212864,0.7633996937212864,0.7633996937212864,glob_probe,glob_probe,0.0,0.0022970903522205217,6379,1306
arguana,100,100,False,38,2438770,False,0.8096822875978336,0.8245308924002446,0.011485451761102604,0.7679938744257274,0.30245022970903523,0.019908116385911178,0.011485451761102604,0.7679938744257274,0.7679938744257274,0.7679938744257274,glob_probe,glob_probe,0.0,0.0,6295,1306
arguana,100,100,False,39,2439770,False,0.8598471356214188,0.8245308924002446,0.01225114854517611,0.7633996937212864,0.2993874425727412,0.01914241960183767,0.01225114854517611,0.7633996937212864,0.7633996937212864,0.7633996937212864,glob_probe,glob_probe,0.0,0.0,6313,1306
arguana,100,100,False,40,2440770,False,0.833031679952214,0.8245308924002446,0.01225114854517611,0.7633996937212864,0.29785604900459417,0.020673813169984685,0.01225114854517611,0.7633996937212864,0.7633996937212864,0.7633996937212864,glob_probe,glob_probe,0.0,0.0,6339,1306
arguana,100,100,False,41,2441770,False,0.79865732075746,0.8245308924002446,0.011485451761102604,0.7618683001531393,0.29632465543644715,0.020673813169984685,0.01225114854517611,0.7618683001531393,0.7618683001531393,0.7618683001531393,glob_probe,glob_probe,0.0,0.0007656967840735072,6323,1306
arguana,100,100,False,42,2442770,False,0.8019447556177927,0.8245308924002446,0.009954058192955589,0.7633996937212864,0.30245022970903523,0.01914241960183767,0.010719754977029096,0.7633996937212864,0.7633996937212864,0.7633996937212864,glob_probe,glob_probe,0.0,0.0007656967840735072,6226,1306
arguana,100,100,False,43,2443770,False,0.7929164035399041,0.8245308924002446,0.010719754977029096,0.7633996937212864,0.3016845329249617,0.01914241960183767,0.011485451761102604,0.7633996937212864,0.7633996937212864,0.7633996937212864,glob_probe,glob_probe,0.0,0.0007656967840735072,6124,1306
arguana,100,100,False,44,2444770,False,0.8439074038990195,0.8245308924002446,0.01225114854517611,0.7633996937212864,0.3001531393568147,0.019908116385911178,0.01225114854517611,0.7633996937212864,0.7633996937212864,0.7633996937212864,glob_probe,glob_probe,0.0,0.0,6247,1306
arguana,100,100,False,45,2445770,False,0.7931790640698606,0.8245308924002446,0.009954058192955589,0.7679938744257274,0.30398162327718226,0.018376722817764167,0.010719754977029096,0.7679938744257274,0.7679938744257274,0.7679938744257274,glob_probe,glob_probe,0.0,0.0007656967840735072,6213,1306
arguana,100,100,False,46,2446770,False,0.8213484732422811,0.8245308924002446,0.01225114854517611,0.7641653905053599,0.30245022970903523,0.01914241960183767,0.01225114854517611,0.7641653905053599,0.7641653905053599,0.7641653905053599,glob_probe,glob_probe,0.0,0.0,6278,1306
arguana,100,100,False,47,2447770,False,0.8286322890943665,0.8245308924002446,0.010719754977029096,0.7633996937212864,0.29785604900459417,0.01761102603369066,0.010719754977029096,0.7633996937212864,0.7633996937212864,0.7633996937212864,glob_probe,glob_probe,0.0,0.0,6299,1306
arguana,100,100,False,48,2448770,False,0.8251175336014198,0.8245308924002446,0.010719754977029096,0.7656967840735069,0.30245022970903523,0.018376722817764167,0.010719754977029096,0.7656967840735069,0.7656967840735069,0.7656967840735069,glob_probe,glob_probe,0.0,0.0,6260,1306
arguana,100,100,False,49,2449770,False,0.8051136634025522,0.8245308924002446,0.011485451761102604,0.7626339969372129,0.30398162327718226,0.01914241960183767,0.01225114854517611,0.7626339969372129,0.7626339969372129,0.7626339969372129,glob_probe,glob_probe,0.0,0.0007656967840735072,6271,1306
scidocs,5,5,False,0,2000365,False,2.345226138197006,2.9582116179836593,0.15041876046901173,0.2751088777219431,0.20678391959798995,0.12102177554438862,0.16035175879396987,0.2751088777219431,0.2751088777219431,0.2751088777219431,glob_probe,glob_probe,0.0,0.009932998324958142,413,995
scidocs,5,5,False,1,2001365,False,4.003197398716805,2.9582116179836593,0.175678391959799,0.2745058626465662,0.2061809045226131,0.1210217755443886,0.16035175879396987,0.2745058626465662,0.2745058626465662,0.2745058626465662,glob_probe,glob_probe,0.0,0.015326633165829134,397,995
scidocs,5,5,False,2,2002365,False,2.4317690973334036,2.9582116179836593,0.15247906197654945,0.27470686767169183,0.20678391959798995,0.12122278056951423,0.16015075376884425,0.27470686767169183,0.27470686767169183,0.27470686767169183,glob_probe,glob_probe,0.0,0.007671691792294794,409,995
scidocs,5,5,False,3,2003365,False,2.786983486314755,2.9582116179836593,0.15829145728643215,0.2739028475711893,0.2057788944723618,0.12041876046901172,0.15974874371859296,0.2739028475711893,0.2739028475711893,0.2739028475711893,glob_probe,glob_probe,0.0,0.0014572864321608092,370,995
scidocs,5,5,False,4,2004365,False,3.1587120398094948,2.9582116179836593,0.16256281407035175,0.27485762144053605,0.20638190954773872,0.12122278056951423,0.16055276381909547,0.27485762144053605,0.27485762144053605,0.27485762144053605,glob_probe,glob_probe,0.0,0.002010050251256279,396,995
scidocs,5,5,False,5,2005365,False,3.0936443378626124,2.9582116179836593,0.161356783919598,0.2743048576214405,0.20618090452261306,0.12061976549413735,0.1599497487437186,0.2743048576214405,0.2743048576214405,0.2743048576214405,glob_probe,glob_probe,0.0,0.001407035175879423,385,995
scidocs,5,5,False,6,2006365,False,3.98476589266024,2.9582116179836593,0.175678391959799,0.2755108877721943,0.20678391959798995,0.1216247906197655,0.16055276381909547,0.2755108877721943,0.2755108877721943,0.2755108877721943,glob_probe,glob_probe,0.0,0.015125628140703534,439,995
scidocs,5,5,False,7,2007365,False,2.8457870146488995,2.9582116179836593,0.1598994974874372,0.2748073701842546,0.20693467336683422,0.12117252931323283,0.16030150753768843,0.2748073701842546,0.2748073701842546,0.2748073701842546,glob_probe,glob_probe,0.0,0.00040201005025122805,388,995
scidocs,5,5,False,8,2008365,False,3.933774198073738,2.9582116179836593,0.17527638190954778,0.27490787269681743,0.20597989949748743,0.12122278056951424,0.16035175879396987,0.27490787269681743,0.20597989949748743,0.27490787269681743,trunc,glob_probe,0.06892797319933,0.014924623115577906,451,995
scidocs,5,5,False,9,2009365,False,3.4055629797519003,2.9582116179836593,0.16517587939698494,0.2741038525963149,0.2061809045226131,0.12041876046901172,0.159748743718593,0.2741038525963149,0.2741038525963149,0.2741038525963149,glob_probe,glob_probe,0.0,0.005427135678391953,383,995
scidocs,5,5,False,10,2010365,False,3.8910254365407595,2.9582116179836593,0.17402010050251254,0.27470686767169183,0.20638190954773872,0.12122278056951423,0.16035175879396987,0.27470686767169183,0.27470686767169183,0.27470686767169183,glob_probe,glob_probe,0.0,0.01366834170854267,380,995
scidocs,5,5,False,11,2011365,False,3.112266529445994,2.9582116179836593,0.16195979899497484,0.27470686767169183,0.20638190954773872,0.1210217755443886,0.16015075376884425,0.27470686767169183,0.27470686767169183,0.27470686767169183,glob_probe,glob_probe,0.0,0.0018090452261305956,406,995
scidocs,5,5,False,12,2012365,False,2.990961721982832,2.9582116179836593,0.1607537688442211,0.2741038525963149,0.2055778894472362,0.1210217755443886,0.16035175879396987,0.2741038525963149,0.2741038525963149,0.2741038525963149,glob_probe,glob_probe,0.0,0.00040201005025122805,437,995
scidocs,5,5,False,13,2013365,False,3.7639187941507832,2.9582116179836593,0.17100502512562815,0.2751088777219431,0.20638190954773872,0.12142378559463986,0.16015075376884425,0.2751088777219431,0.2751088777219431,0.17100502512562815,glob_probe,ad_probe,0.0,0.010854271356783907,427,995
scidocs,5,5,False,14,2014365,False,1.7501624994340337,2.9582116179836593,0.14067001675041874,0.27420435510887775,0.2063316582914573,0.12137353433835846,0.16025125628140702,0.27420435510887775,0.27420435510887775,0.27420435510887775,glob_probe,glob_probe,0.0,0.01958123953098828,321,995
scidocs,5,5,False,15,2015365,False,2.57277736998148,2.9582116179836593,0.15487437185929648,0.27450586264656623,0.20597989949748746,0.1210217755443886,0.1599497487437186,0.27450586264656623,0.27450586264656623,0.27450586264656623,glob_probe,glob_probe,0.0,0.0050753768844221114,430,995
scidocs,5,5,False,16,2016365,False,3.0744221007729933,2.9582116179836593,0.1621608040201005,0.27571189279731995,0.2069849246231156,0.12142378559463986,0.1607537688442211,0.27571189279731995,0.27571189279731995,0.27571189279731995,glob_probe,glob_probe,0.0,0.0014070351758793953,424,995
scidocs,5,5,False,17,2017365,False,2.5266636173010824,2.9582116179836593,0.1542713567839196,0.27470686767169183,0.20618090452261306,0.12122278056951423,0.16015075376884425,0.27470686767169183,0.27470686767169183,0.27470686767169183,glob_probe,glob_probe,0.0,0.005879396984924651,398,995
scidocs,5,5,False,18,2018365,False,3.651491503975489,2.9582116179836593,0.1685929648241206,0.27490787269681743,0.20658291457286435,0.12122278056951424,0.16055276381909547,0.27490787269681743,0.27490787269681743,0.27490787269681743,glob_probe,glob_probe,0.0,0.008040201005025116,412,995
scidocs,5,5,False,19,2019365,False,2.2100547262217844,2.9582116179836593,0.14835845896147404,0.27480737018425466,0.20648241206030152,0.12077051926298156,0.1598994974874372,0.27480737018425466,0.27480737018425466,0.27480737018425466,glob_probe,glob_probe,0.0,0.011541038525963165,432,995
scidocs,5,5,False,20,2020365,False,4.363017248161401,2.9582116179836593,0.17879396984924623,0.27470686767169183,0.20597989949748743,0.12082077051926299,0.1599497487437186,0.27470686767169183,0.27470686767169183,0.27470686767169183,glob_probe,glob_probe,0.0,0.018844221105527637,445,995
scidocs,5,5,False,21,2021365,False,3.4072905648498057,2.9582116179836593,0.16597989949748745,0.2753098827470687,0.20678391959798995,0.12122278056951424,0.16055276381909547,0.2753098827470687,0.2753098827470687,0.2753098827470687,glob_probe,glob_probe,0.0,0.005427135678391981,427,995
scidocs,5,5,False,22,2022365,False,3.5200807483607135,2.9582116179836593,0.1665829145728643,0.27530988274706863,0.20658291457286435,0.12122278056951424,0.16015075376884425,0.27530988274706863,0.27530988274706863,0.1665829145728643,glob_probe,ad_probe,0.0,0.006432160804020065,442,995
scidocs,5,5,False,23,2023365,False,1.885268180710321,2.9582116179836593,0.14207705192629813,0.2754103852596315,0.2069346733668342,0.12137353433835847,0.16025125628140705,0.2754103852596315,0.2754103852596315,0.2754103852596315,glob_probe,glob_probe,0.0,0.018174204355108914,379,995
scidocs,5,5,False,24,2024365,False,2.782356181129431,2.9582116179836593,0.15849246231155778,0.2747068676716918,0.2061809045226131,0.12082077051926299,0.1599497487437186,0.2747068676716918,0.2747068676716918,0.2747068676716918,glob_probe,glob_probe,0.0,0.0014572864321608092,369,995
scidocs,5,5,False,25,2025365,False,2.252998958989786,2.9582116179836593,0.1494137353433836,0.2751088777219431,0.2063819095477387,0.12102177554438862,0.16015075376884425,0.2751088777219431,0.2751088777219431,0.2751088777219431,glob_probe,glob_probe,0.0,0.010737018425460654,345,995
scidocs,5,5,False,26,2026365,False,3.5276167521366695,2.9582116179836593,0.16678391959798994,0.2745058626465662,0.20638190954773872,0.1210217755443886,0.16015075376884422,0.2745058626465662,0.2745058626465662,0.2745058626465662,glob_probe,glob_probe,0.0,0.006633165829145721,394,995
scidocs,5,5,False,27,2027365,False,4.134295362060632,2.9582116179836593,0.17733668341708544,0.27530988274706875,0.20678391959798995,0.12122278056951423,0.16055276381909547,0.27530988274706875,0.27530988274706875,0.27530988274706875,glob_probe,glob_probe,0.0,0.01678391959798997,419,995
scidocs,5,5,False,28,2028365,False,1.9500010336055478,2.9582116179836593,0.1436348408710218,0.27375209380234505,0.2056281407035176,0.12051926298157455,0.15964824120603016,0.27375209380234505,0.27375209380234505,0.27375209380234505,glob_probe,glob_probe,0.0,0.016013400335008365,407,995
scidocs,5,5,False,29,2029365,False,2.2928464387366114,2.9582116179836593,0.14981574539363485,0.2749078726968174,0.2063819095477387,0.1210217755443886,0.16015075376884425,0.2749078726968174,0.2749078726968174,0.2749078726968174,glob_probe,glob_probe,0.0,0.010335008375209398,430,995
scidocs,5,5,False,30,2030365,False,3.17578863847674,2.9582116179836593,0.16236180904522615,0.27490787269681743,0.20638190954773872,0.1210217755443886,0.16015075376884425,0.27490787269681743,0.27490787269681743,0.27490787269681743,glob_probe,glob_probe,0.0,0.002211055276381907,397,995
scidocs,5,5,False,31,2031365,False,2.57277736998148,2.9582116179836593,0.1550753768844221,0.2745058626465662,0.2061809045226131,0.1210217755443886,0.15994974874371856,0.2745058626465662,0.2745058626465662,0.2745058626465662,glob_probe,glob_probe,0.0,0.004874371859296456,441,995
scidocs,5,5,False,32,2032365,False,2.92538740157121,2.9582116179836593,0.15974874371859296,0.2744556113902848,0.20613065326633168,0.12082077051926299,0.1599497487437186,0.2744556113902848,0.2744556113902848,0.2744556113902848,glob_probe,glob_probe,0.0,0.0002010050251256279,392,995
scidocs,5,5,False,33,2033365,False,4.11782488387746,2.9582116179836593,0.17648241206030152,0.2749078726968174,0.20658291457286435,0.12082077051926299,0.16015075376884425,0.2749078726968174,0.2749078726968174,0.2749078726968174,glob_probe,glob_probe,0.0,0.016331658291457274,422,995
scidocs,5,5,False,34,2034365,False,2.4907853370416007,2.9582116179836593,0.15321608040201007,0.2741038525963149,0.2061809045226131,0.12041876046901172,0.15974874371859296,0.2741038525963149,0.2741038525963149,0.2741038525963149,glob_probe,glob_probe,0.0,0.006532663316582893,392,995
scidocs,5,5,False,35,2035365,False,3.348278550603322,2.9582116179836593,0.16477386934673366,0.2749078726968174,0.20678391959798995,0.1210217755443886,0.15994974874371856,0.2749078726968174,0.2749078726968174,0.2749078726968174,glob_probe,glob_probe,0.0,0.004824120603015097,425,995
scidocs,5,5,False,36,2036365,False,2.8436311278718738,2.9582116179836593,0.15954773869346733,0.2751088777219431,0.2063819095477387,0.12082077051926299,0.15994974874371862,0.2751088777219431,0.2751088777219431,0.15954773869346733,glob_probe,ad_probe,0.0,0.00040201005025128356,425,995
scidocs,5,5,False,37,2037365,False,3.5145942148940263,2.9582116179836593,0.16678391959798997,0.2751088777219431,0.20698492462311557,0.12122278056951424,0.16035175879396987,0.2751088777219431,0.2751088777219431,0.2751088777219431,glob_probe,glob_probe,0.0,0.006432160804020093,444,995
scidocs,5,5,False,38,2038365,False,3.2258215838005295,2.9582116179836593,0.1633668341708543,0.2751088777219431,0.20698492462311557,0.12142378559463986,0.16035175879396987,0.2751088777219431,0.2751088777219431,0.2751088777219431,glob_probe,glob_probe,0.0,0.0030150753768844185,395,995
scidocs,5,5,False,39,2039365,False,3.3060981055519956,2.9582116179836593,0.16366834170854275,0.27435510887772196,0.20562814070351762,0.12051926298157453,0.1598492462311558,0.27435510887772196,0.27435510887772196,0.27435510887772196,glob_probe,glob_probe,0.0,0.003819095477386958,431,995
scidocs,5,5,False,40,2040365,False,3.2958207699364537,2.9582116179836593,0.16371859296482413,0.27505862646566165,0.2065326633165829,0.12077051926298156,0.1601005025125628,0.27505862646566165,0.27505862646566165,0.27505862646566165,glob_probe,glob_probe,0.0,0.00361809045226133,400,995
scidocs,5,5,False,41,2041365,False,2.9537002270431296,2.9582116179836593,0.16055276381909547,0.2755108877721943,0.20698492462311557,0.12122278056951423,0.16055276381909547,0.2755108877721943,0.2755108877721943,0.2755108877721943,glob_probe,glob_probe,0.0,0.0,405,995
scidocs,5,5,False,42,2042365,False,3.5745853712011715,2.9582116179836593,0.16798994974874373,0.2751088777219431,0.20638190954773872,0.12122278056951423,0.16055276381909547,0.2751088777219431,0.2751088777219431,0.2751088777219431,glob_probe,glob_probe,0.0,0.00743718592964826,456,995
scidocs,5,5,False,43,2043365,False,4.608696975130134,2.9582116179836593,0.1812060301507538,0.2751088777219431,0.20698492462311557,0.12122278056951424,0.16055276381909547,0.2751088777219431,0.2751088777219431,0.2751088777219431,glob_probe,glob_probe,0.0,0.020653266331658315,393,995
scidocs,5,5,False,44,2044365,False,2.7867796901311497,2.9582116179836593,0.1592964824120603,0.2751088777219431,0.20678391959798995,0.12142378559463986,0.16075376884422113,0.2751088777219431,0.2751088777219431,0.2751088777219431,glob_probe,glob_probe,0.0,0.001457286432160837,450,995
scidocs,5,5,False,45,2045365,False,3.354811263133148,2.9582116179836593,0.16472361809045227,0.27485762144053605,0.20613065326633168,0.12056951423785593,0.1598994974874372,0.27485762144053605,0.27485762144053605,0.27485762144053605,glob_probe,glob_probe,0.0,0.00482412060301507,438,995
scidocs,5,5,False,46,2046365,False,2.584253527308689,2.9582116179836593,0.1548241206030151,0.27440536013400335,0.20592964824120605,0.12056951423785595,0.15949748743718592,0.27440536013400335,0.27440536013400335,0.27440536013400335,glob_probe,glob_probe,0.0,0.004673366834170828,406,995
scidocs,5,5,False,47,2047365,False,2.59410282723009,2.9582116179836593,0.155678391959799,0.27470686767169183,0.20658291457286435,0.1210217755443886,0.16015075376884422,0.27470686767169183,0.27470686767169183,0.27470686767169183,glob_probe,glob_probe,0.0,0.004472361809045228,398,995
scidocs,5,5,False,48,2048365,False,2.998486059653725,2.9582116179836593,0.161356783919598,0.2751088777219431,0.20678391959798995,0.1210217755443886,0.16035175879396987,0.2751088777219431,0.2751088777219431,0.2751088777219431,glob_probe,glob_probe,0.0,0.0010050251256281395,386,995
scidocs,5,5,False,49,2049365,False,2.5478911504883994,2.9582116179836593,0.15527638190954773,0.27571189279731995,0.20718592964824123,0.12142378559463986,0.16075376884422113,0.27571189279731995,0.27571189279731995,0.27571189279731995,glob_probe,glob_probe,0.0,0.005477386934673395,412,995
scidocs,10,10,False,0,619,False,3.770365808584348,2.9582116179836593,0.17222222222222222,0.27563973063973063,0.20691919191919195,0.12198653198653199,0.16111111111111112,0.27563973063973063,0.27563973063973063,0.27563973063973063,glob_probe,glob_probe,0.0,0.0111111111111111,870,990
scidocs,10,10,False,1,1619,False,2.7677368228720223,2.9582116179836593,0.15848484848484848,0.2744781144781145,0.206010101010101,0.12102693602693602,0.16035353535353536,0.2744781144781145,0.2744781144781145,0.2744781144781145,glob_probe,glob_probe,0.0,0.0018686868686868807,792,990
scidocs,10,10,False,2,2619,False,2.8899237572156915,2.9582116179836593,0.15979797979797983,0.273973063973064,0.20616161616161618,0.12112794612794613,0.16000000000000003,0.273973063973064,0.273973063973064,0.273973063973064,glob_probe,glob_probe,0.0,0.00020202020202020332,824,990
scidocs,10,10,False,3,3619,False,3.356863886547572,2.9582116179836593,0.16398989898989902,0.27407407407407414,0.20560606060606063,0.11981481481481482,0.15914141414141414,0.27407407407407414,0.27407407407407414,0.27407407407407414,glob_probe,glob_probe,0.0,0.00484848484848488,824,990
scidocs,10,10,False,4,4619,False,3.032695025119215,2.9582116179836593,0.1601010101010101,0.27356902356902363,0.20515151515151517,0.11996632996632998,0.1590909090909091,0.27356902356902363,0.27356902356902363,0.27356902356902363,glob_probe,glob_probe,0.0,0.0010101010101010166,817,990
scidocs,10,10,False,5,5619,False,3.31546286197133,2.9582116179836593,0.16393939393939394,0.2744276094276094,0.20595959595959595,0.12037037037037038,0.1598989898989899,0.2744276094276094,0.2744276094276094,0.2744276094276094,glob_probe,glob_probe,0.0,0.004040404040404039,770,990
scidocs,10,10,False,6,6619,False,2.434543072564578,2.9582116179836593,0.15203703703703708,0.2736700336700337,0.20601010101010103,0.12062289562289562,0.15954545454545455,0.2736700336700337,0.2736700336700337,0.2736700336700337,glob_probe,glob_probe,0.0,0.007508417508417464,761,990
scidocs,10,10,False,7,7619,False,2.940399522619212,2.9582116179836593,0.16025252525252523,0.27457912457912453,0.20631313131313134,0.12092592592592592,0.16025252525252523,0.27457912457912453,0.27457912457912453,0.27457912457912453,glob_probe,glob_probe,0.0,0.0,794,990
scidocs,10,10,False,8,8619,False,3.0737345351778798,2.9582116179836593,0.16156565656565655,0.2746801346801347,0.2062121212121212,0.12102693602693602,0.16015151515151516,0.2746801346801347,0.2746801346801347,0.2746801346801347,glob_probe,glob_probe,0.0,0.0014141414141413955,831,990
scidocs,10,10,False,9,9619,False,2.7486964925733264,2.9582116179836593,0.15808080808080807,0.2750841750841751,0.20681818181818185,0.12102693602693602,0.16015151515151516,0.2750841750841751,0.2750841750841751,0.2750841750841751,glob_probe,glob_probe,0.0,0.002070707070707084,793,990
scidocs,10,10,False,10,10619,False,4.2088578038242055,2.9582116179836593,0.1773737373737374,0.27473063973063977,0.20565656565656568,0.12031986531986533,0.15964646464646465,0.27473063973063977,0.27473063973063977,0.27473063973063977,glob_probe,glob_probe,0.0,0.017727272727272758,873,990
scidocs,10,10,False,11,11619,False,2.383232421790705,2.9582116179836593,0.151026936026936,0.2742760942760943,0.20641414141414144,0.12122895622895623,0.15974747474747475,0.2742760942760943,0.2742760942760943,0.2742760942760943,glob_probe,glob_probe,0.0,0.00872053872053874,762,990
scidocs,10,10,False,12,12619,False,3.247848676667953,2.9582116179836593,0.16297979797979797,0.2744781144781145,0.20621212121212124,0.12143097643097643,0.15994949494949495,0.2744781144781145,0.2744781144781145,0.2744781144781145,glob_probe,glob_probe,0.0,0.003030303030303022,822,990
scidocs,10,10,False,13,13619,False,3.4384228902975873,2.9582116179836593,0.16601010101010102,0.27528619528619525,0.20702020202020202,0.12122895622895623,0.16035353535353536,0.27528619528619525,0.27528619528619525,0.27528619528619525,glob_probe,glob_probe,0.0,0.005656565656565665,809,990
scidocs,10,10,False,14,14619,False,2.851569206064636,2.9582116179836593,0.15914141414141414,0.27407407407407414,0.2058080808080808,0.12042087542087543,0.15954545454545455,0.27407407407407414,0.27407407407407414,0.27407407407407414,glob_probe,glob_probe,0.0,0.00040404040404040664,808,990
scidocs,10,10,False,15,15619,False,3.1751936235104417,2.9582116179836593,0.162979797979798,0.2748821548821549,0.20722222222222225,0.12122895622895624,0.16075757575757577,0.2748821548821549,0.2748821548821549,0.2748821548821549,glob_probe,glob_probe,0.0,0.0022222222222222365,819,990
scidocs,10,10,False,16,16619,False,2.7083659202349444,2.9582116179836593,0.1556060606060606,0.2737710437710438,0.20555555555555557,0.11996632996632997,0.15883838383838383,0.2737710437710438,0.2737710437710438,0.2737710437710438,glob_probe,glob_probe,0.0,0.0032323232323232254,741,990
scidocs,10,10,False,17,17619,False,2.4952483633524145,2.9582116179836593,0.15398989898989898,0.274983164983165,0.20661616161616161,0.12122895622895624,0.16055555555555553,0.274983164983165,0.274983164983165,0.274983164983165,glob_probe,glob_probe,0.0,0.006565656565656552,826,990
scidocs,10,10,False,18,18619,False,2.8921514028531172,2.9582116179836593,0.1601010101010101,0.27457912457912464,0.2065656565656566,0.1213804713804714,0.16030303030303028,0.27457912457912464,0.27457912457912464,0.27457912457912464,glob_probe,glob_probe,0.0,0.00020202020202017557,805,990
scidocs,10,10,False,19,19619,False,3.2459609152530025,2.9582116179836593,0.16358585858585858,0.2746801346801347,0.20641414141414144,0.12143097643097643,0.16055555555555556,0.2746801346801347,0.2746801346801347,0.2746801346801347,glob_probe,glob_probe,0.0,0.003030303030303022,805,990
scidocs,10,10,False,20,20619,False,3.5871431467145722,2.9582116179836593,0.16803030303030303,0.2748821548821549,0.206010101010101,0.12122895622895624,0.16055555555555556,0.2748821548821549,0.2748821548821549,0.2748821548821549,glob_probe,glob_probe,0.0,0.007474747474747467,839,990
scidocs,10,10,False,21,21619,False,3.340281489915866,2.9582116179836593,0.1653030303030303,0.27574074074074073,0.2066666666666667,0.12132996632996634,0.16065656565656566,0.27574074074074073,0.27574074074074073,0.27574074074074073,glob_probe,glob_probe,0.0,0.004646464646464649,810,990
scidocs,10,10,False,22,22619,False,3.92429199695345,2.9582116179836593,0.17515151515151517,0.2758922558922559,0.20681818181818182,0.12102693602693602,0.16015151515151516,0.2758922558922559,0.2758922558922559,0.17515151515151517,glob_probe,ad_probe,0.0,0.015000000000000013,866,990
scidocs,10,10,False,23,23619,False,3.3370123406121377,2.9582116179836593,0.1652020202020202,0.2756902356902357,0.20702020202020202,0.12143097643097643,0.16075757575757577,0.2756902356902357,0.2756902356902357,0.2756902356902357,glob_probe,glob_probe,0.0,0.004444444444444445,886,990
scidocs,10,10,False,24,24619,False,2.667685083633629,2.9582116179836593,0.15666666666666668,0.2736700336700336,0.20641414141414144,0.12122895622895623,0.16015151515151516,0.2736700336700336,0.2736700336700336,0.2736700336700336,glob_probe,glob_probe,0.0,0.0034848484848484795,800,990
scidocs,10,10,False,25,25619,False,2.858378008583863,2.9582116179836593,0.1601010101010101,0.2746296296296296,0.20616161616161618,0.12117845117845118,0.16030303030303028,0.2746296296296296,0.2746296296296296,0.2746296296296296,glob_probe,glob_probe,0.0,0.00020202020202017557,788,990
scidocs,10,10,False,26,26619,False,2.6814974778010887,2.9582116179836593,0.15673400673400675,0.27515151515151515,0.2064814814814815,0.1208922558922559,0.15981481481481483,0.27515151515151515,0.27515151515151515,0.27515151515151515,glob_probe,glob_probe,0.0,0.003080808080808073,804,990
scidocs,10,10,False,27,27619,False,2.305111222740221,2.9582116179836593,0.15047138047138048,0.2745286195286195,0.2062626262626263,0.12112794612794611,0.16025252525252526,0.2745286195286195,0.2745286195286195,0.2745286195286195,glob_probe,glob_probe,0.0,0.00978114478114478,776,990
scidocs,10,10,False,28,28619,False,3.132275745626239,2.9582116179836593,0.16136363636363638,0.2744781144781145,0.206010101010101,0.12062289562289563,0.15954545454545455,0.2744781144781145,0.2744781144781145,0.2744781144781145,glob_probe,glob_probe,0.0,0.0018181818181818299,865,990
scidocs,10,10,False,29,29619,False,3.17782843206665,2.9582116179836593,0.16237373737373736,0.27543771043771037,0.20681818181818185,0.12122895622895624,0.16015151515151516,0.27543771043771037,0.27543771043771037,0.27543771043771037,glob_probe,glob_probe,0.0,0.0022222222222222088,825,990
scidocs,10,10,False,30,30619,False,3.1475077545590198,2.9582116179836593,0.16277777777777777,0.2758922558922559,0.20742424242424246,0.12122895622895624,0.16075757575757574,0.2758922558922559,0.2758922558922559,0.2758922558922559,glob_probe,glob_probe,0.0,0.002020202020202033,814,990
scidocs,10,10,False,31,31619,False,2.717102922469131,2.9582116179836593,0.1573737373737374,0.27639730639730636,0.20732323232323233,0.12158249158249158,0.16085858585858587,0.27639730639730636,0.27639730639730636,0.27639730639730636,glob_probe,glob_probe,0.0,0.0034848484848484795,842,990
scidocs,10,10,False,32,32619,False,3.0888503278158836,2.9582116179836593,0.16176767676767678,0.2738720538720539,0.20641414141414144,0.12082491582491584,0.16015151515151516,0.2738720538720539,0.2738720538720539,0.2738720538720539,glob_probe,glob_probe,0.0,0.0016161616161616266,823,990
scidocs,10,10,False,33,33619,False,3.0413671847866874,2.9582116179836593,0.16136363636363638,0.2754882154882155,0.20641414141414144,0.12102693602693602,0.16015151515151516,0.2754882154882155,0.20641414141414144,0.2754882154882155,trunc,glob_probe,0.06907407407407407,0.00121212121212122,834,990
scidocs,10,10,False,34,34619,False,3.329736992935472,2.9582116179836593,0.1643939393939394,0.2748821548821549,0.206010101010101,0.12102693602693602,0.15994949494949495,0.2748821548821549,0.2748821548821549,0.2748821548821549,glob_probe,glob_probe,0.0,0.004444444444444445,831,990
scidocs,10,10,False,35,35619,False,2.9840204086081203,2.9582116179836593,0.16095959595959597,0.27468013468013475,0.20681818181818185,0.12163299663299663,0.16075757575757577,0.27468013468013475,0.27468013468013475,0.27468013468013475,glob_probe,glob_probe,0.0,0.00020202020202020332,840,990
scidocs,10,10,False,36,36619,False,2.622341835212053,2.9582116179836593,0.15641414141414145,0.27503367003367,0.20616161616161618,0.12097643097643097,0.1605050505050505,0.27503367003367,0.27503367003367,0.27503367003367,glob_probe,glob_probe,0.0,0.004090909090909062,852,990
scidocs,10,10,False,37,37619,False,2.915946494512661,2.9582116179836593,0.15994949494949495,0.2738720538720539,0.20621212121212124,0.12082491582491582,0.16015151515151516,0.2738720538720539,0.2738720538720539,0.2738720538720539,glob_probe,glob_probe,0.0,0.00020202020202020332,806,990
scidocs,10,10,False,38,38619,False,2.764129206098202,2.9582116179836593,0.1576767676767677,0.27427609427609423,0.2058080808080808,0.12082491582491584,0.15954545454545457,0.27427609427609423,0.27427609427609423,0.27427609427609423,glob_probe,glob_probe,0.0,0.0018686868686868807,854,990
scidocs,10,10,False,39,39619,False,2.9428561323243674,2.9582116179836593,0.16055555555555553,0.2752861952861953,0.20681818181818182,0.12143097643097643,0.16055555555555553,0.2752861952861953,0.2752861952861953,0.2752861952861953,glob_probe,glob_probe,0.0,0.0,809,990
scidocs,10,10,False,40,40619,False,2.3513042902934638,2.9582116179836593,0.15057239057239058,0.27563973063973063,0.20702020202020205,0.12102693602693602,0.16055555555555553,0.27563973063973063,0.27563973063973063,0.27563973063973063,glob_probe,glob_probe,0.0,0.009983164983164955,816,990
scidocs,10,10,False,41,41619,False,3.4284304823736766,2.9582116179836593,0.1658080808080808,0.2754882154882155,0.20641414141414144,0.12102693602693604,0.16035353535353536,0.2754882154882155,0.2754882154882155,0.2754882154882155,glob_probe,glob_probe,0.0,0.005454545454545434,842,990
scidocs,10,10,False,42,42619,False,2.7681199660004,2.9582116179836593,0.15666666666666668,0.2730639730639731,0.2045959595959596,0.1196127946127946,0.15853535353535353,0.2730639730639731,0.2730639730639731,0.2730639730639731,glob_probe,glob_probe,0.0,0.001868686868686853,833,990
scidocs,10,10,False,43,43619,False,3.0495497983434716,2.9582116179836593,0.16095959595959597,0.2736700336700336,0.20520202020202022,0.12082491582491584,0.15974747474747475,0.2736700336700336,0.2736700336700336,0.2736700336700336,glob_probe,glob_probe,0.0,0.00121212121212122,788,990
scidocs,10,10,False,44,44619,False,3.3140720415449927,2.9582116179836593,0.16398989898989902,0.27427609427609423,0.2062121212121212,0.12102693602693602,0.15974747474747475,0.27427609427609423,0.27427609427609423,0.27427609427609423,glob_probe,glob_probe,0.0,0.00424242424242427,817,990
scidocs,10,10,False,45,45619,False,2.637189623178241,2.9582116179836593,0.15641414141414142,0.27478114478114474,0.2063636363636364,0.12057239057239058,0.1601010101010101,0.27478114478114474,0.27478114478114474,0.27478114478114474,glob_probe,glob_probe,0.0,0.003686868686868683,763,990
scidocs,10,10,False,46,46619,False,2.8680191317229764,2.9582116179836593,0.15994949494949498,0.27508417508417504,0.20661616161616161,0.12143097643097643,0.16015151515151516,0.27508417508417504,0.27508417508417504,0.27508417508417504,glob_probe,glob_probe,0.0,0.00020202020202017557,834,990
scidocs,10,10,False,47,47619,False,3.369866530488008,2.9582116179836593,0.1648989898989899,0.2743265993265993,0.2054545454545455,0.12112794612794613,0.16005050505050503,0.2743265993265993,0.2743265993265993,0.2743265993265993,glob_probe,glob_probe,0.0,0.00484848484848488,866,990
scidocs,10,10,False,48,48619,False,3.045456129522495,2.9582116179836593,0.16156565656565658,0.2754882154882155,0.20681818181818182,0.12163299663299662,0.16035353535353536,0.2754882154882155,0.2754882154882155,0.2754882154882155,glob_probe,glob_probe,0.0,0.00121212121212122,840,990
scidocs,10,10,False,49,49619,False,3.5864752423466433,2.9582116179836593,0.16782828282828283,0.2760942760942761,0.20722222222222222,0.12183501683501684,0.16035353535353536,0.2760942760942761,0.2760942760942761,0.16782828282828283,glob_probe,ad_probe,0.0,0.007474747474747467,852,990
scidocs,20,20,False,0,2200691,False,3.114826377489803,2.9582116179836593,0.16239795918367347,0.27539115646258505,0.20622448979591837,0.12124149659863945,0.16056122448979593,0.27539115646258505,0.27539115646258505,0.27539115646258505,glob_probe,glob_probe,0.0,0.0018367346938775453,1680,980
scidocs,20,20,False,1,2201691,False,2.377785341693803,2.9582116179836593,0.1526700680272109,0.27600340136054424,0.20806122448979592,0.12241496598639456,0.16153061224489798,0.27600340136054424,0.27600340136054424,0.27600340136054424,glob_probe,glob_probe,0.0,0.008860544217687089,1604,980
scidocs,20,20,False,2,2202691,False,3.06688512144623,2.9582116179836593,0.16137755102040813,0.27442176870748297,0.20668367346938776,0.12042517006802722,0.16035714285714286,0.27442176870748297,0.27442176870748297,0.27442176870748297,glob_probe,glob_probe,0.0,0.0010204081632652628,1553,980
scidocs,20,20,False,3,2203691,False,3.063279725286764,2.9582116179836593,0.16287414965986396,0.2769387755102041,0.20818027210884352,0.12151360544217688,0.16144557823129252,0.2769387755102041,0.2769387755102041,0.2769387755102041,glob_probe,glob_probe,0.0,0.0014285714285714457,1610,980
scidocs,20,20,False,4,2204691,False,2.752071686158664,2.9582116179836593,0.15785714285714286,0.27462585034013604,0.2060714285714286,0.1204251700680272,0.15994897959183674,0.27462585034013604,0.27462585034013604,0.27462585034013604,glob_probe,glob_probe,0.0,0.002091836734693875,1565,980
scidocs,20,20,False,5,2205691,False,2.7807411801812085,2.9582116179836593,0.1586734693877551,0.2752380952380952,0.20627551020408166,0.12083333333333332,0.1601530612244898,0.2752380952380952,0.2752380952380952,0.2752380952380952,glob_probe,glob_probe,0.0,0.0014795918367347116,1680,980
scidocs,20,20,False,6,2206691,False,3.0141175116952352,2.9582116179836593,0.1611734693877551,0.27482993197278915,0.20627551020408164,0.12124149659863945,0.16015306122448977,0.27482993197278915,0.27482993197278915,0.27482993197278915,glob_probe,glob_probe,0.0,0.0010204081632653184,1667,980
scidocs,20,20,False,7,2207691,False,2.8708413361142773,2.9582116179836593,0.15948979591836737,0.27355442176870753,0.2058163265306123,0.12037414965986397,0.1596938775510204,0.27355442176870753,0.27355442176870753,0.27355442176870753,glob_probe,glob_probe,0.0,0.00020408163265303592,1520,980
scidocs,20,20,False,8,2208691,False,3.299621714693648,2.9582116179836593,0.16474489795918368,0.2754931972789116,0.20714285714285716,0.12154761904761904,0.16086734693877555,0.2754931972789116,0.2754931972789116,0.2754931972789116,glob_probe,glob_probe,0.0,0.0038775510204081265,1612,980
scidocs,20,20,False,9,2209691,False,2.324984281391575,2.9582116179836593,0.1500170068027211,0.2747789115646258,0.20683673469387756,0.12057823129251702,0.16010204081632654,0.2747789115646258,0.2747789115646258,0.2747789115646258,glob_probe,glob_probe,0.0,0.010085034013605443,1552,980
scidocs,20,20,False,10,2210691,False,3.3967953505942026,2.9582116179836593,0.1664795918367347,0.2760544217687074,0.2070918367346939,0.12144557823129251,0.1611734693877551,0.2760544217687074,0.2760544217687074,0.2760544217687074,glob_probe,glob_probe,0.0,0.0053061224489796,1717,980
scidocs,20,20,False,11,2211691,False,2.814742336212484,2.9582116179836593,0.15831632653061223,0.27421768707482996,0.2054591836734694,0.1204251700680272,0.15933673469387757,0.27421768707482996,0.27421768707482996,0.27421768707482996,glob_probe,glob_probe,0.0,0.0010204081632653461,1574,980
scidocs,20,20,False,12,2212691,False,3.134369585014438,2.9582116179836593,0.16158163265306125,0.27437074829931973,0.20668367346938776,0.12083333333333332,0.15974489795918367,0.27437074829931973,0.27437074829931973,0.27437074829931973,glob_probe,glob_probe,0.0,0.001836734693877573,1602,980
scidocs,20,20,False,13,2213691,False,3.1400996341321576,2.9582116179836593,0.1617857142857143,0.2748299319727891,0.20602040816326533,0.12083333333333335,0.15974489795918367,0.2748299319727891,0.2748299319727891,0.2748299319727891,glob_probe,glob_probe,0.0,0.0020408163265306367,1607,980
scidocs,20,20,False,14,2214691,False,3.2104210382676417,2.9582116179836593,0.16336734693877553,0.27340136054421776,0.20612244897959184,0.1214455782312925,0.16030612244897963,0.27340136054421776,0.27340136054421776,0.27340136054421776,glob_probe,glob_probe,0.0,0.0030612244897958996,1657,980
scidocs,20,20,False,15,2215691,False,3.0791397956762743,2.9582116179836593,0.1596938775510204,0.2733503401360544,0.2045918367346939,0.12037414965986394,0.158265306122449,0.2733503401360544,0.2733503401360544,0.2733503401360544,glob_probe,glob_probe,0.0,0.001428571428571418,1547,980
scidocs,20,20,False,16,2216691,False,3.4689507587535724,2.9582116179836593,0.1663265306122449,0.27600340136054424,0.20688775510204083,0.12154761904761906,0.1606122448979592,0.27600340136054424,0.27600340136054424,0.27600340136054424,glob_probe,glob_probe,0.0,0.0057142857142856995,1667,980
scidocs,20,20,False,17,2217691,False,2.7543627915021656,2.9582116179836593,0.1583673469387755,0.2751360544217687,0.20596938775510207,0.12078231292517008,0.1604591836734694,0.2751360544217687,0.2751360544217687,0.2751360544217687,glob_probe,glob_probe,0.0,0.0020918367346939026,1662,980
scidocs,20,20,False,18,2218691,False,2.844709071260387,2.9582116179836593,0.16158163265306122,0.27789115646258505,0.2091326530612245,0.12267006802721088,0.16198979591836735,0.27789115646258505,0.27789115646258505,0.27789115646258505,glob_probe,glob_probe,0.0,0.00040816326530612734,1632,980
scidocs,20,20,False,19,2219691,False,2.8311398770607106,2.9582116179836593,0.1596938775510204,0.27437074829931973,0.2062244897959184,0.12098639455782313,0.16010204081632654,0.27437074829931973,0.27437074829931973,0.27437074829931973,glob_probe,glob_probe,0.0,0.00040816326530612734,1665,980
scidocs,20,20,False,20,2220691,False,2.758835624534215,2.9582116179836593,0.16005102040816327,0.27661564625850343,0.2086734693877551,0.12261904761904761,0.16193877551020408,0.27661564625850343,0.27661564625850343,0.27661564625850343,glob_probe,glob_probe,0.0,0.0018877551020408112,1630,980
scidocs,20,20,False,21,2221691,False,2.4734682222600983,2.9582116179836593,0.15494897959183676,0.27482993197278915,0.20770408163265308,0.12226190476190475,0.16158163265306125,0.27482993197278915,0.27482993197278915,0.27482993197278915,glob_probe,glob_probe,0.0,0.006632653061224486,1586,980
scidocs,20,20,False,22,2222691,False,3.0374567410923836,2.9582116179836593,0.16096938775510203,0.2734013605442177,0.20525510204081635,0.1210374149659864,0.15974489795918367,0.2734013605442177,0.2734013605442177,0.2734013605442177,glob_probe,glob_probe,0.0,0.0012244897959183543,1650,980
scidocs,20,20,False,23,2223691,False,2.8633225707850727,2.9582116179836593,0.1617857142857143,0.2768707482993198,0.208265306122449,0.12246598639455782,0.16198979591836735,0.2768707482993198,0.2768707482993198,0.2768707482993198,glob_probe,glob_probe,0.0,0.00020408163265303592,1617,980
scidocs,20,20,False,24,2224691,False,2.819707868425941,2.9582116179836593,0.1598979591836735,0.2757482993197279,0.2076530612244898,0.1222108843537415,0.16091836734693876,0.2757482993197279,0.2757482993197279,0.2757482993197279,glob_probe,glob_probe,0.0,0.0010204081632652628,1642,980
scidocs,20,20,False,25,2225691,False,2.8835276761740527,2.9582116179836593,0.15948979591836737,0.27319727891156464,0.20551020408163265,0.12098639455782313,0.15969387755102044,0.27319727891156464,0.27319727891156464,0.27319727891156464,glob_probe,glob_probe,0.0,0.00020408163265306367,1651,980
scidocs,20,20,False,26,2226691,False,3.4029687013917997,2.9582116179836593,0.1664795918367347,0.2762074829931973,0.2072448979591837,0.12226190476190477,0.16096938775510203,0.2762074829931973,0.2762074829931973,0.2762074829931973,glob_probe,glob_probe,0.0,0.005510204081632664,1724,980
scidocs,20,20,False,27,2227691,False,2.7209241302192213,2.9582116179836593,0.15530612244897957,0.27391156462585037,0.20474489795918369,0.1197108843537415,0.15882653061224491,0.27391156462585037,0.27391156462585037,0.27391156462585037,glob_probe,glob_probe,0.0,0.0035204081632653483,1595,980
scidocs,20,20,False,28,2228691,False,2.811712683641135,2.9582116179836593,0.15831632653061226,0.27482993197278915,0.20566326530612247,0.12042517006802722,0.15933673469387755,0.27482993197278915,0.27482993197278915,0.27482993197278915,glob_probe,glob_probe,0.0,0.0010204081632652906,1628,980
scidocs,20,20,False,29,2229691,False,2.9206090343351656,2.9582116179836593,0.15872448979591838,0.27421768707482996,0.2058673469387755,0.12083333333333332,0.15892857142857142,0.27421768707482996,0.27421768707482996,0.27421768707482996,glob_probe,glob_probe,0.0,0.00020408163265303592,1598,980
scidocs,20,20,False,30,2230691,False,2.987750029355704,2.9582116179836593,0.15994897959183674,0.2744217687074831,0.20668367346938776,0.12042517006802722,0.15974489795918367,0.2744217687074831,0.2744217687074831,0.2744217687074831,glob_probe,glob_probe,0.0,0.00020408163265306367,1560,980
scidocs,20,20,False,31,2231691,False,3.0990731138965693,2.9582116179836593,0.16112244897959185,0.27289115646258505,0.20581632653061227,0.12098639455782315,0.15948979591836737,0.27289115646258505,0.27289115646258505,0.27289115646258505,glob_probe,glob_probe,0.0,0.0016326530612244816,1588,980
scidocs,20,20,False,32,2232691,False,2.8706064416953705,2.9582116179836593,0.15974489795918367,0.27421768707482996,0.2060714285714286,0.12062925170068027,0.15994897959183674,0.27421768707482996,0.27421768707482996,0.27421768707482996,glob_probe,glob_probe,0.0,0.00020408163265306367,1626,980
scidocs,20,20,False,33,2233691,False,3.130080353401157,2.9582116179836593,0.16188775510204081,0.27508503401360546,0.2063265306122449,0.121343537414966,0.1600510204081633,0.27508503401360546,0.27508503401360546,0.27508503401360546,glob_probe,glob_probe,0.0,0.0018367346938775175,1696,980
scidocs,20,20,False,34,2234691,False,2.8972938070310366,2.9582116179836593,0.15908163265306122,0.2735034013605442,0.20474489795918369,0.12037414965986394,0.15928571428571428,0.2735034013605442,0.2735034013605442,0.2735034013605442,glob_probe,glob_probe,0.0,0.00020408163265306367,1691,980
scidocs,20,20,False,35,2235691,False,2.7330879145078377,2.9582116179836593,0.1569387755102041,0.2732993197278912,0.20556122448979594,0.1207312925170068,0.15964285714285717,0.2732993197278912,0.2732993197278912,0.2732993197278912,glob_probe,glob_probe,0.0,0.002704081632653066,1629,980
scidocs,20,20,False,36,2236691,False,2.581954862723478,2.9582116179836593,0.155765306122449,0.2757993197278911,0.20739795918367346,0.12119047619047621,0.16071428571428573,0.2757993197278911,0.2757993197278911,0.2757993197278911,glob_probe,glob_probe,0.0,0.0049489795918367385,1660,980
scidocs,20,20,False,37,2237691,False,3.2497422317427818,2.9582116179836593,0.16341836734693882,0.2752380952380952,0.2060714285714286,0.12083333333333335,0.1603571428571429,0.2752380952380952,0.2752380952380952,0.2752380952380952,glob_probe,glob_probe,0.0,0.0030612244897959273,1674,980
scidocs,20,20,False,38,2238691,False,3.194065862908694,2.9582116179836593,0.163078231292517,0.2758673469387755,0.20710884353741496,0.12069727891156462,0.16022108843537416,0.2758673469387755,0.2758673469387755,0.2758673469387755,glob_probe,glob_probe,0.0,0.002857142857142836,1673,980
scidocs,20,20,False,39,2239691,False,3.061120629848495,2.9582116179836593,0.1603571428571429,0.27421768707482996,0.20566326530612247,0.12083333333333332,0.1591326530612245,0.27421768707482996,0.27421768707482996,0.27421768707482996,glob_probe,glob_probe,0.0,0.001224489795918382,1727,980
scidocs,20,20,False,40,2240691,False,3.016487003513579,2.9582116179836593,0.16188775510204081,0.2754931972789116,0.20739795918367346,0.12154761904761906,0.1608673469387755,0.2754931972789116,0.2754931972789116,0.2754931972789116,glob_probe,glob_probe,0.0,0.0010204081632653184,1687,980
scidocs,20,20,False,41,2241691,False,3.425164480388548,2.9582116179836593,0.16607142857142856,0.2740136054421769,0.2054591836734694,0.12124149659863946,0.16056122448979593,0.2740136054421769,0.2740136054421769,0.2740136054421769,glob_probe,glob_probe,0.0,0.005510204081632636,1687,980
scidocs,20,20,False,42,2242691,False,3.084995391201998,2.9582116179836593,0.1617857142857143,0.27503401360544216,0.20566326530612247,0.1210374149659864,0.16015306122448977,0.27503401360544216,0.27503401360544216,0.27503401360544216,glob_probe,glob_probe,0.0,0.0016326530612245371,1706,980
scidocs,20,20,False,43,2243691,False,3.149595061220656,2.9582116179836593,0.1628061224489796,0.27646258503401355,0.20729591836734695,0.12185374149659864,0.160765306122449,0.27646258503401355,0.27646258503401355,0.27646258503401355,glob_probe,glob_probe,0.0,0.002040816326530609,1721,980
scidocs,20,20,False,44,2244691,False,3.6091789276514135,2.9582116179836593,0.16811224489795917,0.27564625850340135,0.20729591836734698,0.12164965986394558,0.16096938775510203,0.27564625850340135,0.27564625850340135,0.27564625850340135,glob_probe,glob_probe,0.0,0.007142857142857145,1690,980
scidocs,20,20,False,45,2245691,False,2.796134444135464,2.9582116179836593,0.15780612244897957,0.2744217687074831,0.20596938775510207,0.11991496598639455,0.15903061224489795,0.2744217687074831,0.2744217687074831,0.2744217687074831,glob_probe,glob_probe,0.0,0.001224489795918382,1544,980
scidocs,20,20,False,46,2246691,False,3.0235945147731056,2.9582116179836593,0.16185374149659865,0.27515306122448985,0.20639455782312927,0.12110544217687075,0.16083333333333333,0.27515306122448985,0.27515306122448985,0.27515306122448985,glob_probe,glob_probe,0.0,0.0010204081632653184,1601,980
scidocs,20,20,False,47,2247691,False,3.2042922371487665,2.9582116179836593,0.1617857142857143,0.2721768707482993,0.20505102040816328,0.12022108843537416,0.15872448979591838,0.2721768707482993,0.2721768707482993,0.2721768707482993,glob_probe,glob_probe,0.0,0.0030612244897959273,1585,980
scidocs,20,20,False,48,2248691,False,3.358268983897963,2.9582116179836593,0.16302721088435376,0.2733163265306123,0.20527210884353744,0.11981292517006803,0.15812925170068023,0.2733163265306123,0.2733163265306123,0.2733163265306123,glob_probe,glob_probe,0.0,0.004897959183673528,1589,980
scidocs,20,20,False,49,2249691,False,2.6974254819722714,2.9582116179836593,0.15704081632653058,0.27340136054421776,0.2058673469387755,0.1210374149659864,0.16056122448979593,0.27340136054421776,0.27340136054421776,0.27340136054421776,glob_probe,glob_probe,0.0,0.0035204081632653483,1587,980
scidocs,50,50,False,0,2300828,False,2.9483476858038493,2.9582116179836593,0.15968421052631582,0.27456140350877195,0.20621052631578948,0.11996491228070176,0.15968421052631582,0.27456140350877195,0.27456140350877195,0.27456140350877195,glob_probe,glob_probe,0.0,0.0,4027,950
scidocs,50,50,False,1,2301828,False,2.88830799273662,2.9582116179836593,0.15889473684210526,0.27371929824561414,0.20468421052631577,0.1202280701754386,0.15910526315789475,0.27371929824561414,0.27371929824561414,0.27371929824561414,glob_probe,glob_probe,0.0,0.00021052631578949432,4208,950
scidocs,50,50,False,2,2302828,False,2.956044168365712,2.9582116179836593,0.1622105263157895,0.2761929824561404,0.2073684210526316,0.12228070175438595,0.1622105263157895,0.2761929824561404,0.2761929824561404,0.2761929824561404,glob_probe,glob_probe,0.0,0.0,4159,950
scidocs,50,50,False,3,2303828,False,3.0632344883807976,2.9582116179836593,0.16273684210526318,0.276140350877193,0.2081578947368421,0.12112280701754385,0.16126315789473683,0.276140350877193,0.276140350877193,0.276140350877193,glob_probe,glob_probe,0.0,0.0014736842105263492,4037,950
scidocs,50,50,False,4,2304828,False,2.915480551841972,2.9582116179836593,0.1590526315789474,0.2741052631578948,0.20684210526315788,0.11959649122807017,0.15926315789473686,0.2741052631578948,0.2741052631578948,0.2741052631578948,glob_probe,glob_probe,0.0,0.00021052631578946657,4113,950
scidocs,50,50,False,5,2305828,False,2.7970965588955545,2.9582116179836593,0.15936842105263158,0.27424561403508774,0.2058947368421053,0.12133333333333333,0.1606315789473684,0.27424561403508774,0.27424561403508774,0.27424561403508774,glob_probe,glob_probe,0.0,0.0012631578947368272,4047,950
scidocs,50,50,False,6,2306828,False,3.128303444346884,2.9582116179836593,0.16121052631578947,0.2744035087719298,0.2073157894736842,0.12064912280701755,0.15931578947368424,0.2744035087719298,0.2744035087719298,0.2744035087719298,glob_probe,glob_probe,0.0,0.0018947368421052269,4072,950
scidocs,50,50,False,7,2307828,False,3.1713655023283582,2.9582116179836593,0.16015789473684214,0.271719298245614,0.20352631578947372,0.11875438596491228,0.1578421052631579,0.271719298245614,0.271719298245614,0.271719298245614,glob_probe,glob_probe,0.0,0.0023157894736842433,4026,950
scidocs,50,50,False,8,2308828,False,2.649261999381763,2.9582116179836593,0.1572280701754386,0.2762105263157895,0.2081754385964912,0.12135087719298246,0.16064912280701754,0.2762105263157895,0.2762105263157895,0.2762105263157895,glob_probe,glob_probe,0.0,0.003421052631578936,4051,950
scidocs,50,50,False,9,2309828,False,2.9994457885290364,2.9582116179836593,0.16415789473684209,0.27992982456140353,0.21005263157894738,0.12338596491228071,0.16310526315789475,0.27992982456140353,0.27992982456140353,0.27992982456140353,glob_probe,glob_probe,0.0,0.0010526315789473328,4133,950
scidocs,50,50,False,10,2310828,False,3.2643709533859058,2.9582116179836593,0.16605263157894737,0.27829824561403516,0.20889473684210524,0.12301754385964914,0.1626842105263158,0.27829824561403516,0.27829824561403516,0.27829824561403516,glob_probe,glob_probe,0.0,0.003368421052631576,4165,950
scidocs,50,50,False,11,2311828,False,2.9467124601599517,2.9582116179836593,0.16078947368421054,0.27624561403508774,0.20705263157894738,0.12085964912280701,0.16078947368421054,0.27624561403508774,0.27624561403508774,0.27624561403508774,glob_probe,glob_probe,0.0,0.0,4171,950
scidocs,50,50,False,12,2312828,False,3.071944962252221,2.9582116179836593,0.16247368421052635,0.2765087719298246,0.20810526315789477,0.12170175438596492,0.16099999999999998,0.2765087719298246,0.2765087719298246,0.2765087719298246,glob_probe,glob_probe,0.0,0.001473684210526377,4110,950
scidocs,50,50,False,13,2313828,False,3.041874460662167,2.9582116179836593,0.16105263157894736,0.27203508771929824,0.205,0.12075438596491228,0.15978947368421054,0.27203508771929824,0.27203508771929824,0.27203508771929824,glob_probe,glob_probe,0.0,0.0012631578947368272,3977,950
scidocs,50,50,False,14,2314828,False,3.2647292332941023,2.9582116179836593,0.16512280701754387,0.2780526315789474,0.20838596491228073,0.12301754385964914,0.1617543859649123,0.2780526315789474,0.2780526315789474,0.2780526315789474,glob_probe,glob_probe,0.0,0.003368421052631576,4167,950
scidocs,50,50,False,15,2315828,False,3.373120596087947,2.9582116179836593,0.16642105263157897,0.2757192982456141,0.20742105263157895,0.12275438596491228,0.16157894736842104,0.2757192982456141,0.2757192982456141,0.2757192982456141,glob_probe,glob_probe,0.0,0.004842105263157925,4249,950
scidocs,50,50,False,16,2316828,False,2.991668804842096,2.9582116179836593,0.15826315789473686,0.2732982456140351,0.20347368421052633,0.11875438596491228,0.15805263157894736,0.2732982456140351,0.2732982456140351,0.2732982456140351,glob_probe,glob_probe,0.0,0.00021052631578949432,4101,950
scidocs,50,50,False,17,2317828,False,2.838157193229983,2.9582116179836593,0.16033333333333333,0.2768421052631579,0.20717543859649123,0.12201754385964911,0.1607543859649123,0.2768421052631579,0.2768421052631579,0.2768421052631579,glob_probe,glob_probe,0.0,0.0004210526315789609,4103,950
scidocs,50,50,False,18,2318828,False,2.813874971412506,2.9582116179836593,0.15996491228070175,0.27463157894736845,0.2057543859649123,0.121859649122807,0.16101754385964911,0.27463157894736845,0.27463157894736845,0.27463157894736845,glob_probe,glob_probe,0.0,0.0010526315789473606,4060,950
scidocs,50,50,False,19,2319828,False,3.1813018629643146,2.9582116179836593,0.16433333333333333,0.2767368421052631,0.20749122807017545,0.12229824561403509,0.16180701754385965,0.2767368421052631,0.2767368421052631,0.2767368421052631,glob_probe,glob_probe,0.0,0.002526315789473682,4158,950
scidocs,50,50,False,20,2320828,False,2.9331370440930016,2.9582116179836593,0.15963157894736843,0.2748771929824561,0.2063684210526316,0.11996491228070176,0.15984210526315792,0.2748771929824561,0.2748771929824561,0.2748771929824561,glob_probe,glob_probe,0.0,0.00021052631578949432,4145,950
scidocs,50,50,False,21,2321828,False,3.0874302759901013,2.9582116179836593,0.16212280701754384,0.274,0.20480701754385963,0.12156140350877193,0.16043859649122805,0.274,0.274,0.274,glob_probe,glob_probe,0.0,0.001684210526315788,4188,950
scidocs,50,50,False,22,2322828,False,2.986744761317526,2.9582116179836593,0.16259649122807018,0.2783157894736842,0.20912280701754385,0.12224561403508773,0.16238596491228072,0.2783157894736842,0.2783157894736842,0.2783157894736842,glob_probe,glob_probe,0.0,0.00021052631578946657,4168,950
scidocs,50,50,False,23,2323828,False,2.7244215267379404,2.9582116179836593,0.15633333333333335,0.2737894736842105,0.20522807017543862,0.12128070175438596,0.15891228070175442,0.2737894736842105,0.2737894736842105,0.2737894736842105,glob_probe,glob_probe,0.0,0.0025789473684210695,3987,950
scidocs,50,50,False,24,2324828,False,2.9517298804777474,2.9582116179836593,0.1585964912280702,0.2745789473684211,0.2057543859649123,0.12098245614035089,0.1585964912280702,0.2745789473684211,0.2745789473684211,0.2745789473684211,glob_probe,glob_probe,0.0,0.0,3945,950
scidocs,50,50,False,25,2325828,False,3.404924235661163,2.9582116179836593,0.16647368421052633,0.27614035087719296,0.20710526315789474,0.12170175438596491,0.16078947368421054,0.27614035087719296,0.27614035087719296,0.27614035087719296,glob_probe,glob_probe,0.0,0.005684210526315792,4261,950
scidocs,50,50,False,26,2326828,False,2.7620933980793576,2.9582116179836593,0.1586315789473684,0.2748771929824561,0.2058421052631579,0.12107017543859651,0.1603684210526316,0.2748771929824561,0.2748771929824561,0.2748771929824561,glob_probe,glob_probe,0.0,0.0017368421052632033,4070,950
scidocs,50,50,False,27,2327828,False,2.9928803559753803,2.9582116179836593,0.16094736842105264,0.2759824561403509,0.20657894736842106,0.1203859649122807,0.16031578947368422,0.2759824561403509,0.2759824561403509,0.2759824561403509,glob_probe,glob_probe,0.0,0.0006315789473684275,4167,950
scidocs,50,50,False,28,2328828,False,2.954040777781736,2.9582116179836593,0.1586842105263158,0.2735614035087719,0.20605263157894738,0.11917543859649121,0.1586842105263158,0.2735614035087719,0.2735614035087719,0.2735614035087719,glob_probe,glob_probe,0.0,0.0,4061,950
scidocs,50,50,False,29,2329828,False,2.8361148627875457,2.9582116179836593,0.1571578947368421,0.2731929824561404,0.2045263157894737,0.1195438596491228,0.15757894736842104,0.2731929824561404,0.2731929824561404,0.2731929824561404,glob_probe,glob_probe,0.0,0.00042105263157893313,4120,950
scidocs,50,50,False,30,2330828,False,2.855025339889001,2.9582116179836593,0.1600526315789474,0.27435087719298246,0.20615789473684212,0.12117543859649124,0.16026315789473683,0.27435087719298246,0.27435087719298246,0.27435087719298246,glob_probe,glob_probe,0.0,0.0002105263157894388,4055,950
scidocs,50,50,False,31,2331828,False,3.1014423383984946,2.9582116179836593,0.16359649122807018,0.2783333333333334,0.21007017543859652,0.12303508771929823,0.16191228070175437,0.2783333333333334,0.2783333333333334,0.2783333333333334,glob_probe,glob_probe,0.0,0.0016842105263158158,4017,950
scidocs,50,50,False,32,2332828,False,3.215367659244284,2.9582116179836593,0.16480701754385965,0.2759473684210526,0.20733333333333337,0.12249122807017544,0.16164912280701754,0.2759473684210526,0.2759473684210526,0.2759473684210526,glob_probe,glob_probe,0.0,0.0031578947368421095,4047,950
scidocs,50,50,False,33,2333828,False,3.1468544086219956,2.9582116179836593,0.16310526315789473,0.2760877192982456,0.20684210526315788,0.12359649122807019,0.16121052631578944,0.2760877192982456,0.2760877192982456,0.2760877192982456,glob_probe,glob_probe,0.0,0.0018947368421052824,4134,950
scidocs,50,50,False,34,2334828,False,2.912845643128862,2.9582116179836593,0.15963157894736843,0.2740877192982456,0.20589473684210527,0.12117543859649124,0.1598421052631579,0.2740877192982456,0.2740877192982456,0.2740877192982456,glob_probe,glob_probe,0.0,0.00021052631578946657,4163,950
scidocs,50,50,False,35,2335828,False,3.341000409887841,2.9582116179836593,0.16336842105263158,0.2729298245614035,0.20547368421052634,0.12049122807017544,0.15894736842105264,0.2729298245614035,0.2729298245614035,0.2729298245614035,glob_probe,glob_probe,0.0,0.004421052631578937,4149,950
scidocs,50,50,False,36,2336828,False,3.286357099887426,2.9582116179836593,0.16573684210526315,0.27803508771929825,0.20931578947368423,0.12264912280701756,0.1621578947368421,0.27803508771929825,0.27803508771929825,0.27803508771929825,glob_probe,glob_probe,0.0,0.0035789473684210427,4201,950
scidocs,50,50,False,37,2337828,False,3.0071242451814557,2.9582116179836593,0.1617894736842105,0.27535087719298246,0.2085263157894737,0.12143859649122808,0.16073684210526318,0.27535087719298246,0.27535087719298246,0.27535087719298246,glob_probe,glob_probe,0.0,0.0010526315789473328,4092,950
scidocs,50,50,False,38,2338828,False,3.6282987904729316,2.9582116179836593,0.17015789473684212,0.27808771929824566,0.20863157894736847,0.12285964912280702,0.16257894736842107,0.27808771929824566,0.27808771929824566,0.27808771929824566,glob_probe,glob_probe,0.0,0.007578947368421046,4178,950
scidocs,50,50,False,39,2339828,False,3.0220788253937556,2.9582116179836593,0.1621578947368421,0.2753508771929825,0.2067368421052632,0.12117543859649124,0.16110526315789475,0.2753508771929825,0.2753508771929825,0.2753508771929825,glob_probe,glob_probe,0.0,0.0010526315789473606,4105,950
scidocs,50,50,False,40,2340828,False,3.2890973282990865,2.9582116179836593,0.16221052631578947,0.27087719298245616,0.20573684210526316,0.11891228070175439,0.15884210526315787,0.27087719298245616,0.27087719298245616,0.27087719298245616,glob_probe,glob_probe,0.0,0.003368421052631604,4030,950
scidocs,50,50,False,41,2341828,False,2.9695013084560227,2.9582116179836593,0.16063157894736846,0.27535087719298246,0.20673684210526316,0.12070175438596491,0.16042105263157896,0.27535087719298246,0.27535087719298246,0.27535087719298246,glob_probe,glob_probe,0.0,0.00021052631578949432,4075,950
scidocs,50,50,False,42,2342828,False,3.105874323754726,2.9582116179836593,0.16273684210526318,0.2759298245614035,0.20694736842105263,0.12112280701754385,0.16105263157894736,0.2759298245614035,0.2759298245614035,0.2759298245614035,glob_probe,glob_probe,0.0,0.0016842105263158158,4197,950
scidocs,50,50,False,43,2343828,False,2.9901609246818963,2.9582116179836593,0.1617894736842105,0.2766140350877193,0.20810526315789477,0.1220701754385965,0.16157894736842104,0.2766140350877193,0.2766140350877193,0.2766140350877193,glob_probe,glob_probe,0.0,0.00021052631578946657,4035,950
scidocs,50,50,False,44,2344828,False,2.868947191604212,2.9582116179836593,0.1589122807017544,0.2715263157894737,0.20438596491228073,0.12066666666666667,0.1591228070175439,0.2715263157894737,0.2715263157894737,0.2715263157894737,glob_probe,glob_probe,0.0,0.00021052631578949432,4026,950
scidocs,50,50,False,45,2345828,False,3.107051640838616,2.9582116179836593,0.1606842105263158,0.2747719298245614,0.2061578947368421,0.12180701754385966,0.15921052631578947,0.2747719298245614,0.2747719298245614,0.2747719298245614,glob_probe,glob_probe,0.0,0.0014736842105263215,4057,950
scidocs,50,50,False,46,2346828,False,2.930521240999936,2.9582116179836593,0.1622105263157895,0.2772982456140351,0.20831578947368418,0.12312280701754386,0.16242105263157897,0.2772982456140351,0.2772982456140351,0.2772982456140351,glob_probe,glob_probe,0.0,0.00021052631578946657,4099,950
scidocs,50,50,False,47,2347828,False,2.7766233405308762,2.9582116179836593,0.15557894736842107,0.27056140350877195,0.2026315789473684,0.11907017543859649,0.1573157894736842,0.27056140350877195,0.27056140350877195,0.27056140350877195,glob_probe,glob_probe,0.0,0.00173684210526312,4034,950
scidocs,50,50,False,48,2348828,False,2.9659912144079374,2.9582116179836593,0.15917543859649122,0.2742631578947369,0.20501754385964913,0.12085964912280701,0.15917543859649122,0.2742631578947369,0.2742631578947369,0.2742631578947369,glob_probe,glob_probe,0.0,0.0,4134,950
scidocs,50,50,False,49,2349828,False,2.9927860740337513,2.9582116179836593,0.15952631578947365,0.2740350877192983,0.20521052631578948,0.12001754385964912,0.15889473684210526,0.2740350877192983,0.2740350877192983,0.2740350877192983,glob_probe,glob_probe,0.0,0.0006315789473683997,4099,950
scidocs,100,100,False,0,2400096,False,2.96867856670697,2.9582116179836593,0.15933333333333333,0.2738148148148148,0.2061111111111111,0.11990740740740741,0.15911111111111112,0.2738148148148148,0.2738148148148148,0.2738148148148148,glob_probe,glob_probe,0.0,0.000222222222222207,8125,900
scidocs,100,100,False,1,2401096,False,2.928813051633651,2.9582116179836593,0.159,0.27120370370370367,0.20522222222222222,0.12018518518518519,0.1592222222222222,0.27120370370370367,0.27120370370370367,0.27120370370370367,glob_probe,glob_probe,0.0,0.000222222222222207,8217,900
scidocs,100,100,False,2,2402096,False,2.978412113455505,2.9582116179836593,0.16253703703703704,0.27940740740740744,0.2110925925925926,0.1225925925925926,0.1623148148148148,0.27940740740740744,0.27940740740740744,0.27940740740740744,glob_probe,glob_probe,0.0,0.00022222222222223476,8295,900
scidocs,100,100,False,3,2403096,False,2.98441780677509,2.9582116179836593,0.15905555555555556,0.2734814814814815,0.2055,0.12024074074074075,0.15883333333333333,0.2734814814814815,0.2734814814814815,0.2734814814814815,glob_probe,glob_probe,0.0,0.00022222222222223476,8264,900
scidocs,100,100,False,4,2404096,False,3.0464012772953644,2.9582116179836593,0.16162962962962965,0.2743888888888889,0.20546296296296299,0.12081481481481482,0.16051851851851853,0.2743888888888889,0.2743888888888889,0.2743888888888889,glob_probe,glob_probe,0.0,0.0011111111111111183,8209,900
scidocs,100,100,False,5,2405096,False,2.9584136107693237,2.9582116179836593,0.16105555555555556,0.27481481481481485,0.2067777777777778,0.12090740740740741,0.16105555555555556,0.27481481481481485,0.27481481481481485,0.27481481481481485,glob_probe,glob_probe,0.0,0.0,8158,900
scidocs,100,100,False,6,2406096,False,3.0602859079218163,2.9582116179836593,0.16311111111111112,0.2750925925925926,0.20755555555555558,0.12162962962962963,0.16177777777777777,0.2750925925925926,0.2750925925925926,0.2750925925925926,glob_probe,glob_probe,0.0,0.001333333333333353,8109,900
scidocs,100,100,False,7,2407096,False,2.7716257558679107,2.9582116179836593,0.1583888888888889,0.27283333333333337,0.20727777777777778,0.12274074074074075,0.1602222222222222,0.27283333333333337,0.27283333333333337,0.27283333333333337,glob_probe,glob_probe,0.0,0.001833333333333298,8009,900
scidocs,100,100,False,8,2408096,False,3.339730427710732,2.9582116179836593,0.16433333333333333,0.2743703703703704,0.2057222222222222,0.12046296296296297,0.15944444444444444,0.2743703703703704,0.2743703703703704,0.2743703703703704,glob_probe,glob_probe,0.0,0.004888888888888887,8193,900
scidocs,100,100,False,9,2409096,False,2.951060239284491,2.9582116179836593,0.16320370370370368,0.27846296296296297,0.21142592592592593,0.124,0.16320370370370368,0.27846296296296297,0.27846296296296297,0.27846296296296297,glob_probe,glob_probe,0.0,0.0,8180,900
scidocs,100,100,False,10,2410096,False,2.9120532087956814,2.9582116179836593,0.1582222222222222,0.2710370370370371,0.20544444444444446,0.11896296296296296,0.15844444444444444,0.2710370370370371,0.2710370370370371,0.2710370370370371,glob_probe,glob_probe,0.0,0.00022222222222223476,8104,900
scidocs,100,100,False,11,2411096,False,3.061149428308625,2.9582116179836593,0.16118518518518518,0.2718888888888889,0.2027962962962963,0.1197037037037037,0.15985185185185186,0.2718888888888889,0.2718888888888889,0.2718888888888889,glob_probe,glob_probe,0.0,0.0013333333333333253,8207,900
scidocs,100,100,False,12,2412096,False,3.1198493024090994,2.9582116179836593,0.1620185185185185,0.275,0.2062962962962963,0.11925925925925927,0.1600185185185185,0.275,0.275,0.275,glob_probe,glob_probe,0.0,0.0020000000000000018,8123,900
scidocs,100,100,False,13,2413096,False,2.9307659512698128,2.9582116179836593,0.16157407407407406,0.27622222222222226,0.20790740740740743,0.12142592592592592,0.1617962962962963,0.27622222222222226,0.27622222222222226,0.27622222222222226,glob_probe,glob_probe,0.0,0.00022222222222223476,8123,900
scidocs,100,100,False,14,2414096,False,2.985072518493668,2.9582116179836593,0.16016666666666665,0.2768703703703704,0.20827777777777778,0.12001851851851854,0.15994444444444444,0.2768703703703704,0.2768703703703704,0.2768703703703704,glob_probe,glob_probe,0.0,0.000222222222222207,8120,900
scidocs,100,100,False,15,2415096,False,2.9125189220677408,2.9582116179836593,0.1581666666666667,0.27142592592592596,0.20494444444444446,0.1194074074074074,0.1581666666666667,0.27142592592592596,0.27142592592592596,0.27142592592592596,glob_probe,glob_probe,0.0,0.0,8004,900
scidocs,100,100,False,16,2416096,False,2.913085952123547,2.9582116179836593,0.16366666666666668,0.2758703703703704,0.20833333333333334,0.12468518518518519,0.1638888888888889,0.2758703703703704,0.2758703703703704,0.2758703703703704,glob_probe,glob_probe,0.0,0.000222222222222207,8098,900
scidocs,100,100,False,17,2417096,False,2.9011713560063055,2.9582116179836593,0.15833333333333333,0.2756481481481482,0.2063888888888889,0.12068518518518519,0.15833333333333333,0.2756481481481482,0.2756481481481482,0.2756481481481482,glob_probe,glob_probe,0.0,0.0,8056,900
scidocs,100,100,False,18,2418096,False,3.005396614841236,2.9582116179836593,0.16327777777777777,0.27670370370370373,0.20716666666666667,0.12201851851851851,0.16216666666666668,0.27670370370370373,0.27670370370370373,0.27670370370370373,glob_probe,glob_probe,0.0,0.0011111111111110905,8304,900
scidocs,100,100,False,19,2419096,False,2.897247157540965,2.9582116179836593,0.15961111111111112,0.27581481481481485,0.20694444444444443,0.12124074074074073,0.15983333333333333,0.27581481481481485,0.27581481481481485,0.27581481481481485,glob_probe,glob_probe,0.0,0.000222222222222207,8199,900
scidocs,100,100,False,20,2420096,False,3.205545262823324,2.9582116179836593,0.16322222222222224,0.2767592592592593,0.20661111111111113,0.11996296296296297,0.1601111111111111,0.2767592592592593,0.2767592592592593,0.2767592592592593,glob_probe,glob_probe,0.0,0.003111111111111148,8448,900
scidocs,100,100,False,21,2421096,False,2.878418903026163,2.9582116179836593,0.1597222222222222,0.2739259259259259,0.20622222222222225,0.12112962962962963,0.15994444444444444,0.2739259259259259,0.2739259259259259,0.2739259259259259,glob_probe,glob_probe,0.0,0.00022222222222223476,8104,900
scidocs,100,100,False,22,2422096,False,2.915354164170572,2.9582116179836593,0.15885185185185186,0.2722222222222223,0.20540740740740743,0.11959259259259258,0.1590740740740741,0.2722222222222223,0.2722222222222223,0.2722222222222223,glob_probe,glob_probe,0.0,0.00022222222222223476,8094,900
scidocs,100,100,False,23,2423096,False,2.9564287473407553,2.9582116179836593,0.1645555555555556,0.27942592592592597,0.21011111111111114,0.12329629629629629,0.1645555555555556,0.27942592592592597,0.27942592592592597,0.27942592592592597,glob_probe,glob_probe,0.0,0.0,8211,900
scidocs,100,100,False,24,2424096,False,2.8898890235571812,2.9582116179836593,0.15794444444444444,0.27164814814814814,0.20305555555555554,0.11935185185185185,0.15816666666666665,0.27164814814814814,0.27164814814814814,0.27164814814814814,glob_probe,glob_probe,0.0,0.000222222222222207,8343,900
scidocs,100,100,False,25,2425096,False,3.024520471819322,2.9582116179836593,0.16194444444444445,0.2769814814814815,0.20655555555555552,0.12140740740740741,0.16083333333333333,0.2769814814814815,0.2769814814814815,0.2769814814814815,glob_probe,glob_probe,0.0,0.0011111111111111183,8339,900
scidocs,100,100,False,26,2426096,False,2.946851198078333,2.9582116179836593,0.15746296296296294,0.27122222222222225,0.20451851851851852,0.11942592592592592,0.15746296296296294,0.27122222222222225,0.27122222222222225,0.27122222222222225,glob_probe,glob_probe,0.0,0.0,8177,900
scidocs,100,100,False,27,2427096,False,2.9447326389547266,2.9582116179836593,0.1602407407407407,0.2747777777777778,0.2062962962962963,0.12090740740740742,0.1602407407407407,0.2747777777777778,0.2747777777777778,0.2747777777777778,glob_probe,glob_probe,0.0,0.0,8071,900
scidocs,100,100,False,28,2428096,False,2.863206762771246,2.9582116179836593,0.16012962962962965,0.27451851851851855,0.2077962962962963,0.12070370370370372,0.16035185185185188,0.27451851851851855,0.27451851851851855,0.27451851851851855,glob_probe,glob_probe,0.0,0.00022222222222223476,8119,900
scidocs,100,100,False,29,2429096,False,2.9943710697236856,2.9582116179836593,0.15683333333333335,0.27048148148148154,0.20255555555555557,0.1166851851851852,0.15594444444444444,0.27048148148148154,0.27048148148148154,0.27048148148148154,glob_probe,glob_probe,0.0,0.0008888888888889113,8134,900
scidocs,100,100,False,30,2430096,False,2.9821411581415562,2.9582116179836593,0.16444444444444445,0.2784814814814815,0.2078888888888889,0.12340740740740741,0.16422222222222224,0.2784814814814815,0.2784814814814815,0.2784814814814815,glob_probe,glob_probe,0.0,0.000222222222222207,8244,900
scidocs,100,100,False,31,2431096,False,3.047498480603669,2.9582116179836593,0.16174074074074074,0.27344444444444443,0.2050185185185185,0.12107407407407407,0.16040740740740742,0.27344444444444443,0.27344444444444443,0.27344444444444443,glob_probe,glob_probe,0.0,0.0013333333333333253,8145,900
scidocs,100,100,False,32,2432096,False,2.9258962605102434,2.9582116179836593,0.15988888888888886,0.27481481481481485,0.20761111111111114,0.12151851851851853,0.16011111111111115,0.27481481481481485,0.27481481481481485,0.27481481481481485,glob_probe,glob_probe,0.0,0.00022222222222229027,8114,900
scidocs,100,100,False,33,2433096,False,2.7820207053803427,2.9582116179836593,0.15774074074074074,0.2733888888888889,0.20546296296296299,0.12120370370370372,0.15935185185185188,0.2733888888888889,0.2733888888888889,0.2733888888888889,glob_probe,glob_probe,0.0,0.0016111111111111465,8093,900
scidocs,100,100,False,34,2434096,False,2.957783812770175,2.9582116179836593,0.15961111111111112,0.2744814814814815,0.2065,0.12057407407407408,0.15961111111111112,0.2744814814814815,0.2744814814814815,0.2744814814814815,glob_probe,glob_probe,0.0,0.0,8221,900
scidocs,100,100,False,35,2435096,False,3.1037234290793867,2.9582116179836593,0.16061111111111112,0.2722592592592593,0.2075,0.11985185185185185,0.15883333333333333,0.2722592592592593,0.2722592592592593,0.2722592592592593,glob_probe,glob_probe,0.0,0.0017777777777777948,8234,900
scidocs,100,100,False,36,2436096,False,3.0579947390113364,2.9582116179836593,0.1625,0.27487037037037043,0.20600000000000004,0.12301851851851853,0.1613888888888889,0.27487037037037043,0.27487037037037043,0.27487037037037043,glob_probe,glob_probe,0.0,0.0011111111111111183,8373,900
scidocs,100,100,False,37,2437096,False,3.0030769359536604,2.9582116179836593,0.15961111111111112,0.272037037037037,0.20483333333333334,0.11907407407407407,0.1585,0.272037037037037,0.272037037037037,0.272037037037037,glob_probe,glob_probe,0.0,0.0011111111111111183,8209,900
scidocs,100,100,False,38,2438096,False,2.906777490801536,2.9582116179836593,0.16188888888888892,0.277037037037037,0.20772222222222225,0.12107407407407407,0.16211111111111115,0.277037037037037,0.277037037037037,0.277037037037037,glob_probe,glob_probe,0.0,0.00022222222222223476,8272,900
scidocs,100,100,False,39,2439096,False,2.8368735974172914,2.9582116179836593,0.15744444444444447,0.27142592592592596,0.20377777777777778,0.11996296296296295,0.1578888888888889,0.27142592592592596,0.27142592592592596,0.27142592592592596,glob_probe,glob_probe,0.0,0.00044444444444444176,8015,900
scidocs,100,100,False,40,2440096,False,3.0324482295661905,2.9582116179836593,0.16316666666666665,0.27648148148148155,0.2078888888888889,0.12218518518518519,0.16227777777777777,0.27648148148148155,0.27648148148148155,0.27648148148148155,glob_probe,glob_probe,0.0,0.0008888888888888835,8386,900
scidocs,100,100,False,41,2441096,False,3.126376733358872,2.9582116179836593,0.1622777777777778,0.2720370370370371,0.20433333333333334,0.1207962962962963,0.16049999999999998,0.2720370370370371,0.2720370370370371,0.2720370370370371,glob_probe,glob_probe,0.0,0.0017777777777778225,8070,900
scidocs,100,100,False,42,2442096,False,2.834167244442172,2.9582116179836593,0.16122222222222224,0.27642592592592596,0.20755555555555558,0.12196296296296298,0.16166666666666665,0.27642592592592596,0.27642592592592596,0.27642592592592596,glob_probe,glob_probe,0.0,0.000444444444444414,8020,900
scidocs,100,100,False,43,2443096,False,2.8120862306284167,2.9582116179836593,0.1602222222222222,0.27664814814814814,0.2071111111111111,0.12212962962962963,0.16133333333333333,0.27664814814814814,0.27664814814814814,0.27664814814814814,glob_probe,glob_probe,0.0,0.0011111111111111183,8212,900
scidocs,100,100,False,44,2444096,False,2.940353779895803,2.9582116179836593,0.16068518518518518,0.2740555555555556,0.20646296296296296,0.12201851851851851,0.16068518518518518,0.2740555555555556,0.2740555555555556,0.2740555555555556,glob_probe,glob_probe,0.0,0.0,8184,900
scidocs,100,100,False,45,2445096,False,2.973041750771086,2.9582116179836593,0.15983333333333333,0.2728703703703704,0.20483333333333337,0.12129629629629629,0.1596111111111111,0.2728703703703704,0.2728703703703704,0.2728703703703704,glob_probe,glob_probe,0.0,0.00022222222222223476,8192,900
scidocs,100,100,False,46,2446096,False,2.9394678916375954,2.9582116179836593,0.1607777777777778,0.2733703703703704,0.2067222222222222,0.12268518518518519,0.1607777777777778,0.2733703703703704,0.2733703703703704,0.2733703703703704,glob_probe,glob_probe,0.0,0.0,8112,900
scidocs,100,100,False,47,2447096,False,2.9190186905918307,2.9582116179836593,0.16324074074074077,0.27772222222222226,0.2100740740740741,0.12492592592592593,0.16346296296296298,0.27772222222222226,0.27772222222222226,0.27772222222222226,glob_probe,glob_probe,0.0,0.000222222222222207,8154,900
scidocs,100,100,False,48,2448096,False,3.017141638971191,2.9582116179836593,0.16562962962962963,0.2786666666666667,0.2109074074074074,0.1247962962962963,0.16474074074074074,0.2786666666666667,0.2786666666666667,0.2786666666666667,glob_probe,glob_probe,0.0,0.0008888888888888835,8216,900
scidocs,100,100,False,49,2449096,False,2.866338936895702,2.9582116179836593,0.16144444444444445,0.2788148148148148,0.2107222222222222,0.12307407407407407,0.16166666666666665,0.2788148148148148,0.2788148148148148,0.2788148148148148,glob_probe,glob_probe,0.0,0.000222222222222207,8051,900
fiqa,5,5,False,0,2000479,False,0.9860972781725537,1.3805379175039527,0.34920902063203774,0.5774306003310669,0.53654249241341,0.3497274239498189,0.36989331301150896,0.5774306003310669,0.5774306003310669,0.5774306003310669,glob_probe,glob_probe,0.0,0.020684292379471225,432,643
fiqa,5,5,False,1,2001479,False,1.8652706369382215,1.3805379175039527,0.38709936598739086,0.5784674069666293,0.5371904965606366,0.34882021814370184,0.37002291384095426,0.5784674069666293,0.5784674069666293,0.5784674069666293,glob_probe,glob_probe,0.0,0.017076452146436605,468,643
fiqa,5,5,False,2,2002479,False,0.6476876284063566,1.3805379175039527,0.32273207611465776,0.5789858102844107,0.5392641098317614,0.3501162264381549,0.3718373254531886,0.5789858102844107,0.5789858102844107,0.5789858102844107,glob_probe,glob_probe,0.0,0.04910524933853083,402,643
fiqa,5,5,False,3,2003479,False,1.7586182024235761,1.3805379175039527,0.38501958124819713,0.5789858102844105,0.5377088998784177,0.3490794198025924,0.37002291384095426,0.5789858102844105,0.5789858102844105,0.5789858102844105,glob_probe,glob_probe,0.0,0.01499666740724287,419,643
fiqa,5,5,False,4,2004479,False,1.8496631713330114,1.3805379175039527,0.38839537428184395,0.5792450119433012,0.5379681015373083,0.3495978231203737,0.37131892213540735,0.5792450119433012,0.5792450119433012,0.5792450119433012,glob_probe,glob_probe,0.0,0.017076452146436605,428,643
fiqa,5,5,False,5,2005479,False,1.168321287556529,1.3805379175039527,0.35761579443539004,0.577949003648848,0.5371904965606366,0.34778341150813935,0.369504510523173,0.577949003648848,0.577949003648848,0.577949003648848,glob_probe,glob_probe,0.0,0.011888716087782969,419,643
fiqa,5,5,False,6,2006479,False,1.400373578682243,1.3805379175039527,0.3720965271120792,0.5815778268733167,0.5403009164673238,0.3503754280970455,0.3720965271120792,0.5815778268733167,0.5815778268733167,0.3720965271120792,glob_probe,ad_probe,0.0,0.0,479,643
fiqa,5,5,False,7,2007479,False,1.3402199266868873,1.3805379175039527,0.37055427724168,0.5805410202377543,0.5392641098317614,0.35167143639149856,0.3726149304298604,0.5805410202377543,0.5805410202377543,0.5805410202377543,glob_probe,glob_probe,0.0,0.0020606531881803836,454,643
fiqa,5,5,False,8,2008479,False,1.2614349595165681,1.3805379175039527,0.36666625235832073,0.577430600331067,0.5356352866072928,0.3503754280970455,0.3720965271120792,0.577430600331067,0.5356352866072928,0.577430600331067,trunc,glob_probe,0.04179531372377421,0.005430274753758457,480,643
fiqa,5,5,False,9,2009479,False,1.1471967265129193,1.3805379175039527,0.3599486093654056,0.5782082053077388,0.536931294901746,0.3501162264381549,0.37183732545318854,0.5782082053077388,0.5782082053077388,0.5782082053077388,glob_probe,glob_probe,0.0,0.011888716087782913,442,643
fiqa,5,5,False,10,2010479,False,1.3825036312238927,1.3805379175039527,0.3720965271120792,0.5808002218966449,0.5395233114906521,0.3503754280970455,0.3720965271120792,0.5808002218966449,0.5808002218966449,0.5808002218966449,glob_probe,glob_probe,0.0,0.0,469,643
fiqa,5,5,False,11,2011479,False,1.1821931015031193,1.3805379175039527,0.36046701268318687,0.5793746127727466,0.5380977023667537,0.3505050289264908,0.37067091798818075,0.5793746127727466,0.5793746127727466,0.5793746127727466,glob_probe,glob_probe,0.0,0.010203905304993877,412,643
fiqa,5,5,False,12,2012479,False,1.29322655895225,1.3805379175039527,0.3694137899425613,0.5793832528280429,0.5396615523753938,0.350876551304234,0.3722520481074136,0.5793832528280429,0.5793832528280429,0.5793832528280429,glob_probe,glob_probe,0.0,0.002838258164852281,452,643
fiqa,5,5,False,13,2013479,False,0.8802410232163347,1.3805379175039527,0.34065536588864737,0.5797634152610824,0.5384865048550896,0.34933862146148303,0.3710597204765167,0.5797634152610824,0.5797634152610824,0.5797634152610824,glob_probe,glob_probe,0.0,0.03040435458786933,462,643
fiqa,5,5,False,14,2014479,False,1.45843961214788,1.3805379175039527,0.374753344115708,0.5805410202377543,0.5400417148084333,0.3508938314148267,0.3726149304298604,0.5805410202377543,0.5805410202377543,0.5805410202377543,glob_probe,glob_probe,0.0,0.0021384136858476066,470,643
fiqa,5,5,False,15,2015479,False,2.960280826491148,1.3805379175039527,0.420738186990131,0.577949003648848,0.538227303196199,0.349753344115708,0.37116340114007296,0.577949003648848,0.577949003648848,0.577949003648848,glob_probe,glob_probe,0.0,0.049574785850058034,487,643
fiqa,5,5,False,16,2016479,False,2.6867144741635043,1.3805379175039527,0.41395821216972073,0.5803077387447527,0.5374756183854162,0.3491053399684815,0.37082643898351514,0.5803077387447527,0.5374756183854162,0.41395821216972073,trunc,ad_probe,0.04283212035933648,0.04313177318620559,451,643
fiqa,5,5,False,17,2017479,False,0.7581861123213338,1.3805379175039527,0.33293233464306554,0.5802818185788636,0.5403009164673238,0.35244904136817046,0.3741701403832042,0.5802818185788636,0.5802818185788636,0.5802818185788636,glob_probe,glob_probe,0.0,0.04123780574013863,421,643
fiqa,5,5,False,18,2018479,False,0.9885824014258825,1.3805379175039527,0.35244904136817046,0.5808002218966449,0.5395233114906521,0.35244904136817046,0.37417014038320406,0.5808002218966449,0.5808002218966449,0.5808002218966449,glob_probe,glob_probe,0.0,0.021721099015033607,464,643
fiqa,5,5,False,19,2019479,False,0.7501974476729079,1.3805379175039527,0.3259338898530189,0.577430600331067,0.5361536899250741,0.3462282015547956,0.36794930056982933,0.577430600331067,0.577430600331067,0.3259338898530189,glob_probe,ad_probe,0.0,0.04201541071681042,430,643
fiqa,5,5,False,20,2020479,False,0.9209079068692961,1.3805379175039527,0.3437657857953348,0.5805410202377542,0.5396529123200974,0.3501162264381549,0.37183732545318854,0.5805410202377542,0.5805410202377542,0.5805410202377542,glob_probe,glob_probe,0.0,0.02807153965785375,447,643
fiqa,5,5,False,21,2021479,False,1.4182465464865632,1.3805379175039527,0.3709301196470714,0.5795042136021918,0.5382273031961989,0.34882021814370184,0.3705413171587355,0.5795042136021918,0.5795042136021918,0.5795042136021918,glob_probe,glob_probe,0.0,0.00038880248833589315,465,643
fiqa,5,5,False,22,2022479,False,1.2571946178947808,1.3805379175039527,0.36614784904053954,0.580022616919973,0.5392641098317614,0.3498570247792642,0.371578123794298,0.580022616919973,0.580022616919973,0.580022616919973,glob_probe,glob_probe,0.0,0.005430274753758457,407,643
fiqa,5,5,False,23,2023479,False,1.2484530177627036,1.3805379175039527,0.36666625235832073,0.580022616919973,0.5387457065139802,0.3503754280970455,0.3720965271120792,0.580022616919973,0.580022616919973,0.580022616919973,glob_probe,glob_probe,0.0,0.005430274753758457,462,643
fiqa,5,5,False,24,2024479,False,2.0572747059256455,1.3805379175039527,0.3942533317727719,0.5807743017307558,0.5379421813714194,0.35066054992182516,0.37160404396018704,0.5807743017307558,0.5379421813714194,0.5807743017307558,trunc,glob_probe,0.04283212035933648,0.02264928781258485,442,643
fiqa,5,5,False,25,2025479,False,2.061060603193708,1.3805379175039527,0.3928450027594662,0.5767393959073586,0.5352896843954387,0.34864741703777474,0.37036851605280846,0.5767393959073586,0.5352896843954387,0.5767393959073586,trunc,glob_probe,0.041449711511919896,0.02247648670665775,502,643
fiqa,5,5,False,26,2026479,False,0.523348900475662,1.3805379175039527,0.3034326611698307,0.5789858102844107,0.5377088998784177,0.34817221399647524,0.36989331301150896,0.5789858102844107,0.5789858102844107,0.5789858102844107,glob_probe,glob_probe,0.0,0.06646065184167826,432,643
fiqa,5,5,False,27,2027479,False,1.6686320612720997,1.3805379175039527,0.38218132308334485,0.5798930160905278,0.538616105684535,0.3497274239498189,0.37144852296485265,0.5798930160905278,0.5798930160905278,0.5798930160905278,glob_probe,glob_probe,0.0,0.010732800118492203,439,643
fiqa,5,5,False,28,2028479,False,0.7649060349598333,1.3805379175039527,0.3319721103158117,0.5792450119433012,0.5379681015373085,0.3501162264381549,0.37183732545318854,0.5792450119433012,0.5792450119433012,0.5792450119433012,glob_probe,glob_probe,0.0,0.03986521513737684,453,643
fiqa,5,5,False,29,2029479,False,0.806524844005931,1.3805379175039527,0.33897055510585833,0.580022616919973,0.5395233114906521,0.35115303307371737,0.37287413208875103,0.580022616919973,0.580022616919973,0.580022616919973,glob_probe,glob_probe,0.0,0.0339035769828927,443,643
fiqa,5,5,False,30,2030479,False,1.4182465464865632,1.3805379175039527,0.3731592539135307,0.5803854992424199,0.5391085888364271,0.3510493524101611,0.37277045142519477,0.5803854992424199,0.5803854992424199,0.5803854992424199,glob_probe,glob_probe,0.0,0.00038880248833594866,431,643
fiqa,5,5,False,31,2031479,False,1.317132227923749,1.3805379175039527,0.3689990672883363,0.5797634152610824,0.5392641098317614,0.3501162264381549,0.37183732545318854,0.5797634152610824,0.5797634152610824,0.5797634152610824,glob_probe,glob_probe,0.0,0.0028382581648522254,449,643
fiqa,5,5,False,32,2032479,False,1.3422123455907788,1.3805379175039527,0.3677030589938832,0.5766529953543951,0.5364128915839647,0.34882021814370184,0.3697637121820636,0.5766529953543951,0.5766529953543951,0.5766529953543951,glob_probe,glob_probe,0.0,0.0020606531881803836,394,643
fiqa,5,5,False,33,2033479,False,1.240044345576228,1.3805379175039527,0.3664070506994302,0.5793314124962647,0.5385729054080532,0.350461828650009,0.3718373254531886,0.5793314124962647,0.5793314124962647,0.5793314124962647,glob_probe,glob_probe,0.0,0.005430274753758402,427,643
fiqa,5,5,False,34,2034479,False,1.0822050044876372,1.3805379175039527,0.3541326178573457,0.5792079831348883,0.5387086777055673,0.34944970788672186,0.3711708069017555,0.5792079831348883,0.5792079831348883,0.5792079831348883,glob_probe,glob_probe,0.0,0.017038189044409846,440,643
fiqa,5,5,False,35,2035479,False,1.7465317282179016,1.3805379175039527,0.38508438166291975,0.5793746127727465,0.5373200973900818,0.3501162264381549,0.3710597204765167,0.5793746127727465,0.5373200973900818,0.5793746127727465,trunc,glob_probe,0.04205451538266469,0.014024661186403053,451,643
fiqa,5,5,False,36,2036479,False,1.0076588876637749,1.3805379175039527,0.35128263390316267,0.5782082053077388,0.5392641098317614,0.35128263390316267,0.37300373291819633,0.5782082053077388,0.5782082053077388,0.5782082053077388,glob_probe,glob_probe,0.0,0.021721099015033662,424,643
fiqa,5,5,False,37,2037479,False,1.1079375509283311,1.3805379175039527,0.3571319513387943,0.5789858102844105,0.5388753073434255,0.3505050289264908,0.3722261279415245,0.5789858102844105,0.5789858102844105,0.5789858102844105,glob_probe,glob_probe,0.0,0.015094176602730214,456,643
fiqa,5,5,False,38,2038479,False,1.511366710275998,1.3805379175039527,0.37483110461337515,0.578337806137184,0.5378385007078631,0.34933862146148303,0.3706709179881808,0.578337806137184,0.578337806137184,0.578337806137184,glob_probe,glob_probe,0.0,0.004160186625194351,421,643
fiqa,5,5,False,39,2039479,False,1.2550128312588733,1.3805379175039527,0.3656294457227583,0.577430600331067,0.5361536899250741,0.34933862146148303,0.37105972047651675,0.577430600331067,0.577430600331067,0.577430600331067,glob_probe,glob_probe,0.0,0.005430274753758457,403,643
fiqa,5,5,False,40,2040479,False,0.9578787726293034,1.3805379175039527,0.3472650081903581,0.582485032679434,0.5412081222734411,0.35167143639149856,0.3733925354065323,0.582485032679434,0.582485032679434,0.582485032679434,glob_probe,glob_probe,0.0,0.026127527216174173,487,643
fiqa,5,5,False,41,2041479,False,1.3515377835058562,1.3805379175039527,0.37064067779464355,0.5795906141551552,0.5381409026432356,0.3502026269911184,0.3719237260061521,0.5795906141551552,0.5381409026432356,0.5795906141551552,trunc,glob_probe,0.041449711511919674,0.0012830482115085418,473,643
fiqa,5,5,False,42,2042479,False,1.4655630865813123,1.3805379175039527,0.37553094909237983,0.5817851882004292,0.5406637987897708,0.3508938314148267,0.37261493042986044,0.5817851882004292,0.5817851882004292,0.5817851882004292,glob_probe,glob_probe,0.0,0.002916018662519393,494,643
fiqa,5,5,False,43,2043479,False,0.7319181806387024,1.3805379175039527,0.3264127396709045,0.5784674069666293,0.5371904965606366,0.3472650081903581,0.36898610720539177,0.5784674069666293,0.5784674069666293,0.3264127396709045,glob_probe,ad_probe,0.0,0.04257336753448726,495,643
fiqa,5,5,False,44,2044479,False,2.405462268772482,1.3805379175039527,0.4072967295362318,0.5794264531045246,0.539056748504649,0.3513085540690517,0.3727186110934167,0.5794264531045246,0.5794264531045246,0.5794264531045246,glob_probe,glob_probe,0.0,0.03457811844281511,477,643
fiqa,5,5,False,45,2045479,False,1.4549845947827038,1.3805379175039527,0.37319813416236425,0.5805410202377542,0.5392641098317614,0.34933862146148303,0.3710597204765167,0.5805410202377542,0.5805410202377542,0.37319813416236425,glob_probe,ad_probe,0.0,0.002138413685847551,477,643
fiqa,5,5,False,46,2046479,False,1.4528422949517878,1.3805379175039527,0.3724205291856924,0.5786747682937419,0.5377088998784177,0.3485610164848112,0.37028211549984485,0.5786747682937419,0.5786747682937419,0.5786747682937419,glob_probe,glob_probe,0.0,0.002138413685847551,447,643
fiqa,5,5,False,47,2047479,False,1.2300402921202138,1.3805379175039527,0.3643334374283052,0.5776898019899575,0.5364128915839648,0.34804261316703,0.3697637121820636,0.5776898019899575,0.5776898019899575,0.5776898019899575,glob_probe,glob_probe,0.0,0.005430274753758402,431,643
fiqa,5,5,False,48,2048479,False,1.29322655895225,1.3805379175039527,0.3673920170032145,0.5784155666348513,0.5376570595466397,0.3492867811297049,0.3702302751680668,0.5784155666348513,0.5784155666348513,0.5784155666348513,glob_probe,glob_probe,0.0,0.002838258164852281,433,643
fiqa,5,5,False,49,2049479,False,1.9452067095634331,1.3805379175039527,0.3929227632571334,0.5814395859885751,0.5393850706059105,0.3514986352855715,0.37304693319467813,0.5814395859885751,0.5393850706059105,0.5814395859885751,trunc,glob_probe,0.04205451538266469,0.019875830062455246,487,643
fiqa,10,10,False,0,213,False,1.5435079081606695,1.3805379175039527,0.3766304228686674,0.5776642331893115,0.5368475350842122,0.3496319902667865,0.3707396182709662,0.5776642331893115,0.5776642331893115,0.5776642331893115,glob_probe,glob_probe,0.0,0.005890804597701194,846,638
fiqa,10,10,False,1,1213,False,1.775221631462609,1.3805379175039527,0.3863128381545309,0.5801272873765037,0.5393105892714044,0.34982978098181855,0.3717211080455594,0.5801272873765037,0.5801272873765037,0.5801272873765037,glob_probe,glob_probe,0.0,0.014591730108971468,893,638
fiqa,10,10,False,2,2213,False,1.6012677904893957,1.3805379175039527,0.3725439920580986,0.5759475590588443,0.5343471618941839,0.3452843264363641,0.3671756535001049,0.5759475590588443,0.5759475590588443,0.5759475590588443,glob_probe,glob_probe,0.0,0.005368338557993735,957,638
fiqa,10,10,False,3,3213,False,1.2136583399347272,1.3805379175039527,0.35961295757534,0.5777761901978203,0.5361757930331598,0.34711295757534,0.3674368865199586,0.5777761901978203,0.5777761901978203,0.5777761901978203,glob_probe,glob_probe,0.0,0.007823928944618586,861,638
fiqa,10,10,False,4,4213,False,1.211220330590331,1.3805379175039527,0.36222528777387714,0.5785598892573814,0.5369594920927209,0.3494640547540234,0.3692655176589346,0.5785598892573814,0.5785598892573814,0.5785598892573814,glob_probe,glob_probe,0.0,0.007040229885057481,910,638
fiqa,10,10,False,5,5213,False,1.4564208290058844,1.3805379175039527,0.3735105542315574,0.5796048213367962,0.5387881232316969,0.3494640547540234,0.3713553818177643,0.5796048213367962,0.5796048213367962,0.5796048213367962,glob_probe,glob_probe,0.0,0.002155172413793094,924,638
fiqa,10,10,False,6,6213,False,1.432602116947864,1.3805379175039527,0.37200846436739854,0.580780369926138,0.5391799727614774,0.35050898683343823,0.3708329157780569,0.580780369926138,0.580780369926138,0.580780369926138,glob_probe,glob_probe,0.0,0.0011755485893416573,888,638
fiqa,10,10,False,7,7213,False,0.716122013218469,1.3805379175039527,0.3282916273903735,0.5777761901978202,0.5385268902118432,0.35050898683343823,0.37240031389717915,0.5777761901978202,0.5777761901978202,0.5777761901978202,glob_probe,glob_probe,0.0,0.04410868650680566,811,638
fiqa,10,10,False,8,8213,False,1.6066316645353163,1.3805379175039527,0.3775074194353191,0.5785598892573814,0.5382656571919895,0.34946405475402337,0.3713553818177643,0.5785598892573814,0.5785598892573814,0.5785598892573814,glob_probe,glob_probe,0.0,0.00615203761755484,895,638
fiqa,10,10,False,9,9213,False,1.8451544546189336,1.3805379175039527,0.3866847842161322,0.578324779539513,0.5371162319046332,0.3492028217341697,0.3694745040748175,0.578324779539513,0.578324779539513,0.578324779539513,glob_probe,glob_probe,0.0,0.017210280141314704,934,638
fiqa,10,10,False,10,10213,False,2.308811868736773,1.3805379175039527,0.40638175391310183,0.580475598069642,0.5397895164744695,0.3533390112151868,0.37488202758578937,0.580475598069642,0.580475598069642,0.580475598069642,glob_probe,glob_probe,0.0,0.03149972632731246,899,638
fiqa,10,10,False,11,11213,False,1.0824964015183678,1.3805379175039527,0.3533477189825152,0.5788994921831913,0.5372990950185307,0.3486281090904915,0.37012758662445183,0.5788994921831913,0.5788994921831913,0.5788994921831913,glob_probe,glob_probe,0.0,0.01677986764193662,883,638
fiqa,10,10,False,12,12213,False,1.701391458452304,1.3805379175039527,0.3815845204951788,0.5786905057673083,0.5370901086026477,0.3497252877738771,0.3708329157780569,0.5786905057673083,0.5786905057673083,0.5786905057673083,glob_probe,glob_probe,0.0,0.010751604717121943,941,638
fiqa,10,10,False,13,13213,False,2.3028250265086765,1.3805379175039527,0.4035641691989654,0.5789554706874457,0.538250729590855,0.35118072888449064,0.3715046578291092,0.5789554706874457,0.5789554706874457,0.5789554706874457,glob_probe,glob_probe,0.0,0.032059511369856186,951,638
fiqa,10,10,False,14,14213,False,1.3720949673580147,1.3805379175039527,0.37059780606018855,0.578324779539513,0.5367243823748525,0.34896771201630133,0.3708590390800422,0.578324779539513,0.578324779539513,0.578324779539513,glob_probe,glob_probe,0.0,0.0002612330198536461,935,638
fiqa,10,10,False,15,15213,False,1.7076490074162343,1.3805379175039527,0.3843013439016574,0.57986605435665,0.5380044241721358,0.35118819268505785,0.3719823410654131,0.57986605435665,0.5380044241721358,0.57986605435665,trunc,glob_probe,0.041861630184514165,0.012319002836244264,929,638
fiqa,10,10,False,16,16213,False,1.3886331429614227,1.3805379175039527,0.37109414879791053,0.5779721149627105,0.5379391159171724,0.3492028217341697,0.37109414879791053,0.5779721149627105,0.5779721149627105,0.5779721149627105,glob_probe,glob_probe,0.0,0.0,855,638
fiqa,10,10,False,17,17213,False,1.866926350023932,1.3805379175039527,0.38939685793134066,0.5797995586788691,0.5393295880364847,0.35128793620172927,0.3723433176019383,0.5797995586788691,0.5797995586788691,0.5797995586788691,glob_probe,glob_probe,0.0,0.017053540329402372,848,638
fiqa,10,10,False,18,18213,False,0.9541697592069727,1.3805379175039527,0.3458268873237525,0.581332978237367,0.5397325810727064,0.35026784866126554,0.3713754766654453,0.581332978237367,0.581332978237367,0.581332978237367,glob_probe,glob_probe,0.0,0.025548589341692796,887,638
fiqa,10,10,False,19,19213,False,1.461161674665401,1.3805379175039527,0.37240964364788814,0.5783546347417821,0.5374259796281741,0.34836314417035424,0.37025447123409505,0.5783546347417821,0.5783546347417821,0.5783546347417821,glob_probe,glob_probe,0.0,0.002155172413793094,910,638
fiqa,10,10,False,20,20213,False,1.301782822974523,1.3805379175039527,0.36875611327021984,0.5784292727474546,0.5376125746423552,0.35129268589299933,0.371616614837618,0.5784292727474546,0.5784292727474546,0.5784292727474546,glob_probe,glob_probe,0.0,0.0028605015673981438,936,638
fiqa,10,10,False,21,21213,False,1.5743819918572348,1.3805379175039527,0.37519364125947197,0.5779254662091653,0.5363250690445048,0.34741150959802997,0.36930283666177083,0.5779254662091653,0.5779254662091653,0.5779254662091653,glob_probe,glob_probe,0.0,0.005890804597701138,887,638
fiqa,10,10,False,22,22213,False,0.8883115876233185,1.3805379175039527,0.3392759669797287,0.5772537241581129,0.5359145600133061,0.34802727314482795,0.3699186002085688,0.5772537241581129,0.5772537241581129,0.5772537241581129,glob_probe,glob_probe,0.0,0.030642633228840088,869,638
fiqa,10,10,False,23,23213,False,1.679067955604272,1.3805379175039527,0.3816498287501422,0.5803885203963575,0.539571822291258,0.34894158871431596,0.3708329157780569,0.5803885203963575,0.5803885203963575,0.5803885203963575,glob_probe,glob_probe,0.0,0.010816912972085313,898,638
fiqa,10,10,False,24,24213,False,1.5443593976986372,1.3805379175039527,0.37445099310303076,0.5775672037819374,0.5359668066172769,0.34706071097136926,0.36856018850532957,0.5775672037819374,0.5775672037819374,0.5775672037819374,glob_probe,glob_probe,0.0,0.005890804597701194,959,638
fiqa,10,10,False,25,25213,False,1.2875866852412328,1.3805379175039527,0.3683642637404393,0.57986605435665,0.5382656571919894,0.3497252877738771,0.37161661483761793,0.57986605435665,0.57986605435665,0.57986605435665,glob_probe,glob_probe,0.0,0.0032523510971786407,889,638
fiqa,10,10,False,26,26213,False,1.5997104477634605,1.3805379175039527,0.37849637301047956,0.579101014798507,0.5390680157529687,0.35045300832918386,0.37234433539292466,0.579101014798507,0.579101014798507,0.579101014798507,glob_probe,glob_probe,0.0,0.006152037617554895,899,638
fiqa,10,10,False,27,27213,False,1.6425942182826918,1.3805379175039527,0.3802503661437831,0.5788211222772351,0.5372207251125747,0.3485497391845354,0.37044106624827633,0.5788211222772351,0.5788211222772351,0.5788211222772351,glob_probe,glob_probe,0.0,0.009809299895506773,911,638
fiqa,10,10,False,28,28213,False,0.9677275055433037,1.3805379175039527,0.3442393943569492,0.5767312581184054,0.5376125746423552,0.3486803556944622,0.3705716827582031,0.5767312581184054,0.5767312581184054,0.5767312581184054,glob_probe,glob_probe,0.0,0.0263322884012539,845,638
fiqa,10,10,False,29,29213,False,1.9178829254873557,1.3805379175039527,0.39138697857349897,0.5799966708665769,0.5383962737019163,0.35077021985329193,0.3721390808773254,0.5799966708665769,0.5799966708665769,0.5799966708665769,glob_probe,glob_probe,0.0,0.019247897696173577,919,638
fiqa,10,10,False,30,30213,False,0.7479795241524156,1.3805379175039527,0.33188425994068627,0.5830008505948945,0.541400453430234,0.3523376179724142,0.37422894503615506,0.5830008505948945,0.5830008505948945,0.5830008505948945,glob_probe,glob_probe,0.0,0.04234468509546879,879,638
fiqa,10,10,False,31,31213,False,1.4040856372800468,1.3805379175039527,0.3713553818177643,0.5819559185154797,0.5403555213508191,0.3494640547540234,0.3713553818177643,0.5819559185154797,0.5819559185154797,0.5819559185154797,glob_probe,glob_probe,0.0,0.0,879,638
fiqa,10,10,False,32,32213,False,1.680028484437993,1.3805379175039527,0.38298211715139613,0.5815248840327211,0.5399244868680606,0.3502738771155699,0.37216520417931076,0.5815248840327211,0.5815248840327211,0.5815248840327211,glob_probe,glob_probe,0.0,0.010816912972085369,943,638
fiqa,10,10,False,33,33213,False,0.8281124368277628,1.3805379175039527,0.3398245563214215,0.5784292727474546,0.536828875582794,0.3502477538135846,0.37187784785747163,0.5784292727474546,0.5784292727474546,0.5784292727474546,glob_probe,glob_probe,0.0,0.03205329153605013,842,638
fiqa,10,10,False,34,34213,False,0.7586115149146117,1.3805379175039527,0.33240672598039367,0.5827396175750408,0.5411392204103803,0.3520763849525605,0.3739677120163014,0.5827396175750408,0.5827396175750408,0.5827396175750408,glob_probe,glob_probe,0.0,0.04156098603590774,896,638
fiqa,10,10,False,35,35213,False,1.081080871173594,1.3805379175039527,0.34827979839735324,0.5749548735834002,0.5333544764187398,0.34356018850532954,0.3654515155690704,0.5749548735834002,0.5749548735834002,0.5749548735834002,glob_probe,glob_probe,0.0,0.01717171717171717,876,638
fiqa,10,10,False,36,36213,False,1.517722148847494,1.3805379175039527,0.37527201116542813,0.5796645317413343,0.5390717476532523,0.34788172903376663,0.3697730560975075,0.5796645317413343,0.5796645317413343,0.5796645317413343,glob_probe,glob_probe,0.0,0.005498955067920641,922,638
fiqa,10,10,False,37,37213,False,1.5866650495403956,1.3805379175039527,0.3765931038658311,0.5775149571779665,0.5377431911522821,0.3494640547540234,0.37070229926813,0.5775149571779665,0.5775149571779665,0.5775149571779665,glob_probe,glob_probe,0.0,0.005890804597701138,837,638
fiqa,10,10,False,38,38213,False,1.1806601321452135,1.3805379175039527,0.3588510279341,0.5776455736878935,0.5360451765232329,0.3493334382440965,0.37044106624827633,0.5776455736878935,0.5776455736878935,0.5776455736878935,glob_probe,glob_probe,0.0,0.01159003831417632,887,638
fiqa,10,10,False,39,39213,False,1.1463478759215762,1.3805379175039527,0.36214256398425676,0.5804146436983427,0.541687809752073,0.35223312476447277,0.3741244518282136,0.5804146436983427,0.5804146436983427,0.5804146436983427,glob_probe,glob_probe,0.0,0.011981887843956818,885,638
fiqa,10,10,False,40,40213,False,1.8573284059483632,1.3805379175039527,0.38725949685981026,0.5773843406680398,0.5365676425629404,0.34894158871431596,0.37044106624827633,0.5773843406680398,0.5773843406680398,0.5773843406680398,glob_probe,glob_probe,0.0,0.01681843061153393,934,638
fiqa,10,10,False,41,41213,False,1.3909294652899007,1.3805379175039527,0.3700492167184957,0.5782986562375277,0.5390493562515506,0.348941588714316,0.3700492167184957,0.5782986562375277,0.5782986562375277,0.5782986562375277,glob_probe,glob_probe,0.0,0.0,928,638
fiqa,10,10,False,42,42213,False,1.536567384306304,1.3805379175039527,0.3754959251824455,0.5779329300097326,0.5378868693132015,0.3484974925805647,0.37038881964430553,0.5779329300097326,0.5779329300097326,0.5779329300097326,glob_probe,glob_probe,0.0,0.005107105538139978,840,638
fiqa,10,10,False,43,43213,False,1.6069150956925395,1.3805379175039527,0.378552351514734,0.5810416029459916,0.5402249048408924,0.35129268589299933,0.37240031389717915,0.5810416029459916,0.5810416029459916,0.5810416029459916,glob_probe,glob_probe,0.0,0.00615203761755484,932,638
fiqa,10,10,False,44,44213,False,0.8991401960729386,1.3805379175039527,0.3409739816087778,0.5757609640446631,0.5357279649991249,0.3497252877738771,0.371616614837618,0.5757609640446631,0.5757609640446631,0.5757609640446631,glob_probe,glob_probe,0.0,0.0306426332288402,799,638
fiqa,10,10,False,45,45213,False,1.3117552842126519,1.3805379175039527,0.3666340973551005,0.5779891955832395,0.5369112644582864,0.3476032718587577,0.3694945989224986,0.5779891955832395,0.5779891955832395,0.5779891955832395,glob_probe,glob_probe,0.0,0.0028605015673980883,894,638
fiqa,10,10,False,46,46213,False,1.1152606981430586,1.3805379175039527,0.3569788579584818,0.5760781755687713,0.5360451765232329,0.350770219853292,0.3718778478574717,0.5760781755687713,0.5760781755687713,0.5760781755687713,glob_probe,glob_probe,0.0,0.014898989898989912,867,638
fiqa,10,10,False,47,47213,False,1.3461120924616403,1.3805379175039527,0.3708459774290495,0.5816946854956259,0.5400942883309655,0.35103145287314563,0.3729227799368865,0.5816946854956259,0.5816946854956259,0.5816946854956259,glob_probe,glob_probe,0.0,0.0020768025078369834,921,638
fiqa,10,10,False,48,48213,False,1.2275958036489873,1.3805379175039527,0.3661437830716827,0.578951738787162,0.536959492092721,0.35129268589299933,0.371616614837618,0.578951738787162,0.536959492092721,0.578951738787162,trunc,glob_probe,0.041992246694441016,0.005472831765935271,889,638
fiqa,10,10,False,49,49213,False,1.8763829158436682,1.3805379175039527,0.3882391206842617,0.5812505893618746,0.5394542674323238,0.3493334382440965,0.37122476530783743,0.5812505893618746,0.5394542674323238,0.5812505893618746,trunc,glob_probe,0.04179632192955074,0.01701435537642426,932,638
fiqa,20,20,False,0,2200803,False,1.0781757835527443,1.3805379175039527,0.3487654993626331,0.5746268372462641,0.5363449050949051,0.3439707364468511,0.36603372300028353,0.5746268372462641,0.5746268372462641,0.5746268372462641,glob_probe,glob_probe,0.0,0.017268223637650404,1761,628
fiqa,20,20,False,1,2201803,False,1.5641712366247753,1.3805379175039527,0.3774146501057329,0.5781521380247495,0.5362874033256199,0.3501853507426756,0.3724252658169856,0.5781521380247495,0.5781521380247495,0.5781521380247495,glob_probe,glob_probe,0.0,0.0049893842887472895,1817,628
fiqa,20,20,False,2,2202803,False,1.210224927701273,1.3805379175039527,0.3609868369422509,0.575723794075705,0.5347879341111825,0.34749161401231465,0.3689353507426756,0.575723794075705,0.575723794075705,0.575723794075705,glob_probe,glob_probe,0.0,0.007948513800424661,1828,628
fiqa,20,20,False,3,2203803,False,1.2079678364412627,1.3805379175039527,0.36754203864076473,0.5839598167225556,0.5405823431699228,0.3536044944086345,0.3754905524411894,0.5839598167225556,0.5405823431699228,0.5839598167225556,trunc,glob_probe,0.04337747355263277,0.007948513800424661,1852,628
fiqa,20,20,False,4,2204803,False,1.3327449466506947,1.3805379175039527,0.3669316352437372,0.5776877006574459,0.5370172334742399,0.3475977711248412,0.36824532951125305,0.5776877006574459,0.5776877006574459,0.5776877006574459,glob_probe,glob_probe,0.0,0.0013136942675158747,1810,628
fiqa,20,20,False,5,2205803,False,1.1747368687328326,1.3805379175039527,0.3645652162769997,0.5841898237996964,0.5439174457884649,0.3540998942670917,0.3763398093414017,0.5841898237996964,0.5841898237996964,0.5841898237996964,glob_probe,glob_probe,0.0,0.011774593064401984,1811,628
fiqa,20,20,False,6,2206803,False,1.1412715458052918,1.3805379175039527,0.35618638703829786,0.5800383224348193,0.5380408913450315,0.34850768923221154,0.3683590692746744,0.5800383224348193,0.5800383224348193,0.5800383224348193,glob_probe,glob_probe,0.0,0.01217268223637652,1831,628
fiqa,20,20,False,7,2207803,False,2.0893469355711174,1.3805379175039527,0.3900555610348604,0.5751664692349405,0.5329301846419681,0.34828779235626367,0.3670245227171979,0.5751664692349405,0.5751664692349405,0.5751664692349405,glob_probe,glob_probe,0.0,0.02303103831766251,1842,628
fiqa,20,20,False,8,2208803,False,2.232428466204759,1.3805379175039527,0.39987509394356524,0.5817747494897176,0.5386361294402695,0.34754469256857795,0.3697846076428879,0.5817747494897176,0.5386361294402695,0.5817747494897176,trunc,glob_probe,0.04313862004944813,0.030090486300677344,1879,628
fiqa,20,20,False,9,2209803,False,1.459393396612009,1.3805379175039527,0.37438917239872654,0.5827390099285004,0.5412723644013453,0.35031362392031185,0.3721996819528667,0.5827390099285004,0.5827390099285004,0.5827390099285004,glob_probe,glob_probe,0.0,0.002189490445859865,1793,628
fiqa,20,20,False,10,2210803,False,1.0023460486387537,1.3805379175039527,0.3499597668785566,0.581456278152138,0.5406531145782738,0.3499597668785566,0.3721996819528667,0.581456278152138,0.581456278152138,0.581456278152138,glob_probe,glob_probe,0.0,0.022239915074310057,1829,628
fiqa,20,20,False,11,2211803,False,1.4202121447438067,1.3805379175039527,0.37103195371507475,0.5798108429079767,0.5391403757247707,0.34839394946879026,0.3706338645431002,0.5798108429079767,0.5798108429079767,0.5798108429079767,glob_probe,glob_probe,0.0,0.0003980891719745361,1755,628
fiqa,20,20,False,12,2212803,False,1.3088295252534068,1.3805379175039527,0.3679401278127393,0.5799700785767664,0.5389280614997175,0.3489247350314229,0.3700500004242043,0.5799700785767664,0.5799700785767664,0.5799700785767664,glob_probe,glob_probe,0.0,0.002109872611464947,1784,628
fiqa,20,20,False,13,2213803,False,1.0270342246607362,1.3805379175039527,0.35096825944755883,0.5777104486101302,0.5354476247390261,0.3498536097660302,0.37050116815244205,0.5777104486101302,0.5777104486101302,0.5777104486101302,glob_probe,glob_probe,0.0,0.019532908704883223,1826,628
fiqa,20,20,False,14,2214803,False,0.8500818870256266,1.3805379175039527,0.33578779235626366,0.5787492717827113,0.5378134118181889,0.34547462887431035,0.36771454394862035,0.5787492717827113,0.5787492717827113,0.5787492717827113,glob_probe,glob_probe,0.0,0.031926751592356695,1756,628
fiqa,20,20,False,15,2215803,False,1.832374450717217,1.3805379175039527,0.3854756398944297,0.579592209807178,0.5369312967640993,0.34761799152722717,0.36799131070627883,0.579592209807178,0.5369312967640993,0.579592209807178,trunc,glob_probe,0.04266091304307862,0.01748432918815085,1805,628
fiqa,20,20,False,16,2216803,False,1.3692424252365498,1.3805379175039527,0.3722262212309983,0.5780289199477098,0.5381546311084527,0.3506497881099792,0.3724916140123147,0.5780289199477098,0.5780289199477098,0.5780289199477098,glob_probe,glob_probe,0.0,0.0002653927813163759,1788,628
fiqa,20,20,False,17,2217803,False,1.9922725381596387,1.3805379175039527,0.39049156346130864,0.5811984680217165,0.5387650345054804,0.34697220242602406,0.36921211750033406,0.5811984680217165,0.5387650345054804,0.5811984680217165,trunc,glob_probe,0.042433433516236074,0.021279445960974586,1794,628
fiqa,20,20,False,18,2218803,False,2.534737822370182,1.3805379175039527,0.4103406103804193,0.5795684897197636,0.5381416531098059,0.35126544103454926,0.3735053561088593,0.5795684897197636,0.5795684897197636,0.5795684897197636,glob_probe,glob_probe,0.0,0.03683525427155998,1818,628
fiqa,20,20,False,19,2219803,False,1.6262477167753295,1.3805379175039527,0.37874161401231465,0.5832078705088258,0.5406796538564054,0.3489247350314229,0.3711646501057329,0.5832078705088258,0.5406796538564054,0.5832078705088258,trunc,glob_probe,0.04252821665242046,0.007576963906581746,1862,628
fiqa,20,20,False,20,2220803,False,1.063506758899527,1.3805379175039527,0.3537814229295121,0.5785104182795265,0.5359822016271061,0.35067632738811083,0.3709257966025482,0.5785104182795265,0.5359822016271061,0.5785104182795265,trunc,glob_probe,0.04252821665242046,0.017144373673036117,1756,628
fiqa,20,20,False,21,2221803,False,1.4069309897412672,1.3805379175039527,0.37448205987218725,0.583061904479102,0.5437184012024776,0.3526402339698518,0.37448205987218725,0.583061904479102,0.583061904479102,0.583061904479102,glob_probe,glob_probe,0.0,0.0,1799,628
fiqa,20,20,False,22,2222803,False,1.7256135638823902,1.3805379175039527,0.3845158026686689,0.57564417624131,0.534177530714155,0.3521625269634824,0.3722792997872616,0.57564417624131,0.57564417624131,0.57564417624131,glob_probe,glob_probe,0.0,0.012236502881407318,1876,628
fiqa,20,20,False,23,2223803,False,1.3207203426664147,1.3805379175039527,0.37070021273842924,0.5858617983219894,0.544925938357467,0.3513663486195333,0.3736062636938433,0.5858617983219894,0.5858617983219894,0.5858617983219894,glob_probe,glob_probe,0.0,0.0029060509554140745,1784,628
fiqa,20,20,False,24,2224803,False,1.2271826504685759,1.3805379175039527,0.3684481654226877,0.5875072335661508,0.5452444096950466,0.3517682291169552,0.3734773586286325,0.5875072335661508,0.5875072335661508,0.5875072335661508,glob_probe,glob_probe,0.0,0.005029193205944804,1945,628
fiqa,20,20,False,25,2225803,False,1.2875866852412328,1.3805379175039527,0.36926709171932104,0.5821728386616921,0.5417677642598024,0.3503313167723996,0.3725712318467096,0.5821728386616921,0.5821728386616921,0.5821728386616921,glob_probe,glob_probe,0.0,0.003304140127388555,1838,628
fiqa,20,20,False,26,2226803,False,1.379086481969078,1.3805379175039527,0.37076656093375837,0.5799435392986348,0.5392730721154289,0.34905743142208107,0.37076656093375837,0.5799435392986348,0.5799435392986348,0.5799435392986348,glob_probe,glob_probe,0.0,0.0,1804,628
fiqa,20,20,False,27,2227803,False,1.483175652529351,1.3805379175039527,0.3745218687893847,0.5787625414217771,0.53888825258252,0.35017208110360976,0.37121772866199615,0.5787625414217771,0.5787625414217771,0.5787625414217771,glob_probe,glob_probe,0.0,0.003304140127388555,1744,628
fiqa,20,20,False,28,2228803,False,1.859783090850933,1.3805379175039527,0.39171426591808756,0.5818145584069152,0.5427364479116071,0.35258715541358854,0.37482707048789854,0.5818145584069152,0.5818145584069152,0.5818145584069152,glob_probe,glob_probe,0.0,0.016887195430189017,1808,628
fiqa,20,20,False,29,2229803,False,1.116419873967638,1.3805379175039527,0.3609097466581543,0.5806847434235969,0.5405450618030235,0.35221370985702194,0.3744536249313319,0.5806847434235969,0.5806847434235969,0.5806847434235969,glob_probe,glob_probe,0.0,0.0135438782731776,1778,628
fiqa,20,20,False,30,2230803,False,1.3433107717598065,1.3805379175039527,0.3731494089774345,0.5787606457590534,0.5390000966832177,0.3534174556865639,0.37525928158889943,0.5787606457590534,0.5787606457590534,0.5787606457590534,glob_probe,glob_probe,0.0,0.002109872611464947,1824,628
fiqa,20,20,False,31,2231803,False,1.000633473600729,1.3805379175039527,0.34818163524373713,0.5807131783644522,0.5382911188245584,0.34818163524373713,0.37042155031804713,0.5807131783644522,0.5382911188245584,0.5807131783644522,trunc,glob_probe,0.042422059539893864,0.02223991507431,1803,628
fiqa,20,20,False,32,2232803,False,1.3380169634213956,1.3805379175039527,0.36791358853460765,0.5763872760289958,0.5362475944084224,0.34857972441571167,0.3700234611460726,0.5763872760289958,0.5763872760289958,0.5763872760289958,glob_probe,glob_probe,0.0,0.002109872611464947,1793,628
fiqa,20,20,False,33,2233803,False,1.383730493159442,1.3805379175039527,0.3714035036089176,0.5769446008697601,0.5388617133043884,0.3499597668785567,0.3714035036089176,0.5769446008697601,0.5769446008697601,0.5769446008697601,glob_probe,glob_probe,0.0,0.0,1885,628
fiqa,20,20,False,34,2234803,False,1.049650696834421,1.3805379175039527,0.35412643354522333,0.578483879001395,0.5383441973808215,0.35141942717579655,0.3736593422501066,0.578483879001395,0.578483879001395,0.578483879001395,glob_probe,glob_probe,0.0,0.01953290870488328,1804,628
fiqa,20,20,False,35,2235803,False,1.3395569431672802,1.3805379175039527,0.3736195333329091,0.5851186985343036,0.5433866602258322,0.3534894908700641,0.3757294059443741,0.5851186985343036,0.5851186985343036,0.5851186985343036,glob_probe,glob_probe,0.0,0.0021098726114650024,1827,628
fiqa,20,20,False,36,2236803,False,1.5826834185804712,1.3805379175039527,0.37560515386948506,0.5767708892310803,0.5376203988863224,0.3492383810457059,0.3709475105573832,0.5767708892310803,0.5767708892310803,0.5767708892310803,glob_probe,glob_probe,0.0,0.004657643312101889,1768,628
fiqa,20,20,False,37,2237803,False,1.1850946904599455,1.3805379175039527,0.3632369885952688,0.576853609059023,0.5349888743598935,0.3523824238394302,0.3735076892322115,0.576853609059023,0.576853609059023,0.576853609059023,glob_probe,glob_probe,0.0,0.010270700636942687,1708,628
fiqa,20,20,False,38,2238803,False,2.1539796465358556,1.3805379175039527,0.39858604329145736,0.5799928265294507,0.5385261810022955,0.35196158671477146,0.37327262705447417,0.5799928265294507,0.5799928265294507,0.5799928265294507,glob_probe,glob_probe,0.0,0.02531341623698319,1892,628
fiqa,20,20,False,39,2239803,False,1.3423970350360508,1.3805379175039527,0.36754203864076473,0.5788516375697904,0.5369869028706609,0.3482081745218688,0.36965191125222974,0.5788516375697904,0.5788516375697904,0.5788516375697904,glob_probe,glob_probe,0.0,0.0021098726114650024,1821,628
fiqa,20,20,False,40,2240803,False,1.7073958492274195,1.3805379175039527,0.38692645376562573,0.5840261649178846,0.542382590869852,0.35288793389908035,0.3748093776358108,0.5840261649178846,0.5840261649178846,0.5840261649178846,glob_probe,glob_probe,0.0,0.012117076129814941,1759,628
fiqa,20,20,False,41,2241803,False,1.4874840744057212,1.3805379175039527,0.3729143467996971,0.5779341368115253,0.5360314888579221,0.3477683807699731,0.36961020667230854,0.5779341368115253,0.5779341368115253,0.5779341368115253,glob_probe,glob_probe,0.0,0.003304140127388555,1787,628
fiqa,20,20,False,42,2242803,False,1.3970160932801559,1.3805379175039527,0.37336361886521124,0.5845120864627233,0.5425336120001726,0.35231797130682485,0.37336361886521124,0.5845120864627233,0.5845120864627233,0.5845120864627233,glob_probe,glob_probe,0.0,0.0,1803,628
fiqa,20,20,False,43,2243803,False,1.6025608771356121,1.3805379175039527,0.3775473464963911,0.5782184862200785,0.5370172334742398,0.34998630615668835,0.37129734649639107,0.5782184862200785,0.5782184862200785,0.5782184862200785,glob_probe,glob_probe,0.0,0.006250000000000033,1780,628
fiqa,20,20,False,44,2244803,False,1.34764490965188,1.3805379175039527,0.3698992090711836,0.5787613350909528,0.5398231589712482,0.3497691666083386,0.37200908168264857,0.5787613350909528,0.5787613350909528,0.5787613350909528,glob_probe,glob_probe,0.0,0.002109872611464947,1775,628
fiqa,20,20,False,45,2245803,False,1.1322315136939416,1.3805379175039527,0.356545931068224,0.576082074330482,0.5344031145782738,0.34824798343906627,0.3696917201694272,0.576082074330482,0.576082074330482,0.576082074330482,glob_probe,glob_probe,0.0,0.013145789101203176,1817,628
fiqa,20,20,False,46,2246803,False,1.588331595828771,1.3805379175039527,0.3804312813866954,0.5825090028513595,0.5404054146490452,0.35286139462094873,0.37492438117438115,0.5825090028513595,0.5825090028513595,0.5825090028513595,glob_probe,glob_probe,0.0,0.0055069002123142585,1837,628
fiqa,20,20,False,47,2247803,False,1.713699396741032,1.3805379175039527,0.3814182897781624,0.578392887190658,0.5382266662919528,0.347525735941341,0.369765651015651,0.578392887190658,0.578392887190658,0.578392887190658,glob_probe,glob_probe,0.0,0.01165263876251138,1797,628
fiqa,20,20,False,48,2248803,False,1.3957791067070144,1.3805379175039527,0.37442708565320026,0.5866939942576885,0.5441126990490048,0.3521871705788903,0.37442708565320026,0.5866939942576885,0.5441126990490048,0.5866939942576885,trunc,glob_probe,0.0425812952086837,0.0,1876,628
fiqa,20,20,False,49,2249803,False,1.6131142439335124,1.3805379175039527,0.3770923874427059,0.5750906427259931,0.5340410429980493,0.3472755084618142,0.36951542353612415,0.5750906427259931,0.5750906427259931,0.5750906427259931,glob_probe,glob_probe,0.0,0.007576963906581746,1807,628
fiqa,50,50,False,0,2300852,False,1.3637289918643416,1.3805379175039527,0.370578070201816,0.5828034238151295,0.5382531673083513,0.3493127413277915,0.37085677700226194,0.5828034238151295,0.5382531673083513,0.5828034238151295,trunc,glob_probe,0.04455025650677824,0.0002787068004459492,4639,598
fiqa,50,50,False,1,2301852,False,1.8381827246079725,1.3805379175039527,0.38791520166938226,0.5785598413106774,0.5344233015219636,0.34866664829039407,0.37021068396486456,0.5785598413106774,0.5785598413106774,0.5785598413106774,glob_probe,glob_probe,0.0,0.017704517704517697,4442,598
fiqa,50,50,False,2,2302852,False,1.682242924895093,1.3805379175039527,0.38729848746571155,0.5876330145142855,0.545047640950651,0.3538516806493395,0.3761760953650585,0.5876330145142855,0.5876330145142855,0.5876330145142855,glob_probe,glob_probe,0.0,0.011122392100653022,4583,598
fiqa,50,50,False,3,2303852,False,1.540669593961442,1.3805379175039527,0.3854087941044463,0.5855888073279377,0.5439928429058865,0.358750488641793,0.3791239557543905,0.5855888073279377,0.5855888073279377,0.5855888073279377,glob_probe,glob_probe,0.0,0.006284838350055777,4538,598
fiqa,50,50,False,4,2304852,False,1.3620387082851217,1.3805379175039527,0.36876581241129736,0.575002951340744,0.5351721299881835,0.34777919033771876,0.36904451921174336,0.575002951340744,0.575002951340744,0.575002951340744,glob_probe,glob_probe,0.0,0.0002787068004460047,4393,598
fiqa,50,50,False,5,2305852,False,1.7534426536136714,1.3805379175039527,0.3846726712529388,0.5768749320170724,0.5371741738380534,0.34845273177212976,0.3710558532882947,0.5768749320170724,0.5768749320170724,0.5768749320170724,glob_probe,glob_probe,0.0,0.01361681796464409,4481,598
fiqa,50,50,False,6,2306852,False,1.2671364099914366,1.3805379175039527,0.3658380638313749,0.5805419172057968,0.5402439301686793,0.35004932358611285,0.3713982645002712,0.5805419172057968,0.5805419172057968,0.5805419172057968,glob_probe,glob_probe,0.0,0.005560200668896287,4584,598
fiqa,50,50,False,7,2307852,False,1.4770338535842973,1.3805379175039527,0.36692634752835424,0.5746824385202312,0.5329285402445938,0.34313872211029406,0.36379089602333753,0.5746824385202312,0.5746824385202312,0.5746824385202312,glob_probe,glob_probe,0.0,0.0031354515050167064,4456,598
fiqa,50,50,False,8,2308852,False,1.269402066100848,1.3805379175039527,0.3734049534634819,0.5802910810853955,0.5414821846678035,0.3556095242550092,0.3789651541323782,0.5802910810853955,0.5802910810853955,0.5802910810853955,glob_probe,glob_probe,0.0,0.005560200668896287,4444,598
fiqa,50,50,False,9,2309852,False,1.5216927752245553,1.3805379175039527,0.375596783372703,0.5757083449809203,0.5360633281619904,0.3487991245098268,0.370566125624654,0.5757083449809203,0.5757083449809203,0.5757083449809203,glob_probe,glob_probe,0.0,0.0050306577480490056,4483,598
fiqa,50,50,False,10,2310852,False,1.350141487296774,1.3805379175039527,0.3669515638579184,0.5769970321391726,0.5366552483191279,0.34766969838040074,0.3691672829214635,0.5769970321391726,0.5769970321391726,0.5769970321391726,glob_probe,glob_probe,0.0,0.0022157190635451185,4480,598
fiqa,50,50,False,11,2311852,False,1.2610137998872535,1.3805379175039527,0.36632779149501554,0.5832573177472843,0.5410641244671345,0.35257361089300887,0.37216669896435783,0.5832573177472843,0.5832573177472843,0.5832573177472843,glob_probe,glob_probe,0.0,0.0058389074693422915,4512,598
fiqa,50,50,False,12,2312852,False,1.3104794481102535,1.3805379175039527,0.36867291014448206,0.5829786109468383,0.5395710523218885,0.34878717993266484,0.37172474960936497,0.5829786109468383,0.5829786109468383,0.5829786109468383,glob_probe,glob_probe,0.0,0.0030518394648829106,4488,598
fiqa,50,50,False,13,2313852,False,1.9503335682442702,1.3805379175039527,0.38909680991620793,0.5762060356960023,0.5362405060565596,0.347616611370792,0.37021973288695703,0.5762060356960023,0.5762060356960023,0.5762060356960023,glob_probe,glob_probe,0.0,0.0188770770292509,4521,598
fiqa,50,50,False,14,2314852,False,1.468197539602663,1.3805379175039527,0.36894584883715315,0.5762926083578257,0.5357417944374465,0.34654246719464116,0.36581039733213644,0.5762926083578257,0.5762926083578257,0.5762926083578257,glob_probe,glob_probe,0.0,0.0031354515050167064,4467,598
fiqa,50,50,False,15,2315852,False,1.1968077639289967,1.3805379175039527,0.3643748531290337,0.5740779101983116,0.5345722467796046,0.3547315978336045,0.3743246859049535,0.5740779101983116,0.5740779101983116,0.5740779101983116,glob_probe,glob_probe,0.0,0.009949832775919765,4433,598
fiqa,50,50,False,16,2316852,False,1.1900065169075025,1.3805379175039527,0.3631923399899989,0.5820230447738809,0.5388941929493769,0.3514587836912252,0.37119122516279707,0.5820230447738809,0.5820230447738809,0.5820230447738809,glob_probe,glob_probe,0.0,0.007998885172798176,4398,598
fiqa,50,50,False,17,2317852,False,1.4310088568235702,1.3805379175039527,0.3748183950943148,0.5788537503002386,0.5404211080632485,0.3516021186171688,0.3744003348936459,0.5788537503002386,0.5788537503002386,0.5788537503002386,glob_probe,glob_probe,0.0,0.0004180602006689238,4473,598
fiqa,50,50,False,18,2318852,False,1.2787540502327048,1.3805379175039527,0.37355027915228584,0.5809719219836277,0.5418703834255674,0.35491872954247533,0.37715953221806064,0.5809719219836277,0.5809719219836277,0.5809719219836277,glob_probe,glob_probe,0.0,0.003609253065774809,4426,598
fiqa,50,50,False,19,2319852,False,1.5208697016864159,1.3805379175039527,0.3770978185693905,0.5861837391519666,0.5416812609538362,0.34871153094397245,0.37123104042000366,0.5861837391519666,0.5416812609538362,0.5861837391519666,trunc,glob_probe,0.04450247819813047,0.005866778149386853,4653,598
fiqa,50,50,False,20,2320852,False,1.497533614054655,1.3805379175039527,0.3808922125811758,0.579681907650135,0.5395352185904025,0.35573892384093053,0.37825843331696174,0.579681907650135,0.579681907650135,0.579681907650135,glob_probe,glob_probe,0.0,0.0026337792642140423,4410,598
fiqa,50,50,False,21,2321852,False,1.2712698073913824,1.3805379175039527,0.3743147320906518,0.5884910333070869,0.5476913740291667,0.3568537510427142,0.3798749327595481,0.5884910333070869,0.5884910333070869,0.5884910333070869,glob_probe,glob_probe,0.0,0.005560200668896287,4494,598
fiqa,50,50,False,22,2322852,False,1.2827926228432263,1.3805379175039527,0.36544920148599075,0.5752119814410784,0.5325940920840587,0.34631597963537764,0.36891910115154264,0.5752119814410784,0.5752119814410784,0.5752119814410784,glob_probe,glob_probe,0.0,0.00346989966555189,4550,598
fiqa,50,50,False,23,2323852,False,1.3475086177139186,1.3805379175039527,0.360334931697808,0.5735815466584697,0.5332351177250843,0.3422607956888893,0.3625506507613531,0.5735815466584697,0.5735815466584697,0.5735815466584697,glob_probe,glob_probe,0.0,0.0022157190635451185,4541,598
fiqa,50,50,False,24,2324852,False,1.3179334526009707,1.3805379175039527,0.36675779627284644,0.5812128042897273,0.5385577540259814,0.34784753986259004,0.36980963573772935,0.5812128042897273,0.5812128042897273,0.5812128042897273,glob_probe,glob_probe,0.0,0.0030518394648829106,4564,598
fiqa,50,50,False,25,2325852,False,1.7646801166420403,1.3805379175039527,0.3870018637995226,0.5805392628553163,0.5397953449374854,0.3520334505702399,0.37167298977499647,0.5805392628553163,0.5805392628553163,0.5805392628553163,glob_probe,glob_probe,0.0,0.015328874024526151,4539,598
fiqa,50,50,False,26,2326852,False,1.5023601541417653,1.3805379175039527,0.37073534046778195,0.5707712530873066,0.5288965818648093,0.3445229658858422,0.36726544080223006,0.5707712530873066,0.5707712530873066,0.5707712530873066,glob_probe,glob_probe,0.0,0.00346989966555189,4420,598
fiqa,50,50,False,27,2327852,False,1.4113392209781621,1.3805379175039527,0.36746053556254227,0.5825048093860803,0.540630138163583,0.3467526202894096,0.36704247536187334,0.5825048093860803,0.5825048093860803,0.5825048093860803,glob_probe,glob_probe,0.0,0.0004180602006689238,4621,598
fiqa,50,50,False,28,2328852,False,1.5302457488899748,1.3805379175039527,0.37333925828909104,0.5791682908321705,0.5368914855118868,0.3470990130271066,0.36738886809957044,0.5791682908321705,0.5791682908321705,0.5791682908321705,glob_probe,glob_probe,0.0,0.0059503901895205935,4439,598
fiqa,50,50,False,29,2329852,False,1.7488589785140825,1.3805379175039527,0.39073056263691713,0.5784396716252903,0.5386990981890647,0.3536326967347034,0.3758177580501995,0.5784396716252903,0.5784396716252903,0.5784396716252903,glob_probe,glob_probe,0.0,0.01491280458671762,4459,598
fiqa,50,50,False,30,2330852,False,1.3312633794583464,1.3805379175039527,0.3729092535112602,0.5844836276692464,0.5439188784088449,0.35260546309877416,0.3739544040129324,0.5844836276692464,0.5844836276692464,0.5844836276692464,glob_probe,glob_probe,0.0,0.0010451505016721985,4474,598
fiqa,50,50,False,31,2331852,False,1.5103784327052274,1.3805379175039527,0.37254295314495983,0.5720692304722405,0.5317971233523072,0.3483930088863199,0.3680697089978026,0.5720692304722405,0.5720692304722405,0.5720692304722405,glob_probe,glob_probe,0.0,0.004473244147157218,4469,598
fiqa,50,50,False,32,2332852,False,1.3140508919196052,1.3805379175039527,0.36839022181831543,0.5822460102142376,0.539495403333196,0.34842087956636447,0.3697698204805228,0.5822460102142376,0.5822460102142376,0.5822460102142376,glob_probe,glob_probe,0.0,0.001379598662207382,4511,598
fiqa,50,50,False,33,2333852,False,1.4691531277594936,1.3805379175039527,0.3765842017514259,0.5821345274940593,0.5408451405524984,0.350511180569709,0.37386681044707804,0.5821345274940593,0.5821345274940593,0.5821345274940593,glob_probe,glob_probe,0.0,0.002717391304347838,4566,598
fiqa,50,50,False,34,2334852,False,1.1737028284240298,1.3805379175039527,0.3623694913410632,0.5850689119501827,0.5415219999250099,0.35179721337748093,0.37389866265284327,0.5850689119501827,0.5850689119501827,0.5850689119501827,glob_probe,glob_probe,0.0,0.011529171311780051,4524,598
fiqa,50,50,False,35,2335852,False,1.2169410062327652,1.3805379175039527,0.36456795712648554,0.5710459783620319,0.5289921384821051,0.3490579236816695,0.369849450994936,0.5710459783620319,0.5710459783620319,0.5710459783620319,glob_probe,glob_probe,0.0,0.005281493868450449,4431,598
fiqa,50,50,False,36,2336852,False,1.3352594984149646,1.3805379175039527,0.3647272181553118,0.5734667460001909,0.5299895106751294,0.34463245784316016,0.36645520031807655,0.5734667460001909,0.5734667460001909,0.5734667460001909,glob_probe,glob_probe,0.0,0.001727982162764763,4457,598
fiqa,50,50,False,37,2337852,False,1.3984255457296912,1.3805379175039527,0.3713206247487184,0.57224839912967,0.5309172061680423,0.35228495027826134,0.3713206247487184,0.57224839912967,0.57224839912967,0.57224839912967,glob_probe,glob_probe,0.0,0.0,4497,598
fiqa,50,50,False,38,2338852,False,1.1604730875068903,1.3805379175039527,0.3646827577847645,0.5840376967885328,0.5427204391669274,0.3544449279817173,0.3766299892972134,0.5840376967885328,0.5840376967885328,0.5840376967885328,glob_probe,glob_probe,0.0,0.01194723151244892,4484,598
fiqa,50,50,False,39,2339852,False,1.3396736997925585,1.3805379175039527,0.36924226832253587,0.5776752186869244,0.5371662107866121,0.3508894255131713,0.37145798738608105,0.5776752186869244,0.5776752186869244,0.5776752186869244,glob_probe,glob_probe,0.0,0.002215719063545174,4490,598
fiqa,50,50,False,40,2340852,False,1.3836203572600532,1.3805379175039527,0.3703710308643419,0.5820230447738809,0.5376400123473702,0.35161406319433075,0.3703710308643419,0.5820230447738809,0.5820230447738809,0.5820230447738809,glob_probe,glob_probe,0.0,0.0,4582,598
fiqa,50,50,False,41,2341852,False,1.3483714686038875,1.3805379175039527,0.3655221961242028,0.5800269732125919,0.5378735951896487,0.34456808984400955,0.36773791518774795,0.5800269732125919,0.5800269732125919,0.5800269732125919,glob_probe,glob_probe,0.0,0.002215719063545174,4544,598
fiqa,50,50,False,42,2342852,False,1.4569149900685274,1.3805379175039527,0.3797846848432133,0.5864896530448369,0.5464697092205454,0.35747420546751646,0.37748535373953435,0.5864896530448369,0.5864896530448369,0.5864896530448369,glob_probe,glob_probe,0.0,0.00229933110367897,4491,598
fiqa,50,50,False,43,2343852,False,1.296021944322664,1.3805379175039527,0.36957164908669926,0.5791411440658932,0.5415104173047317,0.35002036703541717,0.37262348855158217,0.5791411440658932,0.5791411440658932,0.5791411440658932,glob_probe,glob_probe,0.0,0.0030518394648829106,4578,598
fiqa,50,50,False,44,2344852,False,1.237965317154592,1.3805379175039527,0.37187007529816896,0.5866097624040767,0.5429533584215858,0.35518947329148,0.3777089827675112,0.5866097624040767,0.5866097624040767,0.5866097624040767,glob_probe,glob_probe,0.0,0.005838907469342236,4455,598
fiqa,50,50,False,45,2345852,False,1.6374820767528164,1.3805379175039527,0.3739802839301167,0.5791842169350531,0.5355536928697464,0.3438381434618893,0.36602320477738537,0.5791842169350531,0.5791842169350531,0.5791842169350531,glob_probe,glob_probe,0.0,0.007957079152731306,4410,598
fiqa,50,50,False,46,2346852,False,1.6639016060933245,1.3805379175039527,0.3869814967641055,0.5855509828335914,0.5416855487507661,0.35488840869275645,0.37567993600602295,0.5855509828335914,0.5855509828335914,0.5855509828335914,glob_probe,glob_probe,0.0,0.01130156075808253,4502,598
fiqa,50,50,False,47,2347852,False,1.2331289894708948,1.3805379175039527,0.3610761590694701,0.572769978999076,0.5335430223808151,0.34355943666144334,0.36691506653881234,0.572769978999076,0.572769978999076,0.572769978999076,glob_probe,glob_probe,0.0,0.005838907469342236,4406,598
fiqa,50,50,False,48,2348852,False,1.4417339905386037,1.3805379175039527,0.37772444946357986,0.5836517950648386,0.5423345374432331,0.3571419522506479,0.37626123876123874,0.5836517950648386,0.5836517950648386,0.5836517950648386,glob_probe,glob_probe,0.0,0.0014632107023411223,4548,598
fiqa,50,50,False,49,2349852,False,1.3801490193378219,1.3805379175039527,0.3688819402448165,0.5800561710678768,0.5395949414762123,0.34622307736856234,0.3688819402448165,0.5800561710678768,0.5800561710678768,0.5800561710678768,glob_probe,glob_probe,0.0,0.0,4427,598
fiqa,100,100,False,0,2400550,False,1.3228252547278876,1.3805379175039527,0.3734737636653695,0.575446390592376,0.5349619054911026,0.3574001626921335,0.3761957831300897,0.575446390592376,0.575446390592376,0.575446390592376,glob_probe,glob_probe,0.0,0.0027220194647202267,8820,548
fiqa,100,100,False,1,2401550,False,1.4601009162249579,1.3805379175039527,0.3829722285014256,0.5888921095125474,0.54867120916391,0.3596753915184572,0.38160361536273946,0.5888921095125474,0.5888921095125474,0.5888921095125474,glob_probe,glob_probe,0.0,0.0013686131386861367,9176,548
fiqa,100,100,False,2,2402550,False,1.4099819145225596,1.3805379175039527,0.37242956252992754,0.580478397312339,0.5417173509782999,0.3494368618000005,0.3719733581503655,0.580478397312339,0.580478397312339,0.580478397312339,glob_probe,glob_probe,0.0,0.00045620437956206406,9090,548
fiqa,100,100,False,3,2403550,False,1.26768535364004,1.3805379175039527,0.3537420608588492,0.5720063644789922,0.5305689191181892,0.3390370730242993,0.3591404793503334,0.5720063644789922,0.5720063644789922,0.5720063644789922,glob_probe,glob_probe,0.0,0.005398418491484203,8910,548
fiqa,100,100,False,4,2404550,False,1.2516260704334496,1.3805379175039527,0.36888637518199563,0.5834024501451509,0.5466487030811849,0.3510487839411197,0.3740414846710467,0.5834024501451509,0.5834024501451509,0.5834024501451509,glob_probe,glob_probe,0.0,0.0051551094890510685,8674,548
fiqa,100,100,False,5,2405550,False,1.5614303144485477,1.3805379175039527,0.3820033372953081,0.5825378342257904,0.5387455053057243,0.35574117184518644,0.3769698823074735,0.5825378342257904,0.5825378342257904,0.5825378342257904,glob_probe,glob_probe,0.0,0.005033454987834585,8889,548
fiqa,100,100,False,6,2406550,False,1.278931715512568,1.3805379175039527,0.3639897815080297,0.5723318905344452,0.5322630583123283,0.3463954992695868,0.3682324822379566,0.5723318905344452,0.5723318905344452,0.5723318905344452,glob_probe,glob_probe,0.0,0.00424270072992694,9007,548
fiqa,100,100,False,7,2407550,False,1.3161828732658807,1.3805379175039527,0.3721025173123713,0.5845756129515254,0.5386930385105567,0.35263272818017344,0.37543280928317424,0.5845756129515254,0.5845756129515254,0.5845756129515254,glob_probe,glob_probe,0.0,0.0033302919708029233,9056,548
fiqa,100,100,False,8,2408550,False,1.6828287628340715,1.3805379175039527,0.38544442175829036,0.5711450350136481,0.5348626991418962,0.3527729468422899,0.3753601325681618,0.5711450350136481,0.5711450350136481,0.5711450350136481,glob_probe,glob_probe,0.0,0.010084289190128548,8888,548
fiqa,100,100,False,9,2409550,False,1.6778516637184533,1.3805379175039527,0.39342315227351726,0.5916839800507684,0.549853329962819,0.3614562596770626,0.38298910639239103,0.5916839800507684,0.5916839800507684,0.5916839800507684,glob_probe,glob_probe,0.0,0.01043404588112623,9001,548
fiqa,100,100,False,10,2410550,False,1.3827484122043412,1.3805379175039527,0.3710522597840116,0.5816051497164636,0.5366549306330328,0.34688356554232463,0.3710522597840116,0.5816051497164636,0.5816051497164636,0.5816051497164636,glob_probe,glob_probe,0.0,0.0,8944,548
fiqa,100,100,False,11,2411550,False,1.314412854572994,1.3805379175039527,0.36106790107702513,0.5713217236939865,0.529394763792574,0.34367637634060993,0.3631208207850543,0.5713217236939865,0.5713217236939865,0.5713217236939865,glob_probe,glob_probe,0.0,0.0020529197080291772,9135,548
fiqa,100,100,False,12,2412550,False,1.3498124001212664,1.3805379175039527,0.36371052913023716,0.5863055689241821,0.5410443014001408,0.342466611855298,0.36424276757305957,0.5863055689241821,0.5863055689241821,0.5863055689241821,glob_probe,glob_probe,0.0,0.0005322384428224081,9022,548
fiqa,100,100,False,13,2413550,False,1.4196545520597,1.3805379175039527,0.3757359580808486,0.5785623389181783,0.5331602602588004,0.35131381696162717,0.3752797537012865,0.5785623389181783,0.5785623389181783,0.5785623389181783,glob_probe,glob_probe,0.0,0.00045620437956206406,8940,548
fiqa,100,100,False,14,2414550,False,1.4298573234965795,1.3805379175039527,0.37442817219277075,0.5905988931992582,0.5483315903480138,0.35162809108976995,0.3739719678132087,0.5905988931992582,0.5905988931992582,0.5905988931992582,glob_probe,glob_probe,0.0,0.00045620437956206406,8870,548
fiqa,100,100,False,15,2415550,False,1.6592999544109426,1.3805379175039527,0.389174435661662,0.5895047268222451,0.5488145876832008,0.35509596850837727,0.37854487361786626,0.5895047268222451,0.5895047268222451,0.5895047268222451,glob_probe,glob_probe,0.0,0.010629562043795726,9042,548
fiqa,100,100,False,16,2416550,False,1.2541047120825741,1.3805379175039527,0.3724491141461944,0.5709545877885294,0.5341009102414213,0.3574399900586032,0.3783645642678489,0.5709545877885294,0.5709545877885294,0.5709545877885294,glob_probe,glob_probe,0.0,0.0059154501216545086,8890,548
fiqa,100,100,False,17,2417550,False,1.2486194817355045,1.3805379175039527,0.3606681791444565,0.5758113540960256,0.5374326504800957,0.34195873064486204,0.36673569739263173,0.5758113540960256,0.5758113540960256,0.5758113540960256,glob_probe,glob_probe,0.0,0.006067518248175252,8990,548
fiqa,100,100,False,18,2418550,False,1.4137785461932073,1.3805379175039527,0.3720908906584089,0.5894637854035665,0.5472355857848559,0.34979770331047705,0.3716346862788468,0.5894637854035665,0.5894637854035665,0.5894637854035665,glob_probe,glob_probe,0.0,0.00045620437956206406,8892,548
fiqa,100,100,False,19,2419550,False,1.8080661990181524,1.3805379175039527,0.39776266414040135,0.5862569861201248,0.5458709832341219,0.3631620964193957,0.3808932399717071,0.5862569861201248,0.5862569861201248,0.5862569861201248,glob_probe,glob_probe,0.0,0.016869424168694247,9075,548
fiqa,100,100,False,20,2420550,False,1.4355444207191757,1.3805379175039527,0.35925394556781415,0.5651564473644766,0.5248138925146224,0.3359571085848458,0.357885332429128,0.5651564473644766,0.5651564473644766,0.5651564473644766,glob_probe,glob_probe,0.0,0.0013686131386861367,8987,548
fiqa,100,100,False,21,2421550,False,1.385929312082298,1.3805379175039527,0.3708060542458353,0.5754109080295211,0.530303551882019,0.351929330807068,0.3708060542458353,0.5754109080295211,0.5754109080295211,0.5754109080295211,glob_probe,glob_probe,0.0,0.0,9149,548
fiqa,100,100,False,22,2422550,False,1.622902971075761,1.3805379175039527,0.3867174492174492,0.5930522589737919,0.5484822102066628,0.3563494443512692,0.3798591767113665,0.5930522589737919,0.5930522589737919,0.5930522589737919,glob_probe,glob_probe,0.0,0.00685827250608273,9067,548
fiqa,100,100,False,23,2423550,False,1.111225767647571,1.3805379175039527,0.3435091014014372,0.5708524849035799,0.5307836526814629,0.3381056139724023,0.35948639256121007,0.5708524849035799,0.5708524849035799,0.5708524849035799,glob_probe,glob_probe,0.0,0.015977291159772866,8916,548
fiqa,100,100,False,24,2424550,False,1.4109394672174695,1.3805379175039527,0.36169210452969575,0.5755629761560418,0.5304628613478979,0.34203476470812233,0.3612359001501337,0.5755629761560418,0.5755629761560418,0.5755629761560418,glob_probe,glob_probe,0.0,0.00045620437956206406,8993,548
fiqa,100,100,False,25,2425550,False,1.614013446603983,1.3805379175039527,0.3791618357311788,0.5775108964433783,0.5399663951215046,0.349082760305388,0.37192339290879434,0.5775108964433783,0.5775108964433783,0.5775108964433783,glob_probe,glob_probe,0.0,0.00723844282238445,9011,548
fiqa,100,100,False,26,2426550,False,1.4394570425099174,1.3805379175039527,0.38630640446333875,0.5971400608718127,0.5573402114916713,0.3620718140334928,0.3847096891348716,0.5971400608718127,0.5971400608718127,0.5971400608718127,glob_probe,glob_probe,0.0,0.0015967153284671687,9180,548
fiqa,100,100,False,27,2427550,False,1.3079523484886877,1.3805379175039527,0.37707343346029476,0.5852830259764567,0.5417050407013911,0.35811053808316584,0.3804037254310977,0.5852830259764567,0.5852830259764567,0.5852830259764567,glob_probe,glob_probe,0.0,0.0033302919708029233,9106,548
fiqa,100,100,False,28,2428550,False,1.5072369399939665,1.3805379175039527,0.3845032704521756,0.5887620996197639,0.5513392527991068,0.3576936597465794,0.38007808797042375,0.5887620996197639,0.5887620996197639,0.5887620996197639,glob_probe,glob_probe,0.0,0.004425182481751833,8820,548
fiqa,100,100,False,29,2429550,False,1.2397133578381618,1.3805379175039527,0.3651368096623571,0.5812995651955507,0.5402966001962353,0.34912403593972935,0.37150846416357364,0.5812995651955507,0.5812995651955507,0.5812995651955507,glob_probe,glob_probe,0.0,0.006371654501216517,8960,548
fiqa,100,100,False,30,2430550,False,1.1940861958575286,1.3805379175039527,0.3662773206112622,0.5883446642570731,0.5436985814266837,0.35803522815384126,0.3739415541879046,0.5883446642570731,0.5883446642570731,0.5883446642570731,glob_probe,glob_probe,0.0,0.007664233576642365,9030,548
fiqa,100,100,False,31,2431550,False,1.3166224057797438,1.3805379175039527,0.3595699312852597,0.5743595313850789,0.5345727164157821,0.340880758535868,0.3629002232560627,0.5743595313850789,0.5743595313850789,0.5743595313850789,glob_probe,glob_probe,0.0,0.003330291970802979,8721,548
fiqa,100,100,False,32,2432550,False,1.2950824847286597,1.3805379175039527,0.3706781053496382,0.5826880641661664,0.5369188496013313,0.3526276187316333,0.37279185230827566,0.5826880641661664,0.5826880641661664,0.5826880641661664,glob_probe,glob_probe,0.0,0.0021137469586374746,8956,548
fiqa,100,100,False,33,2433550,False,1.2680579079844527,1.3805379175039527,0.37083067479965287,0.5873323250148068,0.5464271180968261,0.3536013560648597,0.3762290932911371,0.5873323250148068,0.5873323250148068,0.5873323250148068,glob_probe,glob_probe,0.0,0.005398418491484203,8795,548
fiqa,100,100,False,34,2434550,False,1.6468854979101208,1.3805379175039527,0.38367246601735655,0.5774616553357429,0.5395065700722634,0.35189529651208484,0.37225214971565335,0.5774616553357429,0.5774616553357429,0.5774616553357429,glob_probe,glob_probe,0.0,0.011420316301703204,9005,548
fiqa,100,100,False,35,2435550,False,1.322176476062805,1.3805379175039527,0.3636892659246674,0.5707800715099985,0.5285924233916934,0.34454388879571357,0.3670195578954703,0.5707800715099985,0.5707800715099985,0.5707800715099985,glob_probe,glob_probe,0.0,0.0033302919708029233,9115,548
fiqa,100,100,False,36,2436550,False,1.3891102857167177,1.3805379175039527,0.3727554228010432,0.5701116958872433,0.5284526655420816,0.34954982669398726,0.3727554228010432,0.5701116958872433,0.5701116958872433,0.5701116958872433,glob_probe,glob_probe,0.0,0.0,9034,548
fiqa,100,100,False,37,2437550,False,1.144118907858245,1.3805379175039527,0.3488061411419076,0.5706569687409103,0.5316526134044383,0.33863785241522465,0.3607181443860276,0.5706569687409103,0.5706569687409103,0.5706569687409103,glob_probe,glob_probe,0.0,0.011912003244120006,8981,548
fiqa,100,100,False,38,2438550,False,1.6338151258484315,1.3805379175039527,0.38031781681416715,0.5780823039490923,0.5400913411406112,0.3509078411450674,0.37383971462438614,0.5780823039490923,0.5780823039490923,0.5780823039490923,glob_probe,glob_probe,0.0,0.00647810218978101,9076,548
fiqa,100,100,False,39,2439550,False,1.2950824847286597,1.3805379175039527,0.37290843787194156,0.5847467769456821,0.5429392991436787,0.35508605344371763,0.3760106276529634,0.5847467769456821,0.5847467769456821,0.5847467769456821,glob_probe,glob_probe,0.0,0.0031021897810218357,8990,548
fiqa,100,100,False,40,2440550,False,1.7676116446008954,1.3805379175039527,0.3806325517548145,0.5682781887617654,0.5245633421728312,0.341173769458441,0.3650890168225935,0.5682781887617654,0.5682781887617654,0.5682781887617654,glob_probe,glob_probe,0.0,0.015543534932220993,9035,548
fiqa,100,100,False,41,2441550,False,1.1834710016756234,1.3805379175039527,0.35461369530712594,0.5680001213304132,0.5266387100328707,0.3418095590540846,0.36379861014897513,0.5680001213304132,0.5680001213304132,0.5680001213304132,glob_probe,glob_probe,0.0,0.00918491484184919,8887,548
fiqa,100,100,False,42,2442550,False,1.277281792655721,1.3805379175039527,0.36440688265505783,0.5800221929327769,0.5413089394385014,0.34711673666965637,0.3682846198813352,0.5800221929327769,0.5800221929327769,0.5800221929327769,glob_probe,glob_probe,0.0,0.003877737226277378,9036,548
fiqa,100,100,False,43,2443550,False,1.3121172468660405,1.3805379175039527,0.36796962161925667,0.5730835415598189,0.5296996241795512,0.3467257043443175,0.37129991359005954,0.5730835415598189,0.5730835415598189,0.5730835415598189,glob_probe,glob_probe,0.0,0.0033302919708028678,9088,548
fiqa,100,100,False,44,2444550,False,1.342451833221515,1.3805379175039527,0.36651411240827303,0.5763160754492871,0.5389844695045425,0.34776411240827293,0.3689319956199518,0.5763160754492871,0.5763160754492871,0.5763160754492871,glob_probe,glob_probe,0.0,0.002417883211678795,8763,548
fiqa,100,100,False,45,2445550,False,1.3263667654454157,1.3805379175039527,0.36477474269445076,0.5713043444795269,0.531804681530959,0.3464201198234045,0.36719262590612955,0.5713043444795269,0.5713043444795269,0.5713043444795269,glob_probe,glob_probe,0.0,0.002417883211678795,8825,548
fiqa,100,100,False,46,2446550,False,1.5154247453378784,1.3805379175039527,0.37547961466757085,0.5690798050287101,0.5301210701301942,0.3513159893634346,0.3709631913099066,0.5690798050287101,0.5690798050287101,0.5690798050287101,glob_probe,glob_probe,0.0,0.004516423357664223,8961,548
fiqa,100,100,False,47,2447550,False,1.3699105920284702,1.3805379175039527,0.365778615139929,0.579522150598793,0.5378384996998136,0.34521900443433284,0.36608275139297036,0.579522150598793,0.579522150598793,0.579522150598793,glob_probe,glob_probe,0.0,0.00030413625304137604,9141,548
fiqa,100,100,False,48,2448550,False,1.4127496610066934,1.3805379175039527,0.35552610406625,0.5713521373192906,0.5293390054795163,0.33603097024629874,0.35506989968668795,0.5713521373192906,0.5713521373192906,0.5713521373192906,glob_probe,glob_probe,0.0,0.00045620437956206406,8850,548
fiqa,100,100,False,49,2449550,False,1.3620387082851217,1.3805379175039527,0.36780283281195686,0.5688832406441895,0.5283730158730159,0.3449013729579423,0.3681069690649983,0.5688832406441895,0.5688832406441895,0.5688832406441895,glob_probe,glob_probe,0.0,0.00030413625304143155,8979,548
quora,5,5,False,0,2000206,False,0.6004301479813127,0.8220183579272292,0.8570795052343861,0.9812869129821081,0.956506745266886,0.8869742112866769,0.8752577615565772,0.9812869129821081,0.9812869129821081,0.9812869129821081,glob_probe,glob_probe,0.0,0.018178256322191055,354,9995
quora,5,5,False,1,2001206,False,0.7630809264604153,0.8220183579272292,0.8709736526846451,0.9812297415392437,0.9563352309382932,0.8867991237429049,0.8750826740128054,0.9812297415392437,0.9812297415392437,0.9812297415392437,glob_probe,glob_probe,0.0,0.004109021328160267,392,9995
quora,5,5,False,2,2002206,False,0.7346522720925297,0.8220183579272292,0.8692100129282591,0.9812297415392437,0.9563352309382932,0.8867741112366518,0.8751076865190585,0.9812297415392437,0.9812297415392437,0.9812297415392437,glob_probe,glob_probe,0.0,0.0058976735907994016,380,9995
quora,5,5,False,3,2003206,False,0.910481656163126,0.8220183579272292,0.8811191320610308,0.9812297415392437,0.9563352309382932,0.8867741112366518,0.8750576615065523,0.9812297415392437,0.9812297415392437,0.8811191320610308,glob_probe,ad_probe,0.0,0.006061470554478476,382,9995
quora,5,5,False,4,2004206,False,0.9762832108682696,0.8220183579272292,0.8855439472824943,0.9812297415392437,0.9563685809466306,0.8869742112866769,0.8752577615565772,0.9812297415392437,0.9812297415392437,0.9812297415392437,glob_probe,glob_probe,0.0,0.010286185725917107,365,9995
quora,5,5,False,5,2005206,False,1.1725998814579184,0.8220183579272292,0.8955235854552479,0.9812547540454969,0.9563802534495487,0.8868491487554112,0.8751326990253117,0.9812547540454969,0.9812547540454969,0.9812547540454969,glob_probe,glob_probe,0.0,0.02039088642993625,334,9995
quora,5,5,False,6,2006206,False,1.0448013299142014,0.8220183579272292,0.8891510560115603,0.981303307734106,0.9564441089066893,0.8869006450918147,0.8751841953617151,0.981303307734106,0.981303307734106,0.981303307734106,glob_probe,glob_probe,0.0,0.013966860649845203,350,9995
quora,5,5,False,7,2007206,False,0.7461255864113893,0.8220183579272292,0.869854362881013,0.9812297415392437,0.9563352309382932,0.8867741112366518,0.8750576615065523,0.9812297415392437,0.9812297415392437,0.869854362881013,glob_probe,ad_probe,0.0,0.005203298625539254,374,9995
quora,5,5,False,8,2008206,False,0.7393679984474538,0.8220183579272292,0.8694787584121121,0.9812297415392437,0.9563352309382932,0.8867741112366518,0.8750576615065523,0.9812297415392437,0.9812297415392437,0.8694787584121121,glob_probe,ad_probe,0.0,0.005578903094440202,355,9995
quora,5,5,False,9,2009206,False,0.7187122376888844,0.8220183579272292,0.8682742166633526,0.9812297415392437,0.956335230938293,0.8867741112366518,0.8750576615065523,0.9812297415392437,0.9812297415392437,0.8682742166633526,glob_probe,ad_probe,0.0,0.006783444843199704,342,9995
quora,5,5,False,10,2010206,False,1.13696364708422,0.8220183579272292,0.8938262270972374,0.9812297415392437,0.9563352309382932,0.886824136249158,0.8751076865190585,0.9812297415392437,0.9812297415392437,0.9812297415392437,glob_probe,glob_probe,0.0,0.0187185405781789,380,9995
quora,5,5,False,11,2011206,False,1.7299237510721999,0.8220183579272292,0.9150774961429065,0.9812297415392437,0.956335230938293,0.886824136249158,0.8751076865190585,0.9812297415392437,0.9812297415392437,0.9150774961429065,glob_probe,ad_probe,0.0,0.039969809623847996,418,9995
quora,5,5,False,12,2012206,False,0.5744472465534758,0.8220183579272292,0.8537821920128716,0.9812297415392437,0.9563352309382932,0.8867741112366518,0.8750576615065523,0.9812297415392437,0.9812297415392437,0.9812297415392437,glob_probe,glob_probe,0.0,0.021275469493680643,392,9995
quora,5,5,False,13,2013206,False,0.6845734933285285,0.8220183579272292,0.8654434811884012,0.9813297915642563,0.9564352809633058,0.8868741612616643,0.8751577115315647,0.9813297915642563,0.9813297915642563,0.8654434811884012,glob_probe,ad_probe,0.0,0.009714230343163544,361,9995
quora,5,5,False,14,2014206,False,1.0066738864036016,0.8220183579272292,0.8874780855148127,0.9813353671074457,0.9564959924335921,0.8869378153797451,0.8752213656496454,0.9813353671074457,0.9813353671074457,0.9813353671074457,glob_probe,glob_probe,0.0,0.012256719865167298,329,9995
quora,5,5,False,15,2015206,False,0.7160066940974186,0.8220183579272292,0.8680574416091588,0.9812297415392437,0.9563352309382932,0.8867741112366518,0.8750576615065523,0.9812297415392437,0.9812297415392437,0.9812297415392437,glob_probe,glob_probe,0.0,0.007000219897393523,419,9995
quora,5,5,False,16,2016206,False,0.38960895474871843,0.8220183579272292,0.82758649589188,0.9812297415392437,0.9563352309382932,0.8867741112366518,0.8750576615065523,0.9812297415392437,0.9812297415392437,0.82758649589188,glob_probe,ad_probe,0.0,0.04747116561467224,320,9995
quora,5,5,False,17,2017206,False,0.8861387877683925,0.8220183579272292,0.8801579468715288,0.9812297415392437,0.9563352309382932,0.8868074612449893,0.8750910115148898,0.9812297415392437,0.9812297415392437,0.9812297415392437,glob_probe,glob_probe,0.0,0.005066935356639046,352,9995
quora,5,5,False,18,2018206,False,0.9145022272090105,0.8220183579272292,0.8814276196381527,0.9812297415392437,0.9563352309382932,0.8867741112366518,0.8751076865190585,0.9812297415392437,0.9812297415392437,0.8814276196381527,glob_probe,ad_probe,0.0,0.00631993311909429,323,9995
quora,5,5,False,19,2019206,False,0.8217386079275397,0.8220183579272292,0.875007636494046,0.9812297415392437,0.9563352309382932,0.886824136249158,0.8751076865190585,0.9812297415392437,0.9812297415392437,0.9812297415392437,glob_probe,glob_probe,0.0,0.00010005002501245475,293,9995
quora,5,5,False,20,2020206,False,0.7574543452526031,0.8220183579272292,0.8705174722134571,0.9812297415392437,0.9563352309382932,0.8868074612449893,0.8751243615232271,0.9812297415392437,0.9812297415392437,0.9812297415392437,glob_probe,glob_probe,0.0,0.004606889309770046,360,9995
quora,5,5,False,21,2021206,False,1.0187640945662926,0.8220183579272292,0.8875928539413376,0.9812297415392437,0.9563352309382932,0.8867741112366518,0.8750576615065523,0.9812297415392437,0.9812297415392437,0.8875928539413376,glob_probe,ad_probe,0.0,0.012535192434785292,371,9995
quora,5,5,False,22,2022206,False,0.8652542759818519,0.8220183579272292,0.8787554263194335,0.9812297415392437,0.9563852559507995,0.8870075612950143,0.8752911115649147,0.9812297415392437,0.9812297415392437,0.9812297415392437,glob_probe,glob_probe,0.0,0.0034643147545188047,386,9995
quora,5,5,False,23,2023206,False,0.73656222716336,0.8220183579272292,0.8692911646152136,0.9812297415392437,0.9563352309382932,0.8867741112366518,0.8750576615065523,0.9812297415392437,0.9812297415392437,0.8692911646152136,glob_probe,ad_probe,0.0,0.005766496891338679,362,9995
quora,5,5,False,24,2024206,False,1.4957198154062548,0.8220183579272292,0.908080176452805,0.9813197865617549,0.9564419509649731,0.8869008412683342,0.8752044015432373,0.9813197865617549,0.9813197865617549,0.9813197865617549,glob_probe,glob_probe,0.0,0.03287577490956772,359,9995
quora,5,5,False,25,2025206,False,0.7384340486187627,0.8220183579272292,0.8693536958808464,0.9812297415392437,0.9563352309382932,0.8867741112366518,0.8750576615065523,0.9812297415392437,0.9812297415392437,0.8693536958808464,glob_probe,ad_probe,0.0,0.0057039656257058535,362,9995
quora,5,5,False,26,2026206,False,0.9548706618073107,0.8220183579272292,0.884276960975488,0.9812297415392437,0.956335230938293,0.8868074612449893,0.8750910115148898,0.9812297415392437,0.9812297415392437,0.9812297415392437,glob_probe,glob_probe,0.0,0.009185949460598253,427,9995
quora,5,5,False,27,2027206,False,1.2866359305977475,0.8220183579272292,0.9004909527812727,0.9812297415392437,0.9563935934528838,0.8868324737512425,0.8751493740294803,0.9812297415392437,0.9812297415392437,0.9812297415392437,glob_probe,glob_probe,0.0,0.025341578751792326,342,9995
quora,5,5,False,28,2028206,False,0.6414805688393759,0.8220183579272292,0.8612543377444986,0.9812297415392437,0.956335230938293,0.886824136249158,0.8751076865190585,0.9812297415392437,0.9812297415392437,0.9812297415392437,glob_probe,glob_probe,0.0,0.013853348774559904,357,9995
quora,5,5,False,29,2029206,False,1.7639392327320202,0.8220183579272292,0.9161645939422943,0.9812547540454969,0.9565019809799806,0.8869681476487973,0.8752607933755169,0.9812547540454969,0.9812547540454969,0.9812547540454969,glob_probe,glob_probe,0.0,0.04090380056677745,327,9995
quora,5,5,False,30,2030206,False,1.1201727588423596,0.8220183579272292,0.8929926356983633,0.9812630915475813,0.9563852559507995,0.8868408112533269,0.8751243615232271,0.9812630915475813,0.9812630915475813,0.9812630915475813,glob_probe,glob_probe,0.0,0.017868274175136145,365,9995
quora,5,5,False,31,2031206,False,1.5016202270734436,0.8220183579272292,0.9082007923162924,0.9812297415392437,0.9563352309382932,0.8868574862574956,0.8751910615399021,0.9812297415392437,0.9812297415392437,0.9812297415392437,glob_probe,glob_probe,0.0,0.033009730776390245,389,9995
quora,5,5,False,32,2032206,False,0.8436725018637926,0.8220183579272292,0.876886075713656,0.9812297415392437,0.9563352309382932,0.8867741112366518,0.8750576615065523,0.9812297415392437,0.9812297415392437,0.876886075713656,glob_probe,ad_probe,0.0,0.001828414207103668,414,9995
quora,5,5,False,33,2033206,False,0.6848678951316766,0.8220183579272292,0.8653434311633886,0.9812297415392437,0.9563352309382932,0.8867741112366518,0.8750576615065523,0.9812297415392437,0.9812297415392437,0.8653434311633886,glob_probe,ad_probe,0.0,0.009714230343163655,349,9995
quora,5,5,False,34,2034206,False,0.973342555420317,0.8220183579272292,0.8853038272224644,0.9812297415392437,0.9563352309382932,0.8867741112366518,0.8750576615065523,0.9812297415392437,0.9812297415392437,0.8853038272224644,glob_probe,ad_probe,0.0,0.010246165715912081,377,9995
quora,5,5,False,35,2035206,False,0.7009709359386915,0.8220183579272292,0.8666947822575048,0.9812297415392437,0.9563352309382932,0.8868741612616643,0.8751577115315647,0.9812297415392437,0.9812297415392437,0.9812297415392437,glob_probe,glob_probe,0.0,0.008462929274059894,395,9995
quora,5,5,False,36,2036206,False,0.5992490707106837,0.8220183579272292,0.8566167738687034,0.9812297415392437,0.9563352309382932,0.8867741112366518,0.8750576615065523,0.9812297415392437,0.9812297415392437,0.8566167738687034,glob_probe,ad_probe,0.0,0.0184408876378489,341,9995
quora,5,5,False,37,2037206,False,0.734957951979167,0.8220183579272292,0.8691933379240903,0.9812297415392437,0.9563352309382932,0.8867741112366518,0.8750910115148897,0.9812297415392437,0.9812297415392437,0.9812297415392437,glob_probe,glob_probe,0.0,0.0058976735907994016,314,9995
quora,5,5,False,38,2038206,False,1.4005820991909932,0.8220183579272292,0.9054330173763541,0.9812464165434126,0.9563685809466306,0.8868908362658332,0.8751910615399023,0.9812464165434126,0.9812464165434126,0.9812464165434126,glob_probe,glob_probe,0.0,0.030241955836451728,358,9995
quora,5,5,False,39,2039206,False,1.2014467437699803,0.8220183579272292,0.8966000760815136,0.9812297415392437,0.9563352309382932,0.8868741612616643,0.8751577115315647,0.9812297415392437,0.9812297415392437,0.9812297415392437,glob_probe,glob_probe,0.0,0.021442364549948856,350,9995
quora,5,5,False,40,2040206,False,0.6925605068314632,0.8220183579272292,0.8660743521794522,0.9812297415392437,0.9563352309382932,0.8867741112366518,0.8751577115315647,0.9812297415392437,0.9812297415392437,0.9812297415392437,glob_probe,glob_probe,0.0,0.009083359352112574,367,9995
quora,5,5,False,41,2041206,False,0.6379839268727356,0.8220183579272292,0.8608524701440317,0.9812297415392437,0.956335230938293,0.886824136249158,0.8751076865190585,0.9812297415392437,0.9812297415392437,0.9812297415392437,glob_probe,glob_probe,0.0,0.014255216375026802,335,9995
quora,5,5,False,42,2042206,False,0.8879867390205725,0.8220183579272292,0.8801579468715288,0.9812297415392437,0.9563352309382932,0.8867741112366518,0.8750576615065523,0.9812297415392437,0.9812297415392437,0.8801579468715288,glob_probe,ad_probe,0.0,0.005100285364976531,378,9995
quora,5,5,False,43,2043206,False,0.5973881003290888,0.8220183579272292,0.8565423888501071,0.9812297415392437,0.9563352309382932,0.8867741112366518,0.8750576615065523,0.9812297415392437,0.9812297415392437,0.8565423888501071,glob_probe,ad_probe,0.0,0.018515272656445148,348,9995
quora,5,5,False,44,2044206,False,0.4229104712882557,0.8220183579272292,0.8331378005463647,0.9812297415392437,0.9563352309382932,0.8867741112366518,0.8750576615065523,0.9812297415392437,0.9812297415392437,0.8331378005463647,glob_probe,ad_probe,0.0,0.04191986096018763,333,9995
quora,5,5,False,45,2045206,False,0.7923483892406247,0.8220183579272292,0.8728015334425203,0.9812297415392437,0.9563352309382932,0.8867741112366518,0.8750576615065523,0.9812297415392437,0.9812297415392437,0.8728015334425203,glob_probe,ad_probe,0.0,0.0022561280640319703,327,9995
quora,5,5,False,46,2046206,False,0.6161797929770716,0.8220183579272292,0.8589938967470576,0.9812297415392437,0.9563352309382932,0.8867741112366518,0.8750576615065523,0.9812297415392437,0.9812297415392437,0.9812297415392437,glob_probe,glob_probe,0.0,0.01606376475949467,359,9995
quora,5,5,False,47,2047206,False,1.2125426748084112,0.8220183579272292,0.8973078542130036,0.98127976655175,0.9564352809633058,0.8868991737679174,0.8751827240378178,0.98127976655175,0.98127976655175,0.98127976655175,glob_probe,glob_probe,0.0,0.022125130175185803,354,9995
quora,5,5,False,48,2048206,False,1.328850975748516,0.8220183579272292,0.9026700846834564,0.9812422477923702,0.956397762203926,0.8869491987804237,0.8752327490503241,0.9812422477923702,0.9812422477923702,0.9812422477923702,glob_probe,glob_probe,0.0,0.02743733563313233,384,9995
quora,5,5,False,49,2049206,False,0.5367592650139217,0.8220183579272292,0.8494578243381651,0.9812297415392437,0.9564352809633058,0.8868741612616643,0.875207736544071,0.9812297415392437,0.9812297415392437,0.9812297415392437,glob_probe,glob_probe,0.0,0.025749912205905945,322,9995
quora,10,10,False,0,163,False,0.9550869375037891,0.8220183579272292,0.8842857749366035,0.9812266032717458,0.9563696830058299,0.8868175417227562,0.8751014841599589,0.9812266032717458,0.9812266032717458,0.9812266032717458,glob_probe,glob_probe,0.0,0.009184290776644621,703,9990
quora,10,10,False,1,1163,False,0.5884914324590921,0.8220183579272292,0.8556662485506973,0.9812346470297896,0.9563276767138236,0.8867460416512563,0.8750237278322025,0.9812346470297896,0.9812346470297896,0.9812346470297896,glob_probe,glob_probe,0.0,0.01935747928150522,717,9990
quora,10,10,False,2,2163,False,0.6788025938813192,0.8220183579272292,0.8649857451929999,0.9812954220905646,0.9564985618847086,0.887019410257958,0.8752970964389045,0.9812954220905646,0.9812954220905646,0.9812954220905646,glob_probe,glob_probe,0.0,0.010311351245904654,653,9990
quora,10,10,False,3,3163,False,0.6574439793987708,0.8220183579272292,0.8629449888978578,0.9812203470154895,0.9563634267495736,0.8869176418228564,0.8751953280038027,0.9812203470154895,0.9812203470154895,0.9812203470154895,glob_probe,glob_probe,0.0,0.012250339105944974,721,9990
quora,10,10,False,4,4163,False,0.7271345151151027,0.8220183579272292,0.8687462207337378,0.9812203470154895,0.9564134767996237,0.8868175417227562,0.8750952279037026,0.9812203470154895,0.9812203470154895,0.9812203470154895,glob_probe,glob_probe,0.0,0.006349007169964893,776,9990
quora,10,10,False,5,5163,False,0.616414104993734,0.8220183579272292,0.858973373171856,0.9812203470154895,0.9563634267495736,0.8868675917728063,0.8751452779537527,0.9812203470154895,0.9812203470154895,0.9812203470154895,glob_probe,glob_probe,0.0,0.016171904781896784,729,9990
quora,10,10,False,6,6163,False,0.6312943028784583,0.8220183579272292,0.8604925364454051,0.9812203470154895,0.9563133766995235,0.8869176418228564,0.8751953280038027,0.9812203470154895,0.9812203470154895,0.9812203470154895,glob_probe,glob_probe,0.0,0.014702791558397599,690,9990
quora,10,10,False,7,7163,False,1.1166548915289924,0.8220183579272292,0.8929641034839982,0.9812203470154895,0.9563384017245484,0.8868675917728063,0.8751452779537527,0.9812203470154895,0.9812203470154895,0.9812203470154895,glob_probe,glob_probe,0.0,0.017818825530245497,711,9990
quora,10,10,False,8,8163,False,1.004893679096173,0.8220183579272292,0.8871044953430431,0.9812328595280021,0.9563133766995235,0.8868175417227562,0.8750952279037026,0.9812328595280021,0.9563133766995235,0.9812328595280021,trunc,glob_probe,0.024919482828478556,0.012009267439340499,698,9990
quora,10,10,False,9,9163,False,0.7104440205379683,0.8220183579272292,0.8679413542425968,0.9812203470154895,0.956346743399557,0.8868509084227897,0.875128594603736,0.9812203470154895,0.9812203470154895,0.9812203470154895,glob_probe,glob_probe,0.0,0.007187240361139269,756,9990
quora,10,10,False,10,10163,False,0.4795686335893241,0.8220183579272292,0.8416917831241529,0.9814205472156899,0.9565135768997236,0.8870177419229565,0.8752954281039028,0.9814205472156899,0.9814205472156899,0.9814205472156899,glob_probe,glob_probe,0.0,0.03360364497974988,723,9990
quora,10,10,False,11,11163,False,0.6165033461648377,0.8220183579272292,0.858983383181866,0.9812203470154895,0.9563133766995235,0.8867574816626961,0.8750351678436425,0.9812203470154895,0.9812203470154895,0.9812203470154895,glob_probe,glob_probe,0.0,0.01605178466177659,698,9990
quora,10,10,False,12,12163,False,1.6100230419379766,0.8220183579272292,0.9120040699836649,0.9812203470154895,0.9563133766995234,0.8868008583727396,0.875078544553686,0.9812203470154895,0.9812203470154895,0.9812203470154895,glob_probe,glob_probe,0.0,0.036925525429978845,852,9990
quora,10,10,False,13,13163,False,0.6528360185491615,0.8220183579272292,0.8625412518274539,0.9813404671356097,0.9565169135697271,0.88707112864301,0.8753488148239562,0.9813404671356097,0.9813404671356097,0.9813404671356097,glob_probe,glob_probe,0.0,0.01280756299650232,642,9990
quora,10,10,False,14,14163,False,0.735316204028341,0.8220183579272292,0.8692947026244194,0.9812203470154895,0.9563133766995235,0.8869176418228564,0.8751953280038027,0.9812203470154895,0.9812203470154895,0.9812203470154895,glob_probe,glob_probe,0.0,0.005900625379383295,734,9990
quora,10,10,False,15,15163,False,0.8103606925206415,0.8220183579272292,0.8743745071829818,0.9812703970655396,0.9564134767996237,0.8868175417227562,0.8750952279037026,0.9812703970655396,0.9812703970655396,0.9812703970655396,glob_probe,glob_probe,0.0,0.0007207207207208244,714,9990
quora,10,10,False,16,16163,False,1.2411579844038494,0.8220183579272292,0.8984615210976092,0.9812537137155231,0.9564218184746319,0.8869426668478814,0.8752203530288278,0.9812537137155231,0.9812537137155231,0.9812537137155231,glob_probe,glob_probe,0.0,0.023241168068781404,766,9990
quora,10,10,False,17,17163,False,1.0522546384628941,0.8220183579272292,0.8893562250947732,0.9812203470154895,0.9563133766995235,0.8867674916727062,0.8750451778536527,0.9812203470154895,0.9812203470154895,0.9812203470154895,glob_probe,glob_probe,0.0,0.014311047241120534,788,9990
quora,10,10,False,18,18163,False,0.4863049690513318,0.8220183579272292,0.8422387825044856,0.9812203470154895,0.9564134767996237,0.8868175417227562,0.8750952279037026,0.9812203470154895,0.9812203470154895,0.9812203470154895,glob_probe,glob_probe,0.0,0.03285644539921706,747,9990
quora,10,10,False,19,19163,False,0.8941419116443587,0.8220183579272292,0.8805864909186921,0.9812203470154895,0.9563133766995235,0.8868675917728063,0.8751452779537527,0.9812203470154895,0.9812203470154895,0.9812203470154895,glob_probe,glob_probe,0.0,0.005441212964939379,707,9990
quora,10,10,False,20,20163,False,0.754478887076947,0.8220183579272292,0.870456836980998,0.9812537137155231,0.9563467433995568,0.8869009584728397,0.8752120113538195,0.9812537137155231,0.9812537137155231,0.9812537137155231,glob_probe,glob_probe,0.0,0.00475517437282158,722,9990
quora,10,10,False,21,21163,False,0.9413905008068608,0.8220183579272292,0.8832413972255592,0.9812203470154895,0.9563133766995235,0.8867174416226561,0.8749951278036026,0.9812203470154895,0.9812203470154895,0.8832413972255592,glob_probe,ad_probe,0.0,0.008246269421956609,811,9990
quora,10,10,False,22,22163,False,0.9019181824246765,0.8220183579272292,0.8806741976730655,0.9812203470154895,0.9563133766995235,0.8867174416226561,0.8749951278036026,0.9812203470154895,0.9812203470154895,0.8806741976730655,glob_probe,ad_probe,0.0,0.005679069869462983,786,9990
quora,10,10,False,23,23163,False,1.0812431718051525,0.8220183579272292,0.8916996048583884,0.9812314692488341,0.9564134767996237,0.8870121808062843,0.8753399170372808,0.9812314692488341,0.9812314692488341,0.9812314692488341,glob_probe,glob_probe,0.0,0.016359687821107638,755,9990
quora,10,10,False,24,24163,False,0.9937300018209756,0.8220183579272292,0.8864085362260313,0.9812203470154895,0.9563133766995234,0.8867674916727062,0.8750451778536527,0.9812203470154895,0.9812203470154895,0.9812203470154895,glob_probe,glob_probe,0.0,0.011363358372378674,744,9990
quora,10,10,False,25,25163,False,1.039862570669016,0.8220183579272292,0.8890798039850185,0.9812203470154895,0.9564134767996237,0.8869676918729064,0.8752453780538528,0.9812203470154895,0.9812203470154895,0.9812203470154895,glob_probe,glob_probe,0.0,0.013834425931165684,791,9990
quora,10,10,False,26,26163,False,1.100312441860082,0.8220183579272292,0.8924206433572046,0.9812203470154895,0.9563133766995235,0.8868175417227562,0.8751953280038027,0.9812203470154895,0.9812203470154895,0.9812203470154895,glob_probe,glob_probe,0.0,0.017225315353401882,799,9990
quora,10,10,False,27,27163,False,1.5769926628850786,0.8220183579272292,0.9112082280555767,0.9812203470154895,0.9563467433995568,0.8869009584728397,0.8752120113538194,0.9812203470154895,0.9812203470154895,0.9812203470154895,glob_probe,glob_probe,0.0,0.03599621670175723,833,9990
quora,10,10,False,28,28163,False,1.1293106107596036,0.8220183579272292,0.8933927066903792,0.9812703970655396,0.9563634267495736,0.8868675917728063,0.8751452779537527,0.9812703970655396,0.9812703970655396,0.9812703970655396,glob_probe,glob_probe,0.0,0.018247428736626436,713,9990
quora,10,10,False,29,29163,False,0.8068826662792481,0.8220183579272292,0.8740992319077066,0.9812203470154895,0.9563133766995235,0.8867674916727062,0.8750952279037026,0.9812203470154895,0.9812203470154895,0.9812203470154895,glob_probe,glob_probe,0.0,0.0009959959959960907,806,9990
quora,10,10,False,30,30163,False,0.9572655743240519,0.8220183579272292,0.8842667082508703,0.9812203470154895,0.9563133766995234,0.8867174416226561,0.875028494503636,0.9812203470154895,0.9812203470154895,0.9812203470154895,glob_probe,glob_probe,0.0,0.009238213747234325,747,9990
quora,10,10,False,31,31163,False,0.8278283700978856,0.8220183579272292,0.8755740400491814,0.9812203470154895,0.956346743399557,0.8869009584728397,0.8751786446537861,0.9812203470154895,0.9812203470154895,0.9812203470154895,glob_probe,glob_probe,0.0,0.00039539539539523716,728,9990
quora,10,10,False,32,32163,False,0.5851946171398006,0.8220183579272292,0.8549578778423267,0.9812203470154895,0.9563133766995235,0.8867174416226561,0.8749951278036026,0.9812203470154895,0.9812203470154895,0.9812203470154895,glob_probe,glob_probe,0.0,0.02003724996127587,749,9990
quora,10,10,False,33,33163,False,0.6409669537994613,0.8220183579272292,0.8611848954710976,0.9812203470154895,0.9564134767996237,0.8869176418228564,0.8751953280038027,0.9812203470154895,0.9812203470154895,0.9812203470154895,glob_probe,glob_probe,0.0,0.014010432532705175,713,9990
quora,10,10,False,34,34163,False,0.7508204952612108,0.8220183579272292,0.8702922279275002,0.9812703970655396,0.9564635268496737,0.8868675917728063,0.8751452779537527,0.9812703970655396,0.9812703970655396,0.9812703970655396,glob_probe,glob_probe,0.0,0.004853050026252581,756,9990
quora,10,10,False,35,35163,False,1.137116359717371,0.8220183579272292,0.8939165638809029,0.981293753755563,0.9564068034596169,0.8869109684828498,0.8751886546637961,0.981293753755563,0.981293753755563,0.981293753755563,glob_probe,glob_probe,0.0,0.018727909217106764,753,9990
quora,10,10,False,36,36163,False,0.8735342638317224,0.8220183579272292,0.8794477918804496,0.9812537137155231,0.9564849768711238,0.8868890417942563,0.8752668280753029,0.9812537137155231,0.9812537137155231,0.9812537137155231,glob_probe,glob_probe,0.0,0.004180963805146765,747,9990
quora,10,10,False,37,37163,False,0.9794650372887843,0.8220183579272292,0.8856484904659857,0.9812537137155231,0.9563801100995902,0.886784175022723,0.8750618612036695,0.9812537137155231,0.9812537137155231,0.9812537137155231,glob_probe,glob_probe,0.0,0.010586629262316238,745,9990
quora,10,10,False,38,38163,False,1.351175055200423,0.8220183579272292,0.9034473954492623,0.9812203470154895,0.9563133766995234,0.8868675917728063,0.8751577904662652,0.9812203470154895,0.9812203470154895,0.9812203470154895,glob_probe,glob_probe,0.0,0.028289604982997152,784,9990
quora,10,10,False,39,39163,False,1.1991086088295457,0.8220183579272292,0.896631741117924,0.9813121054405815,0.9564885518746987,0.8869259834978648,0.8752620614038696,0.9813121054405815,0.9813121054405815,0.9813121054405815,glob_probe,glob_probe,0.0,0.021369679714054346,727,9990
quora,10,10,False,40,40163,False,0.9322152296654087,0.8220183579272292,0.8829994886503172,0.9812620553905312,0.9564134767996237,0.8869593501978982,0.8752370363788446,0.9812620553905312,0.9812620553905312,0.9812620553905312,glob_probe,glob_probe,0.0,0.007762452271472542,697,9990
quora,10,10,False,41,41163,False,0.8903636311274787,0.8220183579272292,0.8804663707985719,0.9812203470154895,0.9563300600495402,0.8868675917728063,0.8751452779537527,0.9812203470154895,0.9812203470154895,0.9812203470154895,glob_probe,glob_probe,0.0,0.005321092844819186,715,9990
quora,10,10,False,42,42163,False,0.735258662257495,0.8220183579272292,0.8693948027245195,0.9812203470154895,0.9564134767996237,0.8870177419229565,0.8752954281039028,0.9812203470154895,0.9812203470154895,0.9812203470154895,glob_probe,glob_probe,0.0,0.005900625379383295,711,9990
quora,10,10,False,43,43163,False,1.1062323366227444,0.8220183579272292,0.8926854915387195,0.9812203470154895,0.9564134767996237,0.8868509084227897,0.8751536196287611,0.9812203470154895,0.9812203470154895,0.9812203470154895,glob_probe,glob_probe,0.0,0.017531871909958308,751,9990
quora,10,10,False,44,44163,False,0.6354024409880232,0.8220183579272292,0.8608428867957555,0.9812203470154895,0.9565135768997238,0.8870177419229565,0.8752954281039028,0.9812203470154895,0.9812203470154895,0.9812203470154895,glob_probe,glob_probe,0.0,0.014452541308147326,683,9990
quora,10,10,False,45,45163,False,0.6528191491062201,0.8220183579272292,0.8623877650073004,0.9812203470154895,0.9563133766995235,0.8869176418228564,0.8751953280038027,0.9812203470154895,0.9812203470154895,0.9812203470154895,glob_probe,glob_probe,0.0,0.01280756299650232,710,9990
quora,10,10,False,46,46163,False,1.0403406280245664,0.8220183579272292,0.8889296538348683,0.9812203470154895,0.9563133766995234,0.8868175417227562,0.8750952279037026,0.9812203470154895,0.9812203470154895,0.9812203470154895,glob_probe,glob_probe,0.0,0.013834425931165684,783,9990
quora,10,10,False,47,47163,False,0.8996536654395221,0.8220183579272292,0.8808100478089157,0.9813204471155896,0.9564134767996235,0.8869676918729064,0.8752954281039028,0.9813204471155896,0.9813204471155896,0.9813204471155896,glob_probe,glob_probe,0.0,0.00551461970501288,765,9990
quora,10,10,False,48,48163,False,1.1661246225490811,0.8220183579272292,0.8952941481136644,0.9812658470609896,0.9563952767814236,0.8869686018738165,0.8752462880547628,0.9812658470609896,0.9812658470609896,0.9812658470609896,glob_probe,glob_probe,0.0,0.02004786005890158,707,9990
quora,10,10,False,49,49163,False,0.8122377350590249,0.8220183579272292,0.874474607283082,0.9813204471155896,0.9564134767996237,0.8868175417227562,0.8751452779537527,0.9813204471155896,0.9813204471155896,0.9813204471155896,glob_probe,glob_probe,0.0,0.0006706706706707255,726,9990
quora,20,20,False,0,2200732,False,0.806331174713093,0.8220183579272292,0.873922978633065,0.98120152972793,0.9562696025278798,0.8867041324459253,0.8749700728214418,0.98120152972793,0.98120152972793,0.98120152972793,glob_probe,glob_probe,0.0,0.0010470941883767848,1475,9980
quora,20,20,False,1,2201732,False,0.62904276721515,0.8220183579272292,0.8603233254805558,0.9812766800285312,0.9563447528284811,0.8868126828801272,0.8750786232556437,0.9812766800285312,0.9812766800285312,0.9812766800285312,glob_probe,glob_probe,0.0,0.014755297775087883,1444,9980
quora,20,20,False,2,2202732,False,0.8553987831004802,0.8220183579272292,0.8777197879379495,0.98120152972793,0.9563197027282808,0.8866540322455245,0.8749700728214418,0.98120152972793,0.98120152972793,0.98120152972793,glob_probe,glob_probe,0.0,0.0027497151165076783,1525,9980
quora,20,20,False,3,2203732,False,0.8364223788947419,0.8220183579272292,0.8762705905235126,0.9812391048782305,0.9563259652533307,0.8867855452715766,0.875101585847494,0.9812391048782305,0.9812391048782305,0.9812391048782305,glob_probe,glob_probe,0.0,0.001169004676018659,1451,9980
quora,20,20,False,4,2204732,False,0.5687646145792229,0.8220183579272292,0.8532641710263461,0.98120152972793,0.9563030026614804,0.8869546334479294,0.8752205738234459,0.98120152972793,0.98120152972793,0.98120152972793,glob_probe,glob_probe,0.0,0.02195640279709976,1400,9980
quora,20,20,False,5,2205732,False,0.789756644500996,0.8220183579272292,0.8729326646718092,0.9812349298615305,0.9563280527616809,0.886871133113928,0.8752372738902462,0.9812349298615305,0.9812349298615305,0.9812349298615305,glob_probe,glob_probe,0.0,0.0023046092184370037,1488,9980
quora,20,20,False,6,2206732,False,0.8123872080254223,0.8220183579272292,0.874674481639077,0.9813518303291323,0.9564199031290822,0.8870798839489313,0.8753458243244479,0.9813518303291323,0.9813518303291323,0.9813518303291323,glob_probe,glob_probe,0.0,0.0006713426853708349,1460,9980
quora,20,20,False,7,2207732,False,0.7534592078313995,0.8220183579272292,0.8703854844462429,0.9812516299283307,0.9563197027282806,0.8868293829469274,0.8751788236564453,0.9812516299283307,0.9812516299283307,0.9812516299283307,glob_probe,glob_probe,0.0,0.004793339210202419,1333,9980
quora,20,20,False,8,2208732,False,0.6053070086717836,0.8220183579272292,0.8576028867942045,0.9813128635065984,0.9564588699516162,0.8870103003372637,0.87527624071278,0.9813128635065984,0.9813128635065984,0.9813128635065984,glob_probe,glob_probe,0.0,0.017673353918575496,1367,9980
quora,20,20,False,9,2209732,False,0.8634090068873576,0.8220183579272292,0.8787282670451259,0.98120152972793,0.9562839168708515,0.887011890819816,0.8752921455383041,0.98120152972793,0.98120152972793,0.98120152972793,glob_probe,glob_probe,0.0,0.00343612150682171,1441,9980
quora,20,20,False,10,2210732,False,0.8782236082264185,0.8220183579272292,0.8793933212071742,0.9812516299283307,0.9563698029286815,0.8867542326463261,0.8750201730218427,0.9812516299283307,0.9812516299283307,0.9812516299283307,glob_probe,glob_probe,0.0,0.004373148185331521,1501,9980
quora,20,20,False,11,2211732,False,0.732651930265893,0.8220183579272292,0.869077002787585,0.98120152972793,0.9562696025278798,0.8867208325127257,0.8749867728882422,0.98120152972793,0.98120152972793,0.98120152972793,glob_probe,glob_probe,0.0,0.005909770100657186,1497,9980
quora,20,20,False,12,2212732,False,0.7276045636482311,0.8220183579272292,0.8689303351833707,0.9813017301287316,0.9563698029286815,0.8868945132074484,0.8752857040839669,0.9813017301287316,0.9813017301287316,0.9813017301287316,glob_probe,glob_probe,0.0,0.006355368900596181,1590,9980
quora,20,20,False,13,2213732,False,0.6953321093623444,0.8220183579272292,0.8663136454906908,0.9812416098882507,0.9563096826882004,0.8868844931673683,0.8751504335428848,0.9812416098882507,0.9812416098882507,0.9812416098882507,glob_probe,glob_probe,0.0,0.008836788052194011,1379,9980
quora,20,20,False,14,2214732,False,0.6373557552515119,0.8220183579272292,0.8610341121332261,0.9812516299283307,0.9564199031290822,0.8869746735280897,0.8753408143044078,0.9812516299283307,0.9812516299283307,0.9812516299283307,glob_probe,glob_probe,0.0,0.014306702171181684,1392,9980
quora,20,20,False,15,2215732,False,0.738765572087517,0.8220183579272292,0.8694829850029118,0.98120152972793,0.9562696025278798,0.8869045332475285,0.875170473623045,0.98120152972793,0.98120152972793,0.98120152972793,glob_probe,glob_probe,0.0,0.005687488620133241,1558,9980
quora,20,20,False,16,2216732,False,0.8669282578707407,0.8220183579272292,0.8788125626204034,0.9812516299283307,0.9563364027950808,0.8869713335147297,0.8752497989403463,0.9812516299283307,0.9812516299283307,0.9812516299283307,glob_probe,glob_probe,0.0,0.003562763680057146,1448,9980
quora,20,20,False,17,2217732,False,0.8823562551968095,0.8220183579272292,0.8801247841330258,0.9814090877010191,0.9566169639173254,0.8870681939021712,0.8753708744246482,0.9814090877010191,0.9814090877010191,0.9814090877010191,glob_probe,glob_probe,0.0,0.004753909708377524,1397,9980
quora,20,20,False,18,2218732,False,0.9544894888294861,0.8220183579272292,0.8840429083116235,0.98120152972793,0.9562696025278798,0.886677412339045,0.8749633927947218,0.98120152972793,0.98120152972793,0.98120152972793,glob_probe,glob_probe,0.0,0.00907951551690167,1511,9980
quora,20,20,False,19,2219732,False,0.8024676494441583,0.8220183579272292,0.8736164131210887,0.9812301584138734,0.9562982312138233,0.8869236190381575,0.8752146095138744,0.9812301584138734,0.9812301584138734,0.9812301584138734,glob_probe,glob_probe,0.0,0.001598196392785689,1520,9980
quora,20,20,False,20,2220732,False,0.5806965303794303,0.8220183579272292,0.8542604885606533,0.98120152972793,0.9563030026614803,0.8866373321787243,0.8749032725542408,0.98120152972793,0.98120152972793,0.98120152972793,glob_probe,glob_probe,0.0,0.020642783993587543,1378,9980
quora,20,20,False,21,2221732,False,0.7589443806986683,0.8220183579272292,0.8706101003447064,0.98120152972793,0.9562696025278798,0.8867241725260857,0.874990112901602,0.98120152972793,0.98120152972793,0.98120152972793,glob_probe,glob_probe,0.0,0.004380012556895574,1522,9980
quora,20,20,False,22,2222732,False,0.8384489366673876,0.8220183579272292,0.8766183694146283,0.9813518303291323,0.9566036038638852,0.8869379333811291,0.8752205738234459,0.9813518303291323,0.9813518303291323,0.9813518303291323,glob_probe,glob_probe,0.0,0.0013977955911824713,1489,9980
quora,20,20,False,23,2223732,False,0.9273160247303216,0.8220183579272292,0.8823278114512361,0.9813017301287316,0.9563698029286815,0.8868544330471277,0.8751203734226443,0.9813017301287316,0.9813017301287316,0.9813017301287316,glob_probe,glob_probe,0.0,0.007207438028591806,1602,9980
quora,20,20,False,24,2224732,False,0.7914053594639004,0.8220183579272292,0.8726187034159641,0.98120152972793,0.9563030026614804,0.8866373321787243,0.8749032725542408,0.98120152972793,0.98120152972793,0.98120152972793,glob_probe,glob_probe,0.0,0.002284569138276682,1400,9980
quora,20,20,False,25,2225732,False,1.0013965684664743,0.8220183579272292,0.8866540322455245,0.98120152972793,0.9562696025278798,0.8866540322455245,0.874919972621041,0.98120152972793,0.98120152972793,0.98120152972793,glob_probe,glob_probe,0.0,0.011734059624483484,1541,9980
quora,20,20,False,26,2226732,False,0.7999630938924478,0.8220183579272292,0.873224915840814,0.9812215698080904,0.956349762848521,0.8867542326463261,0.8750402131020031,0.9812215698080904,0.9812215698080904,0.9812215698080904,glob_probe,glob_probe,0.0,0.0018152972611891194,1426,9980
quora,20,20,False,27,2227732,False,1.0552888993616263,0.8220183579272292,0.8894307303303389,0.9812265798281303,0.9563280527616806,0.8867792827465265,0.875045223122043,0.9812265798281303,0.9812265798281303,0.9812265798281303,glob_probe,glob_probe,0.0,0.0143855072082959,1462,9980
quora,20,20,False,28,2228732,False,0.8312842732709516,0.8220183579272292,0.8760973273304599,0.9812516299283307,0.9564199031290822,0.8869462834145293,0.8752122237900457,0.9812516299283307,0.9812516299283307,0.9812516299283307,glob_probe,glob_probe,0.0,0.0008851035404141561,1385,9980
quora,20,20,False,29,2229732,False,0.7985336855547742,0.8220183579272292,0.8734718803580838,0.9813253066936262,0.9564287443409176,0.8869644570166355,0.8752637975257526,0.9813253066936262,0.9813253066936262,0.9813253066936262,glob_probe,glob_probe,0.0,0.0017919171676687995,1447,9980
quora,20,20,False,30,2230732,False,0.9326716179622635,0.8220183579272292,0.8827069029676021,0.98120152972793,0.9562696025278798,0.8866707323123247,0.8749366726878415,0.98120152972793,0.98120152972793,0.98120152972793,glob_probe,glob_probe,0.0,0.007770230279760648,1542,9980
quora,20,20,False,31,2231732,False,0.7288402110936416,0.8220183579272292,0.8691056858847735,0.98120152972793,0.9562696025278798,0.8869947136082499,0.8752606539837666,0.98120152972793,0.98120152972793,0.98120152972793,glob_probe,glob_probe,0.0,0.006154968098993074,1423,9980
quora,20,20,False,32,2232732,False,1.0001019060525427,0.8220183579272292,0.8867580865078956,0.98120152972793,0.9563081411435728,0.8867580865078956,0.8750240268834119,0.98120152972793,0.98120152972793,0.98120152972793,glob_probe,glob_probe,0.0,0.011734059624483706,1570,9980
quora,20,20,False,33,2233732,False,1.0800795463952784,0.8220183579272292,0.8915402913918694,0.9812432798949305,0.956411553095682,0.8869045332475285,0.875170473623045,0.9812432798949305,0.9812432798949305,0.9812432798949305,glob_probe,glob_probe,0.0,0.016369817768824402,1507,9980
quora,20,20,False,34,2234732,False,1.019004579790361,0.8220183579272292,0.8876894363871412,0.98120152972793,0.9564733433428431,0.8868694631072479,0.8751688036163651,0.98120152972793,0.98120152972793,0.98120152972793,glob_probe,glob_probe,0.0,0.012520632770776086,1381,9980
quora,20,20,False,35,2235732,False,0.6914602779512657,0.8220183579272292,0.8660320091586661,0.9812825136135094,0.9563774895347702,0.8868102350621168,0.8750775480458631,0.9812825136135094,0.9812825136135094,0.9812825136135094,glob_probe,glob_probe,0.0,0.009045538887197058,1460,9980
quora,20,20,False,36,2236732,False,0.9428645744149466,0.8220183579272292,0.8834083057732133,0.9813017301287316,0.9563698029286815,0.8868377329803275,0.875103673355844,0.9813017301287316,0.9813017301287316,0.9813017301287316,glob_probe,glob_probe,0.0,0.008304632417369229,1458,9980
quora,20,20,False,37,2237732,False,0.6029241696624441,0.8220183579272292,0.8572464106840895,0.9812911827181209,0.9566598567204755,0.8870829602770263,0.8753823007861432,0.9812911827181209,0.9812911827181209,0.9812911827181209,glob_probe,glob_probe,0.0,0.018135890102053742,1448,9980
quora,20,20,False,38,2238732,False,0.8602434210543695,0.8220183579272292,0.8783672275057296,0.98120152972793,0.9562696025278798,0.8868293829469274,0.8750953233224439,0.98120152972793,0.98120152972793,0.98120152972793,glob_probe,glob_probe,0.0,0.003271904183285712,1395,9980
quora,20,20,False,39,2239732,False,0.7678510627795065,0.8220183579272292,0.8716529002301916,0.98120152972793,0.9564413746435397,0.887011890819816,0.8752921455383041,0.98120152972793,0.98120152972793,0.98120152972793,glob_probe,glob_probe,0.0,0.0036392453081125486,1377,9980
quora,20,20,False,40,2240732,False,0.8334843328731432,0.8220183579272292,0.876177487651101,0.981321770208892,0.956409883089002,0.8867842927665667,0.875100333342484,0.981321770208892,0.981321770208892,0.981321770208892,glob_probe,glob_probe,0.0,0.00107715430861699,1442,9980
quora,20,20,False,41,2241732,False,0.9001379399019,0.8220183579272292,0.8807514549567346,0.9812086868994159,0.9563197027282806,0.8867649684035549,0.8750810089794722,0.9812086868994159,0.9812086868994159,0.9812086868994159,glob_probe,glob_probe,0.0,0.005670445977262406,1426,9980
quora,20,20,False,42,2242732,False,0.7521306868424543,0.8220183579272292,0.8702624606208144,0.98120152972793,0.9563865029954817,0.8868544330471277,0.8751203734226443,0.98120152972793,0.98120152972793,0.98120152972793,glob_probe,glob_probe,0.0,0.0048579128018299,1506,9980
quora,20,20,False,43,2243732,False,0.773472345897508,0.8220183579272292,0.8717022626913778,0.9812516299283307,0.9564199031290821,0.8868377329803275,0.875103673355844,0.9812516299283307,0.9812516299283307,0.9812516299283307,glob_probe,glob_probe,0.0,0.003401410664466198,1533,9980
quora,20,20,False,44,2244732,False,0.7843542319347248,0.8220183579272292,0.8725096758369968,0.98120152972793,0.9563125455567947,0.886787155635161,0.8752785469124811,0.98120152972793,0.98120152972793,0.98120152972793,glob_probe,glob_probe,0.0,0.0027688710754842916,1496,9980
quora,20,20,False,45,2245732,False,1.0043825910843223,0.8220183579272292,0.8872040211121467,0.9813585103558525,0.9564766833562031,0.8870670805643844,0.8754387880296362,0.9813585103558525,0.9813585103558525,0.9813585103558525,glob_probe,glob_probe,0.0,0.01176523308251054,1550,9980
quora,20,20,False,46,2246732,False,0.831141972158284,0.8220183579272292,0.8759887768962581,0.98120152972793,0.9563197027282806,0.8868878331807283,0.8751537735562448,0.98120152972793,0.98120152972793,0.98120152972793,glob_probe,glob_probe,0.0,0.0008350033400132961,1393,9980
quora,20,20,False,47,2247732,False,0.9507673528177477,0.8220183579272292,0.8838274774499001,0.9812140547780301,0.9563322277783808,0.8867792827465265,0.8750953233224439,0.9812140547780301,0.9812140547780301,0.9812140547780301,glob_probe,glob_probe,0.0,0.008732154127456204,1431,9980
quora,20,20,False,48,2248732,False,0.7085496368739438,0.8220183579272292,0.8674817096409695,0.9812549699416907,0.9563230427416406,0.8868110128734471,0.8751270534493643,0.9812549699416907,0.9812549699416907,0.9812549699416907,glob_probe,glob_probe,0.0,0.007645343808394767,1415,9980
quora,20,20,False,49,2249732,False,0.9158194673117588,0.8220183579272292,0.8818499683983113,0.9813604472585773,0.9564938333334788,0.8869811324123729,0.8752985455965201,0.9813604472585773,0.9813604472585773,0.9813604472585773,glob_probe,glob_probe,0.0,0.006551422801791218,1465,9980
quora,50,50,False,0,2300363,False,0.7649238766270863,0.8220183579272292,0.8715151862339168,0.9812453534356523,0.9564448430938489,0.8870353453522392,0.8753496587473133,0.9812453534356523,0.9812453534356523,0.9812453534356523,glob_probe,glob_probe,0.0,0.003834472513396525,3455,9950
quora,50,50,False,1,2301363,False,1.0119769900852025,0.8220183579272292,0.8874570466815219,0.9811841779932228,0.9562508642278139,0.8867049528791768,0.874948076994519,0.9811841779932228,0.9811841779932228,0.9811841779932228,glob_probe,glob_probe,0.0,0.01250896968700288,3723,9950
quora,50,50,False,2,2302363,False,0.9127272962585177,0.8220183579272292,0.8815619377392521,0.9812833210515094,0.9565481373428718,0.8870414871724515,0.875372550986286,0.9812833210515094,0.9812833210515094,0.9812833210515094,glob_probe,glob_probe,0.0,0.006189386752966097,3547,9950
quora,50,50,False,3,2303363,False,0.8294008962268361,0.8220183579272292,0.8758142036942704,0.9812621038544128,0.9563354070246137,0.8869521516057288,0.8752832154195634,0.9812621038544128,0.9812621038544128,0.9812621038544128,glob_probe,glob_probe,0.0,0.0005309882747069894,3550,9950
quora,50,50,False,4,2304363,False,0.881350345570596,0.8220183579272292,0.8796829493113162,0.9812844377460934,0.9563610910000465,0.8868147981718929,0.8751458619857276,0.9812844377460934,0.9812844377460934,0.9812844377460934,glob_probe,glob_probe,0.0,0.004537087325588551,3630,9950
quora,50,50,False,5,2305363,False,0.8395805380801309,0.8220183579272292,0.8770369842637844,0.9812453534356523,0.9563973835740276,0.8870191532807706,0.8756349742135333,0.9812453534356523,0.9812453534356523,0.9812453534356523,glob_probe,glob_probe,0.0,0.0014020100502510902,3663,9950
quora,50,50,False,6,2306363,False,0.9935120099907196,0.8220183579272292,0.8862734951656336,0.9811448509230896,0.9562633802239437,0.8866338936492799,0.8749147062068332,0.9811448509230896,0.9811448509230896,0.9811448509230896,glob_probe,glob_probe,0.0,0.011358788958800381,3729,9950
quora,50,50,False,7,2307363,False,0.662879660017434,0.8220183579272292,0.862928352337313,0.9812309959338577,0.9562573979315292,0.8866305435655277,0.8748946057043205,0.9812309959338577,0.9812309959338577,0.9812309959338577,glob_probe,glob_probe,0.0,0.011966253367007518,3476,9950
quora,50,50,False,8,2308363,False,0.7194771918419989,0.8220183579272292,0.8689961715237509,0.9811811434970705,0.9562829223791645,0.8874038545649695,0.875659541494382,0.9811811434970705,0.9811811434970705,0.9811811434970705,glob_probe,glob_probe,0.0,0.006663369970631106,3708,9950
quora,50,50,False,9,2309363,False,0.8186961567304591,0.8220183579272292,0.8744953873905293,0.9811560178689299,0.9562382545958031,0.8864323302768623,0.8746628915781341,0.9811560178689299,0.9811560178689299,0.9811560178689299,glob_probe,glob_probe,0.0,0.00016750418760480557,3674,9950
quora,50,50,False,10,2310363,False,0.734391296462648,0.8220183579272292,0.869460488140274,0.981231953100644,0.9563811915025591,0.8869331677978004,0.8753848346267102,0.981231953100644,0.981231953100644,0.981231953100644,glob_probe,glob_probe,0.0,0.005924346486436249,3668,9950
quora,50,50,False,11,2311363,False,0.7414841076523799,0.8220183579272292,0.8697008566494866,0.9811783517606105,0.9562550050145635,0.8869488015219767,0.8752798653358114,0.9811783517606105,0.9811783517606105,0.9811783517606105,glob_probe,glob_probe,0.0,0.005579008686324771,3732,9950
quora,50,50,False,12,2312363,False,0.7219070419439494,0.8220183579272292,0.8684519471338271,0.9813626063669756,0.9563722579458868,0.8867310460780907,0.8750621098919253,0.9813626063669756,0.9813626063669756,0.9813626063669756,glob_probe,glob_probe,0.0,0.006610162758098226,3584,9950
quora,50,50,False,13,2313363,False,0.9611346122587787,0.8220183579272292,0.8841496182050733,0.9812022809302684,0.9561951820904189,0.886442699583714,0.8747067617225067,0.9812022809302684,0.9812022809302684,0.9812022809302684,glob_probe,glob_probe,0.0,0.009442856482566597,3866,9950
quora,50,50,False,14,2314363,False,0.8155294242662903,0.8220183579272292,0.8745043209472019,0.9811976147421851,0.9563010686661548,0.886638918774908,0.8749096810812049,0.9811976147421851,0.9811976147421851,0.9811976147421851,glob_probe,glob_probe,0.0,0.00040536013400305215,3448,9950
quora,50,50,False,15,2315363,False,0.849646922306049,0.8220183579272292,0.8776090603303921,0.9811448509230896,0.9563957085321516,0.8867879975018762,0.875018558803148,0.9811448509230896,0.9811448509230896,0.9811448509230896,glob_probe,glob_probe,0.0,0.002590501527244049,3657,9950
quora,50,50,False,16,2316363,False,0.8057559673689432,0.8220183579272292,0.8741192135922449,0.9811813972912942,0.95629307414811,0.8870142804316766,0.8752699673610894,0.9811813972912942,0.9811813972912942,0.9811813972912942,glob_probe,glob_probe,0.0,0.001150753768844548,3671,9950
quora,50,50,False,17,2317363,False,0.930340949631821,0.8220183579272292,0.8827291826941854,0.9812582751872676,0.9563880511978609,0.8868557170520079,0.8751006358550745,0.9812582751872676,0.9812582751872676,0.9812582751872676,glob_probe,glob_probe,0.0,0.007628546839110961,3757,9950
quora,50,50,False,18,2318363,False,0.7601881089805436,0.8220183579272292,0.8708712921603745,0.9813458559482152,0.9565188241100409,0.8869836982277278,0.8752142595289996,0.9813458559482152,0.9813458559482152,0.9813458559482152,glob_probe,glob_probe,0.0,0.00434296736862505,3517,9950
quora,50,50,False,19,2319363,False,0.8698181139198515,0.8220183579272292,0.8786264028427097,0.9811448509230896,0.956162877711381,0.8864714145873034,0.8748527296574194,0.9811448509230896,0.9811448509230896,0.9811448509230896,glob_probe,glob_probe,0.0,0.003773673185290205,3736,9950
quora,50,50,False,20,2320363,False,0.8273527281214879,0.8220183579272292,0.8753755820144428,0.981259710937447,0.9564134161176983,0.8867530609141757,0.8750037227179602,0.981259710937447,0.981259710937447,0.981259710937447,glob_probe,glob_probe,0.0,0.00037185929648253513,3669,9950
quora,50,50,False,21,2321363,False,0.7371059075310407,0.8220183579272292,0.8693616606695872,0.9811699765512303,0.9563303818989856,0.8866807948218093,0.8750118586356438,0.9811699765512303,0.9811699765512303,0.9811699765512303,glob_probe,glob_probe,0.0,0.0056501979660565915,3516,9950
quora,50,50,False,22,2322363,False,0.8827654702118486,0.8220183579272292,0.8796341760331607,0.981174410485608,0.956202783120781,0.8865482694498514,0.8748290820074047,0.981174410485608,0.981174410485608,0.981174410485608,glob_probe,glob_probe,0.0,0.004805094025756018,3646,9950
quora,50,50,False,23,2323363,False,0.9094783553323885,0.8220183579272292,0.8811186897532906,0.9812680861468273,0.9563315783574685,0.8867992442116154,0.8750298055128872,0.9812680861468273,0.9812680861468273,0.9812680861468273,glob_probe,glob_probe,0.0,0.006088884240403325,3679,9950
quora,50,50,False,24,2324363,False,0.7287809733737036,0.8220183579272292,0.8687783105099985,0.981234186489812,0.9563122356119952,0.886675211348889,0.8749518363017522,0.981234186489812,0.981234186489812,0.981234186489812,glob_probe,glob_probe,0.0,0.006173525791753676,3527,9950
quora,50,50,False,25,2325363,False,0.9028417035519205,0.8220183579272292,0.8808254283951459,0.9812385735042493,0.956383424891727,0.8868929667927751,0.8751402785128075,0.9812385735042493,0.9812385735042493,0.9812385735042493,glob_probe,glob_probe,0.0,0.0056851498823383695,3717,9950
quora,50,50,False,26,2326363,False,0.9160482957229652,0.8220183579272292,0.8814922839145731,0.9811448509230896,0.9561963785489019,0.886638918774908,0.8749197313324613,0.9811448509230896,0.9811448509230896,0.9811448509230896,glob_probe,glob_probe,0.0,0.006572552582111868,3809,9950
quora,50,50,False,27,2327363,False,0.7777172540669788,0.8220183579272292,0.872010019373976,0.9812062691252113,0.9565665628035083,0.8870091030295145,0.8752508312766266,0.9812062691252113,0.9812062691252113,0.9812062691252113,glob_probe,glob_probe,0.0,0.0032408119026505755,3527,9950
quora,50,50,False,28,2328363,False,0.7832611877132901,0.8220183579272292,0.8726087318908086,0.9812565203814927,0.9563164232166852,0.8871218891825017,0.8753859513212943,0.9812565203814927,0.9812565203814927,0.9812565203814927,glob_probe,glob_probe,0.0,0.0027772194304857,3625,9950
quora,50,50,False,29,2329363,False,0.7454518139656885,0.8220183579272292,0.8694682475254351,0.9811995361137488,0.9563284112614845,0.8865315190310911,0.8747620803323629,0.9811995361137488,0.9811995361137488,0.9811995361137488,glob_probe,glob_probe,0.0,0.005293832806927856,3554,9950
quora,50,50,False,30,2330363,False,0.9280136355490257,0.8220183579272292,0.8824259264864066,0.9813336152575826,0.9564521445584367,0.8869159449313312,0.8752972600014474,0.9813336152575826,0.9813336152575826,0.9813336152575826,glob_probe,glob_probe,0.0,0.007128666484959245,3519,9950
quora,50,50,False,31,2331363,False,0.7384580125518964,0.8220183579272292,0.8694462502843275,0.9811750016768583,0.9564794606259538,0.8868348986744056,0.8751760127394965,0.9811750016768583,0.9811750016768583,0.9811750016768583,glob_probe,glob_probe,0.0,0.005729762455168985,3802,9950
quora,50,50,False,32,2332363,False,0.9944274417861811,0.8220183579272292,0.8862598371318751,0.9812621038544128,0.9564444135959319,0.8866202356155214,0.8750015506856375,0.9812621038544128,0.9812621038544128,0.9812621038544128,glob_probe,glob_probe,0.0,0.011258286446237609,3808,9950
quora,50,50,False,33,2333363,False,0.7858592832490597,0.8220183579272292,0.8727450654333061,0.981367348861699,0.9566000766057495,0.8871208692911633,0.8753681810111954,0.981367348861699,0.981367348861699,0.981367348861699,glob_probe,glob_probe,0.0,0.002623115577889301,3532,9950
quora,50,50,False,34,2334363,False,0.7649855186971457,0.8220183579272292,0.8713616407286124,0.9813458559482152,0.9565472998219336,0.8869404263125965,0.875196113242009,0.9813458559482152,0.9813458559482152,0.9813458559482152,glob_probe,glob_probe,0.0,0.003834472513396525,3612,9950
quora,50,50,False,35,2335363,False,0.8548206396014421,0.8220183579272292,0.8779574690406099,0.9811850519281147,0.9564057587834077,0.886918650768208,0.8751994633257613,0.9811850519281147,0.9811850519281147,0.9811850519281147,glob_probe,glob_probe,0.0,0.0027580057148486326,3543,9950
quora,50,50,False,36,2336363,False,0.7675818381818242,0.8220183579272292,0.8716028467587632,0.9813659564507278,0.9563923584483993,0.88692200085196,0.8751525621532319,0.9813659564507278,0.9813659564507278,0.9813659564507278,glob_probe,glob_probe,0.0,0.0035497153944686888,3644,9950
quora,50,50,False,37,2337363,False,0.9481234102376042,0.8220183579272292,0.8833942939648244,0.9811448509230896,0.9561880033395217,0.8865802923092463,0.874944856960602,0.9811448509230896,0.9811448509230896,0.9811448509230896,glob_probe,glob_probe,0.0,0.008449437004222404,3721,9950
quora,50,50,False,38,2338363,False,0.9063794323868193,0.8220183579272292,0.8811032061729238,0.9812788542731734,0.956414133992788,0.8869404263125965,0.8752379892889102,0.9812788542731734,0.9812788542731734,0.9812788542731734,glob_probe,glob_probe,0.0,0.0058652168840136465,3742,9950
quora,50,50,False,39,2339363,False,0.8550799423013629,0.8220183579272292,0.8780747219719331,0.9812101775562553,0.9563236817314815,0.8870359036995312,0.8752664650008031,0.9812101775562553,0.9812101775562553,0.9812101775562553,glob_probe,glob_probe,0.0,0.0028082569711300742,3640,9950
quora,50,50,False,40,2340363,False,0.7694240811564405,0.8220183579272292,0.8713400584582864,0.9812543898457732,0.9563076806735602,0.8864923526107539,0.87487366768087,0.9812543898457732,0.9812543898457732,0.9812543898457732,glob_probe,glob_probe,0.0,0.0035336092225836113,3689,9950
quora,50,50,False,41,2341363,False,0.8021065110133614,0.8220183579272292,0.8734652660234601,0.9813435889742477,0.9563973206025285,0.8867486780978385,0.8751352827738789,0.9813435889742477,0.9813435889742477,0.9813435889742477,glob_probe,glob_probe,0.0,0.001670016750418779,3649,9950
quora,50,50,False,42,2342363,False,0.7255137982449391,0.8220183579272292,0.8686908535929991,0.9812479982386145,0.956406640384395,0.8869664335417246,0.8752304956805174,0.9812479982386145,0.9812479982386145,0.9812479982386145,glob_probe,glob_probe,0.0,0.006539642087518227,3628,9950
quora,50,50,False,43,2343363,False,0.7982250587920133,0.8220183579272292,0.8729872115908964,0.9811592084248842,0.9562023608413164,0.8866544727351855,0.8748850340364573,0.9811592084248842,0.9811592084248842,0.9811592084248842,glob_probe,glob_probe,0.0,0.001897822445560915,3717,9950
quora,50,50,False,44,2344363,False,0.7593267161854422,0.8220183579272292,0.870745943193317,0.9811649514256022,0.9561746030045133,0.8867578467481074,0.8750889105619419,0.9811649514256022,0.9811649514256022,0.9811649514256022,glob_probe,glob_probe,0.0,0.004342967368624939,3721,9950
quora,50,50,False,45,2345363,False,0.8238628084854558,0.8220183579272292,0.875052059640669,0.9811951021793709,0.9562081038420341,0.8868047479206366,0.8750353092219086,0.9811951021793709,0.9811951021793709,0.9811951021793709,glob_probe,glob_probe,0.0,1.6750418760369534e-05,3707,9950
quora,50,50,False,46,2346363,False,0.7931237672160423,0.8220183579272292,0.8728317423680313,0.9811675132543537,0.9561973638676525,0.8868364751844066,0.8750980740263227,0.9811675132543537,0.9811675132543537,0.9811675132543537,glob_probe,glob_probe,0.0,0.002266331658291376,3696,9950
quora,50,50,False,47,2347363,False,0.9023935788965342,0.8220183579272292,0.8811700882021174,0.9812941689417544,0.9564763498338983,0.8872376265997466,0.8755351895760604,0.9812941689417544,0.9812941689417544,0.9812941689417544,glob_probe,glob_probe,0.0,0.005634898626057039,3623,9950
quora,50,50,False,48,2348363,False,0.6818455927028384,0.8220183579272292,0.8658483344534073,0.9812214242659946,0.9564727604584495,0.8873843124097488,0.8757488770611045,0.9812214242659946,0.9812214242659946,0.9812214242659946,glob_probe,glob_probe,0.0,0.009900542607697238,3530,9950
quora,50,50,False,49,2349363,False,0.9201372914382273,0.8220183579272292,0.8818853646062521,0.981362858252972,0.9565382508175132,0.8868276443577092,0.8750582056589811,0.981362858252972,0.981362858252972,0.981362858252972,glob_probe,glob_probe,0.0,0.006827158947271039,3629,9950
quora,100,100,False,0,2400155,False,0.7834167614500795,0.8220183579272292,0.872203036052194,0.9813819140630732,0.9564056435680282,0.8866884820170772,0.8749942818434397,0.9813819140630732,0.9813819140630732,0.9813819140630732,glob_probe,glob_probe,0.0,0.002791245791245789,7357,9900
quora,100,100,False,1,2401155,False,0.7621674384276597,0.8220183579272292,0.8712343987345369,0.981296857144683,0.9562627864251709,0.8869760401379689,0.8753828500653413,0.981296857144683,0.981296857144683,0.981296857144683,glob_probe,glob_probe,0.0,0.004148451330804437,7279,9900
quora,100,100,False,2,2402155,False,0.8750910137311768,0.8220183579272292,0.879080458194322,0.9811936825415082,0.9563910933034779,0.8865725208177827,0.8748624476282723,0.9811936825415082,0.9811936825415082,0.9811936825415082,glob_probe,glob_probe,0.0,0.004218010566049757,7169,9900
quora,100,100,False,3,2403155,False,0.8014360420763154,0.8220183579272292,0.8733200288709411,0.9812080788015186,0.9563181985244427,0.8867603156415427,0.8750994901504023,0.9812080788015186,0.9812080788015186,0.9812080788015186,glob_probe,glob_probe,0.0,0.0017794612794612696,7166,9900
quora,100,100,False,4,2404155,False,0.8374971935724702,0.8220183579272292,0.877059617742109,0.9812235847380771,0.9565733524024036,0.8874036495655782,0.8758272945097857,0.9812235847380771,0.9812235847380771,0.9812235847380771,glob_probe,glob_probe,0.0,0.0012323232323233624,7256,9900
quora,100,100,False,5,2405155,False,0.7564309222131737,0.8220183579272292,0.8703970169804885,0.9812465925944184,0.9563152154776,0.8866791826744447,0.8750523225681471,0.9812465925944184,0.9812465925944184,0.9812465925944184,glob_probe,glob_probe,0.0,0.004655305587658587,7193,9900
quora,100,100,False,6,2406155,False,0.9448992372623526,0.8220183579272292,0.8840966220488219,0.9813223501701759,0.9564869326493172,0.8873727853680474,0.8755775750933996,0.9813223501701759,0.9813223501701759,0.9813223501701759,glob_probe,glob_probe,0.0,0.008519046955422271,7432,9900
quora,100,100,False,7,2407155,False,0.7712593753687934,0.8220183579272292,0.871960725696937,0.9812053352723391,0.9564323918071052,0.8873181292175009,0.8754906326091968,0.9812053352723391,0.9812053352723391,0.9812053352723391,glob_probe,glob_probe,0.0,0.0035299069122598503,7519,9900
quora,100,100,False,8,2408155,False,0.8282640962592867,0.8220183579272292,0.8760186525344771,0.9811607340085597,0.9562377744001589,0.8869737954690576,0.8755186525344771,0.9811607340085597,0.9811607340085597,0.9811607340085597,glob_probe,glob_probe,0.0,0.0004999999999999449,7271,9900
quora,100,100,False,9,2409155,False,0.889743580543364,0.8220183579272292,0.8805807227445865,0.981402259539559,0.956392423649545,0.8870415203367823,0.8753136501294747,0.981402259539559,0.981402259539559,0.981402259539559,glob_probe,glob_probe,0.0,0.005267072615111834,7316,9900
quora,100,100,False,10,2410155,False,0.7769568952358257,0.8220183579272292,0.8715038971373688,0.9811953660431918,0.9562512424136271,0.8866774991727612,0.8748822888981134,0.9811953660431918,0.9811953660431918,0.9811953660431918,glob_probe,glob_probe,0.0,0.0033783917607446146,7181,9900
quora,100,100,False,11,2411155,False,0.8467991325410312,0.8220183579272292,0.8772105270592393,0.9811175751472191,0.9561717881978091,0.8865747113881551,0.8749478512818577,0.9811175751472191,0.9811175751472191,0.9811175751472191,glob_probe,glob_probe,0.0,0.0022626757773815953,7315,9900
quora,100,100,False,12,2412155,False,0.7748996830423018,0.8220183579272292,0.871557769191241,0.9813231919210177,0.9562908047031894,0.8867650412603031,0.8749866660024906,0.9813231919210177,0.9813231919210177,0.9813231919210177,glob_probe,glob_probe,0.0,0.003428896811249693,7221,9900
quora,100,100,False,13,2413155,False,0.8193273575571418,0.8220183579272292,0.8753567218725464,0.9815044374431723,0.9568024302829967,0.8872199197151815,0.8755250720408966,0.9815044374431723,0.9815044374431723,0.9815044374431723,glob_probe,glob_probe,0.0,0.00016835016835015093,7270,9900
quora,100,100,False,14,2414155,False,0.866704781529243,0.8220183579272292,0.8787053240691878,0.9811590505068762,0.9562175723799569,0.8868593173545793,0.8751011441169686,0.9811590505068762,0.9811590505068762,0.9811590505068762,glob_probe,glob_probe,0.0,0.0036041799522191775,7223,9900
quora,100,100,False,15,2415155,False,0.8247256167472398,0.8220183579272292,0.8750757895613112,0.9812467966552285,0.956426020497496,0.886630259095218,0.8748367323222537,0.9812467966552285,0.9812467966552285,0.9812467966552285,glob_probe,glob_probe,0.0,0.000239057239057483,7368,9900
quora,100,100,False,16,2416155,False,1.012789991152956,0.8220183579272292,0.8872550902949156,0.9811773521036092,0.9562857376932203,0.8866002081400334,0.8748916216792821,0.9811773521036092,0.9811773521036092,0.9811773521036092,glob_probe,glob_probe,0.0,0.012363468615633422,7406,9900
quora,100,100,False,17,2417155,False,0.7352440883467156,0.8220183579272292,0.8696385455136837,0.9812960184771774,0.9563702530326377,0.8871186629472583,0.8754749678241257,0.9812960184771774,0.9812960184771774,0.9812960184771774,glob_probe,glob_probe,0.0,0.005836422310442013,7252,9900
quora,100,100,False,18,2418155,False,0.8391637091226241,0.8220183579272292,0.8766780969060425,0.9813045677281511,0.9564384536311412,0.8868453610527444,0.8752387029666487,0.9813045677281511,0.9813045677281511,0.9813045677281511,glob_probe,glob_probe,0.0,0.0014393939393937405,7415,9900
quora,100,100,False,19,2419155,False,0.8506761919772483,0.8220183579272292,0.8778581681386985,0.9812378143356401,0.9562452299076145,0.8867972682925302,0.8752040782199026,0.9812378143356401,0.9812378143356401,0.9812378143356401,glob_probe,glob_probe,0.0,0.002654089918795899,7103,9900
quora,100,100,False,20,2420155,False,0.8808911982761228,0.8220183579272292,0.8800828631967269,0.9812213400691658,0.9562697609321456,0.8870689133141754,0.8755228612886858,0.9812213400691658,0.9812213400691658,0.9812213400691658,glob_probe,glob_probe,0.0,0.004560001908041067,7237,9900
quora,100,100,False,21,2421155,False,0.9265860117873016,0.8220183579272292,0.8825595850117848,0.9813622185509534,0.9564947379753043,0.8871059503512124,0.8754201676859923,0.9813622185509534,0.9813622185509534,0.9813622185509534,glob_probe,glob_probe,0.0,0.007139417325792485,7345,9900
quora,100,100,False,22,2422155,False,0.8689097481821831,0.8220183579272292,0.8785537287509259,0.9812604614416205,0.9562966167923347,0.8865898769184722,0.8748620067111647,0.9812604614416205,0.9812604614416205,0.9812604614416205,glob_probe,glob_probe,0.0,0.0036917220397612027,7431,9900
quora,100,100,False,23,2423155,False,0.9243259737398994,0.8220183579272292,0.8820469587491585,0.9811745081132429,0.9564038288843952,0.8867431557384178,0.8749243764402009,0.9811745081132429,0.9811745081132429,0.9811745081132429,glob_probe,glob_probe,0.0,0.00712258230895757,7391,9900
quora,100,100,False,24,2424155,False,0.8053690006126693,0.8220183579272292,0.8739900330058574,0.9811758855237112,0.9561603333227179,0.8868239638192257,0.8751971037129282,0.9811758855237112,0.9811758855237112,0.9811758855237112,glob_probe,glob_probe,0.0,0.001207070707070823,7424,9900
quora,100,100,False,25,2425155,False,0.7980199511534432,0.8220183579272292,0.8729213772607312,0.9811992989294777,0.9561233387268998,0.8866576649764563,0.8748287846681386,0.9811992989294777,0.9811992989294777,0.9811992989294777,glob_probe,glob_probe,0.0,0.0019074074074074687,7270,9900
quora,100,100,False,26,2426155,False,0.8572156664094983,0.8220183579272292,0.8782022371712703,0.9812087774683678,0.9563891236450912,0.886971183404948,0.8751423030966303,0.9812087774683678,0.9812087774683678,0.9812087774683678,glob_probe,glob_probe,0.0,0.0030599340746400028,7554,9900
quora,100,100,False,27,2427155,False,0.7737958303326058,0.8220183579272292,0.871631952583606,0.9812431162727602,0.9563513123773333,0.8868695276829713,0.8750406473746537,0.9812431162727602,0.9812431162727602,0.9812431162727602,glob_probe,glob_probe,0.0,0.0034086947910476617,7167,9900
quora,100,100,False,28,2428155,False,0.8676671535726919,0.8220183579272292,0.8782955116593754,0.9811679490157746,0.9563342149965995,0.886476440971703,0.8746829141987389,0.9811679490157746,0.9811679490157746,0.9811679490157746,glob_probe,glob_probe,0.0,0.0036125974606364686,7252,9900
quora,100,100,False,29,2429155,False,0.815155105804678,0.8220183579272292,0.8743457717660083,0.9811427601523506,0.9561798173789666,0.886427177326851,0.8747531791734156,0.9811427601523506,0.9811427601523506,0.9811427601523506,glob_probe,glob_probe,0.0,0.00040740740740730086,7130,9900
quora,100,100,False,30,2430155,False,0.8659756554514505,0.8220183579272292,0.8785274140162777,0.9811713761442018,0.9562568340442186,0.8866279561232181,0.8749232340640586,0.9811713761442018,0.9811713761442018,0.9811713761442018,glob_probe,glob_probe,0.0,0.0036041799522190665,7573,9900
quora,100,100,False,31,2431155,False,0.7420628385460579,0.8220183579272292,0.8698291357876073,0.9812484364295955,0.9563310884934731,0.886899881728477,0.875368981218139,0.9812484364295955,0.9812484364295955,0.9812484364295955,glob_probe,glob_probe,0.0,0.005539845430531654,7201,9900
quora,100,100,False,32,2432155,False,0.8382399199604608,0.8220183579272292,0.8761429726587973,0.9811489494967752,0.9563069274693121,0.886475219970482,0.8747338817497062,0.9811489494967752,0.9811489494967752,0.9811489494967752,glob_probe,glob_probe,0.0,0.0014090909090910264,7286,9900
quora,100,100,False,33,2433155,False,0.8269056751731854,0.8220183579272292,0.8750405380563626,0.9811506329984587,0.9561014107637952,0.8863946708899328,0.8746668006826253,0.9811506329984587,0.9811506329984587,0.9811506329984587,glob_probe,glob_probe,0.0,0.0003737373737373595,7192,9900
quora,100,100,False,34,2434155,False,0.9611613875684337,0.8220183579272292,0.8849735660924325,0.9813167384978975,0.9564211357918536,0.8872782286901573,0.8755251059575971,0.9813167384978975,0.9813167384978975,0.9813167384978975,glob_probe,glob_probe,0.0,0.009448460134835357,7469,9900
quora,100,100,False,35,2435155,False,0.8125778529631897,0.8220183579272292,0.8748271247449101,0.9813296547755196,0.9565626383524739,0.8872561238886407,0.8755038924216777,0.9813296547755196,0.9813296547755196,0.9813296547755196,glob_probe,glob_probe,0.0,0.000676767676767609,7277,9900
quora,100,100,False,36,2436155,False,0.9499420548359485,0.8220183579272292,0.8837778814212577,0.9811886178893848,0.9562791828827438,0.8867030346394732,0.8752613597183607,0.9811886178893848,0.9811886178893848,0.9811886178893848,glob_probe,glob_probe,0.0,0.008516521702896962,7504,9900
quora,100,100,False,37,2437155,False,0.8178251719879748,0.8220183579272292,0.8748002783161027,0.9811422154900413,0.9563070384694231,0.8868816838769459,0.875103308619133,0.9811422154900413,0.9811422154900413,0.9811422154900413,glob_probe,glob_probe,0.0,0.00030303030303024947,7450,9900
quora,100,100,False,38,2438155,False,0.8089600951597855,0.8220183579272292,0.8738222144696179,0.9811966487111411,0.9561592109882622,0.886454125080966,0.874802012449416,0.9811966487111411,0.9811966487111411,0.9811966487111411,glob_probe,glob_probe,0.0,0.0009797979797980805,7427,9900
quora,100,100,False,39,2439155,False,0.8866726838246511,0.8220183579272292,0.8802611941250579,0.9813257171735429,0.9564373895997741,0.8868927468880089,0.8751456366614612,0.9813257171735429,0.9813257171735429,0.9813257171735429,glob_probe,glob_probe,0.0,0.005115557463596709,7251,9900
quora,100,100,False,40,2440155,False,0.8409563254733571,0.8220183579272292,0.8765433438925017,0.9811730796875721,0.9563382233339411,0.8864378807664761,0.8748615257106837,0.9811730796875721,0.9811730796875721,0.9811730796875721,glob_probe,glob_probe,0.0,0.0016818181818180067,7376,9900
quora,100,100,False,41,2441155,False,0.7925351702635117,0.8220183579272292,0.8729740397398643,0.9813274006752264,0.9564296935920781,0.8869123476576096,0.875201312467137,0.9813274006752264,0.9813274006752264,0.9813274006752264,glob_probe,glob_probe,0.0,0.0022272727272726334,7184,9900
quora,100,100,False,42,2442155,False,0.7046838343096268,0.8220183579272292,0.8669733848319114,0.9814704983183239,0.9566016512640358,0.8868780763733384,0.8750491960650205,0.9814704983183239,0.9814704983183239,0.9814704983183239,glob_probe,glob_probe,0.0,0.008075811233109076,7291,9900
quora,100,100,False,43,2443155,False,0.8513130589901108,0.8220183579272292,0.8778070017125322,0.9811653636381894,0.9562592390466237,0.8867633577586198,0.8751731138139384,0.9811653636381894,0.9811653636381894,0.9811653636381894,glob_probe,glob_probe,0.0,0.0026338878985938674,7200,9900
quora,100,100,False,44,2444155,False,0.8319013036835325,0.8220183579272292,0.8762913798072044,0.9812600606078864,0.9563876060499906,0.8870764890717512,0.8753065313223559,0.9812600606078864,0.9812600606078864,0.9812600606078864,glob_probe,glob_probe,0.0,0.0009848484848484773,7401,9900
quora,100,100,False,45,2445155,False,0.8405052527007411,0.8220183579272292,0.8768932061514549,0.9812965364776955,0.9564802496577858,0.8870604702981565,0.8752315899898387,0.9812965364776955,0.9812965364776955,0.9812965364776955,glob_probe,glob_probe,0.0,0.0016616161616161973,7434,9900
quora,100,100,False,46,2446155,False,0.89459879675001,0.8220183579272292,0.8803710896835836,0.9813117311595568,0.9562915493289339,0.8866840389293008,0.8749814212472458,0.9813117311595568,0.9813117311595568,0.9813117311595568,glob_probe,glob_probe,0.0,0.005389668436337813,7486,9900
quora,100,100,False,47,2447155,False,0.9607717243573037,0.8220183579272292,0.8848491561432676,0.9814230631826537,0.9566678224294717,0.8871538187409926,0.8753249384326748,0.9814230631826537,0.9814230631826537,0.9814230631826537,glob_probe,glob_probe,0.0,0.009524217710592864,7330,9900
quora,100,100,False,48,2448155,False,0.8238528501165849,0.8220183579272292,0.8747999503612295,0.9811116063685231,0.9561102108862318,0.8865614906022071,0.8747831153443945,0.9811116063685231,0.9811116063685231,0.9811116063685231,glob_probe,glob_probe,0.0,1.6835016835026195e-05,7112,9900
quora,100,100,False,49,2449155,False,0.8531307281564344,0.8220183579272292,0.8778973696779001,0.9812290360768618,0.9562962159586005,0.8869341129293749,0.8751759396917643,0.9812290360768618,0.9812290360768618,0.9812290360768618,glob_probe,glob_probe,0.0,0.0027214299861357816,7416,9900
nq,5,5,False,0,2000386,True,0.5995945070287152,0.42704583126613543,0.5546852335364084,0.8505221932114883,0.767938303839087,0.6113286916158979,0.5228217773909679,0.8505221932114883,0.8505221932114883,0.8505221932114883,glob_probe,glob_probe,0.0,0.031863456145440505,426,3447
nq,5,5,False,1,2001386,True,0.3727794155096569,0.42704583126613543,0.507566966444251,0.85086065177449,0.7685668697418044,0.6119089062953292,0.522821777390968,0.85086065177449,0.85086065177449,0.85086065177449,glob_probe,glob_probe,0.0,0.01525481094671699,418,3447
nq,5,5,False,2,2002386,True,0.39285882359225394,0.42704583126613543,0.5116284692002707,0.85086065177449,0.7685668697418044,0.6116187989556136,0.5226767237211102,0.85086065177449,0.85086065177449,0.85086065177449,glob_probe,glob_probe,0.0,0.011048254520839462,362,3447
nq,5,5,False,3,2003386,True,0.49546166585477047,0.42704583126613543,0.5362634174644618,0.8505705444347743,0.7682767624020888,0.6113286916158979,0.5223866163813944,0.8505705444347743,0.8505705444347743,0.8505705444347743,glob_probe,glob_probe,0.0,0.013876801083067436,379,3447
nq,5,5,False,4,2004386,True,0.7733424389256007,0.42704583126613543,0.5826322405956871,0.8505705444347743,0.7684218160719466,0.6117638526254714,0.5228217773909679,0.8505705444347743,0.8505705444347743,0.8505705444347743,glob_probe,glob_probe,0.0,0.059810463204719166,386,3447
nq,5,5,False,5,2005386,True,0.8305958251965614,0.42704583126613543,0.5916255681268736,0.8504254907649165,0.7681317087322309,0.6114737452857557,0.5223866163813945,0.8504254907649165,0.8504254907649165,0.8504254907649165,glob_probe,glob_probe,0.0,0.06923895174547912,431,3447
nq,5,5,False,6,2006386,True,0.5741386559410694,0.42704583126613543,0.5512039454598201,0.8507155981046322,0.7682767624020888,0.6117155014021853,0.5229184798375399,0.8507155981046322,0.8507155981046322,0.8507155981046322,glob_probe,glob_probe,0.0,0.02828546562228018,404,3447
nq,5,5,False,7,2007386,True,0.5697819402059436,0.42704583126613543,0.5499468136543854,0.8504254907649165,0.7678416013925152,0.6108935306063243,0.5219031041485349,0.8504254907649165,0.8504254907649165,0.5499468136543854,glob_probe,ad_probe,0.0,0.028043709505850445,396,3447
nq,5,5,False,8,2008386,True,0.6198197624585357,0.42704583126613543,0.5583115752828547,0.8510057054443478,0.7687119234116623,0.6121990136350449,0.5231118847306836,0.8510057054443478,0.8510057054443478,0.8510057054443478,glob_probe,glob_probe,0.0,0.03519969055217109,386,3447
nq,5,5,False,9,2009386,True,0.33983976867592874,0.42704583126613543,0.4960593753021951,0.8504254907649165,0.7681317087322309,0.6117638526254714,0.5226767237211102,0.8504254907649165,0.8504254907649165,0.8504254907649165,glob_probe,glob_probe,0.0,0.026617348418915054,314,3447
nq,5,5,False,10,2010386,True,0.675472998171733,0.42704583126613543,0.5681268736099023,0.85086065177449,0.7682767624020888,0.6116187989556136,0.5225316700512523,0.85086065177449,0.85086065177449,0.85086065177449,glob_probe,glob_probe,0.0,0.04559520355864999,375,3447
nq,5,5,False,11,2011386,True,0.3513835816806691,0.42704583126613543,0.5010879025239339,0.8507155981046322,0.7681317087322309,0.6117638526254714,0.5226767237211102,0.8507155981046322,0.8507155981046322,0.8507155981046322,glob_probe,glob_probe,0.0,0.02158882119717631,378,3447
nq,5,5,False,12,2012386,True,0.3582359752899687,0.42704583126613543,0.5030703026786577,0.8507155981046322,0.7681317087322309,0.6114737452857557,0.5226767237211101,0.8507155981046322,0.8507155981046322,0.8507155981046322,glob_probe,glob_probe,0.0,0.01960642104245236,402,3447
nq,5,5,False,13,2013386,True,0.38988931257253595,0.42704583126613543,0.510468039841408,0.8504254907649165,0.7685668697418044,0.6116187989556136,0.5225316700512522,0.8504254907649165,0.8504254907649165,0.8504254907649165,glob_probe,glob_probe,0.0,0.012063630209844245,409,3447
nq,5,5,False,14,2014386,True,0.30861617767334515,0.42704583126613543,0.48450343293685333,0.8504254907649165,0.7681317087322309,0.61118363794604,0.5223866163813944,0.8504254907649165,0.8504254907649165,0.8504254907649165,glob_probe,glob_probe,0.0,0.03788318344454106,340,3447
nq,5,5,False,15,2015386,True,0.6477952800532645,0.42704583126613543,0.5631950488347355,0.8504254907649165,0.7678416013925152,0.6114737452857557,0.5226767237211102,0.8504254907649165,0.8504254907649165,0.8504254907649165,glob_probe,glob_probe,0.0,0.0405183251136253,434,3447
nq,5,5,False,16,2016386,True,0.31447427339857364,0.42704583126613543,0.4858089159655739,0.8504254907649165,0.7678416013925152,0.61118363794604,0.5220965090416787,0.8504254907649165,0.8504254907649165,0.8504254907649165,glob_probe,glob_probe,0.0,0.036287593076104796,341,3447
nq,5,5,False,17,2017386,True,0.3848972568266066,0.42704583126613543,0.5085823421332559,0.8504254907649165,0.7678416013925152,0.6110385842761822,0.521951455371821,0.8504254907649165,0.8504254907649165,0.8504254907649165,glob_probe,glob_probe,0.0,0.013369113238565045,388,3447
nq,5,5,False,18,2018386,True,0.5251674101985198,0.42704583126613543,0.5425974277149213,0.8505705444347743,0.7679866550623731,0.6113286916158979,0.5225316700512522,0.8505705444347743,0.8505705444347743,0.8505705444347743,glob_probe,glob_probe,0.0,0.020065757663669026,392,3447
nq,5,5,False,19,2019386,True,0.4757909023093426,0.42704583126613543,0.5319601585920123,0.8505705444347743,0.7681317087322309,0.61118363794604,0.5220965090416788,0.8505705444347743,0.8505705444347743,0.8505705444347743,glob_probe,glob_probe,0.0,0.009863649550333475,402,3447
nq,5,5,False,20,2020386,True,0.500978811562583,0.42704583126613543,0.5374238468233247,0.8505705444347743,0.7681317087322309,0.6117638526254714,0.5226767237211101,0.8505705444347743,0.8505705444347743,0.8505705444347743,glob_probe,glob_probe,0.0,0.014747123102214599,384,3447
nq,5,5,False,21,2021386,True,0.6350658001682341,0.42704583126613543,0.5610192437868678,0.8507155981046322,0.7681317087322309,0.6114737452857557,0.5223866163813944,0.8507155981046322,0.8507155981046322,0.8507155981046322,glob_probe,glob_probe,0.0,0.03863262740547346,410,3447
nq,5,5,False,22,2022386,True,0.38762575626952656,0.42704583126613543,0.5095977178222609,0.8510057054443478,0.7684218160719466,0.6114737452857557,0.5223866163813945,0.8510057054443478,0.8510057054443478,0.5095977178222609,glob_probe,ad_probe,0.0,0.012788898559133566,406,3447
nq,5,5,False,23,2023386,True,0.33811504906063294,0.42704583126613543,0.49465718982690265,0.8505221932114883,0.768035006285659,0.6110869354994681,0.5219998065951068,0.8505221932114883,0.8505221932114883,0.8505221932114883,glob_probe,glob_probe,0.0,0.027342616768204153,322,3447
nq,5,5,False,24,2024386,True,0.5055699319315232,0.42704583126613543,0.5387293298520452,0.8507155981046322,0.7681317087322309,0.6117638526254714,0.5226767237211101,0.8507155981046322,0.8507155981046322,0.8507155981046322,glob_probe,glob_probe,0.0,0.016052606130935176,453,3447
nq,5,5,False,25,2025386,True,0.5361864020629079,0.42704583126613543,0.5435644521806402,0.8507155981046322,0.7681317087322309,0.6114737452857557,0.5223866163813944,0.8507155981046322,0.8507155981046322,0.8507155981046322,glob_probe,glob_probe,0.0,0.021177835799245814,390,3447
nq,5,5,False,26,2026386,True,0.313353041946363,0.42704583126613543,0.4858089159655739,0.8504254907649165,0.7678416013925152,0.61118363794604,0.5220965090416787,0.8504254907649165,0.8504254907649165,0.8504254907649165,glob_probe,glob_probe,0.0,0.036287593076104796,341,3447
nq,5,5,False,27,2027386,True,0.33632078955897465,0.42704583126613543,0.4950923508364761,0.85086065177449,0.7684218160719466,0.6117638526254714,0.5229668310608258,0.85086065177449,0.85086065177449,0.85086065177449,glob_probe,glob_probe,0.0,0.02787448022434963,361,3447
nq,5,5,False,28,2028386,True,0.35952371197948446,0.42704583126613543,0.5030703026786577,0.8504254907649165,0.7678416013925152,0.61118363794604,0.5223866163813945,0.8504254907649165,0.8504254907649165,0.8504254907649165,glob_probe,glob_probe,0.0,0.019316313702736787,407,3447
nq,5,5,False,29,2029386,True,0.31012096229523733,0.42704583126613543,0.48537375495600044,0.8504254907649165,0.7685668697418044,0.6116187989556136,0.5228217773909679,0.8504254907649165,0.8504254907649165,0.8504254907649165,glob_probe,glob_probe,0.0,0.037448022434967476,344,3447
nq,5,5,False,30,2030386,True,0.6407212788717969,0.42704583126613543,0.5617445121361571,0.8504254907649165,0.7678416013925152,0.6113286916158979,0.5225316700512523,0.8504254907649165,0.8504254907649165,0.8504254907649165,glob_probe,glob_probe,0.0,0.03921284208490472,423,3447
nq,5,5,False,31,2031386,True,0.33830256009658904,0.42704583126613543,0.495189053283048,0.8511507591142057,0.7685668697418044,0.6116187989556136,0.5225316700512523,0.8511507591142057,0.8511507591142057,0.495189053283048,glob_probe,ad_probe,0.0,0.02734261676820432,431,3447
nq,5,5,False,32,2032386,True,0.3665035027074323,0.42704583126613543,0.5053911613963833,0.8504254907649165,0.7678416013925152,0.6116187989556136,0.5225316700512523,0.8504254907649165,0.8504254907649165,0.8504254907649165,glob_probe,glob_probe,0.0,0.017140508654869047,386,3447
nq,5,5,False,33,2033386,True,0.38309893923762994,0.42704583126613543,0.5088724494729716,0.8504254907649165,0.7679866550623731,0.6110385842761822,0.521951455371821,0.8504254907649165,0.8504254907649165,0.8504254907649165,glob_probe,glob_probe,0.0,0.01307900589884936,376,3447
nq,5,5,False,34,2034386,True,0.39960900059786936,0.42704583126613543,0.5140460303645682,0.8507155981046322,0.7684218160719466,0.6117638526254714,0.5229668310608259,0.8507155981046322,0.8507155981046322,0.8507155981046322,glob_probe,glob_probe,0.0,0.00892080069625767,410,3447
nq,5,5,False,35,2035386,True,0.4686334018643564,0.42704583126613543,0.531379943912581,0.8507155981046322,0.7681317087322309,0.6116187989556136,0.5225316700512522,0.8507155981046322,0.8507155981046322,0.8507155981046322,glob_probe,glob_probe,0.0,0.008848273861328804,382,3447
nq,5,5,False,36,2036386,True,0.4498039669969468,0.42704583126613543,0.526641524030558,0.8510057054443478,0.7685668697418044,0.6119089062953292,0.5228217773909679,0.8510057054443478,0.8510057054443478,0.8510057054443478,glob_probe,glob_probe,0.0,0.0038197466395900603,416,3447
nq,5,5,False,37,2037386,True,0.40303008046075184,0.42704583126613543,0.5141185571994971,0.8507155981046322,0.7681317087322309,0.6114737452857557,0.5226767237211102,0.8507155981046322,0.8507155981046322,0.8507155981046322,glob_probe,glob_probe,0.0,0.00855816652161312,482,3447
nq,5,5,False,38,2038386,True,0.4749512023230198,0.42704583126613543,0.5316700512522966,0.8507155981046322,0.7681317087322309,0.61118363794604,0.5220965090416787,0.8507155981046322,0.8507155981046322,0.5316700512522966,glob_probe,ad_probe,0.0,0.009573542210617902,423,3447
nq,5,5,False,39,2039386,True,0.30994723990664863,0.42704583126613543,0.4852287012861426,0.8504254907649165,0.7681317087322309,0.6114737452857557,0.5229668310608258,0.8504254907649165,0.8504254907649165,0.8504254907649165,glob_probe,glob_probe,0.0,0.03773812977468316,400,3447
nq,5,5,False,40,2040386,True,0.615677976402063,0.42704583126613543,0.556957741030848,0.8504254907649165,0.7681317087322309,0.6118605550720433,0.5227734261676821,0.8504254907649165,0.8504254907649165,0.8504254907649165,glob_probe,glob_probe,0.0,0.03418431486316598,417,3447
nq,5,5,False,41,2041386,True,0.5771619792653332,0.42704583126613543,0.5513973503529639,0.8507155981046322,0.7682767624020888,0.6116187989556136,0.5226767237211101,0.8507155981046322,0.8507155981046322,0.8507155981046322,glob_probe,glob_probe,0.0,0.02872062663185382,399,3447
nq,5,5,False,42,2042386,True,0.33016584532098886,0.42704583126613543,0.492336331109177,0.8507155981046322,0.7681317087322309,0.61118363794604,0.5223866163813944,0.8507155981046322,0.8507155981046322,0.8507155981046322,glob_probe,glob_probe,0.0,0.03005028527221737,371,3447
nq,5,5,False,43,2043386,True,0.48369557757397447,0.42704583126613543,0.534232666086452,0.8505705444347743,0.7684218160719466,0.6117638526254714,0.5226767237211102,0.8505705444347743,0.8505705444347743,0.8505705444347743,glob_probe,glob_probe,0.0,0.011555942365341854,397,3447
nq,5,5,False,44,2044386,True,0.4726461614100936,0.42704583126613543,0.5319601585920123,0.8504254907649165,0.7679866550623731,0.61118363794604,0.5226767237211102,0.8504254907649165,0.8504254907649165,0.8504254907649165,glob_probe,glob_probe,0.0,0.009283434870902108,387,3447
nq,5,5,False,45,2045386,True,0.3440203436477728,0.42704583126613543,0.49702639976791413,0.8507155981046322,0.7681317087322309,0.6116187989556136,0.5225316700512522,0.8507155981046322,0.8507155981046322,0.8507155981046322,glob_probe,glob_probe,0.0,0.0255052702833381,423,3447
nq,5,5,False,46,2046386,True,0.4628838775602491,0.42704583126613543,0.5300744608838603,0.8507155981046322,0.7681317087322309,0.6117638526254714,0.5226767237211101,0.8507155981046322,0.8507155981046322,0.8507155981046322,glob_probe,glob_probe,0.0,0.007397737162750273,393,3447
nq,5,5,False,47,2047386,True,0.4821236218743695,0.42704583126613543,0.5341359636398801,0.8512958127840635,0.7688086258582343,0.6119572575186153,0.5231602359539697,0.8512958127840635,0.8512958127840635,0.8512958127840635,glob_probe,glob_probe,0.0,0.010975727685910486,397,3447
nq,5,5,False,48,2048386,True,0.4061382074517453,0.42704583126613543,0.5149405279953583,0.8507155981046322,0.7684218160719466,0.6117638526254714,0.5226767237211101,0.8507155981046322,0.8507155981046322,0.8507155981046322,glob_probe,glob_probe,0.0,0.007736195725751793,388,3447
nq,5,5,False,49,2049386,True,0.8053360471289334,0.42704583126613543,0.5881926312735712,0.8507155981046322,0.7684218160719466,0.6116187989556136,0.5226767237211101,0.8507155981046322,0.8507155981046322,0.8507155981046322,glob_probe,glob_probe,0.0,0.06551590755246117,389,3447
nq,10,10,False,0,852,True,0.40819955767341803,0.42704583126613543,0.5158338175479372,0.8507892698043774,0.7680854154561302,0.6111998837884951,0.5222738717799729,0.8507892698043774,0.8507892698043774,0.8507892698043774,glob_probe,glob_probe,0.0,0.006440054232035641,694,3442
nq,10,10,False,1,1852,True,0.3939037164986038,0.42704583126613543,0.5104348247143133,0.8502082122796825,0.7677948866937827,0.6106188262638002,0.5214022854929304,0.8502082122796825,0.8502082122796825,0.8502082122796825,glob_probe,glob_probe,0.0,0.0109674607786171,710,3442
nq,10,10,False,2,2852,True,0.4085095572839811,0.42704583126613543,0.516560139453806,0.8510797985667249,0.7689570017431726,0.6120714700755375,0.5230001936858416,0.8510797985667249,0.8510797985667249,0.8510797985667249,glob_probe,glob_probe,0.0,0.006440054232035641,747,3442
nq,10,10,False,3,3852,True,0.3427084510722511,0.42704583126613543,0.49755471625024217,0.8507892698043774,0.7690054232035638,0.6119746271547549,0.5233391439085803,0.8507892698043774,0.8507892698043774,0.8507892698043774,glob_probe,glob_probe,0.0,0.025784427658338105,735,3442
nq,10,10,False,4,4852,True,0.3528257482263646,0.42704583126613543,0.5009442184776293,0.8504987410420299,0.7680854154561302,0.6113451481696688,0.5225644005423203,0.8504987410420299,0.8504987410420299,0.8504987410420299,glob_probe,glob_probe,0.0,0.021620182064691074,763,3442
nq,10,10,False,5,5852,True,0.4864923607042414,0.42704583126613543,0.5336529149719156,0.8504987410420299,0.7677948866937827,0.61100619794693,0.5219349215572342,0.8504987410420299,0.8504987410420299,0.8504987410420299,glob_probe,glob_probe,0.0,0.011717993414681382,801,3442
nq,10,10,False,6,6852,True,0.29823575644538647,0.42704583126613543,0.48462618632577964,0.8509345341855511,0.7688117373619988,0.612361998837885,0.5234359868293628,0.8509345341855511,0.8509345341855511,0.8509345341855511,glob_probe,glob_probe,0.0,0.038809800503583125,739,3442
nq,10,10,False,7,7852,True,0.3840082812838156,0.42704583126613543,0.5087400736006198,0.8504987410420299,0.7680854154561302,0.6113451481696688,0.5221286073987991,0.8504987410420299,0.8504987410420299,0.8504987410420299,glob_probe,glob_probe,0.0,0.01338853379817928,683,3442
nq,10,10,False,8,8852,True,0.31563293460787223,0.42704583126613543,0.48622409451869075,0.8504987410420299,0.7677948866937827,0.6114904125508426,0.5222738717799729,0.8504987410420299,0.8504987410420299,0.8504987410420299,glob_probe,glob_probe,0.0,0.03604977726128211,790,3442
nq,10,10,False,9,9852,True,0.46303529520301057,0.42704583126613543,0.5298276196010071,0.8510797985667249,0.7683759442184777,0.6111998837884951,0.5224191361611467,0.8510797985667249,0.8510797985667249,0.8510797985667249,glob_probe,glob_probe,0.0,0.007408483439860447,797,3442
nq,10,10,False,10,10852,True,0.32209671793052885,0.42704583126613543,0.4900009684292079,0.8507892698043774,0.7683759442184777,0.6119262056943637,0.5228549293046678,0.8507892698043774,0.8507892698043774,0.8507892698043774,glob_probe,glob_probe,0.0,0.03285396087545994,817,3442
nq,10,10,False,11,11852,True,0.5095024339847722,0.42704583126613543,0.5408192911098199,0.8521450706953322,0.7696833236490412,0.6126525276002325,0.5234359868293628,0.8521450706953322,0.8521450706953322,0.8521450706953322,glob_probe,glob_probe,0.0,0.01738330428045709,828,3442
nq,10,10,False,12,12852,True,0.4424433569745826,0.42704583126613543,0.5245496804183614,0.8502082122796825,0.7685212085996513,0.6116356769320163,0.5224191361611467,0.8502082122796825,0.8502082122796825,0.8502082122796825,glob_probe,glob_probe,0.0,0.002130544257214706,739,3442
nq,10,10,False,13,13852,True,0.37165952874250774,0.42704583126613543,0.5068516366453611,0.8507892698043774,0.7683759442184777,0.6113451481696688,0.5222738717799729,0.8507892698043774,0.8507892698043774,0.8507892698043774,glob_probe,glob_probe,0.0,0.015422235134611717,726,3442
nq,10,10,False,14,14852,True,0.3312297346264109,0.42704583126613543,0.49319678481503004,0.8507892698043774,0.7686664729808251,0.6114904125508426,0.5230001936858415,0.8507892698043774,0.8507892698043774,0.8507892698043774,glob_probe,glob_probe,0.0,0.029803408870811454,778,3442
nq,10,10,False,15,15852,True,0.4611469561594792,0.42704583126613543,0.5296823552198334,0.8502082122796825,0.7676496223126089,0.6110546194073213,0.5227096649234941,0.8502082122796825,0.8502082122796825,0.8502082122796825,glob_probe,glob_probe,0.0,0.00697269029633929,802,3442
nq,10,10,False,16,16852,True,0.6130005810433116,0.42704583126613543,0.5567015301181484,0.8508861127251598,0.768424365678869,0.6122651559171024,0.5231938795274066,0.8508861127251598,0.8508861127251598,0.8508861127251598,glob_probe,glob_probe,0.0,0.03350765059074179,821,3442
nq,10,10,False,17,17852,True,0.5923343222875879,0.42704583126613543,0.55287623474724,0.8504987410420299,0.7677948866937827,0.6110546194073213,0.5219833430176254,0.8504987410420299,0.8504987410420299,0.8504987410420299,glob_probe,glob_probe,0.0,0.030892891729614624,746,3442
nq,10,10,False,18,18852,True,0.3621132550359703,0.42704583126613543,0.5033652914971916,0.8507892698043774,0.7683759442184777,0.6114904125508426,0.5224191361611465,0.8507892698043774,0.8507892698043774,0.8507892698043774,glob_probe,glob_probe,0.0,0.01905384466395499,737,3442
nq,10,10,False,19,19852,True,0.5503426017050356,0.42704583126613543,0.5462424946736394,0.8502082122796825,0.7680854154561302,0.6116356769320163,0.5224191361611465,0.8502082122796825,0.8502082122796825,0.8502082122796825,glob_probe,glob_probe,0.0,0.023823358512492843,822,3442
nq,10,10,False,20,20852,True,0.7672557985215327,0.42704583126613543,0.5804764671702498,0.850740848343986,0.7683275227580862,0.6115388340112338,0.522467557621538,0.850740848343986,0.850740848343986,0.850740848343986,glob_probe,glob_probe,0.0,0.05800890954871185,859,3442
nq,10,10,False,21,21852,True,0.37292748675346954,0.42704583126613543,0.5078684873135774,0.8509345341855511,0.7682306798373039,0.6113451481696688,0.5225644005423203,0.8509345341855511,0.8509345341855511,0.8509345341855511,glob_probe,glob_probe,0.0,0.014695913228742974,745,3442
nq,10,10,False,22,22852,True,0.5236960811134588,0.42704583126613543,0.5430950997482085,0.8504987410420299,0.7680854154561302,0.6119262056943637,0.5230001936858415,0.8504987410420299,0.8504987410420299,0.8504987410420299,glob_probe,glob_probe,0.0,0.02009490606236697,785,3442
nq,10,10,False,23,23852,True,0.5628940338166097,0.42704583126613543,0.5500193685841566,0.8506440054232036,0.7682306798373039,0.61178094131319,0.5231454580670153,0.8506440054232036,0.8506440054232036,0.8506440054232036,glob_probe,glob_probe,0.0,0.026873910517141275,821,3442
nq,10,10,False,24,24852,True,0.4443018118544161,0.42704583126613543,0.5244044160371877,0.8509345341855511,0.7682306798373039,0.6110546194073213,0.5218380786364516,0.8509345341855511,0.8509345341855511,0.5244044160371877,glob_probe,ad_probe,0.0,0.002566337400736085,814,3442
nq,10,10,False,25,25852,True,0.3322814710787484,0.42704583126613543,0.49276099167150883,0.8503534766608561,0.7677948866937827,0.6111998837884951,0.5222738717799729,0.8503534766608561,0.8503534766608561,0.8503534766608561,glob_probe,glob_probe,0.0,0.029512880108464035,805,3442
nq,10,10,False,26,26852,True,0.48475250822877586,0.42704583126613543,0.5338466008134806,0.8502082122796825,0.7675043579314352,0.6107640906449738,0.5221286073987991,0.8502082122796825,0.8502082122796825,0.8502082122796825,glob_probe,glob_probe,0.0,0.011717993414681493,805,3442
nq,10,10,False,27,27852,True,0.3437469804955383,0.42704583126613543,0.49721576602750334,0.8502082122796825,0.7686664729808251,0.6116840983924074,0.5227580863838854,0.8502082122796825,0.8502082122796825,0.8502082122796825,glob_probe,glob_probe,0.0,0.025542320356382098,772,3442
nq,10,10,False,28,28852,True,0.4414051104596516,0.42704583126613543,0.5239202014332752,0.8504987410420299,0.7677948866937827,0.6111514623281037,0.5219349215572342,0.8504987410420299,0.8504987410420299,0.8504987410420299,glob_probe,glob_probe,0.0,0.001985279876041024,763,3442
nq,10,10,False,29,29852,True,0.39720441038570764,0.42704583126613543,0.5120327329072244,0.8504987410420299,0.7680854154561302,0.6116356769320163,0.5224191361611467,0.8504987410420299,0.8504987410420299,0.8504987410420299,glob_probe,glob_probe,0.0,0.01038640325392226,814,3442
nq,10,10,False,30,30852,True,0.3181451555293646,0.42704583126613543,0.48680515204338565,0.8503534766608561,0.7677948866937827,0.6111998837884951,0.5222738717799729,0.8503534766608561,0.8503534766608561,0.8503534766608561,glob_probe,glob_probe,0.0,0.03546871973658722,726,3442
nq,10,10,False,31,31852,True,0.38598301437638083,0.42704583126613543,0.5097569242688359,0.8507892698043774,0.7688117373619988,0.6119262056943637,0.5231454580670153,0.8507892698043774,0.8507892698043774,0.8507892698043774,glob_probe,glob_probe,0.0,0.013388533798179392,778,3442
nq,10,10,False,32,32852,True,0.44505800207815255,0.42704583126613543,0.5250823164826651,0.8507892698043774,0.7683759442184777,0.6114419910904512,0.5222254503195817,0.8507892698043774,0.8507892698043774,0.8507892698043774,glob_probe,glob_probe,0.0,0.002856866163083449,778,3442
nq,10,10,False,33,33852,True,0.45418314280446825,0.42704583126613543,0.5272128607398799,0.8509345341855511,0.7683759442184777,0.61178094131319,0.5225644005423203,0.8509345341855511,0.8509345341855511,0.8509345341855511,glob_probe,glob_probe,0.0,0.004648460197559601,747,3442
nq,10,10,False,34,34852,True,0.6322656521194245,0.42704583126613543,0.5606720898702304,0.8503534766608561,0.7676496223126089,0.6111998837884951,0.5222738717799729,0.8503534766608561,0.8503534766608561,0.8503534766608561,glob_probe,glob_probe,0.0,0.03839821809025756,822,3442
nq,10,10,False,35,35852,True,0.35459303985593427,0.42704583126613543,0.5019610691458455,0.8504987410420299,0.7680854154561302,0.61216831299632,0.5230486151462328,0.8504987410420299,0.8504987410420299,0.8504987410420299,glob_probe,glob_probe,0.0,0.021087546000387314,794,3442
nq,10,10,False,36,36852,True,0.44695803823723046,0.42704583126613543,0.5246949447995352,0.8502082122796825,0.7677948866937827,0.6106188262638002,0.5216928142552779,0.8502082122796825,0.8502082122796825,0.8502082122796825,glob_probe,glob_probe,0.0,0.003002130544257242,734,3442
nq,10,10,False,37,37852,True,0.38880364572210496,0.42704583126613543,0.5101927174123572,0.8504987410420299,0.7680854154561302,0.6114904125508426,0.5222738717799729,0.8504987410420299,0.8504987410420299,0.8504987410420299,glob_probe,glob_probe,0.0,0.012081154367615698,729,3442
nq,10,10,False,38,38852,True,0.3642187028123429,0.42704583126613543,0.504236877784234,0.8506440054232036,0.7683759442184777,0.6116356769320163,0.5224191361611465,0.8506440054232036,0.8506440054232036,0.8506440054232036,glob_probe,glob_probe,0.0,0.018182258376912563,738,3442
nq,10,10,False,39,39852,True,0.7649942620057716,0.42704583126613543,0.5795564594228162,0.8506440054232036,0.7679401510749564,0.6111998837884951,0.5219833430176254,0.8506440054232036,0.8506440054232036,0.8506440054232036,glob_probe,glob_probe,0.0,0.057573116405190805,799,3442
nq,10,10,False,40,40852,True,0.5000478960636234,0.42704583126613543,0.5371876815804765,0.8509345341855511,0.7685212085996513,0.6116356769320163,0.522709664923494,0.8509345341855511,0.8509345341855511,0.8509345341855511,glob_probe,glob_probe,0.0,0.014478016656982451,859,3442
nq,10,10,False,41,41852,True,0.4555069423458495,0.42704583126613543,0.5275033895022274,0.8504987410420299,0.7680854154561302,0.6114904125508426,0.5225644005423203,0.8504987410420299,0.8504987410420299,0.8504987410420299,glob_probe,glob_probe,0.0,0.004938988959907076,861,3442
nq,10,10,False,42,42852,True,0.3743503364193782,0.42704583126613543,0.508013751694751,0.8506440054232036,0.7685212085996513,0.6119262056943637,0.5227096649234941,0.8506440054232036,0.8506440054232036,0.8506440054232036,glob_probe,glob_probe,0.0,0.014695913228743085,828,3442
nq,10,10,False,43,43852,True,0.37344276331496734,0.42704583126613543,0.5074326941700561,0.8507892698043774,0.7685212085996513,0.6116356769320163,0.522709664923494,0.8507892698043774,0.8507892698043774,0.8507892698043774,glob_probe,glob_probe,0.0,0.015276970753437924,791,3442
nq,10,10,False,44,44852,True,0.4015531886227302,0.42704583126613543,0.5134127445283749,0.8504987410420299,0.7680854154561302,0.6114904125508426,0.5222738717799729,0.8504987410420299,0.8504987410420299,0.8504987410420299,glob_probe,glob_probe,0.0,0.008861127251597933,815,3442
nq,10,10,False,45,45852,True,0.3908727632626681,0.42704583126613543,0.5101927174123572,0.8502082122796825,0.7680854154561302,0.6109093550261476,0.5219833430176254,0.8502082122796825,0.8502082122796825,0.8502082122796825,glob_probe,glob_probe,0.0,0.011790625605268223,740,3442
nq,10,10,False,46,46852,True,0.5234199754841657,0.42704583126613543,0.5428045709858609,0.8506440054232036,0.7680854154561302,0.6116356769320163,0.522709664923494,0.8506440054232036,0.8506440054232036,0.8506440054232036,glob_probe,glob_probe,0.0,0.020094906062366857,794,3442
nq,10,10,False,47,47852,True,0.31248592234544903,0.42704583126613543,0.486078830137517,0.8504987410420299,0.7683759442184777,0.6111998837884951,0.5227096649234941,0.8504987410420299,0.8504987410420299,0.8504987410420299,glob_probe,glob_probe,0.0,0.03663083478597712,722,3442
nq,10,10,False,48,48852,True,0.3916407945980449,0.42704583126613543,0.5120811543676158,0.8503534766608561,0.7679401510749564,0.61178094131319,0.5231454580670153,0.8503534766608561,0.8503534766608561,0.8503534766608561,glob_probe,glob_probe,0.0,0.01106430369939948,821,3442
nq,10,10,False,49,49852,True,0.5054650860521072,0.42704583126613543,0.539076118535735,0.8503534766608561,0.7677948866937827,0.6122167344567112,0.5230001936858416,0.8503534766608561,0.8503534766608561,0.8503534766608561,glob_probe,glob_probe,0.0,0.016075924849893397,773,3442
nq,20,20,False,0,2200345,True,0.44408552777797855,0.42704583126613543,0.5241355866355866,0.850645881895882,0.767701048951049,0.6106497668997669,0.5215617715617715,0.850645881895882,0.850645881895882,0.850645881895882,glob_probe,glob_probe,0.0,0.0025738150738150445,1487,3432
nq,20,20,False,1,2201345,True,0.5198052615809886,0.42704583126613543,0.5426379176379177,0.8510829448329449,0.7690122377622378,0.612252331002331,0.5233585858585859,0.8510829448329449,0.8510829448329449,0.8510829448329449,glob_probe,glob_probe,0.0,0.019279331779331832,1586,3432
nq,20,20,False,2,2202345,True,0.4235007257762836,0.42704583126613543,0.5206390831390831,0.8505001942501943,0.767701048951049,0.6107954545454546,0.5216103341103341,0.8505001942501943,0.8505001942501943,0.8505001942501943,glob_probe,glob_probe,0.0,0.0009712509712509476,1546,3432
nq,20,20,False,3,2203345,True,0.5181210374411429,0.42704583126613543,0.5405497280497281,0.8500631313131314,0.7680895493395492,0.6110382672882672,0.5215617715617715,0.8500631313131314,0.8500631313131314,0.8500631313131314,glob_probe,glob_probe,0.0,0.018987956487956592,1524,3432
nq,20,20,False,4,2204345,True,0.5032155617424192,0.42704583126613543,0.5377816627816628,0.8510829448329449,0.7685266122766122,0.6111353923853925,0.5222416472416472,0.8510829448329449,0.8510829448329449,0.8510829448329449,glob_probe,glob_probe,0.0,0.015540015540015606,1559,3432
nq,20,20,False,5,2205345,True,0.4314112392727901,0.42704583126613543,0.5229215229215228,0.8505973193473193,0.7685266122766122,0.6115238927738927,0.5224844599844599,0.8505973193473193,0.8505973193473193,0.8505973193473193,glob_probe,glob_probe,0.0,0.0004370629370629153,1497,3432
nq,20,20,False,6,2206345,True,0.39707048251077726,0.42704583126613543,0.5116792929292929,0.8502573815073815,0.7676039238539238,0.6109897047397047,0.5218045843045843,0.8502573815073815,0.8502573815073815,0.8502573815073815,glob_probe,glob_probe,0.0,0.01012529137529139,1543,3432
nq,20,20,False,7,2207345,True,0.4157612249301547,0.42704583126613543,0.5196678321678322,0.8513743201243202,0.7687208624708625,0.6125922688422689,0.5232614607614607,0.8513743201243202,0.8513743201243202,0.8513743201243202,glob_probe,glob_probe,0.0,0.0035936285936285506,1643,3432
nq,20,20,False,8,2208345,True,0.38479174069949,0.42704583126613543,0.5099310411810412,0.8509372571872573,0.7687208624708625,0.6116695804195804,0.5233585858585859,0.8509372571872573,0.8509372571872573,0.8509372571872573,glob_probe,glob_probe,0.0,0.0134275446775447,1538,3432
nq,20,20,False,9,2209345,True,0.34303486833174757,0.42704583126613543,0.49633352758352756,0.8503545066045067,0.7674096736596736,0.6110868298368298,0.5221930846930847,0.8503545066045067,0.8503545066045067,0.8503545066045067,glob_probe,glob_probe,0.0,0.02585955710955712,1373,3432
nq,20,20,False,10,2210345,True,0.4704076527205069,0.42704583126613543,0.5320998445998446,0.8510829448329449,0.7688665501165501,0.6123980186480187,0.5229215229215228,0.8510829448329449,0.8510829448329449,0.8510829448329449,glob_probe,glob_probe,0.0,0.009178321678321777,1479,3432
nq,20,20,False,11,2211345,True,0.4433229501858823,0.42704583126613543,0.5249125874125874,0.850645881895882,0.7687208624708625,0.6121066433566433,0.5226301476301476,0.850645881895882,0.850645881895882,0.850645881895882,glob_probe,glob_probe,0.0,0.0022824397824398046,1579,3432
nq,20,20,False,12,2212345,True,0.528980684787926,0.42704583126613543,0.5427350427350428,0.8500145687645687,0.7678952991452992,0.6108925796425796,0.5221445221445221,0.8500145687645687,0.8500145687645687,0.8500145687645687,glob_probe,glob_probe,0.0,0.02059052059052069,1519,3432
nq,20,20,False,13,2213345,True,0.3772583355345145,0.42704583126613543,0.5080371017871018,0.8509372571872573,0.7682837995337995,0.6115238927738927,0.5223387723387724,0.8509372571872573,0.8509372571872573,0.8509372571872573,glob_probe,glob_probe,0.0,0.014301670551670531,1541,3432
nq,20,20,False,14,2214345,True,0.402128114857108,0.42704583126613543,0.5137432012432013,0.8503545066045067,0.7679924242424242,0.6110868298368298,0.5226301476301476,0.8503545066045067,0.8503545066045067,0.8503545066045067,glob_probe,glob_probe,0.0,0.008886946386946315,1548,3432
nq,20,20,False,15,2215345,True,0.39909388133299883,0.42704583126613543,0.5132332944832945,0.8509372571872573,0.7679924242424242,0.6109411421911422,0.5224844599844599,0.8509372571872573,0.8509372571872573,0.8509372571872573,glob_probe,glob_probe,0.0,0.009251165501165448,1642,3432
nq,20,20,False,16,2216345,True,0.32667332793061565,0.42704583126613543,0.49215714840714836,0.8504516317016317,0.7681866744366744,0.6116695804195804,0.5224844599844599,0.8504516317016317,0.8504516317016317,0.8504516317016317,glob_probe,glob_probe,0.0,0.030327311577311555,1441,3432
nq,20,20,False,17,2217345,True,0.5021325676854675,0.42704583126613543,0.5370532245532246,0.8505001942501943,0.7675553613053613,0.6111353923853924,0.521950271950272,0.8505001942501943,0.8505001942501943,0.8505001942501943,glob_probe,glob_probe,0.0,0.01510295260295258,1485,3432
nq,20,20,False,18,2218345,True,0.3599373571364759,0.42704583126613543,0.5033750971250971,0.8515200077700078,0.7685751748251748,0.6118152680652681,0.5226301476301476,0.8515200077700078,0.8515200077700078,0.8515200077700078,glob_probe,glob_probe,0.0,0.019255050505050497,1545,3432
nq,20,20,False,19,2219345,True,0.4759512545137169,0.42704583126613543,0.5323426573426573,0.8505001942501943,0.7679924242424242,0.6112325174825175,0.5224358974358975,0.8505001942501943,0.8505001942501943,0.8505001942501943,glob_probe,glob_probe,0.0,0.009906759906759821,1559,3432
nq,20,20,False,20,2220345,True,0.43838112248937167,0.42704583126613543,0.5238927738927739,0.8509372571872573,0.7682837995337995,0.6118152680652681,0.5223387723387722,0.8509372571872573,0.8509372571872573,0.8509372571872573,glob_probe,glob_probe,0.0,0.0015540015540016494,1528,3432
nq,20,20,False,21,2221345,True,0.3997741305735557,0.42704583126613543,0.5145444832944832,0.8515200077700078,0.7691579254079254,0.6123980186480187,0.5235042735042734,0.8515200077700078,0.8515200077700078,0.8515200077700078,glob_probe,glob_probe,0.0,0.008959790209790208,1637,3432
nq,20,20,False,22,2222345,True,0.45025712076292634,0.42704583126613543,0.5261752136752137,0.8499174436674437,0.7678467365967366,0.6112325174825175,0.5223387723387722,0.8499174436674437,0.8499174436674437,0.8499174436674437,glob_probe,glob_probe,0.0,0.003836441336441454,1538,3432
nq,20,20,False,23,2223345,True,0.4968886810105886,0.42704583126613543,0.5371503496503497,0.8515200077700078,0.7685751748251748,0.6115238927738927,0.5229215229215228,0.8515200077700078,0.8515200077700078,0.8515200077700078,glob_probe,glob_probe,0.0,0.01422882672882686,1669,3432
nq,20,20,False,24,2224345,True,0.4652263267254736,0.42704583126613543,0.5302059052059053,0.8503545066045067,0.7675553613053613,0.6115238927738927,0.5221930846930847,0.8503545066045067,0.8503545066045067,0.8503545066045067,glob_probe,glob_probe,0.0,0.008012820512820595,1586,3432
nq,20,20,False,25,2225345,True,0.3748612364479509,0.42704583126613543,0.5077457264957265,0.8506944444444445,0.7685751748251748,0.6116695804195804,0.5227758352758353,0.8506944444444445,0.8506944444444445,0.8506944444444445,glob_probe,glob_probe,0.0,0.015030108780108797,1640,3432
nq,20,20,False,26,2226345,True,0.47728708164158457,0.42704583126613543,0.5326825951825952,0.850645881895882,0.7679924242424242,0.6118152680652681,0.5224844599844599,0.850645881895882,0.850645881895882,0.850645881895882,glob_probe,glob_probe,0.0,0.010198135198135283,1456,3432
nq,20,20,False,27,2227345,True,0.41824791670642825,0.42704583126613543,0.519036519036519,0.8500631313131314,0.7674096736596736,0.6106497668997669,0.5214646464646464,0.8500631313131314,0.8500631313131314,0.8500631313131314,glob_probe,glob_probe,0.0,0.002428127428127369,1648,3432
nq,20,20,False,28,2228345,True,0.5161002642339996,0.42704583126613543,0.5407925407925408,0.8508401320901321,0.7679924242424242,0.6109411421911422,0.5221930846930847,0.8508401320901321,0.8508401320901321,0.8508401320901321,glob_probe,glob_probe,0.0,0.018599456099456124,1561,3432
nq,20,20,False,29,2229345,True,0.4416319205716234,0.42704583126613543,0.5243298368298368,0.8503545066045067,0.7675067987567986,0.6113782051282052,0.5223387723387722,0.8503545066045067,0.8503545066045067,0.8503545066045067,glob_probe,glob_probe,0.0,0.0019910644910645647,1611,3432
nq,20,20,False,30,2230345,True,0.4625496400900999,0.42704583126613543,0.5300602175602175,0.8508886946386947,0.7686722999222998,0.6118638306138305,0.5226301476301476,0.8508886946386947,0.8508886946386947,0.8508886946386947,glob_probe,glob_probe,0.0,0.007430069930069894,1517,3432
nq,20,20,False,31,2231345,True,0.42899553568433013,0.42704583126613543,0.5239413364413364,0.8509372571872573,0.7687208624708625,0.6123980186480187,0.5239413364413364,0.8509372571872573,0.8509372571872573,0.8509372571872573,glob_probe,glob_probe,0.0,0.0,1589,3432
nq,20,20,False,32,2232345,True,0.3956388534429284,0.42704583126613543,0.5119706682206682,0.8505001942501943,0.7685751748251748,0.6114267676767676,0.5223873348873349,0.8505001942501943,0.8505001942501943,0.8505001942501943,glob_probe,glob_probe,0.0,0.01041666666666674,1544,3432
nq,20,20,False,33,2233345,True,0.44855630742445074,0.42704583126613543,0.5253496503496503,0.8500631313131314,0.7679924242424242,0.6106497668997669,0.522047397047397,0.8500631313131314,0.8500631313131314,0.8500631313131314,glob_probe,glob_probe,0.0,0.0033022533022533107,1569,3432
nq,20,20,False,34,2234345,True,0.4996090289028609,0.42704583126613543,0.5357905982905984,0.8507915695415696,0.7679438616938618,0.6104555167055166,0.5212703962703963,0.8507915695415696,0.8507915695415696,0.8507915695415696,glob_probe,glob_probe,0.0,0.0145202020202021,1534,3432
nq,20,20,False,35,2235345,True,0.37500000739122386,0.42704583126613543,0.5070172882672883,0.8503545066045067,0.7681381118881119,0.6110868298368298,0.522047397047397,0.8503545066045067,0.8503545066045067,0.8503545066045067,glob_probe,glob_probe,0.0,0.015030108780108686,1520,3432
nq,20,20,False,36,2236345,True,0.4365845318303077,0.42704583126613543,0.5233100233100233,0.8500631313131314,0.7682352369852369,0.6116210178710177,0.5221445221445221,0.8500631313131314,0.8500631313131314,0.8500631313131314,glob_probe,glob_probe,0.0,0.0011655011655011815,1570,3432
nq,20,20,False,37,2237345,True,0.5076115697652888,0.42704583126613543,0.5396270396270396,0.8512771950271951,0.7689151126651127,0.6119609557109557,0.5230672105672105,0.8512771950271951,0.8512771950271951,0.8512771950271951,glob_probe,glob_probe,0.0,0.016559829059829112,1502,3432
nq,20,20,False,38,2238345,True,0.36352979600777824,0.42704583126613543,0.5042492229992229,0.850645881895882,0.7681381118881119,0.6116695804195804,0.5224844599844599,0.850645881895882,0.850645881895882,0.850645881895882,glob_probe,glob_probe,0.0,0.01823523698523699,1544,3432
nq,20,20,False,39,2239345,True,0.3872760582814756,0.42704583126613543,0.5095425407925408,0.8503545066045067,0.7681866744366745,0.6118638306138307,0.5225330225330225,0.8503545066045067,0.8503545066045067,0.8503545066045067,glob_probe,glob_probe,0.0,0.012990481740481674,1527,3432
nq,20,20,False,40,2240345,True,0.4082632288868344,0.42704583126613543,0.516462703962704,0.8515200077700078,0.7693036130536131,0.6121066433566433,0.5229215229215228,0.8515200077700078,0.8515200077700078,0.8515200077700078,glob_probe,glob_probe,0.0,0.006458818958818835,1562,3432
nq,20,20,False,41,2241345,True,0.4194348482361774,0.42704583126613543,0.5207847707847708,0.8505001942501943,0.7679924242424242,0.612252331002331,0.5233585858585859,0.8505001942501943,0.8505001942501943,0.8505001942501943,glob_probe,glob_probe,0.0,0.0025738150738150445,1637,3432
nq,20,20,False,42,2242345,True,0.49996491113389263,0.42704583126613543,0.5368104118104119,0.8507915695415696,0.7683809246309247,0.6114753302253303,0.5222902097902098,0.8507915695415696,0.8507915695415696,0.8507915695415696,glob_probe,glob_probe,0.0,0.0145202020202021,1564,3432
nq,20,20,False,43,2243345,True,0.3970462426365845,0.42704583126613543,0.5119221056721057,0.850645881895882,0.7682837995337995,0.6110868298368298,0.5223387723387722,0.850645881895882,0.850645881895882,0.850645881895882,glob_probe,glob_probe,0.0,0.010416666666666519,1520,3432
nq,20,20,False,44,2244345,True,0.3659082615889384,0.42704583126613543,0.5051233488733489,0.8500631313131314,0.767701048951049,0.6115238927738927,0.5229215229215228,0.8500631313131314,0.8500631313131314,0.8500631313131314,glob_probe,glob_probe,0.0,0.017798174048173965,1565,3432
nq,20,20,False,45,2245345,True,0.47813891923455576,0.42704583126613543,0.5333139083139083,0.8504516317016317,0.7681866744366745,0.6120095182595182,0.5229700854700855,0.8504516317016317,0.8504516317016317,0.8504516317016317,glob_probe,glob_probe,0.0,0.010343822843822847,1761,3432
nq,20,20,False,46,2246345,True,0.4549339970081892,0.42704583126613543,0.5271464646464646,0.8500631313131314,0.7671182983682984,0.6112325174825175,0.5221930846930847,0.8500631313131314,0.8500631313131314,0.8500631313131314,glob_probe,glob_probe,0.0,0.004953379953379966,1521,3432
nq,20,20,False,47,2247345,True,0.42558869518211917,0.42704583126613543,0.5232614607614607,0.850743006993007,0.7686237373737373,0.6123008935508935,0.5236499611499611,0.850743006993007,0.850743006993007,0.850743006993007,glob_probe,glob_probe,0.0,0.00038850038850035684,1617,3432
nq,20,20,False,48,2248345,True,0.3897642902124887,0.42704583126613543,0.5103681041181042,0.8513743201243202,0.7688665501165501,0.6116695804195804,0.5224844599844599,0.8513743201243202,0.8513743201243202,0.8513743201243202,glob_probe,glob_probe,0.0,0.012116355866355732,1590,3432
nq,20,20,False,49,2249345,True,0.42263180322745886,0.42704583126613543,0.5204933954933955,0.8500631313131314,0.7671182983682984,0.6106497668997669,0.5217560217560218,0.8500631313131314,0.8500631313131314,0.8500631313131314,glob_probe,glob_probe,0.0,0.0012626262626262985,1574,3432
nq,50,50,False,0,2300958,True,0.421735307179135,0.42704583126613543,0.5212620027434842,0.8509455222418186,0.7691309033901625,0.612262394669802,0.5228297080148933,0.8509455222418186,0.8509455222418186,0.8509455222418186,glob_probe,glob_probe,0.0,0.0015677052714090367,3777,3402
nq,50,50,False,1,2301958,True,0.3962615380433723,0.42704583126613543,0.513349990201842,0.850798549872624,0.7680041152263375,0.6117724867724867,0.5232706251224769,0.850798549872624,0.850798549872624,0.850798549872624,glob_probe,glob_probe,0.0,0.009920634920634885,3949,3402
nq,50,50,False,2,2302958,True,0.4249577410847005,0.42704583126613543,0.5211150303742896,0.8510924946110132,0.7677101704879483,0.6110376249265138,0.5216539290613365,0.8510924946110132,0.8510924946110132,0.8510924946110132,glob_probe,glob_probe,0.0,0.0005388986870468182,4043,3402
nq,50,50,False,3,2303958,True,0.4974682131116561,0.42704583126613543,0.5371350186165001,0.8512394669802078,0.7689839310209681,0.6108416617675876,0.522633744855967,0.8512394669802078,0.8512394669802078,0.8512394669802078,glob_probe,glob_probe,0.0,0.014501273760533118,4116,3402
nq,50,50,False,4,2304958,True,0.4638916767528506,0.42704583126613543,0.5297374093670391,0.8509455222418186,0.7680041152263375,0.6114785420340976,0.5223887909073094,0.8509455222418186,0.8509455222418186,0.8509455222418186,glob_probe,glob_probe,0.0,0.007348618459729672,4062,3402
nq,50,50,False,5,2305958,True,0.40884587773920633,0.42704583126613543,0.5153831079757006,0.850798549872624,0.7685430139133843,0.6114785420340976,0.5216049382716049,0.850798549872624,0.850798549872624,0.850798549872624,glob_probe,glob_probe,0.0,0.006221830295904285,3998,3402
nq,50,50,False,6,2306958,True,0.44838666260484705,0.42704583126613543,0.5245443856554968,0.8505046051342349,0.7671222810111699,0.6097883597883598,0.5207720948461688,0.8505046051342349,0.8505046051342349,0.8505046051342349,glob_probe,glob_probe,0.0,0.0037722908093279495,3933,3402
nq,50,50,False,7,2307958,True,0.48470219397188097,0.42704583126613543,0.5352733686067019,0.8505046051342349,0.7690329218106996,0.6122134038800705,0.5235155790711347,0.8505046051342349,0.8505046051342349,0.8505046051342349,glob_probe,glob_probe,0.0,0.011757789535567276,3830,3402
nq,50,50,False,8,2308958,True,0.45061362597917093,0.42704583126613543,0.524936311973349,0.8499167156574565,0.7677101704879483,0.6101557907113463,0.5209190672153635,0.8499167156574565,0.8499167156574565,0.8499167156574565,glob_probe,glob_probe,0.0,0.004017244757985483,3857,3402
nq,50,50,False,9,2309958,True,0.4988553317786093,0.42704583126613543,0.5366941015089164,0.8501126788163825,0.7672692533803644,0.6108416617675877,0.5220458553791887,0.8501126788163825,0.8501126788163825,0.8501126788163825,glob_probe,glob_probe,0.0,0.014648246129727704,3905,3402
nq,50,50,False,10,2310958,True,0.45382563845704915,0.42704583126613543,0.5258181461885166,0.8499657064471879,0.7677591612776797,0.610694689398393,0.5212130119537527,0.8499657064471879,0.8499657064471879,0.8499657064471879,glob_probe,glob_probe,0.0,0.004605134234763941,3848,3402
nq,50,50,False,11,2311958,True,0.45330481844972537,0.42704583126613543,0.52753282382912,0.8505046051342349,0.7682980599647267,0.6124583578287282,0.5230746619635509,0.8505046051342349,0.8505046051342349,0.8505046051342349,glob_probe,glob_probe,0.0,0.004458161865569132,4072,3402
nq,50,50,False,12,2312958,True,0.45481746561718805,0.42704583126613543,0.5266019988242211,0.8501616696061141,0.7677591612776797,0.6108906525573192,0.5216049382716049,0.8501616696061141,0.8501616696061141,0.8501616696061141,glob_probe,glob_probe,0.0,0.004997060552616173,4092,3402
nq,50,50,False,13,2313958,True,0.48725645786204014,0.42704583126613543,0.5340485988634137,0.8510924946110132,0.7685920047031158,0.6115765236135607,0.5221928277483833,0.8510924946110132,0.8510924946110132,0.8510924946110132,glob_probe,glob_probe,0.0,0.011855771115030445,3973,3402
nq,50,50,False,14,2314958,True,0.44191342453506316,0.42704583126613543,0.5246913580246914,0.8503576327650403,0.7687389770723104,0.6123603762492651,0.5226827356456986,0.8503576327650403,0.8503576327650403,0.8503576327650403,glob_probe,glob_probe,0.0,0.002008622378992797,3899,3402
nq,50,50,False,15,2315958,True,0.44800107782952525,0.42704583126613543,0.5271408975112679,0.8506515775034295,0.7682980599647267,0.612262394669802,0.5236625514403292,0.8506515775034295,0.8506515775034295,0.8506515775034295,glob_probe,glob_probe,0.0,0.003478346070938665,3933,3402
nq,50,50,False,16,2316958,True,0.4051039483666363,0.42704583126613543,0.5145992553399961,0.8510435038212816,0.7683470507544583,0.6116745051930237,0.522535763276504,0.8510435038212816,0.8510435038212816,0.8510435038212816,glob_probe,glob_probe,0.0,0.007936507936507908,3859,3402
nq,50,50,False,17,2317958,True,0.38173932309584135,0.42704583126613543,0.5083039388594944,0.8497697432882617,0.768249069174995,0.6111356065059768,0.521702919851068,0.8497697432882617,0.8497697432882617,0.8497697432882617,glob_probe,glob_probe,0.0,0.01339898099157355,3837,3402
nq,50,50,False,18,2318958,True,0.4629264741094785,0.42704583126613543,0.5299823633156967,0.8505535959239663,0.7682490691749951,0.6105477170291984,0.5225847540662355,0.8505535959239663,0.8505535959239663,0.8505535959239663,glob_probe,glob_probe,0.0,0.007397609249461201,3914,3402
nq,50,50,False,19,2319958,True,0.4267780958700592,0.42704583126613543,0.5244219086811679,0.8497697432882619,0.7678081520674114,0.6124828532235941,0.5244219086811679,0.8497697432882619,0.8497697432882619,0.8497697432882619,glob_probe,glob_probe,0.0,0.0,3970,3402
nq,50,50,False,20,2320958,True,0.4063621518390891,0.42704583126613543,0.5148442092886537,0.8493288261806782,0.7672692533803644,0.6103027630805409,0.5220948461689202,0.8493288261806782,0.8493288261806782,0.8493288261806782,glob_probe,glob_probe,0.0,0.007250636880266503,3895,3402
nq,50,50,False,21,2321958,True,0.44309946369737674,0.42704583126613543,0.5242504409171076,0.8512394669802078,0.7681510875955321,0.6105477170291984,0.5219478737997256,0.8512394669802078,0.8512394669802078,0.8512394669802078,glob_probe,glob_probe,0.0,0.0023025671173819706,3972,3402
nq,50,50,False,22,2322958,True,0.4150742688028879,0.42704583126613543,0.5193513619439546,0.8504066235547717,0.7679061336468743,0.6125563394081912,0.5229766803840877,0.8504066235547717,0.8504066235547717,0.8504066235547717,glob_probe,glob_probe,0.0,0.0036253184401331406,3979,3402
nq,50,50,False,23,2323958,True,0.4295832497748612,0.42704583126613543,0.5218498922202626,0.8502106603958457,0.767416225749559,0.6110866157162455,0.521702919851068,0.8502106603958457,0.8502106603958457,0.8502106603958457,glob_probe,glob_probe,0.0,0.00014697236919458678,3778,3402
nq,50,50,False,24,2324958,True,0.4383045666998465,0.42704583126613543,0.5263080540858318,0.8510924946110132,0.7689349402312367,0.6135361552028219,0.5247403488144229,0.8510924946110132,0.8510924946110132,0.8510924946110132,glob_probe,glob_probe,0.0,0.0015677052714089257,3909,3402
nq,50,50,False,25,2325958,True,0.39906660598200927,0.42704583126613543,0.5130560454634528,0.8513374485596708,0.7701107191847933,0.6120664315108759,0.5229766803840877,0.8513374485596708,0.8513374485596708,0.8513374485596708,glob_probe,glob_probe,0.0,0.009920634920634885,3935,3402
nq,50,50,False,26,2326958,True,0.45014156466439115,0.42704583126613543,0.525867136978248,0.8506025867136978,0.7683470507544583,0.611968449931413,0.5219968645894572,0.8506025867136978,0.8506025867136978,0.8506025867136978,glob_probe,glob_probe,0.0,0.0038702723887908963,3910,3402
nq,50,50,False,27,2327958,True,0.45389527623003056,0.42704583126613543,0.5284146580442877,0.8516803840877916,0.768885949441505,0.6123603762492651,0.5237115422300607,0.8516803840877916,0.8516803840877916,0.8516803840877916,glob_probe,glob_probe,0.0,0.004703115814226999,3813,3402
nq,50,50,False,28,2328958,True,0.38550947957954507,0.42704583126613543,0.509185773074662,0.8510924946110132,0.7687389770723104,0.6115765236135607,0.5225847540662355,0.8510924946110132,0.8510924946110132,0.8510924946110132,glob_probe,glob_probe,0.0,0.01339898099157355,3826,3402
nq,50,50,False,29,2329958,True,0.4192384532336243,0.42704583126613543,0.5204291593180482,0.8501371742112483,0.7679306290417401,0.6108906525573192,0.5229276895943563,0.8501371742112483,0.8501371742112483,0.8501371742112483,glob_probe,glob_probe,0.0,0.0024985302763080863,3884,3402
nq,50,50,False,30,2330958,True,0.38938111765894595,0.42704583126613543,0.5092837546541251,0.8500636880266511,0.7685920047031158,0.6110376249265138,0.5215069566921419,0.8500636880266511,0.8500636880266511,0.8500636880266511,glob_probe,glob_probe,0.0,0.012223202038016745,3886,3402
nq,50,50,False,31,2331958,True,0.42870336353810334,0.42704583126613543,0.5234175974916715,0.8513864393494024,0.7690329218106996,0.6119194591416813,0.5234175974916715,0.8513864393494024,0.8513864393494024,0.8513864393494024,glob_probe,glob_probe,0.0,0.0,3984,3402
nq,50,50,False,32,2332958,True,0.44250585720090363,0.42704583126613543,0.5246423672349598,0.8506025867136978,0.7681510875955321,0.6112825788751716,0.5224867724867724,0.8506025867136978,0.8506025867136978,0.8506025867136978,glob_probe,glob_probe,0.0,0.002155594748187384,3908,3402
nq,50,50,False,33,2333958,True,0.4938624463515109,0.42704583126613543,0.5355183225553596,0.8498187340779934,0.7680041152263375,0.6112825788751713,0.5217519106407995,0.8498187340779934,0.8498187340779934,0.8498187340779934,glob_probe,glob_probe,0.0,0.013766411914560073,3840,3402
nq,50,50,False,34,2334958,True,0.4785913793388616,0.42704583126613543,0.5326278659611993,0.8499167156574565,0.7666813639035861,0.61059670781893,0.5220948461689202,0.8499167156574565,0.8499167156574565,0.8499167156574565,glob_probe,glob_probe,0.0,0.010533019792279052,4013,3402
nq,50,50,False,35,2335958,True,0.36556359145451706,0.42704583126613543,0.5047766019988242,0.8497697432882619,0.7675631981187536,0.6115765236135607,0.5224867724867724,0.8497697432882619,0.8497697432882619,0.8497697432882619,glob_probe,glob_probe,0.0,0.017710170487948207,3833,3402
nq,50,50,False,36,2336958,True,0.4085894268239858,0.42704583126613543,0.5164609053497943,0.8507250636880267,0.7680776014109347,0.6119194591416813,0.5226827356456986,0.8507250636880267,0.8507250636880267,0.8507250636880267,glob_probe,glob_probe,0.0,0.006221830295904285,4037,3402
nq,50,50,False,37,2337958,True,0.42215242275428055,0.42704583126613543,0.5220948461689202,0.8513864393494024,0.7691798941798942,0.6130462473055065,0.5236625514403292,0.8513864393494024,0.8513864393494024,0.8513864393494024,glob_probe,glob_probe,0.0,0.0015677052714090367,4006,3402
nq,50,50,False,38,2338958,True,0.41679176220534553,0.42704583126613543,0.5208210856359005,0.8514354301391339,0.7695228297080149,0.6122623946698021,0.5238585145992553,0.8514354301391339,0.8514354301391339,0.8514354301391339,glob_probe,glob_probe,0.0,0.0030374289633547935,3987,3402
nq,50,50,False,39,2339958,True,0.4034713435792766,0.42704583126613543,0.5148932000783852,0.8502106603958457,0.7672692533803644,0.611331569664903,0.5235645698608661,0.8502106603958457,0.8502106603958457,0.8502106603958457,glob_probe,glob_probe,0.0,0.008671369782480842,3917,3402
nq,50,50,False,40,2340958,True,0.4822782100439303,0.42704583126613543,0.5336566725455615,0.8505046051342349,0.7682980599647267,0.6118214775622183,0.5226827356456986,0.8505046051342349,0.8505046051342349,0.8505046051342349,glob_probe,glob_probe,0.0,0.010973936899862924,3879,3402
nq,50,50,False,41,2341958,True,0.47437716172466265,0.42704583126613543,0.5331177738585147,0.8511414854007447,0.7692288849696258,0.6136831275720165,0.5235645698608661,0.8511414854007447,0.8511414854007447,0.8511414854007447,glob_probe,glob_probe,0.0,0.009553203997648585,4061,3402
nq,50,50,False,42,2342958,True,0.43433535551798197,0.42704583126613543,0.5215559474818734,0.8499167156574565,0.7678081520674114,0.6099108367626888,0.520968058005095,0.8499167156574565,0.8499167156574565,0.8499167156574565,glob_probe,glob_probe,0.0,0.0005878894767783471,3760,3402
nq,50,50,False,43,2343958,True,0.4562376473113806,0.42704583126613543,0.5270919067215364,0.850798549872624,0.7677101704879483,0.6110376249265138,0.5220948461689202,0.850798549872624,0.850798549872624,0.850798549872624,glob_probe,glob_probe,0.0,0.004997060552616173,3940,3402
nq,50,50,False,44,2344958,True,0.3771459796093117,0.42704583126613543,0.508450911228689,0.8518273564569862,0.7690819126004311,0.6112825788751713,0.5227807172251616,0.8518273564569862,0.8518273564569862,0.8518273564569862,glob_probe,glob_probe,0.0,0.0143298059964726,3707,3402
nq,50,50,False,45,2345958,True,0.39396937743441357,0.42704583126613543,0.5109004507152655,0.8506515775034295,0.7685430139133842,0.6111356065059768,0.5219968645894572,0.8506515775034295,0.8506515775034295,0.8506515775034295,glob_probe,glob_probe,0.0,0.01109641387419169,3948,3402
nq,50,50,False,46,2346958,True,0.49720826412926644,0.42704583126613543,0.5360082304526749,0.8496227709190673,0.7666813639035861,0.6108906525573192,0.5219478737997256,0.8496227709190673,0.8496227709190673,0.8496227709190673,glob_probe,glob_probe,0.0,0.014060356652949246,3939,3402
nq,50,50,False,47,2347958,True,0.4642507134780146,0.42704583126613543,0.5299333725259651,0.8502106603958457,0.7678081520674113,0.6113805604546346,0.5222908093278463,0.8502106603958457,0.8502106603958457,0.8502106603958457,glob_probe,glob_probe,0.0,0.007642563198118735,4113,3402
nq,50,50,False,48,2348958,True,0.46159736587650135,0.42704583126613543,0.5303742896335489,0.8523172643543014,0.7692288849696257,0.6127033117773859,0.523466588281403,0.8523172643543014,0.8523172643543014,0.8523172643543014,glob_probe,glob_probe,0.0,0.006907701352145912,3961,3402
nq,50,50,False,49,2349958,True,0.46381424223435763,0.42704583126613543,0.5291985106799921,0.8506515775034295,0.7672692533803644,0.6115765236135607,0.5219968645894572,0.8506515775034295,0.8506515775034295,0.8506515775034295,glob_probe,glob_probe,0.0,0.007201646090534974,4188,3402
nq,100,100,False,0,2400498,True,0.42035788969601884,0.42704583126613543,0.5196897374701671,0.8494679793158314,0.7684715592680986,0.6112519888623706,0.5220266507557677,0.8494679793158314,0.8494679793158314,0.8494679793158314,glob_probe,glob_probe,0.0,0.0023369132856005947,7690,3352
nq,100,100,False,1,2401498,True,0.42800570465682386,0.42704583126613543,0.5233194112967382,0.8498657517899761,0.7676262927605411,0.6119480906921241,0.5233194112967382,0.8498657517899761,0.8498657517899761,0.8498657517899761,glob_probe,glob_probe,0.0,0.0,7706,3352
nq,100,100,False,2,2402498,True,0.44086337542397624,0.42704583126613543,0.5251093874303898,0.851257955449483,0.7691676610978521,0.6126441925218775,0.5230708035003977,0.851257955449483,0.851257955449483,0.851257955449483,glob_probe,glob_probe,0.0,0.0020385839299921216,7589,3352
nq,100,100,False,3,2403498,True,0.456386403667313,0.42704583126613543,0.5284904534606205,0.8496171439936357,0.7667810262529833,0.6112022673031027,0.5231205250596659,0.8496171439936357,0.8496171439936357,0.8496171439936357,glob_probe,glob_probe,0.0,0.005369928400954627,7897,3352
nq,100,100,False,4,2404498,True,0.46992344022731114,0.42704583126613543,0.5304295942720764,0.8506115751789977,0.76712907716786,0.6101083929992044,0.52118138424821,0.8506115751789977,0.8506115751789977,0.8506115751789977,glob_probe,glob_probe,0.0,0.009248210023866332,7925,3352
nq,100,100,False,5,2405498,True,0.4135806103776727,0.42704583126613543,0.5182975338106603,0.849368536197295,0.7661843675417661,0.6104564439140812,0.5216785998408909,0.849368536197295,0.849368536197295,0.849368536197295,glob_probe,glob_probe,0.0,0.003381066030230584,7625,3352
nq,100,100,False,6,2406498,True,0.4216318999076758,0.42704583126613543,0.5193914081145584,0.8513076770087509,0.7684218377088305,0.6115503182179792,0.5209824980111377,0.8513076770087509,0.8513076770087509,0.8513076770087509,glob_probe,glob_probe,0.0,0.0015910898965793008,7760,3352
nq,100,100,False,7,2407498,True,0.44872042914458937,0.42704583126613543,0.5282915672235482,0.8526004375497215,0.7697643198090692,0.6125447494033412,0.5243635640413683,0.8526004375497215,0.8526004375497215,0.8526004375497215,glob_probe,glob_probe,0.0,0.0039280031821798955,8256,3352
nq,100,100,False,8,2408498,True,0.39809876400040856,0.42704583126613543,0.5119083134447096,0.8505121320604615,0.7674771280827366,0.6107796340493238,0.5218029037390614,0.8505121320604615,0.8505121320604615,0.8505121320604615,glob_probe,glob_probe,0.0,0.009894590294351802,7935,3352
nq,100,100,False,9,2409498,True,0.37194325816297613,0.42704583126613543,0.50405230708035,0.8496171439936356,0.766631861575179,0.6086664677804295,0.5194411296738265,0.8496171439936356,0.8496171439936356,0.8496171439936356,glob_probe,glob_probe,0.0,0.015388822593476514,7641,3352
nq,100,100,False,10,2410498,True,0.4798333120332341,0.42704583126613543,0.5324184566428003,0.8505618536197295,0.7690682179793159,0.6113017104216387,0.5214299920445505,0.8505618536197295,0.8505618536197295,0.8505618536197295,glob_probe,glob_probe,0.0,0.010988464598249759,7768,3352
nq,100,100,False,11,2411498,True,0.4096446860314282,0.42704583126613543,0.5183969769291965,0.8526004375497217,0.7699134844868735,0.6124950278440731,0.5238166268894192,0.8526004375497217,0.8526004375497217,0.8526004375497217,glob_probe,glob_probe,0.0,0.0054196499602227055,7993,3352
nq,100,100,False,12,2412498,True,0.4051762603388808,0.42704583126613543,0.515612569610183,0.8505369928400954,0.7684466984884647,0.6110531026252983,0.5235680190930787,0.8505369928400954,0.8505369928400954,0.8505369928400954,glob_probe,glob_probe,0.0,0.007955449482895727,7699,3352
nq,100,100,False,13,2413498,True,0.4735522619499921,0.42704583126613543,0.5326670644391408,0.8513573985680191,0.7689190533015114,0.6118983691328559,0.5228221957040573,0.8513573985680191,0.8513573985680191,0.8513573985680191,glob_probe,glob_probe,0.0,0.0098448687350835,7874,3352
nq,100,100,False,14,2414498,True,0.43174526238284117,0.42704583126613543,0.5234188544152745,0.8511087907716787,0.7685710023866349,0.6113017104216388,0.5229713603818615,0.8511087907716787,0.8511087907716787,0.8511087907716787,glob_probe,glob_probe,0.0,0.0004474940334129318,8094,3352
nq,100,100,False,15,2415498,True,0.41776872599816667,0.42704583126613543,0.5209824980111376,0.852302108194113,0.7695654335719969,0.6121469769291965,0.5237669053301511,0.852302108194113,0.852302108194113,0.852302108194113,glob_probe,glob_probe,0.0,0.0027844073190135266,7853,3352
nq,100,100,False,16,2416498,True,0.4485996006840888,0.42704583126613543,0.5258552108194112,0.8499154733492443,0.7677257358790771,0.6121966984884645,0.5220266507557677,0.8499154733492443,0.8499154733492443,0.8499154733492443,glob_probe,glob_probe,0.0,0.0038285600636435158,7855,3352
nq,100,100,False,17,2417498,True,0.4209279232838732,0.42704583126613543,0.5175019888623708,0.84976630867144,0.7657368735083532,0.6086167462211615,0.5196897374701671,0.84976630867144,0.84976630867144,0.84976630867144,glob_probe,glob_probe,0.0,0.002187748607796358,7849,3352
nq,100,100,False,18,2418498,True,0.44015090820441427,0.42704583126613543,0.525159108989658,0.8514071201272873,0.7685212808273667,0.6117989260143198,0.5235680190930787,0.8514071201272873,0.8514071201272873,0.8514071201272873,glob_probe,glob_probe,0.0,0.0015910898965793008,7896,3352
nq,100,100,False,19,2419498,True,0.42341257819004474,0.42704583126613543,0.5224741447891806,0.8509596260938744,0.7691676610978521,0.6117989260143198,0.5234685759745425,0.8509596260938744,0.8509596260938744,0.8509596260938744,glob_probe,glob_probe,0.0,0.0009944311853619103,7846,3352
nq,100,100,False,20,2420498,True,0.3956905469270368,0.42704583126613543,0.5104166666666666,0.8490204852824186,0.7664826968973747,0.6099095067621321,0.5207836117740652,0.8490204852824186,0.8490204852824186,0.8490204852824186,glob_probe,glob_probe,0.0,0.01036694510739855,7868,3352
nq,100,100,False,21,2421498,True,0.40387870325251607,0.42704583126613543,0.5164329753381066,0.8511087907716787,0.7698637629276053,0.6140861177406525,0.52523369132856,0.8511087907716787,0.8511087907716787,0.8511087907716787,glob_probe,glob_probe,0.0,0.0088007159904534,7831,3352
nq,100,100,False,22,2422498,True,0.40645492002375067,0.42704583126613543,0.511585123309467,0.8499154733492443,0.767676014319809,0.6086167462211615,0.5195405727923628,0.8499154733492443,0.8499154733492443,0.8499154733492443,glob_probe,glob_probe,0.0,0.007955449482895727,7779,3352
nq,100,100,False,23,2423498,True,0.4784924925290648,0.42704583126613543,0.5341587112171837,0.852302108194113,0.7703609785202864,0.6128430787589498,0.524214399363564,0.852302108194113,0.852302108194113,0.852302108194113,glob_probe,glob_probe,0.0,0.00994431185361977,8096,3352
nq,100,100,False,24,2424498,True,0.4270851043700458,0.42704583126613543,0.5219769291964995,0.8506612967382658,0.7675268496420048,0.6104564439140812,0.5219769291964995,0.8506612967382658,0.8506612967382658,0.8506612967382658,glob_probe,glob_probe,0.0,0.0,7704,3352
nq,100,100,False,25,2425498,True,0.36832754068814155,0.42704583126613543,0.5046489657915672,0.851257955449483,0.7683721161495624,0.6112022673031027,0.5212311058074781,0.851257955449483,0.851257955449483,0.851257955449483,glob_probe,glob_probe,0.0,0.016582140015910962,7839,3352
nq,100,100,False,26,2426498,True,0.45169872352301044,0.42704583126613543,0.5258552108194113,0.8495177008750995,0.7663832537788386,0.6094122911694511,0.5214797136038186,0.8495177008750995,0.8495177008750995,0.8495177008750995,glob_probe,glob_probe,0.0,0.004375497215592716,7725,3352
nq,100,100,False,27,2427498,True,0.4046884812360724,0.42704583126613543,0.5150159108989658,0.8495177008750995,0.768123508353222,0.6109536595067621,0.5227724741447891,0.8495177008750995,0.8495177008750995,0.8495177008750995,glob_probe,glob_probe,0.0,0.0077565632458233,7635,3352
nq,100,100,False,28,2428498,True,0.4234333070985102,0.42704583126613543,0.5213802704852823,0.8517551710421638,0.7697643198090692,0.6116000397772473,0.5223747016706444,0.8517551710421638,0.8517551710421638,0.8517551710421638,glob_probe,glob_probe,0.0,0.0009944311853620214,7738,3352
nq,100,100,False,29,2429498,True,0.4312890550985549,0.42704583126613543,0.5227724741447891,0.8498657517899761,0.7668804693715195,0.6111028241845664,0.5223249801113763,0.8498657517899761,0.8498657517899761,0.8498657517899761,glob_probe,glob_probe,0.0,0.0004474940334128208,7643,3352
nq,100,100,False,30,2430498,True,0.3970478189424037,0.42704583126613543,0.5101680588703261,0.8482249403341289,0.7650407716786,0.6081692521877486,0.5203858392999204,0.8482249403341289,0.8482249403341289,0.8482249403341289,glob_probe,glob_probe,0.0,0.010217780429594314,7854,3352
nq,100,100,False,31,2431498,True,0.39908733228042303,0.42704583126613543,0.5140463404932378,0.8505121320604615,0.7688693317422435,0.6113514319809069,0.5233691328560064,0.8505121320604615,0.8505121320604615,0.8505121320604615,glob_probe,glob_probe,0.0,0.009322792362768562,7834,3352
nq,100,100,False,32,2432498,True,0.43042395468423444,0.42704583126613543,0.522673031026253,0.8516060063643597,0.7687698886237072,0.6116994828957836,0.5222255369928401,0.8516060063643597,0.8516060063643597,0.8516060063643597,glob_probe,glob_probe,0.0,0.0004474940334128208,7759,3352
nq,100,100,False,33,2433498,True,0.46288468491760015,0.42704583126613543,0.5300815433571997,0.8494679793158314,0.7671787987271281,0.6108044948289578,0.5227724741447891,0.8494679793158314,0.8494679793158314,0.8494679793158314,glob_probe,glob_probe,0.0,0.0073090692124105905,7701,3352
nq,100,100,False,34,2434498,True,0.4276893302807369,0.42704583126613543,0.5206344470962609,0.8496171439936357,0.7668307478122514,0.6103072792362768,0.5206344470962609,0.8496171439936357,0.8496171439936357,0.8496171439936357,glob_probe,glob_probe,0.0,0.0,7887,3352
nq,100,100,False,35,2435498,True,0.44152617504596636,0.42704583126613543,0.5258552108194112,0.8508104614160701,0.768670445505171,0.6137877883850437,0.5238166268894192,0.8508104614160701,0.8508104614160701,0.8508104614160701,glob_probe,glob_probe,0.0,0.0020385839299920105,7843,3352
nq,100,100,False,36,2436498,True,0.468832616172969,0.42704583126613543,0.5322195704057279,0.851804892601432,0.7692671042163882,0.6120972553699284,0.5228221957040573,0.851804892601432,0.851804892601432,0.851804892601432,glob_probe,glob_probe,0.0,0.009397374701670569,7960,3352
nq,100,100,False,37,2437498,True,0.47712016430844834,0.42704583126613543,0.5328162291169452,0.8510093476531424,0.768123508353222,0.6132408512330946,0.5228221957040573,0.8510093476531424,0.8510093476531424,0.8510093476531424,glob_probe,glob_probe,0.0,0.009994033412887848,7956,3352
nq,100,100,False,38,2438498,True,0.3868358530284928,0.42704583126613543,0.5113116547334924,0.8521032219570406,0.7685212808273667,0.6115503182179792,0.523717183770883,0.8521032219570406,0.8521032219570406,0.8521032219570406,glob_probe,glob_probe,0.0,0.012405529037390672,7762,3352
nq,100,100,False,39,2439498,True,0.44762473593786384,0.42704583126613543,0.5274463007159904,0.8496171439936357,0.7674771280827366,0.6128430787589498,0.5243635640413683,0.8496171439936357,0.8496171439936357,0.8496171439936357,glob_probe,glob_probe,0.0,0.0030827366746221108,7783,3352
nq,100,100,False,40,2440498,True,0.37865929984718616,0.42704583126613543,0.5098697295147175,0.8528987669053303,0.7696151551312649,0.6122464200477327,0.5236177406523469,0.8528987669053303,0.8528987669053303,0.8528987669053303,glob_probe,glob_probe,0.0,0.013748011137629357,7752,3352
nq,100,100,False,41,2441498,True,0.4437855361722546,0.42704583126613543,0.523667462211615,0.8494679793158313,0.7679246221161494,0.6104564439140812,0.5210322195704057,0.8494679793158313,0.8494679793158313,0.8494679793158313,glob_probe,glob_probe,0.0,0.00263524264120929,7858,3352
nq,100,100,False,42,2442498,True,0.4003124190044201,0.42704583126613543,0.514145783611774,0.8501640811455847,0.7684715592680986,0.6125447494033412,0.5233194112967383,0.8501640811455847,0.8501640811455847,0.8501640811455847,glob_probe,glob_probe,0.0,0.009173627684964325,7752,3352
nq,100,100,False,43,2443498,True,0.42469571101106096,0.42704583126613543,0.5220763723150358,0.8510093476531424,0.7685710023866349,0.6129425218774861,0.5226233094669849,0.8510093476531424,0.8510093476531424,0.8510093476531424,glob_probe,glob_probe,0.0,0.0005469371519490895,7856,3352
nq,100,100,False,44,2444498,True,0.38971121465201874,0.42704583126613543,0.5106652744630071,0.8522026650755768,0.7698140413683373,0.6127436356404138,0.5230708035003977,0.8522026650755768,0.8522026650755768,0.8522026650755768,glob_probe,glob_probe,0.0,0.012405529037390561,7746,3352
nq,100,100,False,45,2445498,True,0.423698410019721,0.42704583126613543,0.5212808273667463,0.8498657517899761,0.7674274065234686,0.6111525457438345,0.522126093874304,0.8498657517899761,0.8498657517899761,0.8498657517899761,glob_probe,glob_probe,0.0,0.0008452665075576737,7906,3352
nq,100,100,False,46,2446498,True,0.4622863191814228,0.42704583126613543,0.5304793158313444,0.851257955449483,0.7690184964200477,0.6125447494033412,0.5228719172633254,0.851257955449483,0.851257955449483,0.851257955449483,glob_probe,glob_probe,0.0,0.007607398568019064,7990,3352
nq,100,100,False,47,2447498,True,0.4133556589168433,0.42704583126613543,0.5189439140811456,0.8503132458233891,0.7682229514717582,0.6111028241845664,0.5230708035003977,0.8503132458233891,0.8503132458233891,0.8503132458233891,glob_probe,glob_probe,0.0,0.0041268894192521,7843,3352
nq,100,100,False,48,2448498,True,0.4842933499107073,0.42704583126613543,0.5339598249801114,0.8512082338902148,0.7687698886237073,0.6116249005568815,0.5222255369928401,0.8512082338902148,0.8512082338902148,0.8512082338902148,glob_probe,glob_probe,0.0,0.011734287987271275,8027,3352
nq,100,100,False,49,2449498,True,0.4715290014929311,0.42704583126613543,0.5303301511535402,0.8499651949085124,0.7677257358790772,0.6111028241845664,0.5212311058074781,0.8499651949085124,0.8499651949085124,0.8499651949085124,glob_probe,glob_probe,0.0,0.009099045346062096,7885,3352
hotpotqa,5,5,False,0,2000801,True,1.447529924260846,1.9951458892483045,0.5125675675675676,0.6437837837837838,0.6460810810810811,0.49148648648648646,0.5321621621621622,0.6437837837837838,0.6437837837837838,0.6437837837837838,glob_probe,glob_probe,0.0022972972972973293,0.01959459459459456,495,7400
hotpotqa,5,5,False,1,2001801,True,2.322112612294432,1.9951458892483045,0.5395945945945946,0.6437837837837838,0.6460810810810811,0.4914189189189189,0.5320945945945946,0.6437837837837838,0.6437837837837838,0.5395945945945946,glob_probe,ad_probe,0.0022972972972973293,0.007499999999999951,548,7400
hotpotqa,5,5,False,2,2002801,True,1.9692632758341446,1.9951458892483045,0.5315540540540541,0.643918918918919,0.6462162162162162,0.4916216216216216,0.5322297297297297,0.643918918918919,0.643918918918919,0.5315540540540541,glob_probe,ad_probe,0.0022972972972972183,0.0006756756756756133,529,7400
hotpotqa,5,5,False,3,2003801,True,1.6824057819293303,1.9951458892483045,0.5212837837837838,0.6438513513513513,0.6461486486486486,0.4916216216216216,0.5322972972972972,0.6438513513513513,0.6438513513513513,0.6438513513513513,glob_probe,glob_probe,0.0022972972972973293,0.011013513513513429,546,7400
hotpotqa,5,5,False,4,2004801,True,1.674110071750735,1.9951458892483045,0.5208783783783784,0.6437837837837838,0.6460810810810811,0.4914189189189189,0.5320945945945946,0.6437837837837838,0.6437837837837838,0.5208783783783784,glob_probe,ad_probe,0.0022972972972973293,0.011216216216216268,502,7400
hotpotqa,5,5,False,5,2005801,True,1.9476015084975837,1.9951458892483045,0.5306081081081081,0.6436486486486487,0.6459459459459459,0.49155405405405406,0.5321621621621622,0.6436486486486487,0.6436486486486487,0.6436486486486487,glob_probe,glob_probe,0.0022972972972972183,0.001554054054054066,510,7400
hotpotqa,5,5,False,6,2006801,True,2.529126223012409,1.9951458892483045,0.5435135135135135,0.643581081081081,0.6458783783783784,0.49148648648648646,0.532027027027027,0.643581081081081,0.643581081081081,0.643581081081081,glob_probe,glob_probe,0.0022972972972973293,0.011486486486486536,465,7400
hotpotqa,5,5,False,7,2007801,True,1.7715236376218129,1.9951458892483045,0.5241891891891892,0.6437837837837838,0.6460810810810811,0.49155405405405406,0.5322297297297297,0.6437837837837838,0.6437837837837838,0.6437837837837838,glob_probe,glob_probe,0.0022972972972973293,0.008040540540540486,508,7400
hotpotqa,5,5,False,8,2008801,True,1.681715302989161,1.9951458892483045,0.5212162162162162,0.643918918918919,0.6462162162162162,0.49155405405405406,0.5322297297297297,0.643918918918919,0.643918918918919,0.5212162162162162,glob_probe,ad_probe,0.0022972972972972183,0.01101351351351354,532,7400
hotpotqa,5,5,False,9,2009801,True,2.0749118205863994,1.9951458892483045,0.534054054054054,0.6438513513513513,0.6461486486486486,0.4916216216216216,0.5321621621621622,0.6438513513513513,0.6438513513513513,0.534054054054054,glob_probe,ad_probe,0.0022972972972973293,0.0018918918918918726,505,7400
hotpotqa,5,5,False,10,2010801,True,2.106837782448782,1.9951458892483045,0.5345945945945946,0.6438513513513513,0.6460810810810811,0.49148648648648646,0.5321621621621622,0.6438513513513513,0.6460810810810811,0.5345945945945946,trunc,ad_probe,0.0,0.0024324324324324076,531,7400
hotpotqa,5,5,False,11,2011801,True,2.049249395085504,1.9951458892483045,0.5333108108108108,0.643918918918919,0.6462162162162162,0.49155405405405406,0.5322297297297297,0.643918918918919,0.643918918918919,0.5333108108108108,glob_probe,ad_probe,0.0022972972972972183,0.00108108108108107,498,7400
hotpotqa,5,5,False,12,2012801,True,2.6245513466922064,1.9951458892483045,0.5461486486486486,0.6437162162162162,0.6459459459459459,0.49155405405405406,0.5320945945945946,0.6437162162162162,0.6459459459459459,0.6437162162162162,trunc,glob_probe,0.0,0.014054054054054022,492,7400
hotpotqa,5,5,False,13,2013801,True,1.8116160128414875,1.9951458892483045,0.5255405405405406,0.6436486486486487,0.6459459459459459,0.49148648648648646,0.532027027027027,0.6436486486486487,0.6436486486486487,0.6436486486486487,glob_probe,glob_probe,0.0022972972972972183,0.00648648648648642,433,7400
hotpotqa,5,5,False,14,2014801,True,2.4207566467571455,1.9951458892483045,0.5416891891891892,0.6437837837837838,0.6460810810810811,0.49148648648648646,0.5321621621621622,0.6437837837837838,0.6437837837837838,0.6437837837837838,glob_probe,glob_probe,0.0022972972972973293,0.009527027027027013,534,7400
hotpotqa,5,5,False,15,2015801,True,1.8030300224527764,1.9951458892483045,0.5253378378378378,0.6437162162162162,0.6460135135135135,0.4914189189189189,0.5320945945945946,0.6437162162162162,0.6437162162162162,0.6437162162162162,glob_probe,glob_probe,0.0022972972972973293,0.006756756756756799,520,7400
hotpotqa,5,5,False,16,2016801,True,2.051221925462292,1.9951458892483045,0.5333783783783784,0.643918918918919,0.6462162162162162,0.49155405405405406,0.5322297297297297,0.643918918918919,0.643918918918919,0.5333783783783784,glob_probe,ad_probe,0.0022972972972972183,0.0011486486486487202,506,7400
hotpotqa,5,5,False,17,2017801,True,1.7274179420788744,1.9951458892483045,0.5225,0.6438513513513513,0.6461486486486486,0.4916216216216216,0.5322972972972972,0.6438513513513513,0.6438513513513513,0.6438513513513513,glob_probe,glob_probe,0.0022972972972973293,0.00979729729729728,531,7400
hotpotqa,5,5,False,18,2018801,True,2.5147049849620933,1.9951458892483045,0.543445945945946,0.6437837837837838,0.6460810810810811,0.49148648648648646,0.5320945945945946,0.6437837837837838,0.6437837837837838,0.543445945945946,glob_probe,ad_probe,0.0022972972972973293,0.011351351351351346,530,7400
hotpotqa,5,5,False,19,2019801,True,1.8055131586307462,1.9951458892483045,0.5256081081081081,0.6438513513513513,0.6461486486486486,0.49155405405405406,0.5322297297297297,0.6438513513513513,0.6438513513513513,0.6438513513513513,glob_probe,glob_probe,0.0022972972972973293,0.0066216216216216095,510,7400
hotpotqa,5,5,False,20,2020801,True,1.582860336781185,1.9951458892483045,0.5174324324324324,0.6438513513513513,0.6461486486486486,0.4916216216216216,0.5321621621621622,0.6438513513513513,0.6438513513513513,0.5174324324324324,glob_probe,ad_probe,0.0022972972972973293,0.014729729729729746,501,7400
hotpotqa,5,5,False,21,2021801,True,2.669345656401668,1.9951458892483045,0.5470945945945946,0.643918918918919,0.6462162162162162,0.49155405405405406,0.5322297297297297,0.643918918918919,0.643918918918919,0.5470945945945946,glob_probe,ad_probe,0.0022972972972972183,0.014864864864864935,540,7400
hotpotqa,5,5,False,22,2022801,True,2.6478806577958798,1.9951458892483045,0.5466216216216216,0.643918918918919,0.6462162162162162,0.49155405405405406,0.5322297297297297,0.643918918918919,0.643918918918919,0.5466216216216216,glob_probe,ad_probe,0.0022972972972972183,0.01439189189189194,518,7400
hotpotqa,5,5,False,23,2023801,True,2.3147830963469844,1.9951458892483045,0.5394594594594595,0.643918918918919,0.6462162162162162,0.4916216216216216,0.5322972972972972,0.643918918918919,0.643918918918919,0.5394594594594595,glob_probe,ad_probe,0.0022972972972972183,0.0071621621621622555,521,7400
hotpotqa,5,5,False,24,2024801,True,1.5053620721163579,1.9951458892483045,0.5149324324324325,0.6437837837837838,0.6460810810810811,0.49155405405405406,0.5322297297297297,0.6437837837837838,0.6437837837837838,0.6437837837837838,glob_probe,glob_probe,0.0022972972972973293,0.01729729729729723,510,7400
hotpotqa,5,5,False,25,2025801,True,2.0263212529630286,1.9951458892483045,0.5328378378378379,0.6437837837837838,0.6460810810810811,0.49148648648648646,0.5320945945945946,0.6437837837837838,0.6437837837837838,0.5328378378378379,glob_probe,ad_probe,0.0022972972972973293,0.0007432432432432634,468,7400
hotpotqa,5,5,False,26,2026801,True,2.224248434245874,1.9951458892483045,0.5371621621621622,0.6437162162162162,0.6460135135135135,0.4914189189189189,0.5320945945945946,0.6437162162162162,0.6437162162162162,0.6437162162162162,glob_probe,glob_probe,0.0022972972972973293,0.0050675675675675436,503,7400
hotpotqa,5,5,False,27,2027801,True,1.4975561378729663,1.9951458892483045,0.5147972972972973,0.643918918918919,0.6462162162162162,0.4916216216216216,0.5322972972972972,0.643918918918919,0.643918918918919,0.643918918918919,glob_probe,glob_probe,0.0022972972972972183,0.01749999999999996,485,7400
hotpotqa,5,5,False,28,2028801,True,1.7765509346507868,1.9951458892483045,0.5243918918918918,0.6437837837837838,0.6460810810810811,0.49155405405405406,0.5320945945945946,0.6437837837837838,0.6437837837837838,0.6437837837837838,glob_probe,glob_probe,0.0022972972972973293,0.0077027027027027906,502,7400
hotpotqa,5,5,False,29,2029801,True,2.092058657924263,1.9951458892483045,0.5342567567567568,0.6437162162162162,0.6459459459459459,0.49148648648648646,0.532027027027027,0.6437162162162162,0.6459459459459459,0.5342567567567568,trunc,ad_probe,0.0,0.0022297297297297902,509,7400
hotpotqa,5,5,False,30,2030801,True,2.106224174400321,1.9951458892483045,0.5346621621621621,0.6437837837837838,0.6460810810810811,0.4916216216216216,0.5322297297297297,0.6437837837837838,0.6437837837837838,0.6437837837837838,glob_probe,glob_probe,0.0022972972972973293,0.0024324324324324076,523,7400
hotpotqa,5,5,False,31,2031801,True,2.092058657924263,1.9951458892483045,0.5343243243243243,0.6437837837837838,0.6460810810810811,0.49155405405405406,0.5321621621621622,0.6437837837837838,0.6437837837837838,0.5343243243243243,glob_probe,ad_probe,0.0022972972972973293,0.00216216216216214,529,7400
hotpotqa,5,5,False,32,2032801,True,1.6343939300298382,1.9951458892483045,0.5193918918918919,0.6437837837837838,0.6460810810810811,0.49148648648648646,0.5321621621621622,0.6437837837837838,0.6437837837837838,0.6437837837837838,glob_probe,glob_probe,0.0022972972972973293,0.012770270270270223,544,7400
hotpotqa,5,5,False,33,2033801,True,2.570201874476821,1.9951458892483045,0.5445945945945946,0.6436486486486487,0.6459459459459459,0.49135135135135133,0.532027027027027,0.6436486486486487,0.6436486486486487,0.6436486486486487,glob_probe,glob_probe,0.0022972972972972183,0.012567567567567606,501,7400
hotpotqa,5,5,False,34,2034801,True,1.481002087820901,1.9951458892483045,0.5139864864864865,0.6439864864864865,0.6462837837837838,0.4916891891891892,0.5323648648648649,0.6439864864864865,0.6439864864864865,0.6439864864864865,glob_probe,glob_probe,0.0022972972972973293,0.018378378378378413,463,7400
hotpotqa,5,5,False,35,2035801,True,2.2066428977968857,1.9951458892483045,0.5368918918918919,0.6437837837837838,0.6460810810810811,0.49148648648648646,0.5320945945945946,0.6437837837837838,0.6437837837837838,0.5368918918918919,glob_probe,ad_probe,0.0022972972972973293,0.004797297297297276,471,7400
hotpotqa,5,5,False,36,2036801,True,2.689664927311777,1.9951458892483045,0.5475,0.6438513513513513,0.6461486486486486,0.49155405405405406,0.5322297297297297,0.6438513513513513,0.6438513513513513,0.5475,glob_probe,ad_probe,0.0022972972972973293,0.01527027027027028,515,7400
hotpotqa,5,5,False,37,2037801,True,2.3217564456897253,1.9951458892483045,0.5395945945945946,0.6438513513513513,0.6461486486486486,0.49148648648648646,0.5321621621621622,0.6438513513513513,0.6438513513513513,0.5395945945945946,glob_probe,ad_probe,0.0022972972972973293,0.007432432432432412,506,7400
hotpotqa,5,5,False,38,2038801,True,2.3028864052735556,1.9951458892483045,0.5392567567567568,0.6437837837837838,0.6460810810810811,0.49148648648648646,0.5321621621621622,0.6437837837837838,0.6437837837837838,0.6437837837837838,glob_probe,glob_probe,0.0022972972972973293,0.007094594594594605,491,7400
hotpotqa,5,5,False,39,2039801,True,1.7497764790618389,1.9951458892483045,0.5233783783783784,0.6438513513513513,0.6461486486486486,0.4916216216216216,0.5322972972972972,0.6438513513513513,0.6438513513513513,0.6438513513513513,glob_probe,glob_probe,0.0022972972972973293,0.008918918918918828,514,7400
hotpotqa,5,5,False,40,2040801,True,2.350977586866932,1.9951458892483045,0.5401351351351351,0.6437162162162162,0.6460135135135135,0.49148648648648646,0.5321621621621622,0.6437162162162162,0.6437162162162162,0.6437162162162162,glob_probe,glob_probe,0.0022972972972973293,0.007972972972972947,504,7400
hotpotqa,5,5,False,41,2041801,True,2.1582651266216253,1.9951458892483045,0.5356081081081081,0.6437162162162162,0.6460135135135135,0.4914189189189189,0.532027027027027,0.6437162162162162,0.6437162162162162,0.5356081081081081,glob_probe,ad_probe,0.0022972972972973293,0.0035810810810811278,522,7400
hotpotqa,5,5,False,42,2042801,True,2.6202747433529976,1.9951458892483045,0.5461486486486486,0.6438513513513513,0.6462837837837838,0.4916216216216216,0.5322972972972972,0.6438513513513513,0.6438513513513513,0.6438513513513513,glob_probe,glob_probe,0.0024324324324325186,0.013851351351351404,464,7400
hotpotqa,5,5,False,43,2043801,True,1.9413941361561162,1.9951458892483045,0.5304054054054054,0.643918918918919,0.6462162162162162,0.49155405405405406,0.5322297297297297,0.643918918918919,0.643918918918919,0.5304054054054054,glob_probe,ad_probe,0.0022972972972972183,0.0018243243243243334,524,7400
hotpotqa,5,5,False,44,2044801,True,2.7817046430255954,1.9951458892483045,0.5491891891891892,0.6437837837837838,0.6460810810810811,0.4916216216216216,0.5322297297297297,0.6437837837837838,0.6437837837837838,0.6437837837837838,glob_probe,glob_probe,0.0022972972972973293,0.016959459459459536,534,7400
hotpotqa,5,5,False,45,2045801,True,1.4796236393735853,1.9951458892483045,0.513581081081081,0.6438513513513513,0.6461486486486486,0.49155405405405406,0.5321621621621622,0.6438513513513513,0.6438513513513513,0.513581081081081,glob_probe,ad_probe,0.0022972972972973293,0.01858108108108114,538,7400
hotpotqa,5,5,False,46,2046801,True,2.84926537565517,1.9951458892483045,0.5506081081081081,0.6439864864864865,0.6462837837837838,0.4916216216216216,0.5322972972972972,0.6439864864864865,0.6439864864864865,0.5506081081081081,glob_probe,ad_probe,0.0022972972972973293,0.018310810810810874,500,7400
hotpotqa,5,5,False,47,2047801,True,1.5746859355984,1.9951458892483045,0.5172297297297297,0.6437837837837838,0.6461486486486486,0.49148648648648646,0.5321621621621622,0.6437837837837838,0.6437837837837838,0.6437837837837838,glob_probe,glob_probe,0.0023648648648648685,0.014932432432432474,496,7400
hotpotqa,5,5,False,48,2048801,True,1.9425983561198814,1.9951458892483045,0.5304054054054054,0.643918918918919,0.6461486486486486,0.4916891891891892,0.5322297297297297,0.643918918918919,0.643918918918919,0.5304054054054054,glob_probe,ad_probe,0.002229729729729679,0.0018243243243243334,462,7400
hotpotqa,5,5,False,49,2049801,True,1.3016618411149905,1.9951458892483045,0.5077027027027027,0.6437837837837838,0.6460810810810811,0.49148648648648646,0.5320945945945946,0.6437837837837838,0.6437837837837838,0.5077027027027027,glob_probe,ad_probe,0.0022972972972973293,0.024391891891891948,479,7400
hotpotqa,10,10,False,0,739,True,1.651977074469277,1.9951458892483045,0.5203515889114266,0.6438133874239351,0.6460446247464503,0.49161595672751857,0.5322515212981744,0.6438133874239351,0.6460446247464503,0.6438133874239351,trunc,glob_probe,0.0,0.011899932386747802,970,7395
hotpotqa,10,10,False,1,1739,True,2.039674259921761,1.9951458892483045,0.5331981068289384,0.6437457741717376,0.6459770114942529,0.49154834347532117,0.532183908045977,0.6437457741717376,0.6459770114942529,0.6437457741717376,trunc,glob_probe,0.0,0.001014198782961384,1049,7395
hotpotqa,10,10,False,2,2739,True,2.386022280132339,1.9951458892483045,0.5408384043272482,0.6437457741717376,0.6461122379986477,0.49154834347532117,0.5322515212981744,0.6437457741717376,0.6437457741717376,0.6437457741717376,glob_probe,glob_probe,0.0023664638269100813,0.008586883029073733,1004,7395
hotpotqa,10,10,False,3,3739,True,2.462540020954244,1.9951458892483045,0.5425963488843814,0.6440838404327248,0.6463826910074375,0.491683569979716,0.5323867478025693,0.6440838404327248,0.6440838404327248,0.6440838404327248,glob_probe,glob_probe,0.0022988505747126853,0.010209601081812014,1033,7395
hotpotqa,10,10,False,4,4739,True,2.09482570990821,1.9951458892483045,0.5343475321162948,0.6436781609195402,0.6459770114942529,0.4914131169709263,0.5321162947937795,0.6436781609195402,0.6436781609195402,0.6436781609195402,glob_probe,glob_probe,0.0022988505747126853,0.0022312373225152893,1008,7395
hotpotqa,10,10,False,5,5739,True,1.5254557962717383,1.9951458892483045,0.5160243407707911,0.6440162271805274,0.64631507775524,0.49175118323191347,0.5324543610547667,0.6440162271805274,0.6440162271805274,0.6440162271805274,glob_probe,glob_probe,0.0022988505747125743,0.016430020283975666,936,7395
hotpotqa,10,10,False,6,6739,True,1.9574440360319514,1.9951458892483045,0.5310344827586206,0.6438133874239351,0.6461122379986477,0.4914131169709263,0.5321162947937795,0.6438133874239351,0.6438133874239351,0.6438133874239351,glob_probe,glob_probe,0.0022988505747125743,0.0010818120351588911,989,7395
hotpotqa,10,10,False,7,7739,True,1.6686331742667857,1.9951458892483045,0.5208924949290061,0.6438810006761325,0.6462474645030426,0.491683569979716,0.5323191345503718,0.6438810006761325,0.6438810006761325,0.6438810006761325,glob_probe,glob_probe,0.0023664638269100813,0.011426639621365697,978,7395
hotpotqa,10,10,False,8,8739,True,2.205991636496817,1.9951458892483045,0.537052062204192,0.6440838404327248,0.6463826910074375,0.49161595672751857,0.5323191345503718,0.6440838404327248,0.6440838404327248,0.537052062204192,glob_probe,ad_probe,0.0022988505747126853,0.0047329276538201626,994,7395
hotpotqa,10,10,False,9,9739,True,1.7033509261157884,1.9951458892483045,0.5219066937119675,0.6438133874239351,0.6461122379986477,0.49154834347532117,0.5322515212981744,0.6438133874239351,0.6438133874239351,0.6438133874239351,glob_probe,glob_probe,0.0022988505747125743,0.010344827586206917,926,7395
hotpotqa,10,10,False,10,10739,True,2.2331968163271876,1.9951458892483045,0.5372549019607843,0.6436781609195402,0.6459770114942529,0.4914131169709263,0.5320486815415821,0.6436781609195402,0.6436781609195402,0.6436781609195402,glob_probe,glob_probe,0.0022988505747126853,0.005206220419202157,978,7395
hotpotqa,10,10,False,11,11739,True,2.5655582577716465,1.9951458892483045,0.5446923597025017,0.6438810006761325,0.6461122379986477,0.49154834347532117,0.5322515212981744,0.6438810006761325,0.6461122379986477,0.6438810006761325,trunc,glob_probe,0.0,0.012440838404327303,1001,7395
hotpotqa,10,10,False,12,12739,True,1.9730467775629335,1.9951458892483045,0.5316430020283975,0.6438810006761325,0.6462474645030426,0.4914807302231237,0.532183908045977,0.6438810006761325,0.6438810006761325,0.6438810006761325,glob_probe,glob_probe,0.0023664638269100813,0.0005409060175795011,992,7395
hotpotqa,10,10,False,13,13739,True,2.211008033216713,1.9951458892483045,0.5369168356997972,0.6438810006761325,0.6461122379986477,0.4914807302231237,0.5321162947937795,0.6438810006761325,0.6461122379986477,0.5369168356997972,trunc,ad_probe,0.0,0.00480054090601767,1031,7395
hotpotqa,10,10,False,14,14739,True,1.8034251956093015,1.9951458892483045,0.5254901960784314,0.6438810006761325,0.6461122379986477,0.4914807302231237,0.532183908045977,0.6438810006761325,0.6461122379986477,0.6438810006761325,trunc,glob_probe,0.0,0.006693711967545646,975,7395
hotpotqa,10,10,False,15,15739,True,2.3373402841453146,1.9951458892483045,0.5398918187964841,0.6439486139283299,0.6461798512508452,0.49161595672751857,0.5322515212981744,0.6439486139283299,0.6461798512508452,0.6439486139283299,trunc,glob_probe,0.0,0.007640297498309634,1040,7395
hotpotqa,10,10,False,16,16739,True,2.143069912393354,1.9951458892483045,0.5354293441514537,0.6440162271805274,0.64631507775524,0.49175118323191347,0.5322515212981744,0.6440162271805274,0.6440162271805274,0.5354293441514537,glob_probe,ad_probe,0.0022988505747125743,0.0031778228532792774,1065,7395
hotpotqa,10,10,False,17,17739,True,1.7949553888600338,1.9951458892483045,0.5250169033130494,0.6438810006761325,0.6461798512508452,0.4914807302231237,0.532183908045977,0.6438810006761325,0.6438810006761325,0.6438810006761325,glob_probe,glob_probe,0.0022988505747126853,0.00716700473292764,994,7395
hotpotqa,10,10,False,18,18739,True,1.9567856384166777,1.9951458892483045,0.5311020960108181,0.6439486139283299,0.6461798512508452,0.49154834347532117,0.5322515212981744,0.6439486139283299,0.6461798512508452,0.6439486139283299,trunc,glob_probe,0.0,0.0011494252873562871,1020,7395
hotpotqa,10,10,False,19,19739,True,2.5894801346647225,1.9951458892483045,0.5452332657200811,0.6437457741717376,0.6460446247464503,0.49161595672751857,0.5323191345503718,0.6437457741717376,0.6437457741717376,0.6437457741717376,glob_probe,glob_probe,0.0022988505747126853,0.012914131169709298,1066,7395
hotpotqa,10,10,False,20,20739,True,1.6464522057285735,1.9951458892483045,0.5200811359026369,0.6438133874239351,0.6461122379986477,0.49161595672751857,0.532183908045977,0.6438133874239351,0.6438133874239351,0.6438133874239351,glob_probe,glob_probe,0.0022988505747125743,0.012102772143340101,987,7395
hotpotqa,10,10,False,21,21739,True,2.2297243414598444,1.9951458892483045,0.5373225152129818,0.6438133874239351,0.6461122379986477,0.49154834347532117,0.532183908045977,0.6438133874239351,0.6438133874239351,0.6438133874239351,glob_probe,glob_probe,0.0022988505747125743,0.005138607167004761,1026,7395
hotpotqa,10,10,False,22,22739,True,1.7276660562618003,1.9951458892483045,0.5225152129817444,0.6440162271805274,0.64631507775524,0.49161595672751857,0.5323191345503718,0.6440162271805274,0.6440162271805274,0.6440162271805274,glob_probe,glob_probe,0.0022988505747125743,0.009803921568627416,1042,7395
hotpotqa,10,10,False,23,23739,True,1.8567088171621147,1.9951458892483045,0.5269776876267749,0.6437457741717376,0.6460446247464503,0.4914807302231237,0.5321162947937795,0.6437457741717376,0.6437457741717376,0.6437457741717376,glob_probe,glob_probe,0.0022988505747126853,0.00513860716700465,949,7395
hotpotqa,10,10,False,24,24739,True,1.522484656574311,1.9951458892483045,0.5154834347532117,0.6437457741717376,0.6460446247464503,0.4914807302231237,0.532183908045977,0.6437457741717376,0.6437457741717376,0.6437457741717376,glob_probe,glob_probe,0.0022988505747126853,0.01670047329276536,981,7395
hotpotqa,10,10,False,25,25739,True,2.025282151665533,1.9951458892483045,0.5327924273157539,0.6438810006761325,0.6461798512508452,0.491683569979716,0.5321162947937795,0.6438810006761325,0.6438810006761325,0.5327924273157539,glob_probe,ad_probe,0.0022988505747126853,0.0006761325219744041,1003,7395
hotpotqa,10,10,False,26,26739,True,1.9246974465545563,1.9951458892483045,0.5297498309668696,0.6437457741717376,0.6461122379986477,0.49161595672751857,0.5322515212981744,0.6437457741717376,0.6437457741717376,0.6437457741717376,glob_probe,glob_probe,0.0023664638269100813,0.0025016903313048733,982,7395
hotpotqa,10,10,False,27,27739,True,1.772512193807223,1.9951458892483045,0.523867478025693,0.6436105476673428,0.6459093982420554,0.491210277214334,0.5319134550371873,0.6436105476673428,0.6436105476673428,0.6436105476673428,glob_probe,glob_probe,0.0022988505747125743,0.008045977011494343,987,7395
hotpotqa,10,10,False,28,28739,True,1.8806604077852331,1.9951458892483045,0.5282623394185261,0.6438810006761325,0.6461122379986477,0.4914131169709263,0.5321162947937795,0.6438810006761325,0.6461122379986477,0.5282623394185261,trunc,ad_probe,0.0,0.0038539553752534594,1039,7395
hotpotqa,10,10,False,29,29739,True,2.4026865377367486,1.9951458892483045,0.5414469235970251,0.6439486139283299,0.6462474645030426,0.49161595672751857,0.5322515212981744,0.6439486139283299,0.6439486139283299,0.6439486139283299,glob_probe,glob_probe,0.0022988505747126853,0.00919540229885063,1049,7395
hotpotqa,10,10,False,30,30739,True,1.7836452672355378,1.9951458892483045,0.5246112237998648,0.6437457741717376,0.6460446247464503,0.49154834347532117,0.532183908045977,0.6437457741717376,0.6437457741717376,0.6437457741717376,glob_probe,glob_probe,0.0022988505747126853,0.007572684246112238,960,7395
hotpotqa,10,10,False,31,31739,True,2.2415841288942957,1.9951458892483045,0.5376605814739689,0.6436781609195402,0.6459770114942529,0.491683569979716,0.5322515212981744,0.6436781609195402,0.6436781609195402,0.6436781609195402,glob_probe,glob_probe,0.0022988505747126853,0.005409060175794456,989,7395
hotpotqa,10,10,False,32,32739,True,1.8025330841220424,1.9951458892483045,0.5250169033130494,0.6435429344151453,0.6459093982420554,0.491210277214334,0.5318458417849898,0.6435429344151453,0.6435429344151453,0.6435429344151453,glob_probe,glob_probe,0.0023664638269100813,0.006828938471940438,964,7395
hotpotqa,10,10,False,33,33739,True,2.05635700836239,1.9951458892483045,0.533603786342123,0.6438810006761325,0.6461798512508452,0.49154834347532117,0.5322515212981744,0.6438810006761325,0.6438810006761325,0.6438810006761325,glob_probe,glob_probe,0.0022988505747126853,0.0013522650439485862,1027,7395
hotpotqa,10,10,False,34,34739,True,2.152441573438958,1.9951458892483045,0.5353617308992562,0.6435429344151453,0.645841784989858,0.49134550371872887,0.5319810682893847,0.6435429344151453,0.6435429344151453,0.6435429344151453,glob_probe,glob_probe,0.0022988505747126853,0.0033806626098714654,1015,7395
hotpotqa,10,10,False,35,35739,True,2.293119370091669,1.9951458892483045,0.5387423935091278,0.6436105476673428,0.6459093982420554,0.4912778904665314,0.5319134550371873,0.6436105476673428,0.6436105476673428,0.6436105476673428,glob_probe,glob_probe,0.0022988505747125743,0.006828938471940438,1020,7395
hotpotqa,10,10,False,36,36739,True,2.05090074794103,1.9951458892483045,0.533603786342123,0.6441514536849222,0.6465179175118323,0.49181879648411087,0.5325219743069641,0.6441514536849222,0.6441514536849222,0.6441514536849222,glob_probe,glob_probe,0.0023664638269100813,0.0010818120351588911,1055,7395
hotpotqa,10,10,False,37,37739,True,2.0466607607392815,1.9951458892483045,0.5332657200811359,0.6438810006761325,0.6461798512508452,0.49154834347532117,0.5322515212981744,0.6438810006761325,0.6438810006761325,0.6438810006761325,glob_probe,glob_probe,0.0022988505747126853,0.0010141987829614951,1025,7395
hotpotqa,10,10,False,38,38739,True,1.7037774021157475,1.9951458892483045,0.5218390804597701,0.6438133874239351,0.6461798512508452,0.4914807302231237,0.532183908045977,0.6438133874239351,0.6438133874239351,0.6438133874239351,glob_probe,glob_probe,0.0023664638269100813,0.010344827586206917,900,7395
hotpotqa,10,10,False,39,39739,True,1.5184289153179176,1.9951458892483045,0.5154834347532117,0.6440162271805274,0.64631507775524,0.49161595672751857,0.5322515212981744,0.6440162271805274,0.6440162271805274,0.5154834347532117,glob_probe,ad_probe,0.0022988505747125743,0.016768086544962757,882,7395
hotpotqa,10,10,False,40,40739,True,2.1964320055464013,1.9951458892483045,0.5367139959432049,0.6438810006761325,0.6461122379986477,0.49161595672751857,0.5323191345503718,0.6438810006761325,0.6461122379986477,0.6438810006761325,trunc,glob_probe,0.0,0.0043948613928330715,1096,7395
hotpotqa,10,10,False,41,41739,True,1.883013774568806,1.9951458892483045,0.5285327924273158,0.6440162271805274,0.6461798512508452,0.49154834347532117,0.5322515212981744,0.6440162271805274,0.6461798512508452,0.5285327924273158,trunc,ad_probe,0.0,0.0037187288708586674,1062,7395
hotpotqa,10,10,False,42,42739,True,2.014847801014241,1.9951458892483045,0.5323867478025693,0.6436781609195402,0.6459093982420554,0.4914131169709263,0.5320486815415821,0.6436781609195402,0.6459093982420554,0.6436781609195402,trunc,glob_probe,0.0,0.00033806626098720205,920,7395
hotpotqa,10,10,False,43,43739,True,1.7184771638413345,1.9951458892483045,0.5223123732251521,0.6439486139283299,0.6462474645030426,0.49154834347532117,0.532183908045977,0.6439486139283299,0.6439486139283299,0.6439486139283299,glob_probe,glob_probe,0.0022988505747126853,0.009871534820824923,1018,7395
hotpotqa,10,10,False,44,44739,True,2.45964696476603,1.9951458892483045,0.5424611223799864,0.6438810006761325,0.6462474645030426,0.491683569979716,0.5323867478025693,0.6438810006761325,0.6438810006761325,0.6438810006761325,glob_probe,glob_probe,0.0023664638269100813,0.010074374577417111,1072,7395
hotpotqa,10,10,False,45,45739,True,2.2054768772687736,1.9951458892483045,0.537052062204192,0.6438133874239351,0.6461122379986477,0.49175118323191347,0.5323867478025693,0.6438133874239351,0.6438133874239351,0.6438133874239351,glob_probe,glob_probe,0.0022988505747125743,0.0046653144016226555,1009,7395
hotpotqa,10,10,False,46,46739,True,1.855902582946897,1.9951458892483045,0.5271805273833672,0.6440162271805274,0.64631507775524,0.491683569979716,0.5323191345503718,0.6440162271805274,0.6440162271805274,0.6440162271805274,glob_probe,glob_probe,0.0022988505747125743,0.00513860716700465,962,7395
hotpotqa,10,10,False,47,47739,True,1.7979308602554083,1.9951458892483045,0.525422582826234,0.6440162271805274,0.64631507775524,0.49175118323191347,0.5323867478025693,0.6440162271805274,0.6440162271805274,0.6440162271805274,glob_probe,glob_probe,0.0022988505747125743,0.006964164976335341,1026,7395
hotpotqa,10,10,False,48,48739,True,2.0866903663103873,1.9951458892483045,0.5342123056118999,0.6436105476673428,0.6459093982420554,0.4914131169709263,0.5320486815415821,0.6436105476673428,0.6436105476673428,0.6436105476673428,glob_probe,glob_probe,0.0022988505747125743,0.0021636240703177823,1010,7395
hotpotqa,10,10,False,49,49739,True,1.875445930812769,1.9951458892483045,0.5279918864097363,0.6436781609195402,0.6459770114942529,0.49154834347532117,0.532183908045977,0.6436781609195402,0.6436781609195402,0.6436781609195402,glob_probe,glob_probe,0.0022988505747126853,0.0041920216362407725,1020,7395
hotpotqa,20,20,False,0,2200822,True,1.9116918288267168,1.9951458892483045,0.5289099526066351,0.643331076506432,0.6456330399458362,0.491198375084631,0.5318212593094109,0.643331076506432,0.643331076506432,0.643331076506432,glob_probe,glob_probe,0.002301963439404253,0.00291130670277584,1988,7385
hotpotqa,20,20,False,1,2201822,True,1.9244455600056636,1.9951458892483045,0.5294515910629655,0.6436018957345971,0.6458361543669601,0.4914014895057549,0.5320243737305349,0.6436018957345971,0.6458361543669601,0.6436018957345971,trunc,glob_probe,0.0,0.00257278266756944,1988,7385
hotpotqa,20,20,False,2,2202822,True,1.9432207104568158,1.9951458892483045,0.5305348679756263,0.6436018957345971,0.6459715639810426,0.4916046039268788,0.5322951929587001,0.6436018957345971,0.6436018957345971,0.6436018957345971,glob_probe,glob_probe,0.0023696682464454666,0.0017603249830737688,2100,7385
hotpotqa,20,20,False,3,2203822,True,2.4376892295376837,1.9951458892483045,0.5417738659444821,0.6437373053486798,0.6461069735951253,0.4915368991198375,0.5321597833446174,0.6437373053486798,0.6437373053486798,0.6437373053486798,glob_probe,glob_probe,0.0023696682464454666,0.009614082599864626,2139,7385
hotpotqa,20,20,False,4,2204822,True,1.8739903959511721,1.9951458892483045,0.5279620853080569,0.6436696005416385,0.6460392687880839,0.4916046039268788,0.5322274881516588,0.6436696005416385,0.6436696005416385,0.6436696005416385,glob_probe,glob_probe,0.0023696682464454666,0.004265402843601884,1964,7385
hotpotqa,20,20,False,5,2205822,True,1.7795875353556014,1.9951458892483045,0.524373730534868,0.6436018957345971,0.6459038591740014,0.49146919431279623,0.5321597833446174,0.6436018957345971,0.6436018957345971,0.6436018957345971,glob_probe,glob_probe,0.002301963439404253,0.007786052809749422,1953,7385
hotpotqa,20,20,False,6,2206822,True,1.8516242945110046,1.9951458892483045,0.526878808395396,0.6436018957345971,0.6459715639810426,0.49146919431279623,0.5320920785375761,0.6436018957345971,0.6436018957345971,0.6436018957345971,glob_probe,glob_probe,0.0023696682464454666,0.005213270142180093,2057,7385
hotpotqa,20,20,False,7,2207822,True,1.88158784354271,1.9951458892483045,0.5285037237643873,0.6437373053486798,0.6460392687880839,0.4915368991198375,0.5322274881516588,0.6437373053486798,0.6437373053486798,0.6437373053486798,glob_probe,glob_probe,0.002301963439404142,0.003723764387271511,2075,7385
hotpotqa,20,20,False,8,2208822,True,1.882417548744363,1.9951458892483045,0.5283683141503047,0.6438727149627623,0.6461746784021666,0.4914014895057549,0.5320920785375761,0.6438727149627623,0.6438727149627623,0.6438727149627623,glob_probe,glob_probe,0.002301963439404253,0.0037237643872714,1974,7385
hotpotqa,20,20,False,9,2209822,True,1.8741851687435074,1.9951458892483045,0.5278943805010156,0.6438727149627623,0.6461746784021666,0.4915368991198375,0.5321597833446174,0.6438727149627623,0.6438727149627623,0.6438727149627623,glob_probe,glob_probe,0.002301963439404253,0.004265402843601884,2001,7385
hotpotqa,20,20,False,10,2210822,True,2.099415103334345,1.9951458892483045,0.534326337169939,0.6438727149627623,0.6461746784021666,0.4913337846987136,0.5320243737305349,0.6438727149627623,0.6438727149627623,0.6438727149627623,glob_probe,glob_probe,0.002301963439404253,0.002301963439404142,2061,7385
hotpotqa,20,20,False,11,2211822,True,1.9435929043376778,1.9951458892483045,0.5306702775897089,0.644008124576845,0.6463100880162491,0.4917400135409614,0.5324306025727826,0.644008124576845,0.644008124576845,0.644008124576845,glob_probe,glob_probe,0.002301963439404142,0.0017603249830737688,2059,7385
hotpotqa,20,20,False,12,2212822,True,2.36096871925609,1.9951458892483045,0.540419769803656,0.644008124576845,0.6461746784021666,0.4916723087339201,0.5323628977657414,0.644008124576845,0.6461746784021666,0.644008124576845,trunc,glob_probe,0.0,0.008056872037914609,1990,7385
hotpotqa,20,20,False,13,2213822,True,2.22018474172112,1.9951458892483045,0.5371699390656737,0.6434664861205146,0.6458361543669601,0.4916723087339201,0.5322951929587001,0.6434664861205146,0.6434664861205146,0.6434664861205146,glob_probe,glob_probe,0.0023696682464454666,0.004874746106973582,2027,7385
hotpotqa,20,20,False,14,2214822,True,1.7867735709894808,1.9951458892483045,0.5245768449559919,0.6436018957345971,0.6459715639810426,0.49146919431279623,0.5320243737305349,0.6436018957345971,0.6436018957345971,0.6436018957345971,glob_probe,glob_probe,0.0023696682464454666,0.007447528774543022,1911,7385
hotpotqa,20,20,False,15,2215822,True,1.957668369734413,1.9951458892483045,0.530941096817874,0.643805010155721,0.6459715639810426,0.4913337846987136,0.5320243737305349,0.643805010155721,0.6459715639810426,0.643805010155721,trunc,glob_probe,0.0,0.0010832769126608577,1948,7385
hotpotqa,20,20,False,16,2216822,True,2.4305930032404097,1.9951458892483045,0.5418415707515234,0.6441435341909275,0.6464454976303318,0.4915368991198375,0.5322951929587001,0.6441435341909275,0.6441435341909275,0.6441435341909275,glob_probe,glob_probe,0.002301963439404253,0.009546377792823302,2058,7385
hotpotqa,20,20,False,17,2217822,True,2.168892133308523,1.9951458892483045,0.5361543669600541,0.6441435341909275,0.6464454976303318,0.4916046039268788,0.5322951929587001,0.6441435341909275,0.6441435341909275,0.6441435341909275,glob_probe,glob_probe,0.002301963439404253,0.0038591740013540488,1988,7385
hotpotqa,20,20,False,18,2218822,True,2.3098571303434348,1.9951458892483045,0.539268788083954,0.6436018957345971,0.6457684495599187,0.4914014895057549,0.5320243737305349,0.6436018957345971,0.6457684495599187,0.6436018957345971,trunc,glob_probe,0.0,0.007244414353419049,2105,7385
hotpotqa,20,20,False,19,2219822,True,2.1821340215578795,1.9951458892483045,0.5360189573459716,0.6436018957345971,0.6458361543669601,0.491198375084631,0.5318889641164523,0.6436018957345971,0.6458361543669601,0.6436018957345971,trunc,glob_probe,0.0,0.0041299932295193464,2092,7385
hotpotqa,20,20,False,20,2220822,True,1.9228482870110355,1.9951458892483045,0.5293161814488828,0.6433987813134733,0.6457684495599187,0.4912660798916723,0.5318889641164523,0.6433987813134733,0.6433987813134733,0.6433987813134733,glob_probe,glob_probe,0.0023696682464454666,0.00257278266756944,1924,7385
hotpotqa,20,20,False,21,2221822,True,1.8409810743346395,1.9951458892483045,0.5264725795531483,0.6436696005416385,0.6460392687880839,0.4915368991198375,0.5321597833446174,0.6436696005416385,0.6436696005416385,0.6436696005416385,glob_probe,glob_probe,0.0023696682464454666,0.005687203791469142,1989,7385
hotpotqa,20,20,False,22,2222822,True,1.9888266655070503,1.9951458892483045,0.5320243737305349,0.6436018957345971,0.6459715639810426,0.4915368991198375,0.5322274881516588,0.6436018957345971,0.6436018957345971,0.6436018957345971,glob_probe,glob_probe,0.0023696682464454666,0.00020311442112386224,1968,7385
hotpotqa,20,20,False,23,2223822,True,1.8987160554658669,1.9951458892483045,0.5289099526066351,0.6436696005416385,0.6461069735951253,0.4914014895057549,0.5320920785375761,0.6436696005416385,0.6436696005416385,0.6436696005416385,glob_probe,glob_probe,0.002437373053486791,0.0031821259309410266,1910,7385
hotpotqa,20,20,False,24,2224822,True,1.7201008054220948,1.9951458892483045,0.5224102911306703,0.6439404197698037,0.6462423832092079,0.4916723087339201,0.5322951929587001,0.6439404197698037,0.6462423832092079,0.6439404197698037,trunc,glob_probe,0.0,0.009884901828029813,1951,7385
hotpotqa,20,20,False,25,2225822,True,2.378522991265757,1.9951458892483045,0.5408259986459039,0.643805010155721,0.6461746784021666,0.4916046039268788,0.5322951929587001,0.643805010155721,0.643805010155721,0.643805010155721,glob_probe,glob_probe,0.0023696682464455776,0.008530805687203769,1997,7385
hotpotqa,20,20,False,26,2226822,True,2.0303938102316237,1.9951458892483045,0.5329045362220718,0.6436696005416385,0.6461069735951253,0.4913337846987136,0.5320243737305349,0.6436696005416385,0.6436696005416385,0.6436696005416385,glob_probe,glob_probe,0.002437373053486791,0.0008801624915368844,2020,7385
hotpotqa,20,20,False,27,2227822,True,1.9965926189065493,1.9951458892483045,0.5325660121868653,0.6439404197698037,0.6464454976303318,0.4918077183480027,0.5325660121868653,0.6439404197698037,0.6439404197698037,0.6439404197698037,glob_probe,glob_probe,0.0025050778605281154,0.0,1862,7385
hotpotqa,20,20,False,28,2228822,True,1.856558919724368,1.9951458892483045,0.5270142180094787,0.6438727149627623,0.6461746784021666,0.4914014895057549,0.5321597833446174,0.6438727149627623,0.6438727149627623,0.6438727149627623,glob_probe,glob_probe,0.002301963439404253,0.005145565335138769,1956,7385
hotpotqa,20,20,False,29,2229822,True,1.7084889330649369,1.9951458892483045,0.5219363574813812,0.6437373053486798,0.6459715639810426,0.4914014895057549,0.5320920785375761,0.6437373053486798,0.6459715639810426,0.6437373053486798,trunc,glob_probe,0.0,0.010155721056194889,1875,7385
hotpotqa,20,20,False,30,2230822,True,2.4957570293632045,1.9951458892483045,0.5428571428571428,0.6436018957345971,0.6459038591740014,0.4914014895057549,0.5319566689234936,0.6436018957345971,0.6436018957345971,0.6436018957345971,glob_probe,glob_probe,0.002301963439404253,0.010900473933649235,2055,7385
hotpotqa,20,20,False,31,2231822,True,1.73560169357779,1.9951458892483045,0.5230873392010833,0.6439404197698037,0.6462423832092079,0.491875423155044,0.532498307379824,0.6439404197698037,0.6439404197698037,0.6439404197698037,glob_probe,glob_probe,0.002301963439404253,0.009410968178740653,1876,7385
hotpotqa,20,20,False,32,2232822,True,2.038628616813363,1.9951458892483045,0.5329045362220718,0.6435341909275558,0.6459715639810426,0.4913337846987136,0.5318889641164523,0.6435341909275558,0.6435341909275558,0.6435341909275558,glob_probe,glob_probe,0.002437373053486791,0.0010155721056195333,2127,7385
hotpotqa,20,20,False,33,2233822,True,1.9872588442298535,1.9951458892483045,0.5316858496953284,0.6434664861205146,0.6457684495599187,0.4915368991198375,0.5319566689234936,0.6434664861205146,0.6434664861205146,0.6434664861205146,glob_probe,glob_probe,0.002301963439404142,0.00027081922816518667,1990,7385
hotpotqa,20,20,False,34,2234822,True,2.0348524225089486,1.9951458892483045,0.533175355450237,0.644008124576845,0.6463100880162491,0.49146919431279623,0.5322274881516588,0.644008124576845,0.644008124576845,0.644008124576845,glob_probe,glob_probe,0.002301963439404142,0.0009478672985782088,1880,7385
hotpotqa,20,20,False,35,2235822,True,2.093903441602632,1.9951458892483045,0.5345971563981042,0.6437373053486798,0.6461746784021666,0.491875423155044,0.5323628977657414,0.6437373053486798,0.6437373053486798,0.6437373053486798,glob_probe,glob_probe,0.002437373053486791,0.0022342586323628177,1937,7385
hotpotqa,20,20,False,36,2236822,True,1.6436969403103598,1.9951458892483045,0.5201760324983074,0.6440758293838863,0.6465132024373731,0.4918077183480027,0.532498307379824,0.6440758293838863,0.6440758293838863,0.6440758293838863,glob_probe,glob_probe,0.002437373053486791,0.012322274881516604,1954,7385
hotpotqa,20,20,False,37,2237822,True,1.8441216298431304,1.9951458892483045,0.5266756939742722,0.6435341909275558,0.6458361543669601,0.49146919431279623,0.5320920785375761,0.6435341909275558,0.6435341909275558,0.6435341909275558,glob_probe,glob_probe,0.002301963439404253,0.005416384563303955,2003,7385
hotpotqa,20,20,False,38,2238822,True,2.0226798782582693,1.9951458892483045,0.5329722410291131,0.6438727149627623,0.6462423832092079,0.4916723087339201,0.5322951929587001,0.6438727149627623,0.6438727149627623,0.6438727149627623,glob_probe,glob_probe,0.0023696682464455776,0.0006770480704130222,1981,7385
hotpotqa,20,20,False,39,2239822,True,2.125103860891022,1.9951458892483045,0.5352742044685173,0.6439404197698037,0.6461746784021666,0.4917400135409614,0.5324306025727826,0.6439404197698037,0.6461746784021666,0.6439404197698037,trunc,glob_probe,0.0,0.0028436018957346265,2133,7385
hotpotqa,20,20,False,40,2240822,True,2.015766373921789,1.9951458892483045,0.5324306025727826,0.643805010155721,0.6461746784021666,0.49146919431279623,0.5320920785375761,0.643805010155721,0.643805010155721,0.643805010155721,glob_probe,glob_probe,0.0023696682464455776,0.0003385240352065111,2013,7385
hotpotqa,20,20,False,41,2241822,True,2.0684606051909813,1.9951458892483045,0.5341232227488152,0.6439404197698037,0.6461069735951253,0.4916723087339201,0.5324306025727826,0.6439404197698037,0.6461069735951253,0.6439404197698037,trunc,glob_probe,0.0,0.0016926201760325554,2045,7385
hotpotqa,20,20,False,42,2242822,True,1.736180897057917,1.9951458892483045,0.5229519295870007,0.6435341909275558,0.6458361543669601,0.4916046039268788,0.5323628977657414,0.6435341909275558,0.6435341909275558,0.6435341909275558,glob_probe,glob_probe,0.002301963439404253,0.009410968178740764,1963,7385
hotpotqa,20,20,False,43,2243822,True,1.6659517116141709,1.9951458892483045,0.5206499661475965,0.6437373053486798,0.6461069735951253,0.4916046039268788,0.5321597833446174,0.6437373053486798,0.6437373053486798,0.6437373053486798,glob_probe,glob_probe,0.0023696682464454666,0.011509817197020933,1968,7385
hotpotqa,20,20,False,44,2244822,True,1.7796397758425035,1.9951458892483045,0.5247122545700744,0.6436696005416385,0.6459038591740014,0.491875423155044,0.532498307379824,0.6436696005416385,0.6459038591740014,0.6436696005416385,trunc,glob_probe,0.0,0.007786052809749533,2001,7385
hotpotqa,20,20,False,45,2245822,True,1.8989928168308627,1.9951458892483045,0.5288422477995938,0.6437373053486798,0.6459038591740014,0.4912660798916723,0.5320243737305349,0.6437373053486798,0.6459038591740014,0.6437373053486798,trunc,glob_probe,0.0,0.0031821259309411376,2010,7385
hotpotqa,20,20,False,46,2246822,True,2.177025021211475,1.9951458892483045,0.5361543669600541,0.6433987813134733,0.6457684495599187,0.4914014895057549,0.5320920785375761,0.6433987813134733,0.6433987813134733,0.6433987813134733,glob_probe,glob_probe,0.0023696682464454666,0.004062288422478022,2044,7385
hotpotqa,20,20,False,47,2247822,True,2.084877683290747,1.9951458892483045,0.5344617467840217,0.6440758293838863,0.6463777928232904,0.4915368991198375,0.5322951929587001,0.6440758293838863,0.6440758293838863,0.6440758293838863,glob_probe,glob_probe,0.002301963439404142,0.0021665538253216043,2088,7385
hotpotqa,20,20,False,48,2248822,True,1.8171082455721024,1.9951458892483045,0.5255924170616114,0.6436018957345971,0.6458361543669601,0.4916723087339201,0.5320243737305349,0.6436018957345971,0.6458361543669601,0.6436018957345971,trunc,glob_probe,0.0,0.006431956668923489,1944,7385
hotpotqa,20,20,False,49,2249822,True,2.1877425078273256,1.9951458892483045,0.5364928909952607,0.643805010155721,0.6460392687880839,0.49146919431279623,0.5320920785375761,0.643805010155721,0.6460392687880839,0.643805010155721,trunc,glob_probe,0.0,0.004400812457684533,1899,7385
hotpotqa,50,50,False,0,2300473,True,1.9738023853088145,1.9951458892483045,0.5317471108089735,0.6437797416723318,0.6460910944935419,0.49150237933378654,0.5322229775662815,0.6437797416723318,0.6437797416723318,0.6437797416723318,glob_probe,glob_probe,0.0023113528212100887,0.00047586675730793004,4918,7355
hotpotqa,50,50,False,1,2301473,True,2.1816670410953813,1.9951458892483045,0.5360978925900748,0.6436437797416723,0.6458871515975527,0.4912304554724677,0.5319510537049627,0.6436437797416723,0.6458871515975527,0.6436437797416723,trunc,glob_probe,0.0,0.004146838885112136,5024,7355
hotpotqa,50,50,False,2,2302473,True,1.8648108822502278,1.9951458892483045,0.5274643099932019,0.6436437797416723,0.6458191706322229,0.49150237933378654,0.5322229775662815,0.6436437797416723,0.6458191706322229,0.6436437797416723,trunc,glob_probe,0.0,0.0047586675730795225,4961,7355
hotpotqa,50,50,False,3,2303473,True,2.08485247584054,1.9951458892483045,0.5344663494221618,0.6437797416723318,0.6460910944935419,0.49157036029911627,0.5322909585316111,0.6437797416723318,0.6437797416723318,0.6437797416723318,glob_probe,glob_probe,0.0023113528212100887,0.0021753908905506325,5106,7355
hotpotqa,50,50,False,4,2304473,True,2.266209102684094,1.9951458892483045,0.5386811692726037,0.6441196464989802,0.6463630183548607,0.49177430319510534,0.5326308633582597,0.6441196464989802,0.6463630183548607,0.6441196464989802,trunc,glob_probe,0.0,0.0060503059143439675,5046,7355
hotpotqa,50,50,False,5,2305473,True,1.9738094318370147,1.9951458892483045,0.5321549966009518,0.6439157036029911,0.6462270564242012,0.4918422841604351,0.5326308633582597,0.6439157036029911,0.6439157036029911,0.6439157036029911,glob_probe,glob_probe,0.0023113528212100887,0.00047586675730793004,5015,7355
hotpotqa,50,50,False,6,2306473,True,2.1640546867140826,1.9951458892483045,0.5354860639021074,0.6435757987763426,0.6457511896668933,0.4912304554724677,0.5318150917743032,0.6435757987763426,0.6457511896668933,0.6435757987763426,trunc,glob_probe,0.0,0.0036709721278042062,5128,7355
hotpotqa,50,50,False,7,2307473,True,1.7956511522426115,1.9951458892483045,0.5249490142760027,0.6437117607070021,0.6460910944935419,0.49163834126444594,0.532087015635622,0.6437117607070021,0.6437117607070021,0.6437117607070021,glob_probe,glob_probe,0.0023793337865397612,0.007138001359619284,4992,7355
hotpotqa,50,50,False,8,2308473,True,2.058808175084776,1.9951458892483045,0.5336505778382054,0.6435757987763426,0.6458191706322229,0.4914343983684568,0.532087015635622,0.6435757987763426,0.6458191706322229,0.6435757987763426,trunc,glob_probe,0.0,0.0015635622025833573,5047,7355
hotpotqa,50,50,False,9,2309473,True,2.1103523630884093,1.9951458892483045,0.534194425560843,0.6433038749150238,0.6455472467709041,0.49075458871515976,0.5316111488783141,0.6433038749150238,0.6455472467709041,0.6433038749150238,trunc,glob_probe,0.0,0.00258327668252889,5063,7355
hotpotqa,50,50,False,10,2310473,True,1.8954790267983697,1.9951458892483045,0.5286879673691366,0.6437117607070021,0.6460231135282121,0.4914343983684568,0.5320190346702923,0.6437117607070021,0.6437117607070021,0.6437117607070021,glob_probe,glob_probe,0.0023113528212099776,0.0033310673011557324,5063,7355
hotpotqa,50,50,False,11,2311473,True,2.0527061651307132,1.9951458892483045,0.5328348062542488,0.6434398368456832,0.6456152277362338,0.4910944935418083,0.5315431679129844,0.6434398368456832,0.6456152277362338,0.6434398368456832,trunc,glob_probe,0.0,0.001291638341264445,4991,7355
hotpotqa,50,50,False,12,2312473,True,2.0415668724243665,1.9951458892483045,0.5334466349422162,0.6438477226376614,0.6460910944935419,0.4918422841604351,0.5324269204622706,0.6438477226376614,0.6460910944935419,0.6438477226376614,trunc,glob_probe,0.0,0.0010197144799456437,5059,7355
hotpotqa,50,50,False,13,2313473,True,2.0136773471102822,1.9951458892483045,0.5324949014276003,0.6437797416723318,0.6462270564242012,0.4914343983684568,0.5321549966009518,0.6437797416723318,0.6437797416723318,0.6437797416723318,glob_probe,glob_probe,0.002447314751869434,0.0003399048266484739,5105,7355
hotpotqa,50,50,False,14,2314473,True,2.184948064955047,1.9951458892483045,0.5365737593473827,0.6438477226376614,0.6460910944935419,0.49177430319510534,0.5322229775662815,0.6438477226376614,0.6460910944935419,0.6438477226376614,trunc,glob_probe,0.0,0.004350781781101265,4940,7355
hotpotqa,50,50,False,15,2315473,True,2.1608940736040227,1.9951458892483045,0.5358939496940857,0.6439157036029911,0.6462270564242012,0.49177430319510534,0.5322909585316111,0.6439157036029911,0.6439157036029911,0.6439157036029911,glob_probe,glob_probe,0.0023113528212100887,0.0036029911624745337,5024,7355
hotpotqa,50,50,False,16,2316473,True,2.0957933652237584,1.9951458892483045,0.5342624065261726,0.6433718558803535,0.6458871515975527,0.49163834126444594,0.532087015635622,0.6433718558803535,0.6433718558803535,0.6433718558803535,glob_probe,glob_probe,0.0025152957171992174,0.0021753908905506325,4945,7355
hotpotqa,50,50,False,17,2317473,True,1.890690683271099,1.9951458892483045,0.5282800815771584,0.643507817811013,0.6458871515975527,0.4909585316111489,0.5318150917743032,0.643507817811013,0.643507817811013,0.643507817811013,glob_probe,glob_probe,0.0023793337865397612,0.00353501019714475,5005,7355
hotpotqa,50,50,False,18,2318473,True,1.8020827346082968,1.9951458892483045,0.5254928619986404,0.6438477226376614,0.646295037389531,0.4914343983684568,0.5322909585316111,0.6438477226376614,0.6438477226376614,0.6438477226376614,glob_probe,glob_probe,0.002447314751869545,0.006798096532970699,5088,7355
hotpotqa,50,50,False,19,2319473,True,1.8875034111111675,1.9951458892483045,0.528823929299796,0.6439836845683209,0.6460910944935419,0.49157036029911627,0.5323589394969409,0.6439836845683209,0.6460910944935419,0.6439836845683209,trunc,glob_probe,0.0,0.003535010197144861,5045,7355
hotpotqa,50,50,False,20,2320473,True,1.8749928827679136,1.9951458892483045,0.5277362338545207,0.6437797416723318,0.6459551325628824,0.4910944935418083,0.5319510537049627,0.6437797416723318,0.6459551325628824,0.6437797416723318,trunc,glob_probe,0.0,0.00421481985044192,4968,7355
hotpotqa,50,50,False,21,2321473,True,2.1785732288911697,1.9951458892483045,0.536505778382053,0.6439157036029911,0.6461590754588715,0.49170632222977567,0.5323589394969409,0.6439157036029911,0.6461590754588715,0.6439157036029911,trunc,glob_probe,0.0,0.004146838885112136,5101,7355
hotpotqa,50,50,False,22,2322473,True,1.958219393752644,1.9951458892483045,0.5315431679129844,0.6440516655336506,0.6464309993201903,0.4920462270564242,0.5326308633582597,0.6440516655336506,0.6440516655336506,0.6440516655336506,glob_probe,glob_probe,0.0023793337865397612,0.0010876954452753163,5010,7355
hotpotqa,50,50,False,23,2323473,True,2.0710122055009443,1.9951458892483045,0.534194425560843,0.6439157036029911,0.6461590754588715,0.4918422841604351,0.5324949014276003,0.6439157036029911,0.6461590754588715,0.6439157036029911,trunc,glob_probe,0.0,0.0016995241332427025,5068,7355
hotpotqa,50,50,False,24,2324473,True,1.947842357275682,1.9951458892483045,0.5306594153636982,0.6439157036029911,0.6462270564242012,0.49163834126444594,0.5321549966009518,0.6439157036029911,0.6439157036029911,0.6439157036029911,glob_probe,glob_probe,0.0023113528212100887,0.0014955812372535737,5126,7355
hotpotqa,50,50,False,25,2325473,True,1.9859248843935222,1.9951458892483045,0.5312032630863358,0.6429639700883752,0.6454792658055745,0.4912304554724677,0.5314751869476546,0.6429639700883752,0.6429639700883752,0.6429639700883752,glob_probe,glob_probe,0.0025152957171992174,0.0002719238613188013,5055,7355
hotpotqa,50,50,False,26,2326473,True,2.0679405102748474,1.9951458892483045,0.5339904826648538,0.6439157036029911,0.6460231135282121,0.49170632222977567,0.5322909585316111,0.6439157036029911,0.6460231135282121,0.6439157036029911,trunc,glob_probe,0.0,0.0016995241332427025,5078,7355
hotpotqa,50,50,False,27,2327473,True,2.0003631571034126,1.9951458892483045,0.5322909585316111,0.6437117607070021,0.6460910944935419,0.49157036029911627,0.5322909585316111,0.6437117607070021,0.6437117607070021,0.6437117607070021,glob_probe,glob_probe,0.0023793337865397612,0.0,4982,7355
hotpotqa,50,50,False,28,2328473,True,2.020913548216444,1.9951458892483045,0.5328348062542488,0.6436437797416723,0.6460910944935419,0.49150237933378654,0.5321549966009518,0.6436437797416723,0.6436437797416723,0.6436437797416723,glob_probe,glob_probe,0.002447314751869545,0.0006798096532970588,5043,7355
hotpotqa,50,50,False,29,2329473,True,1.7606704644515185,1.9951458892483045,0.5243371855880353,0.6439157036029911,0.646295037389531,0.4919782460910945,0.5324949014276003,0.6439157036029911,0.6439157036029911,0.6439157036029911,glob_probe,glob_probe,0.0023793337865398723,0.008157715839564927,4929,7355
hotpotqa,50,50,False,30,2330473,True,1.8396962592608261,1.9951458892483045,0.526512576478586,0.6439157036029911,0.6460910944935419,0.4912984364377974,0.5322229775662815,0.6439157036029911,0.6460910944935419,0.6439157036029911,trunc,glob_probe,0.0,0.005710401087695494,5007,7355
hotpotqa,50,50,False,31,2331473,True,2.0631118509233386,1.9951458892483045,0.5343303874915024,0.6441196464989802,0.6466349422161795,0.4919782460910945,0.5326988443235894,0.6441196464989802,0.6441196464989802,0.6441196464989802,glob_probe,glob_probe,0.0025152957171992174,0.0016315431679130299,5057,7355
hotpotqa,50,50,False,32,2332473,True,2.121559737243648,1.9951458892483045,0.5350781781101291,0.6439157036029911,0.6461590754588715,0.49163834126444594,0.5322909585316111,0.6439157036029911,0.6461590754588715,0.6439157036029911,trunc,glob_probe,0.0,0.0027872195785180187,5041,7355
hotpotqa,50,50,False,33,2333473,True,2.06595309820531,1.9951458892483045,0.5333106730115568,0.6433038749150238,0.6456832087015636,0.4912984364377974,0.5316111488783141,0.6433038749150238,0.6433038749150238,0.6433038749150238,glob_probe,glob_probe,0.0023793337865397612,0.0016995241332427025,5089,7355
hotpotqa,50,50,False,34,2334473,True,1.9164872148933392,1.9951458892483045,0.5296397008837526,0.6439157036029911,0.6462270564242012,0.4919102651257648,0.5325628823929299,0.6439157036029911,0.6439157036029911,0.6439157036029911,glob_probe,glob_probe,0.0023113528212100887,0.002923181509177364,4858,7355
hotpotqa,50,50,False,35,2335473,True,2.0932155753813326,1.9951458892483045,0.5346702923181509,0.6441196464989802,0.6464989802855201,0.4918422841604351,0.5324269204622706,0.6441196464989802,0.6441196464989802,0.6441196464989802,glob_probe,glob_probe,0.0023793337865398723,0.002243371855880305,5019,7355
hotpotqa,50,50,False,36,2336473,True,1.8901551959535738,1.9951458892483045,0.5282121006118287,0.6438477226376614,0.6460910944935419,0.4912304554724677,0.5317471108089735,0.6438477226376614,0.6460910944935419,0.6438477226376614,trunc,glob_probe,0.0,0.003535010197144861,4849,7355
hotpotqa,50,50,False,37,2337473,True,1.9251866790868077,1.9951458892483045,0.5297076818490822,0.6438477226376614,0.6462270564242012,0.4914343983684568,0.5322229775662815,0.6438477226376614,0.6438477226376614,0.6438477226376614,glob_probe,glob_probe,0.0023793337865397612,0.0025152957171992174,4995,7355
hotpotqa,50,50,False,38,2338473,True,2.1728610940263517,1.9951458892483045,0.5363018354860639,0.6441196464989802,0.6464989802855201,0.49177430319510534,0.5324269204622706,0.6441196464989802,0.6441196464989802,0.6441196464989802,glob_probe,glob_probe,0.0023793337865398723,0.003874915023793335,4968,7355
hotpotqa,50,50,False,39,2339473,True,2.126074171195885,1.9951458892483045,0.5350781781101291,0.6438477226376614,0.646295037389531,0.49157036029911627,0.5322229775662815,0.6438477226376614,0.6438477226376614,0.6438477226376614,glob_probe,glob_probe,0.002447314751869545,0.0028552005438476913,4891,7355
hotpotqa,50,50,False,40,2340473,True,1.6475662105000057,1.9951458892483045,0.5205302515295718,0.6439836845683209,0.646295037389531,0.4919782460910945,0.5326308633582597,0.6439836845683209,0.6439836845683209,0.6439836845683209,glob_probe,glob_probe,0.0023113528212100887,0.012100611828687935,4824,7355
hotpotqa,50,50,False,41,2341473,True,1.6566935682722361,1.9951458892483045,0.5205982324949014,0.6433718558803535,0.6457511896668933,0.4918422841604351,0.5322909585316111,0.6433718558803535,0.6433718558803535,0.6433718558803535,glob_probe,glob_probe,0.0023793337865397612,0.011692726036709677,4757,7355
hotpotqa,50,50,False,42,2342473,True,2.168041243284854,1.9951458892483045,0.5356220258327669,0.6435757987763426,0.6458871515975527,0.4912304554724677,0.5318830727396329,0.6435757987763426,0.6435757987763426,0.6435757987763426,glob_probe,glob_probe,0.0023113528212100887,0.00373895309313399,5093,7355
hotpotqa,50,50,False,43,2343473,True,1.8305826649903958,1.9951458892483045,0.5263086335825968,0.6437117607070021,0.646295037389531,0.49170632222977567,0.5322229775662815,0.6437117607070021,0.6437117607070021,0.6437117607070021,glob_probe,glob_probe,0.00258327668252889,0.005914343983684622,4874,7355
hotpotqa,50,50,False,44,2344473,True,1.9402818421757937,1.9951458892483045,0.5305234534330387,0.64418762746431,0.6464989802855201,0.49177430319510534,0.5324269204622706,0.64418762746431,0.64418762746431,0.64418762746431,glob_probe,glob_probe,0.0023113528212100887,0.0019034670292318312,5002,7355
hotpotqa,50,50,False,45,2345473,True,1.9285358722791497,1.9951458892483045,0.5306594153636982,0.6440516655336506,0.6464309993201903,0.49225016995241333,0.5329707681849082,0.6440516655336506,0.6440516655336506,0.6440516655336506,glob_probe,glob_probe,0.0023793337865397612,0.0023113528212099776,5096,7355
hotpotqa,50,50,False,46,2346473,True,2.0389578420390757,1.9951458892483045,0.532766825288919,0.643235893949694,0.6456152277362338,0.4910265125764786,0.5317471108089735,0.643235893949694,0.643235893949694,0.643235893949694,glob_probe,glob_probe,0.0023793337865397612,0.0010197144799455327,4958,7355
hotpotqa,50,50,False,47,2347473,True,2.028695664510477,1.9951458892483045,0.5329707681849082,0.6436437797416723,0.6459551325628824,0.4914343983684568,0.532087015635622,0.6436437797416723,0.6436437797416723,0.6436437797416723,glob_probe,glob_probe,0.0023113528212100887,0.0008837525492861875,5059,7355
hotpotqa,50,50,False,48,2348473,True,2.0397525430090093,1.9951458892483045,0.533038749150238,0.6437117607070021,0.6460910944935419,0.4912984364377974,0.5320190346702923,0.6437117607070021,0.6437117607070021,0.6437117607070021,glob_probe,glob_probe,0.0023793337865397612,0.0010197144799456437,5006,7355
hotpotqa,50,50,False,49,2349473,True,2.1642539081503833,1.9951458892483045,0.5363018354860639,0.6438477226376614,0.6460910944935419,0.49163834126444594,0.5325628823929299,0.6438477226376614,0.6460910944935419,0.6438477226376614,trunc,glob_probe,0.0,0.00373895309313399,5171,7355
hotpotqa,100,100,False,0,2400938,True,2.0505645946522937,1.9951458892483045,0.5334702258726899,0.6443531827515401,0.6466803559206024,0.4919917864476386,0.5323750855578371,0.6443531827515401,0.6443531827515401,0.6443531827515401,glob_probe,glob_probe,0.00232717316906228,0.001095140314852805,10020,7305
hotpotqa,100,100,False,1,2401938,True,1.9282499582268022,1.9951458892483045,0.5295003422313483,0.6437371663244353,0.645927446954141,0.49117043121149895,0.5318275154004107,0.6437371663244353,0.645927446954141,0.6437371663244353,trunc,glob_probe,0.0,0.002327173169062391,10182,7305
hotpotqa,100,100,False,2,2402938,True,1.9976541068522664,1.9951458892483045,0.5323750855578371,0.6441478439425051,0.6465434633812457,0.4915811088295688,0.5323750855578371,0.6441478439425051,0.6441478439425051,0.6441478439425051,glob_probe,glob_probe,0.0023956194387405594,0.0,10036,7305
hotpotqa,100,100,False,3,2403938,True,1.9137233731330767,1.9951458892483045,0.5293634496919918,0.6438740588637919,0.6458590006844627,0.491854893908282,0.5322381930184805,0.6438740588637919,0.6458590006844627,0.6438740588637919,trunc,glob_probe,0.0,0.002874743326488738,10043,7305
hotpotqa,100,100,False,4,2404938,True,2.0810998287767024,1.9951458892483045,0.5340862422997946,0.6436002737850787,0.6457905544147844,0.49164955509924707,0.5319644079397673,0.6436002737850787,0.6457905544147844,0.6436002737850787,trunc,glob_probe,0.0,0.0021218343600273304,10095,7305
hotpotqa,100,100,False,5,2405938,True,1.941179006192443,1.9951458892483045,0.5309377138945928,0.6445585215605749,0.6469541409993156,0.4919233401779603,0.5327857631759069,0.6445585215605749,0.6445585215605749,0.6445585215605749,glob_probe,glob_probe,0.0023956194387406704,0.0018480492813141014,9873,7305
hotpotqa,100,100,False,6,2406938,True,1.994199620584081,1.9951458892483045,0.5321013004791239,0.6440109514031486,0.6463381245722108,0.4917180013689254,0.5321013004791239,0.6440109514031486,0.6463381245722108,0.6440109514031486,trunc,glob_probe,0.0,0.0,10125,7305
hotpotqa,100,100,False,7,2407938,True,2.165603999147896,1.9951458892483045,0.5360027378507871,0.6441478439425051,0.6466119096509241,0.4915811088295688,0.5323066392881588,0.6441478439425051,0.6441478439425051,0.6441478439425051,glob_probe,glob_probe,0.00246406570841895,0.003696098562628314,10215,7305
hotpotqa,100,100,False,8,2408938,True,1.9348861375906554,1.9951458892483045,0.5303901437371663,0.6440109514031486,0.6463381245722108,0.491854893908282,0.5325119780971937,0.6440109514031486,0.6440109514031486,0.6440109514031486,glob_probe,glob_probe,0.00232717316906228,0.0021218343600274414,9949,7305
hotpotqa,100,100,False,9,2409938,True,1.9761478017862872,1.9951458892483045,0.5319644079397673,0.6439425051334702,0.6459958932238193,0.491854893908282,0.5323750855578371,0.6439425051334702,0.6459958932238193,0.6439425051334702,trunc,glob_probe,0.0,0.000410677618069788,10160,7305
hotpotqa,100,100,False,10,2410938,True,2.0274008456394492,1.9951458892483045,0.5329911019849418,0.6439425051334702,0.6465434633812457,0.4915126625598905,0.5321013004791239,0.6439425051334702,0.6439425051334702,0.6439425051334702,glob_probe,glob_probe,0.002600958247775509,0.0008898015058179665,9948,7305
hotpotqa,100,100,False,11,2411938,True,1.9854044669854227,1.9951458892483045,0.5321013004791239,0.6440109514031486,0.6461327857631759,0.4922655715263518,0.5324435318275154,0.6440109514031486,0.6461327857631759,0.6440109514031486,trunc,glob_probe,0.0,0.0003422313483915085,10068,7305
hotpotqa,100,100,False,12,2412938,True,2.004699810690936,1.9951458892483045,0.532580424366872,0.6442847364818617,0.6464750171115674,0.4919233401779603,0.5324435318275154,0.6442847364818617,0.6464750171115674,0.6442847364818617,trunc,glob_probe,0.0,0.00013689253935667,10029,7305
hotpotqa,100,100,False,13,2413938,True,1.9518189123650533,1.9951458892483045,0.531211498973306,0.6441478439425051,0.6464750171115674,0.4917180013689254,0.532580424366872,0.6441478439425051,0.6441478439425051,0.6441478439425051,glob_probe,glob_probe,0.00232717316906228,0.001368925393566034,10107,7305
hotpotqa,100,100,False,14,2414938,True,1.8434501798857688,1.9951458892483045,0.527378507871321,0.6437371663244353,0.6463381245722108,0.4921286789869952,0.5329226557152635,0.6437371663244353,0.6437371663244353,0.6437371663244353,glob_probe,glob_probe,0.002600958247775509,0.005544147843942526,9893,7305
hotpotqa,100,100,False,15,2415938,True,1.9362818073233425,1.9951458892483045,0.5301163586584531,0.6434633812457221,0.6459958932238193,0.49130732375085556,0.5321013004791239,0.6434633812457221,0.6434633812457221,0.6434633812457221,glob_probe,glob_probe,0.0025325119780972294,0.0019849418206707714,9978,7305
hotpotqa,100,100,False,16,2416938,True,1.931973908960319,1.9951458892483045,0.5306639288158795,0.6447638603696099,0.6470225872689939,0.49219712525667353,0.5328542094455853,0.6447638603696099,0.6470225872689939,0.6447638603696099,trunc,glob_probe,0.0,0.002190280629705721,9921,7305
hotpotqa,100,100,False,17,2417938,True,2.01185516025941,1.9951458892483045,0.5326488706365503,0.6439425051334702,0.6462696783025325,0.49164955509924707,0.5323066392881588,0.6439425051334702,0.6439425051334702,0.6439425051334702,glob_probe,glob_probe,0.00232717316906228,0.0003422313483915085,10027,7305
hotpotqa,100,100,False,18,2418938,True,1.9609463790345467,1.9951458892483045,0.530527036276523,0.6434633812457221,0.6455852156057494,0.49082819986310744,0.5316221765913758,0.6434633812457221,0.6455852156057494,0.6434633812457221,trunc,glob_probe,0.0,0.001095140314852805,10083,7305
hotpotqa,100,100,False,19,2419938,True,2.0505872628511943,1.9951458892483045,0.5330595482546201,0.6437371663244353,0.6461327857631759,0.4917180013689254,0.5320328542094456,0.6437371663244353,0.6437371663244353,0.6437371663244353,glob_probe,glob_probe,0.0023956194387405594,0.0010266940451745254,9970,7305
hotpotqa,100,100,False,20,2420938,True,2.040753981918968,1.9951458892483045,0.5331964407939768,0.6436687200547571,0.6458590006844627,0.49164955509924707,0.5322381930184805,0.6436687200547571,0.6458590006844627,0.6436687200547571,trunc,glob_probe,0.0,0.000958247775496246,10044,7305
hotpotqa,100,100,False,21,2421938,True,1.890700116812388,1.9951458892483045,0.528747433264887,0.6433264887063656,0.6458590006844627,0.4914442162902122,0.5323066392881588,0.6433264887063656,0.6433264887063656,0.6433264887063656,glob_probe,glob_probe,0.0025325119780971184,0.003559206023271755,9997,7305
hotpotqa,100,100,False,22,2422938,True,2.0538508804558218,1.9951458892483045,0.5329911019849418,0.6431895961670089,0.6455167693360712,0.4910335386721424,0.5316906228610541,0.6431895961670089,0.6431895961670089,0.6431895961670089,glob_probe,glob_probe,0.00232717316906228,0.0013004791238877544,9864,7305
hotpotqa,100,100,False,23,2423938,True,2.007194445840666,1.9951458892483045,0.5324435318275154,0.6435318275154004,0.645927446954141,0.49130732375085556,0.5322381930184805,0.6435318275154004,0.6435318275154004,0.6435318275154004,glob_probe,glob_probe,0.0023956194387405594,0.00020533880903483848,10057,7305
hotpotqa,100,100,False,24,2424938,True,2.019094937538121,1.9951458892483045,0.5324435318275154,0.6434633812457221,0.6457221081451061,0.49117043121149895,0.531895961670089,0.6434633812457221,0.6457221081451061,0.6434633812457221,trunc,glob_probe,0.0,0.000547570157426347,9990,7305
hotpotqa,100,100,False,25,2425938,True,1.8540973056220227,1.9951458892483045,0.5273100616016427,0.6441478439425051,0.6463381245722108,0.4917864476386037,0.5325119780971937,0.6441478439425051,0.6463381245722108,0.6441478439425051,trunc,glob_probe,0.0,0.005201916495551018,9982,7305
hotpotqa,100,100,False,26,2426938,True,1.9716559334921486,1.9951458892483045,0.5320328542094456,0.6439425051334702,0.6459958932238193,0.4919233401779603,0.532580424366872,0.6439425051334702,0.6459958932238193,0.6439425051334702,trunc,glob_probe,0.0,0.000547570157426458,10030,7305
hotpotqa,100,100,False,27,2427938,True,1.8736794274639827,1.9951458892483045,0.5283367556468173,0.6442847364818617,0.6464065708418891,0.4919233401779603,0.5326488706365503,0.6442847364818617,0.6464065708418891,0.6442847364818617,trunc,glob_probe,0.0,0.004312114989733051,10148,7305
hotpotqa,100,100,False,28,2428938,True,1.8701711564696515,1.9951458892483045,0.5276522929500342,0.6444216290212184,0.6469541409993156,0.4917180013689254,0.5321697467488022,0.6444216290212184,0.6444216290212184,0.6444216290212184,glob_probe,glob_probe,0.0025325119780972294,0.004517453798768001,9972,7305
hotpotqa,100,100,False,29,2429938,True,2.0059496789506914,1.9951458892483045,0.5321013004791239,0.6436002737850787,0.6457221081451061,0.49117043121149895,0.5319644079397673,0.6436002737850787,0.6457221081451061,0.6436002737850787,trunc,glob_probe,0.0,0.00013689253935655898,9958,7305
hotpotqa,100,100,False,30,2430938,True,2.070629195834604,1.9951458892483045,0.5340177960301163,0.6440109514031486,0.6466119096509241,0.4917180013689254,0.5323066392881588,0.6440109514031486,0.6440109514031486,0.6440109514031486,glob_probe,glob_probe,0.002600958247775509,0.0017111567419575424,10249,7305
hotpotqa,100,100,False,31,2431938,True,2.0570316614730038,1.9951458892483045,0.5336071184120466,0.6440793976728268,0.6462696783025325,0.4915126625598905,0.5321697467488022,0.6440793976728268,0.6462696783025325,0.6440793976728268,trunc,glob_probe,0.0,0.0014373716632443134,10119,7305
hotpotqa,100,100,False,32,2432938,True,1.9746138291658626,1.9951458892483045,0.5322381930184805,0.6435318275154004,0.6460643394934976,0.491854893908282,0.5326488706365503,0.6435318275154004,0.6435318275154004,0.6435318275154004,glob_probe,glob_probe,0.0025325119780972294,0.000410677618069788,9900,7305
hotpotqa,100,100,False,33,2433938,True,1.8960736018230233,1.9951458892483045,0.5294318959616701,0.6433264887063656,0.6456536618754278,0.4919233401779603,0.532580424366872,0.6433264887063656,0.6456536618754278,0.6433264887063656,trunc,glob_probe,0.0,0.003148528405201967,10192,7305
hotpotqa,100,100,False,34,2434938,True,1.9569137980906812,1.9951458892483045,0.5310746064339493,0.6437371663244353,0.6459958932238193,0.4915126625598905,0.5322381930184805,0.6437371663244353,0.6459958932238193,0.6437371663244353,trunc,glob_probe,0.0,0.0011635865845311955,10122,7305
hotpotqa,100,100,False,35,2435938,True,1.9083270402526629,1.9951458892483045,0.5297056810403833,0.6442847364818617,0.6466119096509241,0.4919917864476386,0.5326488706365503,0.6442847364818617,0.6466119096509241,0.6442847364818617,trunc,glob_probe,0.0,0.0029431895961670174,10051,7305
hotpotqa,100,100,False,36,2436938,True,2.1536016511213085,1.9951458892483045,0.5360711841204654,0.6440109514031486,0.6463381245722108,0.4920602327173169,0.532580424366872,0.6440109514031486,0.6440109514031486,0.6440109514031486,glob_probe,glob_probe,0.00232717316906228,0.0034907597535933643,10126,7305
hotpotqa,100,100,False,37,2437938,True,2.0399941439517253,1.9951458892483045,0.5330595482546201,0.6428473648186174,0.6453114305270363,0.4913757700205339,0.5320328542094456,0.6428473648186174,0.6428473648186174,0.6428473648186174,glob_probe,glob_probe,0.00246406570841895,0.0010266940451745254,10014,7305
hotpotqa,100,100,False,38,2438938,True,1.9064759642685984,1.9951458892483045,0.5284736481861738,0.6433264887063656,0.6456536618754278,0.4908966461327858,0.5315537303216975,0.6433264887063656,0.6433264887063656,0.6433264887063656,glob_probe,glob_probe,0.00232717316906228,0.0030800821355236874,9972,7305
hotpotqa,100,100,False,39,2439938,True,2.0416224843478172,1.9951458892483045,0.5330595482546201,0.6439425051334702,0.6459958932238193,0.4915811088295688,0.5320328542094456,0.6439425051334702,0.6459958932238193,0.6439425051334702,trunc,glob_probe,0.0,0.0010266940451745254,10151,7305
hotpotqa,100,100,False,40,2440938,True,2.1772666973630352,1.9951458892483045,0.5363449691991786,0.6442162902121834,0.6459958932238193,0.49164955509924707,0.5323066392881588,0.6442162902121834,0.6459958932238193,0.6442162902121834,trunc,glob_probe,0.0,0.004038329911019822,10182,7305
hotpotqa,100,100,False,41,2441938,True,1.8842195812407911,1.9951458892483045,0.5292950034223135,0.6442847364818617,0.6466119096509241,0.4919917864476386,0.5329226557152635,0.6442847364818617,0.6466119096509241,0.6442847364818617,trunc,glob_probe,0.0,0.0036276522929500343,10030,7305
hotpotqa,100,100,False,42,2442938,True,1.8718894342663122,1.9951458892483045,0.5278576317590691,0.6442162902121834,0.6465434633812457,0.4921286789869952,0.5323750855578371,0.6442162902121834,0.6465434633812457,0.6442162902121834,trunc,glob_probe,0.0,0.004517453798768001,9855,7305
hotpotqa,100,100,False,43,2443938,True,2.000456978121358,1.9951458892483045,0.5316906228610541,0.6436002737850787,0.6456536618754278,0.4914442162902122,0.5316906228610541,0.6436002737850787,0.6456536618754278,0.6436002737850787,trunc,glob_probe,0.0,0.0,10266,7305
hotpotqa,100,100,False,44,2444938,True,2.0788545906908977,1.9951458892483045,0.5342231348391513,0.6440109514031486,0.6462012320328542,0.4915126625598905,0.5321697467488022,0.6440109514031486,0.6462012320328542,0.6440109514031486,trunc,glob_probe,0.0,0.002053388090349051,10057,7305
hotpotqa,100,100,False,45,2445938,True,2.017004407115151,1.9951458892483045,0.5327173169062286,0.6438740588637919,0.6461327857631759,0.4915126625598905,0.5323066392881588,0.6438740588637919,0.6461327857631759,0.6438740588637919,trunc,glob_probe,0.0,0.000410677618069788,10151,7305
hotpotqa,100,100,False,46,2446938,True,2.0571195053492106,1.9951458892483045,0.5340177960301163,0.6442162902121834,0.6463381245722108,0.4919233401779603,0.532580424366872,0.6442162902121834,0.6463381245722108,0.6442162902121834,trunc,glob_probe,0.0,0.0014373716632443134,10047,7305
hotpotqa,100,100,False,47,2447938,True,2.1191640051592904,1.9951458892483045,0.5350444900752909,0.6438740588637919,0.6460643394934976,0.49164955509924707,0.5322381930184805,0.6438740588637919,0.6460643394934976,0.6438740588637919,trunc,glob_probe,0.0,0.0028062970568103474,9923,7305
hotpotqa,100,100,False,48,2448938,True,1.8205880404310777,1.9951458892483045,0.52580424366872,0.6437371663244353,0.6463381245722108,0.4912388774811773,0.5322381930184805,0.6437371663244353,0.6437371663244353,0.6437371663244353,glob_probe,glob_probe,0.002600958247775509,0.006433949349760493,9941,7305
hotpotqa,100,100,False,49,2449938,True,1.869857499330202,1.9951458892483045,0.5270362765229295,0.6435318275154004,0.6457905544147844,0.49096509240246405,0.5316906228610541,0.6435318275154004,0.6457905544147844,0.6435318275154004,trunc,glob_probe,0.0,0.00465434633812456,9931,7305
fever,5,5,False,0,2000105,True,0.6356583974809116,0.5919358455308572,0.7508015741952089,0.9039901177905982,0.891745781533351,0.7826139718760947,0.7444572529507225,0.9039901177905982,0.9039901177905982,0.9039901177905982,glob_probe,glob_probe,0.0,0.006344321244486362,438,6661
fever,5,5,False,1,2001105,True,0.6953276433321401,0.5919358455308572,0.7564152744118215,0.9039150539863646,0.891745781533351,0.7826139718760947,0.7445323167549561,0.9039150539863646,0.9039150539863646,0.9039150539863646,glob_probe,glob_probe,0.0,0.011882957656865423,436,6661
fever,5,5,False,2,2002105,True,0.7291940136493602,0.5919358455308572,0.7597731285878712,0.904015139058676,0.891770802801429,0.782914227093029,0.7449576783122797,0.904015139058676,0.904015139058676,0.904015139058676,glob_probe,glob_probe,0.0,0.014815450275591502,458,6661
fever,5,5,False,3,2003105,True,0.5676851633004781,0.5919358455308572,0.7418425304365855,0.9039150539863646,0.8916707177291174,0.7824638442676275,0.7443071253422553,0.9039150539863646,0.9039150539863646,0.7418425304365855,glob_probe,ad_probe,0.0,0.002464594905669748,473,6661
fever,5,5,False,4,2004105,True,0.44425892282098084,0.5919358455308572,0.7235793281432075,0.9039150539863646,0.8916707177291174,0.7826139718760947,0.7444572529507225,0.9039150539863646,0.9039150539863646,0.9039150539863646,glob_probe,glob_probe,0.0,0.020877924807515047,453,6661
fever,5,5,False,5,2005105,True,0.5717499510910385,0.5919358455308572,0.7424430408704542,0.9039901177905982,0.891745781533351,0.7825389080718611,0.7444572529507225,0.9039901177905982,0.9039901177905982,0.9039901177905982,glob_probe,glob_probe,0.0,0.0020142120802683072,414,6661
fever,5,5,False,6,2006105,True,0.43004628619461416,0.5919358455308572,0.7215311586276907,0.9040651815948318,0.8918208453375847,0.7826890356803283,0.7445323167549561,0.9040651815948318,0.9040651815948318,0.9040651815948318,glob_probe,glob_probe,0.0,0.023001158127265442,439,6661
fever,5,5,False,7,2007105,True,0.5335511762416536,0.5919358455308572,0.7364567024828247,0.9040276496927151,0.8917833134354678,0.7825764399739779,0.7444197210486057,0.9040276496927151,0.9040276496927151,0.7364567024828247,glob_probe,ad_probe,0.0,0.007963018565780966,464,6661
fever,5,5,False,8,2008105,True,0.5537181228325214,0.5919358455308572,0.7403412543519136,0.9040651815948318,0.8918208453375847,0.7827640994845619,0.7446073805591897,0.9040651815948318,0.9040651815948318,0.9040651815948318,glob_probe,glob_probe,0.0,0.004266126207276177,474,6661
fever,5,5,False,9,2009105,True,0.7811300034692464,0.5919358455308572,0.7636889570420572,0.9040276496927151,0.8917833134354678,0.7825764399739779,0.7444197210486057,0.9040276496927151,0.9040276496927151,0.7636889570420572,glob_probe,ad_probe,0.0,0.01926923599345154,482,6661
fever,5,5,False,10,2010105,True,0.45721077066302185,0.5919358455308572,0.7261465102479966,0.9040651815948318,0.8918208453375847,0.7826139718760947,0.7446073805591897,0.9040651815948318,0.9040651815948318,0.9040651815948318,glob_probe,glob_probe,0.0,0.018460870311193145,451,6661
fever,5,5,False,11,2011105,True,0.630266832305447,0.5919358455308572,0.7496005533274713,0.9039150539863646,0.8916707177291174,0.7826890356803283,0.7445323167549561,0.9039150539863646,0.9039150539863646,0.9039150539863646,glob_probe,glob_probe,0.0,0.005068236572515206,487,6661
fever,5,5,False,12,2012105,True,0.5764279970176445,0.5919358455308572,0.7426432110150772,0.9039150539863646,0.8916707177291173,0.7826139718760947,0.7444572529507225,0.9039150539863646,0.9039150539863646,0.9039150539863646,glob_probe,glob_probe,0.0,0.001814041935645272,444,6661
fever,5,5,False,13,2013105,True,0.4050064765081365,0.5919358455308572,0.7172149898842588,0.9041402453990655,0.8918959091418182,0.7826890356803283,0.7446824443634233,0.9041402453990655,0.9041402453990655,0.9041402453990655,glob_probe,glob_probe,0.0,0.027467454479164544,471,6661
fever,5,5,False,14,2014105,True,0.47732000986566325,0.5919358455308572,0.7291915985730728,0.9039150539863646,0.891745781533351,0.7828391632887955,0.7446824443634233,0.9039150539863646,0.9039150539863646,0.9039150539863646,glob_probe,glob_probe,0.0,0.015490845790350538,424,6661
fever,5,5,False,15,2015105,True,0.4809161641955342,0.5919358455308572,0.7295669175942407,0.9039150539863646,0.8916707177291174,0.7826139718760947,0.7444572529507225,0.9039150539863646,0.9039150539863646,0.9039150539863646,glob_probe,glob_probe,0.0,0.014890335356481765,426,6661
fever,5,5,False,16,2016105,True,0.5500584479019155,0.5919358455308572,0.739690701381889,0.904015139058676,0.891770802801429,0.7827140569484062,0.744557338023034,0.904015139058676,0.904015139058676,0.904015139058676,glob_probe,glob_probe,0.0,0.004866636641145061,476,6661
fever,5,5,False,17,2017105,True,0.4764685239540889,0.5919358455308572,0.7290414709646056,0.9040651815948318,0.8918208453375847,0.7827640994845619,0.7446824443634233,0.9040651815948318,0.9040651815948318,0.9040651815948318,glob_probe,glob_probe,0.0,0.01564097339881776,456,6661
fever,5,5,False,18,2018105,True,0.40456658794992423,0.5919358455308572,0.7170648622757916,0.9040651815948318,0.8918208453375847,0.7826139718760947,0.7446073805591897,0.9040651815948318,0.9040651815948318,0.9040651815948318,glob_probe,glob_probe,0.0,0.027542518283398154,447,6661
fever,5,5,False,19,2019105,True,0.4658358839991805,0.5919358455308572,0.7272849779455396,0.9039150539863646,0.8916707177291174,0.7824638442676275,0.7443071253422553,0.9039150539863646,0.9039150539863646,0.9039150539863646,glob_probe,glob_probe,0.0,0.017022147396715703,438,6661
fever,5,5,False,20,2020105,True,0.6215369398845422,0.5919358455308572,0.7483995324597337,0.9039901177905982,0.891745781533351,0.7828391632887955,0.7446824443634233,0.9039901177905982,0.9039901177905982,0.9039901177905982,glob_probe,glob_probe,0.0,0.003717088096310328,449,6661
fever,5,5,False,21,2021105,True,0.4042175661739323,0.5919358455308572,0.7169147346673244,0.9039150539863646,0.8916707177291174,0.7826139718760947,0.7444572529507225,0.9039150539863646,0.9039150539863646,0.9039150539863646,glob_probe,glob_probe,0.0,0.027542518283398154,443,6661
fever,5,5,False,22,2022105,True,0.6530380557989592,0.5919358455308572,0.7520365524981949,0.9039150539863646,0.8918208453375847,0.7826139718760947,0.7444572529507225,0.9039150539863646,0.9039150539863646,0.9039150539863646,glob_probe,glob_probe,0.0,0.0075792995474723845,446,6661
fever,5,5,False,23,2023105,True,0.4965802440254935,0.5919358455308572,0.7320440231339496,0.9042153092032991,0.8919709729460518,0.7827640994845619,0.7446073805591897,0.9042153092032991,0.9042153092032991,0.7320440231339496,glob_probe,ad_probe,0.0,0.012563357425240174,461,6661
fever,5,5,False,24,2024105,True,0.545513858836788,0.5919358455308572,0.7389901058757088,0.9039150539863646,0.8916707177291174,0.7826139718760947,0.7444572529507225,0.9039150539863646,0.9039150539863646,0.9039150539863646,glob_probe,glob_probe,0.0,0.005467147075013723,481,6661
fever,5,5,False,25,2025105,True,0.7880149389483947,0.5919358455308572,0.7638766165526412,0.9039901177905982,0.891745781533351,0.7825389080718611,0.7443821891464889,0.9039901177905982,0.9039901177905982,0.7638766165526412,glob_probe,ad_probe,0.0,0.01949442740615226,491,6661
fever,5,5,False,26,2026105,True,0.6662203918825639,0.5919358455308572,0.7537630199955676,0.9039150539863646,0.8916707177291174,0.7826139718760947,0.7444572529507225,0.9039150539863646,0.9039150539863646,0.9039150539863646,glob_probe,glob_probe,0.0,0.009305767044845092,458,6661
fever,5,5,False,27,2027105,True,0.7734404767993914,0.5919358455308572,0.7627756807572151,0.904015139058676,0.891770802801429,0.7825639293399389,0.7445573380230339,0.904015139058676,0.904015139058676,0.7627756807572151,glob_probe,ad_probe,0.0,0.018218342734181214,477,6661
fever,5,5,False,28,2028105,True,0.7631371147071107,0.5919358455308572,0.7624003617360471,0.9040902028629096,0.8918458666056626,0.7826389931441726,0.7444822742188003,0.9040902028629096,0.9040902028629096,0.7624003617360471,glob_probe,ad_probe,0.0,0.017918087517246772,410,6661
fever,5,5,False,29,2029105,True,0.9774110629045604,0.5919358455308572,0.7813629084722012,0.9039901177905982,0.891745781533351,0.7825389080718611,0.7443821891464889,0.9039901177905982,0.9039901177905982,0.7813629084722012,glob_probe,ad_probe,0.0,0.03698071932571234,476,6661
fever,5,5,False,30,2030105,True,0.8276968135323008,0.5919358455308572,0.7696779762798379,0.904015139058676,0.891770802801429,0.7827640994845619,0.7446073805591897,0.904015139058676,0.904015139058676,0.904015139058676,glob_probe,glob_probe,0.0,0.02507059572064818,418,6661
fever,5,5,False,31,2031105,True,0.6456839832918462,0.5919358455308572,0.7514360420643261,0.9040651815948318,0.8918208453375847,0.7826139718760947,0.7444572529507225,0.9040651815948318,0.9040651815948318,0.7514360420643261,glob_probe,ad_probe,0.0,0.006978789113603612,480,6661
fever,5,5,False,32,2032105,True,0.46785837385599943,0.5919358455308572,0.7277653862926344,0.9039901177905982,0.891745781533351,0.7826139718760947,0.7444572529507225,0.9039901177905982,0.9039901177905982,0.9039901177905982,glob_probe,glob_probe,0.0,0.016691866658088084,428,6661
fever,5,5,False,33,2033105,True,0.46399242006047636,0.5919358455308572,0.7272349354093837,0.9040651815948318,0.8918208453375847,0.7827640994845619,0.7446073805591897,0.9040651815948318,0.9040651815948318,0.9040651815948318,glob_probe,glob_probe,0.0,0.01737244514980607,407,6661
fever,5,5,False,34,2034105,True,0.45326012883965133,0.5919358455308572,0.725320808401427,0.9039901177905982,0.891745781533351,0.7825389080718611,0.7444572529507225,0.9039901177905982,0.9039901177905982,0.9039901177905982,glob_probe,glob_probe,0.0,0.019136444549295528,410,6661
fever,5,5,False,35,2035105,True,0.4138926733510384,0.5919358455308572,0.719054053087982,0.9039150539863646,0.8918208453375847,0.7827640994845619,0.7446073805591897,0.9039150539863646,0.9039150539863646,0.9039150539863646,glob_probe,glob_probe,0.0,0.025553327471207754,416,6661
fever,5,5,False,36,2036105,True,0.5039689984195369,0.5919358455308572,0.7331699801974535,0.9039901177905982,0.8917457815333508,0.7826139718760947,0.7444572529507225,0.9039901177905982,0.9039901177905982,0.9039901177905982,glob_probe,glob_probe,0.0,0.011287272753269018,446,6661
fever,5,5,False,37,2037105,True,0.8782128332289209,0.5919358455308572,0.7745821448230996,0.9039901177905982,0.891745781533351,0.7825389080718611,0.7445323167549561,0.9039901177905982,0.9039901177905982,0.9039901177905982,glob_probe,glob_probe,0.0,0.03004982806814349,433,6661
fever,5,5,False,38,2038105,True,0.38851075671728774,0.5919358455308572,0.7149830927717131,0.9040651815948318,0.8918208453375847,0.7826139718760947,0.7444572529507225,0.9040651815948318,0.9040651815948318,0.7149830927717131,glob_probe,ad_probe,0.0,0.02947416017900939,412,6661
fever,5,5,False,39,2039105,True,0.7582397556523488,0.5919358455308572,0.7619499789106455,0.9039901177905982,0.891745781533351,0.7825389080718611,0.7445323167549561,0.9039901177905982,0.9039901177905982,0.9039901177905982,glob_probe,glob_probe,0.0,0.017417662155689406,445,6661
fever,5,5,False,40,2040105,True,0.6673574156872286,0.5919358455308572,0.7538631050678791,0.904015139058676,0.891770802801429,0.782563929339939,0.7444072104145667,0.904015139058676,0.904015139058676,0.7538631050678791,glob_probe,ad_probe,0.0,0.009455894653312424,484,6661
fever,5,5,False,41,2041105,True,0.5018404478563111,0.5919358455308572,0.7330198525889863,0.9040651815948318,0.8918208453375847,0.7827640994845619,0.7446073805591897,0.9040651815948318,0.9040651815948318,0.9040651815948318,glob_probe,glob_probe,0.0,0.01158752797020346,406,6661
fever,5,5,False,42,2042105,True,0.6435941353149627,0.5919358455308572,0.7512144251184937,0.9039150539863646,0.8916707177291174,0.7826139718760947,0.7444572529507225,0.9039150539863646,0.9039150539863646,0.9039150539863646,glob_probe,glob_probe,0.0,0.006757172167771164,468,6661
fever,5,5,False,43,2043105,True,0.5539295157432749,0.5919358455308572,0.7402661905476798,0.9039901177905982,0.8918208453375847,0.7826890356803283,0.7445323167549561,0.9039901177905982,0.9039901177905982,0.9039901177905982,glob_probe,glob_probe,0.0,0.0042661262072762884,421,6661
fever,5,5,False,44,2044105,True,0.8761738419716403,0.5919358455308572,0.7743569534103989,0.9040651815948318,0.8918208453375847,0.7826139718760947,0.7444572529507225,0.9040651815948318,0.9040651815948318,0.7743569534103989,glob_probe,ad_probe,0.0,0.02989970045967638,464,6661
fever,5,5,False,45,2045105,True,0.7522229219287814,0.5919358455308572,0.7611492983321537,0.9041152241309874,0.8918708878737402,0.7827140569484061,0.7448575932399683,0.9041152241309874,0.9041152241309874,0.9041152241309874,glob_probe,glob_probe,0.0,0.01629170509218547,499,6661
fever,5,5,False,46,2046105,True,0.5349224795456136,0.5919358455308572,0.7364191705807079,0.9039901177905982,0.8917457815333508,0.7825389080718611,0.7443821891464889,0.9039901177905982,0.9039901177905982,0.7364191705807079,glob_probe,ad_probe,0.0,0.007963018565780966,435,6661
fever,5,5,False,47,2047105,True,0.6263967742829423,0.5919358455308572,0.7493002981105369,0.9039901177905982,0.891745781533351,0.7826890356803283,0.7445323167549561,0.9039901177905982,0.9039901177905982,0.9039901177905982,glob_probe,glob_probe,0.0,0.004767981355580764,470,6661
fever,5,5,False,48,2048105,True,0.5857335745242,0.5919358455308572,0.7434689128616467,0.904015139058676,0.891770802801429,0.7826389931441725,0.7444822742188003,0.904015139058676,0.904015139058676,0.904015139058676,glob_probe,glob_probe,0.0,0.001013361357153575,482,6661
fever,5,5,False,49,2049105,True,0.4858908791642374,0.5919358455308572,0.7300173004196424,0.9039150539863646,0.8916707177291174,0.7824638442676275,0.7443071253422553,0.9039150539863646,0.9039150539863646,0.7300173004196424,glob_probe,ad_probe,0.0,0.014289824922612882,438,6661
fever,10,10,False,0,489,True,0.4711705496209929,0.5919358455308572,0.7280867244734431,0.9039179949824482,0.8916644607562575,0.782676031650641,0.7444906493246338,0.9039179949824482,0.9039179949824482,0.9039179949824482,glob_probe,glob_probe,0.0,0.016403924851190688,841,6656
fever,10,10,False,1,1489,True,0.7941954508391651,0.5919358455308572,0.7656738281250001,0.9040682353670635,0.8918147011408729,0.7825257912660256,0.7444155291323261,0.9040682353670635,0.9040682353670635,0.9040682353670635,glob_probe,glob_probe,0.0,0.021258298992673952,954,6656
fever,10,10,False,2,2489,True,0.636960221131263,0.5919358455308572,0.7512904575892858,0.9041057954632173,0.8918522612370268,0.7828638321314103,0.7447911300938646,0.9041057954632173,0.9041057954632173,0.9041057954632173,glob_probe,glob_probe,0.0,0.006499327495421259,996,6656
fever,10,10,False,3,3489,True,0.5998746320995103,0.5919358455308572,0.7446408897092491,0.9038428747901405,0.8915893405639499,0.7823004306891026,0.7442652887477107,0.9038428747901405,0.9038428747901405,0.9038428747901405,glob_probe,glob_probe,0.0,0.0003756009615384359,890,6656
fever,10,10,False,4,4489,True,0.7568312145614597,0.5919358455308572,0.7616459549565018,0.9040181552388583,0.8919148613972834,0.7826259515224359,0.7445156893887362,0.9040181552388583,0.9040181552388583,0.9040181552388583,glob_probe,glob_probe,0.0,0.017130265567765535,892,6656
fever,10,10,False,5,5489,True,0.863070247604712,0.5919358455308572,0.7733611278044872,0.9042184757516789,0.8918147011408729,0.7830516326121795,0.74494137047848,0.9042184757516789,0.8918147011408729,0.9042184757516789,trunc,glob_probe,0.012403774610805995,0.02841975732600721,948,6656
fever,10,10,False,6,6489,True,0.36724954359104844,0.5919358455308572,0.7117677569826006,0.9039179949824482,0.8918147011408729,0.7828262720352565,0.74494137047848,0.9039179949824482,0.9039179949824482,0.9039179949824482,glob_probe,glob_probe,0.0,0.03317361349587933,812,6656
fever,10,10,False,7,7489,True,0.7623426720209068,0.5919358455308572,0.7625724373282966,0.9040682353670635,0.8918147011408729,0.7828262720352565,0.7447160099015568,0.9040682353670635,0.9040682353670635,0.9040682353670635,glob_probe,glob_probe,0.0,0.017856427426739763,939,6656
fever,10,10,False,8,8489,True,0.562231927600118,0.5919358455308572,0.7417988424336083,0.9039931151747559,0.8917395809485652,0.7826009114583333,0.7445657695169415,0.9039931151747559,0.9039931151747559,0.9039931151747559,glob_probe,glob_probe,0.0,0.0027669270833332593,911,6656
fever,10,10,False,9,9489,True,0.6466537653312704,0.5919358455308572,0.7514746809180403,0.9039931151747559,0.8917395809485652,0.7826009114583333,0.7444906493246338,0.9039931151747559,0.9039931151747559,0.9039931151747559,glob_probe,glob_probe,0.0,0.006984031593406437,953,6656
fever,10,10,False,10,10489,True,0.5741987211725541,0.5919358455308572,0.7427002847413005,0.904043195302961,0.8919399014613858,0.7827010717147436,0.7446659297733517,0.904043195302961,0.904043195302961,0.904043195302961,glob_probe,glob_probe,0.0,0.001965645032051211,861,6656
fever,10,10,False,11,11489,True,0.7548777788733863,0.5919358455308572,0.7621467562385532,0.9041433555593712,0.8918898213331807,0.7831267528044872,0.74494137047848,0.9041433555593712,0.9041433555593712,0.9041433555593712,glob_probe,glob_probe,0.0,0.017205385760073244,929,6656
fever,10,10,False,12,12489,True,0.5071557032245728,0.5919358455308572,0.7337958590888278,0.9039179949824482,0.8918147011408729,0.7825257912660256,0.7443404089400184,0.9039179949824482,0.9039179949824482,0.9039179949824482,glob_probe,glob_probe,0.0,0.010544549851190577,924,6656
fever,10,10,False,13,13489,True,0.8414541079282327,0.5919358455308572,0.7711826422275642,0.9039179949824482,0.8916644607562575,0.782676031650641,0.7444906493246338,0.9039179949824482,0.9039179949824482,0.9039179949824482,glob_probe,glob_probe,0.0,0.02669199290293034,904,6656
fever,10,10,False,14,14489,True,0.7116482491431639,0.5919358455308572,0.7585409870077839,0.9040982834439865,0.8918597732562576,0.7829013922275642,0.7447160099015568,0.9040982834439865,0.9040982834439865,0.9040982834439865,glob_probe,glob_probe,0.0,0.013824977106227099,896,6656
fever,10,10,False,15,15489,True,0.5233069199592115,0.5919358455308572,0.7357954870650184,0.904093275431166,0.8918397412049756,0.782851312099359,0.7448161701579671,0.904093275431166,0.904093275431166,0.904093275431166,glob_probe,glob_probe,0.0,0.009020683092948678,905,6656
fever,10,10,False,16,16489,True,0.7238860466893969,0.5919358455308572,0.7589165879693224,0.9042184757516789,0.8919649415254883,0.782676031650641,0.7444906493246338,0.9042184757516789,0.9042184757516789,0.7589165879693224,glob_probe,ad_probe,0.0,0.014425938644688552,982,6656
fever,10,10,False,17,17489,True,0.48820218127966897,0.5919358455308572,0.7306408110119047,0.9040682353670635,0.8918147011408729,0.7828262720352565,0.7446408897092491,0.9040682353670635,0.9040682353670635,0.9040682353670635,glob_probe,glob_probe,0.0,0.014000078697344431,866,6656
fever,10,10,False,18,18489,True,0.5839336574868994,0.5919358455308572,0.7432511661515568,0.9039430350465506,0.8916895008203601,0.782450671073718,0.7444155291323261,0.9039430350465506,0.9039430350465506,0.9039430350465506,glob_probe,glob_probe,0.0,0.0011643629807692735,926,6656
fever,10,10,False,19,19489,True,0.4461197470668328,0.5919358455308572,0.7233716804029304,0.9038428747901405,0.89158934056395,0.782450671073718,0.7442652887477107,0.9038428747901405,0.9038428747901405,0.9038428747901405,glob_probe,glob_probe,0.0,0.020893608344780268,866,6656
fever,10,10,False,20,20489,True,0.4489010919150139,0.5919358455308572,0.7243858029990842,0.9040306752709097,0.8917020208524116,0.7824882311698718,0.74445308922848,0.9040306752709097,0.8917020208524116,0.9040306752709097,trunc,glob_probe,0.012328654418498175,0.020067286229395798,934,6656
fever,10,10,False,21,21489,True,0.47882871312077,0.5919358455308572,0.7294388879349817,0.9039179949824482,0.8916644607562577,0.7826009114583333,0.7446408897092491,0.9039179949824482,0.9039179949824482,0.9039179949824482,glob_probe,glob_probe,0.0,0.015202001774267448,930,6656
fever,10,10,False,22,22489,True,0.7243313579113744,0.5919358455308572,0.7590417882898352,0.9041934356875762,0.8919399014613858,0.7826509915865386,0.7445156893887362,0.9041934356875762,0.9041934356875762,0.7590417882898352,glob_probe,ad_probe,0.0,0.014526098901098905,883,6656
fever,10,10,False,23,23489,True,0.5789442702552006,0.5919358455308572,0.7428254850618133,0.9040682353670635,0.8918147011408729,0.782676031650641,0.7444906493246338,0.9040682353670635,0.9040682353670635,0.9040682353670635,glob_probe,glob_probe,0.0,0.0016651642628204844,922,6656
fever,10,10,False,24,24489,True,0.5854487477098402,0.5919358455308572,0.7434014065361723,0.9039931151747559,0.8915893405639499,0.782450671073718,0.7444155291323261,0.9039931151747559,0.8915893405639499,0.9039931151747559,trunc,glob_probe,0.012403774610805995,0.0010141225961538547,951,6656
fever,10,10,False,25,25489,True,0.5100165125161019,0.5919358455308572,0.734246580242674,0.9039179949824482,0.8916644607562575,0.782676031650641,0.7444906493246338,0.9039179949824482,0.9039179949824482,0.9039179949824482,glob_probe,glob_probe,0.0,0.01024406908195985,840,6656
fever,10,10,False,26,26489,True,0.6762207590800773,0.5919358455308572,0.7551806104052198,0.9039179949824482,0.8916644607562575,0.7826009114583333,0.7444155291323261,0.9039179949824482,0.9039179949824482,0.9039179949824482,glob_probe,glob_probe,0.0,0.010765081272893662,1006,6656
fever,10,10,False,27,27489,True,0.6780012010656127,0.5919358455308572,0.7550303700206045,0.9038428747901405,0.8915893405639499,0.782450671073718,0.7442652887477107,0.9038428747901405,0.9038428747901405,0.9038428747901405,glob_probe,glob_probe,0.0,0.010765081272893773,810,6656
fever,10,10,False,28,28489,True,0.6520549121155181,0.5919358455308572,0.7520756424565018,0.9040682353670635,0.891814701140873,0.7825257912660256,0.7446408897092491,0.9040682353670635,0.9040682353670635,0.9040682353670635,glob_probe,glob_probe,0.0,0.007434752747252693,929,6656
fever,10,10,False,29,29489,True,0.663409155455235,0.5919358455308572,0.7538785270718864,0.9041433555593712,0.8918898213331806,0.782676031650641,0.7447160099015568,0.9041433555593712,0.9041433555593712,0.9041433555593712,glob_probe,glob_probe,0.0,0.009162517170329565,904,6656
fever,10,10,False,30,30489,True,0.5120995389702773,0.5919358455308572,0.7345685239239929,0.9041433555593712,0.8918898213331806,0.7828262720352565,0.7446408897092491,0.9041433555593712,0.9041433555593712,0.9041433555593712,glob_probe,glob_probe,0.0,0.010072365785256276,931,6656
fever,10,10,False,31,31489,True,0.629478510956603,0.5919358455308572,0.7495626931662088,0.9039931151747559,0.8917395809485652,0.7828262720352565,0.7446408897092491,0.9039931151747559,0.9039931151747559,0.9039931151747559,glob_probe,glob_probe,0.0,0.004921803456959695,918,6656
fever,10,10,False,32,32489,True,0.6395384531305466,0.5919358455308572,0.7508021763392858,0.9038428747901405,0.8915893405639499,0.782450671073718,0.7442652887477107,0.9038428747901405,0.9038428747901405,0.9038428747901405,glob_probe,glob_probe,0.0,0.0065368875915751135,922,6656
fever,10,10,False,33,33489,True,0.6762727662493153,0.5919358455308572,0.7554810911744506,0.9040381872901404,0.89178465306395,0.7829013922275642,0.7447160099015568,0.9040381872901404,0.9040381872901404,0.9040381872901404,glob_probe,glob_probe,0.0,0.010765081272893773,911,6656
fever,10,10,False,34,34489,True,0.5650675655909004,0.5919358455308572,0.7419490828182236,0.904113307482448,0.8918597732562575,0.7827211037660257,0.7447160099015568,0.904113307482448,0.904113307482448,0.904113307482448,glob_probe,glob_probe,0.0,0.0027669270833332593,879,6656
fever,10,10,False,35,35489,True,0.5416735129601359,0.5919358455308572,0.7380428328182236,0.9039931151747559,0.8917395809485652,0.782450671073718,0.7442652887477107,0.9039931151747559,0.9039931151747559,0.7380428328182236,glob_probe,ad_probe,0.0,0.006222455929487114,879,6656
fever,10,10,False,36,36489,True,0.5947252899316762,0.5919358455308572,0.7446408897092491,0.9039179949824482,0.89158934056395,0.7825257912660256,0.7444906493246338,0.9039179949824482,0.89158934056395,0.9039179949824482,trunc,glob_probe,0.012328654418498175,0.00015024038461530775,935,6656
fever,10,10,False,37,37489,True,0.612692902669808,0.5919358455308572,0.7469209664033882,0.9039179949824482,0.8916644607562575,0.7825257912660256,0.7443404089400184,0.9039179949824482,0.9039179949824482,0.9039179949824482,glob_probe,glob_probe,0.0,0.002580557463369826,911,6656
fever,10,10,False,38,38489,True,0.7223271532422393,0.5919358455308572,0.7590668283539378,0.9038428747901405,0.8915893405639499,0.7829765124198718,0.7447911300938646,0.9038428747901405,0.9038428747901405,0.9038428747901405,glob_probe,glob_probe,0.0,0.014275698260073244,961,6656
fever,10,10,False,39,39489,True,0.5977545471818936,0.5919358455308572,0.7446408897092491,0.9038428747901405,0.8916644607562575,0.782676031650641,0.7444906493246338,0.9038428747901405,0.9038428747901405,0.9038428747901405,glob_probe,glob_probe,0.0,0.00015024038461530775,917,6656
fever,10,10,False,40,40489,True,0.8911408548742458,0.5919358455308572,0.7760904947916666,0.9041683956234737,0.8919148613972834,0.7827010717147437,0.7445156893887362,0.9041683956234737,0.9041683956234737,0.9041683956234737,glob_probe,glob_probe,0.0,0.03157480540293034,885,6656
fever,10,10,False,41,41489,True,0.6822000689930587,0.5919358455308572,0.7560069325206045,0.9040682353670635,0.8916644607562577,0.7832769931891026,0.7450916108630954,0.9040682353670635,0.8916644607562577,0.9040682353670635,trunc,glob_probe,0.012403774610805773,0.01091532165750908,923,6656
fever,10,10,False,42,42489,True,0.4819684415973011,0.5919358455308572,0.729363767742674,0.9039931151747559,0.8917395809485652,0.782450671073718,0.7442652887477107,0.9039931151747559,0.9039931151747559,0.729363767742674,glob_probe,ad_probe,0.0,0.014901521005036722,852,6656
fever,10,10,False,43,43489,True,0.6311738452147991,0.5919358455308572,0.7495626931662088,0.903955555078602,0.8917395809485652,0.782450671073718,0.7442652887477107,0.903955555078602,0.903955555078602,0.903955555078602,glob_probe,glob_probe,0.0,0.005297404418498131,935,6656
fever,10,10,False,44,44489,True,0.6098151352098087,0.5919358455308572,0.7470411587110808,0.9041183154952687,0.8918647812690781,0.7830516326121795,0.7448662502861723,0.9041183154952687,0.9041183154952687,0.9041183154952687,glob_probe,glob_probe,0.0,0.002174908424908528,942,6656
fever,10,10,False,45,45489,True,0.6211508239609616,0.5919358455308572,0.7479100489354397,0.9039179949824482,0.8916644607562575,0.7823755508814103,0.744190168555403,0.9039179949824482,0.9039179949824482,0.7479100489354397,glob_probe,ad_probe,0.0,0.0037198803800366775,902,6656
fever,10,10,False,46,46489,True,0.6637253726544252,0.5919358455308572,0.7536782065590659,0.9041183154952687,0.8918647812690781,0.7826509915865384,0.7446659297733517,0.9041183154952687,0.9041183154952687,0.9041183154952687,glob_probe,glob_probe,0.0,0.009012276785714257,847,6656
fever,10,10,False,47,47489,True,0.5453235238146323,0.5919358455308572,0.7388691549336083,0.9039179949824482,0.8916644607562575,0.7825257912660256,0.7443404089400184,0.9039179949824482,0.9039179949824482,0.9039179949824482,glob_probe,glob_probe,0.0,0.005471254006410131,880,6656
fever,10,10,False,48,48489,True,0.6437804628254437,0.5919358455308572,0.7511026571085165,0.9040682353670635,0.8918147011408729,0.7825257912660256,0.7443404089400184,0.9040682353670635,0.9040682353670635,0.7511026571085165,glob_probe,ad_probe,0.0,0.006762248168498131,872,6656
fever,10,10,False,49,49489,True,0.6656965244987815,0.5919358455308572,0.753991207360348,0.9041057954632173,0.8918522612370268,0.7828638321314103,0.744678449805403,0.9041057954632173,0.9041057954632173,0.9041057954632173,glob_probe,glob_probe,0.0,0.009312757554944984,892,6656
fever,20,20,False,0,2200184,True,0.6123128129584372,0.5919358455308572,0.7466755871773928,0.9039339213466507,0.8916619496630029,0.7822587521316079,0.7441663800639124,0.9039339213466507,0.9039339213466507,0.9039339213466507,glob_probe,glob_probe,0.0,0.0025092071134803495,1848,6646
fever,20,20,False,1,2201184,True,0.5194278301933676,0.5919358455308572,0.7351471705143086,0.9037734238042695,0.8916519185666041,0.7826499648911627,0.7444823596004758,0.9037734238042695,0.9037734238042695,0.9037734238042695,glob_probe,glob_probe,0.0,0.009335189086167262,1811,6646
fever,20,20,False,2,2202184,True,0.606087016151955,0.5919358455308572,0.7456359356863419,0.9038988125092549,0.8917020740485982,0.7823991874811917,0.7441563489675136,0.9038988125092549,0.9038988125092549,0.9038988125092549,glob_probe,glob_probe,0.0,0.0014795867188283074,1818,6646
fever,20,20,False,3,2203184,True,0.5995044624687771,0.5919358455308572,0.7445074373414728,0.903948967991249,0.8916769963076012,0.782223643294212,0.7441312712265165,0.903948967991249,0.903948967991249,0.903948967991249,glob_probe,glob_probe,0.0,0.00037616611495638885,1830,6646
fever,20,20,False,4,2204184,True,0.6428687854026087,0.5919358455308572,0.7510541607554848,0.904069341148035,0.8917973694643871,0.7825245761861771,0.7444322041184815,0.904069341148035,0.904069341148035,0.904069341148035,glob_probe,glob_probe,0.0,0.006621956637003268,1922,6646
fever,20,20,False,5,2205184,True,0.5772569051840746,0.5919358455308572,0.7428899230471606,0.9039991234732433,0.8915766853436129,0.7826499648911627,0.7447080592694497,0.9039991234732433,0.8915766853436129,0.9039991234732433,trunc,glob_probe,0.012422438129630398,0.0018181362222891018,1866,6646
fever,20,20,False,6,2206184,True,0.5647105083027588,0.5919358455308572,0.7423131350042275,0.9043752895881997,0.8921033179045518,0.783026131006119,0.745084225384406,0.9043752895881997,0.9043752895881997,0.9043752895881997,glob_probe,glob_probe,0.0,0.0027710903801785314,1801,6646
fever,20,20,False,7,2207184,True,0.5730435229429947,0.5919358455308572,0.7422629795222333,0.9040994344372316,0.8918274627535838,0.7825245761861771,0.744281737672499,0.9040994344372316,0.9040994344372316,0.9040994344372316,glob_probe,glob_probe,0.0,0.0020187581502657537,1874,6646
fever,20,20,False,8,2208184,True,0.5518397994140523,0.5919358455308572,0.7401815270194747,0.9043502118472024,0.8920782401635546,0.7827753535961481,0.7446077483054613,0.9043502118472024,0.9043502118472024,0.9043502118472024,glob_probe,glob_probe,0.0,0.004426221285986576,1832,6646
fever,20,20,False,9,2209184,True,0.5342114523042869,0.5919358455308572,0.7369527678660991,0.903859404630545,0.8915874329468974,0.7828756645601365,0.7449337589384235,0.903859404630545,0.903859404630545,0.903859404630545,glob_probe,glob_probe,0.0,0.007980991072324417,1760,6646
fever,20,20,False,10,2210184,True,0.5543119093627655,0.5919358455308572,0.7402066047604718,0.903923890250252,0.8916519185666041,0.7827251981141539,0.7444823596004758,0.903923890250252,0.903923890250252,0.903923890250252,glob_probe,glob_probe,0.0,0.004275754840003976,1814,6646
fever,20,20,False,11,2211184,True,0.4452509703662445,0.5919358455308572,0.7241591791697118,0.9041495899192259,0.8920280846815604,0.783026131006119,0.745084225384406,0.9041495899192259,0.9041495899192259,0.9041495899192259,glob_probe,glob_probe,0.0,0.020925046214694154,1750,6646
fever,20,20,False,12,2212184,True,0.438887033683913,0.5919358455308572,0.7235358181792128,0.903923890250252,0.8919528514585692,0.7826499648911627,0.7445575928234671,0.903923890250252,0.903923890250252,0.903923890250252,glob_probe,glob_probe,0.0,0.021021774644254365,1751,6646
fever,20,20,False,13,2213184,True,0.5424733105982831,0.5919358455308572,0.7382756187036957,0.9038737347682577,0.89160176308461,0.782750275855151,0.7445074373414728,0.9038737347682577,0.9038737347682577,0.9038737347682577,glob_probe,glob_probe,0.0,0.006231818637777109,1723,6646
fever,20,20,False,14,2214184,True,0.6341580944180332,0.5919358455308572,0.7507657667340184,0.9037734238042695,0.8915014521206216,0.7826499648911627,0.7447080592694497,0.9037734238042695,0.9037734238042695,0.9037734238042695,glob_probe,glob_probe,0.0,0.006057707464568685,1879,6646
fever,20,20,False,15,2215184,True,0.614794097160388,0.5919358455308572,0.7469539501024605,0.9037985015452664,0.8915265298616187,0.7823741097401946,0.7441312712265165,0.9037985015452664,0.9037985015452664,0.9037985015452664,glob_probe,glob_probe,0.0,0.002822678875944007,1806,6646
fever,20,20,False,16,2216184,True,0.7388783057157824,0.5919358455308572,0.7606102130891478,0.9040994344372316,0.8918274627535838,0.7831264419701073,0.7448836034564292,0.9040994344372316,0.9040994344372316,0.9040994344372316,glob_probe,glob_probe,0.0,0.015726609632718547,1888,6646
fever,20,20,False,17,2217184,True,0.6465012583495013,0.5919358455308572,0.7516273662639897,0.9040743566962346,0.8918776182355778,0.7828004313371452,0.7449337589384235,0.9040743566962346,0.9040743566962346,0.9040743566962346,glob_probe,glob_probe,0.0,0.006693607325566231,1885,6646
fever,20,20,False,18,2218184,True,0.7437668683321499,0.5919358455308572,0.7601588137512001,0.9037483460632724,0.8914763743796245,0.7820731768482294,0.7444322041184815,0.9037483460632724,0.9037483460632724,0.9037483460632724,glob_probe,glob_probe,0.0,0.015726609632718547,1815,6646
fever,20,20,False,19,2219184,True,0.5439308815122554,0.5919358455308572,0.7385514738546638,0.9036981905812782,0.8914262188976303,0.7822737987762063,0.7441814267085107,0.9036981905812782,0.9036981905812782,0.9036981905812782,glob_probe,glob_probe,0.0,0.005629952853846931,1730,6646
fever,20,20,False,20,2220184,True,0.6313999467925722,0.5919358455308572,0.7502391341730795,0.9040743566962346,0.8919528514585692,0.7826499648911627,0.7445575928234671,0.9040743566962346,0.9040743566962346,0.9040743566962346,glob_probe,glob_probe,0.0,0.005681541349612407,1890,6646
fever,20,20,False,21,2221184,True,0.7327173575954494,0.5919358455308572,0.7596071034492642,0.9042248231422171,0.8919528514585692,0.7826499648911627,0.7444823596004758,0.9042248231422171,0.9042248231422171,0.9042248231422171,glob_probe,glob_probe,0.0,0.015124743848788369,1803,6646
fever,20,20,False,22,2222184,True,0.5044868368326436,0.5919358455308572,0.7338717882578851,0.903948967991249,0.8918274627535838,0.7832769084160898,0.7450340699024117,0.903948967991249,0.903948967991249,0.903948967991249,glob_probe,glob_probe,0.0,0.011162281644526595,1820,6646
fever,20,20,False,23,2223184,True,0.5141167694214746,0.5919358455308572,0.7349967040683262,0.9041495899192259,0.8920280846815605,0.783026131006119,0.7449337589384235,0.9041495899192259,0.9041495899192259,0.9041495899192259,glob_probe,glob_probe,0.0,0.009937054870097328,1843,6646
fever,20,20,False,24,2224184,True,0.6501711343565482,0.5919358455308572,0.7517778327099723,0.9039991234732433,0.891877618235578,0.7825747316681714,0.7443318931544933,0.9039991234732433,0.9039991234732433,0.9039991234732433,glob_probe,glob_probe,0.0,0.007445939555479009,1857,6646
fever,20,20,False,25,2225184,True,0.6187438856940854,0.5919358455308572,0.7480358754997636,0.9043537943816308,0.892157055920974,0.782703702907585,0.7444608643939068,0.9043537943816308,0.9043537943816308,0.9043537943816308,glob_probe,glob_probe,0.0,0.0035750111058567846,1839,6646
fever,20,20,False,26,2226184,True,0.5834324773477448,0.5919358455308572,0.7432410114211199,0.9040743566962346,0.8918023850125867,0.7826499648911627,0.7444071263774846,0.9040743566962346,0.9040743566962346,0.9040743566962346,glob_probe,glob_probe,0.0,0.001166114956364761,1902,6646
fever,20,20,False,27,2227184,True,0.6681528198839963,0.5919358455308572,0.7540348293997106,0.9039991234732433,0.891651918566604,0.7824994984451801,0.7444071263774846,0.9039991234732433,0.891651918566604,0.9039991234732433,trunc,glob_probe,0.01234720490663932,0.00962770302222593,1876,6646
fever,20,20,False,28,2228184,True,0.6540590290217523,0.5919358455308572,0.7526555536448705,0.9040492789552373,0.891927773717572,0.783001053265122,0.7450591476434089,0.9040492789552373,0.9040492789552373,0.9040492789552373,glob_probe,glob_probe,0.0,0.007596406001461609,1902,6646
fever,20,20,False,29,2229184,True,0.5975726594631405,0.5919358455308572,0.7445826705644641,0.9040116623437416,0.891739690660094,0.7824744207041829,0.7444322041184815,0.9040116623437416,0.9040116623437416,0.9040116623437416,glob_probe,glob_probe,0.0,0.00015046644598259995,1701,6646
fever,20,20,False,30,2230184,True,0.5445723859062224,0.5919358455308572,0.7390781064156029,0.9041495899192259,0.891877618235578,0.7828004313371452,0.7445575928234671,0.9041495899192259,0.9041495899192259,0.9041495899192259,glob_probe,glob_probe,0.0,0.00547948640786422,1722,6646
fever,20,20,False,31,2231184,True,0.7573297818030709,0.5919358455308572,0.7615165942994713,0.9041280947126568,0.891856123029009,0.7825281587206053,0.7444859421349039,0.9041280947126568,0.9041280947126568,0.9041280947126568,glob_probe,glob_probe,0.0,0.01703065216456734,1905,6646
fever,20,20,False,32,2232184,True,0.7277317227911084,0.5919358455308572,0.7595318702262729,0.9043752895881997,0.8921033179045518,0.7828756645601365,0.7447832924924409,0.9043752895881997,0.9043752895881997,0.9043752895881997,glob_probe,glob_probe,0.0,0.01474857773383198,1903,6646
fever,20,20,False,33,2233184,True,0.6446861520545435,0.5919358455308572,0.7511007337030509,0.9040492789552375,0.8917773072715895,0.7823991874811916,0.7443068154134962,0.9040492789552375,0.9040492789552375,0.9040492789552375,glob_probe,glob_probe,0.0,0.006793918289554668,1836,6646
fever,20,20,False,34,2234184,True,0.6043161791069274,0.5919358455308572,0.7453851582763711,0.903923890250252,0.8918023850125867,0.7828004313371452,0.7445575928234671,0.903923890250252,0.903923890250252,0.903923890250252,glob_probe,glob_probe,0.0,0.0008275654529039667,1727,6646
fever,20,20,False,35,2235184,True,0.597310537536959,0.5919358455308572,0.744281737672499,0.9036981905812782,0.8914763743796245,0.7821734878122178,0.7441312712265165,0.9036981905812782,0.9036981905812782,0.9036981905812782,glob_probe,glob_probe,0.0,0.00015046644598259995,1754,6646
fever,20,20,False,36,2236184,True,0.6295124577214319,0.5919358455308572,0.7495118796841638,0.9037483460632721,0.8914763743796245,0.7828255090781422,0.7445826705644641,0.9037483460632721,0.9037483460632721,0.9037483460632721,glob_probe,glob_probe,0.0,0.004929209119699629,1906,6646
fever,20,20,False,37,2237184,True,0.6252326247565613,0.5919358455308572,0.7491106358282104,0.903923890250252,0.8917271517895953,0.7824994984451801,0.7444071263774846,0.903923890250252,0.903923890250252,0.903923890250252,glob_probe,glob_probe,0.0,0.004703509450725729,1736,6646
fever,20,20,False,38,2238184,True,0.5768010400305322,0.5919358455308572,0.743266089162117,0.9041495899192259,0.8921785511275431,0.783026131006119,0.745084225384406,0.9041495899192259,0.9041495899192259,0.9041495899192259,glob_probe,glob_probe,0.0,0.0018181362222889907,1876,6646
fever,20,20,False,39,2239184,True,0.5475980659277138,0.5919358455308572,0.7394542725305591,0.9037734238042695,0.8915014521206216,0.7827251981141539,0.7447832924924409,0.9037734238042695,0.9037734238042695,0.9037734238042695,glob_probe,glob_probe,0.0,0.005329019961881842,1807,6646
fever,20,20,False,40,2240184,True,0.6851838345212478,0.5919358455308572,0.7554893383775418,0.9041495899192259,0.891877618235578,0.7828004313371452,0.7445575928234671,0.9041495899192259,0.9041495899192259,0.9041495899192259,glob_probe,glob_probe,0.0,0.010931745554074723,1869,6646
fever,20,20,False,41,2241184,True,0.5651121001544404,0.5919358455308572,0.741636035997306,0.9040242012142403,0.8917522295305925,0.7824994984451801,0.7444071263774846,0.9040242012142403,0.9040242012142403,0.9040242012142403,glob_probe,glob_probe,0.0,0.0027710903801786424,1860,6646
fever,20,20,False,42,2242184,True,0.5838328187088705,0.5919358455308572,0.7434667110900937,0.9039991234732433,0.8917271517895953,0.7827251981141539,0.7446328260464584,0.9039991234732433,0.9039991234732433,0.9039991234732433,glob_probe,glob_probe,0.0,0.001166114956364761,1927,6646
fever,20,20,False,43,2243184,True,0.6052397694663144,0.5919358455308572,0.7456269793502717,0.9040474876880232,0.8918507492273667,0.7825693578665291,0.74434801455942,0.9040474876880232,0.9040474876880232,0.9040474876880232,glob_probe,glob_probe,0.0,0.0012789647908516555,1835,6646
fever,20,20,False,44,2244184,True,0.5369239102819265,0.5919358455308572,0.7365766017511427,0.9037734238042695,0.8915014521206216,0.7825747316681714,0.7444823596004758,0.9037734238042695,0.9037734238042695,0.9037734238042695,glob_probe,glob_probe,0.0,0.007905757849333117,1731,6646
fever,20,20,False,45,2245184,True,0.5319044681715344,0.5919358455308572,0.7360499691902039,0.9039991234732433,0.8917271517895954,0.7822737987762063,0.7441814267085107,0.9039991234732433,0.9039991234732433,0.9039991234732433,glob_probe,glob_probe,0.0,0.008131457518306795,1733,6646
fever,20,20,False,46,2246184,True,0.6193675215931482,0.5919358455308572,0.7481075261883267,0.9040492789552375,0.8917773072715895,0.7824744207041829,0.74453251508247,0.9040492789552375,0.9040492789552375,0.9040492789552375,glob_probe,glob_probe,0.0,0.0035750111058566736,1845,6646
fever,20,20,False,47,2247184,True,0.6425866702376465,0.5919358455308572,0.751079238496482,0.9040743566962346,0.8919528514585692,0.782700120373157,0.7444572818594787,0.9040743566962346,0.9040743566962346,0.9040743566962346,glob_probe,glob_probe,0.0,0.006621956637003268,1899,6646
fever,20,20,False,48,2248184,True,0.5648215974257316,0.5919358455308572,0.7416360359973059,0.9036981905812782,0.8915014521206215,0.782198565553215,0.744256659931502,0.9036981905812782,0.9036981905812782,0.9036981905812782,glob_probe,glob_probe,0.0,0.0026206239341961535,1851,6646
fever,20,20,False,49,2249184,True,0.651269228141373,0.5919358455308572,0.7519282991559548,0.903923890250252,0.8917271517895954,0.7827251981141539,0.7444823596004758,0.903923890250252,0.903923890250252,0.903923890250252,glob_probe,glob_probe,0.0,0.007445939555479009,1747,6646
fever,50,50,False,0,2300127,True,0.6307951445840418,0.5919358455308572,0.7491066030402488,0.9038661086159575,0.8915384901441431,0.7824201430874648,0.7440038938791963,0.9038661086159575,0.9038661086159575,0.9038661086159575,glob_probe,glob_probe,0.0,0.005102709161052488,4565,6616
fever,50,50,False,1,2301127,True,0.5194624593753021,0.5919358455308572,0.7349790551045086,0.903790534250782,0.8916140645093183,0.7822438029020558,0.7442054255196636,0.903790534250782,0.903790534250782,0.903790534250782,glob_probe,glob_probe,0.0,0.00922637041515506,4266,6616
fever,50,50,False,2,2302127,True,0.5684293101084958,0.5919358455308572,0.7425755383773823,0.9042011549682347,0.8918735364964204,0.7831330612656188,0.7450568967006391,0.9042011549682347,0.9042011549682347,0.9042011549682347,glob_probe,glob_probe,0.0,0.0024813583232567993,4507,6616
fever,50,50,False,3,2303127,True,0.5504546492061229,0.5919358455308572,0.7388774327748029,0.903790534250782,0.8915384901441431,0.7820422712615881,0.7437771707836702,0.903790534250782,0.903790534250782,0.903790534250782,glob_probe,glob_probe,0.0,0.004899738008867338,4422,6616
fever,50,50,False,4,2304127,True,0.5450246759098714,0.5919358455308572,0.7396583678816147,0.9039164915260743,0.891815596149786,0.7832010781942764,0.7451627008118846,0.9039164915260743,0.9039164915260743,0.9039164915260743,glob_probe,glob_probe,0.0,0.005504332930269973,4581,6616
fever,50,50,False,5,2305127,True,0.6598588859493315,0.5919358455308572,0.7528313396096045,0.9042313847143049,0.8919037662424907,0.7826342704554614,0.7442558084297807,0.9042313847143049,0.9042313847143049,0.9042313847143049,glob_probe,glob_probe,0.0,0.008575531179823792,4463,6616
fever,50,50,False,6,2306127,True,0.6722707447614802,0.5919358455308572,0.7554134637530949,0.9039248886777606,0.891823993301472,0.7828483978234584,0.744961169171417,0.9039248886777606,0.9039248886777606,0.9039248886777606,glob_probe,glob_probe,0.0,0.010452294581677957,4635,6616
fever,50,50,False,7,2307127,True,0.5448894512216323,0.5919358455308572,0.7392553046006793,0.9037905342507822,0.8915384901441431,0.7827224405481661,0.7447596375309496,0.9037905342507822,0.9037905342507822,0.9037905342507822,glob_probe,glob_probe,0.0,0.005504332930270306,4521,6616
fever,50,50,False,8,2308127,True,0.6419693032769365,0.5919358455308572,0.75087000489434,0.9039920658912496,0.8916140645093183,0.7821808242644095,0.7442180212471929,0.9039920658912496,0.8916140645093183,0.9039920658912496,trunc,glob_probe,0.012378001381931236,0.006651983647147031,4685,6616
fever,50,50,False,9,2309127,True,0.6287770234326064,0.5919358455308572,0.7488798799447228,0.9037905342507822,0.8914629157789676,0.7824957174526401,0.7440794682443717,0.9037905342507822,0.9037905342507822,0.9037905342507822,glob_probe,glob_probe,0.0,0.00480041170035117,4509,6616
fever,50,50,False,10,2310127,True,0.5254772376371988,0.5919358455308572,0.7355836500259112,0.9039920658912496,0.8916644474194353,0.7824705259975817,0.7442054255196637,0.9039920658912496,0.9039920658912496,0.9039920658912496,glob_probe,glob_probe,0.0,0.008621775493752537,4400,6616
fever,50,50,False,11,2311127,True,0.5585670259538167,0.5919358455308572,0.7403889200783095,0.9040172573463082,0.8916896388744938,0.7823445687222894,0.7440794682443717,0.9040172573463082,0.9040172573463082,0.9040172573463082,glob_probe,glob_probe,0.0,0.0036905481660621797,4554,6616
fever,50,50,False,12,2312127,True,0.5835616036738689,0.5919358455308572,0.7427803089192146,0.9041917981420702,0.8918641796702558,0.7823679607877008,0.7439517115794323,0.9041917981420702,0.9041917981420702,0.9041917981420702,glob_probe,glob_probe,0.0,0.0011714026602176464,4438,6616
fever,50,50,False,13,2313127,True,0.5710644487044585,0.5919358455308572,0.7424294279380435,0.9039416829811328,0.8917652132396693,0.7827224405481661,0.7446084888005989,0.9039416829811328,0.9039416829811328,0.9039416829811328,glob_probe,glob_probe,0.0,0.002179060862555482,4576,6616
fever,50,50,False,14,2314127,True,0.5852867762772536,0.5919358455308572,0.7433237245926183,0.9040658408667779,0.8918137967601389,0.7824579302700524,0.7443439785224852,0.9040658408667779,0.9040658408667779,0.9040658408667779,glob_probe,glob_probe,0.0,0.0010202539298669322,4560,6616
fever,50,50,False,15,2315127,True,0.5242237819381791,0.5919358455308572,0.7365409253181322,0.9045462779025354,0.8925209568914225,0.783452992744861,0.7454649982725859,0.9045462779025354,0.9045462779025354,0.9045462779025354,glob_probe,glob_probe,0.0,0.008924072954453743,4531,6616
fever,50,50,False,16,2316127,True,0.5873396256061025,0.5919358455308572,0.743424490412852,0.9036645769754899,0.8912613841385003,0.7820674627166466,0.7440290853342546,0.9036645769754899,0.8912613841385003,0.9036645769754899,trunc,glob_probe,0.01240319283698954,0.0006045949214026347,4511,6616
fever,50,50,False,17,2317127,True,0.6648323724129139,0.5919358455308572,0.7539523593597052,0.9038157257058406,0.891865979059903,0.7826216747279322,0.7445832973455404,0.9038157257058406,0.9038157257058406,0.9038157257058406,glob_probe,glob_probe,0.0,0.009369062014164764,4683,6616
fever,50,50,False,18,2318127,True,0.6253589543325728,0.5919358455308572,0.7495636480105948,0.9042475792211282,0.8919199607493138,0.7832550598836874,0.7448388106754189,0.9042475792211282,0.9042475792211282,0.9042475792211282,glob_probe,glob_probe,0.0,0.004724837335175924,4757,6616
fever,50,50,False,19,2319127,True,0.6564245882812798,0.5919358455308572,0.7522393404157309,0.9040424488013665,0.8920675107003705,0.7827224405481661,0.7443061913398975,0.9040424488013665,0.9040424488013665,0.9040424488013665,glob_probe,glob_probe,0.0,0.007933149075833423,4443,6616
fever,50,50,False,20,2320127,True,0.6114586118084435,0.5919358455308572,0.7473809883687453,0.9044958949924186,0.892319425250955,0.7832010781942765,0.7451627008118846,0.9044958949924186,0.9044958949924186,0.9044958949924186,glob_probe,glob_probe,0.0,0.0022182875568607097,4609,6616
fever,50,50,False,21,2321127,True,0.5561510855747811,0.5919358455308572,0.7410187064547705,0.9038913000710158,0.8917148303295523,0.7827728234582829,0.7448604033511833,0.9038913000710158,0.9038913000710158,0.9038913000710158,glob_probe,glob_probe,0.0,0.003841696896412783,4594,6616
fever,50,50,False,22,2322127,True,0.6213502209877619,0.5919358455308572,0.7481151393447342,0.904234983493599,0.8920585137521353,0.7827890179651062,0.7445239174871883,0.904234983493599,0.904234983493599,0.904234983493599,glob_probe,glob_probe,0.0,0.003591221857545901,4636,6616
fever,50,50,False,23,2323127,True,0.658578875527102,0.5919358455308572,0.7526549994241953,0.9041306188940712,0.8918785747874322,0.7826846533655785,0.74426840415731,0.9041306188940712,0.9041306188940712,0.9041306188940712,glob_probe,glob_probe,0.0,0.008386595266885344,4759,6616
fever,50,50,False,24,2324127,True,0.6165312383271315,0.5919358455308572,0.7473809883687453,0.9042061932592466,0.892155680793075,0.7829617593712213,0.7445832973455404,0.9042061932592466,0.9042061932592466,0.9042061932592466,glob_probe,glob_probe,0.0,0.002797691023204929,4598,6616
fever,50,50,False,25,2325127,True,0.5878381820681968,0.5919358455308572,0.7447092546208326,0.9043447462620678,0.8920171277902536,0.7832766525594518,0.7453138495422352,0.9043447462620678,0.9043447462620678,0.9043447462620678,glob_probe,glob_probe,0.0,0.0006045949214026347,4521,6616
fever,50,50,False,26,2326127,True,0.5535782491273405,0.5919358455308572,0.7399858567973744,0.9040676402564248,0.8917400217846106,0.782092654171705,0.7442809998848391,0.9040676402564248,0.9040676402564248,0.9040676402564248,glob_probe,glob_probe,0.0,0.004295143087464703,4549,6616
fever,50,50,False,27,2327127,True,0.6404516155010165,0.5919358455308572,0.7510085578971614,0.9036645769754899,0.8916644474194353,0.7823949516324062,0.7443565742500144,0.9036645769754899,0.9036645769754899,0.9036645769754899,glob_probe,glob_probe,0.0,0.00665198364714692,4451,6616
fever,50,50,False,28,2328127,True,0.63363362435147,0.5919358455308572,0.7505173245235215,0.9040928317114834,0.8917652132396691,0.7828483978234584,0.7445832973455403,0.9040928317114834,0.9040928317114834,0.9040928317114834,glob_probe,glob_probe,0.0,0.005934027177981194,4560,6616
fever,50,50,False,29,2329127,True,0.6527679581669834,0.5919358455308572,0.7520881916853803,0.9040172573463082,0.8916140645093185,0.7825712918178154,0.7446084888005989,0.9040172573463082,0.8916140645093185,0.9040172573463082,trunc,glob_probe,0.012403192836989763,0.007479702884781392,4704,6616
fever,50,50,False,30,2330127,True,0.6005866198504226,0.5919358455308572,0.7449107862613001,0.9041684060766587,0.8920675107003706,0.7827980149133414,0.7443817657050728,0.9041684060766587,0.9041684060766587,0.9041684060766587,glob_probe,glob_probe,0.0,0.0005290205562273886,4478,6616
fever,50,50,False,31,2331127,True,0.6350389301242674,0.5919358455308572,0.7507264136005067,0.9047301755244621,0.8925537057829984,0.7828307638049173,0.7444900889618242,0.9047301755244621,0.9047301755244621,0.9047301755244621,glob_probe,glob_probe,0.0,0.006236324638682511,4539,6616
fever,50,50,False,32,2332127,True,0.5321837518656745,0.5919358455308572,0.7359111389416709,0.9035638111552562,0.8912361926834418,0.7823445687222894,0.7440794682443717,0.9035638111552562,0.9035638111552562,0.9035638111552562,glob_probe,glob_probe,0.0,0.008168329302700728,4456,6616
fever,50,50,False,33,2333127,True,0.6119330274958572,0.5919358455308572,0.7469275421776933,0.9040508459530527,0.8917232274812383,0.7826720576380491,0.7444069571601313,0.9040508459530527,0.9040508459530527,0.9040508459530527,glob_probe,glob_probe,0.0,0.002520585017562027,4679,6616
fever,50,50,False,34,2334127,True,0.5819065393867154,0.5919358455308572,0.743374107502735,0.9043825334446556,0.8923572124335425,0.7829617593712213,0.7445455101629527,0.9043825334446556,0.9043825334446556,0.9043825334446556,glob_probe,glob_probe,0.0,0.0011714026602176464,4458,6616
fever,50,50,False,35,2335127,True,0.6456632971814467,0.5919358455308572,0.7519244472275005,0.9039542787086619,0.8917778089671983,0.7826342704554614,0.7448981905337709,0.9039542787086619,0.9039542787086619,0.9039542787086619,glob_probe,glob_probe,0.0,0.007026256693729582,4726,6616
fever,50,50,False,36,2336127,True,0.6208563107591601,0.5919358455308572,0.7474853529682732,0.9039452817604269,0.8916176632886125,0.7821592315886451,0.7437429823803766,0.9039452817604269,0.9039452817604269,0.9039452817604269,glob_probe,glob_probe,0.0,0.003742370587896615,4655,6616
fever,50,50,False,37,2337127,True,0.6093125375406144,0.5919358455308572,0.746840451718777,0.9042778089671983,0.8920358414425827,0.782841920020729,0.7446523939079864,0.9042778089671983,0.9042778089671983,0.9042778089671983,glob_probe,glob_probe,0.0,0.002188057810790567,4561,6616
fever,50,50,False,38,2338127,True,0.5936857959744354,0.5919358455308572,0.7446840631657743,0.9037905342507822,0.8915384901441431,0.7826468661829907,0.7446840631657743,0.9037905342507822,0.9037905342507822,0.9037905342507822,glob_probe,glob_probe,0.0,0.0,4671,6616
fever,50,50,False,39,2339127,True,0.6234305619250353,0.5919358455308572,0.7485775824840215,0.9041684060766588,0.8919919363351951,0.7827980149133414,0.7445329144354236,0.9041684060766588,0.9041684060766588,0.9041684060766588,glob_probe,glob_probe,0.0,0.0040446680485979325,4617,6616
fever,50,50,False,40,2340127,True,0.5810267997305493,0.5919358455308572,0.7436890006909658,0.9042893250609393,0.8918105578587744,0.7832968057234987,0.7453642324523523,0.9042893250609393,0.8918105578587744,0.9042893250609393,trunc,glob_probe,0.012478767202164898,0.0016752317613865086,4650,6616
fever,50,50,False,41,2341127,True,0.554580092012477,0.5919358455308572,0.7400110482524327,0.9037905342507822,0.8914629157789679,0.7821934199919387,0.7440794682443717,0.9037905342507822,0.9037905342507822,0.9037905342507822,glob_probe,glob_probe,0.0,0.004068419991938965,4493,6616
fever,50,50,False,42,2342127,True,0.6223423946888703,0.5919358455308572,0.7484516252087292,0.9039920658912496,0.892042319245312,0.7827476320032244,0.7447092546208326,0.9039920658912496,0.9039920658912496,0.9039920658912496,glob_probe,glob_probe,0.0,0.003742370587896615,4496,6616
fever,50,50,False,43,2343127,True,0.5564990735258643,0.5919358455308572,0.7404141115333679,0.9039920658912496,0.891815596149786,0.7822186114469972,0.7442558084297807,0.9039920658912496,0.9039920658912496,0.9039920658912496,glob_probe,glob_probe,0.0,0.003841696896412783,4483,6616
fever,50,50,False,44,2344127,True,0.5520819271080979,0.5919358455308572,0.739683559336673,0.9036897684305483,0.8915132986890847,0.7824705259975817,0.744280999884839,0.9036897684305483,0.9036897684305483,0.9036897684305483,glob_probe,glob_probe,0.0,0.004597440548166021,4713,6616
fever,50,50,False,45,2345127,True,0.618518650540129,0.5919358455308572,0.7484012422986124,0.9040676402564248,0.8917400217846106,0.7831506952841596,0.7449611691714171,0.9040676402564248,0.9040676402564248,0.9040676402564248,glob_probe,glob_probe,0.0,0.003440073127195298,4561,6616
fever,50,50,False,46,2346127,True,0.5787502388463373,0.5919358455308572,0.7423286621178098,0.9039794701637205,0.8918030004222567,0.7822312071745264,0.7440038938791963,0.9039794701637205,0.9039794701637205,0.9039794701637205,glob_probe,glob_probe,0.0,0.0016752317613865086,4505,6616
fever,50,50,False,47,2347127,True,0.6105483552512115,0.5919358455308572,0.7460408029596362,0.9039164915260743,0.89158887305426,0.7822438029020556,0.7438527451488456,0.9039164915260743,0.9039164915260743,0.9039164915260743,glob_probe,glob_probe,0.0,0.002188057810790567,4609,6616
fever,50,50,False,48,2348127,True,0.5734040192439871,0.5919358455308572,0.7428072997639201,0.9036393855204315,0.8916896388744938,0.7824957174526401,0.7448352118961249,0.9036393855204315,0.9036393855204315,0.9036393855204315,glob_probe,glob_probe,0.0,0.0020279121322047677,4577,6616
fever,50,50,False,49,2349127,True,0.5697274896788798,0.5919358455308572,0.7417492586514656,0.9035638111552562,0.8913873414137925,0.7826468661829907,0.7442306169747223,0.9035638111552562,0.9035638111552562,0.9035638111552562,glob_probe,glob_probe,0.0,0.0024813583232566883,4526,6616
fever,100,100,False,0,2400428,True,0.5629555938072569,0.5919358455308572,0.7408487808769564,0.9031594336384162,0.8907379405209135,0.7817532236775308,0.7435013344356933,0.9031594336384162,0.9031594336384162,0.9031594336384162,glob_probe,glob_probe,0.0,0.0026525535587369475,9033,6566
fever,100,100,False,1,2401428,True,0.5763124460684137,0.5919358455308572,0.742781536921805,0.9043887099971474,0.8921412737091993,0.7829788738523128,0.7446218252759528,0.9043887099971474,0.9043887099971474,0.9043887099971474,glob_probe,glob_probe,0.0,0.0018402883541477344,9075,6566
fever,100,100,False,2,2402428,True,0.5901116404656798,0.5919358455308572,0.7446638890097617,0.9036366394461124,0.89136744605447,0.7827634785257387,0.7446638890097617,0.9036366394461124,0.9036366394461124,0.9036366394461124,glob_probe,glob_probe,0.0,0.0,9048,6566
fever,100,100,False,3,2403428,True,0.5693852966870567,0.5919358455308572,0.7423463948479179,0.9038701656924317,0.8916771221637197,0.7827177886079806,0.7446943489549337,0.9038701656924317,0.9038701656924317,0.9038701656924317,glob_probe,glob_probe,0.0,0.002347954107015826,9183,6566
fever,100,100,False,4,2404428,True,0.6449818547403645,0.5919358455308572,0.7520787099487982,0.9038955489800754,0.8917025054513632,0.7829970047720581,0.7450497149819416,0.9038955489800754,0.9038955489800754,0.9038955489800754,glob_probe,glob_probe,0.0,0.007028994966856605,9091,6566
fever,100,100,False,5,2405428,True,0.5931356511629398,0.5919358455308572,0.7435267177233367,0.9035401829530675,0.891194839698495,0.7819309066910346,0.7435267177233367,0.9035401829530675,0.9035401829530675,0.9035401829530675,glob_probe,glob_probe,0.0,0.0,9018,6566
fever,100,100,False,6,2406428,True,0.5836144272383055,0.5919358455308572,0.7431840433401505,0.9044539813082304,0.8921847879165882,0.7825401055944765,0.7441359166267787,0.9044539813082304,0.9044539813082304,0.9044539813082304,glob_probe,glob_probe,0.0,0.0009518732866281576,9143,6566
fever,100,100,False,7,2407428,True,0.7050665473987081,0.5919358455308572,0.7581503923531032,0.9043778314453002,0.8920324881907276,0.7828447050461975,0.7449735651190114,0.9043778314453002,0.9043778314453002,0.9043778314453002,glob_probe,glob_probe,0.0,0.013176827234091859,9293,6566
fever,100,100,False,8,2408428,True,0.5410890256842054,0.5919358455308572,0.7383866019755451,0.9043143732261917,0.8918928801086887,0.7830604629911667,0.7448466486807943,0.9043143732261917,0.9043143732261917,0.9043143732261917,glob_probe,glob_probe,0.0,0.006460046705249245,8932,6566
fever,100,100,False,9,2409428,True,0.546458239498598,0.5919358455308572,0.7390871807145033,0.903684867692635,0.8912735278901895,0.7820095948827293,0.7446334290645895,0.903684867692635,0.903684867692635,0.903684867692635,glob_probe,glob_probe,0.0,0.005546248350086214,9229,6566
fever,100,100,False,10,2410428,True,0.6987778498785316,0.5919358455308572,0.7573838170662722,0.9038447824047885,0.8914740558625723,0.7825908721697634,0.7452273979954456,0.9038447824047885,0.9038447824047885,0.9038447824047885,glob_probe,glob_probe,0.0,0.012156419070826652,9183,6566
fever,100,100,False,11,2411428,True,0.5895996059675936,0.5919358455308572,0.7452147063516239,0.90378132418568,0.8915121307940377,0.7829335465529496,0.7452908562145542,0.90378132418568,0.90378132418568,0.90378132418568,glob_probe,glob_probe,0.0,7.614986293025261e-05,9040,6566
fever,100,100,False,12,2412428,True,0.5755440544575634,0.5919358455308572,0.7422829366288094,0.9038320907609666,0.8914867475063941,0.7822228144989338,0.7440470751200268,0.9038320907609666,0.9038320907609666,0.9038320907609666,glob_probe,glob_probe,0.0,0.0017641384912173708,9316,6566
fever,100,100,False,13,2413428,True,0.6584569796727265,0.5919358455308572,0.7533123377282683,0.9045301311711607,0.892347240957506,0.7833422174840086,0.7448618786533803,0.9045301311711607,0.9045301311711607,0.9045301311711607,glob_probe,glob_probe,0.0,0.008450459074888061,9072,6566
fever,100,100,False,14,2414428,True,0.5846316467662767,0.5919358455308572,0.7437207185646113,0.9039753250269547,0.8915538319094519,0.7824675819154954,0.7449010414400301,0.9039753250269547,0.9039753250269547,0.9039753250269547,glob_probe,glob_probe,0.0,0.0011803228754188044,9125,6566
fever,100,100,False,15,2415428,True,0.6235038464392997,0.5919358455308572,0.7485159842188475,0.9040986152812225,0.89175327202665,0.782692405320337,0.7445928158043601,0.9040986152812225,0.9040986152812225,0.9040986152812225,glob_probe,glob_probe,0.0,0.003923168414487366,8972,6566
fever,100,100,False,16,2416428,True,0.6119192461527687,0.5919358455308572,0.7470691368231728,0.9039336239115405,0.8919690299716191,0.7828573966900193,0.7445293575852517,0.9039336239115405,0.9039336239115405,0.9039336239115405,glob_probe,glob_probe,0.0,0.002539779237921036,9133,6566
fever,100,100,False,17,2417428,True,0.5473551032021344,0.5919358455308572,0.739219173810249,0.9041595351715669,0.8918903417799244,0.7826111787998782,0.7446131224344749,0.9041595351715669,0.9041595351715669,0.9041595351715669,glob_probe,glob_probe,0.0,0.0053939486242258194,8755,6566
fever,100,100,False,18,2418428,True,0.578012050945844,0.5919358455308572,0.743016513641704,0.904540284486218,0.8925756905462968,0.783032541374759,0.7448568019958517,0.904540284486218,0.904540284486218,0.904540284486218,glob_probe,glob_probe,0.0,0.0018402883541477344,9078,6566
fever,100,100,False,19,2419428,True,0.5651733558291625,0.5919358455308572,0.7412802967668946,0.9037940158295017,0.89175327202665,0.78256548888212,0.7440851500514919,0.9037940158295017,0.9037940158295017,0.9037940158295017,glob_probe,glob_probe,0.0,0.0028048532845973417,9153,6566
fever,100,100,False,20,2420428,True,0.6077728714630126,0.5919358455308572,0.7461919629258953,0.9038913184321348,0.8916601999719574,0.7823370392933292,0.744465899366143,0.9038913184321348,0.9038913184321348,0.9038913184321348,glob_probe,glob_probe,0.0,0.0017260635597522445,9168,6566
fever,100,100,False,21,2421428,True,0.5711200193260056,0.5919358455308572,0.7426763775872824,0.9040097737744708,0.891626355588433,0.7822101228551123,0.744643582379647,0.9040097737744708,0.9040097737744708,0.9040097737744708,glob_probe,glob_probe,0.0,0.001967204792364563,8771,6566
fever,100,100,False,22,2422428,True,0.5872359570645906,0.5919358455308572,0.7436191854140377,0.9042418495472105,0.8919726561555681,0.7821756741075961,0.74430453418041,0.9042418495472105,0.9042418495472105,0.9042418495472105,glob_probe,glob_probe,0.0,0.0006853487663722735,9315,6566
fever,100,100,False,23,2423428,True,0.5469012949311189,0.5919358455308572,0.7388688844407699,0.9037432492542149,0.891321756136712,0.781829373540461,0.7442628330649959,0.9037432492542149,0.9037432492542149,0.9037432492542149,glob_probe,glob_probe,0.0,0.0053939486242259305,9147,6566
fever,100,100,False,24,2424428,True,0.5815090594842602,0.5919358455308572,0.7429084533600221,0.9041022414651717,0.8918330480735293,0.7825944983537124,0.7443933756871619,0.9041022414651717,0.9041022414651717,0.9041022414651717,glob_probe,glob_probe,0.0,0.0014849223271398149,9021,6566
fever,100,100,False,25,2425428,True,0.6282653410793348,0.5919358455308572,0.7478814020277621,0.9035909495283544,0.8911694564108515,0.7814486242258097,0.7430444352581119,0.9035909495283544,0.9035909495283544,0.9035909495283544,glob_probe,glob_probe,0.0,0.004836966769650175,9213,6566
fever,100,100,False,26,2426428,True,0.618825388061255,0.5919358455308572,0.7482570746848844,0.9039818521580628,0.8920934080810718,0.7825604122245913,0.7447908054479788,0.9039818521580628,0.9039818521580628,0.9039818521580628,glob_probe,glob_probe,0.0,0.003466269236905628,9223,6566
fever,100,100,False,27,2427428,True,0.5936025507997702,0.5919358455308572,0.7451258648448719,0.9038701656924317,0.891448672574929,0.7832254543608488,0.7451258648448719,0.9038701656924317,0.9038701656924317,0.9038701656924317,glob_probe,glob_probe,0.0,0.0,9211,6566
fever,100,100,False,28,2428428,True,0.5999354647477058,0.5919358455308572,0.7451258648448719,0.9043524481576568,0.892235554491875,0.7829208549091279,0.7447451155302206,0.9043524481576568,0.9043524481576568,0.9043524481576568,glob_probe,glob_probe,0.0,0.00038074931465126305,9027,6566
fever,100,100,False,29,2429428,True,0.5977731341625889,0.5919358455308572,0.7455193058033449,0.9041874567879745,0.8919182633963323,0.7833142958676008,0.7453670060774844,0.9041874567879745,0.9041874567879745,0.9041874567879745,glob_probe,glob_probe,0.0,0.00015229972586050522,9254,6566
fever,100,100,False,30,2430428,True,0.6239369157300314,0.5919358455308572,0.7489348084649639,0.9037940158295016,0.8915248224378592,0.7827304802518021,0.7447070405987555,0.9037940158295016,0.9037940158295016,0.9037940158295016,glob_probe,glob_probe,0.0,0.004227767866208376,9392,6566
fever,100,100,False,31,2431428,True,0.5306745628453862,0.5919358455308572,0.7361084519095484,0.9039463155553622,0.8918040386019369,0.7825147223068332,0.7442628330649959,0.9039463155553622,0.9039463155553622,0.9039463155553622,glob_probe,glob_probe,0.0,0.008154381155447421,8958,6566
fever,100,100,False,32,2432428,True,0.5940260969652902,0.5919358455308572,0.7446345169197742,0.9038103336572725,0.8915411402656301,0.7827341064357513,0.7446345169197742,0.9038103336572725,0.9038103336572725,0.9038103336572725,glob_probe,glob_probe,0.0,0.0,9037,6566
fever,100,100,False,33,2433428,True,0.5568510481929528,0.5919358455308572,0.7401126655352974,0.9033371166519202,0.8911440731232081,0.782007056553965,0.7438313171750577,0.9033371166519202,0.9033371166519202,0.9033371166519202,glob_probe,glob_probe,0.0,0.003718651639760262,8994,6566
fever,100,100,False,34,2434428,True,0.5882367189009248,0.5919358455308572,0.7462808044326473,0.904555514458804,0.8924386207930223,0.7843803939486242,0.7467377036102288,0.904555514458804,0.904555514458804,0.904555514458804,glob_probe,glob_probe,0.0,0.00045689917758151566,9187,6566
fever,100,100,False,35,2435428,True,0.5784069392278373,0.5919358455308572,0.742650994299639,0.9035909495283544,0.891321756136712,0.7822862727180424,0.7444912826537866,0.9035909495283544,0.9035909495283544,0.9035909495283544,glob_probe,glob_probe,0.0,0.0018402883541476234,9134,6566
fever,100,100,False,36,2436428,True,0.5768743027047292,0.5919358455308572,0.7423083199164527,0.9038067074733234,0.8916136639446112,0.782476647375368,0.7441486082706005,0.9038067074733234,0.9038067074733234,0.9038067074733234,glob_probe,glob_probe,0.0,0.0018402883541477344,9003,6566
fever,100,100,False,37,2437428,True,0.5622253310946519,0.5919358455308572,0.7412549134792511,0.9035945757123034,0.8911730825948007,0.7821375991761311,0.7440597667638484,0.9035945757123034,0.9035945757123034,0.9035945757123034,glob_probe,glob_probe,0.0,0.0028048532845973417,9050,6566
fever,100,100,False,38,2438428,True,0.5812304184673726,0.5919358455308572,0.7418006541635844,0.9032990417204549,0.891105998191743,0.7818547568281043,0.7432982681345459,0.9032990417204549,0.9032990417204549,0.9032990417204549,glob_probe,glob_probe,0.0,0.0014976139709614866,9100,6566
fever,100,100,False,39,2439428,True,0.6403869582523511,0.5919358455308572,0.750102439696561,0.9036417161036412,0.8912963728490686,0.7815755406640268,0.7434759511480499,0.9036417161036412,0.9036417161036412,0.9036417161036412,glob_probe,glob_probe,0.0,0.006626488548511111,9296,6566
fever,100,100,False,40,2440428,True,0.5905606725235433,0.5919358455308572,0.7449862567628329,0.904035157062114,0.8916898138075415,0.7831619961417403,0.7449862567628329,0.904035157062114,0.904035157062114,0.904035157062114,glob_probe,glob_probe,0.0,0.0,9104,6566
fever,100,100,False,41,2441428,True,0.5373766631633035,0.5919358455308572,0.7363876680736261,0.9038955489800754,0.8916263555884328,0.7827431718956239,0.7443897495032129,0.9038955489800754,0.9038955489800754,0.9038955489800754,glob_probe,glob_probe,0.0,0.008002081429586805,8932,6566
fever,100,100,False,42,2442428,True,0.5315095134875578,0.5919358455308572,0.7347123710891607,0.9032355835013465,0.8911186898355647,0.781347091075236,0.742942902107538,0.9032355835013465,0.9032355835013465,0.9032355835013465,glob_probe,glob_probe,0.0,0.00823053101837734,8703,6566
fever,100,100,False,43,2443428,True,0.5793498458850647,0.5919358455308572,0.7444024411470345,0.9043016815823699,0.8919563383277974,0.783656970250787,0.7460904297753216,0.9043016815823699,0.9043016815823699,0.9043016815823699,glob_probe,glob_probe,0.0,0.0016879886282871182,9012,6566
fever,100,100,False,44,2444428,True,0.617016109169791,0.5919358455308572,0.74623148833094,0.9032609667889899,0.8908394736714871,0.7813217077875926,0.7433744179974762,0.9032609667889899,0.9032609667889899,0.9032609667889899,glob_probe,glob_probe,0.0,0.002857070333463829,9244,6566
fever,100,100,False,45,2445428,True,0.6324127314554564,0.5919358455308572,0.7500045327299364,0.9037378099782912,0.8914903736903431,0.7821249075323091,0.7440253180163323,0.9037378099782912,0.9037378099782912,0.9037378099782912,glob_probe,glob_probe,0.0,0.005979214713604075,9057,6566
fever,100,100,False,46,2446428,True,0.6031080489797521,0.5919358455308572,0.7453670060774844,0.9042839132810195,0.891938570026447,0.7823700375672656,0.7446816573111121,0.9042839132810195,0.9042839132810195,0.9042839132810195,glob_probe,glob_probe,0.0,0.0006853487663722735,9008,6566
fever,100,100,False,47,2447428,True,0.6427878787052475,0.5919358455308572,0.7513335291472666,0.9035274913092458,0.891105998191743,0.7830350797035232,0.7449354901875462,0.9035274913092458,0.9035274913092458,0.9035274913092458,glob_probe,glob_probe,0.0,0.0063980389597203535,9160,6566
fever,100,100,False,48,2448428,True,0.5996062187426969,0.5919358455308572,0.7441612999144221,0.9033828065696784,0.8909613134521754,0.7814993908010966,0.7437805505997709,0.9033828065696784,0.9033828065696784,0.9033828065696784,glob_probe,glob_probe,0.0,0.00038074931465126305,9318,6566
fever,100,100,False,49,2449428,True,0.5685762059531765,0.5919358455308572,0.7422231045936499,0.9043560743416058,0.892239180675824,0.7828990978054334,0.7447233584265263,0.9043560743416058,0.9043560743416058,0.9043560743416058,glob_probe,glob_probe,0.0,0.0025002538328763313,9246,6566
climate-fever,5,5,False,0,2000264,True,2.763497369977093,2.2805405075437544,0.24072984749455337,0.3540740740740741,0.3441721132897603,0.19194989106753813,0.2326579520697168,0.3540740740740741,0.3441721132897603,0.3540740740740741,trunc,glob_probe,0.009901960784313824,0.008071895424836578,479,1530
climate-fever,5,5,False,1,2001264,True,2.746077352060869,2.2805405075437544,0.24089324618736382,0.354400871459695,0.3449891067538126,0.19178649237472764,0.23249455337690633,0.354400871459695,0.354400871459695,0.354400871459695,glob_probe,glob_probe,0.0,0.008398692810457492,463,1530
climate-fever,5,5,False,2,2002264,True,2.268786247630786,2.2805405075437544,0.23260348583877996,0.3546187363834422,0.34488017429193896,0.1918954248366013,0.23260348583877996,0.3546187363834422,0.3546187363834422,0.3546187363834422,glob_probe,glob_probe,0.0,0.0,493,1530
climate-fever,5,5,False,3,2003264,True,2.331266081510662,2.2805405075437544,0.23278867102396517,0.3548366013071895,0.34509803921568627,0.19178649237472767,0.23249455337690633,0.3548366013071895,0.3548366013071895,0.3548366013071895,glob_probe,glob_probe,0.0,0.0002941176470588336,465,1530
climate-fever,5,5,False,4,2004264,True,2.2439599673072554,2.2805405075437544,0.23173202614379082,0.3542919389978213,0.3443899782135076,0.19145969498910673,0.23194989106753813,0.3542919389978213,0.3443899782135076,0.3542919389978213,trunc,glob_probe,0.009901960784313713,0.00021786492374731292,480,1530
climate-fever,5,5,False,5,2005264,True,1.4509492137984359,2.2805405075437544,0.21208061002178646,0.35342047930283227,0.3441721132897603,0.1916230936819172,0.23200435729847496,0.35342047930283227,0.35342047930283227,0.35342047930283227,glob_probe,glob_probe,0.0,0.019923747276688497,438,1530
climate-fever,5,5,False,6,2006264,True,1.7306325012055468,2.2805405075437544,0.21940087145969495,0.35391067538126364,0.3441721132897603,0.1911328976034858,0.23184095860566448,0.35391067538126364,0.35391067538126364,0.35391067538126364,glob_probe,glob_probe,0.0,0.01244008714596953,478,1530
climate-fever,5,5,False,7,2007264,True,3.6308851611974258,2.2805405075437544,0.2529193899782135,0.35490196078431374,0.3451633986928105,0.19176470588235292,0.23247276688453158,0.35490196078431374,0.35490196078431374,0.35490196078431374,glob_probe,glob_probe,0.0,0.02044662309368192,473,1530
climate-fever,5,5,False,8,2008264,True,1.6405149332870792,2.2805405075437544,0.21602396514161218,0.3528540305010893,0.34311546840958607,0.19026143790849676,0.23064270152505445,0.3528540305010893,0.3528540305010893,0.3528540305010893,glob_probe,glob_probe,0.0,0.014618736383442271,479,1530
climate-fever,5,5,False,9,2009264,True,3.105411452874655,2.2805405075437544,0.24603485838779954,0.3537472766884532,0.3440087145969498,0.1913507625272331,0.23162309368191722,0.3537472766884532,0.3537472766884532,0.3537472766884532,glob_probe,glob_probe,0.0,0.014411764705882318,474,1530
climate-fever,5,5,False,10,2010264,True,2.0795683927732647,2.2805405075437544,0.22839869281045752,0.3541830065359477,0.34444444444444444,0.19091503267973853,0.23162309368191722,0.3541830065359477,0.3541830065359477,0.22839869281045752,glob_probe,ad_probe,0.0,0.0032244008714596983,475,1530
climate-fever,5,5,False,11,2011264,True,2.768356175955536,2.2805405075437544,0.2403812636165577,0.35394335511982566,0.3442047930283224,0.191437908496732,0.23214596949891067,0.35394335511982566,0.35394335511982566,0.35394335511982566,glob_probe,glob_probe,0.0,0.008235294117647035,460,1530
climate-fever,5,5,False,12,2012264,True,1.784510110571382,2.2805405075437544,0.22138344226579518,0.353474945533769,0.34340958605664484,0.19118736383442264,0.23167755991285405,0.353474945533769,0.34340958605664484,0.353474945533769,trunc,glob_probe,0.01006535947712417,0.01029411764705887,480,1530
climate-fever,5,5,False,13,2013264,True,2.051129199768815,2.2805405075437544,0.22845315904139432,0.35456427015250547,0.3450435729847494,0.191677559912854,0.23238562091503268,0.35456427015250547,0.35456427015250547,0.35456427015250547,glob_probe,glob_probe,0.0,0.003932461873638354,445,1530
climate-fever,5,5,False,14,2014264,True,1.2113294681050928,2.2805405075437544,0.20193899782135075,0.3540740740740741,0.3449891067538126,0.19211328976034855,0.23282135076252722,0.3540740740740741,0.3540740740740741,0.3540740740740741,glob_probe,glob_probe,0.0,0.030882352941176472,462,1530
climate-fever,5,5,False,15,2015264,True,2.8029984706225126,2.2805405075437544,0.24122004357298474,0.35434640522875815,0.3446078431372549,0.1919498910675381,0.23249455337690633,0.35434640522875815,0.35434640522875815,0.35434640522875815,glob_probe,glob_probe,0.0,0.008725490196078406,471,1530
climate-fever,5,5,False,16,2016264,True,1.8929948103715997,2.2805405075437544,0.22369281045751635,0.3542919389978214,0.34455337690631815,0.19124183006535944,0.23173202614379082,0.3542919389978214,0.3542919389978214,0.22369281045751635,glob_probe,ad_probe,0.0,0.00803921568627447,497,1530
climate-fever,5,5,False,17,2017264,True,2.1080914493582856,2.2805405075437544,0.22849673202614382,0.35363834422657947,0.34411764705882353,0.19096949891067536,0.23145969498910676,0.35363834422657947,0.35363834422657947,0.35363834422657947,glob_probe,glob_probe,0.0,0.002962962962962945,478,1530
climate-fever,5,5,False,18,2018264,True,2.4258337840673354,2.2805405075437544,0.2338779956427015,0.35391067538126364,0.3441721132897603,0.19145969498910673,0.2318409586056645,0.35391067538126364,0.35391067538126364,0.35391067538126364,glob_probe,glob_probe,0.0,0.002037037037037004,439,1530
climate-fever,5,5,False,19,2019264,True,2.8390888346698673,2.2805405075437544,0.24151416122004357,0.35505446623093684,0.3453159041394335,0.19211328976034855,0.23249455337690633,0.35505446623093684,0.35505446623093684,0.24151416122004357,glob_probe,ad_probe,0.0,0.00901960784313724,508,1530
climate-fever,5,5,False,20,2020264,True,2.1044573142046286,2.2805405075437544,0.229041394335512,0.3540522875816993,0.3444771241830065,0.19194989106753813,0.23200435729847493,0.3540522875816993,0.3540522875816993,0.3540522875816993,glob_probe,glob_probe,0.0,0.002962962962962945,466,1530
climate-fever,5,5,False,21,2021264,True,1.944232033888438,2.2805405075437544,0.22478213507625275,0.3533660130718954,0.34362745098039216,0.19194989106753813,0.23167755991285405,0.3533660130718954,0.3533660130718954,0.3533660130718954,glob_probe,glob_probe,0.0,0.006895424836601299,445,1530
climate-fever,5,5,False,22,2022264,True,2.315750320739353,2.2805405075437544,0.23202614379084968,0.3538562091503268,0.34433551198257073,0.19145969498910673,0.23173202614379082,0.3538562091503268,0.3538562091503268,0.3538562091503268,glob_probe,glob_probe,0.0,0.00029411764705886134,463,1530
climate-fever,5,5,False,23,2023264,True,2.9457087277002016,2.2805405075437544,0.24342047930283225,0.3540740740740741,0.344281045751634,0.19129629629629627,0.23167755991285405,0.3540740740740741,0.344281045751634,0.3540740740740741,trunc,glob_probe,0.009793028322440112,0.011742919389978207,480,1530
climate-fever,5,5,False,24,2024264,True,2.8788483913910716,2.2805405075437544,0.24287581699346406,0.3547276688453159,0.3449891067538126,0.19145969498910673,0.23216775599128542,0.3547276688453159,0.3547276688453159,0.24287581699346406,glob_probe,ad_probe,0.0,0.010708061002178637,490,1530
climate-fever,5,5,False,25,2025264,True,2.0562841965537406,2.2805405075437544,0.22790849673202615,0.35385620915032673,0.34411764705882353,0.19156862745098038,0.2318409586056645,0.35385620915032673,0.35385620915032673,0.35385620915032673,glob_probe,glob_probe,0.0,0.003932461873638354,484,1530
climate-fever,5,5,False,26,2026264,True,2.8741172380612885,2.2805405075437544,0.2430392156862745,0.35505446623093684,0.34515250544662307,0.1919498910675381,0.2326579520697168,0.35505446623093684,0.34515250544662307,0.35505446623093684,trunc,glob_probe,0.009901960784313768,0.010381263616557723,476,1530
climate-fever,5,5,False,27,2027264,True,2.015140919846142,2.2805405075437544,0.22717864923747275,0.3540740740740741,0.34433551198257073,0.19173202614379084,0.2324400871459695,0.3540740740740741,0.3540740740740741,0.3540740740740741,glob_probe,glob_probe,0.0,0.005261437908496758,441,1530
climate-fever,5,5,False,28,2028264,True,1.534818229875113,2.2805405075437544,0.21562091503267972,0.3538017429193899,0.344281045751634,0.19140522875816995,0.2321132897603486,0.3538017429193899,0.3538017429193899,0.3538017429193899,glob_probe,glob_probe,0.0,0.016492374727668874,445,1530
climate-fever,5,5,False,29,2029264,True,2.8852105583998893,2.2805405075437544,0.24336601307189543,0.3547385620915033,0.3449999999999999,0.1919498910675381,0.23265795206971676,0.3547385620915033,0.3547385620915033,0.3547385620915033,glob_probe,glob_probe,0.0,0.010708061002178665,415,1530
climate-fever,5,5,False,30,2030264,True,2.890613626984915,2.2805405075437544,0.24238562091503268,0.3540740740740741,0.3444989106753812,0.19140522875816995,0.2318954248366013,0.3540740740740741,0.3540740740740741,0.3540740740740741,glob_probe,glob_probe,0.0,0.01049019607843138,470,1530
climate-fever,5,5,False,31,2031264,True,2.1994619201998407,2.2805405075437544,0.23043572984749455,0.3538126361655773,0.34423747276688454,0.19132897603485835,0.23203703703703701,0.3538126361655773,0.3538126361655773,0.3538126361655773,glob_probe,glob_probe,0.0,0.0016013071895424613,459,1530
climate-fever,5,5,False,32,2032264,True,2.609338758664893,2.2805405075437544,0.23861655773420481,0.3547276688453159,0.3449891067538126,0.19178649237472764,0.23249455337690633,0.3547276688453159,0.3547276688453159,0.3547276688453159,glob_probe,glob_probe,0.0,0.006122004357298483,494,1530
climate-fever,5,5,False,33,2033264,True,1.3682026575137354,2.2805405075437544,0.20835511982570804,0.35363834422657947,0.3438997821350763,0.19156862745098038,0.23205882352941176,0.35363834422657947,0.35363834422657947,0.35363834422657947,glob_probe,glob_probe,0.0,0.023703703703703727,433,1530
climate-fever,5,5,False,34,2034264,True,2.612800591165816,2.2805405075437544,0.2382897603485839,0.3547276688453159,0.3449891067538126,0.19145969498910675,0.23216775599128542,0.3547276688453159,0.3547276688453159,0.2382897603485839,glob_probe,ad_probe,0.0,0.006122004357298483,512,1530
climate-fever,5,5,False,35,2035264,True,1.4632936432217671,2.2805405075437544,0.2115359477124183,0.353474945533769,0.34373638344226587,0.19107843137254898,0.23178649237472768,0.353474945533769,0.353474945533769,0.353474945533769,glob_probe,glob_probe,0.0,0.020250544662309383,461,1530
climate-fever,5,5,False,36,2036264,True,2.053376214810004,2.2805405075437544,0.22785403050108932,0.353474945533769,0.34373638344226576,0.19129629629629627,0.23178649237472768,0.353474945533769,0.353474945533769,0.353474945533769,glob_probe,glob_probe,0.0,0.003932461873638354,457,1530
climate-fever,5,5,False,37,2037264,True,2.9007537196534012,2.2805405075437544,0.24290849673202616,0.35476034858387795,0.34502178649237475,0.19149237472766886,0.23220043572984747,0.35476034858387795,0.35476034858387795,0.24290849673202616,glob_probe,ad_probe,0.0,0.010708061002178693,464,1530
climate-fever,5,5,False,38,2038264,True,2.6417400609244623,2.2805405075437544,0.23924836601307187,0.3546840958605665,0.3451633986928105,0.19185185185185183,0.23234204793028324,0.3546840958605665,0.3546840958605665,0.3546840958605665,glob_probe,glob_probe,0.0,0.006906318082788632,449,1530
climate-fever,5,5,False,39,2039264,True,2.2127259407287663,2.2805405075437544,0.230479302832244,0.3538017429193899,0.3440631808278868,0.19096949891067536,0.23124183006535945,0.3538017429193899,0.3538017429193899,0.230479302832244,glob_probe,ad_probe,0.0,0.0007625272331154564,479,1530
climate-fever,5,5,False,40,2040264,True,1.7115833829341593,2.2805405075437544,0.22016339869281043,0.3543790849673203,0.344640522875817,0.1918954248366013,0.23260348583877996,0.3543790849673203,0.3543790849673203,0.3543790849673203,glob_probe,glob_probe,0.0,0.01244008714596953,493,1530
climate-fever,5,5,False,41,2041264,True,3.1082100197548805,2.2805405075437544,0.24712418300653596,0.3548910675381264,0.3449891067538126,0.19178649237472767,0.2324945533769063,0.3548910675381264,0.3449891067538126,0.3548910675381264,trunc,glob_probe,0.009901960784313768,0.014629629629629659,482,1530
climate-fever,5,5,False,42,2042264,True,3.1824901860727954,2.2805405075437544,0.24805010893246188,0.35456427015250547,0.34482570806100216,0.19211328976034855,0.23282135076252725,0.35456427015250547,0.35456427015250547,0.35456427015250547,glob_probe,glob_probe,0.0,0.01522875816993463,472,1530
climate-fever,5,5,False,43,2043264,True,3.1835222441480897,2.2805405075437544,0.24734204793028322,0.3542919389978213,0.34455337690631804,0.19162309368191718,0.2321132897603486,0.3542919389978213,0.3542919389978213,0.3542919389978213,glob_probe,glob_probe,0.0,0.01522875816993463,497,1530
climate-fever,5,5,False,44,2044264,True,3.3209622048618903,2.2805405075437544,0.24962962962962965,0.3546187363834422,0.34474945533769064,0.19178649237472764,0.23249455337690633,0.3546187363834422,0.34474945533769064,0.3546187363834422,trunc,glob_probe,0.009869281045751577,0.017135076252723314,496,1530
climate-fever,5,5,False,45,2045264,True,2.564028196067121,2.2805405075437544,0.23632897603485836,0.3541830065359477,0.34444444444444444,0.1913507625272331,0.23205882352941173,0.3541830065359477,0.3541830065359477,0.3541830065359477,glob_probe,glob_probe,0.0,0.004270152505446628,501,1530
climate-fever,5,5,False,46,2046264,True,1.9240705701288627,2.2805405075437544,0.22532679738562092,0.35445533769063176,0.3447167755991285,0.19211328976034858,0.23282135076252722,0.35445533769063176,0.35445533769063176,0.35445533769063176,glob_probe,glob_probe,0.0,0.007494553376906299,470,1530
climate-fever,5,5,False,47,2047264,True,2.768356175955536,2.2805405075437544,0.2403812636165577,0.35403050108932466,0.34429193899782135,0.19165577342047926,0.23214596949891064,0.35403050108932466,0.35403050108932466,0.35403050108932466,glob_probe,glob_probe,0.0,0.008235294117647063,465,1530
climate-fever,5,5,False,48,2048264,True,3.2721935596184673,2.2805405075437544,0.24857298474945533,0.3543790849673203,0.34464052287581703,0.19176470588235292,0.23225490196078433,0.3543790849673203,0.3543790849673203,0.3543790849673203,glob_probe,glob_probe,0.0,0.016318082788671,507,1530
climate-fever,5,5,False,49,2049264,True,2.8852105583998893,2.2805405075437544,0.24282135076252723,0.35445533769063176,0.3447167755991285,0.1914052287581699,0.2321132897603486,0.35445533769063176,0.35445533769063176,0.35445533769063176,glob_probe,glob_probe,0.0,0.010708061002178637,456,1530
climate-fever,10,10,False,0,821,True,1.9804223597127533,2.2805405075437544,0.22557377049180327,0.35381420765027316,0.3445901639344262,0.1915956284153005,0.23227322404371586,0.35381420765027316,0.35381420765027316,0.35381420765027316,glob_probe,glob_probe,0.0,0.006699453551912593,889,1525
climate-fever,10,10,False,1,1821,True,1.7398939564522662,2.2805405075437544,0.2194098360655738,0.35359562841530057,0.3438251366120218,0.19050273224043715,0.23134426229508193,0.35359562841530057,0.35359562841530057,0.35359562841530057,glob_probe,glob_probe,0.0,0.011934426229508133,952,1525
climate-fever,10,10,False,2,2821,True,2.4846745631176734,2.2805405075437544,0.2348415300546448,0.35363934426229504,0.3438688524590164,0.19086338797814206,0.2317049180327869,0.35363934426229504,0.35363934426229504,0.35363934426229504,glob_probe,glob_probe,0.0,0.003136612021857915,917,1525
climate-fever,10,10,False,3,3821,True,2.189275880265527,2.2805405075437544,0.23097267759562842,0.3542295081967213,0.3446229508196721,0.19195628415300547,0.23263387978142075,0.3542295081967213,0.3542295081967213,0.3542295081967213,glob_probe,glob_probe,0.0,0.0016612021857923265,922,1525
climate-fever,10,10,False,4,4821,True,1.7412550739096684,2.2805405075437544,0.22034972677595627,0.35381420765027316,0.34404371584699456,0.19127868852459015,0.23179234972677595,0.35381420765027316,0.35381420765027316,0.35381420765027316,glob_probe,glob_probe,0.0,0.011442622950819686,897,1525
climate-fever,10,10,False,5,5821,True,3.125649489859229,2.2805405075437544,0.24703825136612023,0.35480874316939887,0.34454644808743173,0.19146448087431692,0.23214207650273222,0.35480874316939887,0.34454644808743173,0.35480874316939887,trunc,glob_probe,0.010262295081967132,0.014896174863388012,928,1525
climate-fever,10,10,False,6,6821,True,2.7294280878434387,2.2805405075437544,0.23993442622950817,0.3541420765027323,0.3445355191256831,0.19088524590163933,0.23150819672131148,0.3541420765027323,0.3541420765027323,0.3541420765027323,glob_probe,glob_probe,0.0,0.008426229508196686,969,1525
climate-fever,10,10,False,7,7821,True,2.300584531953547,2.2805405075437544,0.2320218579234973,0.3541967213114754,0.34475409836065574,0.19104918032786886,0.23189071038251366,0.3541967213114754,0.3541967213114754,0.3541967213114754,glob_probe,glob_probe,0.0,0.0001311475409836449,945,1525
climate-fever,10,10,False,8,8821,True,2.3808315750861624,2.2805405075437544,0.23279781420765025,0.35407650273224045,0.3445245901639344,0.19195628415300547,0.23179234972677595,0.35407650273224045,0.35407650273224045,0.35407650273224045,glob_probe,glob_probe,0.0,0.0010054644808742963,977,1525
climate-fever,10,10,False,9,9821,True,2.348748716635186,2.2805405075437544,0.23267759562841528,0.35463387978142075,0.34486338797814203,0.19137704918032789,0.23221857923497266,0.35463387978142075,0.35463387978142075,0.35463387978142075,glob_probe,glob_probe,0.0,0.00045901639344261835,914,1525
climate-fever,10,10,False,10,10821,True,2.952118428944577,2.2805405075437544,0.2440655737704918,0.354327868852459,0.3445573770491804,0.1922841530054645,0.23279781420765025,0.354327868852459,0.354327868852459,0.354327868852459,glob_probe,glob_probe,0.0,0.01126775956284154,978,1525
climate-fever,10,10,False,11,11821,True,2.0522374321245955,2.2805405075437544,0.22740983606557374,0.35318032786885245,0.3434098360655738,0.1906448087431694,0.2313551912568306,0.35318032786885245,0.35318032786885245,0.35318032786885245,glob_probe,glob_probe,0.0,0.003945355191256855,917,1525
climate-fever,10,10,False,12,12821,True,1.752433308720187,2.2805405075437544,0.22030601092896177,0.3527213114754099,0.3427868852459016,0.1912677595628415,0.23161748633879783,0.3527213114754099,0.3427868852459016,0.3527213114754099,trunc,glob_probe,0.009934426229508297,0.01131147540983607,903,1525
climate-fever,10,10,False,13,13821,True,2.370350979562655,2.2805405075437544,0.23278688524590163,0.35463387978142075,0.34486338797814203,0.19143169398907103,0.23210928961748636,0.35463387978142075,0.35463387978142075,0.35463387978142075,glob_probe,glob_probe,0.0,0.0006775956284152673,923,1525
climate-fever,10,10,False,14,14821,True,1.841297975040395,2.2805405075437544,0.2240983606557377,0.3541967213114754,0.34442622950819674,0.19208743169398904,0.2323825136612022,0.3541967213114754,0.3541967213114754,0.3541967213114754,glob_probe,glob_probe,0.0,0.008284153005464479,941,1525
climate-fever,10,10,False,15,15821,True,3.1437087696692565,2.2805405075437544,0.24720218579234973,0.354448087431694,0.3446775956284153,0.19151912568306007,0.23214207650273222,0.354448087431694,0.354448087431694,0.354448087431694,glob_probe,glob_probe,0.0,0.015060109289617513,956,1525
climate-fever,10,10,False,16,16821,True,2.775225150800229,2.2805405075437544,0.2410601092896175,0.35464480874316934,0.344655737704918,0.19179234972677592,0.23263387978142075,0.35464480874316934,0.344655737704918,0.35464480874316934,trunc,glob_probe,0.009989071038251363,0.008426229508196742,965,1525
climate-fever,10,10,False,17,17821,True,2.4482001028018354,2.2805405075437544,0.23322404371584696,0.3533224043715847,0.3435519125683061,0.19033879781420765,0.2309617486338798,0.3533224043715847,0.3533224043715847,0.3533224043715847,glob_probe,glob_probe,0.0,0.002262295081967153,870,1525
climate-fever,10,10,False,18,18821,True,2.539375836287476,2.2805405075437544,0.23579234972677596,0.35425136612021857,0.34448087431693986,0.19175956284153,0.23189071038251366,0.35425136612021857,0.35425136612021857,0.35425136612021857,glob_probe,glob_probe,0.0,0.0039016393442622976,961,1525
climate-fever,10,10,False,19,19821,True,1.3728706120314491,2.2805405075437544,0.20687431693989072,0.35326775956284157,0.3437158469945355,0.19033879781420765,0.23052459016393442,0.35326775956284157,0.35326775956284157,0.35326775956284157,glob_probe,glob_probe,0.0,0.0236502732240437,957,1525
climate-fever,10,10,False,20,20821,True,2.5091262878100222,2.2805405075437544,0.23396721311475407,0.35301639344262287,0.3430273224043716,0.190775956284153,0.23083060109289616,0.35301639344262287,0.3430273224043716,0.35301639344262287,trunc,glob_probe,0.009989071038251252,0.003136612021857915,902,1525
climate-fever,10,10,False,21,21821,True,2.3596891219887883,2.2805405075437544,0.23306010928961746,0.3547431693989071,0.3451912568306011,0.19154098360655739,0.2323825136612022,0.3547431693989071,0.3547431693989071,0.3547431693989071,glob_probe,glob_probe,0.0,0.0006775956284152673,877,1525
climate-fever,10,10,False,22,22821,True,3.0157835088835765,2.2805405075437544,0.24556284153005462,0.3548087431693989,0.3445136612021858,0.19244808743169395,0.23263387978142075,0.3548087431693989,0.3445136612021858,0.3548087431693989,trunc,glob_probe,0.010295081967213127,0.012928961748633866,962,1525
climate-fever,10,10,False,23,23821,True,2.720813990798434,2.2805405075437544,0.24084153005464481,0.35483060109289616,0.34522404371584703,0.19173770491803277,0.2324153005464481,0.35483060109289616,0.35483060109289616,0.35483060109289616,glob_probe,glob_probe,0.0,0.008426229508196714,975,1525
climate-fever,10,10,False,24,24821,True,2.6087614150634066,2.2805405075437544,0.23770491803278687,0.3545245901639344,0.34453551912568303,0.19115846994535518,0.23156284153005463,0.3545245901639344,0.34453551912568303,0.23770491803278687,trunc,ad_probe,0.009989071038251363,0.006142076502732241,960,1525
climate-fever,10,10,False,25,25821,True,2.258238783800018,2.2805405075437544,0.23205464480874316,0.3544699453551912,0.34486338797814203,0.19208743169398904,0.23205464480874316,0.3544699453551912,0.3544699453551912,0.3544699453551912,glob_probe,glob_probe,0.0,0.0,912,1525
climate-fever,10,10,False,26,26821,True,1.5429062895650478,2.2805405075437544,0.21463387978142073,0.35370491803278686,0.3437158469945355,0.19012021857923495,0.2309617486338798,0.35370491803278686,0.3437158469945355,0.35370491803278686,trunc,glob_probe,0.009989071038251363,0.01632786885245907,933,1525
climate-fever,10,10,False,27,27821,True,2.5862495909375456,2.2805405075437544,0.2378142076502732,0.3539781420765027,0.34442622950819674,0.19208743169398904,0.232327868852459,0.3539781420765027,0.3539781420765027,0.3539781420765027,glob_probe,glob_probe,0.0,0.005486338797814183,918,1525
climate-fever,10,10,False,28,28821,True,2.1392104825266793,2.2805405075437544,0.22794535519125683,0.3536612021857924,0.3438907103825137,0.18998907103825138,0.23069945355191257,0.3536612021857924,0.3536612021857924,0.22794535519125683,glob_probe,ad_probe,0.0,0.002754098360655738,983,1525
climate-fever,10,10,False,29,29821,True,2.1159019659630705,2.2805405075437544,0.22875409836065574,0.35425136612021857,0.34475409836065574,0.1916502732240437,0.23172677595628416,0.35425136612021857,0.35425136612021857,0.35425136612021857,glob_probe,glob_probe,0.0,0.0029726775956284146,980,1525
climate-fever,10,10,False,30,30821,True,2.7430175888135286,2.2805405075437544,0.2406775956284153,0.35390163934426233,0.34413114754098356,0.19173770491803277,0.23225136612021857,0.35390163934426233,0.35390163934426233,0.35390163934426233,glob_probe,glob_probe,0.0,0.008426229508196714,950,1525
climate-fever,10,10,False,31,31821,True,1.7202191647134584,2.2805405075437544,0.22033879781420765,0.3551256830601093,0.34557377049180327,0.19219672131147542,0.2326010928961749,0.3551256830601093,0.3551256830601093,0.3551256830601093,glob_probe,glob_probe,0.0,0.012262295081967245,895,1525
climate-fever,10,10,False,32,32821,True,3.024983420449511,2.2805405075437544,0.24607650273224047,0.35512568306010933,0.3453551912568307,0.19230601092896174,0.23314754098360657,0.35512568306010933,0.35512568306010933,0.35512568306010933,glob_probe,glob_probe,0.0,0.012928961748633894,965,1525
climate-fever,10,10,False,33,33821,True,3.3073746776015485,2.2805405075437544,0.24924590163934426,0.3544699453551912,0.3454098360655738,0.19186885245901636,0.2325464480874317,0.3544699453551912,0.3544699453551912,0.3544699453551912,glob_probe,glob_probe,0.0,0.016699453551912574,958,1525
climate-fever,10,10,False,34,34821,True,1.9218963286422766,2.2805405075437544,0.22398907103825136,0.35354098360655745,0.3444808743169399,0.19083060109289615,0.23128961748633878,0.35354098360655745,0.35354098360655745,0.35354098360655745,glob_probe,glob_probe,0.0,0.007300546448087419,863,1525
climate-fever,10,10,False,35,35821,True,1.9636885140797462,2.2805405075437544,0.2244808743169399,0.35348633879781416,0.3439344262295082,0.19033879781420765,0.23118032786885245,0.35348633879781416,0.35348633879781416,0.35348633879781416,glob_probe,glob_probe,0.0,0.006699453551912565,904,1525
climate-fever,10,10,False,36,36821,True,2.180973077560853,2.2805405075437544,0.22962841530054645,0.35403278688524586,0.3442076502732241,0.1909398907103825,0.23145355191256833,0.35403278688524586,0.3442076502732241,0.35403278688524586,trunc,glob_probe,0.009825136612021779,0.0018251366120218826,909,1525
climate-fever,10,10,False,37,37821,True,2.506071012496072,2.2805405075437544,0.2360655737704918,0.3541420765027323,0.3445901639344262,0.19208743169398904,0.2329289617486339,0.3541420765027323,0.3541420765027323,0.3541420765027323,glob_probe,glob_probe,0.0,0.003136612021857915,922,1525
climate-fever,10,10,False,38,38821,True,2.7765352098208007,2.2805405075437544,0.2410928961748634,0.35514754098360657,0.3455956284153005,0.19195628415300545,0.23279781420765025,0.35514754098360657,0.35514754098360657,0.35514754098360657,glob_probe,glob_probe,0.0,0.008295081967213153,965,1525
climate-fever,10,10,False,39,39821,True,3.540658591903587,2.2805405075437544,0.2514754098360656,0.35390163934426233,0.3442622950819672,0.1914863387978142,0.23145355191256828,0.35390163934426233,0.35390163934426233,0.35390163934426233,glob_probe,glob_probe,0.0,0.02002185792349731,942,1525
climate-fever,10,10,False,40,40821,True,2.219977104196043,2.2805405075437544,0.2317814207650273,0.3546885245901639,0.34513661202185797,0.19132240437158468,0.23216393442622948,0.3546885245901639,0.3546885245901639,0.3546885245901639,glob_probe,glob_probe,0.0,0.00038251366120217734,950,1525
climate-fever,10,10,False,41,41821,True,2.3602649971226763,2.2805405075437544,0.23278688524590163,0.35425136612021857,0.34464480874316933,0.1914863387978142,0.23210928961748636,0.35425136612021857,0.35425136612021857,0.35425136612021857,glob_probe,glob_probe,0.0,0.0006775956284152673,926,1525
climate-fever,10,10,False,42,42821,True,3.2410545867377687,2.2805405075437544,0.24787978142076503,0.35448087431693986,0.3447978142076502,0.19203278688524592,0.2327103825136612,0.35448087431693986,0.35448087431693986,0.35448087431693986,glob_probe,glob_probe,0.0,0.015169398907103837,919,1525
climate-fever,10,10,False,43,43821,True,2.671091356504733,2.2805405075437544,0.240207650273224,0.3555081967213114,0.3457377049180328,0.19208743169398904,0.2325464480874317,0.3555081967213114,0.3555081967213114,0.240207650273224,glob_probe,ad_probe,0.0,0.007661202185792304,969,1525
climate-fever,10,10,False,44,44821,True,2.4144623417715176,2.2805405075437544,0.23336612021857922,0.35448087431693986,0.34471038251366126,0.19146448087431694,0.23165027322404372,0.35448087431693986,0.35448087431693986,0.35448087431693986,glob_probe,glob_probe,0.0,0.0017158469945355026,938,1525
climate-fever,10,10,False,45,45821,True,1.3667743421321354,2.2805405075437544,0.20718032786885246,0.35354098360655734,0.3437704918032787,0.19050273224043715,0.23079781420765025,0.35354098360655734,0.35354098360655734,0.35354098360655734,glob_probe,glob_probe,0.0,0.02361748633879779,944,1525
climate-fever,10,10,False,46,46821,True,2.6971667122111884,2.2805405075437544,0.23873224043715846,0.3532131147540983,0.3439344262295082,0.19137704918032789,0.23107103825136613,0.3532131147540983,0.3532131147540983,0.3532131147540983,glob_probe,glob_probe,0.0,0.007661202185792332,877,1525
climate-fever,10,10,False,47,47821,True,1.8581397900963343,2.2805405075437544,0.22464480874316936,0.3545792349726776,0.34464480874316933,0.19208743169398904,0.2327103825136612,0.3545792349726776,0.34464480874316933,0.3545792349726776,trunc,glob_probe,0.009934426229508297,0.00806557377049183,929,1525
climate-fever,10,10,False,48,48821,True,1.8846489862477414,2.2805405075437544,0.22519125683060107,0.35532240437158463,0.3457704918032787,0.1924153005464481,0.23325683060109292,0.35532240437158463,0.35532240437158463,0.35532240437158463,glob_probe,glob_probe,0.0,0.008065573770491857,965,1525
climate-fever,10,10,False,49,49821,True,2.481941764504681,2.2805405075437544,0.23568306010928963,0.35463387978142075,0.34486338797814214,0.19170491803278686,0.2325464480874317,0.35463387978142075,0.35463387978142075,0.35463387978142075,glob_probe,glob_probe,0.0,0.003136612021857943,953,1525
climate-fever,20,20,False,0,2200249,True,2.443623918298882,2.2805405075437544,0.2349064906490649,0.3532233223322332,0.34398239823982396,0.19217821782178215,0.23262926292629263,0.3532233223322332,0.3532233223322332,0.3532233223322332,glob_probe,glob_probe,0.0,0.0022772277227722793,1856,1515
climate-fever,20,20,False,1,2201249,True,1.839116900606074,2.2805405075437544,0.22244224422442244,0.3526072607260726,0.34315731573157315,0.19044004400440043,0.231001100110011,0.3526072607260726,0.3526072607260726,0.3526072607260726,glob_probe,glob_probe,0.0,0.008558855885588551,1757,1515
climate-fever,20,20,False,2,2202249,True,1.6531574393794446,2.2805405075437544,0.2158305830583058,0.35220022002200213,0.34227722772277225,0.18981298129812976,0.22982398239823984,0.35220022002200213,0.34227722772277225,0.35220022002200213,trunc,glob_probe,0.009922992299229882,0.013993399339934043,1857,1515
climate-fever,20,20,False,3,2203249,True,2.375189935796773,2.2805405075437544,0.2321342134213421,0.35444444444444445,0.3446864686468647,0.1907260726072607,0.23145214521452143,0.35444444444444445,0.35444444444444445,0.35444444444444445,glob_probe,glob_probe,0.0,0.0006820682068206796,1908,1515
climate-fever,20,20,False,4,2204249,True,2.4621469612232203,2.2805405075437544,0.2354235423542354,0.35488448844884485,0.3453795379537954,0.19220022002200216,0.2325962596259626,0.35488448844884485,0.35488448844884485,0.35488448844884485,glob_probe,glob_probe,0.0,0.0028272827282728175,1878,1515
climate-fever,20,20,False,5,2205249,True,2.01670889389255,2.2805405075437544,0.22722772277227724,0.35389438943894386,0.3438393839383939,0.19159515951595157,0.2321562156215622,0.35389438943894386,0.3438393839383939,0.35389438943894386,trunc,glob_probe,0.01005500550054994,0.0049284928492849545,1904,1515
climate-fever,20,20,False,6,2206249,True,1.894859254422589,2.2805405075437544,0.22304730473047302,0.35301430143014295,0.3427942794279428,0.19115511551155118,0.2311661166116612,0.35301430143014295,0.3427942794279428,0.35301430143014295,trunc,glob_probe,0.010220022002200124,0.008118811881188182,1871,1515
climate-fever,20,20,False,7,2207249,True,2.327133610591135,2.2805405075437544,0.23134213421342134,0.3527942794279428,0.3434763476347635,0.19078107810781075,0.23104510451045102,0.3527942794279428,0.3527942794279428,0.3527942794279428,glob_probe,glob_probe,0.0,0.00029702970297032505,1819,1515
climate-fever,20,20,False,8,2208249,True,2.269074161996294,2.2805405075437544,0.2321012101210121,0.35453245324532456,0.34425742574257423,0.19165016501650162,0.2321012101210121,0.35453245324532456,0.34425742574257423,0.35453245324532456,trunc,glob_probe,0.010275027502750333,0.0,1870,1515
climate-fever,20,20,False,9,2209249,True,2.9739137080621028,2.2805405075437544,0.24544554455445547,0.35449944994499444,0.3452145214521452,0.19302530253025302,0.23292629262926293,0.35449944994499444,0.35449944994499444,0.35449944994499444,glob_probe,glob_probe,0.0,0.012519251925192543,1880,1515
climate-fever,20,20,False,10,2210249,True,1.9147201684330357,2.2805405075437544,0.22594059405940592,0.3557425742574258,0.3461276127612761,0.19256325632563254,0.2335093509350935,0.3557425742574258,0.3557425742574258,0.3557425742574258,glob_probe,glob_probe,0.0,0.007568756875687588,1886,1515
climate-fever,20,20,False,11,2211249,True,2.4620877059574307,2.2805405075437544,0.23606160616061606,0.3552915291529153,0.34628162816281627,0.19228822882288224,0.23323432343234324,0.3552915291529153,0.3552915291529153,0.3552915291529153,glob_probe,glob_probe,0.0,0.0028272827282728175,1857,1515
climate-fever,20,20,False,12,2212249,True,1.9378548908864073,2.2805405075437544,0.22425742574257426,0.35361936193619364,0.3443344334433444,0.19093509350935092,0.2316061606160616,0.35361936193619364,0.35361936193619364,0.35361936193619364,glob_probe,glob_probe,0.0,0.007348734873487334,1820,1515
climate-fever,20,20,False,13,2213249,True,2.274133053389663,2.2805405075437544,0.23314631463146315,0.35447744774477447,0.3453025302530253,0.19220022002200216,0.23314631463146315,0.35447744774477447,0.35447744774477447,0.35447744774477447,glob_probe,glob_probe,0.0,0.0,1819,1515
climate-fever,20,20,False,14,2214249,True,1.884474403888483,2.2805405075437544,0.22332233223322331,0.3522992299229923,0.3430693069306931,0.19121012101210122,0.23144114411441144,0.3522992299229923,0.3522992299229923,0.3522992299229923,glob_probe,glob_probe,0.0,0.008118811881188126,1917,1515
climate-fever,20,20,False,15,2215249,True,2.6944920223432973,2.2805405075437544,0.24113311331133114,0.3552255225522552,0.3452255225522552,0.1926952695269527,0.23342134213421342,0.3552255225522552,0.3452255225522552,0.3552255225522552,trunc,glob_probe,0.010000000000000009,0.0077117711771177155,1908,1515
climate-fever,20,20,False,16,2216249,True,1.9949993813497149,2.2805405075437544,0.22695269526952697,0.35488448844884485,0.34449944994499454,0.19214521452145217,0.23265126512651266,0.35488448844884485,0.34449944994499454,0.35488448844884485,trunc,glob_probe,0.010385038503850308,0.005698569856985691,1833,1515
climate-fever,20,20,False,17,2217249,True,2.806671014769552,2.2805405075437544,0.24174917491749176,0.35624862486248626,0.3456985698569857,0.1924862486248625,0.2329372937293729,0.35624862486248626,0.3456985698569857,0.35624862486248626,trunc,glob_probe,0.010550055005500547,0.008811881188118847,1893,1515
climate-fever,20,20,False,18,2218249,True,2.310973420694419,2.2805405075437544,0.23228822882288228,0.35378437843784377,0.3443344334433443,0.19198019801980198,0.23199119911991198,0.35378437843784377,0.35378437843784377,0.35378437843784377,glob_probe,glob_probe,0.0,0.0002970297029702973,1869,1515
climate-fever,20,20,False,19,2219249,True,2.6166118216301903,2.2805405075437544,0.238008800880088,0.35407040704070414,0.344015401540154,0.19159515951595157,0.231991199119912,0.35407040704070414,0.344015401540154,0.35407040704070414,trunc,glob_probe,0.010055005500550163,0.006017601760175989,1853,1515
climate-fever,20,20,False,20,2220249,True,2.011258380787512,2.2805405075437544,0.225995599559956,0.3538063806380638,0.34366336633663364,0.1909130913091309,0.23108910891089107,0.3538063806380638,0.34366336633663364,0.3538063806380638,trunc,glob_probe,0.010143014301430164,0.005093509350935083,1855,1515
climate-fever,20,20,False,21,2221249,True,2.0912548502777133,2.2805405075437544,0.22958195819581953,0.35504950495049503,0.3445544554455445,0.1919251925192519,0.2327062706270627,0.35504950495049503,0.3445544554455445,0.35504950495049503,trunc,glob_probe,0.010495049504950504,0.0031243124312431703,1891,1515
climate-fever,20,20,False,22,2222249,True,2.0081280866088846,2.2805405075437544,0.22524752475247525,0.353971397139714,0.3442684268426842,0.19027502750275027,0.2311661166116612,0.353971397139714,0.353971397139714,0.353971397139714,glob_probe,glob_probe,0.0,0.0059185918591859454,1786,1515
climate-fever,20,20,False,23,2223249,True,2.495943038002653,2.2805405075437544,0.23511551155115512,0.3546314631463146,0.34501650165016506,0.19178217821782176,0.23195819581958194,0.3546314631463146,0.3546314631463146,0.3546314631463146,glob_probe,glob_probe,0.0,0.003157315731573185,1825,1515
climate-fever,20,20,False,24,2224249,True,2.3378899231297914,2.2805405075437544,0.23311331133113314,0.35526952695269526,0.3458745874587459,0.19236523652365234,0.23265126512651266,0.35526952695269526,0.35526952695269526,0.35526952695269526,glob_probe,glob_probe,0.0,0.00046204620462048096,1847,1515
climate-fever,20,20,False,25,2225249,True,2.1924989108741917,2.2805405075437544,0.23051705170517053,0.35357535753575364,0.3438723872387239,0.19124312431243126,0.23235423542354233,0.35357535753575364,0.35357535753575364,0.35357535753575364,glob_probe,glob_probe,0.0,0.0018371837183717987,1913,1515
climate-fever,20,20,False,26,2226249,True,2.5279681703699173,2.2805405075437544,0.2374037403740374,0.3559845984598459,0.34647964796479647,0.19258525852585257,0.23347634763476346,0.3559845984598459,0.3559845984598459,0.3559845984598459,glob_probe,glob_probe,0.0,0.003927392739273922,1853,1515
climate-fever,20,20,False,27,2227249,True,2.636060940399204,2.2805405075437544,0.23971397139713974,0.3546974697469747,0.34464246424642464,0.19162816281628162,0.23273927392739274,0.3546974697469747,0.34464246424642464,0.3546974697469747,trunc,glob_probe,0.010055005500550052,0.006974697469746993,1873,1515
climate-fever,20,20,False,28,2228249,True,2.7290630307276,2.2805405075437544,0.24069306930693068,0.35498349834983495,0.3451485148514851,0.19132013201320133,0.23221122112211218,0.35498349834983495,0.35498349834983495,0.35498349834983495,glob_probe,glob_probe,0.0,0.008481848184818508,1886,1515
climate-fever,20,20,False,29,2229249,True,2.8948186707710946,2.2805405075437544,0.2422112211221122,0.35369636963696366,0.3438283828382838,0.1907260726072607,0.23139713971397138,0.35369636963696366,0.3438283828382838,0.35369636963696366,trunc,glob_probe,0.00986798679867984,0.01081408140814083,1973,1515
climate-fever,20,20,False,30,2230249,True,2.9220783653988787,2.2805405075437544,0.24368536853685369,0.35521452145214527,0.3455995599559956,0.19209020902090207,0.232981298129813,0.35521452145214527,0.35521452145214527,0.35521452145214527,glob_probe,glob_probe,0.0,0.010704070407040689,1845,1515
climate-fever,20,20,False,31,2231249,True,2.5201202126381403,2.2805405075437544,0.23529152915291532,0.3538283828382838,0.3443234323432343,0.19118811881188116,0.23207920792079206,0.3538283828382838,0.3538283828382838,0.3538283828382838,glob_probe,glob_probe,0.0,0.0032123212321232553,1800,1515
climate-fever,20,20,False,32,2232249,True,2.2455026196714067,2.2805405075437544,0.23114411441144114,0.35432343234323427,0.3447084708470847,0.19118811881188122,0.23136413641364134,0.35432343234323427,0.35432343234323427,0.35432343234323427,glob_probe,glob_probe,0.0,0.00022002200220019863,1837,1515
climate-fever,20,20,False,33,2233249,True,2.0072034307141404,2.2805405075437544,0.22700770077007698,0.3546974697469747,0.3446974697469746,0.1925302530253025,0.23292629262926293,0.3546974697469747,0.3446974697469746,0.3546974697469747,trunc,glob_probe,0.010000000000000064,0.0059185918591859454,1834,1515
climate-fever,20,20,False,34,2234249,True,2.123949520682249,2.2805405075437544,0.2285038503850385,0.35394939493949396,0.3443344334433443,0.19038503850385038,0.2314961496149615,0.35394939493949396,0.35394939493949396,0.35394939493949396,glob_probe,glob_probe,0.0,0.002992299229923001,1813,1515
climate-fever,20,20,False,35,2235249,True,2.19919164049859,2.2805405075437544,0.22905390539053905,0.35400440044004394,0.343949394939494,0.18977997799779978,0.2306710671067107,0.35400440044004394,0.343949394939494,0.35400440044004394,trunc,glob_probe,0.01005500550054994,0.0016171617161716556,1860,1515
climate-fever,20,20,False,36,2236249,True,2.201866258355825,2.2805405075437544,0.2292189218921892,0.35224422442244224,0.3428492849284928,0.1895049504950495,0.2306160616061606,0.35224422442244224,0.35224422442244224,0.35224422442244224,glob_probe,glob_probe,0.0,0.0013971397139714015,1834,1515
climate-fever,20,20,False,37,2237249,True,2.6395774061558996,2.2805405075437544,0.2396259625962596,0.35400440044004394,0.3446644664466446,0.1924202420242024,0.2326512651265126,0.35400440044004394,0.35400440044004394,0.35400440044004394,glob_probe,glob_probe,0.0,0.006974697469746993,1861,1515
climate-fever,20,20,False,38,2238249,True,2.782757444148854,2.2805405075437544,0.24108910891089108,0.3555885588558856,0.34591859185918594,0.19195819581958196,0.23273927392739274,0.3555885588558856,0.34591859185918594,0.3555885588558856,trunc,glob_probe,0.009669966996699642,0.008349834983498339,1855,1515
climate-fever,20,20,False,39,2239249,True,2.573360752250749,2.2805405075437544,0.23690869086908692,0.35499449944994493,0.345027502750275,0.192035203520352,0.23226622662266225,0.35499449944994493,0.345027502750275,0.35499449944994493,trunc,glob_probe,0.009966996699669939,0.004642464246424671,1941,1515
climate-fever,20,20,False,40,2240249,True,1.7705535384549047,2.2805405075437544,0.2205060506050605,0.35350935093509345,0.3437293729372937,0.19001100110011002,0.2309020902090209,0.35350935093509345,0.35350935093509345,0.35350935093509345,glob_probe,glob_probe,0.0,0.010396039603960378,1815,1515
climate-fever,20,20,False,41,2241249,True,2.403237136965119,2.2805405075437544,0.23305830583058304,0.35434543454345435,0.34497249724972495,0.1908250825082508,0.23149614961496148,0.35434543454345435,0.35434543454345435,0.35434543454345435,glob_probe,glob_probe,0.0,0.0015621562156215574,1878,1515
climate-fever,20,20,False,42,2242249,True,2.0405968372676457,2.2805405075437544,0.2281848184818482,0.3541694169416941,0.3443344334433444,0.1923102310231023,0.23265126512651263,0.3541694169416941,0.3541694169416941,0.3541694169416941,glob_probe,glob_probe,0.0,0.004466446644664418,1853,1515
climate-fever,20,20,False,43,2243249,True,2.462121846327562,2.2805405075437544,0.23584158415841586,0.35525852585258527,0.3447634763476347,0.19212321232123208,0.233014301430143,0.35525852585258527,0.3447634763476347,0.35525852585258527,trunc,glob_probe,0.01049504950495056,0.002827282728272845,1882,1515
climate-fever,20,20,False,44,2244249,True,1.7061461818587687,2.2805405075437544,0.21909790979097907,0.35400440044004394,0.3445544554455445,0.19088008800880085,0.2316611661166117,0.35400440044004394,0.35400440044004394,0.35400440044004394,glob_probe,glob_probe,0.0,0.012563256325632627,1864,1515
climate-fever,20,20,False,45,2245249,True,2.262250237425505,2.2805405075437544,0.2315621562156216,0.35350935093509345,0.34364136413641355,0.19140814081408142,0.2315621562156216,0.35350935093509345,0.34364136413641355,0.35350935093509345,trunc,glob_probe,0.009867986798679895,0.0,1870,1515
climate-fever,20,20,False,46,2246249,True,2.296388589066047,2.2805405075437544,0.23204620462046205,0.3547304730473047,0.3447304730473047,0.1912431243124312,0.23191419141914194,0.3547304730473047,0.3447304730473047,0.3547304730473047,trunc,glob_probe,0.010000000000000009,0.00013201320132011363,1851,1515
climate-fever,20,20,False,47,2247249,True,2.138632548291123,2.2805405075437544,0.2282288228822882,0.3528492849284929,0.3433443344334433,0.1904950495049505,0.23045104510451045,0.3528492849284929,0.3528492849284929,0.3528492849284929,glob_probe,glob_probe,0.0,0.0022222222222222365,1789,1515
climate-fever,20,20,False,48,2248249,True,2.435690896075375,2.2805405075437544,0.23520352035203518,0.35548954895489543,0.3461496149614961,0.19236523652365234,0.23292629262926293,0.35548954895489543,0.35548954895489543,0.35548954895489543,glob_probe,glob_probe,0.0,0.0022772277227722515,1849,1515
climate-fever,20,20,False,49,2249249,True,2.34947482335229,2.2805405075437544,0.23331133113311334,0.3543124312431243,0.3449174917491749,0.19212321232123208,0.2326292629262926,0.3543124312431243,0.3543124312431243,0.3543124312431243,glob_probe,glob_probe,0.0,0.0006820682068207351,1867,1515
climate-fever,50,50,False,0,2300950,True,1.9857850311110412,2.2805405075437544,0.2248709315375982,0.35346801346801354,0.3441077441077441,0.19136924803591468,0.23124579124579123,0.35346801346801354,0.35346801346801354,0.35346801346801354,glob_probe,glob_probe,0.0,0.006374859708193015,4637,1485
climate-fever,50,50,False,1,2301950,True,2.179877653744979,2.2805405075437544,0.2314141414141414,0.3560606060606061,0.34608305274971946,0.19286195286195285,0.23306397306397303,0.3560606060606061,0.3560606060606061,0.3560606060606061,glob_probe,glob_probe,0.0,0.0016498316498316234,4711,1485
climate-fever,50,50,False,2,2302950,True,2.308861444583054,2.2805405075437544,0.23117845117845118,0.35299663299663303,0.343692480359147,0.19005611672278339,0.23087542087542084,0.35299663299663303,0.35299663299663303,0.35299663299663303,glob_probe,glob_probe,0.0,0.00030303030303033274,4742,1485
climate-fever,50,50,False,3,2303950,True,2.3115751293972764,2.2805405075437544,0.23316498316498316,0.3558361391694725,0.34677890011223345,0.19215488215488213,0.23286195286195283,0.3558361391694725,0.3558361391694725,0.3558361391694725,glob_probe,glob_probe,0.0,0.00030303030303033274,4746,1485
climate-fever,50,50,False,4,2304950,True,2.337967418252023,2.2805405075437544,0.23260381593714924,0.3548597081930415,0.34381593714927045,0.19127946127946124,0.23213243546576878,0.3548597081930415,0.34381593714927045,0.3548597081930415,trunc,glob_probe,0.011043771043771078,0.0004713804713804559,4693,1485
climate-fever,50,50,False,5,2305950,True,2.4924809183564935,2.2805405075437544,0.23557800224466893,0.3546240179573513,0.3442536475869809,0.190976430976431,0.2326936026936027,0.3546240179573513,0.3442536475869809,0.3546240179573513,trunc,glob_probe,0.010370370370370419,0.00288439955106623,4870,1485
climate-fever,50,50,False,6,2306950,True,2.1760625206527946,2.2805405075437544,0.22641975308641976,0.3514253647586981,0.34144781144781144,0.18861952861952863,0.22851851851851854,0.3514253647586981,0.3514253647586981,0.3514253647586981,glob_probe,glob_probe,0.0,0.002098765432098776,4764,1485
climate-fever,50,50,False,7,2307950,True,2.2385796164210365,2.2805405075437544,0.23069584736251406,0.3530078563411897,0.34277216610549943,0.19172839506172837,0.23092031425364756,0.3530078563411897,0.34277216610549943,0.3530078563411897,trunc,glob_probe,0.010235690235690265,0.00022446689113350682,4665,1485
climate-fever,50,50,False,8,2308950,True,2.786534945697814,2.2805405075437544,0.24417508417508418,0.3570258136924804,0.3470482603815937,0.19410774410774412,0.23531986531986526,0.3570258136924804,0.3570258136924804,0.3570258136924804,glob_probe,glob_probe,0.0,0.008855218855218921,4683,1485
climate-fever,50,50,False,9,2309950,True,2.2300549700640744,2.2805405075437544,0.23371492704826038,0.3558585858585859,0.3461054994388328,0.19272727272727272,0.23393939393939392,0.3558585858585859,0.3558585858585859,0.3558585858585859,glob_probe,glob_probe,0.0,0.00022446689113353457,4645,1485
climate-fever,50,50,False,10,2310950,True,2.8175284245962655,2.2805405075437544,0.24025813692480358,0.35334455667789005,0.3435129068462402,0.1899887766554433,0.23143658810325474,0.35334455667789005,0.35334455667789005,0.35334455667789005,glob_probe,glob_probe,0.0,0.008821548821548841,4655,1485
climate-fever,50,50,False,11,2311950,True,2.3184773255893028,2.2805405075437544,0.231638608305275,0.3535129068462402,0.34398428731762065,0.191324354657688,0.23133557800224464,0.3535129068462402,0.3535129068462402,0.3535129068462402,glob_probe,glob_probe,0.0,0.0003030303030303605,4761,1485
climate-fever,50,50,False,12,2312950,True,2.366729872399151,2.2805405075437544,0.23152637485970823,0.35418630751964086,0.34398428731762065,0.19057239057239056,0.23083052749719415,0.35418630751964086,0.34398428731762065,0.35418630751964086,trunc,glob_probe,0.010202020202020212,0.0006958473625140738,4771,1485
climate-fever,50,50,False,13,2313950,True,1.9998106469540393,2.2805405075437544,0.22545454545454544,0.3550056116722784,0.3452525252525253,0.1915712682379349,0.23171717171717174,0.3550056116722784,0.3550056116722784,0.3550056116722784,glob_probe,glob_probe,0.0,0.006262626262626303,4687,1485
climate-fever,50,50,False,14,2314950,True,2.1675605588764064,2.2805405075437544,0.22759820426487093,0.35287317620650954,0.3430078563411897,0.18898989898989899,0.23003367003367006,0.35287317620650954,0.35287317620650954,0.35287317620650954,glob_probe,glob_probe,0.0,0.0024354657687991332,4679,1485
climate-fever,50,50,False,15,2315950,True,2.1724168715852437,2.2805405075437544,0.2290909090909091,0.35364758698092036,0.3438383838383838,0.19042648709315377,0.2315263748597082,0.35364758698092036,0.35364758698092036,0.35364758698092036,glob_probe,glob_probe,0.0,0.0024354657687991055,4632,1485
climate-fever,50,50,False,16,2316950,True,2.4246479318484804,2.2805405075437544,0.23611672278338944,0.35684624017957356,0.3471492704826038,0.19316498316498315,0.23418630751964084,0.35684624017957356,0.35684624017957356,0.35684624017957356,glob_probe,glob_probe,0.0,0.0019304152637485972,4687,1485
climate-fever,50,50,False,17,2317950,True,2.1168876451513348,2.2805405075437544,0.2297306397306397,0.352716049382716,0.34358024691358025,0.19187429854096516,0.23255892255892258,0.352716049382716,0.352716049382716,0.352716049382716,glob_probe,glob_probe,0.0,0.0028282828282828743,4665,1485
climate-fever,50,50,False,18,2318950,True,2.185836825578151,2.2805405075437544,0.23225589225589224,0.35501683501683506,0.3451515151515151,0.19286195286195285,0.23390572390572392,0.35501683501683506,0.35501683501683506,0.35501683501683506,glob_probe,glob_probe,0.0,0.001649831649831679,4650,1485
climate-fever,50,50,False,19,2319950,True,2.336443702635802,2.2805405075437544,0.23271604938271603,0.35516273849607183,0.3452188552188552,0.19232323232323234,0.23224466891133558,0.35516273849607183,0.35516273849607183,0.35516273849607183,glob_probe,glob_probe,0.0,0.0004713804713804559,4683,1485
climate-fever,50,50,False,20,2320950,True,2.2578511339750538,2.2805405075437544,0.231672278338945,0.3537037037037037,0.34327721661054994,0.19076318742985407,0.231672278338945,0.3537037037037037,0.34327721661054994,0.3537037037037037,trunc,glob_probe,0.010426487093153747,0.0,4681,1485
climate-fever,50,50,False,21,2321950,True,2.3152706420088416,2.2805405075437544,0.23455667789001122,0.35317620650953985,0.3454657687991021,0.19292929292929292,0.23425364758698092,0.35317620650953985,0.35317620650953985,0.35317620650953985,glob_probe,glob_probe,0.0,0.000303030303030305,4615,1485
climate-fever,50,50,False,22,2322950,True,2.5911149589661937,2.2805405075437544,0.23858585858585857,0.3559595959595959,0.34665544332210996,0.19277216610549944,0.23351290684624018,0.3559595959595959,0.3559595959595959,0.3559595959595959,glob_probe,glob_probe,0.0,0.0050729517396183865,4765,1485
climate-fever,50,50,False,23,2323950,True,2.596276019379654,2.2805405075437544,0.23895622895622898,0.3550056116722783,0.34564534231200894,0.19230078563411895,0.23337822671156006,0.3550056116722783,0.3550056116722783,0.3550056116722783,glob_probe,glob_probe,0.0,0.005578002244668923,4782,1485
climate-fever,50,50,False,24,2324950,True,2.7628701630392984,2.2805405075437544,0.24200897867564533,0.35603815937149275,0.3456341189674523,0.19283950617283951,0.23335578002244667,0.35603815937149275,0.3456341189674523,0.35603815937149275,trunc,glob_probe,0.010404040404040471,0.008653198653198663,4763,1485
climate-fever,50,50,False,25,2325950,True,2.3639826792232492,2.2805405075437544,0.22942760942760937,0.3502020202020202,0.340729517396184,0.18888888888888888,0.22890011223344553,0.3502020202020202,0.3502020202020202,0.3502020202020202,glob_probe,glob_probe,0.0,0.0005274971941638396,4575,1485
climate-fever,50,50,False,26,2326950,True,2.455204016690476,2.2805405075437544,0.23446689113355781,0.3534006734006734,0.3444668911335578,0.19134680134680132,0.23214365881032548,0.3534006734006734,0.3534006734006734,0.3534006734006734,glob_probe,glob_probe,0.0,0.002323232323232338,4807,1485
climate-fever,50,50,False,27,2327950,True,2.6963183320119084,2.2805405075437544,0.23967452300785635,0.35540965207631875,0.3453759820426487,0.19084175084175084,0.23227833894500557,0.35540965207631875,0.3453759820426487,0.35540965207631875,trunc,glob_probe,0.010033670033670061,0.00739618406285078,4836,1485
climate-fever,50,50,False,28,2328950,True,2.3981649107563285,2.2805405075437544,0.23351290684624018,0.35589225589225587,0.3457463524130191,0.19076318742985407,0.23208754208754206,0.35589225589225587,0.3457463524130191,0.35589225589225587,trunc,glob_probe,0.010145903479236773,0.0014253647586981166,4694,1485
climate-fever,50,50,False,29,2329950,True,2.369280223371236,2.2805405075437544,0.23317620650953982,0.3548148148148148,0.34514029180695843,0.19154882154882158,0.23248035914702583,0.3548148148148148,0.3548148148148148,0.3548148148148148,glob_probe,glob_probe,0.0,0.0006958473625139905,4719,1485
climate-fever,50,50,False,30,2330950,True,2.367182023717808,2.2805405075437544,0.23399551066217733,0.3562962962962962,0.3457912457912458,0.1918855218855219,0.23329966329966328,0.3562962962962962,0.3457912457912458,0.3562962962962962,trunc,glob_probe,0.010505050505050406,0.000695847362514046,4517,1485
climate-fever,50,50,False,31,2331950,True,2.27362064871725,2.2805405075437544,0.23179573512906848,0.3546576879910214,0.3450953984287317,0.1908080808080808,0.23179573512906848,0.3546576879910214,0.3546576879910214,0.3546576879910214,glob_probe,glob_probe,0.0,0.0,4678,1485
climate-fever,50,50,False,32,2332950,True,2.448941181136509,2.2805405075437544,0.23470258136924801,0.3550392817059484,0.34517396184062854,0.1917732884399551,0.2323793490460157,0.3550392817059484,0.3550392817059484,0.3550392817059484,glob_probe,glob_probe,0.0,0.0023232323232323104,4661,1485
climate-fever,50,50,False,33,2333950,True,2.6215924912644133,2.2805405075437544,0.23872053872053872,0.35508417508417506,0.34599326599326596,0.19231200897867567,0.2320763187429854,0.35508417508417506,0.35508417508417506,0.35508417508417506,glob_probe,glob_probe,0.0,0.006644219977553323,4766,1485
climate-fever,50,50,False,34,2334950,True,2.2583534599348956,2.2805405075437544,0.2316273849607183,0.35313131313131313,0.3450056116722783,0.19159371492704824,0.2316273849607183,0.35313131313131313,0.35313131313131313,0.35313131313131313,glob_probe,glob_probe,0.0,0.0,4648,1485
climate-fever,50,50,False,35,2335950,True,1.9421453672757598,2.2805405075437544,0.2227833894500561,0.3528507295173962,0.3429292929292929,0.18946127946127947,0.2300561167227834,0.3528507295173962,0.3528507295173962,0.3528507295173962,glob_probe,glob_probe,0.0,0.007272727272727292,4588,1485
climate-fever,50,50,False,36,2336950,True,1.896732195014474,2.2805405075437544,0.22160493827160493,0.3511784511784512,0.34204264870931544,0.18906846240179573,0.22988776655443321,0.3511784511784512,0.3511784511784512,0.3511784511784512,glob_probe,glob_probe,0.0,0.00828282828282828,4625,1485
climate-fever,50,50,False,37,2337950,True,2.1786440646335548,2.2805405075437544,0.2292929292929293,0.35341189674523005,0.3440740740740741,0.19096520763187427,0.23116722783389448,0.35341189674523005,0.35341189674523005,0.35341189674523005,glob_probe,glob_probe,0.0,0.0018742985409651858,4664,1485
climate-fever,50,50,False,38,2338950,True,2.495466829861545,2.2805405075437544,0.23684624017957354,0.35687991021324356,0.3466778900112233,0.19252525252525252,0.23379349046015716,0.35687991021324356,0.3466778900112233,0.35687991021324356,trunc,glob_probe,0.010202020202020268,0.003052749719416381,4730,1485
climate-fever,50,50,False,39,2339950,True,2.2330376448320206,2.2805405075437544,0.23184062850729514,0.3546015712682379,0.3456902356902356,0.1923905723905724,0.23206509539842873,0.3546015712682379,0.3546015712682379,0.3546015712682379,glob_probe,glob_probe,0.0,0.00022446689113359009,4661,1485
climate-fever,50,50,False,40,2340950,True,2.159410245688214,2.2805405075437544,0.22845117845117846,0.35315375982042646,0.343030303030303,0.19057239057239056,0.23088664421997757,0.35315375982042646,0.343030303030303,0.35315375982042646,trunc,glob_probe,0.010123456790123442,0.0024354657687991055,4644,1485
climate-fever,50,50,False,41,2341950,True,2.453150543822205,2.2805405075437544,0.23373737373737374,0.35464646464646465,0.3456341189674523,0.19112233445566779,0.23124579124579128,0.35464646464646465,0.35464646464646465,0.35464646464646465,glob_probe,glob_probe,0.0,0.0024915824915824614,4764,1485
climate-fever,50,50,False,42,2342950,True,2.42661909549062,2.2805405075437544,0.23608305274971944,0.3557687991021324,0.34472502805836136,0.19277216610549944,0.23398428731762064,0.3557687991021324,0.34472502805836136,0.3557687991021324,trunc,glob_probe,0.011043771043771022,0.0020987654320988036,4735,1485
climate-fever,50,50,False,43,2343950,True,2.2253158374460185,2.2805405075437544,0.23264870931537598,0.3542760942760943,0.34469135802469136,0.19244668911335577,0.2328731762065095,0.3542760942760943,0.3542760942760943,0.3542760942760943,glob_probe,glob_probe,0.0,0.00022446689113350682,4557,1485
climate-fever,50,50,False,44,2344950,True,2.082855834006761,2.2805405075437544,0.2275645342312009,0.3524691358024692,0.3430864197530864,0.18925925925925924,0.23058361391694723,0.3524691358024692,0.3524691358024692,0.3524691358024692,glob_probe,glob_probe,0.0,0.0030190796857463287,4497,1485
climate-fever,50,50,False,45,2345950,True,2.11823050010046,2.2805405075437544,0.22941638608305276,0.3531425364758698,0.3420987654320988,0.1912008978675645,0.2324691358024691,0.3531425364758698,0.3420987654320988,0.3531425364758698,trunc,glob_probe,0.011043771043771022,0.0030527497194163533,4715,1485
climate-fever,50,50,False,46,2346950,True,2.4914178965309963,2.2805405075437544,0.23794612794612793,0.3565319865319866,0.3466666666666666,0.19443322109988778,0.23489337822671155,0.3565319865319866,0.3565319865319866,0.3565319865319866,glob_probe,glob_probe,0.0,0.003052749719416381,4746,1485
climate-fever,50,50,False,47,2347950,True,2.0745251691567024,2.2805405075437544,0.23050505050505046,0.35615039281705946,0.34608305274971946,0.19267115600448934,0.23402918069584736,0.35615039281705946,0.34608305274971946,0.35615039281705946,trunc,glob_probe,0.010067340067340003,0.0035241301907968925,4764,1485
climate-fever,50,50,False,48,2348950,True,2.3426752395631842,2.2805405075437544,0.23393939393939392,0.3548821548821549,0.345297418630752,0.19166105499438832,0.2334680134680135,0.3548821548821549,0.3548821548821549,0.3548821548821549,glob_probe,glob_probe,0.0,0.00047138047138042816,4619,1485
climate-fever,50,50,False,49,2349950,True,2.3866567027558148,2.2805405075437544,0.2307631874298541,0.35010101010101013,0.3397081930415264,0.1889337822671156,0.2296408529741863,0.35010101010101013,0.3397081930415264,0.35010101010101013,trunc,glob_probe,0.01039281705948375,0.0011223344556678116,4623,1485
climate-fever,100,100,False,0,2400254,True,2.0672396807633184,2.2805405075437544,0.22868757259001163,0.35463414634146345,0.344390243902439,0.19298490127758422,0.23247386759581884,0.35463414634146345,0.35463414634146345,0.35463414634146345,glob_probe,glob_probe,0.0,0.003786295005807211,9395,1435
climate-fever,100,100,False,1,2401254,True,2.510445043185281,2.2805405075437544,0.23565621370499418,0.3551219512195121,0.3454355400696864,0.19198606271777002,0.23232288037166085,0.3551219512195121,0.3551219512195121,0.3551219512195121,glob_probe,glob_probe,0.0,0.003333333333333327,9475,1435
climate-fever,100,100,False,2,2402254,True,1.8002147361112533,2.2805405075437544,0.21766550522648082,0.34957026713124273,0.3401161440185831,0.1869802555168409,0.2278281068524971,0.34957026713124273,0.34957026713124273,0.34957026713124273,glob_probe,glob_probe,0.0,0.010162601626016288,9172,1435
climate-fever,100,100,False,3,2403254,True,2.3437408556621793,2.2805405075437544,0.23181184668989546,0.35342624854819976,0.3437630662020906,0.19192799070847852,0.23149825783972125,0.35342624854819976,0.35342624854819976,0.35342624854819976,glob_probe,glob_probe,0.0,0.00031358885017421234,9432,1435
climate-fever,100,100,False,4,2404254,True,2.260271285995137,2.2805405075437544,0.23284552845528456,0.3543205574912892,0.34573751451800233,0.19147502903600463,0.23284552845528456,0.3543205574912892,0.3543205574912892,0.3543205574912892,glob_probe,glob_probe,0.0,0.0,9282,1435
climate-fever,100,100,False,5,2405254,True,2.10740123216363,2.2805405075437544,0.22938443670150985,0.3526132404181185,0.34478513356562135,0.19212543554006964,0.23231126596980256,0.3526132404181185,0.3526132404181185,0.3526132404181185,glob_probe,glob_probe,0.0,0.0029268292682927133,9245,1435
climate-fever,100,100,False,6,2406254,True,2.3923059455278253,2.2805405075437544,0.23415795586527294,0.35473867595818814,0.3441811846689895,0.1911382113821138,0.23268292682926828,0.35473867595818814,0.3441811846689895,0.35473867595818814,trunc,glob_probe,0.01055749128919864,0.0014750290360046603,9430,1435
climate-fever,100,100,False,7,2407254,True,2.337550648265413,2.2805405075437544,0.23144018583042975,0.35238095238095235,0.34238095238095234,0.1902439024390244,0.23095238095238096,0.35238095238095235,0.35238095238095235,0.35238095238095235,glob_probe,glob_probe,0.0,0.0004878048780487809,9334,1435
climate-fever,100,100,False,8,2408254,True,2.3884076270131236,2.2805405075437544,0.23441347270615562,0.3549477351916376,0.346527293844367,0.1927526132404181,0.23311265969802555,0.3549477351916376,0.3549477351916376,0.3549477351916376,glob_probe,glob_probe,0.0,0.001300813008130064,9398,1435
climate-fever,100,100,False,9,2409254,True,2.3660373174971348,2.2805405075437544,0.235725900116144,0.3564459930313589,0.3448896631823461,0.19564459930313588,0.23500580720092917,0.3564459930313589,0.3448896631823461,0.3564459930313589,trunc,glob_probe,0.01155632984901278,0.0007200929152148261,9400,1435
climate-fever,100,100,False,10,2410254,True,2.268201487599079,2.2805405075437544,0.23274099883855978,0.3546225319396051,0.34466898954703834,0.1925319396051103,0.23274099883855978,0.3546225319396051,0.3546225319396051,0.3546225319396051,glob_probe,glob_probe,0.0,0.0,9196,1435
climate-fever,100,100,False,11,2411254,True,2.4557659107502694,2.2805405075437544,0.23419279907084786,0.35377468060394884,0.3438908246225319,0.19070847851335654,0.23178861788617885,0.35377468060394884,0.35377468060394884,0.35377468060394884,glob_probe,glob_probe,0.0,0.0024041811846690075,9289,1435
climate-fever,100,100,False,12,2412254,True,2.403513251815943,2.2805405075437544,0.23634146341463413,0.35495934959349595,0.34556329849012773,0.19340301974448315,0.23486643437862947,0.35495934959349595,0.35495934959349595,0.35495934959349595,glob_probe,glob_probe,0.0,0.0014750290360046603,9505,1435
climate-fever,100,100,False,13,2413254,True,2.0437955723820904,2.2805405075437544,0.22303135888501738,0.3523344947735192,0.3417537746806039,0.18756097560975607,0.2273983739837398,0.3523344947735192,0.3417537746806039,0.3523344947735192,trunc,glob_probe,0.010580720092915274,0.004367015098722421,9314,1435
climate-fever,100,100,False,14,2414254,True,1.9596307628062424,2.2805405075437544,0.2240418118466899,0.352253193960511,0.3432636469221835,0.18950058072009293,0.23081300813008132,0.352253193960511,0.352253193960511,0.352253193960511,glob_probe,glob_probe,0.0,0.0067711962833914285,9289,1435
climate-fever,100,100,False,15,2415254,True,2.1802047156126854,2.2805405075437544,0.22954703832752613,0.3540185830429733,0.3435423925667828,0.1905110336817654,0.2312543554006969,0.3540185830429733,0.3435423925667828,0.3540185830429733,trunc,glob_probe,0.010476190476190472,0.001707317073170761,9262,1435
climate-fever,100,100,False,16,2416254,True,2.183311527860188,2.2805405075437544,0.22900116144018584,0.3544599303135888,0.3443786295005807,0.1899186991869919,0.23070847851335655,0.3544599303135888,0.3544599303135888,0.3544599303135888,glob_probe,glob_probe,0.0,0.0017073170731707055,9406,1435
climate-fever,100,100,False,17,2417254,True,2.267178807267822,2.2805405075437544,0.2330081300813008,0.356794425087108,0.3471660859465737,0.19232288037166087,0.2330081300813008,0.356794425087108,0.356794425087108,0.356794425087108,glob_probe,glob_probe,0.0,0.0,9281,1435
climate-fever,100,100,False,18,2418254,True,2.27890896981462,2.2805405075437544,0.23377468060394893,0.3570499419279906,0.3483507549361208,0.1929268292682927,0.23377468060394893,0.3570499419279906,0.3570499419279906,0.3570499419279906,glob_probe,glob_probe,0.0,0.0,9402,1435
climate-fever,100,100,False,19,2419254,True,2.412539487395349,2.2805405075437544,0.2354471544715447,0.3547619047619047,0.34664343786295004,0.19337979094076654,0.23362369337979094,0.3547619047619047,0.3547619047619047,0.3547619047619047,glob_probe,glob_probe,0.0,0.0018234610917537697,9374,1435
climate-fever,100,100,False,20,2420254,True,2.3455232364053513,2.2805405075437544,0.2313008130081301,0.353321718931475,0.34226480836236933,0.1902206736353078,0.23081300813008132,0.353321718931475,0.34226480836236933,0.353321718931475,trunc,glob_probe,0.011056910569105682,0.0004878048780487809,9394,1435
climate-fever,100,100,False,21,2421254,True,2.4383460309214415,2.2805405075437544,0.24,0.3582229965156794,0.34937282229965155,0.1969221835075494,0.23777003484320558,0.3582229965156794,0.3582229965156794,0.3582229965156794,glob_probe,glob_probe,0.0,0.002229965156794411,9374,1435
climate-fever,100,100,False,22,2422254,True,2.326481773509325,2.2805405075437544,0.23396051103368173,0.35305458768873405,0.34426248548199767,0.1935540069686411,0.23364692218350752,0.35305458768873405,0.35305458768873405,0.35305458768873405,glob_probe,glob_probe,0.0,0.00031358885017421234,9359,1435
climate-fever,100,100,False,23,2423254,True,2.475277586327633,2.2805405075437544,0.2371428571428571,0.35627177700348434,0.3462020905923345,0.1940301974448316,0.2343321718931475,0.35627177700348434,0.35627177700348434,0.35627177700348434,glob_probe,glob_probe,0.0,0.0028106852497095935,9345,1435
climate-fever,100,100,False,24,2424254,True,2.5079849465542456,2.2805405075437544,0.23421602787456444,0.3535772357723577,0.34440185830429737,0.19059233449477353,0.23105691056910568,0.3535772357723577,0.3535772357723577,0.3535772357723577,glob_probe,glob_probe,0.0,0.0031591173054587585,9276,1435
climate-fever,100,100,False,25,2425254,True,2.442271243958153,2.2805405075437544,0.23732868757259,0.3561672473867596,0.34583042973286876,0.19380952380952382,0.2350987224157956,0.3561672473867596,0.3561672473867596,0.3561672473867596,glob_probe,glob_probe,0.0,0.002229965156794411,9384,1435
climate-fever,100,100,False,26,2426254,True,2.233601920943719,2.2805405075437544,0.23164924506387918,0.352253193960511,0.34303135888501746,0.19184668989547035,0.23188153310104528,0.352253193960511,0.352253193960511,0.352253193960511,glob_probe,glob_probe,0.0,0.0002322880371661007,9285,1435
climate-fever,100,100,False,27,2427254,True,2.424915534827198,2.2805405075437544,0.23293844367015099,0.35278745644599296,0.3439605110336818,0.1906155632984901,0.23076655052264808,0.35278745644599296,0.35278745644599296,0.35278745644599296,glob_probe,glob_probe,0.0,0.002171893147502907,9374,1435
climate-fever,100,100,False,28,2428254,True,2.2971677325161215,2.2805405075437544,0.23386759581881536,0.3568408826945412,0.34750290360046454,0.19206736353077816,0.23372822299651566,0.3568408826945412,0.3568408826945412,0.3568408826945412,glob_probe,glob_probe,0.0,0.00013937282229969927,9397,1435
climate-fever,100,100,False,29,2429254,True,2.276708963663326,2.2805405075437544,0.22814169570267132,0.3522880371660859,0.34239256678281066,0.18908246225319394,0.22814169570267132,0.3522880371660859,0.3522880371660859,0.3522880371660859,glob_probe,glob_probe,0.0,0.0,9372,1435
climate-fever,100,100,False,30,2430254,True,2.150282729445032,2.2805405075437544,0.23003484320557493,0.3540534262485482,0.3437282229965157,0.19083623693379792,0.23232288037166085,0.3540534262485482,0.3437282229965157,0.3540534262485482,trunc,glob_probe,0.010325203252032511,0.0022880371660859156,9353,1435
climate-fever,100,100,False,31,2431254,True,2.43204036944631,2.2805405075437544,0.2349593495934959,0.35601626016260157,0.34583042973286876,0.1926829268292683,0.23255516840882692,0.35601626016260157,0.35601626016260157,0.35601626016260157,glob_probe,glob_probe,0.0,0.00240418118466898,9466,1435
climate-fever,100,100,False,32,2432254,True,2.478302901168383,2.2805405075437544,0.2369686411149826,0.3569221835075494,0.3466550522648083,0.19527293844367016,0.23398373983739837,0.3569221835075494,0.3569221835075494,0.3569221835075494,glob_probe,glob_probe,0.0,0.0029849012775842176,9462,1435
climate-fever,100,100,False,33,2433254,True,2.2645463983250376,2.2805405075437544,0.22806039488966318,0.35024390243902437,0.3394541231126597,0.18849012775842042,0.22806039488966318,0.35024390243902437,0.3394541231126597,0.35024390243902437,trunc,glob_probe,0.010789779326364657,0.0,9320,1435
climate-fever,100,100,False,34,2434254,True,2.352937224299561,2.2805405075437544,0.2332288037166086,0.3538211382113821,0.3448896631823461,0.19288037166085945,0.23268292682926828,0.3538211382113821,0.3538211382113821,0.3538211382113821,glob_probe,glob_probe,0.0,0.000545876887340313,9280,1435
climate-fever,100,100,False,35,2435254,True,2.2728065794495067,2.2805405075437544,0.23372822299651566,0.35857142857142854,0.3481881533101045,0.19317073170731708,0.23372822299651566,0.35857142857142854,0.3481881533101045,0.35857142857142854,trunc,glob_probe,0.010383275261324043,0.0,9542,1435
climate-fever,100,100,False,36,2436254,True,2.138313638125677,2.2805405075437544,0.22759581881533103,0.3518234610917537,0.3430662020905924,0.18979094076655054,0.23052264808362366,0.3518234610917537,0.3518234610917537,0.3518234610917537,glob_probe,glob_probe,0.0,0.00292682926829263,9277,1435
climate-fever,100,100,False,37,2437254,True,2.2856986637508943,2.2805405075437544,0.23285714285714285,0.3559814169570267,0.3449012775842044,0.19131242740998836,0.2327177700348432,0.3559814169570267,0.3449012775842044,0.3559814169570267,trunc,glob_probe,0.011080139372822262,0.00013937282229964376,9345,1435
climate-fever,100,100,False,38,2438254,True,2.5210764971193838,2.2805405075437544,0.23343786295005808,0.35184668989547035,0.3417770034843206,0.1892218350754936,0.2296980255516841,0.35184668989547035,0.35184668989547035,0.35184668989547035,glob_probe,glob_probe,0.0,0.0037398373983739963,9255,1435
climate-fever,100,100,False,39,2439254,True,2.1534999922473927,2.2805405075437544,0.22958188153310105,0.3538443670150987,0.3439372822299651,0.19005807200929148,0.23169570267131243,0.3538443670150987,0.3538443670150987,0.3538443670150987,glob_probe,glob_probe,0.0,0.0021138211382113747,9353,1435
climate-fever,100,100,False,40,2440254,True,2.468495718082447,2.2805405075437544,0.23627177700348434,0.3565505226480836,0.3472938443670151,0.1919396051103368,0.2332868757259001,0.3565505226480836,0.3565505226480836,0.3565505226480836,glob_probe,glob_probe,0.0,0.0029849012775842454,9297,1435
climate-fever,100,100,False,41,2441254,True,2.3071209125546863,2.2805405075437544,0.23291521486643438,0.35396051103368176,0.34468060394889666,0.1921835075493612,0.23260162601626014,0.35396051103368176,0.35396051103368176,0.35396051103368176,glob_probe,glob_probe,0.0,0.0003135888501742401,9433,1435
climate-fever,100,100,False,42,2442254,True,2.2592013627964707,2.2805405075437544,0.23500580720092917,0.3553774680603949,0.34681765389082464,0.19456445993031363,0.23500580720092917,0.3553774680603949,0.3553774680603949,0.3553774680603949,glob_probe,glob_probe,0.0,0.0,9258,1435
climate-fever,100,100,False,43,2443254,True,2.2666138012759327,2.2805405075437544,0.23286875725900114,0.35312427409988384,0.34311265969802557,0.1943670150987224,0.23286875725900114,0.35312427409988384,0.35312427409988384,0.35312427409988384,glob_probe,glob_probe,0.0,0.0,9432,1435
climate-fever,100,100,False,44,2444254,True,2.275190723794159,2.2805405075437544,0.231602787456446,0.3535772357723577,0.3441463414634146,0.19182346109175377,0.231602787456446,0.3535772357723577,0.3535772357723577,0.3535772357723577,glob_probe,glob_probe,0.0,0.0,9477,1435
climate-fever,100,100,False,45,2445254,True,2.097701036933902,2.2805405075437544,0.22947735191637628,0.3523925667828107,0.3443786295005807,0.19291521486643437,0.23222996515679442,0.3523925667828107,0.3523925667828107,0.3523925667828107,glob_probe,glob_probe,0.0,0.0027526132404181447,9168,1435
climate-fever,100,100,False,46,2446254,True,2.056455567070868,2.2805405075437544,0.22652729384436698,0.3506271777003484,0.34192799070847846,0.1896980255516841,0.2300813008130081,0.3506271777003484,0.3506271777003484,0.3506271777003484,glob_probe,glob_probe,0.0,0.00355400696864111,9184,1435
climate-fever,100,100,False,47,2447254,True,2.2519221620552976,2.2805405075437544,0.23288037166085948,0.35497096399535427,0.3458885017421603,0.19246225319396051,0.23288037166085948,0.35497096399535427,0.35497096399535427,0.35497096399535427,glob_probe,glob_probe,0.0,0.0,9378,1435
climate-fever,100,100,False,48,2448254,True,2.254344521680969,2.2805405075437544,0.23378629500580722,0.35522648083623687,0.34671312427409984,0.1922648083623693,0.23378629500580722,0.35522648083623687,0.35522648083623687,0.35522648083623687,glob_probe,glob_probe,0.0,0.0,9331,1435
climate-fever,100,100,False,49,2449254,True,2.4508974449727408,2.2805405075437544,0.2371428571428571,0.35677119628339143,0.3475842044134727,0.19243902439024388,0.23456445993031355,0.35677119628339143,0.35677119628339143,0.35677119628339143,glob_probe,glob_probe,0.0,0.0025783972125435484,9366,1435
