collection,k_requested,k_effective,clipped,repeat_id,seed,untouched,c_hat,c_star,ev_ad_probe,ev_glob_probe,ev_trunc,ev_ad,ev_ad_c,ev_glob,select3,select2,pick3,pick2,regret3,cal_loss,pair_pool_budget,n_eval
nfcorpus,10,10,False,0,733,False,8.393976461092036,13.873219121216042,0.15798646731180163,0.1599557971227035,0.13668096595385232,0.1397614641249305,0.1577914394612879,0.15333903841390673,0.1599557971227035,0.1599557971227035,glob_probe,glob_probe,0.0,0.00019502785051372928,815,313
nfcorpus,10,10,False,1,1733,False,16.38970296494196,13.873219121216042,0.1573921192409733,0.16097242454265687,0.13757792046304504,0.13780369683995725,0.15829956965123518,0.15274477059515415,0.16097242454265687,0.16097242454265687,glob_probe,glob_probe,0.0,0.0009074504102618841,830,313
nfcorpus,10,10,False,2,2733,False,20.108554759643997,13.873219121216042,0.16084566485100477,0.16074692814370586,0.13914420916082137,0.13989183295309213,0.1626741747747984,0.15452759714064557,0.16084566485100477,0.16074692814370586,ad_probe,glob_probe,0.0,0.0018285099237936309,868,313
nfcorpus,10,10,False,3,3733,False,5.00717309149671,13.873219121216042,0.1547845837283281,0.037642489014779505,0.1363825273061904,0.1382111782089845,0.16072600069304457,0.15414146037930726,0.1363825273061904,0.037642489014779505,trunc,glob_probe,0.018402056422137686,0.005941416964716478,790,313
nfcorpus,10,10,False,4,4733,False,10.927217515561614,13.873219121216042,0.16283126115804397,0.16323028426052608,0.13806319421547147,0.14133239300750133,0.16145131385941414,0.15583830430575438,0.16283126115804397,0.16283126115804397,ad_probe,ad_probe,0.0003990231024821045,0.0013799472986298356,904,313
nfcorpus,10,10,False,5,5733,False,14.232525868439451,13.873219121216042,0.16146492571339602,0.16236712408573162,0.13763722537400716,0.14081133449739563,0.1611822274721986,0.15523574593720624,0.16236712408573162,0.16236712408573162,glob_probe,glob_probe,0.0,0.00028269824119742104,772,313
nfcorpus,10,10,False,6,6733,False,16.20273568280509,13.873219121216042,0.15930200998182661,0.12439891637478713,0.13790937397206138,0.1386373743753208,0.16161311282039703,0.15336772473715352,0.12439891637478713,0.12439891637478713,glob_probe,glob_probe,0.034903093607039484,0.002311102838570417,807,313
nfcorpus,10,10,False,7,7733,False,16.087941590808747,13.873219121216042,0.15849142652044748,0.1525048850226666,0.13659943507905667,0.1392042613219723,0.16037772378926918,0.1525048850226666,0.15849142652044748,0.1525048850226666,ad_probe,glob_probe,0.0,0.0018862972688216961,800,313
nfcorpus,10,10,False,8,8733,False,12.701448491636679,13.873219121216042,0.15955469520953183,0.15886960371790196,0.13573720400531858,0.13871490718480517,0.15927275104659314,0.15328413330707497,0.15955469520953183,0.15886960371790196,ad_probe,glob_probe,0.0,0.0002819441629386965,871,313
nfcorpus,10,10,False,9,9733,False,13.277305985127832,13.873219121216042,0.15528349941741984,0.15795612399120382,0.13453283947852268,0.13503357947225275,0.1552040160080636,0.14906209513557328,0.15795612399120382,0.15528349941741984,glob_probe,ad_probe,0.0,7.948340935623466e-05,799,313
nfcorpus,10,10,False,10,10733,False,9.54322270067092,13.873219121216042,0.16081595076567973,0.15086544490288387,0.13528213983829224,0.1378773572795098,0.15920482048901974,0.15086544490288387,0.16081595076567973,0.15086544490288387,ad_probe,glob_probe,0.0,0.0016111302766599889,826,313
nfcorpus,10,10,False,11,11733,False,11.527466655414422,13.873219121216042,0.16134786830780906,0.16275279719712324,0.13845544784177738,0.14035979003622814,0.1605422920186658,0.15513571363372136,0.16134786830780906,0.16275279719712324,ad_probe,glob_probe,0.0014049288893141776,0.0008055762891432672,854,313
nfcorpus,10,10,False,12,12733,False,12.633004465572354,13.873219121216042,0.15874182051124594,0.15119028543051571,0.1333889598721343,0.1364780790568449,0.15864140677193142,0.15119028543051571,0.1333889598721343,0.15119028543051571,trunc,glob_probe,0.02535286063911163,0.00010041373931451991,897,313
nfcorpus,10,10,False,13,13733,False,8.780011928305768,13.873219121216042,0.1594756225237272,0.15832811698717542,0.13354079606230534,0.13750028101246428,0.15974388225622776,0.15232032530314493,0.13354079606230534,0.15832811698717542,trunc,glob_probe,0.025934826461421867,0.00026825973250055313,865,313
nfcorpus,10,10,False,14,14733,False,24.477404039864403,13.873219121216042,0.15906655893855537,0.16402167625166938,0.13975007613873233,0.14231860995207699,0.16257938480040626,0.15738620872926143,0.15906655893855537,0.15906655893855537,ad_probe,ad_probe,0.004955117313114016,0.0035128258618508934,873,313
nfcorpus,10,10,False,15,15733,False,7.818738627514202,13.873219121216042,0.15899777888744876,0.16275124392772825,0.13709048865631648,0.14129054732451857,0.16008251478171842,0.15607279303221708,0.16275124392772825,0.16275124392772825,glob_probe,glob_probe,0.0,0.0010847358942696617,849,313
nfcorpus,10,10,False,16,16733,False,9.50728755132787,13.873219121216042,0.16450749823775268,0.1644663399596092,0.13887630615511076,0.14148467077960167,0.1625426783650407,0.15643366586640092,0.1644663399596092,0.1644663399596092,glob_probe,glob_probe,4.115827814349382e-05,0.0019648198727119925,833,313
nfcorpus,10,10,False,17,17733,False,21.795842222432526,13.873219121216042,0.15706152617202482,0.16224916838407255,0.1375522411566917,0.14090716963359834,0.16084832593621873,0.1556583092350563,0.15706152617202482,0.15706152617202482,ad_probe,ad_probe,0.005187642212047733,0.00378679976419391,753,313
nfcorpus,10,10,False,18,18733,False,11.625712763327254,13.873219121216042,0.1592493542719264,0.16066070045979824,0.13485358646845705,0.13695255959581815,0.1589694634315189,0.15163786187749667,0.16066070045979824,0.16066070045979824,glob_probe,glob_probe,0.0,0.00027989084040749845,850,313
nfcorpus,10,10,False,19,19733,False,18.10607518724945,13.873219121216042,0.1595573855191493,0.12892158185817007,0.13907801144592102,0.14085991716220614,0.16262760740483037,0.1561313996300269,0.1595573855191493,0.12892158185817007,ad_probe,glob_probe,0.0,0.003070221885681068,770,313
nfcorpus,10,10,False,20,20733,False,13.559259628650896,13.873219121216042,0.15879963264300068,0.1508502349595979,0.13419433165189837,0.13634692737243645,0.15835902315789266,0.1508502349595979,0.1508502349595979,0.1508502349595979,glob_probe,glob_probe,0.007949397683402776,0.0004406094851080178,883,313
nfcorpus,10,10,False,21,21733,False,13.107846566082497,13.873219121216042,0.1577534612877101,0.14883948188409737,0.1323972075608236,0.13456001377501228,0.1577145616779328,0.14883948188409737,0.14883948188409737,0.14883948188409737,glob_probe,glob_probe,0.008913979403612715,3.889960977729312e-05,837,313
nfcorpus,10,10,False,22,22733,False,20.976849591559322,13.873219121216042,0.1580129811578276,0.16302945148428738,0.13656393892133814,0.13916773809063265,0.1604019676375226,0.15427734326202577,0.16302945148428738,0.16302945148428738,glob_probe,glob_probe,0.0,0.002388986479694988,854,313
nfcorpus,10,10,False,23,23733,False,12.38175970240709,13.873219121216042,0.1619163786132608,0.16157698738317575,0.13796413374023553,0.14035929285474996,0.16125852926969533,0.1549291560719901,0.16157698738317575,0.16157698738317575,glob_probe,glob_probe,0.00033939123008505656,0.0006578493435654698,830,313
nfcorpus,10,10,False,24,24733,False,23.115179389977108,13.873219121216042,0.1577240749965165,0.1252139490645169,0.1341216838440214,0.1366229472726139,0.16010539363413567,0.1525677621893785,0.1341216838440214,0.1252139490645169,trunc,glob_probe,0.0236023911524951,0.002381318637619173,804,313
nfcorpus,10,10,False,25,25733,False,15.549877289270741,13.873219121216042,0.16031545597684993,0.15508823541929787,0.13762739509091024,0.14029048335538227,0.1613160865062713,0.15508823541929787,0.16031545597684993,0.16031545597684993,ad_probe,ad_probe,0.0,0.0010006305294213702,836,313
nfcorpus,10,10,False,26,26733,False,11.243931288882731,13.873219121216042,0.164179763654588,0.16360205542541179,0.13873097444033072,0.14229353532648537,0.16235991576202666,0.15575511823474297,0.16360205542541179,0.16360205542541179,glob_probe,glob_probe,0.0005777082291762159,0.0018198478925613437,750,313
nfcorpus,10,10,False,27,27733,False,12.890386224982542,13.873219121216042,0.15951859431969354,0.13606643185810102,0.13526733198659582,0.13605387895007856,0.15917432062390846,0.15134712981773016,0.13606643185810102,0.13606643185810102,glob_probe,glob_probe,0.023452162461592513,0.0003442736957850745,751,313
nfcorpus,10,10,False,28,28733,False,21.207858546566463,13.873219121216042,0.15469729609124702,0.15447170504314262,0.13133760335098438,0.1345163482015251,0.15721649864645568,0.14819282389386806,0.15447170504314262,0.15447170504314262,glob_probe,glob_probe,0.00022559104810440656,0.002519202555208655,795,313
nfcorpus,10,10,False,29,29733,False,9.757782718271157,13.873219121216042,0.16457491443011132,0.1637864177814628,0.13858289729829623,0.14120960512678743,0.16242440913785514,0.15633782904615826,0.1637864177814628,0.1637864177814628,glob_probe,glob_probe,0.0007884966486485234,0.0021505052922561885,806,313
nfcorpus,10,10,False,30,30733,False,31.47968627253112,13.873219121216042,0.1598583433816388,0.16450717371406418,0.1393076782232471,0.14198691292531326,0.16268436005634154,0.15730636851508553,0.1598583433816388,0.1598583433816388,ad_probe,ad_probe,0.0046488303324253855,0.0028260166747027526,847,313
nfcorpus,10,10,False,31,31733,False,7.368310322979912,13.873219121216042,0.15895100529957434,0.14088155984470893,0.13661573812877403,0.13934713845037605,0.1623314081497129,0.15538378904666345,0.14088155984470893,0.14088155984470893,glob_probe,glob_probe,0.018069445454865413,0.0033804028501385475,893,313
nfcorpus,10,10,False,32,32733,False,4.413815937531888,13.873219121216042,0.1527481726146018,0.1579259960860882,0.13578059099890588,0.13841439048430995,0.15968623913914956,0.15267196258393087,0.1579259960860882,0.1579259960860882,glob_probe,glob_probe,0.0,0.006938066524547759,894,313
nfcorpus,10,10,False,33,33733,False,22.92619005863087,13.873219121216042,0.15679691555030578,0.16086518067912656,0.13716011957383545,0.14037082294521258,0.16052946095566953,0.15478983758492218,0.16086518067912656,0.16086518067912656,glob_probe,glob_probe,0.0,0.0037325454053637463,751,313
nfcorpus,10,10,False,34,34733,False,4.207442069444369,13.873219121216042,0.15397259749876935,0.1387089891456599,0.1370238826400015,0.13761329135835426,0.16056589031035243,0.15264666822698653,0.1387089891456599,0.1387089891456599,glob_probe,glob_probe,0.015263608353109442,0.006593292811583079,805,313
nfcorpus,10,10,False,35,35733,False,8.435104298472867,13.873219121216042,0.15962530262415967,0.16243019432120712,0.13666602803529396,0.13978923222079154,0.16045343936785653,0.15449650671255316,0.16243019432120712,0.15962530262415967,glob_probe,ad_probe,0.0,0.0008281367436968612,922,313
nfcorpus,10,10,False,36,36733,False,10.364253266618956,13.873219121216042,0.15968600773210814,0.16124320396778008,0.1361431209145829,0.13745909799547112,0.15744405661413163,0.15270560479009707,0.15968600773210814,0.15968600773210814,ad_probe,ad_probe,0.001557196235671937,0.0022419511179765095,901,313
nfcorpus,10,10,False,37,37733,False,17.44778819155544,13.873219121216042,0.1587924334255239,0.16033558979333865,0.13646506911311657,0.13953301870331927,0.1618999235763168,0.154366991349708,0.1587924334255239,0.16033558979333865,ad_probe,glob_probe,0.0015431563678147409,0.0031074901507928965,838,313
nfcorpus,10,10,False,38,38733,False,17.796334197859075,13.873219121216042,0.15417102589345266,0.16011074940888348,0.1359652984689807,0.13889519635478123,0.15746060633265888,0.1529362937788732,0.16011074940888348,0.16011074940888348,glob_probe,glob_probe,0.0,0.0032895804392062133,784,313
nfcorpus,10,10,False,39,39733,False,13.907154932187751,13.873219121216042,0.16067187330355123,0.1625206487580986,0.13731245884250384,0.14038704497979157,0.16067187330355123,0.15505814365875698,0.16067187330355123,0.16067187330355123,ad_probe,ad_probe,0.001848775454547369,0.0,831,313
nfcorpus,10,10,False,40,40733,False,2.6565999505605653,13.873219121216042,0.15036624393381343,0.15313636304901063,0.1360786064078522,0.1382631238169561,0.16179315451862195,0.15313636304901063,0.15036624393381343,0.15036624393381343,ad_probe,ad_probe,0.0027701191151972004,0.01142691058480852,876,313
nfcorpus,10,10,False,41,41733,False,21.561431526878767,13.873219121216042,0.15946822212975204,0.16386174014789917,0.1384278468691376,0.1416373771336541,0.16242638661556186,0.1560524466438893,0.16386174014789917,0.16386174014789917,glob_probe,glob_probe,0.0,0.002958164485809822,781,313
nfcorpus,10,10,False,42,42733,False,23.340196539062436,13.873219121216042,0.15556631883407196,0.16009794543727998,0.13646481848062889,0.13877512437995942,0.15844786179529352,0.15285473368548444,0.15556631883407196,0.16009794543727998,ad_probe,glob_probe,0.004531626603208022,0.0028815429612215615,757,313
nfcorpus,10,10,False,43,43733,False,12.47819710365792,13.873219121216042,0.16042669520973882,0.13982746408499927,0.13668382472963894,0.13816807257482455,0.1601177581227992,0.15346481446680343,0.16042669520973882,0.13982746408499927,ad_probe,glob_probe,0.0,0.0003089370869396313,893,313
nfcorpus,10,10,False,44,44733,False,34.54520784767408,13.873219121216042,0.15794204909836973,0.16275912196073028,0.13895292043539653,0.14155032047872346,0.16124359171355057,0.15637850523425603,0.16275912196073028,0.16275912196073028,glob_probe,glob_probe,0.0,0.0033015426151808414,743,313
nfcorpus,10,10,False,45,45733,False,4.435555641713089,13.873219121216042,0.15367624869945493,0.13973293700355838,0.1362033811178861,0.1380460164958479,0.1604689872963114,0.15348199363313342,0.15367624869945493,0.13973293700355838,ad_probe,glob_probe,0.0,0.0067927385968564735,810,313
nfcorpus,10,10,False,46,46733,False,4.760154719098001,13.873219121216042,0.15279336158296436,0.15758277046664815,0.1336711988459075,0.13613663494857392,0.15843930528860797,0.15125882024802967,0.15758277046664815,0.15758277046664815,glob_probe,glob_probe,0.0,0.0056459437056436135,832,313
nfcorpus,10,10,False,47,47733,False,31.449363750952827,13.873219121216042,0.15862203178035747,0.1630946854201445,0.1382275592781331,0.1412282763980242,0.16143308889276406,0.15618502292452557,0.1630946854201445,0.1630946854201445,glob_probe,glob_probe,0.0,0.0028110571124065897,814,313
nfcorpus,10,10,False,48,48733,False,7.00327876043316,13.873219121216042,0.15983864084342098,0.16516356037755833,0.1400343878050793,0.14304271016015832,0.16349797965217389,0.15766757908182408,0.16516356037755833,0.16516356037755833,glob_probe,glob_probe,0.0,0.00365933880875291,975,313
nfcorpus,10,10,False,49,49733,False,8.562093464663725,13.873219121216042,0.15952640802517276,0.1536353096181024,0.1356191683154568,0.14057998651838685,0.16067042754473385,0.1536353096181024,0.15952640802517276,0.1536353096181024,ad_probe,glob_probe,0.0,0.0011440195195610847,868,313
nfcorpus,30,30,False,0,2100629,False,6.436955233333003,13.873219121216042,0.1624959824723922,0.16809015299343608,0.14486034465350764,0.14723505611735746,0.16621670369041056,0.1615035342420635,0.16809015299343608,0.16809015299343608,glob_probe,glob_probe,0.0,0.0037207212180183635,2507,293
nfcorpus,30,30,False,1,2101629,False,19.624783798248522,13.873219121216042,0.1554873862873342,0.1592484032262222,0.1356377636632322,0.13767764771498525,0.15750701478124493,0.15297326348896828,0.1592484032262222,0.1592484032262222,glob_probe,glob_probe,0.0,0.002019628493910741,2309,293
nfcorpus,30,30,False,2,2102629,False,13.387834722711915,13.873219121216042,0.15599421349770443,0.13363338854056087,0.13093864414231268,0.13254292349010627,0.15560764475259242,0.14818972244470865,0.15599421349770443,0.13363338854056087,ad_probe,glob_probe,0.0,0.0003865687451120037,2334,293
nfcorpus,30,30,False,3,2103629,False,16.337884080363487,13.873219121216042,0.15794930528063159,0.15867544990673443,0.13425463619499373,0.1387867379716092,0.16066384453872737,0.15317775470340955,0.15867544990673443,0.15867544990673443,glob_probe,glob_probe,0.0,0.0027145392580957828,2559,293
nfcorpus,30,30,False,4,2104629,False,21.47969406245946,13.873219121216042,0.1607717391422231,0.16488074835258207,0.1408298684886048,0.14628233934029328,0.16395912672742533,0.16077150741795965,0.16488074835258207,0.16488074835258207,glob_probe,glob_probe,0.0,0.0031873875852022338,2491,293
nfcorpus,30,30,False,5,2105629,False,12.38175970240709,13.873219121216042,0.16644982118332255,0.1670584647387057,0.14124290499263406,0.14444125760867532,0.16545248821199107,0.15958165727628063,0.1670584647387057,0.1670584647387057,glob_probe,glob_probe,0.0,0.0009973329713314771,2427,293
nfcorpus,30,30,False,6,2106629,False,16.80095044530882,13.873219121216042,0.1585774116594464,0.16182223115994618,0.13580174989048005,0.1393496154309671,0.16119611051681063,0.15477924366539475,0.16182223115994618,0.16182223115994618,glob_probe,glob_probe,0.0,0.002618698857364238,2513,293
nfcorpus,30,30,False,7,2107629,False,12.508169248127327,13.873219121216042,0.15786383950032637,0.15744009754540705,0.13731068334246682,0.13846741736318616,0.15795114204410524,0.1527067500892989,0.15786383950032637,0.15744009754540705,ad_probe,glob_probe,0.0,8.730254377886659e-05,2388,293
nfcorpus,30,30,False,8,2108629,False,12.843312739478785,13.873219121216042,0.16269710246685623,0.13689205195937312,0.13786395358681325,0.13848919902584866,0.16252995569779694,0.15300544719744574,0.13689205195937312,0.13689205195937312,glob_probe,glob_probe,0.025805050507483107,0.00016714676905929537,2319,293
nfcorpus,30,30,False,9,2109629,False,13.058831182384683,13.873219121216042,0.1595478358369344,0.15813867070466806,0.1374760275197935,0.13756266675250395,0.15960004062801358,0.1527882990994284,0.15813867070466806,0.15813867070466806,glob_probe,glob_probe,0.0014091651322663545,5.220479107917453e-05,2573,293
nfcorpus,30,30,False,10,2110629,False,14.363475635652478,13.873219121216042,0.1605455114877673,0.162474758919888,0.13409019128876287,0.1371917830500773,0.1603027816328009,0.15340248556330913,0.162474758919888,0.162474758919888,glob_probe,glob_probe,0.0,0.00024272985496640032,2410,293
nfcorpus,30,30,False,11,2111629,False,14.976887282332864,13.873219121216042,0.1583315014518058,0.15957539801586829,0.13629043657361425,0.14120738344946335,0.1588079053700206,0.15493988031219813,0.15957539801586829,0.15957539801586829,glob_probe,glob_probe,0.0,0.0004764039182147961,2414,293
nfcorpus,30,30,False,12,2112629,False,13.967636924949446,13.873219121216042,0.1661159424554202,0.15540681154155495,0.142601096949411,0.14074003800962978,0.1662399354770007,0.15540681154155495,0.15540681154155495,0.15540681154155495,glob_probe,glob_probe,0.010709130913865245,0.00012399302158050407,2497,293
nfcorpus,30,30,False,13,2113629,False,11.975001364440335,13.873219121216042,0.1618599729797465,0.16036211636990988,0.13571764668418962,0.14029421266753292,0.16138376710260732,0.15390799052249232,0.1618599729797465,0.16036211636990988,ad_probe,glob_probe,0.0,0.00047620587713917417,2510,293
nfcorpus,30,30,False,14,2114629,False,20.28085397072433,13.873219121216042,0.16027705470627704,0.1639638897826851,0.1395975978002711,0.14277777061627275,0.16270338776186202,0.15596059559732983,0.1639638897826851,0.1639638897826851,glob_probe,glob_probe,0.0,0.002426333055584984,2312,293
nfcorpus,30,30,False,15,2115629,False,16.829308882450402,13.873219121216042,0.1595133942210764,0.1640313161971803,0.1402795918649296,0.1410482100396932,0.16313010643872924,0.15615583689267767,0.1640313161971803,0.1640313161971803,glob_probe,glob_probe,0.0,0.0036167122176528343,2705,293
nfcorpus,30,30,False,16,2116629,False,14.909700803314982,13.873219121216042,0.16016061900552248,0.14949590047638053,0.1352739941999233,0.13302646075664934,0.16043871964018105,0.14949590047638053,0.14949590047638053,0.14949590047638053,glob_probe,glob_probe,0.010664718529141942,0.00027810063465857904,2540,293
nfcorpus,30,30,False,17,2117629,False,10.222758590673326,13.873219121216042,0.1630673004555842,0.15948502646478405,0.13696647300271372,0.13865039139993052,0.16135266911912072,0.15345818076667211,0.15948502646478405,0.15948502646478405,glob_probe,glob_probe,0.003582273990800161,0.0017146313364634902,2544,293
nfcorpus,30,30,False,18,2118629,False,18.958730619153464,13.873219121216042,0.15776765666537612,0.16107800197331873,0.13661664002012297,0.14171835958483772,0.16060617805146069,0.15608776871425395,0.16107800197331873,0.16107800197331873,glob_probe,glob_probe,0.0,0.0028385213860845637,2352,293
nfcorpus,30,30,False,19,2119629,False,12.462559489337636,13.873219121216042,0.1588956751742206,0.1564731077058463,0.1318057322027177,0.1344203191774585,0.1590345021493007,0.15038948576389577,0.1564731077058463,0.1564731077058463,glob_probe,glob_probe,0.002422567468374298,0.00013882697508010855,2358,293
nfcorpus,30,30,False,20,2120629,False,15.161405979114711,13.873219121216042,0.16449787899352378,0.16638410926671074,0.14306194014146092,0.1438579238846269,0.16557719097220155,0.1604262623544896,0.16638410926671074,0.16638410926671074,glob_probe,glob_probe,0.0,0.0010793119786777772,2484,293
nfcorpus,30,30,False,21,2121629,False,20.776970698096434,13.873219121216042,0.15882943792265558,0.16283801991705216,0.1363688764230533,0.14076884470412387,0.16152384164668213,0.155096882282459,0.15882943792265558,0.15882943792265558,ad_probe,ad_probe,0.004008581994396576,0.002694403724026545,2386,293
nfcorpus,30,30,False,22,2122629,False,10.896238554440348,13.873219121216042,0.16314730597711471,0.1635605975645505,0.13643729692930423,0.14033578500138338,0.16196227556587778,0.15686554139107786,0.1635605975645505,0.16314730597711471,glob_probe,ad_probe,0.0,0.001185030411236937,2643,293
nfcorpus,30,30,False,23,2123629,False,19.40611984884419,13.873219121216042,0.1562946615711402,0.1605517901511371,0.13895213615009872,0.14174553661481595,0.15931509139286248,0.1557454327673415,0.1605517901511371,0.1605517901511371,glob_probe,glob_probe,0.0,0.0030204298217222925,2434,293
nfcorpus,30,30,False,24,2124629,False,12.339378714286905,13.873219121216042,0.15556343939243736,0.14300201807283486,0.13172603852181894,0.13179531718084692,0.15550076580420955,0.14300201807283486,0.14300201807283486,0.14300201807283486,glob_probe,glob_probe,0.0125614213196025,6.267358822781288e-05,2558,293
nfcorpus,30,30,False,25,2125629,False,14.479566204831146,13.873219121216042,0.16543889844798965,0.165878606958264,0.14071234432461652,0.14241625515219217,0.16518167829345157,0.15792549086713378,0.165878606958264,0.165878606958264,glob_probe,glob_probe,0.0,0.0002572201545380792,2478,293
nfcorpus,30,30,False,26,2126629,False,14.11217832550063,13.873219121216042,0.1573788371288449,0.159683373614431,0.1343195684425467,0.13954668323725367,0.15741053381369796,0.1526859183488507,0.1573788371288449,0.159683373614431,ad_probe,glob_probe,0.002304536485586095,3.1696684853060875e-05,2448,293
nfcorpus,30,30,False,27,2127629,False,12.386886200980463,13.873219121216042,0.15932195327299334,0.15884056736808838,0.13514447702530194,0.1409744966919226,0.15850344203177574,0.1536821776425312,0.15884056736808838,0.15932195327299334,glob_probe,ad_probe,0.00048138590490495736,0.0008185112412175954,2528,293
nfcorpus,30,30,False,28,2128629,False,10.075766909330401,13.873219121216042,0.16471905902583248,0.16544472062754756,0.1410681119729448,0.14326594052228475,0.16322193553888834,0.15843986422550738,0.16544472062754756,0.16544472062754756,glob_probe,glob_probe,0.0,0.0014971234869441408,2502,293
nfcorpus,30,30,False,29,2129629,False,20.086813629442602,13.873219121216042,0.16242104626967518,0.16737318908008336,0.14017617522355785,0.142526086633473,0.16425871148232635,0.15853744577890758,0.16242104626967518,0.16242104626967518,ad_probe,ad_probe,0.004952142810408178,0.0018376652126511628,2501,293
nfcorpus,30,30,False,30,2130629,False,8.670054849167155,13.873219121216042,0.15946320264851188,0.13705488230064558,0.1369680138835156,0.13722557474075828,0.16042627453646308,0.15232916504441948,0.15946320264851188,0.13705488230064558,ad_probe,glob_probe,0.0,0.0009630718879511946,2402,293
nfcorpus,30,30,False,31,2131629,False,15.415691324616585,13.873219121216042,0.1630996418312012,0.12635195363108798,0.1403850172465775,0.13940420435787043,0.1640434600912136,0.15553852023398923,0.12635195363108798,0.12635195363108798,glob_probe,glob_probe,0.03674768820011323,0.0009438182600123857,2386,293
nfcorpus,30,30,False,32,2132629,False,21.49625480758367,13.873219121216042,0.15508846910663424,0.12863411818284914,0.1310274445772021,0.1268939891690213,0.1547334029164346,0.14300557071861233,0.12863411818284914,0.12863411818284914,glob_probe,glob_probe,0.02645435092378509,0.0003550661901996488,2402,293
nfcorpus,30,30,False,33,2133629,False,16.327321554613327,13.873219121216042,0.1574404505045455,0.1590361462443679,0.13712810986818788,0.1388006786276867,0.16016001351750014,0.15268870357882894,0.1590361462443679,0.1590361462443679,glob_probe,glob_probe,0.0,0.0027195630129546455,2399,293
nfcorpus,30,30,False,34,2134629,False,23.353063191965315,13.873219121216042,0.15965015546705338,0.16348491444655286,0.1416986324938172,0.14658881686696484,0.16410469333268665,0.16096408331531958,0.16348491444655286,0.16348491444655286,glob_probe,glob_probe,0.0,0.004454537865633268,2407,293
nfcorpus,30,30,False,35,2135629,False,10.706779815236688,13.873219121216042,0.16019786982828765,0.15760075708329657,0.13402083311536248,0.1356137326099699,0.15896414202324935,0.15185642515261047,0.15760075708329657,0.15760075708329657,glob_probe,glob_probe,0.0025971127449910814,0.0012337278050383038,2437,293
nfcorpus,30,30,False,36,2136629,False,12.340488868101705,13.873219121216042,0.15671514718227128,0.15649010970214455,0.13323182972741016,0.14038727066234166,0.15614218479443173,0.15334944572288017,0.15649010970214455,0.15649010970214455,glob_probe,glob_probe,0.00022503748012672742,0.0005729623878395484,2470,293
nfcorpus,30,30,False,37,2137629,False,13.118944259865067,13.873219121216042,0.16203062212341052,0.16353697858970762,0.13872094660877213,0.14334758528196737,0.16169568214073013,0.1579474753962544,0.16353697858970762,0.16353697858970762,glob_probe,glob_probe,0.0,0.0003349399826803878,2536,293
nfcorpus,30,30,False,38,2138629,False,17.58338795731096,13.873219121216042,0.15483123964219386,0.15962815447356518,0.13400448309295046,0.13365172658843688,0.15617021699748282,0.15119144657008723,0.15962815447356518,0.15962815447356518,glob_probe,glob_probe,0.0,0.0013389773552889561,2469,293
nfcorpus,30,30,False,39,2139629,False,13.580718024004884,13.873219121216042,0.1597880719115766,0.15828647082869654,0.1321953322852077,0.13678593671310657,0.159659287742515,0.15208577033041795,0.1597880719115766,0.15828647082869654,ad_probe,glob_probe,0.0,0.00012878416906159096,2417,293
nfcorpus,30,30,False,40,2140629,False,13.115682246173801,13.873219121216042,0.15482612826681882,0.15767529370897088,0.134218931441445,0.13681024760227958,0.15515621170327903,0.15073054101509564,0.15482612826681882,0.15482612826681882,ad_probe,ad_probe,0.002849165442152052,0.0003300834364602101,2402,293
nfcorpus,30,30,False,41,2141629,False,15.023663172733636,13.873219121216042,0.16070232073291657,0.16040926488194396,0.1364791930319203,0.13963667305547556,0.16172668660682873,0.1542935455359039,0.16070232073291657,0.16040926488194396,ad_probe,glob_probe,0.0,0.0010243658739121642,2344,293
nfcorpus,30,30,False,42,2142629,False,17.13541574492847,13.873219121216042,0.1539240774176169,0.15930997465568061,0.13319127736066463,0.13868359719487006,0.1564946668551265,0.15152517671580606,0.15930997465568061,0.15930997465568061,glob_probe,glob_probe,0.0,0.002570589437509596,2287,293
nfcorpus,30,30,False,43,2143629,False,16.750826095682374,13.873219121216042,0.1597033870890963,0.16390963479421997,0.1392011544167952,0.14241776243340543,0.16242915328950888,0.15810335562778638,0.16390963479421997,0.16390963479421997,glob_probe,glob_probe,0.0,0.0027257662004125938,2565,293
nfcorpus,30,30,False,44,2144629,False,11.196872065038743,13.873219121216042,0.1602589836604485,0.15623754322430064,0.13217892714580073,0.13723005350879622,0.15848173686171282,0.15055407494653145,0.15623754322430064,0.15623754322430064,glob_probe,glob_probe,0.004021440436147855,0.001777246798735671,2496,293
nfcorpus,30,30,False,45,2145629,False,12.443976443611238,13.873219121216042,0.15618541807157416,0.1571714919290884,0.13565063840199526,0.1419706283795684,0.15622246818832317,0.15435004752902276,0.1571714919290884,0.1571714919290884,glob_probe,glob_probe,0.0,3.705011674901004e-05,2365,293
nfcorpus,30,30,False,46,2146629,False,16.764600550737953,13.873219121216042,0.15367629859563633,0.15757050461316396,0.13379971091491832,0.13975081207506004,0.15644090919410977,0.15278822114756405,0.15757050461316396,0.15757050461316396,glob_probe,glob_probe,0.0,0.002764610598473438,2486,293
nfcorpus,30,30,False,47,2147629,False,10.551866442503215,13.873219121216042,0.15688039009905488,0.15272460713728678,0.1351989204149456,0.13394574534530915,0.15472388307896515,0.14754590055412356,0.15272460713728678,0.15272460713728678,glob_probe,glob_probe,0.004155782961768106,0.0021565070200897374,2512,293
nfcorpus,30,30,False,48,2148629,False,13.539861769591205,13.873219121216042,0.1625423624134403,0.16309503011148718,0.14246566465630392,0.14245674712903825,0.16202649036597044,0.15660079839955715,0.16309503011148718,0.16309503011148718,glob_probe,glob_probe,0.0,0.0005158720474698619,2380,293
nfcorpus,30,30,False,49,2149629,False,14.629527466315997,13.873219121216042,0.15916946605626459,0.16109775461621859,0.13551705739383696,0.13897403131949937,0.15936205632352685,0.15386215922512345,0.16109775461621859,0.16109775461621859,glob_probe,glob_probe,0.0,0.00019259026726226036,2503,293
nfcorpus,50,50,False,0,2200315,False,11.633349509215005,13.873219121216042,0.15607563381252573,0.1530067616529652,0.13649814302611069,0.1328803770093412,0.15547893165970983,0.14764365166746396,0.1530067616529652,0.1530067616529652,glob_probe,glob_probe,0.0030688721595605317,0.0005967021528159033,4107,273
nfcorpus,50,50,False,1,2201315,False,16.43027125944449,13.873219121216042,0.1601618756136633,0.15881965100239598,0.13675339253023505,0.1377537853820404,0.16274811977393985,0.15427974526253393,0.15881965100239598,0.15881965100239598,glob_probe,glob_probe,0.0013422246112673175,0.0025862441602765573,4064,273
nfcorpus,50,50,False,2,2202315,False,13.142920898834525,13.873219121216042,0.15439000432647518,0.155178474156391,0.1297396193899462,0.13560779634197812,0.15402959651606046,0.14681224409638094,0.155178474156391,0.155178474156391,glob_probe,glob_probe,0.0,0.0003604078104147146,4080,273
nfcorpus,50,50,False,3,2203315,False,11.978397129184183,13.873219121216042,0.15675770302977196,0.1584982090473775,0.13782432676562267,0.1358187481332408,0.15627441399515926,0.15061190658827694,0.1584982090473775,0.1584982090473775,glob_probe,glob_probe,0.0,0.00048328903461269945,4147,273
nfcorpus,50,50,False,4,2204315,False,18.164799177074265,13.873219121216042,0.1562103487113273,0.15705135531755704,0.13682802720412765,0.1376451275759956,0.1595759949507046,0.15249575017343828,0.15705135531755704,0.15705135531755704,glob_probe,glob_probe,0.0,0.0033656462393772957,3953,273
nfcorpus,50,50,False,5,2205315,False,13.01303446098839,13.873219121216042,0.15538527247914238,0.14926784668195434,0.127919209323307,0.12896874522536866,0.15570767365096894,0.1420837067270445,0.14926784668195434,0.14926784668195434,glob_probe,glob_probe,0.0061174257971880475,0.0003224011718265529,4132,273
nfcorpus,50,50,False,6,2206315,False,18.51988839751827,13.873219121216042,0.16386819199275304,0.16821119776516744,0.14210312609910575,0.14548740660804463,0.1678540730140032,0.16158056153956887,0.16821119776516744,0.16821119776516744,glob_probe,glob_probe,0.0,0.003985881021250165,4102,273
nfcorpus,50,50,False,7,2207315,False,12.040528695130597,13.873219121216042,0.15671502058653014,0.15345422775224038,0.13013201552279788,0.13275881716606494,0.1573783596359997,0.1463993731420088,0.15345422775224038,0.15345422775224038,glob_probe,glob_probe,0.0032607928342897607,0.0006633390494695524,4025,273
nfcorpus,50,50,False,8,2208315,False,8.22814633101924,13.873219121216042,0.1529692248981213,0.15794573127882308,0.13220078953064132,0.13248649496982454,0.15600142478554996,0.14939108375862825,0.1529692248981213,0.1529692248981213,ad_probe,ad_probe,0.004976506380701795,0.0030321998874286715,4074,273
nfcorpus,50,50,False,9,2209315,False,16.40652005628087,13.873219121216042,0.1607608920924077,0.16422560657398014,0.13989126721437126,0.14017114515492127,0.1641447066615297,0.15729963046730022,0.16422560657398014,0.16422560657398014,glob_probe,glob_probe,0.0,0.0033838145691219845,4067,273
nfcorpus,50,50,False,10,2210315,False,12.402381255206464,13.873219121216042,0.16289839038328877,0.1615794618441297,0.139021660695208,0.1389610559614919,0.1625878315518542,0.15476260995382793,0.1615794618441297,0.1615794618441297,glob_probe,glob_probe,0.0013189285391590755,0.0003105588314345764,4079,273
nfcorpus,50,50,False,11,2211315,False,20.042059260164926,13.873219121216042,0.15050574501687636,0.15401243732086065,0.1329677360555455,0.13610553521481453,0.1511628421178984,0.14839085839268606,0.15401243732086065,0.15401243732086065,glob_probe,glob_probe,0.0,0.0006570971010220472,3974,273
nfcorpus,50,50,False,12,2212315,False,13.179741217109001,13.873219121216042,0.16521922697518066,0.16565201169348956,0.13934138060626364,0.14281813179804115,0.16496620478289606,0.15843386888720626,0.16565201169348956,0.16565201169348956,glob_probe,glob_probe,0.0,0.00025302219228459655,4125,273
nfcorpus,50,50,False,13,2213315,False,10.216435396611681,13.873219121216042,0.16757419453112066,0.16801085835038496,0.1417460946990084,0.14213467678646682,0.16524820505341295,0.15816081308177904,0.16801085835038496,0.16801085835038496,glob_probe,glob_probe,0.0,0.0023259894777077073,4182,273
nfcorpus,50,50,False,14,2214315,False,15.590432077867643,13.873219121216042,0.15777389466508626,0.1611835672427988,0.13414214232487545,0.13655627576335214,0.15957236009011758,0.15212135300848825,0.1611835672427988,0.1611835672427988,glob_probe,glob_probe,0.0,0.0017984654250313148,3933,273
nfcorpus,50,50,False,15,2215315,False,14.566661500359064,13.873219121216042,0.16461755678763523,0.14933006362982132,0.1359751512726255,0.13256750905998058,0.16460559902456512,0.14933006362982132,0.14933006362982132,0.14933006362982132,glob_probe,glob_probe,0.015287493157813914,1.195776307011398e-05,4073,273
nfcorpus,50,50,False,16,2216315,False,18.494271083018553,13.873219121216042,0.15520710089033804,0.14511023366225992,0.13401744446714972,0.133238279257152,0.15844065938525168,0.14511023366225992,0.14511023366225992,0.14511023366225992,glob_probe,glob_probe,0.010096867228078121,0.0032335584949136353,3919,273
nfcorpus,50,50,False,17,2217315,False,11.245215655498335,13.873219121216042,0.16928558273508063,0.17025394562635288,0.1454545077088962,0.14429689859319705,0.1671083680720324,0.16153397485236254,0.16928558273508063,0.17025394562635288,ad_probe,glob_probe,0.0009683628912722508,0.002177214663048238,4047,273
nfcorpus,50,50,False,18,2218315,False,19.151564548944563,13.873219121216042,0.15378650552165607,0.1562531781744362,0.1380093624494712,0.14500982954093466,0.15721350559887695,0.15794381697289073,0.1562531781744362,0.1562531781744362,glob_probe,glob_probe,0.0,0.003427000077220882,4118,273
nfcorpus,50,50,False,19,2219315,False,10.865475146543469,13.873219121216042,0.16138495435260233,0.16280492976195288,0.14031740436852197,0.13892071048629479,0.16017411389431166,0.15565443562574977,0.16138495435260233,0.16138495435260233,ad_probe,ad_probe,0.0014199754093505434,0.001210840458290674,4171,273
nfcorpus,50,50,False,20,2220315,False,13.25779653927447,13.873219121216042,0.16636348623148198,0.16657358348947995,0.14192508033797901,0.14858724354679934,0.1662101347864771,0.16396438928155918,0.16657358348947995,0.16657358348947995,glob_probe,glob_probe,0.0,0.00015335144500489006,4175,273
nfcorpus,50,50,False,21,2221315,False,18.76506959499063,13.873219121216042,0.157441587555266,0.16377503384535977,0.13874403171000574,0.14419026277280522,0.1610745874242358,0.15521513571332304,0.16377503384535977,0.16377503384535977,glob_probe,glob_probe,0.0,0.0036329998689698106,4060,273
nfcorpus,50,50,False,22,2222315,False,16.142000488707602,13.873219121216042,0.15563077180305707,0.15823955526770261,0.13435958521568103,0.1356480648913753,0.15796377645771015,0.15166963074988546,0.15823955526770261,0.15823955526770261,glob_probe,glob_probe,0.0,0.0023330046546530814,4042,273
nfcorpus,50,50,False,23,2223315,False,13.192660923397959,13.873219121216042,0.16137357155443552,0.14540416237677117,0.13231918532809273,0.13095962239161432,0.16048970467226972,0.14540416237677117,0.14540416237677117,0.14540416237677117,glob_probe,glob_probe,0.015969409177664345,0.0008838668821657958,4005,273
nfcorpus,50,50,False,24,2224315,False,12.976933222886846,13.873219121216042,0.15974822609040196,0.16037839468883022,0.13560615435179926,0.14098746574393903,0.1595093862269456,0.15511667368401824,0.16037839468883022,0.16037839468883022,glob_probe,glob_probe,0.0,0.00023883986345635266,4083,273
nfcorpus,50,50,False,25,2225315,False,10.718773731539944,13.873219121216042,0.1605908043014809,0.1489766374508603,0.1312200966589404,0.13183409565334347,0.15930699611103094,0.1489766374508603,0.1489766374508603,0.1489766374508603,glob_probe,glob_probe,0.01161416685062061,0.0012838081904499588,4204,273
nfcorpus,50,50,False,26,2226315,False,12.438849945037866,13.873219121216042,0.16290364868484702,0.1640307620147513,0.1385648169804438,0.142532654429602,0.16276253151082154,0.15695300217869246,0.1640307620147513,0.1640307620147513,glob_probe,glob_probe,0.0,0.00014111717402548463,3954,273
nfcorpus,50,50,False,27,2227315,False,13.735403326903793,13.873219121216042,0.1606857741687354,0.15076487577826192,0.1366397082950155,0.13738488781402833,0.16075783651052059,0.15076487577826192,0.15076487577826192,0.15076487577826192,glob_probe,glob_probe,0.00992089839047347,7.20623417851951e-05,4168,273
nfcorpus,50,50,False,28,2228315,False,23.094484195412562,13.873219121216042,0.1603797884579203,0.16533369188951647,0.1402250132091768,0.14506367282734164,0.16371629695887202,0.1615848599200604,0.1603797884579203,0.1603797884579203,ad_probe,ad_probe,0.004953903431596157,0.0033365085009517126,3992,273
nfcorpus,50,50,False,29,2229315,False,15.551420290609963,13.873219121216042,0.15437369444543822,0.15587585259450296,0.13349306053979262,0.13589940340502493,0.15526950422193125,0.147601931073237,0.15587585259450296,0.15587585259450296,glob_probe,glob_probe,0.0,0.000895809776493034,4048,273
nfcorpus,50,50,False,30,2230315,False,14.348115994732623,13.873219121216042,0.16510313350653305,0.16361529113240508,0.14089446671781208,0.1446838520665653,0.16525403247994241,0.1586674151373734,0.16361529113240508,0.16361529113240508,glob_probe,glob_probe,0.0014878423741279678,0.00015089897340936353,4097,273
nfcorpus,50,50,False,31,2231315,False,13.097848818303852,13.873219121216042,0.1611098291447649,0.1617506479508838,0.1402727481929334,0.1435572523816523,0.16058331903525938,0.1567151860842975,0.1617506479508838,0.1617506479508838,glob_probe,glob_probe,0.0,0.0005265101095055236,4054,273
nfcorpus,50,50,False,32,2232315,False,12.89462656190621,13.873219121216042,0.1603786248102664,0.16196123012100946,0.13987503045113436,0.1393333918293098,0.15999240704531748,0.15428765913472833,0.16196123012100946,0.16196123012100946,glob_probe,glob_probe,0.0,0.0003862177649489318,4142,273
nfcorpus,50,50,False,33,2233315,False,13.182396774097619,13.873219121216042,0.1583474024609287,0.1547923861851,0.1342673810360061,0.13348296932006973,0.15821617557340265,0.14886077515762303,0.1547923861851,0.1547923861851,glob_probe,glob_probe,0.003555016275828715,0.0001312268875260647,4080,273
nfcorpus,50,50,False,34,2234315,False,12.214924236807377,13.873219121216042,0.15813183967733996,0.15728381054251503,0.13756146921777718,0.1426149481937778,0.15828388678760155,0.15547527893654373,0.15728381054251503,0.15728381054251503,glob_probe,glob_probe,0.0008480291348249291,0.0001520471102615939,4114,273
nfcorpus,50,50,False,35,2235315,False,12.966397949267975,13.873219121216042,0.16137971312682892,0.16204314682263676,0.13731639464825143,0.14217331493089921,0.16111413679205136,0.15859064988953728,0.16204314682263676,0.16204314682263676,glob_probe,glob_probe,0.0,0.0002655763347775564,4175,273
nfcorpus,50,50,False,36,2236315,False,11.802732668484364,13.873219121216042,0.16167236488336253,0.15219041487807292,0.1368726314937767,0.1388611211493715,0.1616732286017157,0.15219041487807292,0.15219041487807292,0.15219041487807292,glob_probe,glob_probe,0.009481950005289619,8.63718353172338e-07,4143,273
nfcorpus,50,50,False,37,2237315,False,13.612642277523282,13.873219121216042,0.1595280853316376,0.1616186305351256,0.13481383827581309,0.14191221770540546,0.1591048786111493,0.1567017446279089,0.1595280853316376,0.1595280853316376,ad_probe,ad_probe,0.0020905452034880034,0.00042320672048828945,4180,273
nfcorpus,50,50,False,38,2238315,False,21.41449722711926,13.873219121216042,0.1571991125574693,0.16163040546646806,0.13759361369752307,0.14033957162805857,0.16097589043911106,0.15552093657365632,0.16163040546646806,0.16163040546646806,glob_probe,glob_probe,0.0,0.0037767778816417685,3933,273
nfcorpus,50,50,False,39,2239315,False,16.2966093268561,13.873219121216042,0.15723017927853047,0.16057834866186177,0.13449021554163867,0.13739108752671453,0.1601856458038044,0.15188409412867537,0.16057834866186177,0.16057834866186177,glob_probe,glob_probe,0.0,0.0029554665252739254,3990,273
nfcorpus,50,50,False,40,2240315,False,18.286687441123377,13.873219121216042,0.16224106819727524,0.1673837805427335,0.13979761701195248,0.14254520254014624,0.1653477994881398,0.15904428767931447,0.1673837805427335,0.1673837805427335,glob_probe,glob_probe,0.0,0.003106731290864556,4086,273
nfcorpus,50,50,False,41,2241315,False,12.324993813875704,13.873219121216042,0.14961614988365746,0.15263534369525084,0.129744666777603,0.13400275459466496,0.14921127741524295,0.1470839350683105,0.14961614988365746,0.14961614988365746,ad_probe,ad_probe,0.003019193811593379,0.0004048724684145022,4095,273
nfcorpus,50,50,False,42,2242315,False,14.85779767646935,13.873219121216042,0.16011699141630298,0.16321355114515285,0.13597239657325352,0.1365293966744347,0.16008245181898365,0.15277781117691874,0.16321355114515285,0.16321355114515285,glob_probe,glob_probe,0.0,3.453959731933298e-05,4049,273
nfcorpus,50,50,False,43,2243315,False,14.593179692357996,13.873219121216042,0.16338289080636034,0.16458135025129933,0.14019500923919162,0.14048242186303225,0.1634646515339617,0.15525743097849357,0.16458135025129933,0.16458135025129933,glob_probe,glob_probe,0.0,8.176072760135433e-05,4118,273
nfcorpus,50,50,False,44,2244315,False,12.249437858398071,13.873219121216042,0.15243887003963563,0.1419564305039403,0.12882767194253594,0.1283283977035612,0.15289978479755467,0.1419564305039403,0.1419564305039403,0.1419564305039403,glob_probe,glob_probe,0.010482439535695331,0.0004609147579190398,4027,273
nfcorpus,50,50,False,45,2245315,False,16.13959597283243,13.873219121216042,0.15280366517283522,0.1572249228734662,0.13409750691124356,0.13448358074074854,0.15449935411543023,0.1474009351376425,0.1572249228734662,0.1572249228734662,glob_probe,glob_probe,0.0,0.0016956889425950028,3852,273
nfcorpus,50,50,False,46,2246315,False,9.290359549560309,13.873219121216042,0.15113109738736857,0.15320527967326464,0.12860620219203567,0.13440235244629475,0.1517098747122389,0.1483375849869224,0.15113109738736857,0.15320527967326464,ad_probe,glob_probe,0.0020741822858960646,0.0005787773248703276,4074,273
nfcorpus,50,50,False,47,2247315,False,15.400413047016906,13.873219121216042,0.1594577275130996,0.16171688747181578,0.13884674475218187,0.14138318232967603,0.1605577206795544,0.15344524444498014,0.16171688747181578,0.16171688747181578,glob_probe,glob_probe,0.0,0.001099993166454788,4104,273
nfcorpus,50,50,False,48,2248315,False,13.917004526186673,13.873219121216042,0.16240268738866864,0.14958574071458092,0.14016935852913143,0.13843948661407915,0.162407237703778,0.14958574071458092,0.14958574071458092,0.14958574071458092,glob_probe,glob_probe,0.012816946674087726,4.550315109347336e-06,4099,273
nfcorpus,50,50,False,49,2249315,False,13.411927490164466,13.873219121216042,0.15779368547011918,0.15927877968921766,0.13265367646818055,0.1320400887189677,0.15725762527516648,0.14901291898322205,0.15927877968921766,0.15927877968921766,glob_probe,glob_probe,0.0,0.0005360601949526977,4294,273
scifact,10,10,False,0,9,False,0.5956073345124067,0.5785038563272797,0.4889737274220032,0.532200328407225,0.24399856104691092,0.4193819973130318,0.4913957307060755,0.3311401466789485,0.532200328407225,0.532200328407225,glob_probe,glob_probe,0.0,0.002422003284072327,748,290
scifact,10,10,False,1,1009,False,0.5727424654497864,0.5785038563272797,0.49593596059113293,0.5418144499178982,0.24271445524962057,0.42089540727471764,0.49432676518883417,0.33508103337845585,0.5418144499178982,0.5418144499178982,glob_probe,glob_probe,0.0,0.0016091954022987576,664,290
scifact,10,10,False,2,2009,False,0.5271460509138713,0.5785038563272797,0.5102107279693486,0.5389983579638752,0.24232079905573947,0.4199101855998407,0.48977832512315267,0.3342176601200301,0.5389983579638752,0.5389983579638752,glob_probe,glob_probe,0.0,0.020432402846195963,728,290
scifact,10,10,False,3,3009,False,0.5200131015760067,0.5785038563272797,0.5149726327312534,0.5346633825944171,0.244765798240165,0.42271533064636513,0.49513136288998355,0.33428302870114085,0.5346633825944171,0.5346633825944171,glob_probe,glob_probe,0.0,0.019841269841269826,709,290
scifact,10,10,False,4,4009,False,0.596443257796982,0.5785038563272797,0.4873563218390804,0.49920087575259997,0.2421736968549602,0.4201865950141812,0.48977832512315267,0.3329450180527853,0.49920087575259997,0.49920087575259997,glob_probe,glob_probe,0.0,0.0024220032840722716,759,290
scifact,10,10,False,5,5009,False,0.5189801880906565,0.5785038563272797,0.5101450465243569,0.5323891625615763,0.24507019816570835,0.4185117181668906,0.4898440065681445,0.33050112095371587,0.5323891625615763,0.5323891625615763,glob_probe,glob_probe,0.0,0.020301039956212408,801,290
scifact,10,10,False,6,6009,False,0.5332563435428097,0.5785038563272797,0.5096907498631635,0.5320853858784893,0.2420714296928019,0.41955714783300985,0.4901888341543514,0.3343952345030018,0.5320853858784893,0.5320853858784893,glob_probe,glob_probe,0.0,0.019501915708812156,830,290
scifact,10,10,False,7,7009,False,0.4895362886916873,0.5785038563272797,0.5170142309797482,0.5026491516146688,0.24405926038422204,0.4229039160073642,0.49357142857142855,0.3344857187314171,0.5026491516146688,0.5026491516146688,glob_probe,glob_probe,0.014365079365079358,0.02344280240831964,772,290
scifact,10,10,False,8,8009,False,0.5926644706646853,0.5785038563272797,0.48431855500821014,0.5329638752052545,0.24125095897577947,0.41801363387570284,0.48616584564860427,0.3300276672044,0.5329638752052545,0.5329638752052545,glob_probe,glob_probe,0.0,0.001847290640394128,733,290
scifact,10,10,False,9,9009,False,0.4815682389617349,0.5785038563272797,0.5211767925561028,0.536847290640394,0.24677430697281166,0.42387570284122006,0.4957635467980295,0.3359633790021808,0.5211767925561028,0.536847290640394,ad_probe,glob_probe,0.015670498084291218,0.025413245758073355,765,290
scifact,10,10,False,10,10009,False,0.5264708419039876,0.5785038563272797,0.510736179529283,0.5384811165845649,0.24351480432583172,0.4198417674279743,0.48892446633825937,0.33207789666842263,0.5384811165845649,0.5384811165845649,glob_probe,glob_probe,0.0,0.021811713191023596,787,290
scifact,10,10,False,11,11009,False,0.5263081271134111,0.5785038563272797,0.510736179529283,0.528752052545156,0.24138502192835426,0.42309548688859033,0.4912725779967159,0.3346223828335984,0.528752052545156,0.528752052545156,glob_probe,glob_probe,0.0,0.019463601532567043,761,290
scifact,10,10,False,12,12009,False,0.5976480051003488,0.5785038563272797,0.486551724137931,0.5282840722495895,0.24397174674017783,0.41887570284122005,0.4883990147783251,0.3295508327924743,0.5282840722495895,0.5282840722495895,glob_probe,glob_probe,0.0,0.0018472906403940725,746,290
scifact,10,10,False,13,13009,False,0.5710878693934823,0.5785038563272797,0.49007389162561577,0.49920087575259986,0.24270087687397324,0.4195735681942578,0.48731527093596055,0.32944748110697253,0.49920087575259986,0.49920087575259986,glob_probe,glob_probe,0.0,0.0027586206896552112,799,290
scifact,10,10,False,14,14009,False,0.7037133571334531,0.5785038563272797,0.47194332487435925,0.5297208538587849,0.24113612755380598,0.41806289495944665,0.4889737274220033,0.3283046488434507,0.5297208538587849,0.5297208538587849,glob_probe,glob_probe,0.0,0.01703040254764404,733,290
scifact,10,10,False,15,15009,False,0.4708617393656379,0.5785038563272797,0.5215216201423097,0.5403694581280788,0.24609886733780012,0.42289869134696717,0.4926518883415435,0.33501348598332226,0.5403694581280788,0.5403694581280788,glob_probe,glob_probe,0.0,0.02886973180076624,793,290
scifact,10,10,False,16,16009,False,0.5189411504032262,0.5785038563272797,0.5094553913519431,0.5310509031198686,0.24162462302094986,0.41701746529332734,0.4880049261083743,0.32917082289927985,0.5310509031198686,0.5310509031198686,glob_probe,glob_probe,0.0,0.02145046524356875,728,290
scifact,10,10,False,17,17009,False,0.5016218003169289,0.5785038563272797,0.5124329501915709,0.5344581280788177,0.24295989694243073,0.4170256754739513,0.4893185550082102,0.33118340801531326,0.5344581280788177,0.5344581280788177,glob_probe,glob_probe,0.0,0.02311439518336067,685,290
scifact,10,10,False,18,18009,False,0.5210089871418133,0.5785038563272797,0.5175588396278051,0.5384455391351942,0.24486295517548182,0.4220639896501965,0.4963382594417077,0.33317674710804385,0.5384455391351942,0.5384455391351942,glob_probe,glob_probe,0.0,0.02122058018609746,752,290
scifact,10,10,False,19,19009,False,0.5216258366058232,0.5785038563272797,0.5120990695128625,0.5338095238095238,0.24429892398613265,0.4188182315768523,0.4901888341543514,0.3311534702176804,0.5338095238095238,0.5338095238095238,glob_probe,glob_probe,0.0,0.021910235358511165,705,290
scifact,10,10,False,20,20009,False,0.6128624403305154,0.5785038563272797,0.48564039408866994,0.5332758620689655,0.2416362901197313,0.41866771159874605,0.489696223316913,0.33357140316192907,0.5332758620689655,0.5332758620689655,glob_probe,glob_probe,0.0,0.004055829228243046,724,290
scifact,10,10,False,21,21009,False,0.6649130308097835,0.5785038563272797,0.47593869731800764,0.5358374384236453,0.2401554720871891,0.4153699557147833,0.4865106732348112,0.3285087837889649,0.5358374384236453,0.5358374384236453,glob_probe,glob_probe,0.0,0.010571975916803533,784,290
scifact,10,10,False,22,22009,False,0.538899452684786,0.5785038563272797,0.5131116584564861,0.31008210180623974,0.24589950483272116,0.4211636065084341,0.4927750410509032,0.3326025702290782,0.5131116584564861,0.31008210180623974,ad_probe,glob_probe,0.0,0.020336617405582902,710,290
scifact,10,10,False,23,23009,False,0.5691026034396909,0.5785038563272797,0.4938505747126436,0.5347016967706623,0.2375311998077445,0.41913295516743787,0.4910919540229885,0.33366340885738305,0.4938505747126436,0.5347016967706623,ad_probe,glob_probe,0.04085112205801866,0.0027586206896551,664,290
scifact,10,10,False,24,24009,False,0.6426368498827053,0.5785038563272797,0.4759304871373837,0.49460317460317454,0.23516393106116537,0.4133475145544111,0.4838669950738916,0.3297348374288116,0.49460317460317454,0.49460317460317454,glob_probe,glob_probe,0.0,0.007936507936507908,760,290
scifact,10,10,False,25,25009,False,0.49732370768189016,0.5785038563272797,0.5166858237547892,0.3106568144499179,0.24220161969983922,0.4216343235308752,0.4935714285714286,0.3349949987234557,0.5166858237547892,0.3106568144499179,ad_probe,glob_probe,0.0,0.023114395183360614,756,290
scifact,10,10,False,26,26009,False,0.7106548278625531,0.5785038563272797,0.4668311190724984,0.524367816091954,0.23876546362821519,0.4129370055232124,0.4847865353037767,0.32977083591308604,0.524367816091954,0.524367816091954,glob_probe,glob_probe,0.0,0.017955416231278276,691,290
scifact,10,10,False,27,27009,False,0.48960631693869755,0.5785038563272797,0.5128270388615216,0.5358374384236453,0.24298798440246008,0.41706672637707115,0.489384236453202,0.3273645831620056,0.5358374384236453,0.5358374384236453,glob_probe,glob_probe,0.0,0.023442802408319585,798,290
scifact,10,10,False,28,28009,False,0.5726355348534309,0.5785038563272797,0.49639573070607546,0.5366830870279146,0.24703216818802318,0.4226165596855252,0.49421182266009844,0.33330328048001334,0.5366830870279146,0.5366830870279146,glob_probe,glob_probe,0.0,0.002183908045977012,762,290
scifact,10,10,False,29,29009,False,0.5031453457985456,0.5785038563272797,0.5113327859879583,0.4980514504652435,0.2419181729878211,0.41857739961188234,0.48909688013136277,0.33483062286942467,0.4980514504652435,0.4980514504652435,glob_probe,glob_probe,0.013281335522714766,0.022235905856595517,712,290
scifact,10,10,False,30,30009,False,0.6513230150802298,0.5785038563272797,0.4799698960043788,0.5398604269293924,0.23949536112535408,0.4196228292780017,0.4901888341543514,0.33379275944819414,0.5398604269293924,0.5398604269293924,glob_probe,glob_probe,0.0,0.0102189381499726,792,290
scifact,10,10,False,31,31009,False,0.6988738272593735,0.5785038563272797,0.46936532815843157,0.5367569786535304,0.24410344939723538,0.41819425784943026,0.4865106732348112,0.33030133989186583,0.5367569786535304,0.5367569786535304,glob_probe,glob_probe,0.0,0.017145345076379603,751,290
scifact,10,10,False,32,32009,False,0.5898978366812178,0.5785038563272797,0.48593596059113303,0.5358374384236452,0.2415050994712993,0.41589540727471763,0.48708538587848926,0.32892750300078755,0.5358374384236452,0.5358374384236452,glob_probe,glob_probe,0.0,0.0011494252873562316,785,290
scifact,10,10,False,33,33009,False,0.6883171750376712,0.5785038563272797,0.47317485196795545,0.5296551724137931,0.24367353448456192,0.41526844802706875,0.48683908045977015,0.3285981006024196,0.47317485196795545,0.5296551724137931,ad_probe,glob_probe,0.05648032044583767,0.0136642284918147,785,290
scifact,10,10,False,34,34009,False,0.5494403149974707,0.5785038563272797,0.50559934318555,0.5365270935960592,0.24481685185351645,0.41984176742797424,0.49007389162561577,0.33311956281503624,0.5365270935960592,0.5365270935960592,glob_probe,glob_probe,0.0,0.015525451559934234,789,290
scifact,10,10,False,35,35009,False,0.6201283517954213,0.5785038563272797,0.48740831964969894,0.5404351395730707,0.24180870391283477,0.41834751455441116,0.49248768472906407,0.3335443612383354,0.5404351395730707,0.5404351395730707,glob_probe,glob_probe,0.0,0.005079365079365128,694,290
scifact,10,10,False,36,36009,False,0.6250944909367289,0.5785038563272797,0.48896825396825394,0.5410098522167488,0.24021087645293832,0.4210514007065731,0.4920279146141215,0.3315068680801526,0.5410098522167488,0.5410098522167488,glob_probe,glob_probe,0.0,0.0030596606458675457,736,290
scifact,10,10,False,37,37009,False,0.5611487577219278,0.5785038563272797,0.49690476190476185,0.5014997263273125,0.2386184398514273,0.4145735681942579,0.48966338259441705,0.3266947549059705,0.5014997263273125,0.5014997263273125,glob_probe,glob_probe,0.0,0.007241379310344798,743,290
scifact,10,10,False,38,38009,False,0.5360726531520942,0.5785038563272797,0.5124493705528188,0.5404351395730705,0.24485694595702,0.4225456535801363,0.49237274220032834,0.33402876189514985,0.5404351395730705,0.5404351395730705,glob_probe,glob_probe,0.0,0.020076628352490467,767,290
scifact,10,10,False,39,39009,False,0.6358258822880369,0.5785038563272797,0.4871401204159824,0.532287903667214,0.24162302752026182,0.42010996666169076,0.49259441707717566,0.333371947445232,0.532287903667214,0.532287903667214,glob_probe,glob_probe,0.0,0.005454296661193236,688,290
scifact,10,10,False,40,40009,False,0.6105733620155256,0.5785038563272797,0.48716201423097977,0.5366420361247947,0.24417504638262547,0.41834751455441105,0.4911083743842365,0.33322321686546696,0.5366420361247947,0.5366420361247947,glob_probe,glob_probe,0.0,0.003946360153256723,723,290
scifact,10,10,False,41,41009,False,0.6218501245058541,0.5785038563272797,0.48487958401751496,0.5419293924466337,0.24343168959721082,0.4182325720256755,0.49069786535303767,0.3322960568191165,0.48487958401751496,0.5419293924466337,ad_probe,glob_probe,0.057049808429118776,0.0058182813355227014,761,290
scifact,10,10,False,42,42009,False,0.5020025381857675,0.5785038563272797,0.514272030651341,0.5419293924466339,0.24582923880138394,0.4216917947952431,0.49248768472906396,0.33437060396112983,0.5419293924466339,0.5419293924466339,glob_probe,glob_probe,0.0,0.021784345922277015,734,290
scifact,10,10,False,43,43009,False,0.6665049176001987,0.5785038563272797,0.4800109469074986,0.5418144499178982,0.2418655579783095,0.4188072846693536,0.49156814449917896,0.3302233431759381,0.4800109469074986,0.5418144499178982,ad_probe,glob_probe,0.06180350301039955,0.011557197591680335,755,290
scifact,10,10,False,44,44009,False,0.5169215129799435,0.5785038563272797,0.5166967706622879,0.5461822660098522,0.24591976400619972,0.4210514007065731,0.4949014778325123,0.33348091893351384,0.5166967706622879,0.5166967706622879,ad_probe,ad_probe,0.029485495347564283,0.021795292829775603,749,290
scifact,10,10,False,45,45009,False,0.594465138179948,0.5785038563272797,0.48581280788177345,0.5358374384236453,0.24418080217742794,0.41743892123202464,0.48823481116584566,0.33269871263406614,0.5358374384236453,0.5358374384236453,glob_probe,glob_probe,0.0,0.002422003284072216,803,290
scifact,10,10,False,46,46009,False,0.6129391633520946,0.5785038563272797,0.48717843459222765,0.49920087575259986,0.24166092066160322,0.4214619097377718,0.4911083743842365,0.3326279787702288,0.49920087575259986,0.49920087575259986,glob_probe,glob_probe,0.0,0.003929939792008841,788,290
scifact,10,10,False,47,47009,False,0.5774680361980999,0.5785038563272797,0.49419540229885056,0.5412972085385879,0.2459259216416677,0.4204739513360203,0.49339080459770107,0.3323622674700348,0.5412972085385879,0.5412972085385879,glob_probe,glob_probe,0.0,0.0008045977011494898,709,290
scifact,10,10,False,48,48009,False,0.5853049526109928,0.5785038563272797,0.48380131362889983,0.5245484400656815,0.23911280504046534,0.41701746529332734,0.48495073891625623,0.33182885452282873,0.5245484400656815,0.5245484400656815,glob_probe,glob_probe,0.0,0.0011494252873563982,747,290
scifact,10,10,False,49,49009,False,0.5307099099436535,0.5785038563272797,0.517287903667214,0.5060974274767378,0.24517088247267763,0.42433547295616264,0.4985796387520525,0.33644205741189365,0.5060974274767378,0.5060974274767378,glob_probe,glob_probe,0.011190476190476195,0.018708264915161477,724,290
scifact,30,30,False,0,2100922,False,0.5604769555237259,0.5785038563272797,0.5046384479717813,0.5366137566137565,0.23738029116763137,0.4240804874138207,0.49747795414462065,0.33413732712344757,0.5366137566137565,0.5366137566137565,glob_probe,glob_probe,0.0,0.007160493827160608,2425,270
scifact,30,30,False,1,2101922,False,0.523172393325595,0.5785038563272797,0.52396531452087,0.5406525573192239,0.24439310688331753,0.4268935385602052,0.5031305114638447,0.33904876452778065,0.5406525573192239,0.5406525573192239,glob_probe,glob_probe,0.0,0.020834803057025342,2141,270
scifact,30,30,False,2,2102922,False,0.5909778220094258,0.5785038563272797,0.48327160493827154,0.5317548500881835,0.23043900426332417,0.4130546202768425,0.4838888888888888,0.32824334834935187,0.5317548500881835,0.5317548500881835,glob_probe,glob_probe,0.0,0.0006172839506172756,2229,270
scifact,30,30,False,3,2103922,False,0.5438464492790545,0.5785038563272797,0.5131569664902997,0.535405643738977,0.23623255336733073,0.4260787771898883,0.49309523809523814,0.336845493442725,0.535405643738977,0.535405643738977,glob_probe,glob_probe,0.0,0.020061728395061595,2369,270
scifact,30,30,False,4,2104922,False,0.5217918040702556,0.5785038563272797,0.517933568489124,0.5477513227513227,0.24855357520245652,0.4292597937042381,0.499021164021164,0.34091983473928855,0.5477513227513227,0.5477513227513227,glob_probe,glob_probe,0.0,0.018912404467959998,2339,270
scifact,30,30,False,5,2105922,False,0.5268471584831742,0.5785038563272797,0.5067930629041739,0.528641975308642,0.2459922005475146,0.41658783603228045,0.4870282186948853,0.3282228749955452,0.528641975308642,0.528641975308642,glob_probe,glob_probe,0.0,0.019764844209288646,2285,270
scifact,30,30,False,6,2106922,False,0.5940210037341151,0.5785038563272797,0.49320987654320975,0.5463932980599647,0.24498346236600183,0.4219111752445086,0.49581128747795417,0.33140638696624247,0.5463932980599647,0.5463932980599647,glob_probe,glob_probe,0.0,0.002601410934744419,2201,270
scifact,30,30,False,7,2107922,False,0.6314887355750208,0.5785038563272797,0.4723691945914168,0.5287918871252204,0.23417645542444157,0.409697771364438,0.4786507936507936,0.326990396848498,0.5287918871252204,0.5287918871252204,glob_probe,glob_probe,0.0,0.006281599059376808,2258,270
scifact,30,30,False,8,2108922,False,0.5159583840827741,0.5785038563272797,0.5218665490887714,0.5408641975308642,0.24428944817912754,0.42759579926246594,0.4989506172839505,0.3387505225699764,0.5408641975308642,0.5408641975308642,glob_probe,glob_probe,0.0,0.022915931804820877,2264,270
scifact,30,30,False,9,2109922,False,0.5118858292465605,0.5785038563272797,0.5116078777189887,0.49889476778365666,0.2377821172365541,0.41685238629683075,0.4911111111111111,0.33375383201773023,0.49889476778365666,0.49889476778365666,glob_probe,glob_probe,0.01271310993533209,0.020496766607877637,2269,270
scifact,30,30,False,10,2110922,False,0.5259300557964856,0.5785038563272797,0.5101028806584361,0.4951205173427396,0.2456808483946928,0.41687884132328573,0.4893915343915343,0.3333533840886782,0.4951205173427396,0.4951205173427396,glob_probe,glob_probe,0.014982363315696523,0.020711346266901798,2190,270
scifact,30,30,False,11,2111922,False,0.5796429545806417,0.5785038563272797,0.5008730158730158,0.542580834803057,0.24599197356618124,0.4256648495537384,0.5008730158730158,0.336637594345937,0.542580834803057,0.542580834803057,glob_probe,glob_probe,0.0,0.0,2224,270
scifact,30,30,False,12,2112922,False,0.6081663193221218,0.5785038563272797,0.4856290417401528,0.4960552616108172,0.24571659704091697,0.419018759018759,0.4909788359788359,0.3365655234732126,0.4960552616108172,0.4960552616108172,glob_probe,glob_probe,0.0,0.005349794238683092,2186,270
scifact,30,30,False,13,2113922,False,0.5818468350850795,0.5785038563272797,0.49302469135802474,0.542742504409171,0.24297767154034594,0.420838276949388,0.49425925925925923,0.3330867183277407,0.542742504409171,0.542742504409171,glob_probe,glob_probe,0.0,0.0012345679012344957,2251,270
scifact,30,30,False,14,2114922,False,0.6176609109457967,0.5785038563272797,0.4812022339800117,0.5329982363315697,0.24542574571308584,0.4179161990273101,0.48648148148148146,0.3334227741866724,0.5329982363315697,0.5329982363315697,glob_probe,glob_probe,0.0,0.0052792475014697415,2235,270
scifact,30,30,False,15,2115922,False,0.5285204025655681,0.5785038563272797,0.5116990005878894,0.5417636684303352,0.24153843380751594,0.42646731868954085,0.49197530864197525,0.3361838505588599,0.5417636684303352,0.5417636684303352,glob_probe,glob_probe,0.0,0.019723691945914168,2290,270
scifact,30,30,False,16,2116922,False,0.5595733356010555,0.5785038563272797,0.4925485008818342,0.5357760141093475,0.23526701100412764,0.4130222863556197,0.4840299823633157,0.3292037319120746,0.5357760141093475,0.5357760141093475,glob_probe,glob_probe,0.0,0.008518518518518536,2289,270
scifact,30,30,False,17,2117922,False,0.5716612281317917,0.5785038563272797,0.49129629629629634,0.4966725455614345,0.23939281368648227,0.4165408048741382,0.489320987654321,0.32958238617961777,0.4966725455614345,0.4966725455614345,glob_probe,glob_probe,0.0,0.001975308641975315,2300,270
scifact,30,30,False,18,2118922,False,0.6339843476224793,0.5785038563272797,0.47716637272192824,0.5281216931216931,0.22956018220373153,0.4094508577841911,0.4816666666666667,0.3238699028647953,0.5281216931216931,0.5281216931216931,glob_probe,glob_probe,0.0,0.004500293944738443,2211,270
scifact,30,30,False,19,2119922,False,0.6011089823926998,0.5785038563272797,0.4877983539094649,0.49519106407995284,0.25013485910016553,0.4200269894714339,0.4918606701940034,0.33550903155070755,0.49519106407995284,0.49519106407995284,glob_probe,glob_probe,0.0,0.004062316284538514,2274,270
scifact,30,30,False,20,2120922,False,0.5876078395815811,0.5785038563272797,0.4978218694885361,0.5472927689594357,0.25161274471790274,0.42587034364812143,0.4990564373897707,0.3393813266803126,0.5472927689594357,0.5472927689594357,glob_probe,glob_probe,0.0,0.0012345679012346067,2329,270
scifact,30,30,False,21,2121922,False,0.5055582977313916,0.5785038563272797,0.5143445032333921,0.5302469135802469,0.24146133343654522,0.42320132542354766,0.4925925925925926,0.3324894996422868,0.5302469135802469,0.5302469135802469,glob_probe,glob_probe,0.0,0.02175191064079951,2384,270
scifact,30,30,False,22,2122922,False,0.5264145648297821,0.5785038563272797,0.5116490299823633,0.5356878306878308,0.24416326622202023,0.41670541392763616,0.4913492063492063,0.3297914261108799,0.5116490299823633,0.5356878306878308,ad_probe,glob_probe,0.02403880070546749,0.020299823633156966,2340,270
scifact,30,30,False,23,2123922,False,0.5750595552656772,0.5785038563272797,0.4980246913580246,0.5391240446796002,0.2354100856394267,0.42628774517663404,0.497037037037037,0.33489715069372866,0.5391240446796002,0.5391240446796002,glob_probe,glob_probe,0.0,0.0009876543209875743,2232,270
scifact,30,30,False,24,2124922,False,0.5509760494905132,0.5785038563272797,0.5064285714285713,0.5365784832451499,0.24212419573609734,0.4176313398535621,0.49061728395061727,0.33400967397291864,0.5365784832451499,0.5365784832451499,glob_probe,glob_probe,0.0,0.015811287477954072,2180,270
scifact,30,30,False,25,2125922,False,0.5641511864066262,0.5785038563272797,0.49161375661375656,0.4898824221046443,0.23456897842629587,0.41577334188445303,0.48593474426807753,0.32913577517745124,0.4898824221046443,0.4898824221046443,glob_probe,glob_probe,0.0017313345091122812,0.005679012345679024,2309,270
scifact,30,30,False,26,2126922,False,0.5724610571256372,0.5785038563272797,0.49314814814814806,0.5430511463844797,0.24018694484459807,0.42067660734327406,0.49179012345679,0.3323376913033439,0.5430511463844797,0.5430511463844797,glob_probe,glob_probe,0.0,0.0013580246913580396,2221,270
scifact,30,30,False,27,2127922,False,0.5237662716776039,0.5785038563272797,0.5080393885949441,0.5205643738977073,0.2489812342570997,0.42320426487093155,0.49048500881834206,0.33391486440098483,0.5205643738977073,0.5205643738977073,glob_probe,glob_probe,0.0,0.01755437977660207,2368,270
scifact,30,30,False,28,2128922,False,0.5482109250607334,0.5785038563272797,0.5017460317460318,0.5376719576719576,0.23816393889530837,0.4157471540804874,0.4863051146384479,0.33122817865874354,0.5376719576719576,0.5376719576719576,glob_probe,glob_probe,0.0,0.01544091710758394,2240,270
scifact,30,30,False,29,2129922,False,0.6234209809917102,0.5785038563272797,0.4688830099941211,0.5231746031746032,0.23405115278190544,0.40902731013842125,0.47291005291005284,0.3209453544870305,0.5231746031746032,0.5231746031746032,glob_probe,glob_probe,0.0,0.0040270429159317556,2179,270
scifact,30,30,False,30,2130922,False,0.5486873464093371,0.5785038563272797,0.5094003527336861,0.5475044091710758,0.24924128131272763,0.42235503179947625,0.49556437389770713,0.3337019721447489,0.5094003527336861,0.5475044091710758,ad_probe,glob_probe,0.03810405643738968,0.01383597883597898,2200,270
scifact,30,30,False,31,2131922,False,0.5656033582216624,0.5785038563272797,0.4889065255731922,0.5348500881834215,0.24151889388853542,0.4149564427342205,0.48507936507936494,0.32914558018725615,0.5348500881834215,0.5348500881834215,glob_probe,glob_probe,0.0,0.003827160493827253,2279,270
scifact,30,30,False,32,2132922,False,0.5782810040088662,0.5785038563272797,0.4890035273368606,0.49543797766019987,0.23702627546273844,0.41599406766073427,0.4890035273368606,0.33030783357173177,0.49543797766019987,0.49543797766019987,glob_probe,glob_probe,0.0,0.0,2217,270
scifact,30,30,False,33,2133922,False,0.582016852292013,0.5785038563272797,0.49544973544973536,0.5034626690182245,0.237803908764244,0.42639089305755973,0.49668430335096997,0.34005035821191726,0.5034626690182245,0.5034626690182245,glob_probe,glob_probe,0.0,0.0012345679012346067,2284,270
scifact,30,30,False,34,2134922,False,0.5541003309518151,0.5785038563272797,0.4938800705467372,0.5250176366843033,0.23435612206880352,0.412648709315376,0.48325396825396816,0.3326279349561607,0.5250176366843033,0.5250176366843033,glob_probe,glob_probe,0.0,0.010626102292769057,2293,270
scifact,30,30,False,35,2135922,False,0.5324106333107503,0.5785038563272797,0.5057995296884186,0.534047619047619,0.2402100451942882,0.4182074715408049,0.4858818342151675,0.32925255140533854,0.534047619047619,0.534047619047619,glob_probe,glob_probe,0.0,0.019917695473251062,2286,270
scifact,30,30,False,36,2136922,False,0.5748699225169274,0.5785038563272797,0.4932716049382716,0.5382451499118166,0.2398484295597182,0.4209646731868954,0.49166666666666664,0.3321076252990598,0.5382451499118166,0.5382451499118166,glob_probe,glob_probe,0.0,0.001604938271604961,2269,270
scifact,30,30,False,37,2137922,False,0.6009528398804794,0.5785038563272797,0.48562610229276887,0.5296472663139329,0.24780586057665324,0.41964780075891184,0.4888359788359788,0.3279796370768686,0.5296472663139329,0.5296472663139329,glob_probe,glob_probe,0.0,0.003209876543209922,2264,270
scifact,30,30,False,38,2138922,False,0.5279557740294467,0.5785038563272797,0.5155790711346266,0.53494708994709,0.24554984665787827,0.4211292822403933,0.49376543209876544,0.3294064220158655,0.53494708994709,0.53494708994709,glob_probe,glob_probe,0.0,0.0218136390358612,2213,270
scifact,30,30,False,39,2139922,False,0.6279705581086927,0.5785038563272797,0.4775426219870665,0.5235890652557319,0.24068882170371605,0.41224600502378284,0.48310405643738974,0.32872217340764026,0.5235890652557319,0.5235890652557319,glob_probe,glob_probe,0.0,0.005561434450323255,2252,270
scifact,30,30,False,40,2140922,False,0.5499826835140521,0.5785038563272797,0.49107583774250435,0.5238007054673721,0.23963983382342327,0.4085690235690236,0.4774867724867725,0.3256850538173731,0.5238007054673721,0.5238007054673721,glob_probe,glob_probe,0.0,0.013589065255731836,2270,270
scifact,30,30,False,41,2141922,False,0.5134855224284487,0.5785038563272797,0.5178512639623751,0.5374074074074073,0.24359790027309738,0.42596761263427935,0.49637566137566125,0.3400088732727715,0.5374074074074073,0.5374074074074073,glob_probe,glob_probe,0.0,0.021475602586713882,2357,270
scifact,30,30,False,42,2142922,False,0.6179148767605294,0.5785038563272797,0.47338918283362724,0.5287389770723104,0.23293154051317033,0.4055825450269894,0.4774867724867725,0.3202164791821318,0.5287389770723104,0.5287389770723104,glob_probe,glob_probe,0.0,0.004097589653145273,2350,270
scifact,30,30,False,43,2143922,False,0.5915294441129512,0.5785038563272797,0.4851322751322751,0.5370105820105819,0.2375322456642187,0.4135366896478007,0.4871164021164021,0.33343003443192637,0.5370105820105819,0.5370105820105819,glob_probe,glob_probe,0.0,0.0019841269841270326,2159,270
scifact,30,30,False,44,2144922,False,0.6522801891846635,0.5785038563272797,0.46665196942974724,0.5264462081128748,0.2425194787010397,0.40327213938325046,0.47708112874779546,0.3242210191515841,0.5264462081128748,0.5264462081128748,glob_probe,glob_probe,0.0,0.01042915931804822,2187,270
scifact,30,30,False,45,2145922,False,0.6023721329744669,0.5785038563272797,0.4819870664315108,0.5305291005291005,0.2374959425663925,0.41371305649083423,0.4871604938271605,0.32829414117792244,0.5305291005291005,0.5305291005291005,glob_probe,glob_probe,0.0,0.005173427395649688,2220,270
scifact,30,30,False,46,2146922,False,0.5909437675349096,0.5785038563272797,0.4847001763668429,0.526984126984127,0.2326557148397928,0.4190599112821335,0.48655202821869487,0.32660224362345175,0.526984126984127,0.526984126984127,glob_probe,glob_probe,0.0,0.0018518518518519378,2278,270
scifact,30,30,False,47,2147922,False,0.6274245419213148,0.5785038563272797,0.4818547912992358,0.5372574955908289,0.2449849865508523,0.41685238629683075,0.48865079365079356,0.3312464084318753,0.5372574955908289,0.5372574955908289,glob_probe,glob_probe,0.0,0.0067960023515577506,2175,270
scifact,30,30,False,48,2148922,False,0.6265331309243161,0.5785038563272797,0.4655584950029394,0.5203439153439153,0.241863758825126,0.40790764790764794,0.4715608465608465,0.3290853869691683,0.5203439153439153,0.5203439153439153,glob_probe,glob_probe,0.0,0.006002351557907126,2324,270
scifact,30,30,False,49,2149922,False,0.6835203073197579,0.5785038563272797,0.4625605258938592,0.5258994708994709,0.24482913914468715,0.406002886002886,0.4737654320987654,0.3183887033192683,0.5258994708994709,0.5258994708994709,glob_probe,glob_probe,0.0,0.011204906204906218,2178,270
scifact,50,50,False,0,2200564,False,0.5993899749560587,0.5785038563272797,0.49097142857142856,0.5352857142857143,0.2523886692994611,0.4259593073593073,0.4941809523809524,0.33692446123894504,0.5352857142857143,0.5352857142857143,glob_probe,glob_probe,0.0,0.0032095238095238288,3885,250
scifact,50,50,False,1,2201564,False,0.6009518844295003,0.5785038563272797,0.48643174603174605,0.5307619047619048,0.24473924465560037,0.41635613275613276,0.49015238095238095,0.3274098129701172,0.5307619047619048,0.5307619047619048,glob_probe,glob_probe,0.0,0.003720634920634902,3795,250
scifact,50,50,False,2,2202564,False,0.5264145648297821,0.5785038563272797,0.5186444444444444,0.5377047619047619,0.24796342828316745,0.42761933621933623,0.49747619047619046,0.3356860844110945,0.5377047619047619,0.5377047619047619,glob_probe,glob_probe,0.0,0.02116825396825389,3818,250
scifact,50,50,False,3,2203564,False,0.5400054289117664,0.5785038563272797,0.507552380952381,0.5335714285714286,0.23541367878059105,0.4167180375180375,0.4886761904761905,0.33267090147554546,0.5335714285714286,0.5335714285714286,glob_probe,glob_probe,0.0,0.01887619047619049,3691,250
scifact,50,50,False,4,2204564,False,0.5215241196335078,0.5785038563272797,0.5138634920634921,0.531079365079365,0.2370093408276174,0.43066724386724387,0.49432380952380955,0.3357924336174437,0.531079365079365,0.531079365079365,glob_probe,glob_probe,0.0,0.01953968253968258,3747,250
scifact,50,50,False,5,2205564,False,0.5595733356010555,0.5785038563272797,0.4948,0.49027301587301586,0.22824370023343937,0.4091304473304473,0.48533333333333334,0.322134348565241,0.49027301587301586,0.49027301587301586,glob_probe,glob_probe,0.004526984126984157,0.009466666666666679,3618,250
scifact,50,50,False,6,2206564,False,0.5877184083450009,0.5785038563272797,0.488447619047619,0.5307142857142857,0.2390206921710161,0.4167180375180375,0.488447619047619,0.32833670234134626,0.5307142857142857,0.5307142857142857,glob_probe,glob_probe,0.0,0.0,3892,250
scifact,50,50,False,7,2207564,False,0.5707116212845023,0.5785038563272797,0.4999047619047619,0.5325714285714286,0.24430817234083155,0.4281082251082251,0.49670476190476187,0.3364981579584621,0.5325714285714286,0.5325714285714286,glob_probe,glob_probe,0.0,0.003200000000000036,3721,250
scifact,50,50,False,8,2208564,False,0.5509758445235831,0.5785038563272797,0.5078380952380953,0.5305492063492063,0.2415977746385664,0.4283180375180375,0.49663809523809516,0.34019511982012995,0.5305492063492063,0.5305492063492063,glob_probe,glob_probe,0.0,0.011200000000000154,3733,250
scifact,50,50,False,9,2209564,False,0.587946612580406,0.5785038563272797,0.47988571428571425,0.5214190476190477,0.22437748391080964,0.40602886002886,0.47988571428571425,0.31767721632699425,0.5214190476190477,0.5214190476190477,glob_probe,glob_probe,0.0,0.0,3883,250
scifact,50,50,False,10,2210564,False,0.5930566451760563,0.5785038563272797,0.48667619047619054,0.5401047619047619,0.23185320279983854,0.41978787878787877,0.4888190476190476,0.330422103947114,0.5401047619047619,0.5401047619047619,glob_probe,glob_probe,0.0,0.0021428571428570575,3894,250
scifact,50,50,False,11,2211564,False,0.6076595826091868,0.5785038563272797,0.47873333333333334,0.5247968253968254,0.23653484619365042,0.4151847041847042,0.4836666666666667,0.33337765950266957,0.5247968253968254,0.5247968253968254,glob_probe,glob_probe,0.0,0.004933333333333345,3723,250
scifact,50,50,False,12,2212564,False,0.5789757039025133,0.5785038563272797,0.48360000000000003,0.4870730158730158,0.24329879714547128,0.4082545454545454,0.48360000000000003,0.3255547791150833,0.4870730158730158,0.4870730158730158,glob_probe,glob_probe,0.0,0.0,3650,250
scifact,50,50,False,13,2213564,False,0.5733577438142938,0.5785038563272797,0.4948095238095238,0.49053968253968255,0.24385126904735493,0.422946608946609,0.4929428571428571,0.33759804111624003,0.49053968253968255,0.49053968253968255,glob_probe,glob_probe,0.004269841269841257,0.0018666666666666831,3694,250
scifact,50,50,False,14,2214564,False,0.6122452698668754,0.5785038563272797,0.47794603174603173,0.5372285714285715,0.23867970284108286,0.4093497835497835,0.48279047619047616,0.3259715179318221,0.5372285714285715,0.5372285714285715,glob_probe,glob_probe,0.0,0.004844444444444429,3731,250
scifact,50,50,False,15,2215564,False,0.6021820319283729,0.5785038563272797,0.47347936507936506,0.515,0.24623124407209782,0.409794227994228,0.4782666666666667,0.3233596774846875,0.515,0.515,glob_probe,glob_probe,0.0,0.004787301587301618,3728,250
scifact,50,50,False,16,2216564,False,0.5410898551021623,0.5785038563272797,0.5243047619047619,0.5464857142857142,0.25249984586289026,0.4275942279942279,0.5027619047619047,0.34025347783638266,0.5464857142857142,0.5464857142857142,glob_probe,glob_probe,0.0,0.021542857142857197,3776,250
scifact,50,50,False,17,2217564,False,0.6155109470589153,0.5785038563272797,0.4826412698412698,0.5273777777777777,0.24294488507886575,0.41244502164502167,0.48607619047619044,0.31914600227101236,0.5273777777777777,0.5273777777777777,glob_probe,glob_probe,0.0,0.003434920634920624,3742,250
scifact,50,50,False,18,2218564,False,0.5789757039025133,0.5785038563272797,0.4872571428571429,0.528711111111111,0.2481169971925803,0.41540057720057716,0.4872571428571429,0.33222575994024367,0.528711111111111,0.528711111111111,glob_probe,glob_probe,0.0,0.0,3731,250
scifact,50,50,False,19,2219564,False,0.6497030323139072,0.5785038563272797,0.4697650793650794,0.5318857142857144,0.24148409740383658,0.40764502164502164,0.4795047619047619,0.31897928010429016,0.5318857142857144,0.5318857142857144,glob_probe,glob_probe,0.0,0.009739682539682493,3841,250
scifact,50,50,False,20,2220564,False,0.6022608911169804,0.5785038563272797,0.48786984126984123,0.5392857142857144,0.24363643645983693,0.42106724386724387,0.4923904761904762,0.33411306515981437,0.5392857142857144,0.5392857142857144,glob_probe,glob_probe,0.0,0.0045206349206349805,3841,250
scifact,50,50,False,21,2221564,False,0.6158901031093691,0.5785038563272797,0.4784603174603175,0.49253968253968256,0.24367583101139062,0.4124227994227994,0.48448571428571424,0.3304734142810869,0.49253968253968256,0.49253968253968256,glob_probe,glob_probe,0.0,0.006025396825396767,3785,250
scifact,50,50,False,22,2222564,False,0.5889189202759274,0.5785038563272797,0.5007428571428572,0.5475111111111112,0.2513547787020342,0.4316479076479076,0.5020761904761905,0.337044552626596,0.5475111111111112,0.5475111111111112,glob_probe,glob_probe,0.0,0.0013333333333332975,3770,250
scifact,50,50,False,23,2223564,False,0.5903610650829132,0.5785038563272797,0.48319047619047617,0.49053968253968255,0.2513313069077361,0.414841847041847,0.48519047619047617,0.33078969975000394,0.49053968253968255,0.49053968253968255,glob_probe,glob_probe,0.0,0.0020000000000000018,3863,250
scifact,50,50,False,24,2224564,False,0.5652472759045342,0.5785038563272797,0.48805714285714286,0.4870730158730158,0.24101743496187653,0.41607676767676766,0.4841904761904762,0.3328287050754543,0.4870730158730158,0.4870730158730158,glob_probe,glob_probe,0.0009841269841270317,0.0038666666666666294,3773,250
scifact,50,50,False,25,2225564,False,0.5973236209686766,0.5785038563272797,0.4816380952380952,0.5291777777777779,0.23790151250542643,0.41151168831168833,0.484447619047619,0.32073099704919605,0.5291777777777779,0.5291777777777779,glob_probe,glob_probe,0.0,0.0028095238095238173,3725,250
scifact,50,50,False,26,2226564,False,0.5755609924795582,0.5785038563272797,0.4933142857142857,0.5322476190476191,0.2402772491128087,0.42020346320346325,0.49158095238095234,0.3285718620321662,0.5322476190476191,0.5322476190476191,glob_probe,glob_probe,0.0,0.0017333333333333645,3827,250
scifact,50,50,False,27,2227564,False,0.5288667959064568,0.5785038563272797,0.5122825396825397,0.5429047619047619,0.24879027791419187,0.4265304473304473,0.49432380952380955,0.33775047557548565,0.5429047619047619,0.5429047619047619,glob_probe,glob_probe,0.0,0.01795873015873012,3785,250
scifact,50,50,False,28,2228564,False,0.487674702233024,0.5785038563272797,0.5302698412698412,0.547968253968254,0.25155981234234326,0.4325815295815295,0.5034095238095238,0.3392423145138315,0.547968253968254,0.547968253968254,glob_probe,glob_probe,0.0,0.026860317460317473,3743,250
scifact,50,50,False,29,2229564,False,0.5256709075873862,0.5785038563272797,0.5267206349206349,0.5499619047619048,0.24722850866023194,0.43358152958152957,0.5063523809523809,0.34421007610567445,0.5499619047619048,0.5499619047619048,glob_probe,glob_probe,0.0,0.020368253968254035,3852,250
scifact,50,50,False,30,2230564,False,0.5373945486307048,0.5785038563272797,0.5178380952380953,0.5294825396825397,0.24174731304209784,0.4241148629148629,0.4968380952380952,0.3433762805477976,0.5294825396825397,0.5294825396825397,glob_probe,glob_probe,0.0,0.02100000000000013,3784,250
scifact,50,50,False,31,2231564,False,0.614626952527602,0.5785038563272797,0.47544126984126983,0.5343523809523809,0.24996795372651162,0.4060132756132756,0.47946666666666665,0.3208181823784866,0.5343523809523809,0.5343523809523809,glob_probe,glob_probe,0.0,0.004025396825396821,3825,250
scifact,50,50,False,32,2232564,False,0.6329427909248198,0.5785038563272797,0.4696920634920635,0.5110380952380953,0.22653412375710621,0.4060450216450216,0.4743523809523809,0.32039287435317854,0.5110380952380953,0.5110380952380953,glob_probe,glob_probe,0.0,0.00466031746031742,3736,250
scifact,50,50,False,33,2233564,False,0.5815281831905097,0.5785038563272797,0.4900666666666666,0.5289714285714285,0.24595003791559752,0.41985772005772004,0.4914,0.33209198051017946,0.5289714285714285,0.5289714285714285,glob_probe,glob_probe,0.0,0.0013333333333334085,3760,250
scifact,50,50,False,34,2234564,False,0.5541003309518151,0.5785038563272797,0.5142571428571427,0.5456285714285715,0.23968017326315572,0.43049898989898994,0.5007809523809524,0.33939650732151744,0.5456285714285715,0.5456285714285715,glob_probe,glob_probe,0.0,0.013476190476190308,3759,250
scifact,50,50,False,35,2235564,False,0.5170209861046873,0.5785038563272797,0.5288920634920636,0.5121396825396826,0.24631954162426323,0.4307656565656566,0.5043142857142857,0.3433660052022281,0.5121396825396826,0.5121396825396826,glob_probe,glob_probe,0.016752380952381074,0.02457777777777792,3705,250
scifact,50,50,False,36,2236564,False,0.5502269474855879,0.5785038563272797,0.5087238095238095,0.5311238095238096,0.23727084455111003,0.41942886002886004,0.4932571428571429,0.3321646724896826,0.5311238095238096,0.5311238095238096,glob_probe,glob_probe,0.0,0.015466666666666573,3818,250
scifact,50,50,False,37,2237564,False,0.5810342295101982,0.5785038563272797,0.48819999999999997,0.5361619047619047,0.2448718278487833,0.4231939393939394,0.48819999999999997,0.3320034337284438,0.5361619047619047,0.5361619047619047,glob_probe,glob_probe,0.0,0.0,3736,250
scifact,50,50,False,38,2238564,False,0.6687813117608905,0.5785038563272797,0.4631269841269841,0.5223777777777777,0.24648988068689806,0.39782914862914864,0.4745904761904762,0.31392057998088424,0.5223777777777777,0.5223777777777777,glob_probe,glob_probe,0.0,0.011463492063492065,3770,250
scifact,50,50,False,39,2239564,False,0.5733550333806703,0.5785038563272797,0.49193333333333333,0.5189523809523809,0.24161206584695896,0.4233593073593074,0.49006666666666665,0.3309272432522533,0.5189523809523809,0.5189523809523809,glob_probe,glob_probe,0.0,0.0018666666666666831,3930,250
scifact,50,50,False,40,2240564,False,0.5959897258866098,0.5785038563272797,0.49496190476190477,0.5380349206349205,0.248115899496165,0.4181878787878788,0.49696190476190477,0.331354883104661,0.5380349206349205,0.5380349206349205,glob_probe,glob_probe,0.0,0.0020000000000000018,3896,250
scifact,50,50,False,41,2241564,False,0.5246858668010662,0.5785038563272797,0.5094634920634921,0.47853968253968254,0.238222113058499,0.4213243867243867,0.4929714285714286,0.3379910461160562,0.47853968253968254,0.47853968253968254,glob_probe,glob_probe,0.03092380952380952,0.016492063492063447,3696,250
scifact,50,50,False,42,2242564,False,0.5707116212845023,0.5785038563272797,0.4960857142857143,0.5434761904761904,0.24187614553470346,0.4224098124098124,0.49435238095238093,0.3379032491177329,0.5434761904761904,0.5434761904761904,glob_probe,glob_probe,0.0,0.0017333333333333645,3725,250
scifact,50,50,False,43,2243564,False,0.6225421527066417,0.5785038563272797,0.47390476190476194,0.5289714285714285,0.2442852370658458,0.41036883116883116,0.4804,0.3287123268305258,0.5289714285714285,0.5289714285714285,glob_probe,glob_probe,0.0,0.006495238095238054,3694,250
scifact,50,50,False,44,2244564,False,0.5279557740294467,0.5785038563272797,0.5203777777777777,0.5469047619047619,0.2560988613144209,0.4216926406926407,0.4980095238095238,0.33825959394249877,0.5469047619047619,0.5469047619047619,glob_probe,glob_probe,0.0,0.022368253968253926,3726,250
scifact,50,50,False,45,2245564,False,0.578772488070393,0.5785038563272797,0.4774,0.5261619047619047,0.2331198247289722,0.40837518037518034,0.4774,0.3246278392745885,0.5261619047619047,0.5261619047619047,glob_probe,glob_probe,0.0,0.0,3840,250
scifact,50,50,False,46,2246564,False,0.5373945486307048,0.5785038563272797,0.5096666666666666,0.5319714285714285,0.24040929476095613,0.41477835497835497,0.4879428571428571,0.32937995067554904,0.5319714285714285,0.5319714285714285,glob_probe,glob_probe,0.0,0.02172380952380948,3839,250
scifact,50,50,False,47,2247564,False,0.5829998050682295,0.5785038563272797,0.4929428571428572,0.5357047619047619,0.24374614311225248,0.4224608946608946,0.4942761904761905,0.32569700097990584,0.5357047619047619,0.5357047619047619,glob_probe,glob_probe,0.0,0.0013333333333332975,3789,250
scifact,50,50,False,48,2248564,False,0.585379143327297,0.5785038563272797,0.48359047619047624,0.4744063492063492,0.2194537534154767,0.4089212121212121,0.48359047619047624,0.32668458590959604,0.4744063492063492,0.4744063492063492,glob_probe,glob_probe,0.009184126984127017,0.0,3816,250
scifact,50,50,False,49,2249564,False,0.5630637370543191,0.5785038563272797,0.512752380952381,0.5542761904761906,0.24693496784055902,0.43214660894660895,0.505552380952381,0.3430471500291934,0.5542761904761906,0.5542761904761906,glob_probe,glob_probe,0.0,0.007199999999999984,3651,250
arguana,10,10,False,0,966,False,0.3957804452084832,0.4135570340528685,0.05851019404028,0.14001394878985207,0.12249844409208259,0.17012682992794234,0.06617603583935962,0.008715377268385864,0.14001394878985207,0.14001394878985207,glob_probe,glob_probe,0.0,0.007665841799079615,564,1396
arguana,10,10,False,1,1966,False,0.4190039781809487,0.4135570340528685,0.06771000012404023,0.17387288684266114,0.12222102332755579,0.16963571804714564,0.0657701141583663,0.0082378223495702,0.17387288684266114,0.17387288684266114,glob_probe,glob_probe,0.0,0.001939885965673932,574,1396
arguana,10,10,False,2,2966,False,0.3860685911899322,0.4135570340528685,0.05656643181714815,0.17367362136760772,0.12188234451277988,0.169449725275193,0.06653420202847136,0.008715377268385864,0.17367362136760772,0.17367362136760772,glob_probe,glob_probe,0.0,0.009967770211323217,561,1396
arguana,10,10,False,3,3966,False,0.3955068517693334,0.4135570340528685,0.05886836022939175,0.17111363530115153,0.12266689174177918,0.17011261698393,0.06653420202847136,0.008715377268385864,0.17111363530115153,0.17111363530115153,glob_probe,glob_probe,0.0,0.007665841799079615,625,1396
arguana,10,10,False,4,4966,False,0.4288810727092661,0.4135570340528685,0.0712501602186416,0.17378846195522768,0.12177530540332787,0.169583843783237,0.06624766907718196,0.008715377268385864,0.17378846195522768,0.17378846195522768,glob_probe,glob_probe,0.0,0.0050024911414596335,605,1396
arguana,10,10,False,5,5966,False,0.3806879537919483,0.4135570340528685,0.053571480254861345,0.09648605930840888,0.12277868756716846,0.1705617460147209,0.06624766907718196,0.008715377268385864,0.09648605930840888,0.09648605930840888,glob_probe,glob_probe,0.02629262825875958,0.01267618882232062,497,1396
arguana,10,10,False,6,6966,False,0.41205696549539284,0.4135570340528685,0.06527891481329877,0.17425831876274098,0.12281341883399144,0.17034286667693038,0.06585198071587757,0.0082378223495702,0.17425831876274098,0.17425831876274098,glob_probe,glob_probe,0.0,0.000573065902578801,534,1396
arguana,10,10,False,7,7966,False,0.4057885733288753,0.4135570340528685,0.06342156728976213,0.13958016973859452,0.12235395311664604,0.16998470048781864,0.06561320325646973,0.008715377268385864,0.13958016973859452,0.13958016973859452,glob_probe,glob_probe,0.0,0.0021916359667076,589,1396
arguana,10,10,False,8,8966,False,0.3845235515797408,0.4135570340528685,0.05447712904732961,0.13929932196491007,0.12224712346110578,0.1697113309092915,0.06557909219084003,0.008715377268385864,0.13929932196491007,0.13929932196491007,glob_probe,glob_probe,0.0,0.011101963143510418,596,1396
arguana,10,10,False,9,9966,False,0.42360880312806826,0.4135570340528685,0.06971288819426355,0.17407106696562638,0.12185171935868164,0.1699233005696852,0.06629542456906354,0.008715377268385864,0.12185171935868164,0.17407106696562638,trunc,glob_probe,0.052219347606944744,0.0034174636252000123,596,1396
arguana,10,10,False,10,10966,False,0.42340176374288585,0.4135570340528685,0.06974699925989324,0.17067420685312706,0.12191126861235697,0.1702893226405783,0.06632953563469322,0.008715377268385864,0.17067420685312706,0.17067420685312706,glob_probe,glob_probe,0.0,0.0034174636252000123,658,1396
arguana,10,10,False,11,11966,False,0.43212418263678687,0.4135570340528685,0.07243381419599185,0.1394874496602011,0.12246450669952658,0.16983071963899538,0.06588950288807022,0.008715377268385864,0.1394874496602011,0.1394874496602011,glob_probe,glob_probe,0.0,0.00654431130792163,558,1396
arguana,10,10,False,12,12966,False,0.3748082752554399,0.4135570340528685,0.05044349553661874,0.1708414730643535,0.1223210824534029,0.17003860630820009,0.0657701141583663,0.008715377268385864,0.1708414730643535,0.1708414730643535,glob_probe,glob_probe,0.0,0.015326618621747556,527,1396
arguana,10,10,False,13,13966,False,0.3799226446225873,0.4135570340528685,0.05254473717940766,0.13965350852969835,0.12171969674984558,0.16992955426505063,0.06588950288807022,0.008715377268385864,0.12171969674984558,0.13965350852969835,trunc,glob_probe,0.017933811779852774,0.013344765708662554,574,1396
arguana,10,10,False,14,14966,False,0.4142771386020059,0.4135570340528685,0.06689236821758311,0.15443850231695705,0.12265650793209484,0.1704346822952503,0.06653420202847136,0.008715377268385864,0.15443850231695705,0.15443850231695705,glob_probe,glob_probe,0.0,0.00035816618911174714,579,1396
arguana,10,10,False,15,15966,False,0.4339133266453582,0.4135570340528685,0.0740233898543354,0.1738283098818951,0.12217497338895572,0.1701319465877868,0.06653420202847136,0.008715377268385864,0.1738283098818951,0.1738283098818951,glob_probe,glob_probe,0.0,0.007489187825864038,625,1396
arguana,10,10,False,16,16966,False,0.3834141485374265,0.4135570340528685,0.054668151014855886,0.13988432674045925,0.12173494064233271,0.1702513353174907,0.06581786965024787,0.008715377268385864,0.12173494064233271,0.13988432674045925,trunc,glob_probe,0.018149386098126538,0.011149718635391985,565,1396
arguana,10,10,False,17,17966,False,0.39765345644479677,0.4135570340528685,0.061522201135381656,0.17069398172963549,0.12246827686993828,0.17104726018218347,0.06653420202847136,0.008715377268385864,0.17069398172963549,0.17069398172963549,glob_probe,glob_probe,0.0,0.005012000893089709,597,1396
arguana,10,10,False,18,18966,False,0.4562307576579405,0.4135570340528685,0.07560335239418334,0.17082324471517957,0.12202269809341397,0.17098879031712336,0.06624766907718196,0.008715377268385864,0.17082324471517957,0.17082324471517957,glob_probe,glob_probe,0.0,0.009355683317001373,569,1396
arguana,10,10,False,19,19966,False,0.4097940181434096,0.4135570340528685,0.06425151575581375,0.13950057725212525,0.12246109684843162,0.17007333757502305,0.0657701141583663,0.008715377268385864,0.13950057725212525,0.13950057725212525,glob_probe,glob_probe,0.0,0.0015185984025525429,571,1396
arguana,10,10,False,20,20966,False,0.43676320328501916,0.4135570340528685,0.0732865908367341,0.15458897325265467,0.12262092388863115,0.17062144037957286,0.0660566471096557,0.0082378223495702,0.15458897325265467,0.15458897325265467,glob_probe,glob_probe,0.0,0.0072299437270784,605,1396
arguana,10,10,False,21,21966,False,0.4747756457810531,0.4135570340528685,0.07995695803718726,0.17397328191082126,0.12180884795119705,0.169833474763527,0.06653420202847136,0.008715377268385864,0.12180884795119705,0.17397328191082126,trunc,glob_probe,0.05216443395962421,0.013422756008715897,626,1396
arguana,10,10,False,22,22966,False,0.42233251721055987,0.4135570340528685,0.06995166565367138,0.17090697909521166,0.12262467093750716,0.17041956489116442,0.06653420202847136,0.008715377268385864,0.17090697909521166,0.17090697909521166,glob_probe,glob_probe,0.0,0.0034174636252000123,575,1396
arguana,10,10,False,23,23966,False,0.4319308206836084,0.4135570340528685,0.07229054772034714,0.1737703210703246,0.12259169690739845,0.1705498071417505,0.06629542456906354,0.008715377268385864,0.1737703210703246,0.1737703210703246,glob_probe,glob_probe,0.0,0.005995123151283602,646,1396
arguana,10,10,False,24,24966,False,0.36051599808932633,0.4135570340528685,0.04475201255287215,0.13955908289802343,0.12197992011367323,0.17009778383872434,0.06581786965024787,0.008715377268385864,0.13955908289802343,0.13955908289802343,glob_probe,glob_probe,0.0,0.02106585709737572,528,1396
arguana,10,10,False,25,25966,False,0.4548587296279062,0.4135570340528685,0.07615254055082135,0.1348590135157905,0.12265943798516817,0.17089432890461037,0.06653420202847136,0.008715377268385864,0.1348590135157905,0.1348590135157905,glob_probe,glob_probe,0.0,0.009618338522349987,641,1396
arguana,10,10,False,26,26966,False,0.3821096342415088,0.4135570340528685,0.0533548749881128,0.17112925504014057,0.12236020681201148,0.17037697774256005,0.06581786965024787,0.008715377268385864,0.17112925504014057,0.17112925504014057,glob_probe,glob_probe,0.0,0.012462994662135067,570,1396
arguana,10,10,False,27,27966,False,0.45602286177611634,0.4135570340528685,0.07574661886982803,0.17081900395351157,0.1222188367207847,0.16990510800134936,0.06624766907718198,0.008715377268385864,0.17081900395351157,0.17081900395351157,glob_probe,glob_probe,0.0,0.009498949792646053,634,1396
arguana,10,10,False,28,28966,False,0.39815190291312885,0.4135570340528685,0.060399947076164834,0.15431924735613795,0.12215232014280678,0.17021660405066774,0.06553133669895847,0.0082378223495702,0.15431924735613795,0.15431924735613795,glob_probe,glob_probe,0.0,0.005131389622793636,604,1396
arguana,10,10,False,29,29966,False,0.42175643172132526,0.4135570340528685,0.0695417643483546,0.1540700040015937,0.12253254521859058,0.17065384589192104,0.0660566471096557,0.0082378223495702,0.1540700040015937,0.1540700040015937,glob_probe,glob_probe,0.0,0.0034851172386989038,559,1396
arguana,10,10,False,30,30966,False,0.42502016023761724,0.4135570340528685,0.06955938839892994,0.17100325539134467,0.12209220237137096,0.17071803671542418,0.06557909219084003,0.008715377268385864,0.17100325539134467,0.17100325539134467,glob_probe,glob_probe,0.0,0.003980296208089915,595,1396
arguana,10,10,False,31,31966,False,0.3912389613371593,0.4135570340528685,0.05734416411350508,0.17395565786024594,0.12232501039429358,0.16999601915959578,0.06617603583935962,0.008715377268385864,0.17395565786024594,0.17395565786024594,glob_probe,glob_probe,0.0,0.008831871725854534,565,1396
arguana,10,10,False,32,32966,False,0.4758654827496339,0.4135570340528685,0.07984950818045373,0.17353902180607406,0.12240010642211169,0.16926495700303218,0.06653420202847136,0.008715377268385864,0.17353902180607406,0.17353902180607406,glob_probe,glob_probe,0.0,0.01331530615198237,602,1396
arguana,10,10,False,33,33966,False,0.4219790827557893,0.4135570340528685,0.06966115307805851,0.1346397611993809,0.12209035170691283,0.17009323569664037,0.0660566471096557,0.008715377268385864,0.1346397611993809,0.1346397611993809,glob_probe,glob_probe,0.0,0.0036045059684028102,640,1396
arguana,10,10,False,34,34966,False,0.4696459688995071,0.4135570340528685,0.07872110379273703,0.13957221048994758,0.12183283940068994,0.16978230816508247,0.06617603583935962,0.008715377268385864,0.13957221048994758,0.13957221048994758,glob_probe,glob_probe,0.0,0.012545067953377412,598,1396
arguana,10,10,False,35,35966,False,0.38612095073547964,0.4135570340528685,0.05544417775793134,0.09604602656178587,0.12255603077848269,0.17003368047949205,0.06549381452676581,0.0082378223495702,0.09604602656178587,0.09604602656178587,glob_probe,glob_probe,0.026510004216696817,0.010049636768834469,566,1396
arguana,10,10,False,36,36966,False,0.40732409572366757,0.4135570340528685,0.06477236548869786,0.17383115247069758,0.1224447477256129,0.17012748590997367,0.06617603583935962,0.008715377268385864,0.17383115247069758,0.17383115247069758,glob_probe,glob_probe,0.0,0.0014036703506617593,583,1396
arguana,10,10,False,37,37966,False,0.44108968942930465,0.4135570340528685,0.07405067870683917,0.13947840505946593,0.12180458406799331,0.16969816753652922,0.06653420202847136,0.008715377268385864,0.13947840505946593,0.13947840505946593,glob_probe,glob_probe,0.0,0.0075164766783678005,552,1396
arguana,10,10,False,38,38966,False,0.36641962471565775,0.4135570340528685,0.0476839103271768,0.17353721288592702,0.12192747136853106,0.16960265655276613,0.0657701141583663,0.0082378223495702,0.17353721288592702,0.17353721288592702,glob_probe,glob_probe,0.0,0.018086203831189494,552,1396
arguana,10,10,False,39,39966,False,0.46955299780880244,0.4135570340528685,0.07824354887392136,0.17359919722441566,0.12203739209091598,0.1692604088609482,0.06569848092054395,0.0082378223495702,0.17359919722441566,0.17359919722441566,glob_probe,glob_probe,0.0,0.012545067953377412,632,1396
arguana,10,10,False,40,40966,False,0.4035741464045827,0.4135570340528685,0.06231357785799046,0.1399781321709409,0.12139709148266181,0.17010636328856452,0.0657701141583663,0.008357211079274117,0.12139709148266181,0.1399781321709409,trunc,glob_probe,0.018581040688279093,0.0034565363003758384,593,1396
arguana,10,10,False,41,41966,False,0.43008934901809537,0.4135570340528685,0.07157421534212365,0.17095602211260966,0.12278385591044572,0.17015306920919593,0.0660566471096557,0.008715377268385864,0.17095602211260966,0.17095602211260966,glob_probe,glob_probe,0.0,0.005517568232467948,558,1396
arguana,10,10,False,42,42966,False,0.4341307681072084,0.4135570340528685,0.07354583493551974,0.17093703301136873,0.12247316095433525,0.17033490742828344,0.0660566471096557,0.008715377268385864,0.17093703301136873,0.17093703301136873,glob_probe,glob_probe,0.0,0.007489187825864038,638,1396
arguana,10,10,False,43,43966,False,0.41445125330931804,0.4135570340528685,0.06650236503388365,0.17083733566955103,0.12244439912399752,0.1702951111850488,0.06617603583935962,0.008715377268385864,0.17083733566955103,0.17083733566955103,glob_probe,glob_probe,0.0,0.00032632919452403597,594,1396
arguana,10,10,False,44,44966,False,0.38832033519963194,0.4135570340528685,0.05753518608103135,0.17434574850821624,0.12264188424080098,0.17035589090198897,0.06653420202847136,0.008715377268385864,0.17434574850821624,0.17434574850821624,glob_probe,glob_probe,0.0,0.008999015947440014,562,1396
arguana,10,10,False,45,45966,False,0.40705662797926817,0.4135570340528685,0.06465297675899395,0.173836269130542,0.12162976485664118,0.17027123343910802,0.0660566471096557,0.008715377268385864,0.12162976485664118,0.173836269130542,trunc,glob_probe,0.05220650427390083,0.0014036703506617454,551,1396
arguana,10,10,False,46,46966,False,0.45142490316610306,0.4135570340528685,0.07474375354031515,0.17398351523051017,0.1221066532696496,0.16977207484539356,0.0660566471096557,0.0082378223495702,0.17398351523051017,0.17398351523051017,glob_probe,glob_probe,0.0,0.008687106430659453,612,1396
arguana,10,10,False,47,47966,False,0.3885294582157546,0.4135570340528685,0.05646068751369611,0.1396455492810514,0.12250300813676124,0.1700313547250173,0.06551939782598808,0.008715377268385864,0.1396455492810514,0.1396455492810514,glob_probe,glob_probe,0.0,0.009058710312291968,543,1396
arguana,10,10,False,48,48966,False,0.4814166901401852,0.4135570340528685,0.08042210893213757,0.17404429494745036,0.12280943920966796,0.17006139870205267,0.06624766907718196,0.008715377268385864,0.17404429494745036,0.17404429494745036,glob_probe,glob_probe,0.0,0.014174439854955603,617,1396
arguana,10,10,False,49,49966,False,0.43214308867308127,0.4135570340528685,0.07300688009857063,0.13506073676024086,0.12220055668817799,0.17062939962821977,0.06653420202847136,0.008715377268385864,0.13506073676024086,0.13506073676024086,glob_probe,glob_probe,0.0,0.006472678070099269,599,1396
arguana,30,30,False,0,2100048,False,0.45728214490594754,0.4135570340528685,0.07543216634786402,0.17339194350880757,0.12213092997401699,0.16992842547519357,0.06629002860834256,0.008842054263565892,0.17339194350880757,0.17339194350880757,glob_probe,glob_probe,0.0,0.009142137739521466,1829,1376
arguana,30,30,False,1,2101048,False,0.40052097439152945,0.4135570340528685,0.0621257215007215,0.17182025452411318,0.12249131658268239,0.17125455009346938,0.0663627030269472,0.008842054263565892,0.17182025452411318,0.17182025452411318,glob_probe,glob_probe,0.0,0.004236981526225703,1755,1376
arguana,30,30,False,2,2102048,False,0.42289142276754743,0.4135570340528685,0.06951491660793986,0.17381212854018446,0.12226668942957364,0.17042330365902525,0.06599933093392395,0.008842054263565892,0.17381212854018446,0.17381212854018446,glob_probe,glob_probe,0.0,0.003515585674015914,1724,1376
arguana,30,30,False,3,2103048,False,0.40760994847358134,0.4135570340528685,0.06535045219638243,0.17075895840659,0.12220701130842326,0.17041994784171596,0.06677452473237357,0.008842054263565892,0.17075895840659,0.17075895840659,glob_probe,glob_probe,0.0,0.0014240725359911388,1730,1376
arguana,30,30,False,4,2104048,False,0.4331136345684937,0.4135570340528685,0.07245534665592805,0.17337633411819817,0.12148147311922229,0.17029199117306162,0.06559789128829827,0.008842054263565892,0.17337633411819817,0.17337633411819817,glob_probe,glob_probe,0.0,0.006857455367629786,1785,1376
arguana,30,30,False,5,2105048,False,0.41398532195497734,0.4135570340528685,0.06580553248431156,0.17267140274466214,0.12206672980080521,0.16871141735411568,0.06580553248431156,0.008357558139534883,0.17267140274466214,0.17267140274466214,glob_probe,glob_probe,0.0,0.0,1820,1376
arguana,30,30,False,6,2106048,False,0.39816791427449305,0.4135570340528685,0.06099753766904929,0.17416853228236112,0.12276878459270853,0.17055961760347874,0.06622946659283868,0.008842054263565892,0.17416853228236112,0.17416853228236112,glob_probe,glob_probe,0.0,0.005231928923789389,1764,1376
arguana,30,30,False,7,2107048,False,0.45368670625300545,0.4135570340528685,0.07597549414409879,0.17335826575625157,0.12287940152745337,0.16967483539602213,0.06653227667035808,0.008842054263565892,0.17335826575625157,0.17335826575625157,glob_probe,glob_probe,0.0,0.009443217473740717,1907,1376
arguana,30,30,False,8,2108048,False,0.42307502266997443,0.4135570340528685,0.06781918017383134,0.17306063520148182,0.122122225822871,0.16841316909075116,0.06507878829826505,0.008842054263565892,0.17306063520148182,0.17306063520148182,glob_probe,glob_probe,0.0,0.002740391875566295,1742,1376
arguana,30,30,False,9,2109048,False,0.3775860769017476,0.4135570340528685,0.04957784866941844,0.1543118530024613,0.12310488334622621,0.1704200365772698,0.06546638519748985,0.008478682170542635,0.1543118530024613,0.1543118530024613,glob_probe,glob_probe,0.0,0.015888536528071408,1710,1376
arguana,30,30,False,10,2110048,False,0.3970867750600216,0.4135570340528685,0.060644547635826704,0.17100825759226643,0.12290669376041422,0.17111697166737352,0.06604778054632705,0.008842054263565892,0.17100825759226643,0.17100825759226643,glob_probe,glob_probe,0.0,0.00540323291050035,1697,1376
arguana,30,30,False,11,2111048,False,0.4503460998262125,0.4135570340528685,0.07613295538440888,0.17232163744213524,0.12177356031174554,0.16904205409463618,0.06731958287190844,0.008842054263565892,0.17232163744213524,0.17232163744213524,glob_probe,glob_probe,0.0,0.008813372512500445,1871,1376
arguana,30,30,False,12,2112048,False,0.38736572975019823,0.4135570340528685,0.05626389518104634,0.17399478462763704,0.12208331528250697,0.16989390734474522,0.06575708287190846,0.008478682170542635,0.17399478462763704,0.17399478462763704,glob_probe,glob_probe,0.0,0.009493187690862118,1756,1376
arguana,30,30,False,13,2113048,False,0.37989577317572687,0.4135570340528685,0.05258172463841068,0.17061840600328695,0.12217604678341222,0.17054049509162367,0.06596126338132151,0.008842054263565892,0.17061840600328695,0.17061840600328695,glob_probe,glob_probe,0.0,0.013379538742910826,1685,1376
arguana,30,30,False,14,2114048,False,0.41270052614044456,0.4135570340528685,0.06575708287190846,0.13861315024190096,0.1228596861007612,0.16918553141834605,0.0656844084533038,0.008842054263565892,0.13861315024190096,0.13861315024190096,glob_probe,glob_probe,0.0,7.267441860465962e-05,1772,1376
arguana,30,30,False,15,2115048,False,0.43549911426991883,0.4135570340528685,0.07396074532702439,0.17320387656928712,0.12293575304092699,0.17027858403756146,0.06604778054632705,0.008842054263565892,0.17320387656928712,0.17320387656928712,glob_probe,glob_probe,0.0,0.007912964780697335,1790,1376
arguana,30,30,False,16,2116048,False,0.39332942619038946,0.4135570340528685,0.05944138226114969,0.17414222352679717,0.1221526412076698,0.16960382275233507,0.06647805924695459,0.008842054263565892,0.17414222352679717,0.17414222352679717,glob_probe,glob_probe,0.0,0.007036676985804895,1675,1376
arguana,30,30,False,17,2117048,False,0.37304744257119904,0.4135570340528685,0.04857078886875399,0.1543491555178035,0.12134509523297266,0.17036265836496683,0.0649922711332595,0.008842054263565892,0.1543491555178035,0.1543491555178035,glob_probe,glob_probe,0.0,0.016421482264505516,1672,1376
arguana,30,30,False,18,2118048,False,0.42125035990701387,0.4135570340528685,0.07032067980469142,0.15513573368446887,0.12270599450811613,0.17101874686625884,0.06670531100036914,0.008842054263565892,0.15513573368446887,0.15513573368446887,glob_probe,glob_probe,0.0,0.003615368804322283,1721,1376
arguana,30,30,False,19,2119048,False,0.40570549251250393,0.4135570340528685,0.0626240603711534,0.17263978465345103,0.12057193630211024,0.16863884780480198,0.06483654023624953,0.008357558139534883,0.17263978465345103,0.17263978465345103,glob_probe,glob_probe,0.0,0.002212479865096137,1712,1376
arguana,30,30,False,20,2120048,False,0.3863370647619424,0.4135570340528685,0.055004205258565725,0.17065440238739377,0.12192983578481847,0.17053922052639564,0.06527258674787743,0.007873062015503874,0.17065440238739377,0.17065440238739377,glob_probe,glob_probe,0.0,0.01026838148931171,1681,1376
arguana,30,30,False,21,2121048,False,0.4027705407867649,0.4135570340528685,0.06273134165576026,0.15453122395603514,0.1226167664719404,0.17078566336004775,0.06624157899593947,0.008842054263565892,0.15453122395603514,0.15453122395603514,glob_probe,glob_probe,0.0,0.0035102373401792036,1667,1376
arguana,30,30,False,22,2122048,False,0.42148783165706827,0.4135570340528685,0.06994692565186751,0.17184047737898758,0.12188820320703991,0.17122969607152233,0.06641115263935031,0.008842054263565892,0.12188820320703991,0.17184047737898758,trunc,glob_probe,0.04995227417194767,0.0035357730125172016,1762,1376
arguana,30,30,False,23,2123048,False,0.4280746780339597,0.4135570340528685,0.06976812351085607,0.17161049025567385,0.12140874080897288,0.1709154028066477,0.0654421603912883,0.008842054263565892,0.12140874080897288,0.17161049025567385,trunc,glob_probe,0.05020174944670097,0.004325963119567761,1718,1376
arguana,30,30,False,24,2124048,False,0.3685805123072716,0.4135570340528685,0.04935982541360448,0.17146789558182918,0.12332189833088554,0.17139864049918768,0.06684719915097821,0.008842054263565892,0.17146789558182918,0.17146789558182918,glob_probe,glob_probe,0.0,0.017487373737373732,1650,1376
arguana,30,30,False,25,2125048,False,0.38039452236925453,0.4135570340528685,0.053308468824457195,0.17468269633213565,0.12217345859232952,0.17075100405940008,0.06624157899593947,0.008842054263565892,0.17468269633213565,0.17468269633213565,glob_probe,glob_probe,0.0,0.01293311017148227,1737,1376
arguana,30,30,False,26,2126048,False,0.39748692208071157,0.4135570340528685,0.060620322829625144,0.172604149261711,0.12171333912143716,0.16892833948237504,0.06575708287190846,0.008357558139534883,0.172604149261711,0.172604149261711,glob_probe,glob_probe,0.0,0.005136760042283313,1671,1376
arguana,30,30,False,27,2127048,False,0.456130498140166,0.4135570340528685,0.07665378871774221,0.17092688972848133,0.12219281622967622,0.17028838931626208,0.06701677279438907,0.008842054263565892,0.17092688972848133,0.17092688972848133,glob_probe,glob_probe,0.0,0.009637015923353143,1754,1376
arguana,30,30,False,28,2128048,False,0.4090864449845224,0.4135570340528685,0.06400770579549649,0.13481866178629404,0.12218820743787523,0.17081680953944972,0.06570863325950534,0.008842054263565892,0.13481866178629404,0.13481866178629404,glob_probe,glob_probe,0.0,0.00170092746400885,1830,1376
arguana,30,30,False,29,2129048,False,0.42804232897891004,0.4135570340528685,0.07131851110775529,0.17158580967140027,0.12246047768728564,0.17154649006564188,0.06691987356958287,0.008842054263565892,0.17158580967140027,0.17158580967140027,glob_probe,glob_probe,0.0,0.00439863753817242,1728,1376
arguana,30,30,False,30,2130048,False,0.3954242554893644,0.4135570340528685,0.057907144535051504,0.1398642771834349,0.1220773349732066,0.1703625359383738,0.06547676725729051,0.007994186046511628,0.1398642771834349,0.1398642771834349,glob_probe,glob_probe,0.0,0.00756962272223901,1781,1376
arguana,30,30,False,31,2131048,False,0.4482559890573148,0.4135570340528685,0.07426764530688951,0.1722771944535233,0.12218288591451335,0.16877087824206496,0.0661689045773348,0.008357558139534883,0.1722771944535233,0.1722771944535233,glob_probe,glob_probe,0.0,0.008098740729554701,1801,1376
arguana,30,30,False,32,2132048,False,0.4176254316903844,0.4135570340528685,0.06629810354374308,0.1343462388964225,0.12190746542556957,0.17145521748163678,0.0653937107788852,0.007873062015503874,0.1343462388964225,0.1343462388964225,glob_probe,glob_probe,0.0,0.0009043927648578753,1881,1376
arguana,30,30,False,33,2133048,False,0.4024829390729287,0.4135570340528685,0.0621257215007215,0.17396633420588978,0.12185773405144253,0.17025046293385895,0.06567056570690291,0.008842054263565892,0.17396633420588978,0.17396633420588978,glob_probe,glob_probe,0.0,0.0035448442061814106,1762,1376
arguana,30,30,False,34,2134048,False,0.40608526988659177,0.4135570340528685,0.06535045219638243,0.17290621054402194,0.12138099772422425,0.16863591146465634,0.06721057124400147,0.008842054263565892,0.17290621054402194,0.17290621054402194,glob_probe,glob_probe,0.0,0.001860119047619041,1760,1376
arguana,30,30,False,35,2135048,False,0.41096471927587597,0.4135570340528685,0.0650718669250646,0.17158064761854083,0.12255222286366389,0.17129673922273955,0.06628310723514211,0.008842054263565892,0.17158064761854083,0.17158064761854083,glob_probe,glob_probe,0.0,0.0012112403100775077,1720,1376
arguana,30,30,False,36,2136048,False,0.4035435654751808,0.4135570340528685,0.06229875583073258,0.1719446388729517,0.12263347276686148,0.1714211873967346,0.06587820690291621,0.008357558139534883,0.1719446388729517,0.1719446388729517,glob_probe,glob_probe,0.0,0.0035794510721836315,1705,1376
arguana,30,30,False,37,2137048,False,0.41462335568280007,0.4135570340528685,0.06683912421557771,0.17435202462685995,0.121771353492487,0.17089135547155382,0.06649190199335549,0.008842054263565892,0.17435202462685995,0.17435202462685995,glob_probe,glob_probe,0.0,0.000347222222222221,1720,1376
arguana,30,30,False,38,2138048,False,0.42261489996303003,0.4135570340528685,0.07024166079398637,0.17452577557201718,0.1224338274509371,0.16975424303998174,0.06677452473237357,0.008842054263565892,0.17452577557201718,0.17452577557201718,glob_probe,glob_probe,0.0,0.0034671360616128077,1635,1376
arguana,30,30,False,39,2139048,False,0.43553063227434474,0.4135570340528685,0.07302982063156481,0.1706057214456725,0.12133788546922218,0.16991117447683796,0.06510301310446659,0.008842054263565892,0.1706057214456725,0.1706057214456725,glob_probe,glob_probe,0.0,0.00792680752709822,1810,1376
arguana,30,30,False,40,2140048,False,0.4030564358242389,0.4135570340528685,0.062198395919326147,0.15366755666864623,0.12261622599174876,0.17037389408926687,0.06570863325950535,0.008842054263565892,0.15366755666864623,0.15366755666864623,glob_probe,glob_probe,0.0,0.0035102373401792036,1815,1376
arguana,30,30,False,41,2141048,False,0.4130298186882094,0.4135570340528685,0.06563595884090069,0.174576615587375,0.12275614327900386,0.171153508531672,0.06563595884090069,0.008357558139534883,0.174576615587375,0.174576615587375,glob_probe,glob_probe,0.0,0.0,1708,1376
arguana,30,30,False,42,2142048,False,0.42522889835405975,0.4135570340528685,0.06914116245511594,0.17241489245908212,0.12136220319426082,0.1680395722418636,0.06498188907345882,0.008357558139534883,0.17241489245908212,0.17241489245908212,glob_probe,glob_probe,0.0,0.004159273381657114,1722,1376
arguana,30,30,False,43,2143048,False,0.4491331157104006,0.4135570340528685,0.07282737046545186,0.17389696779653532,0.12127036648107632,0.16922697637899417,0.06545427279438906,0.008842054263565892,0.17389696779653532,0.17389696779653532,glob_probe,glob_probe,0.0,0.007373097671062798,1777,1376
arguana,30,30,False,44,2144048,False,0.4322013110724333,0.4135570340528685,0.07324438320077854,0.17433339748441853,0.12266513783571875,0.17079831624334016,0.06696832318198598,0.008842054263565892,0.17433339748441853,0.17433339748441853,glob_probe,glob_probe,0.0,0.006276060018792565,1737,1376
arguana,30,30,False,45,2145048,False,0.39399384992404,0.4135570340528685,0.05822206701567167,0.17348232612740494,0.1216947422921898,0.1696962125976319,0.06547676725729051,0.008357558139534883,0.17348232612740494,0.17348232612740494,glob_probe,glob_probe,0.0,0.007254700241618846,1718,1376
arguana,30,30,False,46,2146048,False,0.4189172891709836,0.4135570340528685,0.06881748338870432,0.17023626506690795,0.12203016814274902,0.16968276916122332,0.06677452473237357,0.008357558139534883,0.17023626506690795,0.17023626506690795,glob_probe,glob_probe,0.0,0.002042958656330751,1801,1376
arguana,30,30,False,47,2147048,False,0.4098813121601527,0.4135570340528685,0.0647493575545901,0.17099995215796068,0.12270108959855422,0.17160754012669194,0.06629002860834256,0.008842054263565892,0.17099995215796068,0.17099995215796068,glob_probe,glob_probe,0.0,0.0015406710537524543,1786,1376
arguana,30,30,False,48,2148048,False,0.38406156352228094,0.4135570340528685,0.05565654468270746,0.1749221074662971,0.12243146922804464,0.17082719159925042,0.06570863325950535,0.008842054263565892,0.1749221074662971,0.1749221074662971,glob_probe,glob_probe,0.0,0.010052088576797888,1749,1376
arguana,30,30,False,49,2149048,False,0.3829282919610584,0.4135570340528685,0.05383968421759119,0.17402117538803946,0.12264877319640607,0.17004619368889204,0.06551483480989295,0.008357558139534883,0.17402117538803946,0.17402117538803946,glob_probe,glob_probe,0.0,0.011675150592301765,1716,1376
arguana,50,50,False,0,2200518,False,0.38596028859849285,0.4135570340528685,0.05528520561706402,0.1534152739634471,0.12219514189800897,0.1700731597725351,0.06500620405487662,0.008480825958702065,0.1534152739634471,0.1534152739634471,glob_probe,glob_probe,0.0,0.009720998437812593,2901,1356
arguana,50,50,False,1,2201518,False,0.43418220655864437,0.4135570340528685,0.07399458129546624,0.17142911051891335,0.12247702720551143,0.17037522168964125,0.06665320503816079,0.008480825958702065,0.17142911051891335,0.17142911051891335,glob_probe,glob_probe,0.0,0.007341376257305451,3012,1356
arguana,50,50,False,2,2202518,False,0.4512416852373581,0.4135570340528685,0.07477131193945352,0.16978636148222886,0.12187852050207716,0.16921009298026476,0.0656699208690359,0.008480825958702065,0.16978636148222886,0.16978636148222886,glob_probe,glob_probe,0.0,0.009101391070417617,3065,1356
arguana,50,50,False,3,2203518,False,0.4057945978020043,0.4135570340528685,0.06520812848246477,0.1716564417750057,0.12303764215422607,0.17130356244099085,0.0674644144776888,0.008972468043264502,0.1716564417750057,0.1716564417750057,glob_probe,glob_probe,0.0,0.002256285995224039,3002,1356
arguana,50,50,False,4,2204518,False,0.42082229367140134,0.4135570340528685,0.06755050505050504,0.16914629698784645,0.122048519709687,0.16991935585766924,0.0643015170670038,0.008480825958702065,0.16914629698784645,0.16914629698784645,glob_probe,glob_probe,0.0,0.0032489879835012475,3038,1356
arguana,50,50,False,5,2205518,False,0.4078007372872332,0.4135570340528685,0.06380694854146181,0.17008045712379977,0.12215082705106256,0.17057469854841015,0.06500620405487662,0.008972468043264502,0.17008045712379977,0.17008045712379977,glob_probe,glob_probe,0.0,0.001199255513414807,2897,1356
arguana,50,50,False,6,2206518,False,0.4123766152066942,0.4135570340528685,0.06495703984642039,0.1379670057775965,0.12247259261057436,0.16867318724424396,0.06562075666057966,0.008112094395280236,0.1379670057775965,0.1379670057775965,glob_probe,glob_probe,0.0,0.0006637168141592764,2990,1356
arguana,50,50,False,7,2207518,False,0.4267778961151093,0.4135570340528685,0.06868601735858372,0.17297683935930872,0.12091834123612243,0.1699764863416607,0.06483412932527977,0.008480825958702065,0.17297683935930872,0.17297683935930872,glob_probe,glob_probe,0.0,0.0038518880333039546,3009,1356
arguana,50,50,False,8,2208518,False,0.41743408709844637,0.4135570340528685,0.06720220536592217,0.1708849487902557,0.12136673323599528,0.17009845404561696,0.06628447347473895,0.008972468043264502,0.1708849487902557,0.1708849487902557,glob_probe,glob_probe,0.0,0.0009177318911832155,2873,1356
arguana,50,50,False,9,2209518,False,0.4022923800144146,0.4135570340528685,0.0623396842423391,0.17309285944214298,0.1214413793901573,0.16951096794928133,0.06566816500444819,0.008603736479842673,0.17309285944214298,0.17309285944214298,glob_probe,glob_probe,0.0,0.003328480762109093,2955,1356
arguana,50,50,False,10,2210518,False,0.4049218649173819,0.4135570340528685,0.06391645064211436,0.17412944107151482,0.12101297253845804,0.17014942732667873,0.06616156295359835,0.008480825958702065,0.17412944107151482,0.17412944107151482,glob_probe,glob_probe,0.0,0.002245112311483985,2832,1356
arguana,50,50,False,11,2211518,False,0.419156862511326,0.4135570340528685,0.06771443895337702,0.1737540488754563,0.12239922868220754,0.16957699909938329,0.06571732921290442,0.008972468043264502,0.1737540488754563,0.1737540488754563,glob_probe,glob_probe,0.0,0.001997109740472597,2955,1356
arguana,50,50,False,12,2212518,False,0.3997399641925094,0.4135570340528685,0.0616900143448816,0.17347867077928175,0.12112657122311347,0.16883249204956646,0.0661123987451421,0.008480825958702065,0.17347867077928175,0.17347867077928175,glob_probe,glob_probe,0.0,0.004422384400260507,2746,1356
arguana,50,50,False,13,2213518,False,0.42596232838298326,0.4135570340528685,0.07050509307146476,0.17173167002134918,0.12183290914464906,0.16922254510099383,0.06640738399587957,0.008480825958702065,0.17173167002134918,0.17173167002134918,glob_probe,glob_probe,0.0,0.004097709075585182,2855,1356
arguana,50,50,False,14,2214518,False,0.37774981504672905,0.4135570340528685,0.050259921167000815,0.17364757493699381,0.12196358887905083,0.16933401445374374,0.06520286088870159,0.008112094395280236,0.17364757493699381,0.17364757493699381,glob_probe,glob_probe,0.0,0.014942939721700771,2874,1356
arguana,50,50,False,15,2215518,False,0.44757125079537274,0.4135570340528685,0.07489885155814359,0.1726801234034309,0.12223663521209194,0.17009135691462604,0.06640738399587956,0.008972468043264502,0.1726801234034309,0.1726801234034309,glob_probe,glob_probe,0.0,0.00849146756226403,3079,1356
arguana,50,50,False,16,2216518,False,0.41866163752200153,0.4135570340528685,0.0670055485320972,0.17185450118941348,0.12104884413211205,0.17088873636244797,0.06542409982675469,0.008972468043264502,0.17185450118941348,0.17185450118941348,glob_probe,glob_probe,0.0,0.0015814487053425058,2930,1356
arguana,50,50,False,17,2217518,False,0.4010929245831293,0.4135570340528685,0.061763760657565954,0.17418822630078415,0.12287011494499905,0.1698747307024246,0.06562075666057965,0.008480825958702065,0.17418822630078415,0.17418822630078415,glob_probe,glob_probe,0.0,0.003856996003013695,2881,1356
arguana,50,50,False,18,2218518,False,0.4268844540335688,0.4135570340528685,0.06953409995445393,0.17429636690215747,0.1207988118377206,0.17072116384974273,0.06521515194081566,0.008972468043264502,0.17429636690215747,0.17429636690215747,glob_probe,glob_probe,0.0,0.004318948013638274,2858,1356
arguana,50,50,False,19,2219518,False,0.425013584422545,0.4135570340528685,0.06915307733891804,0.17389832241574754,0.12091196795085793,0.16944708149158955,0.06503898019384746,0.008480825958702065,0.17389832241574754,0.17389832241574754,glob_probe,glob_probe,0.0,0.004114097145070578,2961,1356
arguana,50,50,False,20,2220518,False,0.4106373870241862,0.4135570340528685,0.06503479313213825,0.17057822926874033,0.12229917860987562,0.17077339775153413,0.06632954066582385,0.008972468043264502,0.17057822926874033,0.17057822926874033,glob_probe,glob_probe,0.0,0.0012947475336855946,2920,1356
arguana,50,50,False,21,2221518,False,0.4006001394261858,0.4135570340528685,0.06114920805186292,0.17341069609196816,0.12178084654378375,0.16933856987865317,0.06505536826333286,0.008603736479842673,0.17341069609196816,0.17341069609196816,glob_probe,glob_probe,0.0,0.0039061602114699376,2810,1356
arguana,50,50,False,22,2222518,False,0.4156220153623549,0.4135570340528685,0.06655897363861965,0.17014178550371223,0.12235385861471358,0.17007986807570358,0.06573137612960622,0.008480825958702065,0.17014178550371223,0.17014178550371223,glob_probe,glob_probe,0.0,0.000827597509013428,2953,1356
arguana,50,50,False,23,2223518,False,0.3950097650167471,0.4135570340528685,0.05876123221255965,0.17369730721928725,0.12259409835261079,0.17054098512974097,0.06644250128763401,0.008972468043264502,0.17369730721928725,0.17369730721928725,glob_probe,glob_probe,0.0,0.007681269075074368,2812,1356
arguana,50,50,False,24,2224518,False,0.43238364509723726,0.4135570340528685,0.07339056387728954,0.17328344911737606,0.12258580873604424,0.16951591220201317,0.06677611555930141,0.008480825958702065,0.17328344911737606,0.17328344911737606,glob_probe,glob_probe,0.0,0.006614448317988131,2959,1356
arguana,50,50,False,25,2225518,False,0.445399415675029,0.4135570340528685,0.0739383936286591,0.1738495525725998,0.1222818209053776,0.1703600778691877,0.06557159245212342,0.008480825958702065,0.1738495525725998,0.1738495525725998,glob_probe,glob_probe,0.0,0.008366801176535682,3044,1356
arguana,50,50,False,26,2226518,False,0.4317990806693812,0.4135570340528685,0.07230719542666444,0.1701323223554997,0.12179044447282289,0.16801644068041777,0.06641967504799362,0.008972468043264502,0.1701323223554997,0.1701323223554997,glob_probe,glob_probe,0.0,0.005887520378670824,2908,1356
arguana,50,50,False,27,2227518,False,0.3936406724238443,0.4135570340528685,0.05900705325484086,0.1739360086194931,0.12345403610414145,0.17076555570829385,0.06635821978742333,0.008972468043264502,0.1739360086194931,0.1739360086194931,glob_probe,glob_probe,0.0,0.0073511665325824704,2897,1356
arguana,50,50,False,28,2228518,False,0.4524927245507905,0.4135570340528685,0.0745851902931549,0.17316903081256216,0.12238615398712101,0.16857072497364012,0.06517242590251439,0.008480825958702065,0.17316903081256216,0.17316903081256216,glob_probe,glob_probe,0.0,0.00941276439064051,2994,1356
arguana,50,50,False,29,2229518,False,0.39339840397618975,0.4135570340528685,0.059633896912657976,0.17552127891246772,0.12210475371237667,0.1713738870688376,0.06685864119492438,0.008972468043264502,0.17552127891246772,0.17552127891246772,glob_probe,glob_probe,0.0,0.007224744282266403,2746,1356
arguana,50,50,False,30,2230518,False,0.4072781016585597,0.4135570340528685,0.06502376270075384,0.17235694306547747,0.12319470022533656,0.1716066516821332,0.06646883925644988,0.007989183874139626,0.17235694306547747,0.17235694306547747,glob_probe,glob_probe,0.0,0.0014450765556960343,2893,1356
arguana,50,50,False,31,2231518,False,0.41789129760573784,0.4135570340528685,0.06813632532659081,0.17063659012636964,0.12148340204735435,0.16985718842824518,0.06684986187198577,0.008972468043264502,0.17063659012636964,0.17063659012636964,glob_probe,glob_probe,0.0,0.0012864634546050357,2935,1356
arguana,50,50,False,32,2232518,False,0.4018351172165384,0.4135570340528685,0.06105087963495043,0.1739031199251,0.12243715856701679,0.17004676859570142,0.06525202509715784,0.008480825958702065,0.1739031199251,0.1739031199251,glob_probe,glob_probe,0.0,0.004201145462207415,2792,1356
arguana,50,50,False,33,2233518,False,0.42519145624039445,0.4135570340528685,0.0702101078207273,0.17403038941077653,0.1223671190880209,0.17002646359752033,0.06606323453668586,0.008972468043264502,0.17403038941077653,0.17403038941077653,glob_probe,glob_probe,0.0,0.0041468732840414385,2982,1356
arguana,50,50,False,34,2234518,False,0.39816367787841545,0.4135570340528685,0.05962511758971936,0.17563152532346893,0.12298816722817915,0.17168851017107134,0.06490787563796413,0.008972468043264502,0.17563152532346893,0.17563152532346893,glob_probe,glob_probe,0.0,0.005282758048244768,3026,1356
arguana,50,50,False,35,2235518,False,0.3999250618430973,0.4135570340528685,0.05817477344026017,0.15403440894874101,0.12080967129163506,0.16974080612159737,0.06181053050522078,0.007497541789577187,0.15403440894874101,0.15403440894874101,glob_probe,glob_probe,0.0,0.0036357570649606097,2966,1356
arguana,50,50,False,36,2236518,False,0.3994958230959556,0.4135570340528685,0.061640850136425354,0.17272608020368233,0.12206485457115461,0.16940417536461264,0.06597544130729972,0.008480825958702065,0.17272608020368233,0.17272608020368233,glob_probe,glob_probe,0.0,0.004334591170874369,2911,1356
arguana,50,50,False,37,2237518,False,0.4150990038219122,0.4135570340528685,0.0664852273259353,0.17216644296718409,0.1211221047005008,0.16797027249265664,0.06573137612960621,0.008972468043264502,0.17216644296718409,0.17216644296718409,glob_probe,glob_probe,0.0,0.0007538511963290917,2848,1356
arguana,50,50,False,38,2238518,False,0.4026208850585642,0.4135570340528685,0.06463986685225624,0.17115198823502376,0.12411436806978318,0.17131280017146752,0.0681281312918481,0.008972468043264502,0.17115198823502376,0.17115198823502376,glob_probe,glob_probe,0.0,0.003488264439591854,2919,1356
arguana,50,50,False,39,2239518,False,0.39705389758069864,0.4135570340528685,0.06136693526074057,0.15347068626183183,0.12326978623802869,0.17093651306951668,0.06648113030856394,0.008235004916420844,0.15347068626183183,0.15347068626183183,glob_probe,glob_probe,0.0,0.005114195047823365,2902,1356
arguana,50,50,False,40,2240518,False,0.4035098328233318,0.4135570340528685,0.06304554180660375,0.1714803609783942,0.12302004021205083,0.17080076304438613,0.06623530926628271,0.008972468043264502,0.1714803609783942,0.1714803609783942,glob_probe,glob_probe,0.0,0.0031897674596789577,2888,1356
arguana,50,50,False,41,2241518,False,0.397744474436066,0.4135570340528685,0.062058745908303424,0.17191476889999352,0.1245604300552024,0.17104029530825468,0.06721859343540759,0.008972468043264502,0.17191476889999352,0.17191476889999352,glob_probe,glob_probe,0.0,0.005159847527104168,2833,1356
arguana,50,50,False,42,2242518,False,0.40121707238034177,0.4135570340528685,0.06186208907447846,0.1711815960639891,0.12182772416333461,0.17154503679750946,0.0659894882240015,0.008480825958702065,0.1711815960639891,0.1711815960639891,glob_probe,glob_probe,0.0,0.004127399149523037,2906,1356
arguana,50,50,False,43,2243518,False,0.37753380547730486,0.4135570340528685,0.050481160105053914,0.1733782125970953,0.12158914432298486,0.17104170532072666,0.06569450297326403,0.008112094395280236,0.1733782125970953,0.1733782125970953,glob_probe,glob_probe,0.0,0.015213342868210113,2971,1356
arguana,50,50,False,44,2244518,False,0.4465342514497651,0.4135570340528685,0.0750832173398545,0.16976391793102424,0.12226850552225756,0.1689846669805025,0.06721859343540758,0.008972468043264502,0.16976391793102424,0.16976391793102424,glob_probe,glob_probe,0.0,0.007864623904446921,3078,1356
arguana,50,50,False,45,2245518,False,0.41860437533525485,0.4135570340528685,0.06749719061665964,0.1706089874017529,0.12222841601790192,0.17017793189708857,0.06591574191131712,0.007989183874139626,0.1706089874017529,0.1706089874017529,glob_probe,glob_probe,0.0,0.0015814487053425197,3008,1356
arguana,50,50,False,46,2246518,False,0.4283555990478299,0.4135570340528685,0.0704874812175697,0.17436418801610312,0.12376975008065258,0.16957364699426125,0.06658589689563141,0.008480825958702065,0.17436418801610312,0.17436418801610312,glob_probe,glob_probe,0.0,0.003901584321938295,2941,1356
arguana,50,50,False,47,2247518,False,0.3695764518499546,0.4135570340528685,0.047162576034257456,0.17468976507665923,0.12265053713237074,0.1710007883550309,0.06464800767898113,0.008972468043264502,0.17468976507665923,0.17468976507665923,glob_probe,glob_probe,0.0,0.017485431644723673,2869,1356
arguana,50,50,False,48,2248518,False,0.4132884930082933,0.4135570340528685,0.06653029451702018,0.1728351347310086,0.1212731883073179,0.17004091571374236,0.06653029451702018,0.008480825958702065,0.1728351347310086,0.1728351347310086,glob_probe,glob_probe,0.0,0.0,2897,1356
arguana,50,50,False,49,2249518,False,0.40657088752776166,0.4135570340528685,0.062981692185232,0.17042278026021823,0.12222737279481835,0.17090093737022422,0.06454967926206864,0.008480825958702065,0.17042278026021823,0.17042278026021823,glob_probe,glob_probe,0.0,0.001567987076836641,2928,1356
cqadupstack-android,10,10,False,0,51,True,0.3852331430326028,0.3866357017133971,0.33742863937899137,0.3696865865788335,0.18271429656915278,0.246429637265835,0.33679970856138136,0.2706076984699831,0.3696865865788335,0.3696865865788335,glob_probe,glob_probe,0.0,0.0006289308176100072,749,689
cqadupstack-android,10,10,False,1,1051,True,0.41584223058105907,0.3866357017133971,0.3290005394009675,0.342247038753123,0.18163126588258252,0.24617257293039618,0.33472700016236884,0.2697992503465858,0.342247038753123,0.342247038753123,glob_probe,glob_probe,0.0,0.00572646076140132,677,689
cqadupstack-android,10,10,False,2,2051,True,0.47084291462823524,0.3866357017133971,0.3171118292204646,0.3686456987454929,0.1819724055481287,0.2465953158059693,0.33528336203948544,0.26987740151327105,0.3686456987454929,0.3686456987454929,glob_probe,glob_probe,0.0,0.01817153281902084,719,689
cqadupstack-android,10,10,False,3,3051,True,0.3464207094046816,0.3866357017133971,0.3432402123489342,0.36919399740699904,0.18339628457723273,0.24624294281208683,0.33499308627751156,0.2698522371920255,0.36919399740699904,0.36919399740699904,glob_probe,glob_probe,0.0,0.008247126071422639,717,689
cqadupstack-android,10,10,False,4,4051,True,0.31422936162827886,0.3866357017133971,0.3512483014487927,0.3444805494771998,0.18222362237409154,0.24683376329451712,0.33754336618628206,0.27053963904825046,0.3444805494771998,0.3444805494771998,glob_probe,glob_probe,0.006767751971592906,0.013704935262510654,731,689
cqadupstack-android,10,10,False,5,5051,True,0.342717481902584,0.3866357017133971,0.34430889332882497,0.3065317078756252,0.18332798120580687,0.24657326883181777,0.33616138084203256,0.2707495256800251,0.3065317078756252,0.3065317078756252,glob_probe,glob_probe,0.037777185453199746,0.008147512486792408,660,689
cqadupstack-android,10,10,False,6,6051,True,0.40144244425501735,0.3866357017133971,0.33370772957788086,0.37157264601206275,0.18377371427977127,0.2473972795252044,0.33785207215536533,0.27189939177909295,0.37157264601206275,0.37157264601206275,glob_probe,glob_probe,0.0,0.004144342577484472,743,689
cqadupstack-android,10,10,False,7,7051,True,0.4002069480960626,0.3866357017133971,0.3332296505518117,0.36995885100204134,0.18189812542305037,0.24593528401386203,0.3362163912744015,0.2701811857793195,0.36995885100204134,0.36995885100204134,glob_probe,glob_probe,0.0,0.002986740722589809,691,689
cqadupstack-android,10,10,False,8,8051,True,0.33339994187403776,0.3866357017133971,0.34771172243175336,0.37069417989029974,0.18307633877101775,0.24757372396239216,0.33728000822679693,0.27135642563380463,0.37069417989029974,0.37069417989029974,glob_probe,glob_probe,0.0,0.010431714204956422,761,689
cqadupstack-android,10,10,False,9,9051,True,0.3527342409991755,0.3866357017133971,0.34434950884437393,0.3698033461295554,0.18376084905645612,0.24786958580302593,0.3382955490139366,0.2714104596501028,0.3698033461295554,0.3698033461295554,glob_probe,glob_probe,0.0,0.006053959830437328,756,689
cqadupstack-android,10,10,False,10,10051,True,0.6210567695350881,0.3866357017133971,0.2950886253920891,0.34399214898879926,0.1810810999546713,0.24648578789399964,0.3361481588532279,0.2705706009023639,0.34399214898879926,0.34399214898879926,glob_probe,glob_probe,0.0,0.04105953346113883,726,689
cqadupstack-android,10,10,False,11,11051,True,0.3674295207885247,0.3866357017133971,0.3400597246177673,0.36956930344268246,0.18278046315418855,0.24715253555767377,0.3368764230665087,0.27133948610521136,0.36956930344268246,0.36956930344268246,glob_probe,glob_probe,0.0,0.003183301551258566,715,689
cqadupstack-android,10,10,False,12,12051,True,0.3715580274613808,0.3866357017133971,0.3387647206377125,0.368876076334361,0.18306706614206364,0.2472030414136949,0.3366990323230803,0.27128040102947815,0.368876076334361,0.368876076334361,glob_probe,glob_probe,0.0,0.002065688314632219,748,689
cqadupstack-android,10,10,False,13,13051,True,0.37019004835745173,0.3866357017133971,0.34018533726365663,0.22640732776405142,0.18372867040236615,0.2476474083674958,0.33759784371023793,0.2717607383022682,0.34018533726365663,0.22640732776405142,ad_probe,glob_probe,0.0,0.002587493553418696,718,689
cqadupstack-android,10,10,False,14,14051,True,0.34223907761309524,0.3866357017133971,0.34693796237298835,0.34612110373023586,0.18282795326908347,0.24825874671468323,0.3386795884545798,0.2723786738258641,0.34612110373023586,0.34612110373023586,glob_probe,glob_probe,0.0008168586427524938,0.008258373918408557,785,689
cqadupstack-android,10,10,False,15,15051,True,0.35390589518984195,0.3866357017133971,0.34307677738296316,0.37154845636523165,0.18429500607827642,0.2478174689149148,0.33714250918165145,0.27187707898464664,0.34307677738296316,0.37154845636523165,ad_probe,glob_probe,0.02847167898226849,0.00593426820131171,750,689
cqadupstack-android,10,10,False,16,16051,True,0.33284523647397407,0.3866357017133971,0.34617698331012253,0.3696616639124014,0.18234675436224532,0.24684709879915073,0.3359088371932625,0.27021868000747906,0.3696616639124014,0.3696616639124014,glob_probe,glob_probe,0.0,0.010268146116860055,702,689
cqadupstack-android,10,10,False,17,17051,True,0.5265586737218986,0.3866357017133971,0.30728580612032874,0.3048182406793612,0.1812759896694592,0.24579580085551092,0.3349700485186248,0.26990731837918214,0.3048182406793612,0.3048182406793612,glob_probe,glob_probe,0.002467565440967545,0.027684242398296033,704,689
cqadupstack-android,10,10,False,18,18051,True,0.5234091606507798,0.3866357017133971,0.30942742077219765,0.3703792901017257,0.18200250970711407,0.24714743545652657,0.336620881156395,0.2704231547440751,0.3703792901017257,0.3703792901017257,glob_probe,glob_probe,0.0,0.027193460384197343,742,689
cqadupstack-android,10,10,False,19,19051,True,0.389227952884989,0.3866357017133971,0.33504481651792106,0.3693713881504275,0.18358369458463636,0.2475468799650806,0.3354963565921027,0.27148187670265195,0.3693713881504275,0.3693713881504275,glob_probe,glob_probe,0.0,0.00045154007418163333,758,689
cqadupstack-android,10,10,False,20,20051,True,0.41150672766915225,0.3866357017133971,0.33090540407675473,0.3700970775553622,0.18240021447205307,0.24680876950273206,0.33637503765946297,0.2710574059951623,0.3700970775553622,0.3700970775553622,glob_probe,glob_probe,0.0,0.005469633582708244,704,689
cqadupstack-android,10,10,False,21,21051,True,0.38231181606177544,0.3866357017133971,0.3375393815669128,0.3442833672045458,0.18307692739497203,0.24690322431416806,0.33686029663528794,0.2715078923271703,0.3442833672045458,0.3442833672045458,glob_probe,glob_probe,0.0,0.0006790849316248848,724,689
cqadupstack-android,10,10,False,22,22051,True,0.5722824971115548,0.3866357017133971,0.30063742193287546,0.34309840519535345,0.18260419506961348,0.2465197100699862,0.336682092794487,0.27040601336263764,0.34309840519535345,0.34309840519535345,glob_probe,glob_probe,0.0,0.03604467086161156,735,689
cqadupstack-android,10,10,False,23,23051,True,0.5847076157460125,0.3866357017133971,0.29945186296842324,0.34356940611322623,0.18296334962237748,0.24583078714188458,0.3355870764941433,0.2702722719287692,0.34356940611322623,0.34356940611322623,glob_probe,glob_probe,0.0,0.03613521352572008,718,689
cqadupstack-android,10,10,False,24,24051,True,0.5331215409374246,0.3866357017133971,0.30658336390845253,0.34295660172683695,0.18228462955325805,0.24581009473772938,0.3355471443787395,0.26945225014472346,0.34295660172683695,0.34295660172683695,glob_probe,glob_probe,0.0,0.02896378047028697,708,689
cqadupstack-android,10,10,False,25,25051,True,0.34528118741546,0.3866357017133971,0.34396359797798026,0.36991968681193377,0.18280139519424463,0.24710358032003926,0.33602632976358526,0.2705936047821935,0.36991968681193377,0.36991968681193377,glob_probe,glob_probe,0.0,0.007937268214394999,725,689
cqadupstack-android,10,10,False,26,26051,True,0.37130108071322837,0.3866357017133971,0.3397484329421796,0.27069178628992,0.18296463956478004,0.24717370854691642,0.33706302891349194,0.27069178628992,0.27069178628992,0.27069178628992,glob_probe,glob_probe,0.06905664665225958,0.0026854040286876657,756,689
cqadupstack-android,10,10,False,27,27051,True,0.6258753774334533,0.3866357017133971,0.29080069432621897,0.34024275372997004,0.18205081031156395,0.24392461456530304,0.3341061325603692,0.2679623878058045,0.34024275372997004,0.34024275372997004,glob_probe,glob_probe,0.0,0.04330543823415023,759,689
cqadupstack-android,10,10,False,28,28051,True,0.3404117790470668,0.3866357017133971,0.34504138934433987,0.37033897402367383,0.18212138305559677,0.24723817399599726,0.33636498481922145,0.27071827971263984,0.37033897402367383,0.37033897402367383,glob_probe,glob_probe,0.0,0.00867640452511842,759,689
cqadupstack-android,10,10,False,29,29051,True,0.31931284123825043,0.3866357017133971,0.35020578223348303,0.3446452694532405,0.18204221537293563,0.24713054496964545,0.3368280437728465,0.2703859882337591,0.3446452694532405,0.3446452694532405,glob_probe,glob_probe,0.005560512780242555,0.013377738460636557,786,689
cqadupstack-android,10,10,False,30,30051,True,0.31042350061217,0.3866357017133971,0.3509418386299168,0.370069432244698,0.1841923483415796,0.24719101908672336,0.3364087565611064,0.2714923484112368,0.370069432244698,0.370069432244698,glob_probe,glob_probe,0.0,0.014533082068810377,710,689
cqadupstack-android,10,10,False,31,31051,True,0.3584496714723342,0.3866357017133971,0.340623465495689,0.30846972546292145,0.18386744045095524,0.24713583318248084,0.3362186950502902,0.27170591890782614,0.340623465495689,0.30846972546292145,ad_probe,glob_probe,0.0,0.004404770445398831,694,689
cqadupstack-android,10,10,False,32,32051,True,0.5029302139072465,0.3866357017133971,0.31313988598872455,0.30755051888333745,0.1820408883232815,0.24580789567892655,0.3359467447783399,0.2699992922011995,0.30755051888333745,0.30755051888333745,glob_probe,glob_probe,0.0055893671053871,0.02280685878961536,781,689
cqadupstack-android,10,10,False,33,33051,True,0.5419747461305079,0.3866357017133971,0.30437345595523124,0.3049795049915689,0.18017426367174655,0.24433936637256967,0.33263946505596587,0.2684727697671834,0.3049795049915689,0.3049795049915689,glob_probe,glob_probe,0.0,0.028266009100734624,726,689
cqadupstack-android,10,10,False,34,34051,True,0.8898820407385728,0.3866357017133971,0.25869746695132584,0.37056935161254195,0.18272831430197772,0.24628909082630454,0.3358705107398417,0.270560648277795,0.37056935161254195,0.37056935161254195,glob_probe,glob_probe,0.0,0.07717304378851586,677,689
cqadupstack-android,10,10,False,35,35051,True,0.3666495533134623,0.3866357017133971,0.3411090945350618,0.3698160168969431,0.18338696234004404,0.2475185557764667,0.3376758332998812,0.27190171866057344,0.3698160168969431,0.3698160168969431,glob_probe,glob_probe,0.0,0.0034332612351805625,767,689
cqadupstack-android,10,10,False,36,36051,True,0.3429290802102859,0.3866357017133971,0.34480305325694716,0.3713065598969201,0.18307965986706096,0.2466920743932939,0.3368556890835106,0.27144569694949106,0.3713065598969201,0.34480305325694716,glob_probe,ad_probe,0.0,0.007947364173436555,725,689
cqadupstack-android,10,10,False,37,37051,True,0.375966653737182,0.3866357017133971,0.33693963285395656,0.36985518108705073,0.18332606961003026,0.24696375363278672,0.3364571358547687,0.2707965758722132,0.36985518108705073,0.36985518108705073,glob_probe,glob_probe,0.0,0.0004824969991878425,766,689
cqadupstack-android,10,10,False,38,38051,True,0.5185830049228348,0.3866357017133971,0.310343689497176,0.30735700170868824,0.18327653444469877,0.24705277133561182,0.3365412236747056,0.27064831555666236,0.30735700170868824,0.30735700170868824,glob_probe,glob_probe,0.002986687788487763,0.026197534177529624,714,689
cqadupstack-android,10,10,False,39,39051,True,0.772169603051998,0.3866357017133971,0.27139040891064864,0.341722929738448,0.18233299233902592,0.24519652037276762,0.3343203837180166,0.26846120764424697,0.341722929738448,0.341722929738448,glob_probe,glob_probe,0.0,0.06292997480736795,760,689
cqadupstack-android,10,10,False,40,40051,True,0.44484171514198195,0.3866357017133971,0.3217260789986274,0.34269857882730453,0.1830054740160986,0.24450579775900447,0.3344528508316158,0.26917810749803966,0.3217260789986274,0.3217260789986274,ad_probe,ad_probe,0.02097249982867716,0.012726771832988426,714,689
cqadupstack-android,10,10,False,41,41051,True,0.3154972593996558,0.3866357017133971,0.34973926761602503,0.3696823978953996,0.18325214435155918,0.24736898577412397,0.336819980557236,0.27140998842321645,0.3696823978953996,0.3696823978953996,glob_probe,glob_probe,0.0,0.01291928705878903,757,689
cqadupstack-android,10,10,False,42,42051,True,0.431658032217915,0.3866357017133971,0.32883790389512363,0.310259759328427,0.18370329654607345,0.2476815817996481,0.3374915312287867,0.2714058309005348,0.310259759328427,0.310259759328427,glob_probe,glob_probe,0.018578144566696653,0.008653627333663094,692,689
cqadupstack-android,10,10,False,43,43051,True,0.551582318257502,0.3866357017133971,0.30316511517174427,0.30600238148614345,0.18109108458356693,0.24455427508568325,0.33435609224429114,0.2690777818457269,0.30600238148614345,0.30600238148614345,glob_probe,glob_probe,0.0,0.031190977072546866,726,689
cqadupstack-android,10,10,False,44,44051,True,0.4950889752849155,0.3866357017133971,0.31692169521320435,0.34621623517514966,0.1829763254351892,0.24859181954412757,0.33862373236098786,0.27285315245327224,0.34621623517514966,0.34621623517514966,glob_probe,glob_probe,0.0,0.021702037147783515,728,689
cqadupstack-android,10,10,False,45,45051,True,0.3658874807495659,0.3866357017133971,0.3421193002622486,0.2711641328435438,0.1823892025140816,0.2472126230270501,0.3383796368338734,0.2711641328435438,0.2711641328435438,0.2711641328435438,glob_probe,glob_probe,0.07095516741870483,0.0037396634283752284,706,689
cqadupstack-android,10,10,False,46,46051,True,0.3094036284286025,0.3866357017133971,0.35149128917936734,0.3713065598969201,0.1834580082866129,0.24647569667328775,0.3366990323230803,0.2703873846195147,0.35149128917936734,0.35149128917936734,ad_probe,ad_probe,0.019815270717552735,0.014792256856287045,739,689
cqadupstack-android,10,10,False,47,47051,True,0.4199460133660944,0.3866357017133971,0.3303076502871785,0.3689601641542979,0.18226616603056844,0.24667036573588133,0.3366137926151991,0.2699844223750089,0.3689601641542979,0.3689601641542979,glob_probe,glob_probe,0.0,0.00630614232802057,697,689
cqadupstack-android,10,10,False,48,48051,True,0.8240896101219908,0.3866357017133971,0.26749562475100996,0.27056804083633695,0.18189320391698582,0.2472859297254741,0.3372349990077706,0.27056804083633695,0.27056804083633695,0.27056804083633695,glob_probe,glob_probe,0.0,0.06973937425676063,737,689
cqadupstack-android,10,10,False,49,49051,True,0.4276788786756751,0.3866357017133971,0.32943382419137685,0.34453582290617074,0.18342585067827893,0.24723266272060987,0.33691307404655596,0.2716186912337292,0.34453582290617074,0.34453582290617074,glob_probe,glob_probe,0.0,0.007479249855179115,738,689
cqadupstack-android,30,30,False,0,2100711,True,0.39455978838338407,0.3866357017133971,0.33629474994941216,0.3735851841064967,0.1843031661376414,0.24958132870072644,0.33881795336947657,0.27354509715025555,0.3735851841064967,0.3735851841064967,glob_probe,glob_probe,0.0,0.0025232034200644016,2218,669
cqadupstack-android,30,30,False,1,2101711,True,0.41417733067428253,0.3866357017133971,0.32968676282357384,0.34162106260095676,0.18050568999187747,0.2449987756581781,0.33514224857269553,0.26873879514352034,0.34162106260095676,0.34162106260095676,glob_probe,glob_probe,0.0,0.005455485749121691,2265,669
cqadupstack-android,30,30,False,2,2102711,True,0.4667561313426868,0.3866357017133971,0.3185554407128167,0.3697860409162749,0.18042384927696936,0.24678035790597347,0.3362838412336762,0.27032383768873175,0.3697860409162749,0.3697860409162749,glob_probe,glob_probe,0.0,0.0177284005208595,2143,669
cqadupstack-android,30,30,False,3,2103711,True,0.34882944233644825,0.3866357017133971,0.3448001700422657,0.3694237750123522,0.18600585378432538,0.24666112749198865,0.3371187722980982,0.27185102534856803,0.3694237750123522,0.3694237750123522,glob_probe,glob_probe,0.0,0.007681397744167484,2231,669
cqadupstack-android,30,30,False,4,2104711,True,0.3885331550464169,0.3866357017133971,0.33480306774024116,0.36595051475658075,0.17933349190164455,0.2457953690183828,0.3349525445713324,0.2691494498627086,0.36595051475658075,0.36595051475658075,glob_probe,glob_probe,0.0,0.0001494768310912331,2179,669
cqadupstack-android,30,30,False,5,2105711,True,0.41198664079331404,0.3866357017133971,0.32826391479834105,0.3417412041250566,0.18026759133455963,0.24537345032063965,0.334598182597345,0.2677652548805765,0.3417412041250566,0.3417412041250566,glob_probe,glob_probe,0.0,0.006334267799003923,2186,669
cqadupstack-android,30,30,False,6,2106711,True,0.37377432268594435,0.3866357017133971,0.33803491077776426,0.3692871901224041,0.17895356727701606,0.24485774095502258,0.3355040276340262,0.2684622239957096,0.3692871901224041,0.3692871901224041,glob_probe,glob_probe,0.0,0.0025308831437380608,2173,669
cqadupstack-android,30,30,False,7,2107711,True,0.39627210663414913,0.3866357017133971,0.3315875363856964,0.36788017550977087,0.17945903738119695,0.24409192389423215,0.33449521664763676,0.26830863888555256,0.36788017550977087,0.36788017550977087,glob_probe,glob_probe,0.0,0.002907680261940382,2145,669
cqadupstack-android,30,30,False,8,2108711,True,0.36336375086202,0.3866357017133971,0.34513518469418175,0.37422634401128657,0.1849299960859668,0.24993642091835763,0.3408591441999051,0.2739284841633334,0.37422634401128657,0.37422634401128657,glob_probe,glob_probe,0.0,0.004276040494276656,2159,669
cqadupstack-android,30,30,False,9,2109711,True,0.3366175207114651,0.3866357017133971,0.3501441436788715,0.3473916817604292,0.1854258456957673,0.2497514638050667,0.34023276509818967,0.2744191672307564,0.3473916817604292,0.3473916817604292,glob_probe,glob_probe,0.0027524619184422505,0.009911378580681807,2260,669
cqadupstack-android,30,30,False,10,2110711,True,0.43265592209984416,0.3866357017133971,0.32743304957718167,0.34468555214847,0.18221506942750407,0.24691647032514738,0.3369997278591733,0.2713280984318477,0.34468555214847,0.34468555214847,glob_probe,glob_probe,0.0,0.009566678281991647,2198,669
cqadupstack-android,30,30,False,11,2111711,True,0.40421209623539756,0.3866357017133971,0.3341815417823924,0.37299979278473533,0.18040079865745556,0.24708574924275492,0.3388684924334686,0.27257337357055467,0.37299979278473533,0.37299979278473533,glob_probe,glob_probe,0.0,0.004686950651076216,2216,669
cqadupstack-android,30,30,False,12,2112711,True,0.3481570698421236,0.3866357017133971,0.3450198971678225,0.3445326407847963,0.18341727690229404,0.24439198749533614,0.33711639964998563,0.26986165745076673,0.3445326407847963,0.3445326407847963,glob_probe,glob_probe,0.0004872563830262133,0.007903497517836866,2231,669
cqadupstack-android,30,30,False,13,2113711,True,0.40253080524435947,0.3866357017133971,0.3335080451740156,0.37212202345051093,0.18233249147793382,0.24728820272338994,0.33713922837236593,0.2722344880747184,0.37212202345051093,0.37212202345051093,glob_probe,glob_probe,0.0,0.0036311831983503184,2216,669
cqadupstack-android,30,30,False,14,2114711,True,0.35374182937528653,0.3866357017133971,0.34532873133315883,0.34567032555476807,0.18554060647205015,0.24782872851450924,0.3391828351244928,0.2727106013161762,0.34567032555476807,0.34567032555476807,glob_probe,glob_probe,0.0,0.006145896208666013,2278,669
cqadupstack-android,30,30,False,15,2115711,True,0.3508641261945987,0.3866357017133971,0.3440841695504805,0.3712265561873307,0.18252969606679673,0.24808381722251271,0.33732001599709976,0.27198865108395925,0.3712265561873307,0.3712265561873307,glob_probe,glob_probe,0.0,0.006764153553380725,2222,669
cqadupstack-android,30,30,False,16,2116711,True,0.3732158861803644,0.3866357017133971,0.33860550063686673,0.3715662762579925,0.18383364576315372,0.2462983812178733,0.3367260990354698,0.2715425707908729,0.3715662762579925,0.3715662762579925,glob_probe,glob_probe,0.0,0.001879401601396935,2277,669
cqadupstack-android,30,30,False,17,2117711,True,0.387409067001588,0.3866357017133971,0.335892005376264,0.36659665693859733,0.1819609282816952,0.2463360682287373,0.335892005376264,0.27097642459692406,0.36659665693859733,0.36659665693859733,glob_probe,glob_probe,0.0,0.0,2269,669
cqadupstack-android,30,30,False,18,2118711,True,0.42893357535170307,0.3866357017133971,0.3282140734128085,0.36760869920624506,0.18281381750497855,0.24762487402418681,0.33669514676236506,0.27091461454261095,0.36760869920624506,0.36760869920624506,glob_probe,glob_probe,0.0,0.008481073349556556,2269,669
cqadupstack-android,30,30,False,19,2119711,True,0.4336265123233072,0.3866357017133971,0.32524747183474145,0.369822379895262,0.18412674938084567,0.24501785224676143,0.3340537480034303,0.27029488142659164,0.369822379895262,0.369822379895262,glob_probe,glob_probe,0.0,0.008806276168688842,2221,669
cqadupstack-android,30,30,False,20,2120711,True,0.40741041469899364,0.3866357017133971,0.32753666409052695,0.36740659272611165,0.17978431749272414,0.24422001613502395,0.33357004565520115,0.2688498094064734,0.36740659272611165,0.36740659272611165,glob_probe,glob_probe,0.0,0.006033381564674201,2176,669
cqadupstack-android,30,30,False,21,2121711,True,0.35790109767591927,0.3866357017133971,0.3434536922383888,0.3463823024999288,0.18267465323305218,0.24867208096693583,0.33822442631855043,0.27192136157325114,0.3463823024999288,0.3463823024999288,glob_probe,glob_probe,0.0,0.005229265919838355,2222,669
cqadupstack-android,30,30,False,22,2122711,True,0.44431531058162566,0.3866357017133971,0.3225945608858664,0.36937750837415734,0.18439897040971368,0.24634208366859242,0.33510655100336567,0.26975445689513566,0.36937750837415734,0.36937750837415734,glob_probe,glob_probe,0.0,0.012511990117499261,2144,669
cqadupstack-android,30,30,False,23,2123711,True,0.4177415021288749,0.3866357017133971,0.3303902918490287,0.37259126024261774,0.18349678122299487,0.24615530570550215,0.3359120650375793,0.27146237362547393,0.3303902918490287,0.3303902918490287,ad_probe,ad_probe,0.042200968393589056,0.005521773188550627,2252,669
cqadupstack-android,30,30,False,24,2124711,True,0.41427811056106856,0.3866357017133971,0.3314734746999718,0.30613199926848955,0.18157855250386823,0.2464104338257957,0.33665017429586797,0.2705152604024024,0.30613199926848955,0.30613199926848955,glob_probe,glob_probe,0.02534147543148224,0.005176699595896173,2201,669
cqadupstack-android,30,30,False,25,2125711,True,0.3570223636593401,0.3866357017133971,0.34292685650975935,0.369099908544988,0.18284693470563787,0.24820766681879708,0.338014446960589,0.27248084313085214,0.369099908544988,0.369099908544988,glob_probe,glob_probe,0.0,0.004912409549170327,2125,669
cqadupstack-android,30,30,False,26,2126711,True,0.4164117709093791,0.3866357017133971,0.32913290742097695,0.36767987864962176,0.18264023789098907,0.24573428412911255,0.333884573785609,0.2697000436120229,0.36767987864962176,0.36767987864962176,glob_probe,glob_probe,0.0,0.0047516663646320345,2176,669
cqadupstack-android,30,30,False,27,2127711,True,0.42494788534986494,0.3866357017133971,0.32788582350001627,0.36831305215275034,0.1832712632260306,0.24559063107066129,0.3353026594954383,0.2689037007753213,0.36831305215275034,0.36831305215275034,glob_probe,glob_probe,0.0,0.007416835995422033,2288,669
cqadupstack-android,30,30,False,28,2128711,True,0.357841137388893,0.3866357017133971,0.3457878428909251,0.3774561832920567,0.1870891505277485,0.2485339510875123,0.34116953386007054,0.27380900622568516,0.3457878428909251,0.3457878428909251,ad_probe,ad_probe,0.03166834040113159,0.004618309030854584,2271,669
cqadupstack-android,30,30,False,29,2129711,True,0.35681450139031723,0.3866357017133971,0.33901791874431936,0.36671183821969794,0.18046683739095346,0.24483390565025878,0.3337852016999536,0.2687242630398297,0.36671183821969794,0.36671183821969794,glob_probe,glob_probe,0.0,0.005232717044365731,2185,669
cqadupstack-android,30,30,False,30,2130711,True,0.48364809836493433,0.3866357017133971,0.31452623946244795,0.3686377896972189,0.18188702613440377,0.2447185120898639,0.33374504739970967,0.2702257183925117,0.3686377896972189,0.3686377896972189,glob_probe,glob_probe,0.0,0.019218807937261717,2159,669
cqadupstack-android,30,30,False,31,2131711,True,0.4031526521539295,0.3866357017133971,0.3309964910929548,0.37121749698544637,0.1830250340377348,0.2464186964859069,0.3354925045283327,0.269911611648703,0.3309964910929548,0.37121749698544637,ad_probe,glob_probe,0.04022100589249156,0.004496013435377866,2229,669
cqadupstack-android,30,30,False,32,2132711,True,0.41519106418404245,0.3866357017133971,0.33004892087985505,0.3423914005269641,0.18112337092428285,0.24575358470895128,0.3357259200083849,0.26993117647966325,0.3423914005269641,0.3423914005269641,glob_probe,glob_probe,0.0,0.005676999128529869,2226,669
cqadupstack-android,30,30,False,33,2133711,True,0.37799336844148235,0.3866357017133971,0.34110363577474045,0.37338135206409967,0.18525761561576676,0.24805025830607327,0.34012480960906827,0.2728287674393542,0.37338135206409967,0.37338135206409967,glob_probe,glob_probe,0.0,0.0009788261656721864,2200,669
cqadupstack-android,30,30,False,34,2134711,True,0.3183318891928385,0.3866357017133971,0.3524592689980646,0.3719435273078892,0.18324054162752912,0.24872414014587443,0.34053344999882734,0.27270427240100503,0.3719435273078892,0.3719435273078892,glob_probe,glob_probe,0.0,0.011925818999237281,2264,669
cqadupstack-android,30,30,False,35,2135711,True,0.39754308702609853,0.3866357017133971,0.33203931430384204,0.34386434489975903,0.18252911185770226,0.24674162258039722,0.33533837365671304,0.27141437246001293,0.33203931430384204,0.33203931430384204,ad_probe,ad_probe,0.011825030595916997,0.0032990593528710033,2177,669
cqadupstack-android,30,30,False,36,2136711,True,0.384732810936222,0.3866357017133971,0.33720488725715786,0.3658686355827733,0.18292375150963758,0.24760261483860452,0.3366753608681397,0.2708321932077841,0.3658686355827733,0.3658686355827733,glob_probe,glob_probe,0.0,0.0005295263890181534,2127,669
cqadupstack-android,30,30,False,37,2137711,True,0.3671270700744592,0.3866357017133971,0.3405713921864765,0.30727798830685527,0.18183815134207829,0.24549909538495523,0.3371421033378717,0.27024173791525763,0.30727798830685527,0.30727798830685527,glob_probe,glob_probe,0.03329340387962121,0.0034292888486047723,2179,669
cqadupstack-android,30,30,False,38,2138711,True,0.4258753568899786,0.3866357017133971,0.3314421192417512,0.3724420571786164,0.18470746323215978,0.24820483301221752,0.3387167010260718,0.2730319377547083,0.3724420571786164,0.3724420571786164,glob_probe,glob_probe,0.0,0.007274581784320611,2213,669
cqadupstack-android,30,30,False,39,2139711,True,0.35830324445889,0.3866357017133971,0.34176480384900476,0.3700256783756433,0.18527526375903347,0.24809835023854815,0.33793895928774476,0.2723291783039378,0.3700256783756433,0.3700256783756433,glob_probe,glob_probe,0.0,0.0038258445612600056,2180,669
cqadupstack-android,30,30,False,40,2140711,True,0.42686919425953895,0.3866357017133971,0.3313804801666592,0.371619660840525,0.18078858533077521,0.2462684037215281,0.3389053763268547,0.2713415291231997,0.371619660840525,0.371619660840525,glob_probe,glob_probe,0.0,0.007524896160195471,2252,669
cqadupstack-android,30,30,False,41,2141711,True,0.36568483239725746,0.3866357017133971,0.34244442912150236,0.34619248693956806,0.18295233037434974,0.247435180155211,0.33869261830613046,0.2710446654424907,0.34619248693956806,0.34619248693956806,glob_probe,glob_probe,0.0,0.003751810815371903,2186,669
cqadupstack-android,30,30,False,42,2142711,True,0.374620572691701,0.3866357017133971,0.33828942361429276,0.36867758285714425,0.1821213927590113,0.24669913371799163,0.3366049918102795,0.2714253072206945,0.36867758285714425,0.36867758285714425,glob_probe,glob_probe,0.0,0.0016844318040132866,2124,669
cqadupstack-android,30,30,False,43,2143711,True,0.45403382275838433,0.3866357017133971,0.32123161557673274,0.341964568563033,0.18058609040450208,0.24548152244137333,0.335135675542757,0.2703343883754684,0.341964568563033,0.341964568563033,glob_probe,glob_probe,0.0,0.01390405996602423,2213,669
cqadupstack-android,30,30,False,44,2144711,True,0.35508198280530645,0.3866357017133971,0.3461503578050095,0.3745626072812293,0.18288639203543688,0.24920688998548057,0.3402728450881509,0.2740840371906464,0.3745626072812293,0.3745626072812293,glob_probe,glob_probe,0.0,0.005877512716858602,2173,669
cqadupstack-android,30,30,False,45,2145711,True,0.34291393535057724,0.3866357017133971,0.3459976175592512,0.37117524365629295,0.18216688982320983,0.24745990031661222,0.3377819274455583,0.27114081636643317,0.37117524365629295,0.37117524365629295,glob_probe,glob_probe,0.0,0.008215690113692886,2269,669
cqadupstack-android,30,30,False,46,2146711,True,0.3894410193530685,0.3866357017133971,0.3349908719639199,0.3428152085740906,0.18074245035436096,0.2447992563014443,0.3354559109939813,0.26903213487236527,0.3428152085740906,0.3428152085740906,glob_probe,glob_probe,0.0,0.00046503903006139824,2216,669
cqadupstack-android,30,30,False,47,2147711,True,0.36087544299750984,0.3866357017133971,0.33920456933983306,0.36683432617850875,0.1825732133989745,0.24614733503591407,0.33457054822521043,0.2689362328486891,0.36683432617850875,0.36683432617850875,glob_probe,glob_probe,0.0,0.004634021114622633,2212,669
cqadupstack-android,30,30,False,48,2148711,True,0.33810610926823625,0.3866357017133971,0.3464039874723476,0.3427641805357241,0.1822446329238948,0.24702494297054958,0.3372718081013582,0.2716559269580407,0.3427641805357241,0.3427641805357241,glob_probe,glob_probe,0.0036398069366234687,0.009132179370989368,2265,669
cqadupstack-android,30,30,False,49,2149711,True,0.37261236652492213,0.3866357017133971,0.33728231792354946,0.34394915186050024,0.18366310711167835,0.24799305635623092,0.3354029163221526,0.2721975661174588,0.33728231792354946,0.33728231792354946,ad_probe,ad_probe,0.006666833936950778,0.0018794016013968795,2196,669
cqadupstack-android,50,50,False,0,2200377,True,0.3584673732650876,0.3866357017133971,0.3467010036945446,0.37762857483370055,0.1851446795864134,0.24863027015083677,0.34200934390816895,0.2737847371855293,0.37762857483370055,0.37762857483370055,glob_probe,glob_probe,0.0,0.004691659786375646,3743,649
cqadupstack-android,50,50,False,1,2201377,True,0.3716995965137472,0.3866357017133971,0.3406734786711542,0.37010628472686735,0.18179813719891535,0.24803007620821307,0.33850849033432856,0.2721143442231034,0.37010628472686735,0.37010628472686735,glob_probe,glob_probe,0.0,0.0021649883368256573,3745,649
cqadupstack-android,50,50,False,2,2202377,True,0.3685342102693677,0.3866357017133971,0.33754637978134344,0.3693892394027342,0.17957808055434657,0.24585407349613916,0.33345924052390774,0.26861888289980973,0.3693892394027342,0.3693892394027342,glob_probe,glob_probe,0.0,0.004087139257435701,3625,649
cqadupstack-android,50,50,False,3,2203377,True,0.3744264705969931,0.3866357017133971,0.3375092020120332,0.36955666044437474,0.18504531495676008,0.24408449580573854,0.3345873787820436,0.2680419467876134,0.36955666044437474,0.36955666044437474,glob_probe,glob_probe,0.0,0.0029218232299896285,3595,649
cqadupstack-android,50,50,False,4,2204377,True,0.37590545570638934,0.3866357017133971,0.33723057048938254,0.36553681721441067,0.18304130776603353,0.24714010128447822,0.33682961793126515,0.27069341289965476,0.36553681721441067,0.36553681721441067,glob_probe,glob_probe,0.0,0.0004009525581173956,3709,649
cqadupstack-android,50,50,False,5,2205377,True,0.4004828030725858,0.3866357017133971,0.32756476020723946,0.37022512667929947,0.17985718301493928,0.24374716891841738,0.33144240969351757,0.2692493338193456,0.32756476020723946,0.32756476020723946,ad_probe,ad_probe,0.04266036647206001,0.003877649486278112,3709,649
cqadupstack-android,50,50,False,6,2206377,True,0.3637533960466397,0.3866357017133971,0.3428867080030276,0.3724314291937684,0.18474006862362052,0.24950352898684122,0.33853757441580096,0.27195052228157934,0.3724314291937684,0.3724314291937684,glob_probe,glob_probe,0.0,0.004349133587226661,3741,649
cqadupstack-android,50,50,False,7,2207377,True,0.4098644320686359,0.3866357017133971,0.3280516269800311,0.36638916637184454,0.18393254915984267,0.24383163760843307,0.33396766221877017,0.2698877844809326,0.36638916637184454,0.36638916637184454,glob_probe,glob_probe,0.0,0.00591603523873907,3527,649
cqadupstack-android,50,50,False,8,2208377,True,0.38632322002630576,0.3866357017133971,0.33973864652415126,0.37188713527505224,0.1837540728929305,0.24805188235256073,0.33973864652415126,0.27323674041257107,0.37188713527505224,0.37188713527505224,glob_probe,glob_probe,0.0,0.0,3671,649
cqadupstack-android,50,50,False,9,2209377,True,0.3715994041467048,0.3866357017133971,0.34139868224689707,0.34501794449933704,0.18299519113477566,0.2454956362179587,0.3391985277732104,0.2709816966456992,0.34501794449933704,0.34501794449933704,glob_probe,glob_probe,0.0,0.002200154473686655,3662,649
cqadupstack-android,50,50,False,10,2210377,True,0.38159744355953534,0.3866357017133971,0.3322363882995147,0.33935444989788915,0.17822761140711765,0.24130104886829112,0.3314238441125483,0.26567902331350196,0.33935444989788915,0.33935444989788915,glob_probe,glob_probe,0.0,0.0008125441869663574,3713,649
cqadupstack-android,50,50,False,11,2211377,True,0.46778374434830344,0.3866357017133971,0.3177641202146453,0.36874688398379946,0.18174523482922675,0.24534752833623347,0.3361738535620955,0.26947593805817466,0.36874688398379946,0.36874688398379946,glob_probe,glob_probe,0.0,0.01840973334745022,3785,649
cqadupstack-android,50,50,False,12,2212377,True,0.4112653962042363,0.3866357017133971,0.3286359435119593,0.3661241429172988,0.17793334065332722,0.2460994314730274,0.33487886467080463,0.26839190549885195,0.3661241429172988,0.3661241429172988,glob_probe,glob_probe,0.0,0.006242921158845338,3567,649
cqadupstack-android,50,50,False,13,2213377,True,0.36732091732358846,0.3866357017133971,0.33804542704464335,0.368894630433549,0.18185688148339418,0.24676037297168305,0.33493518468089967,0.26976308686187594,0.368894630433549,0.368894630433549,glob_probe,glob_probe,0.0,0.003110242363743687,3691,649
cqadupstack-android,50,50,False,14,2214377,True,0.3601240541264499,0.3866357017133971,0.34292719140252487,0.3458487345894003,0.18507274996328568,0.24895908018629037,0.3384362975040464,0.27284421075242843,0.3458487345894003,0.3458487345894003,glob_probe,glob_probe,0.0,0.004490893898478454,3676,649
cqadupstack-android,50,50,False,15,2215377,True,0.3858465983153818,0.3866357017133971,0.33565205897250433,0.3700013391673764,0.18186221869189406,0.24644177421299787,0.3354979757675736,0.270793377136753,0.3700013391673764,0.3700013391673764,glob_probe,glob_probe,0.0,0.0001540832049307106,3702,649
cqadupstack-android,50,50,False,16,2216377,True,0.3682186508459696,0.3866357017133971,0.3400602024121895,0.3703167562246134,0.18289491386504148,0.24619373730790325,0.33708231471935574,0.2700770683349879,0.3703167562246134,0.3703167562246134,glob_probe,glob_probe,0.0,0.002977887692833747,3695,649
cqadupstack-android,50,50,False,17,2217377,True,0.336013699562846,0.3866357017133971,0.34829262621979556,0.372954600595214,0.1815088849794576,0.2474767107744887,0.3391543946782299,0.27139671135193116,0.372954600595214,0.372954600595214,glob_probe,glob_probe,0.0,0.009138231541565678,3849,649
cqadupstack-android,50,50,False,18,2218377,True,0.40233215405499345,0.3866357017133971,0.3285239081556567,0.3668687308922411,0.182498299394949,0.24562409980970754,0.3329053369291268,0.27051038638470576,0.3668687308922411,0.3668687308922411,glob_probe,glob_probe,0.0,0.004381428773470142,3588,649
cqadupstack-android,50,50,False,19,2219377,True,0.3465882483806907,0.3866357017133971,0.3468765844065721,0.3744137218540272,0.1841332855729915,0.24910197894217512,0.33873547900507694,0.2745333116017372,0.3468765844065721,0.3744137218540272,ad_probe,glob_probe,0.027537137447455118,0.008141105401495152,3520,649
cqadupstack-android,50,50,False,20,2220377,True,0.3561279225351358,0.3866357017133971,0.34540273382640413,0.37302469827702206,0.18449613934819492,0.24986966309946318,0.34005912254751863,0.2740538519036724,0.37302469827702206,0.37302469827702206,glob_probe,glob_probe,0.0,0.005343611278885496,3705,649
cqadupstack-android,50,50,False,21,2221377,True,0.3765875820681271,0.3866357017133971,0.33976105390949374,0.37380105768204097,0.18400369735135744,0.24848256112321956,0.33895288145263097,0.27219216653875766,0.37380105768204097,0.37380105768204097,glob_probe,glob_probe,0.0,0.0008081724568627657,3669,649
cqadupstack-android,50,50,False,22,2222377,True,0.41048831667943464,0.3866357017133971,0.3301365267313813,0.3423046841229072,0.18446277063165886,0.24662978191911095,0.33537169817596485,0.26859033447488095,0.3423046841229072,0.3423046841229072,glob_probe,glob_probe,0.0,0.005235171444583575,3683,649
cqadupstack-android,50,50,False,23,2223377,True,0.36305618188748723,0.3866357017133971,0.34295218780656594,0.37449076345649257,0.1861472395669382,0.24881503804637894,0.33882573001982713,0.27209055215546674,0.37449076345649257,0.37449076345649257,glob_probe,glob_probe,0.0,0.004126457786738813,3727,649
cqadupstack-android,50,50,False,24,2224377,True,0.35876310331353023,0.3866357017133971,0.3433830876619198,0.3738243523124234,0.18604860178967778,0.24917869168430068,0.3394845900777627,0.2745697202161509,0.3738243523124234,0.3738243523124234,glob_probe,glob_probe,0.0,0.003898497584157057,3678,649
cqadupstack-android,50,50,False,25,2225377,True,0.4532857732746469,0.3866357017133971,0.32231864861503856,0.3028947637976283,0.18432146590468146,0.2459556850465383,0.336558736473943,0.2709602623117717,0.3028947637976283,0.3028947637976283,glob_probe,glob_probe,0.019423884817410253,0.01424008785890446,3619,649
cqadupstack-android,50,50,False,26,2226377,True,0.4413505332805149,0.3866357017133971,0.32828165550335564,0.34940354307487137,0.18538030521630203,0.24819493069628212,0.34064797329045254,0.2731316103709348,0.32828165550335564,0.32828165550335564,ad_probe,ad_probe,0.02112188757151573,0.012366317787096903,3646,649
cqadupstack-android,50,50,False,27,2227377,True,0.361872454099461,0.3866357017133971,0.3415078779647215,0.3738597560458241,0.18412093882068248,0.24808498884905217,0.33703843154531754,0.27261291750655176,0.3415078779647215,0.3415078779647215,ad_probe,ad_probe,0.032351878081102625,0.004469446419403944,3648,649
cqadupstack-android,50,50,False,28,2228377,True,0.36972803322845615,0.3866357017133971,0.34098171934513977,0.3454027587196956,0.18359984228105553,0.2469586670135452,0.33814925946256835,0.27225851216931973,0.3454027587196956,0.3454027587196956,glob_probe,glob_probe,0.0,0.0028324598825714142,3692,649
cqadupstack-android,50,50,False,29,2229377,True,0.3685342102693677,0.3866357017133971,0.33594344753126176,0.34058751251283476,0.18255528700468152,0.2455370358990756,0.3330433186287871,0.2697428092956,0.34058751251283476,0.34058751251283476,glob_probe,glob_probe,0.0,0.0029001289024746524,3511,649
cqadupstack-android,50,50,False,30,2230377,True,0.34427662291196165,0.3866357017133971,0.3484378383699021,0.3712922670376571,0.18166286888278046,0.2477178007418544,0.3398991625262335,0.2743025924935596,0.3712922670376571,0.3712922670376571,glob_probe,glob_probe,0.0,0.00853867584366863,3672,649
cqadupstack-android,50,50,False,31,2231377,True,0.3799078872767141,0.3866357017133971,0.3363593582930548,0.36991473684656756,0.1834623368924998,0.24717310565125156,0.3367646170188066,0.27156306946731606,0.36991473684656756,0.36991473684656756,glob_probe,glob_probe,0.0,0.00040525872575181143,3670,649
cqadupstack-android,50,50,False,32,2232377,True,0.37515712343423196,0.3866357017133971,0.3456716072817291,0.3739011117112167,0.1872232603061571,0.25142295562302674,0.34389246605728735,0.27686671121163575,0.3739011117112167,0.3739011117112167,glob_probe,glob_probe,0.0,0.001779141224441727,3602,649
cqadupstack-android,50,50,False,33,2233377,True,0.412226993734233,0.3866357017133971,0.32838981855169924,0.37223454509857923,0.18590056107520664,0.2468720016272254,0.3356346735159817,0.27189034669329604,0.32838981855169924,0.32838981855169924,ad_probe,ad_probe,0.043844726546879986,0.0072448549642824545,3724,649
cqadupstack-android,50,50,False,34,2234377,True,0.4414277566810628,0.3866357017133971,0.32461978920666656,0.36913554415268834,0.18085625722381096,0.24649052470596902,0.3364684629435592,0.2715058978959519,0.36913554415268834,0.36913554415268834,glob_probe,glob_probe,0.0,0.011848673736892634,3588,649
cqadupstack-android,50,50,False,35,2235377,True,0.40456491439329445,0.3866357017133971,0.3325587561540686,0.37128436533484016,0.1836121180215977,0.24720965342282397,0.33748436767511125,0.27316411887575365,0.37128436533484016,0.37128436533484016,glob_probe,glob_probe,0.0,0.00492561152104265,3634,649
cqadupstack-android,50,50,False,36,2236377,True,0.3767768633760502,0.3866357017133971,0.3326960507736123,0.36439097623806127,0.18283233771998744,0.24323795804711099,0.33193067920700814,0.2681084983773467,0.36439097623806127,0.36439097623806127,glob_probe,glob_probe,0.0,0.0007653715666041672,3639,649
cqadupstack-android,50,50,False,37,2237377,True,0.344270792341288,0.3866357017133971,0.3531018529818242,0.37888994043049823,0.1848809636359647,0.25107201925967304,0.3449578707531882,0.27681563757209005,0.37888994043049823,0.37888994043049823,glob_probe,glob_probe,0.0,0.008143982228636049,3770,649
cqadupstack-android,50,50,False,38,2238377,True,0.3869574239174406,0.3866357017133971,0.3349240675665468,0.3644680178405265,0.18543904368913466,0.24566093312031712,0.3349240675665468,0.26833483697445815,0.3644680178405265,0.3644680178405265,glob_probe,glob_probe,0.0,0.0,3748,649
cqadupstack-android,50,50,False,39,2239377,True,0.3852424703344477,0.3866357017133971,0.3396240706260169,0.34584629885264245,0.1845735381645885,0.24766829247798386,0.33895637673798407,0.27180124660792376,0.34584629885264245,0.34584629885264245,glob_probe,glob_probe,0.0,0.0006676938880328387,3830,649
cqadupstack-android,50,50,False,40,2240377,True,0.4613512729052142,0.3866357017133971,0.3151416820525921,0.36467869570913974,0.17879303939439795,0.24313493496266314,0.33169433322560066,0.2650221023964285,0.36467869570913974,0.36467869570913974,glob_probe,glob_probe,0.0,0.01655265117300858,3698,649
cqadupstack-android,50,50,False,41,2241377,True,0.37570104033939766,0.3866357017133971,0.3367928554908047,0.3644505212128604,0.18112884693006923,0.24468206441055024,0.33511317638431515,0.2686125533711928,0.3644505212128604,0.3644505212128604,glob_probe,glob_probe,0.0,0.001679679106489529,3718,649
cqadupstack-android,50,50,False,42,2242377,True,0.36511722180432943,0.3866357017133971,0.3414898425845906,0.37416992353626893,0.18183303181500782,0.245910596596211,0.3381103437112205,0.27131284253335736,0.3414898425845906,0.37416992353626893,ad_probe,glob_probe,0.03268008095167835,0.0033794988733700793,3666,649
cqadupstack-android,50,50,False,43,2243377,True,0.384280685727566,0.3866357017133971,0.332930472506696,0.3658621039803754,0.18006363297165504,0.24434889568596488,0.33240218723264797,0.27045776591013065,0.3658621039803754,0.3658621039803754,glob_probe,glob_probe,0.0,0.0005282852740480237,3608,649
cqadupstack-android,50,50,False,44,2244377,True,0.39655781331796275,0.3866357017133971,0.3310158460157983,0.3682442792439066,0.18302024411565704,0.24588987172956936,0.33387494548506724,0.2702068016815538,0.3682442792439066,0.3682442792439066,glob_probe,glob_probe,0.0,0.002859099469268933,3523,649
cqadupstack-android,50,50,False,45,2245377,True,0.49636585861061205,0.3866357017133971,0.31677778024904335,0.3741445765155444,0.18461699241320584,0.24891956947475166,0.3391625785847188,0.27279682638840985,0.3741445765155444,0.3741445765155444,glob_probe,glob_probe,0.0,0.02238479833567547,3636,649
cqadupstack-android,50,50,False,46,2246377,True,0.3559431658531219,0.3866357017133971,0.34222716431801486,0.30365019133634236,0.1836027361962576,0.24489297191548476,0.33612870097457004,0.26951036416738766,0.30365019133634236,0.30365019133634236,glob_probe,glob_probe,0.03857697298167251,0.0060984633434448265,3674,649
cqadupstack-android,50,50,False,47,2247377,True,0.38176948398677,0.3866357017133971,0.33995508681400766,0.3732253621910912,0.18334254557923746,0.246870222888929,0.33917189180893287,0.2713353497244614,0.3732253621910912,0.3732253621910912,glob_probe,glob_probe,0.0,0.0007831950050747882,3695,649
cqadupstack-android,50,50,False,48,2248377,True,0.428709824154363,0.3866357017133971,0.32666871956233096,0.3696027906178263,0.18577705523954768,0.24564725189535533,0.3343944482387765,0.2695761028495737,0.3696027906178263,0.3696027906178263,glob_probe,glob_probe,0.0,0.0077257286764455535,3684,649
cqadupstack-android,50,50,False,49,2249377,True,0.36672009302199904,0.3866357017133971,0.33981516047847543,0.3712574619181062,0.18464094795175365,0.24721138449176008,0.3366582262344497,0.27303895371836456,0.3712574619181062,0.3712574619181062,glob_probe,glob_probe,0.0,0.003156934244025744,3544,649
