collection,repeat_id,decision,final_T,final_B_pool,k_requested,selected_policy,reference_policy,loss,success,param_error,seed
trec-covid,0,recalibration,5,466,5,ad_probe,ad_c(full_target_scalar_reference),0.007990057378939916,False,90.58444379244219,2000032
trec-covid,0,selection,5,466,5,ad_probe,best_in_menu_on_eval,0.0,True,,2000032
trec-covid,1,recalibration,5,449,5,ad_probe,ad_c(full_target_scalar_reference),0.005682703486303453,False,67.96028920734346,2001032
trec-covid,1,selection,5,449,5,ad_probe,best_in_menu_on_eval,0.0,True,,2001032
trec-covid,2,recalibration,5,481,5,ad_probe,ad_c(full_target_scalar_reference),0.0044233553340004145,True,46.78750610312363,2002032
trec-covid,2,selection,5,481,5,ad_probe,best_in_menu_on_eval,0.0,True,,2002032
trec-covid,3,recalibration,5,392,5,ad_probe,ad_c(full_target_scalar_reference),0.004793631553589736,True,58.93261963858998,2003032
trec-covid,3,selection,5,392,5,ad_probe,best_in_menu_on_eval,0.0,True,,2003032
trec-covid,4,recalibration,5,500,5,ad_probe,ad_c(full_target_scalar_reference),0.0017981268104239334,True,19.07601722542472,2004032
trec-covid,4,selection,5,500,5,ad_probe,best_in_menu_on_eval,0.0,True,,2004032
trec-covid,5,recalibration,5,456,5,ad_probe,ad_c(full_target_scalar_reference),0.0034761479168995274,True,35.812768091559434,2005032
trec-covid,5,selection,5,456,5,ad_probe,best_in_menu_on_eval,0.0,True,,2005032
trec-covid,6,recalibration,5,463,5,ad_probe,ad_c(full_target_scalar_reference),0.004240448611957451,True,47.33116672023982,2006032
trec-covid,6,selection,5,463,5,ad_probe,best_in_menu_on_eval,0.0,True,,2006032
trec-covid,7,recalibration,5,458,5,ad_probe,ad_c(full_target_scalar_reference),0.005209824482859449,False,58.93261963858998,2007032
trec-covid,7,selection,5,458,5,ad_probe,best_in_menu_on_eval,0.0,True,,2007032
trec-covid,8,recalibration,5,434,5,ad_probe,ad_c(full_target_scalar_reference),0.008258187649185053,False,89.55941982348088,2008032
trec-covid,8,selection,5,434,5,ad_probe,best_in_menu_on_eval,0.0,True,,2008032
trec-covid,9,recalibration,5,441,5,ad_probe,ad_c(full_target_scalar_reference),0.006142631610764976,False,69.46719569701696,2009032
trec-covid,9,selection,5,441,5,ad_probe,best_in_menu_on_eval,0.0,True,,2009032
trec-covid,10,recalibration,5,455,5,ad_probe,ad_c(full_target_scalar_reference),0.004937792755904127,True,58.93261963858998,2010032
trec-covid,10,selection,5,455,5,ad_probe,best_in_menu_on_eval,0.0,True,,2010032
trec-covid,11,recalibration,5,430,5,ad_probe,ad_c(full_target_scalar_reference),0.00740057067406362,False,78.23984019904788,2011032
trec-covid,11,selection,5,430,5,ad_probe,best_in_menu_on_eval,0.0,True,,2011032
trec-covid,12,recalibration,5,430,5,ad_probe,ad_c(full_target_scalar_reference),0.00607896985228297,False,64.53848907186833,2012032
trec-covid,12,selection,5,430,5,ad_probe,best_in_menu_on_eval,0.0,True,,2012032
trec-covid,13,recalibration,5,427,5,ad_probe,ad_c(full_target_scalar_reference),0.01155674150067898,False,101.46301828897123,2013032
trec-covid,13,selection,5,427,5,ad_probe,best_in_menu_on_eval,0.0,True,,2013032
trec-covid,14,recalibration,5,437,5,ad_probe,ad_c(full_target_scalar_reference),0.0007926849871907893,True,4.007434251607947,2014032
trec-covid,14,selection,5,437,5,ad_probe,best_in_menu_on_eval,0.0,True,,2014032
trec-covid,15,recalibration,5,443,5,ad_probe,ad_c(full_target_scalar_reference),0.00410421484673501,True,40.156745059161835,2015032
trec-covid,15,selection,5,443,5,ad_probe,best_in_menu_on_eval,0.0,True,,2015032
trec-covid,16,recalibration,5,427,5,ad_probe,ad_c(full_target_scalar_reference),0.02706115426497338,False,177.24403127620403,2016032
trec-covid,16,selection,5,427,5,ad_probe,best_in_menu_on_eval,0.0,True,,2016032
trec-covid,17,recalibration,5,443,5,ad_probe,ad_c(full_target_scalar_reference),0.00620020520380446,False,64.53848907186833,2017032
trec-covid,17,selection,5,443,5,ad_probe,best_in_menu_on_eval,0.0,True,,2017032
trec-covid,18,recalibration,5,452,5,ad_probe,ad_c(full_target_scalar_reference),0.0005218414417106909,True,2.490381342264243,2018032
trec-covid,18,selection,5,452,5,ad_probe,best_in_menu_on_eval,0.0,True,,2018032
trec-covid,19,recalibration,5,469,5,ad_probe,ad_c(full_target_scalar_reference),0.006086943406506909,False,64.53848907186833,2019032
trec-covid,19,selection,5,469,5,ad_probe,best_in_menu_on_eval,0.0,True,,2019032
trec-covid,20,recalibration,5,414,5,ad_probe,ad_c(full_target_scalar_reference),0.007937481038096925,False,89.55941982348088,2020032
trec-covid,20,selection,5,414,5,ad_probe,best_in_menu_on_eval,0.0,True,,2020032
trec-covid,21,recalibration,5,478,5,ad_probe,ad_c(full_target_scalar_reference),0.006464027037914738,False,70.30915589806784,2021032
trec-covid,21,selection,5,478,5,ad_probe,best_in_menu_on_eval,0.0,True,,2021032
trec-covid,22,recalibration,5,481,5,ad_probe,ad_c(full_target_scalar_reference),0.001910674747031188,True,19.07601722542472,2022032
trec-covid,22,selection,5,481,5,ad_probe,best_in_menu_on_eval,0.0,True,,2022032
trec-covid,23,recalibration,5,451,5,ad_probe,ad_c(full_target_scalar_reference),0.004703318877233811,True,51.433867816491954,2023032
trec-covid,23,selection,5,451,5,ad_probe,best_in_menu_on_eval,0.0,True,,2023032
trec-covid,24,recalibration,5,477,5,ad_probe,ad_c(full_target_scalar_reference),0.005841761626455708,False,64.53848907186833,2024032
trec-covid,24,selection,5,477,5,ad_probe,best_in_menu_on_eval,0.0,True,,2024032
trec-covid,25,recalibration,5,437,5,ad_probe,ad_c(full_target_scalar_reference),0.010242498466388694,False,99.44776442587914,2025032
trec-covid,25,selection,5,437,5,ad_probe,best_in_menu_on_eval,0.0,True,,2025032
trec-covid,26,recalibration,5,463,5,ad_probe,ad_c(full_target_scalar_reference),0.00804679951975562,False,125.01781617374019,2026032
trec-covid,26,selection,5,463,5,ad_probe,best_in_menu_on_eval,0.0,True,,2026032
trec-covid,27,recalibration,5,400,5,ad_probe,ad_c(full_target_scalar_reference),0.00804100211107725,False,89.55941982348088,2027032
trec-covid,27,selection,5,400,5,ad_probe,best_in_menu_on_eval,0.0,True,,2027032
trec-covid,28,recalibration,5,453,5,ad_probe,ad_c(full_target_scalar_reference),0.006275319953644637,False,64.53848907186833,2028032
trec-covid,28,selection,5,453,5,ad_probe,best_in_menu_on_eval,0.0,True,,2028032
trec-covid,29,recalibration,5,495,5,ad_probe,ad_c(full_target_scalar_reference),0.002802788229855885,True,26.03325693549681,2029032
trec-covid,29,selection,5,495,5,ad_probe,best_in_menu_on_eval,0.0,True,,2029032
trec-covid,30,recalibration,5,441,5,ad_probe,ad_c(full_target_scalar_reference),0.013286826650260167,False,111.16893438369246,2030032
trec-covid,30,selection,5,441,5,ad_probe,best_in_menu_on_eval,0.0,True,,2030032
trec-covid,31,recalibration,5,424,5,ad_probe,ad_c(full_target_scalar_reference),0.007375587580492143,False,76.89183000158846,2031032
trec-covid,31,selection,5,424,5,ad_probe,best_in_menu_on_eval,0.0,True,,2031032
trec-covid,32,recalibration,5,446,5,ad_probe,ad_c(full_target_scalar_reference),0.0016257493612065882,True,19.07601722542472,2032032
trec-covid,32,selection,5,446,5,ad_probe,best_in_menu_on_eval,0.0,True,,2032032
trec-covid,33,recalibration,5,459,5,ad_probe,ad_c(full_target_scalar_reference),0.007283501835517681,False,78.23984019904788,2033032
trec-covid,33,selection,5,459,5,ad_probe,best_in_menu_on_eval,0.0,True,,2033032
trec-covid,34,recalibration,5,470,5,ad_probe,ad_c(full_target_scalar_reference),0.006645060681849058,False,78.4777126244175,2034032
trec-covid,34,selection,5,470,5,ad_probe,best_in_menu_on_eval,0.0,True,,2034032
trec-covid,35,recalibration,5,478,5,ad_probe,ad_c(full_target_scalar_reference),0.007024166874209953,False,78.4777126244175,2035032
trec-covid,35,selection,5,478,5,ad_probe,best_in_menu_on_eval,0.0,True,,2035032
trec-covid,36,recalibration,5,420,5,ad_probe,ad_c(full_target_scalar_reference),0.004200951837483924,True,40.156745059161835,2036032
trec-covid,36,selection,5,420,5,ad_probe,best_in_menu_on_eval,0.0,True,,2036032
trec-covid,37,recalibration,5,465,5,ad_probe,ad_c(full_target_scalar_reference),0.004378229934135447,True,51.608519899114754,2037032
trec-covid,37,selection,5,465,5,ad_probe,best_in_menu_on_eval,0.0,True,,2037032
trec-covid,38,recalibration,5,481,5,ad_probe,ad_c(full_target_scalar_reference),0.009081176656617548,False,147.49048550850972,2038032
trec-covid,38,selection,5,481,5,ad_probe,best_in_menu_on_eval,0.0,True,,2038032
trec-covid,39,recalibration,5,448,5,ad_probe,ad_c(full_target_scalar_reference),0.004473528099936508,True,51.608519899114754,2039032
trec-covid,39,selection,5,448,5,ad_probe,best_in_menu_on_eval,0.0,True,,2039032
trec-covid,40,recalibration,5,488,5,ad_probe,ad_c(full_target_scalar_reference),0.00490912719428184,True,49.54448109632597,2040032
trec-covid,40,selection,5,488,5,ad_probe,best_in_menu_on_eval,0.0,True,,2040032
trec-covid,41,recalibration,5,475,5,ad_probe,ad_c(full_target_scalar_reference),0.0007330235977044686,True,4.007434251607947,2041032
trec-covid,41,selection,5,475,5,ad_probe,best_in_menu_on_eval,0.0,True,,2041032
trec-covid,42,recalibration,5,449,5,ad_probe,ad_c(full_target_scalar_reference),0.001829537483361815,True,19.07601722542472,2042032
trec-covid,42,selection,5,449,5,ad_probe,best_in_menu_on_eval,0.0,True,,2042032
trec-covid,43,recalibration,5,440,5,ad_probe,ad_c(full_target_scalar_reference),0.00661551012865387,False,81.49417566398523,2043032
trec-covid,43,selection,5,440,5,ad_probe,best_in_menu_on_eval,0.0,True,,2043032
trec-covid,44,recalibration,5,480,5,ad_probe,ad_c(full_target_scalar_reference),0.004862061532017639,True,58.93261963858998,2044032
trec-covid,44,selection,5,480,5,ad_probe,best_in_menu_on_eval,0.0,True,,2044032
trec-covid,45,recalibration,5,463,5,ad_probe,ad_c(full_target_scalar_reference),0.006211658826098004,False,78.4777126244175,2045032
trec-covid,45,selection,5,463,5,ad_probe,best_in_menu_on_eval,0.0,True,,2045032
trec-covid,46,recalibration,5,484,5,ad_probe,ad_c(full_target_scalar_reference),0.002988509645386661,True,26.03325693549681,2046032
trec-covid,46,selection,5,484,5,ad_probe,best_in_menu_on_eval,0.0,True,,2046032
trec-covid,47,recalibration,5,474,5,ad_probe,ad_c(full_target_scalar_reference),0.007070480977732163,False,91.3445756816509,2047032
trec-covid,47,selection,5,474,5,ad_probe,best_in_menu_on_eval,0.0,True,,2047032
trec-covid,48,recalibration,5,451,5,ad_probe,ad_c(full_target_scalar_reference),0.006501304471021277,False,64.53848907186833,2048032
trec-covid,48,selection,5,451,5,ad_probe,best_in_menu_on_eval,0.0,True,,2048032
trec-covid,49,recalibration,5,461,5,ad_probe,ad_c(full_target_scalar_reference),2.100748297437227e-05,True,2.490381342264243,2049032
trec-covid,49,selection,5,461,5,ad_probe,best_in_menu_on_eval,0.0,True,,2049032
trec-covid,0,recalibration,10,916,10,ad_probe,ad_c(full_target_scalar_reference),0.001383448108775831,True,16.92501153357682,901
trec-covid,0,selection,10,916,10,ad_probe,best_in_menu_on_eval,0.0,True,,901
trec-covid,1,recalibration,10,916,10,ad_probe,ad_c(full_target_scalar_reference),0.0057796864722764185,False,73.21900091588049,1901
trec-covid,1,selection,10,916,10,ad_probe,best_in_menu_on_eval,0.0,True,,1901
trec-covid,2,recalibration,10,910,10,ad_probe,ad_c(full_target_scalar_reference),0.0003864372385171122,True,3.3153805219808987,2901
trec-covid,2,selection,10,910,10,ad_probe,best_in_menu_on_eval,0.0,True,,2901
trec-covid,3,recalibration,10,884,10,ad_probe,ad_c(full_target_scalar_reference),0.007109755985166652,False,68.59860711239904,3901
trec-covid,3,selection,10,884,10,ad_probe,best_in_menu_on_eval,0.0,True,,3901
trec-covid,4,recalibration,10,934,10,ad_probe,ad_c(full_target_scalar_reference),0.006240473714712869,False,68.70516613150374,4901
trec-covid,4,selection,10,934,10,ad_probe,best_in_menu_on_eval,0.0,True,,4901
trec-covid,5,recalibration,10,896,10,ad_probe,ad_c(full_target_scalar_reference),0.002597138121323006,True,23.787486682904955,5901
trec-covid,5,selection,10,896,10,ad_probe,best_in_menu_on_eval,0.0,True,,5901
trec-covid,6,recalibration,10,990,10,ad_probe,ad_c(full_target_scalar_reference),0.005284552343758658,False,52.25548477995716,6901
trec-covid,6,selection,10,990,10,ad_probe,best_in_menu_on_eval,0.0,True,,6901
trec-covid,7,recalibration,10,933,10,ad_probe,ad_c(full_target_scalar_reference),0.0008204495599451606,True,10.78319928384451,7901
trec-covid,7,selection,10,933,10,ad_probe,best_in_menu_on_eval,0.0,True,,7901
trec-covid,8,recalibration,10,876,10,ad_probe,ad_c(full_target_scalar_reference),0.0022424816885018573,True,27.444392658492063,8901
trec-covid,8,selection,10,876,10,ad_probe,best_in_menu_on_eval,0.0,True,,8901
trec-covid,9,recalibration,10,911,10,ad_probe,ad_c(full_target_scalar_reference),0.008386031916836706,False,85.30880955078595,9901
trec-covid,9,selection,10,911,10,ad_probe,best_in_menu_on_eval,0.0,True,,9901
trec-covid,10,recalibration,10,866,10,ad_probe,ad_c(full_target_scalar_reference),0.0008769485389922976,True,8.29281794158021,10901
trec-covid,10,selection,10,866,10,ad_probe,best_in_menu_on_eval,0.0,True,,10901
trec-covid,11,recalibration,10,948,10,ad_probe,ad_c(full_target_scalar_reference),0.00249098375322368,True,24.910774031252032,11901
trec-covid,11,selection,10,948,10,ad_probe,best_in_menu_on_eval,0.0,True,,11901
trec-covid,12,recalibration,10,980,10,ad_probe,ad_c(full_target_scalar_reference),0.00038729690854599763,True,3.3153805219808987,12901
trec-covid,12,selection,10,980,10,ad_probe,best_in_menu_on_eval,0.0,True,,12901
trec-covid,13,recalibration,10,888,10,ad_probe,ad_c(full_target_scalar_reference),0.0013380857665287182,True,14.261819138880526,13901
trec-covid,13,selection,10,888,10,ad_probe,best_in_menu_on_eval,0.0,True,,13901
trec-covid,14,recalibration,10,880,10,ad_probe,ad_c(full_target_scalar_reference),0.005748564363904779,False,57.986178444180155,14901
trec-covid,14,selection,10,880,10,ad_probe,best_in_menu_on_eval,0.0,True,,14901
trec-covid,15,recalibration,10,939,10,ad_probe,ad_c(full_target_scalar_reference),0.003208862085569919,True,28.09904196654651,15901
trec-covid,15,selection,10,939,10,ad_probe,best_in_menu_on_eval,0.0,True,,15901
trec-covid,16,recalibration,10,866,10,ad_probe,ad_c(full_target_scalar_reference),0.0008146077936884849,True,8.29281794158021,16901
trec-covid,16,selection,10,866,10,ad_probe,best_in_menu_on_eval,0.0,True,,16901
trec-covid,17,recalibration,10,901,10,ad_probe,ad_c(full_target_scalar_reference),0.0069557734543192196,False,86.41937567281809,17901
trec-covid,17,selection,10,901,10,ad_probe,best_in_menu_on_eval,0.0,True,,17901
trec-covid,18,recalibration,10,961,10,ad_probe,ad_c(full_target_scalar_reference),0.007543458723138413,False,96.48905269054183,18901
trec-covid,18,selection,10,961,10,ad_probe,best_in_menu_on_eval,0.0,True,,18901
trec-covid,19,recalibration,10,868,10,ad_probe,ad_c(full_target_scalar_reference),0.0005828501226731453,True,2.171988483801215,19901
trec-covid,19,selection,10,868,10,ad_probe,best_in_menu_on_eval,0.0,True,,19901
trec-covid,20,recalibration,10,891,10,ad_probe,ad_c(full_target_scalar_reference),0.0046832724732914915,True,55.2705697688524,20901
trec-covid,20,selection,10,891,10,ad_probe,best_in_menu_on_eval,0.0,True,,20901
trec-covid,21,recalibration,10,943,10,ad_probe,ad_c(full_target_scalar_reference),0.0016090943283145198,True,12.691369608716457,21901
trec-covid,21,selection,10,943,10,ad_probe,best_in_menu_on_eval,0.0,True,,21901
trec-covid,22,recalibration,10,926,10,ad_probe,ad_c(full_target_scalar_reference),0.0006933002630035712,True,7.534291486908387,22901
trec-covid,22,selection,10,926,10,ad_probe,best_in_menu_on_eval,0.0,True,,22901
trec-covid,23,recalibration,10,953,10,ad_probe,ad_c(full_target_scalar_reference),0.0016911886083972039,True,11.771437796616283,23901
trec-covid,23,selection,10,953,10,ad_probe,best_in_menu_on_eval,0.0,True,,23901
trec-covid,24,recalibration,10,806,10,ad_probe,ad_c(full_target_scalar_reference),0.0031303888200941016,True,33.48840717737636,24901
trec-covid,24,selection,10,806,10,ad_probe,best_in_menu_on_eval,0.0,True,,24901
trec-covid,25,recalibration,10,877,10,ad_probe,ad_c(full_target_scalar_reference),0.005448920888041123,False,63.446454422966724,25901
trec-covid,25,selection,10,877,10,ad_probe,best_in_menu_on_eval,0.0,True,,25901
trec-covid,26,recalibration,10,909,10,ad_probe,ad_c(full_target_scalar_reference),0.004904362796383482,True,60.53785779806583,26901
trec-covid,26,selection,10,909,10,ad_probe,best_in_menu_on_eval,0.0,True,,26901
trec-covid,27,recalibration,10,915,10,ad_probe,ad_c(full_target_scalar_reference),0.00046249677623937113,True,1.378487496601167,27901
trec-covid,27,selection,10,915,10,ad_probe,best_in_menu_on_eval,0.0,True,,27901
trec-covid,28,recalibration,10,942,10,ad_probe,ad_c(full_target_scalar_reference),0.005685304548698186,False,59.99494593658477,28901
trec-covid,28,selection,10,942,10,ad_probe,best_in_menu_on_eval,0.0,True,,28901
trec-covid,29,recalibration,10,930,10,ad_probe,ad_c(full_target_scalar_reference),0.008238601178943317,False,128.65809718089457,29901
trec-covid,29,selection,10,930,10,ad_probe,best_in_menu_on_eval,0.0,True,,29901
trec-covid,30,recalibration,10,955,10,ad_probe,ad_c(full_target_scalar_reference),0.00692217876213061,False,79.65243244449721,30901
trec-covid,30,selection,10,955,10,ad_probe,best_in_menu_on_eval,0.0,True,,30901
trec-covid,31,recalibration,10,943,10,ad_probe,ad_c(full_target_scalar_reference),0.004085131987516158,True,37.78886901591136,31901
trec-covid,31,selection,10,943,10,ad_probe,best_in_menu_on_eval,0.0,True,,31901
trec-covid,32,recalibration,10,901,10,ad_probe,ad_c(full_target_scalar_reference),0.004927983604198091,True,75.4806856805011,32901
trec-covid,32,selection,10,901,10,ad_probe,best_in_menu_on_eval,0.0,True,,32901
trec-covid,33,recalibration,10,889,10,ad_probe,ad_c(full_target_scalar_reference),0.002623287057604909,True,27.444392658492063,33901
trec-covid,33,selection,10,889,10,ad_probe,best_in_menu_on_eval,0.0,True,,33901
trec-covid,34,recalibration,10,894,10,ad_probe,ad_c(full_target_scalar_reference),0.0017612690425211491,True,22.148562380429667,34901
trec-covid,34,selection,10,894,10,ad_probe,best_in_menu_on_eval,0.0,True,,34901
trec-covid,35,recalibration,10,844,10,ad_probe,ad_c(full_target_scalar_reference),0.0033240376262542864,True,37.87472942839182,35901
trec-covid,35,selection,10,844,10,ad_probe,best_in_menu_on_eval,0.0,True,,35901
trec-covid,36,recalibration,10,934,10,ad_probe,ad_c(full_target_scalar_reference),0.0007490206052462034,True,7.534291486908387,36901
trec-covid,36,selection,10,934,10,ad_probe,best_in_menu_on_eval,0.0,True,,36901
trec-covid,37,recalibration,10,926,10,ad_probe,ad_c(full_target_scalar_reference),0.0006465867810770548,True,8.63219359199661,37901
trec-covid,37,selection,10,926,10,ad_probe,best_in_menu_on_eval,0.0,True,,37901
trec-covid,38,recalibration,10,948,10,ad_probe,ad_c(full_target_scalar_reference),0.00043283152098483324,True,7.126293308257345,38901
trec-covid,38,selection,10,948,10,ad_probe,best_in_menu_on_eval,0.0,True,,38901
trec-covid,39,recalibration,10,869,10,ad_probe,ad_c(full_target_scalar_reference),0.004553700565226443,True,44.8506130777439,39901
trec-covid,39,selection,10,869,10,ad_probe,best_in_menu_on_eval,0.0,True,,39901
trec-covid,40,recalibration,10,914,10,ad_probe,ad_c(full_target_scalar_reference),0.005794709217319768,False,56.35229904657393,40901
trec-covid,40,selection,10,914,10,ad_probe,best_in_menu_on_eval,0.0,True,,40901
trec-covid,41,recalibration,10,942,10,ad_probe,ad_c(full_target_scalar_reference),0.000538898969858842,True,5.3832857950604875,41901
trec-covid,41,selection,10,942,10,ad_probe,best_in_menu_on_eval,0.0,True,,41901
trec-covid,42,recalibration,10,846,10,ad_probe,ad_c(full_target_scalar_reference),0.005512566747840425,False,68.44529327186035,42901
trec-covid,42,selection,10,846,10,ad_probe,best_in_menu_on_eval,0.0,True,,42901
trec-covid,43,recalibration,10,894,10,ad_probe,ad_c(full_target_scalar_reference),0.004005970565661127,True,47.98392361350659,43901
trec-covid,43,selection,10,894,10,ad_probe,best_in_menu_on_eval,0.0,True,,43901
trec-covid,44,recalibration,10,909,10,ad_probe,ad_c(full_target_scalar_reference),0.0027004379257113548,True,29.546685997245135,44901
trec-covid,44,selection,10,909,10,ad_probe,best_in_menu_on_eval,0.0,True,,44901
trec-covid,45,recalibration,10,986,10,ad_probe,ad_c(full_target_scalar_reference),0.002397098758518637,True,21.390035925757843,45901
trec-covid,45,selection,10,986,10,ad_probe,best_in_menu_on_eval,0.0,True,,45901
trec-covid,46,recalibration,10,877,10,ad_probe,ad_c(full_target_scalar_reference),0.002025184269909941,True,23.787486682904955,46901
trec-covid,46,selection,10,877,10,ad_probe,best_in_menu_on_eval,0.0,True,,46901
trec-covid,47,recalibration,10,898,10,ad_probe,ad_c(full_target_scalar_reference),0.005929168287462969,False,80.4058856893339,47901
trec-covid,47,selection,10,898,10,ad_probe,best_in_menu_on_eval,0.0,True,,47901
trec-covid,48,recalibration,10,934,10,ad_probe,ad_c(full_target_scalar_reference),0.003440176485305632,True,28.852495211383257,48901
trec-covid,48,selection,10,934,10,ad_probe,best_in_menu_on_eval,0.0,True,,48901
trec-covid,49,recalibration,10,976,10,ad_probe,ad_c(full_target_scalar_reference),0.009467781549730853,False,84.41214199574503,49901
trec-covid,49,selection,10,976,10,ad_probe,best_in_menu_on_eval,0.0,True,,49901
trec-covid,0,recalibration,20,1826,20,ad_probe,ad_c(full_target_scalar_reference),0.007034014398409311,False,77.56583510031817,2200423
trec-covid,0,selection,20,1826,20,ad_probe,best_in_menu_on_eval,0.0,True,,2200423
trec-covid,1,recalibration,20,1865,20,ad_probe,ad_c(full_target_scalar_reference),0.005558283545159581,False,63.446454422966724,2201423
trec-covid,1,selection,20,1865,20,ad_probe,best_in_menu_on_eval,0.0,True,,2201423
trec-covid,2,recalibration,20,1848,20,ad_probe,ad_c(full_target_scalar_reference),0.0056008551125648065,False,60.9588378985913,2202423
trec-covid,2,selection,20,1848,20,ad_probe,best_in_menu_on_eval,0.0,True,,2202423
trec-covid,3,recalibration,20,1817,20,ad_probe,ad_c(full_target_scalar_reference),0.0025506286603155376,True,33.095000997329294,2203423
trec-covid,3,selection,20,1817,20,ad_probe,best_in_menu_on_eval,0.0,True,,2203423
trec-covid,4,recalibration,20,1848,20,ad_probe,ad_c(full_target_scalar_reference),0.003985935978497196,True,37.78886901591136,2204423
trec-covid,4,selection,20,1848,20,ad_probe,best_in_menu_on_eval,0.0,True,,2204423
trec-covid,5,recalibration,20,1857,20,ad_probe,ad_c(full_target_scalar_reference),0.00021862218693571855,True,4.889755578031327,2205423
trec-covid,5,selection,20,1857,20,ad_probe,best_in_menu_on_eval,0.0,True,,2205423
trec-covid,6,recalibration,20,1776,20,ad_probe,ad_c(full_target_scalar_reference),0.003415804609220738,True,33.095000997329294,2206423
trec-covid,6,selection,20,1776,20,ad_probe,best_in_menu_on_eval,0.0,True,,2206423
trec-covid,7,recalibration,20,1830,20,ad_probe,ad_c(full_target_scalar_reference),0.00035996806608500076,True,3.877385511321222,2207423
trec-covid,7,selection,20,1830,20,ad_probe,best_in_menu_on_eval,0.0,True,,2207423
trec-covid,8,recalibration,20,1838,20,ad_probe,ad_c(full_target_scalar_reference),0.0033198642283479435,True,37.78886901591136,2208423
trec-covid,8,selection,20,1838,20,ad_probe,best_in_menu_on_eval,0.0,True,,2208423
trec-covid,9,recalibration,20,1802,20,ad_probe,ad_c(full_target_scalar_reference),0.004224944344492915,True,47.05933641168173,2209423
trec-covid,9,selection,20,1802,20,ad_probe,best_in_menu_on_eval,0.0,True,,2209423
trec-covid,10,recalibration,20,1821,20,ad_probe,ad_c(full_target_scalar_reference),0.0033341204343528136,True,27.80797707536135,2210423
trec-covid,10,selection,20,1821,20,ad_probe,best_in_menu_on_eval,0.0,True,,2210423
trec-covid,11,recalibration,20,1759,20,ad_probe,ad_c(full_target_scalar_reference),0.0005163002612963707,True,6.141812249732311,2211423
trec-covid,11,selection,20,1759,20,ad_probe,best_in_menu_on_eval,0.0,True,,2211423
trec-covid,12,recalibration,20,1883,20,ad_probe,ad_c(full_target_scalar_reference),0.0024475816231759318,True,18.89113791103773,2212423
trec-covid,12,selection,20,1883,20,ad_probe,best_in_menu_on_eval,0.0,True,,2212423
trec-covid,13,recalibration,20,1850,20,ad_probe,ad_c(full_target_scalar_reference),0.0001747854066291299,True,0.7585264546718236,2213423
trec-covid,13,selection,20,1850,20,ad_probe,best_in_menu_on_eval,0.0,True,,2213423
trec-covid,14,recalibration,20,1796,20,ad_probe,ad_c(full_target_scalar_reference),0.0015571349674200208,True,16.92501153357682,2214423
trec-covid,14,selection,20,1796,20,ad_probe,best_in_menu_on_eval,0.0,True,,2214423
trec-covid,15,recalibration,20,1830,20,ad_probe,ad_c(full_target_scalar_reference),0.001200824105276485,True,15.419111249837556,2215423
trec-covid,15,selection,20,1830,20,ad_probe,best_in_menu_on_eval,0.0,True,,2215423
trec-covid,16,recalibration,20,1819,20,ad_probe,ad_c(full_target_scalar_reference),0.0002828717378475648,True,7.126293308257345,2216423
trec-covid,16,selection,20,1819,20,ad_probe,best_in_menu_on_eval,0.0,True,,2216423
trec-covid,17,recalibration,20,1877,20,ad_probe,ad_c(full_target_scalar_reference),0.00017827488927107948,True,0.7585264546718236,2217423
trec-covid,17,selection,20,1877,20,ad_probe,best_in_menu_on_eval,0.0,True,,2217423
trec-covid,18,recalibration,20,1843,20,ad_probe,ad_c(full_target_scalar_reference),0.0034618256857392588,True,33.095000997329294,2218423
trec-covid,18,selection,20,1843,20,ad_probe,best_in_menu_on_eval,0.0,True,,2218423
trec-covid,19,recalibration,20,1875,20,ad_probe,ad_c(full_target_scalar_reference),0.004961259834310283,True,38.82088841730581,2219423
trec-covid,19,selection,20,1875,20,ad_probe,best_in_menu_on_eval,0.0,True,,2219423
trec-covid,20,recalibration,20,1847,20,ad_probe,ad_c(full_target_scalar_reference),0.0005782626182960771,True,6.141812249732311,2220423
trec-covid,20,selection,20,1847,20,ad_probe,best_in_menu_on_eval,0.0,True,,2220423
trec-covid,21,recalibration,20,1808,20,ad_probe,ad_c(full_target_scalar_reference),0.0,True,0.0,2221423
trec-covid,21,selection,20,1808,20,ad_probe,best_in_menu_on_eval,0.0,True,,2221423
trec-covid,22,recalibration,20,1856,20,ad_probe,ad_c(full_target_scalar_reference),0.004584450933963952,True,43.62331795402571,2222423
trec-covid,22,selection,20,1856,20,ad_probe,best_in_menu_on_eval,0.0,True,,2222423
trec-covid,23,recalibration,20,1804,20,ad_probe,ad_c(full_target_scalar_reference),0.00150774637590248,True,14.261819138880526,2223423
trec-covid,23,selection,20,1804,20,ad_probe,best_in_menu_on_eval,0.0,True,,2223423
trec-covid,24,recalibration,20,1738,20,ad_probe,ad_c(full_target_scalar_reference),0.0020274951537248564,True,23.52704987703089,2224423
trec-covid,24,selection,20,1738,20,ad_probe,best_in_menu_on_eval,0.0,True,,2224423
trec-covid,25,recalibration,20,1828,20,ad_probe,ad_c(full_target_scalar_reference),0.003182945808996973,True,33.095000997329294,2225423
trec-covid,25,selection,20,1828,20,ad_probe,best_in_menu_on_eval,0.0,True,,2225423
trec-covid,26,recalibration,20,1829,20,ad_probe,ad_c(full_target_scalar_reference),0.0016313482071359658,True,13.268105557989657,2226423
trec-covid,26,selection,20,1829,20,ad_probe,best_in_menu_on_eval,0.0,True,,2226423
trec-covid,27,recalibration,20,1809,20,ad_probe,ad_c(full_target_scalar_reference),0.008710495924565437,False,83.89963001126438,2227423
trec-covid,27,selection,20,1809,20,ad_probe,best_in_menu_on_eval,0.0,True,,2227423
trec-covid,28,recalibration,20,1823,20,ad_probe,ad_c(full_target_scalar_reference),0.00047039559976691514,True,4.6359119659931025,2228423
trec-covid,28,selection,20,1823,20,ad_probe,best_in_menu_on_eval,0.0,True,,2228423
trec-covid,29,recalibration,20,1786,20,ad_probe,ad_c(full_target_scalar_reference),0.004367022874871243,True,50.57650049772036,2229423
trec-covid,29,selection,20,1786,20,ad_probe,best_in_menu_on_eval,0.0,True,,2229423
trec-covid,30,recalibration,20,1842,20,ad_probe,ad_c(full_target_scalar_reference),0.0032290661612397187,True,26.017431219295077,2230423
trec-covid,30,selection,20,1842,20,ad_probe,best_in_menu_on_eval,0.0,True,,2230423
trec-covid,31,recalibration,20,1840,20,ad_probe,ad_c(full_target_scalar_reference),0.0017418477866956161,True,11.771437796616283,2231423
trec-covid,31,selection,20,1840,20,ad_probe,best_in_menu_on_eval,0.0,True,,2231423
trec-covid,32,recalibration,20,1896,20,ad_probe,ad_c(full_target_scalar_reference),0.0004447565829132083,True,5.3832857950604875,2232423
trec-covid,32,selection,20,1896,20,ad_probe,best_in_menu_on_eval,0.0,True,,2232423
trec-covid,33,recalibration,20,1852,20,ad_probe,ad_c(full_target_scalar_reference),0.004680956054546659,True,41.30013709734152,2233423
trec-covid,33,selection,20,1852,20,ad_probe,best_in_menu_on_eval,0.0,True,,2233423
trec-covid,34,recalibration,20,1850,20,ad_probe,ad_c(full_target_scalar_reference),0.0011163128689255092,True,13.268105557989657,2234423
trec-covid,34,selection,20,1850,20,ad_probe,best_in_menu_on_eval,0.0,True,,2234423
trec-covid,35,recalibration,20,1814,20,ad_probe,ad_c(full_target_scalar_reference),0.001555937000295271,True,16.66119337464761,2235423
trec-covid,35,selection,20,1814,20,ad_probe,best_in_menu_on_eval,0.0,True,,2235423
trec-covid,36,recalibration,20,1885,20,ad_probe,ad_c(full_target_scalar_reference),0.0027822686924466045,True,33.095000997329294,2236423
trec-covid,36,selection,20,1885,20,ad_probe,best_in_menu_on_eval,0.0,True,,2236423
trec-covid,37,recalibration,20,1785,20,ad_probe,ad_c(full_target_scalar_reference),0.00046158308476114407,True,3.3153805219808987,2237423
trec-covid,37,selection,20,1785,20,ad_probe,best_in_menu_on_eval,0.0,True,,2237423
trec-covid,38,recalibration,20,1777,20,ad_probe,ad_c(full_target_scalar_reference),0.0038056333231287626,True,35.25494252095834,2238423
trec-covid,38,selection,20,1777,20,ad_probe,best_in_menu_on_eval,0.0,True,,2238423
trec-covid,39,recalibration,20,1863,20,ad_probe,ad_c(full_target_scalar_reference),0.0006925975150292862,True,7.126293308257345,2239423
trec-covid,39,selection,20,1863,20,ad_probe,best_in_menu_on_eval,0.0,True,,2239423
trec-covid,40,recalibration,20,1815,20,ad_probe,ad_c(full_target_scalar_reference),0.004873698312194252,True,44.8506130777439,2240423
trec-covid,40,selection,20,1815,20,ad_probe,best_in_menu_on_eval,0.0,True,,2240423
trec-covid,41,recalibration,20,1831,20,ad_probe,ad_c(full_target_scalar_reference),0.0005150493791522687,True,7.126293308257345,2241423
trec-covid,41,selection,20,1831,20,ad_probe,best_in_menu_on_eval,0.0,True,,2241423
trec-covid,42,recalibration,20,1825,20,ad_probe,ad_c(full_target_scalar_reference),0.0,True,0.0,2242423
trec-covid,42,selection,20,1825,20,ad_probe,best_in_menu_on_eval,0.0,True,,2242423
trec-covid,43,recalibration,20,1834,20,ad_probe,ad_c(full_target_scalar_reference),0.00070122297835154,True,3.2489077969361233,2243423
trec-covid,43,selection,20,1834,20,ad_probe,best_in_menu_on_eval,0.0,True,,2243423
trec-covid,44,recalibration,20,1775,20,ad_probe,ad_c(full_target_scalar_reference),0.0019431915154161372,True,33.095000997329294,2244423
trec-covid,44,selection,20,1775,20,ad_probe,best_in_menu_on_eval,0.0,True,,2244423
trec-covid,45,recalibration,20,1761,20,ad_probe,ad_c(full_target_scalar_reference),0.0,True,0.0,2245423
trec-covid,45,selection,20,1761,20,ad_probe,best_in_menu_on_eval,0.0,True,,2245423
trec-covid,46,recalibration,20,1800,20,ad_probe,ad_c(full_target_scalar_reference),0.005184501855430054,False,55.662997587495965,2246423
trec-covid,46,selection,20,1800,20,ad_probe,best_in_menu_on_eval,0.0,True,,2246423
trec-covid,47,recalibration,20,1873,20,ad_probe,ad_c(full_target_scalar_reference),0.0035791643891497638,True,26.017431219295077,2247423
trec-covid,47,selection,20,1873,20,ad_probe,best_in_menu_on_eval,0.0,True,,2247423
trec-covid,48,recalibration,20,1850,20,ad_probe,ad_c(full_target_scalar_reference),0.0047272553763294395,True,43.62331795402571,2248423
trec-covid,48,selection,20,1850,20,ad_probe,best_in_menu_on_eval,0.0,True,,2248423
trec-covid,49,recalibration,20,1831,20,ad_probe,ad_c(full_target_scalar_reference),0.0005172716379502479,True,6.141812249732311,2249423
trec-covid,49,selection,20,1831,20,ad_probe,best_in_menu_on_eval,0.0,True,,2249423
trec-covid,0,recalibration,25,2261,50,ad_probe,ad_c(full_target_scalar_reference),0.0003915574521837495,True,4.007434251607947,2300472
trec-covid,0,selection,25,2261,50,ad_probe,best_in_menu_on_eval,0.0,True,,2300472
trec-covid,1,recalibration,25,2286,50,ad_probe,ad_c(full_target_scalar_reference),0.0011398202162505172,True,4.007434251607947,2301472
trec-covid,1,selection,25,2286,50,ad_probe,best_in_menu_on_eval,0.0,True,,2301472
trec-covid,2,recalibration,25,2312,50,ad_probe,ad_c(full_target_scalar_reference),0.0009095743047090321,True,14.774005841728922,2302472
trec-covid,2,selection,25,2312,50,ad_probe,best_in_menu_on_eval,0.0,True,,2302472
trec-covid,3,recalibration,25,2226,50,ad_probe,ad_c(full_target_scalar_reference),0.0030809057790602418,True,35.812768091559434,2303472
trec-covid,3,selection,25,2226,50,ad_probe,best_in_menu_on_eval,0.0,True,,2303472
trec-covid,4,recalibration,25,2286,50,ad_probe,ad_c(full_target_scalar_reference),0.0012196524196962794,True,11.762205274250448,2304472
trec-covid,4,selection,25,2286,50,ad_probe,best_in_menu_on_eval,0.0,True,,2304472
trec-covid,5,recalibration,25,2304,50,ad_probe,ad_c(full_target_scalar_reference),0.0017757123234678068,True,19.07601722542472,2305472
trec-covid,5,selection,25,2304,50,ad_probe,best_in_menu_on_eval,0.0,True,,2305472
trec-covid,6,recalibration,25,2318,50,ad_probe,ad_c(full_target_scalar_reference),0.0046540106870938125,True,40.156745059161835,2306472
trec-covid,6,selection,25,2318,50,ad_probe,best_in_menu_on_eval,0.0,True,,2306472
trec-covid,7,recalibration,25,2296,50,ad_probe,ad_c(full_target_scalar_reference),0.00597177377208713,False,67.96028920734346,2307472
trec-covid,7,selection,25,2296,50,ad_probe,best_in_menu_on_eval,0.0,True,,2307472
trec-covid,8,recalibration,25,2299,50,ad_probe,ad_c(full_target_scalar_reference),0.0028136546383890626,True,26.03325693549681,2308472
trec-covid,8,selection,25,2299,50,ad_probe,best_in_menu_on_eval,0.0,True,,2308472
trec-covid,9,recalibration,25,2235,50,ad_probe,ad_c(full_target_scalar_reference),2.7559117714640036e-05,True,2.490381342264243,2309472
trec-covid,9,selection,25,2235,50,ad_probe,best_in_menu_on_eval,0.0,True,,2309472
trec-covid,10,recalibration,25,2214,50,ad_probe,ad_c(full_target_scalar_reference),0.0017082499297949028,True,14.774005841728922,2310472
trec-covid,10,selection,25,2214,50,ad_probe,best_in_menu_on_eval,0.0,True,,2310472
trec-covid,11,recalibration,25,2365,50,ad_probe,ad_c(full_target_scalar_reference),0.0054510801862253655,False,51.608519899114754,2311472
trec-covid,11,selection,25,2365,50,ad_probe,best_in_menu_on_eval,0.0,True,,2311472
trec-covid,12,recalibration,25,2353,50,ad_probe,ad_c(full_target_scalar_reference),0.0011331700142547252,True,4.007434251607947,2312472
trec-covid,12,selection,25,2353,50,ad_probe,best_in_menu_on_eval,0.0,True,,2312472
trec-covid,13,recalibration,25,2344,50,ad_probe,ad_c(full_target_scalar_reference),7.55507329592009e-05,True,2.490381342264243,2313472
trec-covid,13,selection,25,2344,50,ad_probe,best_in_menu_on_eval,0.0,True,,2313472
trec-covid,14,recalibration,25,2228,50,ad_probe,ad_c(full_target_scalar_reference),0.005162044920166087,False,51.608519899114754,2314472
trec-covid,14,selection,25,2228,50,ad_probe,best_in_menu_on_eval,0.0,True,,2314472
trec-covid,15,recalibration,25,2296,50,ad_probe,ad_c(full_target_scalar_reference),0.0012274168037388622,True,4.007434251607947,2315472
trec-covid,15,selection,25,2296,50,ad_probe,best_in_menu_on_eval,0.0,True,,2315472
trec-covid,16,recalibration,25,2298,50,ad_probe,ad_c(full_target_scalar_reference),0.000751893499560452,True,2.490381342264243,2316472
trec-covid,16,selection,25,2298,50,ad_probe,best_in_menu_on_eval,0.0,True,,2316472
trec-covid,17,recalibration,25,2232,50,ad_probe,ad_c(full_target_scalar_reference),0.001388363354213079,True,11.762205274250448,2317472
trec-covid,17,selection,25,2232,50,ad_probe,best_in_menu_on_eval,0.0,True,,2317472
trec-covid,18,recalibration,25,2288,50,ad_probe,ad_c(full_target_scalar_reference),0.0008593714642250588,True,14.774005841728922,2318472
trec-covid,18,selection,25,2288,50,ad_probe,best_in_menu_on_eval,0.0,True,,2318472
trec-covid,19,recalibration,25,2263,50,ad_probe,ad_c(full_target_scalar_reference),0.0005080607203934301,True,2.490381342264243,2319472
trec-covid,19,selection,25,2263,50,ad_probe,best_in_menu_on_eval,0.0,True,,2319472
trec-covid,20,recalibration,25,2251,50,ad_probe,ad_c(full_target_scalar_reference),0.0025054193816336917,True,35.812768091559434,2320472
trec-covid,20,selection,25,2251,50,ad_probe,best_in_menu_on_eval,0.0,True,,2320472
trec-covid,21,recalibration,25,2245,50,ad_probe,ad_c(full_target_scalar_reference),0.003614035967962434,True,35.812768091559434,2321472
trec-covid,21,selection,25,2245,50,ad_probe,best_in_menu_on_eval,0.0,True,,2321472
trec-covid,22,recalibration,25,2258,50,ad_probe,ad_c(full_target_scalar_reference),0.0005302523540280379,True,2.490381342264243,2322472
trec-covid,22,selection,25,2258,50,ad_probe,best_in_menu_on_eval,0.0,True,,2322472
trec-covid,23,recalibration,25,2265,50,ad_probe,ad_c(full_target_scalar_reference),0.001024525451598618,True,4.007434251607947,2323472
trec-covid,23,selection,25,2265,50,ad_probe,best_in_menu_on_eval,0.0,True,,2323472
trec-covid,24,recalibration,25,2265,50,ad_probe,ad_c(full_target_scalar_reference),0.000806144278158713,True,4.007434251607947,2324472
trec-covid,24,selection,25,2265,50,ad_probe,best_in_menu_on_eval,0.0,True,,2324472
trec-covid,25,recalibration,25,2280,50,ad_probe,ad_c(full_target_scalar_reference),0.0012027810214578771,True,14.774005841728922,2325472
trec-covid,25,selection,25,2280,50,ad_probe,best_in_menu_on_eval,0.0,True,,2325472
trec-covid,26,recalibration,25,2206,50,ad_probe,ad_c(full_target_scalar_reference),7.32737336635314e-06,True,2.490381342264243,2326472
trec-covid,26,selection,25,2206,50,ad_probe,best_in_menu_on_eval,0.0,True,,2326472
trec-covid,27,recalibration,25,2314,50,ad_probe,ad_c(full_target_scalar_reference),0.005508173305225933,False,51.608519899114754,2327472
trec-covid,27,selection,25,2314,50,ad_probe,best_in_menu_on_eval,0.0,True,,2327472
trec-covid,28,recalibration,25,2309,50,ad_probe,ad_c(full_target_scalar_reference),0.00011046180829163421,True,2.490381342264243,2328472
trec-covid,28,selection,25,2309,50,ad_probe,best_in_menu_on_eval,0.0,True,,2328472
trec-covid,29,recalibration,25,2240,50,ad_probe,ad_c(full_target_scalar_reference),0.0011108213002572753,True,14.774005841728922,2329472
trec-covid,29,selection,25,2240,50,ad_probe,best_in_menu_on_eval,0.0,True,,2329472
trec-covid,30,recalibration,25,2314,50,ad_probe,ad_c(full_target_scalar_reference),0.002654709866652852,True,26.03325693549681,2330472
trec-covid,30,selection,25,2314,50,ad_probe,best_in_menu_on_eval,0.0,True,,2330472
trec-covid,31,recalibration,25,2370,50,ad_probe,ad_c(full_target_scalar_reference),0.004957780619288837,True,40.156745059161835,2331472
trec-covid,31,selection,25,2370,50,ad_probe,best_in_menu_on_eval,0.0,True,,2331472
trec-covid,32,recalibration,25,2250,50,ad_probe,ad_c(full_target_scalar_reference),0.001849329433282032,True,14.774005841728922,2332472
trec-covid,32,selection,25,2250,50,ad_probe,best_in_menu_on_eval,0.0,True,,2332472
trec-covid,33,recalibration,25,2271,50,ad_probe,ad_c(full_target_scalar_reference),0.003962050539629128,True,35.812768091559434,2333472
trec-covid,33,selection,25,2271,50,ad_probe,best_in_menu_on_eval,0.0,True,,2333472
trec-covid,34,recalibration,25,2271,50,ad_probe,ad_c(full_target_scalar_reference),0.0015220364641071044,True,11.762205274250448,2334472
trec-covid,34,selection,25,2271,50,ad_probe,best_in_menu_on_eval,0.0,True,,2334472
trec-covid,35,recalibration,25,2303,50,ad_probe,ad_c(full_target_scalar_reference),0.0008270984754392835,True,4.007434251607947,2335472
trec-covid,35,selection,25,2303,50,ad_probe,best_in_menu_on_eval,0.0,True,,2335472
trec-covid,36,recalibration,25,2292,50,ad_probe,ad_c(full_target_scalar_reference),0.004735353112353874,True,49.54448109632597,2336472
trec-covid,36,selection,25,2292,50,ad_probe,best_in_menu_on_eval,0.0,True,,2336472
trec-covid,37,recalibration,25,2239,50,ad_probe,ad_c(full_target_scalar_reference),0.0017010072138753801,True,19.07601722542472,2337472
trec-covid,37,selection,25,2239,50,ad_probe,best_in_menu_on_eval,0.0,True,,2337472
trec-covid,38,recalibration,25,2257,50,ad_probe,ad_c(full_target_scalar_reference),0.004549655348463563,True,49.54448109632597,2338472
trec-covid,38,selection,25,2257,50,ad_probe,best_in_menu_on_eval,0.0,True,,2338472
trec-covid,39,recalibration,25,2327,50,ad_probe,ad_c(full_target_scalar_reference),0.005111820428290226,False,40.156745059161835,2339472
trec-covid,39,selection,25,2327,50,ad_probe,best_in_menu_on_eval,0.0,True,,2339472
trec-covid,40,recalibration,25,2337,50,ad_probe,ad_c(full_target_scalar_reference),0.00451118870680875,True,49.54448109632597,2340472
trec-covid,40,selection,25,2337,50,ad_probe,best_in_menu_on_eval,0.0,True,,2340472
trec-covid,41,recalibration,25,2346,50,ad_probe,ad_c(full_target_scalar_reference),0.0035818944133570174,True,26.03325693549681,2341472
trec-covid,41,selection,25,2346,50,ad_probe,best_in_menu_on_eval,0.0,True,,2341472
trec-covid,42,recalibration,25,2278,50,ad_probe,ad_c(full_target_scalar_reference),0.00012457574426399942,True,2.490381342264243,2342472
trec-covid,42,selection,25,2278,50,ad_probe,best_in_menu_on_eval,0.0,True,,2342472
trec-covid,43,recalibration,25,2251,50,ad_probe,ad_c(full_target_scalar_reference),0.005441573633740218,False,51.433867816491954,2343472
trec-covid,43,selection,25,2251,50,ad_probe,best_in_menu_on_eval,0.0,True,,2343472
trec-covid,44,recalibration,25,2294,50,ad_probe,ad_c(full_target_scalar_reference),0.0014380268790802342,True,19.07601722542472,2344472
trec-covid,44,selection,25,2294,50,ad_probe,best_in_menu_on_eval,0.0,True,,2344472
trec-covid,45,recalibration,25,2301,50,ad_probe,ad_c(full_target_scalar_reference),5.985964745036654e-05,True,2.490381342264243,2345472
trec-covid,45,selection,25,2301,50,ad_probe,best_in_menu_on_eval,0.0,True,,2345472
trec-covid,46,recalibration,25,2283,50,ad_probe,ad_c(full_target_scalar_reference),0.0012844001071806443,True,14.774005841728922,2346472
trec-covid,46,selection,25,2283,50,ad_probe,best_in_menu_on_eval,0.0,True,,2346472
trec-covid,47,recalibration,25,2282,50,ad_probe,ad_c(full_target_scalar_reference),0.00313211450163714,True,26.03325693549681,2347472
trec-covid,47,selection,25,2282,50,ad_probe,best_in_menu_on_eval,0.0,True,,2347472
trec-covid,48,recalibration,25,2313,50,ad_probe,ad_c(full_target_scalar_reference),0.0003241372465795228,True,4.007434251607947,2348472
trec-covid,48,selection,25,2313,50,ad_probe,best_in_menu_on_eval,0.0,True,,2348472
trec-covid,49,recalibration,25,2298,50,ad_probe,ad_c(full_target_scalar_reference),0.0007496651680628241,True,4.007434251607947,2349472
trec-covid,49,selection,25,2298,50,ad_probe,best_in_menu_on_eval,0.0,True,,2349472
trec-covid,0,recalibration,25,2253,100,ad_probe,ad_c(full_target_scalar_reference),0.0035746456213512218,True,35.812768091559434,2400755
trec-covid,0,selection,25,2253,100,ad_probe,best_in_menu_on_eval,0.0,True,,2400755
trec-covid,1,recalibration,25,2299,100,ad_probe,ad_c(full_target_scalar_reference),0.0010672262860192405,True,14.774005841728922,2401755
trec-covid,1,selection,25,2299,100,ad_probe,best_in_menu_on_eval,0.0,True,,2401755
trec-covid,2,recalibration,25,2240,100,ad_probe,ad_c(full_target_scalar_reference),0.004208323624997942,True,35.812768091559434,2402755
trec-covid,2,selection,25,2240,100,ad_probe,best_in_menu_on_eval,0.0,True,,2402755
trec-covid,3,recalibration,25,2335,100,ad_probe,ad_c(full_target_scalar_reference),0.004469506183688604,True,40.156745059161835,2403755
trec-covid,3,selection,25,2335,100,ad_probe,best_in_menu_on_eval,0.0,True,,2403755
trec-covid,4,recalibration,25,2319,100,ad_probe,ad_c(full_target_scalar_reference),0.00038485563683351987,True,2.490381342264243,2404755
trec-covid,4,selection,25,2319,100,ad_probe,best_in_menu_on_eval,0.0,True,,2404755
trec-covid,5,recalibration,25,2269,100,ad_probe,ad_c(full_target_scalar_reference),0.0025834309114022708,True,26.03325693549681,2405755
trec-covid,5,selection,25,2269,100,ad_probe,best_in_menu_on_eval,0.0,True,,2405755
trec-covid,6,recalibration,25,2278,100,ad_probe,ad_c(full_target_scalar_reference),0.0001852881576180354,True,2.490381342264243,2406755
trec-covid,6,selection,25,2278,100,ad_probe,best_in_menu_on_eval,0.0,True,,2406755
trec-covid,7,recalibration,25,2290,100,ad_probe,ad_c(full_target_scalar_reference),0.0005862791071018503,True,4.007434251607947,2407755
trec-covid,7,selection,25,2290,100,ad_probe,best_in_menu_on_eval,0.0,True,,2407755
trec-covid,8,recalibration,25,2246,100,ad_probe,ad_c(full_target_scalar_reference),0.00013483237788662616,True,2.490381342264243,2408755
trec-covid,8,selection,25,2246,100,ad_probe,best_in_menu_on_eval,0.0,True,,2408755
trec-covid,9,recalibration,25,2328,100,ad_probe,ad_c(full_target_scalar_reference),0.0012617500864159359,True,11.762205274250448,2409755
trec-covid,9,selection,25,2328,100,ad_probe,best_in_menu_on_eval,0.0,True,,2409755
trec-covid,10,recalibration,25,2327,100,ad_probe,ad_c(full_target_scalar_reference),1.2764849847191062e-05,True,2.490381342264243,2410755
trec-covid,10,selection,25,2327,100,ad_probe,best_in_menu_on_eval,0.0,True,,2410755
trec-covid,11,recalibration,25,2230,100,ad_probe,ad_c(full_target_scalar_reference),0.0017970331422850205,True,19.07601722542472,2411755
trec-covid,11,selection,25,2230,100,ad_probe,best_in_menu_on_eval,0.0,True,,2411755
trec-covid,12,recalibration,25,2280,100,ad_probe,ad_c(full_target_scalar_reference),0.001860260042500242,True,26.03325693549681,2412755
trec-covid,12,selection,25,2280,100,ad_probe,best_in_menu_on_eval,0.0,True,,2412755
trec-covid,13,recalibration,25,2255,100,ad_probe,ad_c(full_target_scalar_reference),0.0007781940768620127,True,11.762205274250448,2413755
trec-covid,13,selection,25,2255,100,ad_probe,best_in_menu_on_eval,0.0,True,,2413755
trec-covid,14,recalibration,25,2262,100,ad_probe,ad_c(full_target_scalar_reference),0.0034214254477722417,True,40.156745059161835,2414755
trec-covid,14,selection,25,2262,100,ad_probe,best_in_menu_on_eval,0.0,True,,2414755
trec-covid,15,recalibration,25,2305,100,ad_probe,ad_c(full_target_scalar_reference),0.0007903426203457881,True,4.007434251607947,2415755
trec-covid,15,selection,25,2305,100,ad_probe,best_in_menu_on_eval,0.0,True,,2415755
trec-covid,16,recalibration,25,2289,100,ad_probe,ad_c(full_target_scalar_reference),0.001091873639074925,True,14.774005841728922,2416755
trec-covid,16,selection,25,2289,100,ad_probe,best_in_menu_on_eval,0.0,True,,2416755
trec-covid,17,recalibration,25,2325,100,ad_probe,ad_c(full_target_scalar_reference),0.0031104286588415075,True,26.03325693549681,2417755
trec-covid,17,selection,25,2325,100,ad_probe,best_in_menu_on_eval,0.0,True,,2417755
trec-covid,18,recalibration,25,2232,100,ad_probe,ad_c(full_target_scalar_reference),0.00048461297401042325,True,2.490381342264243,2418755
trec-covid,18,selection,25,2232,100,ad_probe,best_in_menu_on_eval,0.0,True,,2418755
trec-covid,19,recalibration,25,2221,100,ad_probe,ad_c(full_target_scalar_reference),0.003086525657731487,True,47.33116672023982,2419755
trec-covid,19,selection,25,2221,100,ad_probe,best_in_menu_on_eval,0.0,True,,2419755
trec-covid,20,recalibration,25,2242,100,ad_probe,ad_c(full_target_scalar_reference),0.004558743411813171,True,47.33116672023982,2420755
trec-covid,20,selection,25,2242,100,ad_probe,best_in_menu_on_eval,0.0,True,,2420755
trec-covid,21,recalibration,25,2242,100,ad_probe,ad_c(full_target_scalar_reference),0.0015652603658989905,True,14.774005841728922,2421755
trec-covid,21,selection,25,2242,100,ad_probe,best_in_menu_on_eval,0.0,True,,2421755
trec-covid,22,recalibration,25,2205,100,ad_probe,ad_c(full_target_scalar_reference),5.3498737930299245e-05,True,2.490381342264243,2422755
trec-covid,22,selection,25,2205,100,ad_probe,best_in_menu_on_eval,0.0,True,,2422755
trec-covid,23,recalibration,25,2259,100,ad_probe,ad_c(full_target_scalar_reference),0.0038553135838117203,True,40.156745059161835,2423755
trec-covid,23,selection,25,2259,100,ad_probe,best_in_menu_on_eval,0.0,True,,2423755
trec-covid,24,recalibration,25,2300,100,ad_probe,ad_c(full_target_scalar_reference),0.0027446870412835417,True,19.07601722542472,2424755
trec-covid,24,selection,25,2300,100,ad_probe,best_in_menu_on_eval,0.0,True,,2424755
trec-covid,25,recalibration,25,2281,100,ad_probe,ad_c(full_target_scalar_reference),0.00016901514958693464,True,2.490381342264243,2425755
trec-covid,25,selection,25,2281,100,ad_probe,best_in_menu_on_eval,0.0,True,,2425755
trec-covid,26,recalibration,25,2207,100,ad_probe,ad_c(full_target_scalar_reference),0.0001241317859823482,True,2.490381342264243,2426755
trec-covid,26,selection,25,2207,100,ad_probe,best_in_menu_on_eval,0.0,True,,2426755
trec-covid,27,recalibration,25,2253,100,ad_probe,ad_c(full_target_scalar_reference),1.802796527061723e-05,True,2.490381342264243,2427755
trec-covid,27,selection,25,2253,100,ad_probe,best_in_menu_on_eval,0.0,True,,2427755
trec-covid,28,recalibration,25,2242,100,ad_probe,ad_c(full_target_scalar_reference),0.005347080632164325,False,46.78750610312363,2428755
trec-covid,28,selection,25,2242,100,ad_probe,best_in_menu_on_eval,0.0,True,,2428755
trec-covid,29,recalibration,25,2267,100,ad_probe,ad_c(full_target_scalar_reference),0.0017131858954033963,True,14.774005841728922,2429755
trec-covid,29,selection,25,2267,100,ad_probe,best_in_menu_on_eval,0.0,True,,2429755
trec-covid,30,recalibration,25,2230,100,ad_probe,ad_c(full_target_scalar_reference),0.0004942221078389902,True,2.490381342264243,2430755
trec-covid,30,selection,25,2230,100,ad_probe,best_in_menu_on_eval,0.0,True,,2430755
trec-covid,31,recalibration,25,2244,100,ad_probe,ad_c(full_target_scalar_reference),0.0006436969865200176,True,14.774005841728922,2431755
trec-covid,31,selection,25,2244,100,ad_probe,best_in_menu_on_eval,0.0,True,,2431755
trec-covid,32,recalibration,25,2262,100,ad_probe,ad_c(full_target_scalar_reference),3.7759598986539245e-05,True,2.490381342264243,2432755
trec-covid,32,selection,25,2262,100,ad_probe,best_in_menu_on_eval,0.0,True,,2432755
trec-covid,33,recalibration,25,2241,100,ad_probe,ad_c(full_target_scalar_reference),0.0023394239602475136,True,19.07601722542472,2433755
trec-covid,33,selection,25,2241,100,ad_probe,best_in_menu_on_eval,0.0,True,,2433755
trec-covid,34,recalibration,25,2274,100,ad_probe,ad_c(full_target_scalar_reference),0.0028839784555625414,True,26.03325693549681,2434755
trec-covid,34,selection,25,2274,100,ad_probe,best_in_menu_on_eval,0.0,True,,2434755
trec-covid,35,recalibration,25,2297,100,ad_probe,ad_c(full_target_scalar_reference),9.233474167222311e-05,True,2.490381342264243,2435755
trec-covid,35,selection,25,2297,100,ad_probe,best_in_menu_on_eval,0.0,True,,2435755
trec-covid,36,recalibration,25,2258,100,ad_probe,ad_c(full_target_scalar_reference),0.002983216867847374,True,35.812768091559434,2436755
trec-covid,36,selection,25,2258,100,ad_probe,best_in_menu_on_eval,0.0,True,,2436755
trec-covid,37,recalibration,25,2301,100,ad_probe,ad_c(full_target_scalar_reference),0.0032564931689980647,True,26.03325693549681,2437755
trec-covid,37,selection,25,2301,100,ad_probe,best_in_menu_on_eval,0.0,True,,2437755
trec-covid,38,recalibration,25,2322,100,ad_probe,ad_c(full_target_scalar_reference),0.007168602617950451,False,64.53848907186833,2438755
trec-covid,38,selection,25,2322,100,ad_probe,best_in_menu_on_eval,0.0,True,,2438755
trec-covid,39,recalibration,25,2305,100,ad_probe,ad_c(full_target_scalar_reference),0.00039781134472681445,True,2.490381342264243,2439755
trec-covid,39,selection,25,2305,100,ad_probe,best_in_menu_on_eval,0.0,True,,2439755
trec-covid,40,recalibration,25,2338,100,ad_probe,ad_c(full_target_scalar_reference),0.00479340533813144,True,51.608519899114754,2440755
trec-covid,40,selection,25,2338,100,ad_probe,best_in_menu_on_eval,0.0,True,,2440755
trec-covid,41,recalibration,25,2256,100,ad_probe,ad_c(full_target_scalar_reference),0.003903356927950616,True,47.33116672023982,2441755
trec-covid,41,selection,25,2256,100,ad_probe,best_in_menu_on_eval,0.0,True,,2441755
trec-covid,42,recalibration,25,2299,100,ad_probe,ad_c(full_target_scalar_reference),0.0004801526176164972,True,14.774005841728922,2442755
trec-covid,42,selection,25,2299,100,ad_probe,best_in_menu_on_eval,0.0,True,,2442755
trec-covid,43,recalibration,25,2302,100,ad_probe,ad_c(full_target_scalar_reference),0.0003048060208757919,True,2.490381342264243,2443755
trec-covid,43,selection,25,2302,100,ad_probe,best_in_menu_on_eval,0.0,True,,2443755
trec-covid,44,recalibration,25,2298,100,ad_probe,ad_c(full_target_scalar_reference),0.0030491269491324108,True,49.54448109632597,2444755
trec-covid,44,selection,25,2298,100,ad_probe,best_in_menu_on_eval,0.0,True,,2444755
trec-covid,45,recalibration,25,2313,100,ad_probe,ad_c(full_target_scalar_reference),0.0007330317573021466,True,4.007434251607947,2445755
trec-covid,45,selection,25,2313,100,ad_probe,best_in_menu_on_eval,0.0,True,,2445755
trec-covid,46,recalibration,25,2313,100,ad_probe,ad_c(full_target_scalar_reference),0.0009350642156917832,True,4.007434251607947,2446755
trec-covid,46,selection,25,2313,100,ad_probe,best_in_menu_on_eval,0.0,True,,2446755
trec-covid,47,recalibration,25,2318,100,ad_probe,ad_c(full_target_scalar_reference),0.0015155495964050414,True,11.762205274250448,2447755
trec-covid,47,selection,25,2318,100,ad_probe,best_in_menu_on_eval,0.0,True,,2447755
trec-covid,48,recalibration,25,2284,100,ad_probe,ad_c(full_target_scalar_reference),0.0058164068784494205,False,51.608519899114754,2448755
trec-covid,48,selection,25,2284,100,ad_probe,best_in_menu_on_eval,0.0,True,,2448755
trec-covid,49,recalibration,25,2239,100,ad_probe,ad_c(full_target_scalar_reference),0.004758622433244014,True,64.53848907186833,2449755
trec-covid,49,selection,25,2239,100,ad_probe,best_in_menu_on_eval,0.0,True,,2449755
webis-touche2020,0,recalibration,5,349,5,ad_probe,ad_c(full_target_scalar_reference),0.005042809439668755,False,1.0803214313164204,2000913
webis-touche2020,0,selection,5,349,5,glob_probe,best_in_menu_on_eval,0.007811265892642583,True,,2000913
webis-touche2020,1,recalibration,5,345,5,ad_probe,ad_c(full_target_scalar_reference),0.0016793752589975008,True,1.6358648224225378,2001913
webis-touche2020,1,selection,5,345,5,glob_probe,best_in_menu_on_eval,0.0,True,,2001913
webis-touche2020,2,recalibration,5,344,5,ad_probe,ad_c(full_target_scalar_reference),0.0020245475905990573,True,0.8173717997794627,2002913
webis-touche2020,2,selection,5,344,5,glob_probe,best_in_menu_on_eval,0.007908276108983259,True,,2002913
webis-touche2020,3,recalibration,5,381,5,ad_probe,ad_c(full_target_scalar_reference),0.00019985822981327672,True,2.0015383652382424,2003913
webis-touche2020,3,selection,5,381,5,glob_probe,best_in_menu_on_eval,0.0,True,,2003913
webis-touche2020,4,recalibration,5,380,5,ad_probe,ad_c(full_target_scalar_reference),0.0010967848150122972,True,1.4711694466810217,2004913
webis-touche2020,4,selection,5,380,5,glob_probe,best_in_menu_on_eval,0.00188949497652946,True,,2004913
webis-touche2020,5,recalibration,5,342,5,ad_probe,ad_c(full_target_scalar_reference),0.008772013965391345,False,2.3362196633605636,2005913
webis-touche2020,5,selection,5,342,5,glob_probe,best_in_menu_on_eval,0.0,True,,2005913
webis-touche2020,6,recalibration,5,352,5,ad_probe,ad_c(full_target_scalar_reference),0.0007830864901633983,True,0.7749297838599576,2006913
webis-touche2020,6,selection,5,352,5,glob_probe,best_in_menu_on_eval,0.0,True,,2006913
webis-touche2020,7,recalibration,5,407,5,ad_probe,ad_c(full_target_scalar_reference),0.0003100933625886926,True,2.958085737257969,2007913
webis-touche2020,7,selection,5,407,5,glob_probe,best_in_menu_on_eval,0.0,True,,2007913
webis-touche2020,8,recalibration,5,367,5,ad_probe,ad_c(full_target_scalar_reference),0.0031387522288936764,True,0.880127894469342,2008913
webis-touche2020,8,selection,5,367,5,glob_probe,best_in_menu_on_eval,0.0,True,,2008913
webis-touche2020,9,recalibration,5,351,5,ad_probe,ad_c(full_target_scalar_reference),0.001777187118019441,True,1.6358648224225378,2009913
webis-touche2020,9,selection,5,351,5,glob_probe,best_in_menu_on_eval,0.0,True,,2009913
webis-touche2020,10,recalibration,5,324,5,ad_probe,ad_c(full_target_scalar_reference),0.003945648572686977,True,1.0803214313164204,2010913
webis-touche2020,10,selection,5,324,5,glob_probe,best_in_menu_on_eval,0.02358208769972986,False,,2010913
webis-touche2020,11,recalibration,5,413,5,ad_probe,ad_c(full_target_scalar_reference),0.00254233413792454,True,0.9562386917151269,2011913
webis-touche2020,11,selection,5,413,5,glob_probe,best_in_menu_on_eval,0.0,True,,2011913
webis-touche2020,12,recalibration,5,360,5,ad_probe,ad_c(full_target_scalar_reference),0.0034738250745476873,True,1.0803214313164204,2012913
webis-touche2020,12,selection,5,360,5,ad_probe,best_in_menu_on_eval,0.0,True,,2012913
webis-touche2020,13,recalibration,5,377,5,ad_probe,ad_c(full_target_scalar_reference),0.0002239140170174625,True,0.020396321993389144,2013913
webis-touche2020,13,selection,5,377,5,ad_probe,best_in_menu_on_eval,0.0070611809448969665,True,,2013913
webis-touche2020,14,recalibration,5,401,5,ad_probe,ad_c(full_target_scalar_reference),0.001013798043027786,True,1.2889753489050015,2014913
webis-touche2020,14,selection,5,401,5,glob_probe,best_in_menu_on_eval,0.0,True,,2014913
webis-touche2020,15,recalibration,5,379,5,ad_probe,ad_c(full_target_scalar_reference),0.000544312241201439,True,1.3882592745557316,2015913
webis-touche2020,15,selection,5,379,5,glob_probe,best_in_menu_on_eval,0.0,True,,2015913
webis-touche2020,16,recalibration,5,373,5,ad_probe,ad_c(full_target_scalar_reference),0.0033002171868334873,True,0.6254704209388571,2016913
webis-touche2020,16,selection,5,373,5,glob_probe,best_in_menu_on_eval,0.0,True,,2016913
webis-touche2020,17,recalibration,5,338,5,ad_probe,ad_c(full_target_scalar_reference),0.00019385386182477204,True,0.7703692248067231,2017913
webis-touche2020,17,selection,5,338,5,glob_probe,best_in_menu_on_eval,0.0,True,,2017913
webis-touche2020,18,recalibration,5,343,5,ad_probe,ad_c(full_target_scalar_reference),0.0006118837501732921,True,1.8749765002539927,2018913
webis-touche2020,18,selection,5,343,5,ad_probe,best_in_menu_on_eval,0.0,True,,2018913
webis-touche2020,19,recalibration,5,430,5,ad_probe,ad_c(full_target_scalar_reference),0.003221533064387744,True,2.1098886723871044,2019913
webis-touche2020,19,selection,5,430,5,glob_probe,best_in_menu_on_eval,0.0,True,,2019913
webis-touche2020,20,recalibration,5,386,5,ad_probe,ad_c(full_target_scalar_reference),0.0015916471576986058,True,0.8173717997794627,2020913
webis-touche2020,20,selection,5,386,5,glob_probe,best_in_menu_on_eval,0.008625843012187412,True,,2020913
webis-touche2020,21,recalibration,5,348,5,ad_probe,ad_c(full_target_scalar_reference),0.0050191347609854775,False,0.4549859022741769,2021913
webis-touche2020,21,selection,5,348,5,glob_probe,best_in_menu_on_eval,0.008901953428375325,True,,2021913
webis-touche2020,22,recalibration,5,380,5,ad_probe,ad_c(full_target_scalar_reference),0.0048635928231152425,True,1.9986627457925357,2022913
webis-touche2020,22,selection,5,380,5,glob_probe,best_in_menu_on_eval,0.0,True,,2022913
webis-touche2020,23,recalibration,5,366,5,ad_probe,ad_c(full_target_scalar_reference),0.0006567951396455607,True,0.8849977788555812,2023913
webis-touche2020,23,selection,5,366,5,glob_probe,best_in_menu_on_eval,0.0,True,,2023913
webis-touche2020,24,recalibration,5,343,5,ad_probe,ad_c(full_target_scalar_reference),0.0033357549278355825,True,2.14561231897607,2024913
webis-touche2020,24,selection,5,343,5,glob_probe,best_in_menu_on_eval,0.0,True,,2024913
webis-touche2020,25,recalibration,5,294,5,ad_probe,ad_c(full_target_scalar_reference),0.005659695283962818,False,2.3362196633605636,2025913
webis-touche2020,25,selection,5,294,5,glob_probe,best_in_menu_on_eval,0.0,True,,2025913
webis-touche2020,26,recalibration,5,372,5,ad_probe,ad_c(full_target_scalar_reference),0.0020739165705356832,True,0.9562386917151269,2026913
webis-touche2020,26,selection,5,372,5,glob_probe,best_in_menu_on_eval,0.012748274458229958,False,,2026913
webis-touche2020,27,recalibration,5,361,5,ad_probe,ad_c(full_target_scalar_reference),0.0033239532811150663,True,0.4549859022741769,2027913
webis-touche2020,27,selection,5,361,5,glob_probe,best_in_menu_on_eval,0.0,True,,2027913
webis-touche2020,28,recalibration,5,406,5,ad_probe,ad_c(full_target_scalar_reference),0.0005858686204210373,True,0.5729537879307429,2028913
webis-touche2020,28,selection,5,406,5,glob_probe,best_in_menu_on_eval,0.0007169658754356545,True,,2028913
webis-touche2020,29,recalibration,5,355,5,ad_probe,ad_c(full_target_scalar_reference),0.0032636235436962757,True,0.880127894469342,2029913
webis-touche2020,29,selection,5,355,5,glob_probe,best_in_menu_on_eval,0.0,True,,2029913
webis-touche2020,30,recalibration,5,384,5,ad_probe,ad_c(full_target_scalar_reference),0.0025872334910016503,True,1.3621136507236855,2030913
webis-touche2020,30,selection,5,384,5,glob_probe,best_in_menu_on_eval,0.014034655843359639,False,,2030913
webis-touche2020,31,recalibration,5,418,5,ad_probe,ad_c(full_target_scalar_reference),0.0014089537697025978,True,1.2889753489050015,2031913
webis-touche2020,31,selection,5,418,5,glob_probe,best_in_menu_on_eval,0.000536199658694142,True,,2031913
webis-touche2020,32,recalibration,5,382,5,ad_probe,ad_c(full_target_scalar_reference),0.0040902119723111585,True,0.880127894469342,2032913
webis-touche2020,32,selection,5,382,5,trunc,best_in_menu_on_eval,0.04270960664903292,False,,2032913
webis-touche2020,33,recalibration,5,384,5,ad_probe,ad_c(full_target_scalar_reference),0.0049526807471630685,True,0.4549859022741769,2033913
webis-touche2020,33,selection,5,384,5,glob_probe,best_in_menu_on_eval,0.0,True,,2033913
webis-touche2020,34,recalibration,5,339,5,ad_probe,ad_c(full_target_scalar_reference),0.004094192838878297,True,1.0803214313164204,2034913
webis-touche2020,34,selection,5,339,5,glob_probe,best_in_menu_on_eval,0.02496620195149113,False,,2034913
webis-touche2020,35,recalibration,5,403,5,ad_probe,ad_c(full_target_scalar_reference),0.00508388381469177,False,3.653510329644874,2035913
webis-touche2020,35,selection,5,403,5,ad_probe,best_in_menu_on_eval,0.0,True,,2035913
webis-touche2020,36,recalibration,5,353,5,ad_probe,ad_c(full_target_scalar_reference),0.0015405659209425937,True,0.030798315820857347,2036913
webis-touche2020,36,selection,5,353,5,ad_probe,best_in_menu_on_eval,0.0,True,,2036913
webis-touche2020,37,recalibration,5,361,5,ad_probe,ad_c(full_target_scalar_reference),0.004094192838878324,True,1.0803214313164204,2037913
webis-touche2020,37,selection,5,361,5,glob_probe,best_in_menu_on_eval,0.03648105603817128,False,,2037913
webis-touche2020,38,recalibration,5,371,5,ad_probe,ad_c(full_target_scalar_reference),0.0030091162420720075,True,1.2889753489050015,2038913
webis-touche2020,38,selection,5,371,5,glob_probe,best_in_menu_on_eval,0.0,True,,2038913
webis-touche2020,39,recalibration,5,396,5,ad_probe,ad_c(full_target_scalar_reference),0.0016169601149838009,True,0.030798315820857347,2039913
webis-touche2020,39,selection,5,396,5,glob_probe,best_in_menu_on_eval,0.0,True,,2039913
webis-touche2020,40,recalibration,5,427,5,ad_probe,ad_c(full_target_scalar_reference),0.0012400999094847598,True,2.958085737257969,2040913
webis-touche2020,40,selection,5,427,5,glob_probe,best_in_menu_on_eval,0.0,True,,2040913
webis-touche2020,41,recalibration,5,349,5,ad_probe,ad_c(full_target_scalar_reference),0.00044235141210227646,True,1.6358648224225378,2041913
webis-touche2020,41,selection,5,349,5,glob_probe,best_in_menu_on_eval,0.0,True,,2041913
webis-touche2020,42,recalibration,5,344,5,ad_probe,ad_c(full_target_scalar_reference),0.0014463626394677076,True,1.6358648224225378,2042913
webis-touche2020,42,selection,5,344,5,ad_probe,best_in_menu_on_eval,0.0,True,,2042913
webis-touche2020,43,recalibration,5,366,5,ad_probe,ad_c(full_target_scalar_reference),0.004201314010390089,True,0.6254704209388571,2043913
webis-touche2020,43,selection,5,366,5,ad_probe,best_in_menu_on_eval,0.0,True,,2043913
webis-touche2020,44,recalibration,5,378,5,ad_probe,ad_c(full_target_scalar_reference),0.001540565920942566,True,0.030798315820857347,2044913
webis-touche2020,44,selection,5,378,5,ad_probe,best_in_menu_on_eval,0.00341736146949545,True,,2044913
webis-touche2020,45,recalibration,5,374,5,ad_probe,ad_c(full_target_scalar_reference),0.0015405659209425937,True,0.030798315820857347,2045913
webis-touche2020,45,selection,5,374,5,glob_probe,best_in_menu_on_eval,0.0,True,,2045913
webis-touche2020,46,recalibration,5,346,5,ad_probe,ad_c(full_target_scalar_reference),0.004637594338748302,True,0.6339157744780497,2046913
webis-touche2020,46,selection,5,346,5,glob_probe,best_in_menu_on_eval,0.008837078088090644,True,,2046913
webis-touche2020,47,recalibration,5,395,5,ad_probe,ad_c(full_target_scalar_reference),0.0,True,0.0,2047913
webis-touche2020,47,selection,5,395,5,ad_probe,best_in_menu_on_eval,0.0015073533858228627,True,,2047913
webis-touche2020,48,recalibration,5,366,5,ad_probe,ad_c(full_target_scalar_reference),0.001479524364493584,True,0.4030447334406384,2048913
webis-touche2020,48,selection,5,366,5,glob_probe,best_in_menu_on_eval,0.0,True,,2048913
webis-touche2020,49,recalibration,5,395,5,ad_probe,ad_c(full_target_scalar_reference),0.003315127338113316,True,1.3621136507236855,2049913
webis-touche2020,49,selection,5,395,5,glob_probe,best_in_menu_on_eval,0.013721749932803673,False,,2049913
webis-touche2020,0,recalibration,10,712,10,ad_probe,ad_c(full_target_scalar_reference),0.0019989144680764293,True,0.7201855654300822,33
webis-touche2020,0,selection,10,712,10,glob_probe,best_in_menu_on_eval,0.0,True,,33
webis-touche2020,1,recalibration,10,740,10,ad_probe,ad_c(full_target_scalar_reference),8.618832148243882e-05,True,0.009096752567477218,1033
webis-touche2020,1,selection,10,740,10,glob_probe,best_in_menu_on_eval,0.0,True,,1033
webis-touche2020,2,recalibration,10,691,10,ad_probe,ad_c(full_target_scalar_reference),0.0003747210643762211,True,0.058983942828282565,2033
webis-touche2020,2,selection,10,691,10,glob_probe,best_in_menu_on_eval,0.0,True,,2033
webis-touche2020,3,recalibration,10,746,10,ad_probe,ad_c(full_target_scalar_reference),0.0025801066478356727,True,0.31273521046942854,3033
webis-touche2020,3,selection,10,746,10,glob_probe,best_in_menu_on_eval,0.0,True,,3033
webis-touche2020,4,recalibration,10,781,10,ad_probe,ad_c(full_target_scalar_reference),0.001127802438870451,True,1.8410964626323203,4033
webis-touche2020,4,selection,10,781,10,glob_probe,best_in_menu_on_eval,0.003941754441077278,True,,4033
webis-touche2020,5,recalibration,10,818,10,ad_probe,ad_c(full_target_scalar_reference),0.001595246255350763,True,0.7201855654300822,5033
webis-touche2020,5,selection,10,818,10,glob_probe,best_in_menu_on_eval,0.0,True,,5033
webis-touche2020,6,recalibration,10,728,10,ad_probe,ad_c(full_target_scalar_reference),0.002744475378746447,True,0.19132420572362463,6033
webis-touche2020,6,selection,10,728,10,glob_probe,best_in_menu_on_eval,0.0,True,,6033
webis-touche2020,7,recalibration,10,708,10,ad_probe,ad_c(full_target_scalar_reference),0.001457907828261773,True,0.4526970504244847,7033
webis-touche2020,7,selection,10,708,10,glob_probe,best_in_menu_on_eval,0.0,True,,7033
webis-touche2020,8,recalibration,10,771,10,ad_probe,ad_c(full_target_scalar_reference),0.00018040709681302336,True,0.6951627938551024,8033
webis-touche2020,8,selection,10,771,10,ad_probe,best_in_menu_on_eval,0.0,True,,8033
webis-touche2020,9,recalibration,10,815,10,ad_probe,ad_c(full_target_scalar_reference),0.004703956563672174,True,1.8113560069120087,9033
webis-touche2020,9,selection,10,815,10,glob_probe,best_in_menu_on_eval,0.0010558406032994683,True,,9033
webis-touche2020,10,recalibration,10,748,10,ad_probe,ad_c(full_target_scalar_reference),0.0016741997618087423,True,1.0477081490323954,10033
webis-touche2020,10,selection,10,748,10,glob_probe,best_in_menu_on_eval,0.0,True,,10033
webis-touche2020,11,recalibration,10,696,10,ad_probe,ad_c(full_target_scalar_reference),0.0027877599060491254,True,0.49498936069920596,11033
webis-touche2020,11,selection,10,696,10,glob_probe,best_in_menu_on_eval,0.0,True,,11033
webis-touche2020,12,recalibration,10,763,10,ad_probe,ad_c(full_target_scalar_reference),0.003695950188296382,True,0.6675568983717595,12033
webis-touche2020,12,selection,10,763,10,glob_probe,best_in_menu_on_eval,0.0,True,,12033
webis-touche2020,13,recalibration,10,780,10,ad_probe,ad_c(full_target_scalar_reference),0.00347710185457345,True,0.2274929511370889,13033
webis-touche2020,13,selection,10,780,10,ad_probe,best_in_menu_on_eval,0.0,True,,13033
webis-touche2020,14,recalibration,10,696,10,ad_probe,ad_c(full_target_scalar_reference),0.00332123560140532,True,0.8252485596380321,14033
webis-touche2020,14,selection,10,696,10,glob_probe,best_in_menu_on_eval,0.0006996700170256165,True,,14033
webis-touche2020,15,recalibration,10,716,10,ad_probe,ad_c(full_target_scalar_reference),0.0024501428719576335,True,1.2544461373660214,15033
webis-touche2020,15,selection,10,716,10,ad_probe,best_in_menu_on_eval,0.0,True,,15033
webis-touche2020,16,recalibration,10,696,10,ad_probe,ad_c(full_target_scalar_reference),0.0019920061665791855,True,0.21729479014039388,16033
webis-touche2020,16,selection,10,696,10,glob_probe,best_in_menu_on_eval,0.0,True,,16033
webis-touche2020,17,recalibration,10,700,10,ad_probe,ad_c(full_target_scalar_reference),0.0025941076080799597,True,0.32813436837985677,17033
webis-touche2020,17,selection,10,700,10,ad_probe,best_in_menu_on_eval,0.0,True,,17033
webis-touche2020,18,recalibration,10,737,10,ad_probe,ad_c(full_target_scalar_reference),0.0008360527114225358,True,0.6721277377158374,18033
webis-touche2020,18,selection,10,737,10,ad_probe,best_in_menu_on_eval,0.006180940498101889,True,,18033
webis-touche2020,19,recalibration,10,831,10,ad_probe,ad_c(full_target_scalar_reference),0.0010042263989310796,True,1.5358947270139183,19033
webis-touche2020,19,selection,10,831,10,glob_probe,best_in_menu_on_eval,0.0,True,,19033
webis-touche2020,20,recalibration,10,687,10,ad_probe,ad_c(full_target_scalar_reference),0.002797910074078591,True,0.7676536667952991,20033
webis-touche2020,20,selection,10,687,10,glob_probe,best_in_menu_on_eval,0.01120677758919067,False,,20033
webis-touche2020,21,recalibration,10,686,10,ad_probe,ad_c(full_target_scalar_reference),0.004175900675391531,True,0.5402281616065174,21033
webis-touche2020,21,selection,10,686,10,ad_probe,best_in_menu_on_eval,0.007377637093017836,True,,21033
webis-touche2020,22,recalibration,10,753,10,ad_probe,ad_c(full_target_scalar_reference),0.0028258754601465375,True,0.20152236672031876,22033
webis-touche2020,22,selection,10,753,10,ad_probe,best_in_menu_on_eval,0.0,True,,22033
webis-touche2020,23,recalibration,10,780,10,ad_probe,ad_c(full_target_scalar_reference),0.0013355216221295763,True,1.694898819896987,23033
webis-touche2020,23,selection,10,780,10,ad_probe,best_in_menu_on_eval,0.005641250500460743,True,,23033
webis-touche2020,24,recalibration,10,743,10,ad_probe,ad_c(full_target_scalar_reference),0.003616119830622183,True,0.5142575771897473,24033
webis-touche2020,24,selection,10,743,10,glob_probe,best_in_menu_on_eval,0.0,True,,24033
webis-touche2020,25,recalibration,10,788,10,ad_probe,ad_c(full_target_scalar_reference),0.0019920061665791855,True,0.20152236672031876,25033
webis-touche2020,25,selection,10,788,10,glob_probe,best_in_menu_on_eval,0.004981627210890127,True,,25033
webis-touche2020,26,recalibration,10,717,10,ad_probe,ad_c(full_target_scalar_reference),0.001155624478358569,True,0.7726495043333408,26033
webis-touche2020,26,selection,10,717,10,glob_probe,best_in_menu_on_eval,0.0,True,,26033
webis-touche2020,27,recalibration,10,751,10,ad_probe,ad_c(full_target_scalar_reference),0.0026835211243007306,True,0.09172801265070696,27033
webis-touche2020,27,selection,10,751,10,glob_probe,best_in_menu_on_eval,0.0,True,,27033
webis-touche2020,28,recalibration,10,774,10,ad_probe,ad_c(full_target_scalar_reference),0.0016144104646999002,True,0.2274929511370889,28033
webis-touche2020,28,selection,10,774,10,glob_probe,best_in_menu_on_eval,0.0,True,,28033
webis-touche2020,29,recalibration,10,727,10,ad_probe,ad_c(full_target_scalar_reference),0.00020706331372843945,True,1.1235557147896333,29033
webis-touche2020,29,selection,10,727,10,glob_probe,best_in_menu_on_eval,0.0006708456523530637,True,,29033
webis-touche2020,30,recalibration,10,766,10,ad_probe,ad_c(full_target_scalar_reference),0.0021941510916556606,True,0.8281497331782566,30033
webis-touche2020,30,selection,10,766,10,glob_probe,best_in_menu_on_eval,0.0,True,,30033
webis-touche2020,31,recalibration,10,706,10,ad_probe,ad_c(full_target_scalar_reference),0.0016849912456993188,True,1.4776489657852068,31033
webis-touche2020,31,selection,10,706,10,glob_probe,best_in_menu_on_eval,0.0,True,,31033
webis-touche2020,32,recalibration,10,745,10,ad_probe,ad_c(full_target_scalar_reference),0.0005539463095288466,True,0.27107773605494323,32033
webis-touche2020,32,selection,10,745,10,glob_probe,best_in_menu_on_eval,0.0005932211039549051,True,,32033
webis-touche2020,33,recalibration,10,792,10,ad_probe,ad_c(full_target_scalar_reference),0.001414338113577912,True,0.8263659318256238,33033
webis-touche2020,33,selection,10,792,10,glob_probe,best_in_menu_on_eval,0.0011471948677257149,True,,33033
webis-touche2020,34,recalibration,10,708,10,ad_probe,ad_c(full_target_scalar_reference),0.002561421002200609,True,0.09595068942030238,34033
webis-touche2020,34,selection,10,708,10,ad_probe,best_in_menu_on_eval,0.0,True,,34033
webis-touche2020,35,recalibration,10,766,10,ad_probe,ad_c(full_target_scalar_reference),0.00035120127818599745,True,0.442965307732182,35033
webis-touche2020,35,selection,10,766,10,trunc,best_in_menu_on_eval,0.061920285724173796,False,,35033
webis-touche2020,36,recalibration,10,727,10,ad_probe,ad_c(full_target_scalar_reference),0.004894461918569043,True,0.6149578430670672,36033
webis-touche2020,36,selection,10,727,10,glob_probe,best_in_menu_on_eval,0.014333857688518775,False,,36033
webis-touche2020,37,recalibration,10,690,10,ad_probe,ad_c(full_target_scalar_reference),0.002923199565043111,True,1.7336784914673897,37033
webis-touche2020,37,selection,10,690,10,ad_probe,best_in_menu_on_eval,0.0,True,,37033
webis-touche2020,38,recalibration,10,782,10,ad_probe,ad_c(full_target_scalar_reference),0.0013353927367848462,True,0.7943367436401978,38033
webis-touche2020,38,selection,10,782,10,glob_probe,best_in_menu_on_eval,0.0,True,,38033
webis-touche2020,39,recalibration,10,751,10,ad_probe,ad_c(full_target_scalar_reference),0.0012127766175582255,True,0.6941296372778663,39033
webis-touche2020,39,selection,10,751,10,glob_probe,best_in_menu_on_eval,0.0,True,,39033
webis-touche2020,40,recalibration,10,686,10,ad_probe,ad_c(full_target_scalar_reference),0.001667170751586372,True,0.3772667309332842,40033
webis-touche2020,40,selection,10,686,10,glob_probe,best_in_menu_on_eval,0.0,True,,40033
webis-touche2020,41,recalibration,10,719,10,ad_probe,ad_c(full_target_scalar_reference),0.004429552237706524,True,0.6308092478707756,41033
webis-touche2020,41,selection,10,719,10,glob_probe,best_in_menu_on_eval,0.0,True,,41033
webis-touche2020,42,recalibration,10,775,10,ad_probe,ad_c(full_target_scalar_reference),0.0016158282402137236,True,0.3275297872134759,42033
webis-touche2020,42,selection,10,775,10,glob_probe,best_in_menu_on_eval,0.0,True,,42033
webis-touche2020,43,recalibration,10,786,10,ad_probe,ad_c(full_target_scalar_reference),0.0,True,0.010198160996694128,43033
webis-touche2020,43,selection,10,786,10,glob_probe,best_in_menu_on_eval,0.0,True,,43033
webis-touche2020,44,recalibration,10,668,10,ad_probe,ad_c(full_target_scalar_reference),0.0033147035978876305,True,0.5142575771897473,44033
webis-touche2020,44,selection,10,668,10,glob_probe,best_in_menu_on_eval,0.0,True,,44033
webis-touche2020,45,recalibration,10,715,10,ad_probe,ad_c(full_target_scalar_reference),0.0031244585648009804,True,0.6308092478707756,45033
webis-touche2020,45,selection,10,715,10,glob_probe,best_in_menu_on_eval,0.0,True,,45033
webis-touche2020,46,recalibration,10,730,10,ad_probe,ad_c(full_target_scalar_reference),0.0014088415920686936,True,0.25062639472047543,46033
webis-touche2020,46,selection,10,730,10,glob_probe,best_in_menu_on_eval,0.0,True,,46033
webis-touche2020,47,recalibration,10,745,10,ad_probe,ad_c(full_target_scalar_reference),0.0032726286470656785,True,1.4862527641885528,47033
webis-touche2020,47,selection,10,745,10,glob_probe,best_in_menu_on_eval,0.0,True,,47033
webis-touche2020,48,recalibration,10,730,10,ad_probe,ad_c(full_target_scalar_reference),0.002003194903322264,True,0.24289210904751712,48033
webis-touche2020,48,selection,10,730,10,ad_probe,best_in_menu_on_eval,0.0,True,,48033
webis-touche2020,49,recalibration,10,732,10,ad_probe,ad_c(full_target_scalar_reference),0.0016953358570667432,True,0.6656576674514145,49033
webis-touche2020,49,selection,10,732,10,glob_probe,best_in_menu_on_eval,0.004810689668053342,True,,49033
webis-touche2020,0,recalibration,20,1459,20,ad_probe,ad_c(full_target_scalar_reference),0.0011275837802605937,True,0.27107773605494323,2200105
webis-touche2020,0,selection,20,1459,20,glob_probe,best_in_menu_on_eval,0.0,True,,2200105
webis-touche2020,1,recalibration,20,1473,20,ad_probe,ad_c(full_target_scalar_reference),0.001654721689138633,True,0.2966750549620656,2201105
webis-touche2020,1,selection,20,1473,20,glob_probe,best_in_menu_on_eval,0.0,True,,2201105
webis-touche2020,2,recalibration,20,1542,20,ad_probe,ad_c(full_target_scalar_reference),0.0031588411417475537,True,0.28647689396537146,2202105
webis-touche2020,2,selection,20,1542,20,glob_probe,best_in_menu_on_eval,0.000719826223400416,True,,2202105
webis-touche2020,3,recalibration,20,1517,20,ad_probe,ad_c(full_target_scalar_reference),0.0,True,0.005200996913734102,2203105
webis-touche2020,3,selection,20,1517,20,ad_probe,best_in_menu_on_eval,0.0,True,,2203105
webis-touche2020,4,recalibration,20,1518,20,ad_probe,ad_c(full_target_scalar_reference),0.0005643366419695317,True,0.6721277377158374,2204105
webis-touche2020,4,selection,20,1518,20,glob_probe,best_in_menu_on_eval,0.006322498496565909,True,,2204105
webis-touche2020,5,recalibration,20,1451,20,ad_probe,ad_c(full_target_scalar_reference),0.00033695603597705404,True,0.2955736465328487,2205105
webis-touche2020,5,selection,20,1451,20,glob_probe,best_in_menu_on_eval,0.0,True,,2205105
webis-touche2020,6,recalibration,20,1533,20,ad_probe,ad_c(full_target_scalar_reference),0.000735861108872804,True,0.920618235285354,2206105
webis-touche2020,6,selection,20,1533,20,glob_probe,best_in_menu_on_eval,0.0,True,,2206105
webis-touche2020,7,recalibration,20,1374,20,ad_probe,ad_c(full_target_scalar_reference),0.001234962117029642,True,0.6830385384628279,2207105
webis-touche2020,7,selection,20,1374,20,glob_probe,best_in_menu_on_eval,0.0,True,,2207105
webis-touche2020,8,recalibration,20,1562,20,ad_probe,ad_c(full_target_scalar_reference),0.0011573195042656748,True,1.4297143606183766,2208105
webis-touche2020,8,selection,20,1562,20,glob_probe,best_in_menu_on_eval,0.0,True,,2208105
webis-touche2020,9,recalibration,20,1442,20,ad_probe,ad_c(full_target_scalar_reference),0.002196042343678206,True,0.24289210904751712,2209105
webis-touche2020,9,selection,20,1442,20,glob_probe,best_in_menu_on_eval,0.0,True,,2209105
webis-touche2020,10,recalibration,20,1539,20,ad_probe,ad_c(full_target_scalar_reference),0.0010997040184568818,True,0.8868052457472952,2210105
webis-touche2020,10,selection,20,1539,20,glob_probe,best_in_menu_on_eval,0.0,True,,2210105
webis-touche2020,11,recalibration,20,1486,20,ad_probe,ad_c(full_target_scalar_reference),0.00011590843233844073,True,0.20152236672031876,2211105
webis-touche2020,11,selection,20,1486,20,glob_probe,best_in_menu_on_eval,0.0,True,,2211105
webis-touche2020,12,recalibration,20,1505,20,ad_probe,ad_c(full_target_scalar_reference),0.0,True,0.005200996913734102,2212105
webis-touche2020,12,selection,20,1505,20,glob_probe,best_in_menu_on_eval,0.0025056448116378693,True,,2212105
webis-touche2020,13,recalibration,20,1501,20,ad_probe,ad_c(full_target_scalar_reference),0.0006287962896789623,True,0.6721277377158374,2213105
webis-touche2020,13,selection,20,1501,20,glob_probe,best_in_menu_on_eval,0.0,True,,2213105
webis-touche2020,14,recalibration,20,1474,20,ad_probe,ad_c(full_target_scalar_reference),0.0007837723046751621,True,0.395849004747161,2214105
webis-touche2020,14,selection,20,1474,20,glob_probe,best_in_menu_on_eval,0.0,True,,2214105
webis-touche2020,15,recalibration,20,1481,20,ad_probe,ad_c(full_target_scalar_reference),0.0007492736397177457,True,0.6951627938551024,2215105
webis-touche2020,15,selection,20,1481,20,glob_probe,best_in_menu_on_eval,0.0,True,,2215105
webis-touche2020,16,recalibration,20,1494,20,ad_probe,ad_c(full_target_scalar_reference),0.0016989117585161362,True,0.2966750549620656,2216105
webis-touche2020,16,selection,20,1494,20,glob_probe,best_in_menu_on_eval,0.003848255034437781,True,,2216105
webis-touche2020,17,recalibration,20,1508,20,ad_probe,ad_c(full_target_scalar_reference),0.003059065635413527,True,0.395849004747161,2217105
webis-touche2020,17,selection,20,1508,20,glob_probe,best_in_menu_on_eval,0.0,True,,2217105
webis-touche2020,18,recalibration,20,1546,20,ad_probe,ad_c(full_target_scalar_reference),0.0024886902574406122,True,0.6721277377158374,2218105
webis-touche2020,18,selection,20,1546,20,glob_probe,best_in_menu_on_eval,0.0024722184620185883,True,,2218105
webis-touche2020,19,recalibration,20,1495,20,ad_probe,ad_c(full_target_scalar_reference),0.001751334417980116,True,0.395849004747161,2219105
webis-touche2020,19,selection,20,1495,20,glob_probe,best_in_menu_on_eval,0.0019931230786288667,True,,2219105
webis-touche2020,20,recalibration,20,1633,20,ad_probe,ad_c(full_target_scalar_reference),0.0026224296552270765,True,1.5228219150978948,2220105
webis-touche2020,20,selection,20,1633,20,glob_probe,best_in_menu_on_eval,0.0013377801874825401,True,,2220105
webis-touche2020,21,recalibration,20,1506,20,ad_probe,ad_c(full_target_scalar_reference),0.0017268231588678795,True,0.920618235285354,2221105
webis-touche2020,21,selection,20,1506,20,glob_probe,best_in_menu_on_eval,0.0,True,,2221105
webis-touche2020,22,recalibration,20,1473,20,ad_probe,ad_c(full_target_scalar_reference),0.008208411103584612,False,0.6479708118073564,2222105
webis-touche2020,22,selection,20,1473,20,glob_probe,best_in_menu_on_eval,0.0,True,,2222105
webis-touche2020,23,recalibration,20,1509,20,ad_probe,ad_c(full_target_scalar_reference),0.004592523579392577,True,0.24289210904751712,2223105
webis-touche2020,23,selection,20,1509,20,glob_probe,best_in_menu_on_eval,0.0,True,,2223105
webis-touche2020,24,recalibration,20,1525,20,ad_probe,ad_c(full_target_scalar_reference),0.005132223639857908,False,0.21729479014039388,2224105
webis-touche2020,24,selection,20,1525,20,glob_probe,best_in_menu_on_eval,0.01567551442879772,False,,2224105
webis-touche2020,25,recalibration,20,1478,20,ad_probe,ad_c(full_target_scalar_reference),0.0013230564527793032,True,0.7943367436401978,2225105
webis-touche2020,25,selection,20,1478,20,glob_probe,best_in_menu_on_eval,0.0038143526116024007,True,,2225105
webis-touche2020,26,recalibration,20,1356,20,ad_probe,ad_c(full_target_scalar_reference),0.008975829870362828,False,0.6296930977084534,2226105
webis-touche2020,26,selection,20,1356,20,ad_probe,best_in_menu_on_eval,0.0,True,,2226105
webis-touche2020,27,recalibration,20,1387,20,ad_probe,ad_c(full_target_scalar_reference),0.006807455324879003,False,0.6083088570022772,2227105
webis-touche2020,27,selection,20,1387,20,glob_probe,best_in_menu_on_eval,0.0,True,,2227105
webis-touche2020,28,recalibration,20,1482,20,ad_probe,ad_c(full_target_scalar_reference),0.0013264709449373469,True,0.385650843750466,2228105
webis-touche2020,28,selection,20,1482,20,glob_probe,best_in_menu_on_eval,0.0,True,,2228105
webis-touche2020,29,recalibration,20,1480,20,ad_probe,ad_c(full_target_scalar_reference),0.0009731765200648723,True,0.42901531785740765,2229105
webis-touche2020,29,selection,20,1480,20,glob_probe,best_in_menu_on_eval,0.0,True,,2229105
webis-touche2020,30,recalibration,20,1479,20,ad_probe,ad_c(full_target_scalar_reference),0.0017665729090064475,True,0.4526970504244847,2230105
webis-touche2020,30,selection,20,1479,20,glob_probe,best_in_menu_on_eval,0.0059300307658855245,True,,2230105
webis-touche2020,31,recalibration,20,1622,20,ad_probe,ad_c(full_target_scalar_reference),0.0022324876548071027,True,1.4968159784075352,2231105
webis-touche2020,31,selection,20,1622,20,glob_probe,best_in_menu_on_eval,0.0,True,,2231105
webis-touche2020,32,recalibration,20,1486,20,ad_probe,ad_c(full_target_scalar_reference),0.003506920132325675,True,0.42901531785740765,2232105
webis-touche2020,32,selection,20,1486,20,glob_probe,best_in_menu_on_eval,0.0,True,,2232105
webis-touche2020,33,recalibration,20,1509,20,ad_probe,ad_c(full_target_scalar_reference),0.0004086764358746664,True,1.0869865638802914,2233105
webis-touche2020,33,selection,20,1509,20,glob_probe,best_in_menu_on_eval,0.0,True,,2233105
webis-touche2020,34,recalibration,20,1549,20,ad_probe,ad_c(full_target_scalar_reference),0.002959790864388606,True,1.1028155371675972,2234105
webis-touche2020,34,selection,20,1549,20,glob_probe,best_in_menu_on_eval,0.000938783949576194,True,,2234105
webis-touche2020,35,recalibration,20,1450,20,ad_probe,ad_c(full_target_scalar_reference),0.0004509223657391259,True,0.24289210904751712,2235105
webis-touche2020,35,selection,20,1450,20,glob_probe,best_in_menu_on_eval,0.009151929501522382,True,,2235105
webis-touche2020,36,recalibration,20,1487,20,ad_probe,ad_c(full_target_scalar_reference),0.0012218142518826691,True,0.41888406088642594,2236105
webis-touche2020,36,selection,20,1487,20,glob_probe,best_in_menu_on_eval,0.004145065011636029,True,,2236105
webis-touche2020,37,recalibration,20,1531,20,ad_probe,ad_c(full_target_scalar_reference),0.0052481320721963765,False,0.19132420572362463,2237105
webis-touche2020,37,selection,20,1531,20,glob_probe,best_in_menu_on_eval,0.0,True,,2237105
webis-touche2020,38,recalibration,20,1535,20,ad_probe,ad_c(full_target_scalar_reference),0.0,True,0.01539915791042823,2238105
webis-touche2020,38,selection,20,1535,20,glob_probe,best_in_menu_on_eval,0.0,True,,2238105
webis-touche2020,39,recalibration,20,1551,20,ad_probe,ad_c(full_target_scalar_reference),0.0009426507459627809,True,0.37025168584003687,2239105
webis-touche2020,39,selection,20,1551,20,glob_probe,best_in_menu_on_eval,0.003049235662898775,True,,2239105
webis-touche2020,40,recalibration,20,1439,20,ad_probe,ad_c(full_target_scalar_reference),0.003136648968620842,True,0.5230665976699367,2240105
webis-touche2020,40,selection,20,1439,20,glob_probe,best_in_menu_on_eval,0.0,True,,2240105
webis-touche2020,41,recalibration,20,1510,20,ad_probe,ad_c(full_target_scalar_reference),0.0038314805930997897,True,0.2966750549620656,2241105
webis-touche2020,41,selection,20,1510,20,glob_probe,best_in_menu_on_eval,0.0022903344355069133,True,,2241105
webis-touche2020,42,recalibration,20,1508,20,ad_probe,ad_c(full_target_scalar_reference),0.007201343785607717,False,0.42901531785740765,2242105
webis-touche2020,42,selection,20,1508,20,ad_probe,best_in_menu_on_eval,0.021865425481562922,False,,2242105
webis-touche2020,43,recalibration,20,1538,20,ad_probe,ad_c(full_target_scalar_reference),0.0003539980419823008,True,0.41888406088642594,2243105
webis-touche2020,43,selection,20,1538,20,glob_probe,best_in_menu_on_eval,0.0,True,,2243105
webis-touche2020,44,recalibration,20,1498,20,ad_probe,ad_c(full_target_scalar_reference),0.004835499009940514,True,0.5230665976699367,2244105
webis-touche2020,44,selection,20,1498,20,glob_probe,best_in_menu_on_eval,0.014957524442774373,False,,2244105
webis-touche2020,45,recalibration,20,1547,20,ad_probe,ad_c(full_target_scalar_reference),0.004845719764937223,True,0.920618235285354,2245105
webis-touche2020,45,selection,20,1547,20,glob_probe,best_in_menu_on_eval,0.0009956469266227952,True,,2245105
webis-touche2020,46,recalibration,20,1498,20,ad_probe,ad_c(full_target_scalar_reference),0.0013120881772928639,True,0.28647689396537146,2246105
webis-touche2020,46,selection,20,1498,20,glob_probe,best_in_menu_on_eval,0.0027799373828203133,True,,2246105
webis-touche2020,47,recalibration,20,1472,20,ad_probe,ad_c(full_target_scalar_reference),0.005289600446513054,False,0.6083088570022772,2247105
webis-touche2020,47,selection,20,1472,20,glob_probe,best_in_menu_on_eval,0.0,True,,2247105
webis-touche2020,48,recalibration,20,1405,20,ad_probe,ad_c(full_target_scalar_reference),0.001507494402083559,True,0.5444508383761129,2248105
webis-touche2020,48,selection,20,1405,20,glob_probe,best_in_menu_on_eval,0.0,True,,2248105
webis-touche2020,49,recalibration,20,1443,20,ad_probe,ad_c(full_target_scalar_reference),0.0,True,0.010198160996694128,2249105
webis-touche2020,49,selection,20,1443,20,glob_probe,best_in_menu_on_eval,0.0,True,,2249105
webis-touche2020,0,recalibration,24,1770,50,ad_probe,ad_c(full_target_scalar_reference),0.0010891732485660555,True,0.24289210904751712,2300702
webis-touche2020,0,selection,24,1770,50,glob_probe,best_in_menu_on_eval,0.0,True,,2300702
webis-touche2020,1,recalibration,24,1693,50,ad_probe,ad_c(full_target_scalar_reference),0.0,True,0.009096752567477218,2301702
webis-touche2020,1,selection,24,1693,50,glob_probe,best_in_menu_on_eval,0.0008108951123894093,True,,2301702
webis-touche2020,2,recalibration,24,1817,50,ad_probe,ad_c(full_target_scalar_reference),0.0005695771756496493,True,0.7645962398229349,2302702
webis-touche2020,2,selection,24,1817,50,glob_probe,best_in_menu_on_eval,0.00914647360337495,True,,2302702
webis-touche2020,3,recalibration,24,1735,50,ad_probe,ad_c(full_target_scalar_reference),0.001485831201791965,True,0.5142575771897473,2303702
webis-touche2020,3,selection,24,1735,50,glob_probe,best_in_menu_on_eval,0.0,True,,2303702
webis-touche2020,4,recalibration,24,1770,50,ad_probe,ad_c(full_target_scalar_reference),2.4490693574519273e-06,True,0.2966750549620656,2304702
webis-touche2020,4,selection,24,1770,50,glob_probe,best_in_menu_on_eval,0.008221108617643691,True,,2304702
webis-touche2020,5,recalibration,24,1756,50,ad_probe,ad_c(full_target_scalar_reference),0.0,True,0.010198160996694128,2305702
webis-touche2020,5,selection,24,1756,50,glob_probe,best_in_menu_on_eval,0.0,True,,2305702
webis-touche2020,6,recalibration,24,1768,50,ad_probe,ad_c(full_target_scalar_reference),7.686523766228803e-05,True,0.41888406088642594,2306702
webis-touche2020,6,selection,24,1768,50,glob_probe,best_in_menu_on_eval,0.0,True,,2306702
webis-touche2020,7,recalibration,24,1843,50,ad_probe,ad_c(full_target_scalar_reference),0.00041097483039431726,True,1.0869865638802914,2307702
webis-touche2020,7,selection,24,1843,50,glob_probe,best_in_menu_on_eval,0.0,True,,2307702
webis-touche2020,8,recalibration,24,1788,50,ad_probe,ad_c(full_target_scalar_reference),0.002845849802371514,True,0.01539915791042823,2308702
webis-touche2020,8,selection,24,1788,50,glob_probe,best_in_menu_on_eval,0.0,True,,2308702
webis-touche2020,9,recalibration,24,1792,50,ad_probe,ad_c(full_target_scalar_reference),0.0010971099763669168,True,0.42901531785740765,2309702
webis-touche2020,9,selection,24,1792,50,glob_probe,best_in_menu_on_eval,0.0,True,,2309702
webis-touche2020,10,recalibration,24,1852,50,ad_probe,ad_c(full_target_scalar_reference),0.0007436866440695966,True,0.6721277377158374,2310702
webis-touche2020,10,selection,24,1852,50,ad_probe,best_in_menu_on_eval,0.011154559843922857,False,,2310702
webis-touche2020,11,recalibration,24,1783,50,ad_probe,ad_c(full_target_scalar_reference),0.0,True,0.010198160996694128,2311702
webis-touche2020,11,selection,24,1783,50,glob_probe,best_in_menu_on_eval,0.0,True,,2311702
webis-touche2020,12,recalibration,24,1816,50,ad_probe,ad_c(full_target_scalar_reference),0.0031036324130953308,True,0.32813436837985677,2312702
webis-touche2020,12,selection,24,1816,50,glob_probe,best_in_menu_on_eval,0.0,True,,2312702
webis-touche2020,13,recalibration,24,1777,50,ad_probe,ad_c(full_target_scalar_reference),0.0016619373927372894,True,0.6296930977084534,2313702
webis-touche2020,13,selection,24,1777,50,glob_probe,best_in_menu_on_eval,0.0,True,,2313702
webis-touche2020,14,recalibration,24,1749,50,ad_probe,ad_c(full_target_scalar_reference),0.00010471870668618544,True,0.5184802539593445,2314702
webis-touche2020,14,selection,24,1749,50,glob_probe,best_in_menu_on_eval,0.0,True,,2314702
webis-touche2020,15,recalibration,24,1786,50,ad_probe,ad_c(full_target_scalar_reference),0.00013981730350018373,True,0.385650843750466,2315702
webis-touche2020,15,selection,24,1786,50,glob_probe,best_in_menu_on_eval,0.000808382639009092,True,,2315702
webis-touche2020,16,recalibration,24,1750,50,ad_probe,ad_c(full_target_scalar_reference),0.002664939158147278,True,0.8868052457472952,2316702
webis-touche2020,16,selection,24,1750,50,glob_probe,best_in_menu_on_eval,0.004625231629208554,True,,2316702
webis-touche2020,17,recalibration,24,1807,50,ad_probe,ad_c(full_target_scalar_reference),0.0040338876000377,True,0.3932867419793027,2317702
webis-touche2020,17,selection,24,1807,50,ad_probe,best_in_menu_on_eval,0.012712078906334495,False,,2317702
webis-touche2020,18,recalibration,24,1815,50,ad_probe,ad_c(full_target_scalar_reference),0.0014980821547047052,True,0.395849004747161,2318702
webis-touche2020,18,selection,24,1815,50,glob_probe,best_in_menu_on_eval,0.0,True,,2318702
webis-touche2020,19,recalibration,24,1789,50,ad_probe,ad_c(full_target_scalar_reference),0.000584564860426906,True,0.058983942828282565,2319702
webis-touche2020,19,selection,24,1789,50,glob_probe,best_in_menu_on_eval,0.0,True,,2319702
webis-touche2020,20,recalibration,24,1733,50,ad_probe,ad_c(full_target_scalar_reference),0.00033104268398387315,True,0.3109728044432778,2320702
webis-touche2020,20,selection,24,1733,50,glob_probe,best_in_menu_on_eval,0.0005609011304533451,True,,2320702
webis-touche2020,21,recalibration,24,1854,50,ad_probe,ad_c(full_target_scalar_reference),0.0005329433750426438,True,1.1591761712194062,2321702
webis-touche2020,21,selection,24,1854,50,glob_probe,best_in_menu_on_eval,0.0025005938227886104,True,,2321702
webis-touche2020,22,recalibration,24,1898,50,ad_probe,ad_c(full_target_scalar_reference),0.003524290880328851,True,0.6721277377158374,2322702
webis-touche2020,22,selection,24,1898,50,glob_probe,best_in_menu_on_eval,0.003278522004974249,True,,2322702
webis-touche2020,23,recalibration,24,1668,50,ad_probe,ad_c(full_target_scalar_reference),0.0026814700479455833,True,0.5402281616065174,2323702
webis-touche2020,23,selection,24,1668,50,glob_probe,best_in_menu_on_eval,0.000724349342815761,True,,2323702
webis-touche2020,24,recalibration,24,1838,50,ad_probe,ad_c(full_target_scalar_reference),0.0031026921584338396,True,0.7943367436401978,2324702
webis-touche2020,24,selection,24,1838,50,glob_probe,best_in_menu_on_eval,0.013394122800968827,False,,2324702
webis-touche2020,25,recalibration,24,1882,50,ad_probe,ad_c(full_target_scalar_reference),0.0032063057952950724,True,0.8511847893175215,2325702
webis-touche2020,25,selection,24,1882,50,glob_probe,best_in_menu_on_eval,0.0,True,,2325702
webis-touche2020,26,recalibration,24,1795,50,ad_probe,ad_c(full_target_scalar_reference),0.002388368689358683,True,0.6721277377158374,2326702
webis-touche2020,26,selection,24,1795,50,glob_probe,best_in_menu_on_eval,0.0,True,,2326702
webis-touche2020,27,recalibration,24,1849,50,ad_probe,ad_c(full_target_scalar_reference),0.003369907860470922,True,0.4086858998897309,2327702
webis-touche2020,27,selection,24,1849,50,glob_probe,best_in_menu_on_eval,0.0,True,,2327702
webis-touche2020,28,recalibration,24,1780,50,ad_probe,ad_c(full_target_scalar_reference),0.0021511035115914234,True,0.8511847893175215,2328702
webis-touche2020,28,selection,24,1780,50,glob_probe,best_in_menu_on_eval,0.0,True,,2328702
webis-touche2020,29,recalibration,24,1818,50,ad_probe,ad_c(full_target_scalar_reference),0.005066150871844921,False,0.6083088570022772,2329702
webis-touche2020,29,selection,24,1818,50,glob_probe,best_in_menu_on_eval,0.0,True,,2329702
webis-touche2020,30,recalibration,24,1895,50,ad_probe,ad_c(full_target_scalar_reference),0.003828773902051441,True,1.0301385182029668,2330702
webis-touche2020,30,selection,24,1895,50,glob_probe,best_in_menu_on_eval,0.0,True,,2330702
webis-touche2020,31,recalibration,24,1910,50,ad_probe,ad_c(full_target_scalar_reference),0.00026924624695545685,True,1.1226070203100642,2331702
webis-touche2020,31,selection,24,1910,50,glob_probe,best_in_menu_on_eval,0.006257998242521046,True,,2331702
webis-touche2020,32,recalibration,24,1733,50,ad_probe,ad_c(full_target_scalar_reference),0.00014466803400342565,True,0.5230665976699367,2332702
webis-touche2020,32,selection,24,1733,50,glob_probe,best_in_menu_on_eval,0.0,True,,2332702
webis-touche2020,33,recalibration,24,1724,50,ad_probe,ad_c(full_target_scalar_reference),0.004745217932684731,True,0.5402281616065174,2333702
webis-touche2020,33,selection,24,1724,50,glob_probe,best_in_menu_on_eval,0.0,True,,2333702
webis-touche2020,34,recalibration,24,1819,50,ad_probe,ad_c(full_target_scalar_reference),0.0010655883529690768,True,0.2966750549620656,2334702
webis-touche2020,34,selection,24,1819,50,glob_probe,best_in_menu_on_eval,0.0014066735669878982,True,,2334702
webis-touche2020,35,recalibration,24,1689,50,ad_probe,ad_c(full_target_scalar_reference),0.0014025162904205135,True,0.3109728044432778,2335702
webis-touche2020,35,selection,24,1689,50,glob_probe,best_in_menu_on_eval,0.0,True,,2335702
webis-touche2020,36,recalibration,24,1801,50,ad_probe,ad_c(full_target_scalar_reference),0.0,True,0.010198160996694128,2336702
webis-touche2020,36,selection,24,1801,50,glob_probe,best_in_menu_on_eval,0.0,True,,2336702
webis-touche2020,37,recalibration,24,1798,50,ad_probe,ad_c(full_target_scalar_reference),0.002449958112362177,True,0.21692152463074788,2337702
webis-touche2020,37,selection,24,1798,50,ad_probe,best_in_menu_on_eval,0.012752767457800435,False,,2337702
webis-touche2020,38,recalibration,24,1779,50,ad_probe,ad_c(full_target_scalar_reference),0.0025608063971235273,True,0.41888406088642594,2338702
webis-touche2020,38,selection,24,1779,50,glob_probe,best_in_menu_on_eval,0.0,True,,2338702
webis-touche2020,39,recalibration,24,1787,50,ad_probe,ad_c(full_target_scalar_reference),0.000579725770996603,True,0.2966750549620656,2339702
webis-touche2020,39,selection,24,1787,50,glob_probe,best_in_menu_on_eval,0.0,True,,2339702
webis-touche2020,40,recalibration,24,1720,50,ad_probe,ad_c(full_target_scalar_reference),0.0016329423296713164,True,0.395849004747161,2340702
webis-touche2020,40,selection,24,1720,50,glob_probe,best_in_menu_on_eval,0.0,True,,2340702
webis-touche2020,41,recalibration,24,1741,50,ad_probe,ad_c(full_target_scalar_reference),0.004451607125932483,True,0.5230665976699367,2341702
webis-touche2020,41,selection,24,1741,50,glob_probe,best_in_menu_on_eval,0.0,True,,2341702
webis-touche2020,42,recalibration,24,1747,50,ad_probe,ad_c(full_target_scalar_reference),0.0,True,0.005200996913734102,2342702
webis-touche2020,42,selection,24,1747,50,glob_probe,best_in_menu_on_eval,0.00028653684105178767,True,,2342702
webis-touche2020,43,recalibration,24,1664,50,ad_probe,ad_c(full_target_scalar_reference),0.002408773180311685,True,0.6521934885769518,2343702
webis-touche2020,43,selection,24,1664,50,glob_probe,best_in_menu_on_eval,0.009518503003267897,True,,2343702
webis-touche2020,44,recalibration,24,1732,50,ad_probe,ad_c(full_target_scalar_reference),0.0,True,0.005200996913734102,2344702
webis-touche2020,44,selection,24,1732,50,glob_probe,best_in_menu_on_eval,0.0,True,,2344702
webis-touche2020,45,recalibration,24,1782,50,ad_probe,ad_c(full_target_scalar_reference),0.01080460447924314,False,0.6521934885769518,2345702
webis-touche2020,45,selection,24,1782,50,glob_probe,best_in_menu_on_eval,0.01915009406018875,False,,2345702
webis-touche2020,46,recalibration,24,1779,50,ad_probe,ad_c(full_target_scalar_reference),0.0009373856125624858,True,0.6951627938551024,2346702
webis-touche2020,46,selection,24,1779,50,glob_probe,best_in_menu_on_eval,0.0,True,,2346702
webis-touche2020,47,recalibration,24,1775,50,ad_probe,ad_c(full_target_scalar_reference),0.003456942140195457,True,0.42901531785740765,2347702
webis-touche2020,47,selection,24,1775,50,glob_probe,best_in_menu_on_eval,0.0,True,,2347702
webis-touche2020,48,recalibration,24,1776,50,ad_probe,ad_c(full_target_scalar_reference),0.001969655005849419,True,0.32503744034123283,2348702
webis-touche2020,48,selection,24,1776,50,glob_probe,best_in_menu_on_eval,0.00036252167225517273,True,,2348702
webis-touche2020,49,recalibration,24,1870,50,ad_probe,ad_c(full_target_scalar_reference),0.0007655563056876424,True,0.8868052457472952,2349702
webis-touche2020,49,selection,24,1870,50,glob_probe,best_in_menu_on_eval,0.0,True,,2349702
webis-touche2020,0,recalibration,24,1783,100,ad_probe,ad_c(full_target_scalar_reference),0.0018072678559959976,True,0.42901531785740765,2400120
webis-touche2020,0,selection,24,1783,100,glob_probe,best_in_menu_on_eval,0.0,True,,2400120
webis-touche2020,1,recalibration,24,1836,100,ad_probe,ad_c(full_target_scalar_reference),0.0029131590496823123,True,1.3255444998143435,2401120
webis-touche2020,1,selection,24,1836,100,glob_probe,best_in_menu_on_eval,0.004681846987159427,True,,2401120
webis-touche2020,2,recalibration,24,1768,100,ad_probe,ad_c(full_target_scalar_reference),0.009121087356735808,False,0.920618235285354,2402120
webis-touche2020,2,selection,24,1768,100,glob_probe,best_in_menu_on_eval,0.0008811911921928206,True,,2402120
webis-touche2020,3,recalibration,24,1812,100,ad_probe,ad_c(full_target_scalar_reference),0.000971361971361967,True,0.28647689396537146,2403120
webis-touche2020,3,selection,24,1812,100,glob_probe,best_in_menu_on_eval,0.004860896402578058,True,,2403120
webis-touche2020,4,recalibration,24,1864,100,ad_probe,ad_c(full_target_scalar_reference),0.004438021033847245,True,0.7943367436401978,2404120
webis-touche2020,4,selection,24,1864,100,glob_probe,best_in_menu_on_eval,0.0,True,,2404120
webis-touche2020,5,recalibration,24,1858,100,ad_probe,ad_c(full_target_scalar_reference),0.0014735439855237398,True,0.7943367436401978,2405120
webis-touche2020,5,selection,24,1858,100,glob_probe,best_in_menu_on_eval,0.0,True,,2405120
webis-touche2020,6,recalibration,24,1761,100,ad_probe,ad_c(full_target_scalar_reference),0.004307292204182966,True,0.31273521046942854,2406120
webis-touche2020,6,selection,24,1761,100,glob_probe,best_in_menu_on_eval,0.0,True,,2406120
webis-touche2020,7,recalibration,24,1829,100,ad_probe,ad_c(full_target_scalar_reference),0.005616883881868123,False,0.7943367436401978,2407120
webis-touche2020,7,selection,24,1829,100,glob_probe,best_in_menu_on_eval,0.0,True,,2407120
webis-touche2020,8,recalibration,24,1857,100,ad_probe,ad_c(full_target_scalar_reference),0.003323624526806901,True,0.385650843750466,2408120
webis-touche2020,8,selection,24,1857,100,ad_probe,best_in_menu_on_eval,0.002586318358079681,True,,2408120
webis-touche2020,9,recalibration,24,1781,100,ad_probe,ad_c(full_target_scalar_reference),0.00013445378151261123,True,0.01539915791042823,2409120
webis-touche2020,9,selection,24,1781,100,glob_probe,best_in_menu_on_eval,0.0,True,,2409120
webis-touche2020,10,recalibration,24,1791,100,ad_probe,ad_c(full_target_scalar_reference),0.004290488456579228,True,0.42901531785740765,2410120
webis-touche2020,10,selection,24,1791,100,glob_probe,best_in_menu_on_eval,0.0,True,,2410120
webis-touche2020,11,recalibration,24,1775,100,ad_probe,ad_c(full_target_scalar_reference),0.0045428194993412385,True,0.19132420572362463,2411120
webis-touche2020,11,selection,24,1775,100,glob_probe,best_in_menu_on_eval,0.0,True,,2411120
webis-touche2020,12,recalibration,24,1863,100,ad_probe,ad_c(full_target_scalar_reference),0.0026561409344943165,True,0.5142575771897473,2412120
webis-touche2020,12,selection,24,1863,100,glob_probe,best_in_menu_on_eval,0.0,True,,2412120
webis-touche2020,13,recalibration,24,1782,100,ad_probe,ad_c(full_target_scalar_reference),0.004781040299826511,True,0.37025168584003687,2413120
webis-touche2020,13,selection,24,1782,100,glob_probe,best_in_menu_on_eval,0.002260249527051089,True,,2413120
webis-touche2020,14,recalibration,24,1840,100,ad_probe,ad_c(full_target_scalar_reference),0.0027132536729910783,True,0.8511847893175215,2414120
webis-touche2020,14,selection,24,1840,100,glob_probe,best_in_menu_on_eval,0.0,True,,2414120
webis-touche2020,15,recalibration,24,1794,100,ad_probe,ad_c(full_target_scalar_reference),0.0009547194670534165,True,0.21692152463074788,2415120
webis-touche2020,15,selection,24,1794,100,glob_probe,best_in_menu_on_eval,0.0,True,,2415120
webis-touche2020,16,recalibration,24,1803,100,ad_probe,ad_c(full_target_scalar_reference),0.0,True,0.21692152463074788,2416120
webis-touche2020,16,selection,24,1803,100,glob_probe,best_in_menu_on_eval,0.0,True,,2416120
webis-touche2020,17,recalibration,24,1852,100,ad_probe,ad_c(full_target_scalar_reference),0.000967000207941271,True,1.338617311730367,2417120
webis-touche2020,17,selection,24,1852,100,glob_probe,best_in_menu_on_eval,0.0,True,,2417120
webis-touche2020,18,recalibration,24,1767,100,ad_probe,ad_c(full_target_scalar_reference),0.0028458498023715417,True,0.01539915791042823,2418120
webis-touche2020,18,selection,24,1767,100,glob_probe,best_in_menu_on_eval,0.0,True,,2418120
webis-touche2020,19,recalibration,24,1780,100,ad_probe,ad_c(full_target_scalar_reference),0.0006099648651830825,True,0.2955736465328487,2419120
webis-touche2020,19,selection,24,1780,100,glob_probe,best_in_menu_on_eval,0.0,True,,2419120
webis-touche2020,20,recalibration,24,1685,100,ad_probe,ad_c(full_target_scalar_reference),3.108994995351666e-05,True,0.6479708118073564,2420120
webis-touche2020,20,selection,24,1685,100,glob_probe,best_in_menu_on_eval,0.0,True,,2420120
webis-touche2020,21,recalibration,24,1775,100,ad_probe,ad_c(full_target_scalar_reference),0.008966187922112429,False,0.7204202137412885,2421120
webis-touche2020,21,selection,24,1775,100,glob_probe,best_in_menu_on_eval,0.0,True,,2421120
webis-touche2020,22,recalibration,24,1818,100,ad_probe,ad_c(full_target_scalar_reference),0.003454240083402671,True,0.4526970504244847,2422120
webis-touche2020,22,selection,24,1818,100,glob_probe,best_in_menu_on_eval,0.014671024573722102,False,,2422120
webis-touche2020,23,recalibration,24,1790,100,ad_probe,ad_c(full_target_scalar_reference),0.0011830356543034437,True,0.7943367436401978,2423120
webis-touche2020,23,selection,24,1790,100,glob_probe,best_in_menu_on_eval,0.0,True,,2423120
webis-touche2020,24,recalibration,24,1861,100,ad_probe,ad_c(full_target_scalar_reference),0.002736385948125891,True,0.32813436837985677,2424120
webis-touche2020,24,selection,24,1861,100,glob_probe,best_in_menu_on_eval,0.0,True,,2424120
webis-touche2020,25,recalibration,24,1818,100,ad_probe,ad_c(full_target_scalar_reference),0.001017498095773478,True,0.8511847893175215,2425120
webis-touche2020,25,selection,24,1818,100,glob_probe,best_in_menu_on_eval,0.0,True,,2425120
webis-touche2020,26,recalibration,24,1689,100,ad_probe,ad_c(full_target_scalar_reference),0.0001276451643864862,True,0.2966750549620656,2426120
webis-touche2020,26,selection,24,1689,100,glob_probe,best_in_menu_on_eval,0.0,True,,2426120
webis-touche2020,27,recalibration,24,1810,100,ad_probe,ad_c(full_target_scalar_reference),0.003312204536058877,True,0.2966750549620656,2427120
webis-touche2020,27,selection,24,1810,100,ad_probe,best_in_menu_on_eval,0.0,True,,2427120
webis-touche2020,28,recalibration,24,1734,100,ad_probe,ad_c(full_target_scalar_reference),0.0041407973956180955,True,0.6125315337718735,2428120
webis-touche2020,28,selection,24,1734,100,glob_probe,best_in_menu_on_eval,0.0,True,,2428120
webis-touche2020,29,recalibration,24,1773,100,ad_probe,ad_c(full_target_scalar_reference),0.0015625159154571133,True,0.20152236672031876,2429120
webis-touche2020,29,selection,24,1773,100,glob_probe,best_in_menu_on_eval,0.0,True,,2429120
webis-touche2020,30,recalibration,24,1731,100,ad_probe,ad_c(full_target_scalar_reference),0.0012161573755501975,True,0.2274929511370889,2430120
webis-touche2020,30,selection,24,1731,100,glob_probe,best_in_menu_on_eval,0.0,True,,2430120
webis-touche2020,31,recalibration,24,1777,100,ad_probe,ad_c(full_target_scalar_reference),0.002257042416435262,True,0.2274929511370889,2431120
webis-touche2020,31,selection,24,1777,100,glob_probe,best_in_menu_on_eval,0.0,True,,2431120
webis-touche2020,32,recalibration,24,1811,100,ad_probe,ad_c(full_target_scalar_reference),0.00014959131288752592,True,0.5444508383761129,2432120
webis-touche2020,32,selection,24,1811,100,glob_probe,best_in_menu_on_eval,0.0013588409502295895,True,,2432120
webis-touche2020,33,recalibration,24,1821,100,ad_probe,ad_c(full_target_scalar_reference),0.001517140517140525,True,0.20716353316941216,2433120
webis-touche2020,33,selection,24,1821,100,glob_probe,best_in_menu_on_eval,0.0,True,,2433120
webis-touche2020,34,recalibration,24,1777,100,ad_probe,ad_c(full_target_scalar_reference),0.00044244295026640845,True,0.2966750549620656,2434120
webis-touche2020,34,selection,24,1777,100,glob_probe,best_in_menu_on_eval,0.0026230819568676678,True,,2434120
webis-touche2020,35,recalibration,24,1725,100,ad_probe,ad_c(full_target_scalar_reference),0.0028177650525141595,True,0.395849004747161,2435120
webis-touche2020,35,selection,24,1725,100,glob_probe,best_in_menu_on_eval,0.0,True,,2435120
webis-touche2020,36,recalibration,24,1689,100,ad_probe,ad_c(full_target_scalar_reference),0.0024814775497238872,True,0.24289210904751712,2436120
webis-touche2020,36,selection,24,1689,100,glob_probe,best_in_menu_on_eval,0.0,True,,2436120
webis-touche2020,37,recalibration,24,1816,100,ad_probe,ad_c(full_target_scalar_reference),0.0035437874964557303,True,0.6083088570022772,2437120
webis-touche2020,37,selection,24,1816,100,glob_probe,best_in_menu_on_eval,0.0,True,,2437120
webis-touche2020,38,recalibration,24,1779,100,ad_probe,ad_c(full_target_scalar_reference),0.0009777036516263327,True,0.2966750549620656,2438120
webis-touche2020,38,selection,24,1779,100,glob_probe,best_in_menu_on_eval,0.0,True,,2438120
webis-touche2020,39,recalibration,24,1835,100,ad_probe,ad_c(full_target_scalar_reference),0.0009456928250253238,True,0.395849004747161,2439120
webis-touche2020,39,selection,24,1835,100,glob_probe,best_in_menu_on_eval,0.0033337089204514836,True,,2439120
webis-touche2020,40,recalibration,24,1713,100,ad_probe,ad_c(full_target_scalar_reference),0.0027113960208589583,True,0.01539915791042823,2440120
webis-touche2020,40,selection,24,1713,100,ad_probe,best_in_menu_on_eval,0.0,True,,2440120
webis-touche2020,41,recalibration,24,1833,100,ad_probe,ad_c(full_target_scalar_reference),0.006087833203747783,False,0.20152236672031876,2441120
webis-touche2020,41,selection,24,1833,100,glob_probe,best_in_menu_on_eval,0.0,True,,2441120
webis-touche2020,42,recalibration,24,1776,100,ad_probe,ad_c(full_target_scalar_reference),0.0007830910270324454,True,0.5230665976699367,2442120
webis-touche2020,42,selection,24,1776,100,glob_probe,best_in_menu_on_eval,0.0,True,,2442120
webis-touche2020,43,recalibration,24,1730,100,ad_probe,ad_c(full_target_scalar_reference),0.00278614294553578,True,0.21692152463074788,2443120
webis-touche2020,43,selection,24,1730,100,glob_probe,best_in_menu_on_eval,0.0,True,,2443120
webis-touche2020,44,recalibration,24,1821,100,ad_probe,ad_c(full_target_scalar_reference),0.007281973743349657,False,0.6083088570022772,2444120
webis-touche2020,44,selection,24,1821,100,glob_probe,best_in_menu_on_eval,0.0,True,,2444120
webis-touche2020,45,recalibration,24,1891,100,ad_probe,ad_c(full_target_scalar_reference),0.0022872162425335296,True,0.7943367436401978,2445120
webis-touche2020,45,selection,24,1891,100,ad_probe,best_in_menu_on_eval,0.0015726351504247726,True,,2445120
webis-touche2020,46,recalibration,24,1724,100,ad_probe,ad_c(full_target_scalar_reference),0.0015625159154571133,True,0.2274929511370889,2446120
webis-touche2020,46,selection,24,1724,100,glob_probe,best_in_menu_on_eval,0.0,True,,2446120
webis-touche2020,47,recalibration,24,1755,100,ad_probe,ad_c(full_target_scalar_reference),0.0009849409849410073,True,0.2274929511370889,2447120
webis-touche2020,47,selection,24,1755,100,glob_probe,best_in_menu_on_eval,0.0,True,,2447120
webis-touche2020,48,recalibration,24,1837,100,ad_probe,ad_c(full_target_scalar_reference),0.0,True,0.21729479014039388,2448120
webis-touche2020,48,selection,24,1837,100,glob_probe,best_in_menu_on_eval,0.010453624172306886,False,,2448120
webis-touche2020,49,recalibration,24,1806,100,ad_probe,ad_c(full_target_scalar_reference),0.0034340617967643927,True,0.8511847893175215,2449120
webis-touche2020,49,selection,24,1806,100,glob_probe,best_in_menu_on_eval,0.0003315498508999759,True,,2449120
dbpedia-entity,0,recalibration,5,480,5,ad_probe,ad_c(full_target_scalar_reference),0.0019897763772703525,True,1.4442778983957876,2000126
dbpedia-entity,0,selection,5,480,5,glob_probe,best_in_menu_on_eval,0.0008240271563345891,True,,2000126
dbpedia-entity,1,recalibration,5,525,5,ad_probe,ad_c(full_target_scalar_reference),0.003257731194945823,True,2.1954025944174322,2001126
dbpedia-entity,1,selection,5,525,5,glob_probe,best_in_menu_on_eval,0.0,True,,2001126
dbpedia-entity,2,recalibration,5,468,5,ad_probe,ad_c(full_target_scalar_reference),0.0033900935982504876,True,2.6174897427501813,2002126
dbpedia-entity,2,selection,5,468,5,ad_probe,best_in_menu_on_eval,0.0024461615587121066,True,,2002126
dbpedia-entity,3,recalibration,5,466,5,ad_probe,ad_c(full_target_scalar_reference),0.0016678767151322993,True,1.448599071423863,2003126
dbpedia-entity,3,selection,5,466,5,glob_probe,best_in_menu_on_eval,0.0,True,,2003126
dbpedia-entity,4,recalibration,5,426,5,ad_probe,ad_c(full_target_scalar_reference),0.0010611689945087543,True,4.867624167331712,2004126
dbpedia-entity,4,selection,5,426,5,glob_probe,best_in_menu_on_eval,0.0,True,,2004126
dbpedia-entity,5,recalibration,5,457,5,ad_probe,ad_c(full_target_scalar_reference),0.0011218608800838414,True,5.274753298604725,2005126
dbpedia-entity,5,selection,5,457,5,glob_probe,best_in_menu_on_eval,0.003734239112490323,True,,2005126
dbpedia-entity,6,recalibration,5,419,5,ad_probe,ad_c(full_target_scalar_reference),0.0017149377544866395,True,1.3345245253460432,2006126
dbpedia-entity,6,selection,5,419,5,glob_probe,best_in_menu_on_eval,0.02855790242386802,False,,2006126
dbpedia-entity,7,recalibration,5,467,5,ad_probe,ad_c(full_target_scalar_reference),0.0017325773656004517,True,21.23602572664231,2007126
dbpedia-entity,7,selection,5,467,5,ad_probe,best_in_menu_on_eval,0.0,True,,2007126
dbpedia-entity,8,recalibration,5,477,5,ad_probe,ad_c(full_target_scalar_reference),0.012408944404571742,False,5.688945874030408,2008126
dbpedia-entity,8,selection,5,477,5,glob_probe,best_in_menu_on_eval,0.0,True,,2008126
dbpedia-entity,9,recalibration,5,439,5,ad_probe,ad_c(full_target_scalar_reference),0.0056970264480579735,False,3.1958261960038516,2009126
dbpedia-entity,9,selection,5,439,5,glob_probe,best_in_menu_on_eval,0.0,True,,2009126
dbpedia-entity,10,recalibration,5,424,5,ad_probe,ad_c(full_target_scalar_reference),0.000693584123556551,True,4.127202533147555,2010126
dbpedia-entity,10,selection,5,424,5,glob_probe,best_in_menu_on_eval,0.0035602863157731257,True,,2010126
dbpedia-entity,11,recalibration,5,509,5,ad_probe,ad_c(full_target_scalar_reference),0.007807620920998404,False,4.274336199709425,2011126
dbpedia-entity,11,selection,5,509,5,glob_probe,best_in_menu_on_eval,0.0,True,,2011126
dbpedia-entity,12,recalibration,5,487,5,ad_probe,ad_c(full_target_scalar_reference),0.0005724699307950165,True,4.085738137371955,2012126
dbpedia-entity,12,selection,5,487,5,glob_probe,best_in_menu_on_eval,0.0017840869408466686,True,,2012126
dbpedia-entity,13,recalibration,5,501,5,ad_probe,ad_c(full_target_scalar_reference),0.015063175564549613,False,5.968138972351803,2013126
dbpedia-entity,13,selection,5,501,5,ad_probe,best_in_menu_on_eval,0.0,True,,2013126
dbpedia-entity,14,recalibration,5,410,5,ad_probe,ad_c(full_target_scalar_reference),0.001272487784972104,True,6.163196682520315,2014126
dbpedia-entity,14,selection,5,410,5,glob_probe,best_in_menu_on_eval,0.0,True,,2014126
dbpedia-entity,15,recalibration,5,494,5,ad_probe,ad_c(full_target_scalar_reference),0.0036847201134919128,True,2.198390535261627,2015126
dbpedia-entity,15,selection,5,494,5,glob_probe,best_in_menu_on_eval,0.0,True,,2015126
dbpedia-entity,16,recalibration,5,483,5,ad_probe,ad_c(full_target_scalar_reference),0.0032329140911490917,True,8.466055727066758,2016126
dbpedia-entity,16,selection,5,483,5,glob_probe,best_in_menu_on_eval,0.005909866476758119,True,,2016126
dbpedia-entity,17,recalibration,5,415,5,ad_probe,ad_c(full_target_scalar_reference),0.004517345071455459,True,2.7853949404260625,2017126
dbpedia-entity,17,selection,5,415,5,glob_probe,best_in_menu_on_eval,0.0,True,,2017126
dbpedia-entity,18,recalibration,5,413,5,ad_probe,ad_c(full_target_scalar_reference),0.00031493733250428924,True,1.2440735479302205,2018126
dbpedia-entity,18,selection,5,413,5,ad_probe,best_in_menu_on_eval,0.0,True,,2018126
dbpedia-entity,19,recalibration,5,485,5,ad_probe,ad_c(full_target_scalar_reference),0.0011610667171631783,True,0.7150464019124554,2019126
dbpedia-entity,19,selection,5,485,5,glob_probe,best_in_menu_on_eval,0.0,True,,2019126
dbpedia-entity,20,recalibration,5,474,5,ad_probe,ad_c(full_target_scalar_reference),0.0027198494715740817,True,1.6436952438053076,2020126
dbpedia-entity,20,selection,5,474,5,glob_probe,best_in_menu_on_eval,0.0,True,,2020126
dbpedia-entity,21,recalibration,5,482,5,ad_probe,ad_c(full_target_scalar_reference),0.013808527733925602,False,5.3548130756936985,2021126
dbpedia-entity,21,selection,5,482,5,ad_probe,best_in_menu_on_eval,0.0,True,,2021126
dbpedia-entity,22,recalibration,5,436,5,ad_probe,ad_c(full_target_scalar_reference),0.003278789513072672,True,12.398692883220841,2022126
dbpedia-entity,22,selection,5,436,5,glob_probe,best_in_menu_on_eval,0.005749180116840558,True,,2022126
dbpedia-entity,23,recalibration,5,448,5,ad_probe,ad_c(full_target_scalar_reference),0.007665012747385541,False,3.9234563116086703,2023126
dbpedia-entity,23,selection,5,448,5,trunc,best_in_menu_on_eval,0.013641470524033583,False,,2023126
dbpedia-entity,24,recalibration,5,513,5,ad_probe,ad_c(full_target_scalar_reference),0.013692829465035361,False,5.3548130756936985,2024126
dbpedia-entity,24,selection,5,513,5,glob_probe,best_in_menu_on_eval,0.01702345349364487,False,,2024126
dbpedia-entity,25,recalibration,5,475,5,ad_probe,ad_c(full_target_scalar_reference),0.0023384746402860535,True,12.072385414629382,2025126
dbpedia-entity,25,selection,5,475,5,ad_probe,best_in_menu_on_eval,0.0,True,,2025126
dbpedia-entity,26,recalibration,5,429,5,ad_probe,ad_c(full_target_scalar_reference),0.00043684616554109934,True,0.9467501459020546,2026126
dbpedia-entity,26,selection,5,429,5,glob_probe,best_in_menu_on_eval,0.012744520063008191,False,,2026126
dbpedia-entity,27,recalibration,5,458,5,ad_probe,ad_c(full_target_scalar_reference),0.0021131729260120413,True,0.8458769010737406,2027126
dbpedia-entity,27,selection,5,458,5,ad_probe,best_in_menu_on_eval,0.001226637223132071,True,,2027126
dbpedia-entity,28,recalibration,5,472,5,ad_probe,ad_c(full_target_scalar_reference),0.0022482497520752154,True,6.915721620686304,2028126
dbpedia-entity,28,selection,5,472,5,ad_probe,best_in_menu_on_eval,0.0,True,,2028126
dbpedia-entity,29,recalibration,5,464,5,ad_probe,ad_c(full_target_scalar_reference),0.0006995946870270997,True,2.2278426692803137,2029126
dbpedia-entity,29,selection,5,464,5,trunc,best_in_menu_on_eval,0.021960593921694693,False,,2029126
dbpedia-entity,30,recalibration,5,484,5,ad_probe,ad_c(full_target_scalar_reference),0.0034521009493836408,True,2.6174897427501813,2030126
dbpedia-entity,30,selection,5,484,5,glob_probe,best_in_menu_on_eval,0.0,True,,2030126
dbpedia-entity,31,recalibration,5,481,5,ad_probe,ad_c(full_target_scalar_reference),0.0030036722242333114,True,10.897946498438115,2031126
dbpedia-entity,31,selection,5,481,5,glob_probe,best_in_menu_on_eval,0.0,True,,2031126
dbpedia-entity,32,recalibration,5,446,5,ad_probe,ad_c(full_target_scalar_reference),0.002194080691664352,True,1.5903733460662872,2032126
dbpedia-entity,32,selection,5,446,5,glob_probe,best_in_menu_on_eval,0.0,True,,2032126
dbpedia-entity,33,recalibration,5,445,5,ad_probe,ad_c(full_target_scalar_reference),6.748410665563531e-05,True,1.2761688206819084,2033126
dbpedia-entity,33,selection,5,445,5,glob_probe,best_in_menu_on_eval,0.0028191631414621887,True,,2033126
dbpedia-entity,34,recalibration,5,474,5,ad_probe,ad_c(full_target_scalar_reference),1.1553771523897804e-05,True,0.041536708694348334,2034126
dbpedia-entity,34,selection,5,474,5,glob_probe,best_in_menu_on_eval,0.0012807318555073388,True,,2034126
dbpedia-entity,35,recalibration,5,445,5,ad_probe,ad_c(full_target_scalar_reference),0.00039178154815747157,True,4.314760881574513,2035126
dbpedia-entity,35,selection,5,445,5,ad_probe,best_in_menu_on_eval,0.0036626035318695904,True,,2035126
dbpedia-entity,36,recalibration,5,484,5,ad_probe,ad_c(full_target_scalar_reference),0.001914718159807538,True,1.141080620074951,2036126
dbpedia-entity,36,selection,5,484,5,glob_probe,best_in_menu_on_eval,0.0008248004323033187,True,,2036126
dbpedia-entity,37,recalibration,5,466,5,ad_probe,ad_c(full_target_scalar_reference),0.0011640213298077795,True,6.177947308973046,2037126
dbpedia-entity,37,selection,5,466,5,glob_probe,best_in_menu_on_eval,0.023357638242764184,False,,2037126
dbpedia-entity,38,recalibration,5,509,5,ad_probe,ad_c(full_target_scalar_reference),0.0010332330826408886,True,1.0679552826672971,2038126
dbpedia-entity,38,selection,5,509,5,glob_probe,best_in_menu_on_eval,0.06836239199088859,False,,2038126
dbpedia-entity,39,recalibration,5,469,5,ad_probe,ad_c(full_target_scalar_reference),0.0016137487882653678,True,1.3703608875178865,2039126
dbpedia-entity,39,selection,5,469,5,glob_probe,best_in_menu_on_eval,0.0,True,,2039126
dbpedia-entity,40,recalibration,5,448,5,ad_probe,ad_c(full_target_scalar_reference),0.0031218303471838293,True,9.031476502921757,2040126
dbpedia-entity,40,selection,5,448,5,glob_probe,best_in_menu_on_eval,0.005983809659605349,True,,2040126
dbpedia-entity,41,recalibration,5,441,5,ad_probe,ad_c(full_target_scalar_reference),0.008383265357889719,False,4.41661688299411,2041126
dbpedia-entity,41,selection,5,441,5,glob_probe,best_in_menu_on_eval,0.06108360583268402,False,,2041126
dbpedia-entity,42,recalibration,5,408,5,ad_probe,ad_c(full_target_scalar_reference),0.00769615519552852,False,4.077858070930234,2042126
dbpedia-entity,42,selection,5,408,5,glob_probe,best_in_menu_on_eval,0.0,True,,2042126
dbpedia-entity,43,recalibration,5,477,5,ad_probe,ad_c(full_target_scalar_reference),0.0010875329024897518,True,2.8023126586593623,2043126
dbpedia-entity,43,selection,5,477,5,glob_probe,best_in_menu_on_eval,0.0021286871025941456,True,,2043126
dbpedia-entity,44,recalibration,5,435,5,ad_probe,ad_c(full_target_scalar_reference),0.0025429217267374793,True,12.04553957238179,2044126
dbpedia-entity,44,selection,5,435,5,glob_probe,best_in_menu_on_eval,0.005510945209234869,True,,2044126
dbpedia-entity,45,recalibration,5,449,5,ad_probe,ad_c(full_target_scalar_reference),0.00370375999065764,True,2.5520147861897824,2045126
dbpedia-entity,45,selection,5,449,5,glob_probe,best_in_menu_on_eval,0.01862863347039509,False,,2045126
dbpedia-entity,46,recalibration,5,407,5,ad_probe,ad_c(full_target_scalar_reference),0.00045036747385321374,True,3.7054558341099355,2046126
dbpedia-entity,46,selection,5,407,5,glob_probe,best_in_menu_on_eval,0.0030233506268501076,True,,2046126
dbpedia-entity,47,recalibration,5,475,5,ad_probe,ad_c(full_target_scalar_reference),0.0017412309993567188,True,1.3563497481393583,2047126
dbpedia-entity,47,selection,5,475,5,glob_probe,best_in_menu_on_eval,5.320574466879946e-05,True,,2047126
dbpedia-entity,48,recalibration,5,445,5,ad_probe,ad_c(full_target_scalar_reference),0.0017952160142412077,True,1.127654623150514,2048126
dbpedia-entity,48,selection,5,445,5,glob_probe,best_in_menu_on_eval,0.0,True,,2048126
dbpedia-entity,49,recalibration,5,474,5,ad_probe,ad_c(full_target_scalar_reference),0.013480089534186779,False,5.4046262875447315,2049126
dbpedia-entity,49,selection,5,474,5,glob_probe,best_in_menu_on_eval,0.027246374956925057,False,,2049126
dbpedia-entity,0,recalibration,10,908,10,ad_probe,ad_c(full_target_scalar_reference),0.0027637966556073312,True,7.635530717570317,457
dbpedia-entity,0,selection,10,908,10,glob_probe,best_in_menu_on_eval,0.006063315417409926,True,,457
dbpedia-entity,1,recalibration,10,921,10,ad_probe,ad_c(full_target_scalar_reference),0.0015400785231865222,True,5.700011005450602,1457
dbpedia-entity,1,selection,10,921,10,glob_probe,best_in_menu_on_eval,0.0,True,,1457
dbpedia-entity,2,recalibration,10,939,10,ad_probe,ad_c(full_target_scalar_reference),3.539120960038833e-05,True,0.33675484660905397,2457
dbpedia-entity,2,selection,10,939,10,glob_probe,best_in_menu_on_eval,0.0,True,,2457
dbpedia-entity,3,recalibration,10,915,10,ad_probe,ad_c(full_target_scalar_reference),0.00013046330859001198,True,1.2719420315868604,3457
dbpedia-entity,3,selection,10,915,10,ad_probe,best_in_menu_on_eval,0.004314081892343502,True,,3457
dbpedia-entity,4,recalibration,10,936,10,ad_probe,ad_c(full_target_scalar_reference),0.004021884551459576,True,2.2962592625888307,4457
dbpedia-entity,4,selection,10,936,10,glob_probe,best_in_menu_on_eval,0.0,True,,4457
dbpedia-entity,5,recalibration,10,941,10,ad_probe,ad_c(full_target_scalar_reference),0.008391648968455762,False,4.621620231229612,5457
dbpedia-entity,5,selection,10,941,10,glob_probe,best_in_menu_on_eval,0.0,True,,5457
dbpedia-entity,6,recalibration,10,943,10,ad_probe,ad_c(full_target_scalar_reference),0.00010121853933975355,True,1.284077297438694,6457
dbpedia-entity,6,selection,10,943,10,glob_probe,best_in_menu_on_eval,0.0029727194534578394,True,,6457
dbpedia-entity,7,recalibration,10,928,10,ad_probe,ad_c(full_target_scalar_reference),0.0006663901607803779,True,5.79278053223671,7457
dbpedia-entity,7,selection,10,928,10,ad_probe,best_in_menu_on_eval,0.0,True,,7457
dbpedia-entity,8,recalibration,10,912,10,ad_probe,ad_c(full_target_scalar_reference),1.613590912011298e-05,True,1.220932764468147,8457
dbpedia-entity,8,selection,10,912,10,ad_probe,best_in_menu_on_eval,0.0,True,,8457
dbpedia-entity,9,recalibration,10,847,10,ad_probe,ad_c(full_target_scalar_reference),0.0023554985898435465,True,10.167154633550053,9457
dbpedia-entity,9,selection,10,847,10,glob_probe,best_in_menu_on_eval,0.005584851200672258,True,,9457
dbpedia-entity,10,recalibration,10,1005,10,ad_probe,ad_c(full_target_scalar_reference),0.0006281810260218013,True,5.702082840213693,10457
dbpedia-entity,10,selection,10,1005,10,ad_probe,best_in_menu_on_eval,0.0032791677937690222,True,,10457
dbpedia-entity,11,recalibration,10,933,10,ad_probe,ad_c(full_target_scalar_reference),0.0010908893579746337,True,1.152154333405198,11457
dbpedia-entity,11,selection,10,933,10,glob_probe,best_in_menu_on_eval,0.0,True,,11457
dbpedia-entity,12,recalibration,10,912,10,ad_probe,ad_c(full_target_scalar_reference),0.0033826397414345177,True,1.961187836853835,12457
dbpedia-entity,12,selection,10,912,10,glob_probe,best_in_menu_on_eval,0.0,True,,12457
dbpedia-entity,13,recalibration,10,952,10,ad_probe,ad_c(full_target_scalar_reference),0.0008823976266783551,True,2.4079771310653353,13457
dbpedia-entity,13,selection,10,952,10,trunc,best_in_menu_on_eval,0.023399198996707143,False,,13457
dbpedia-entity,14,recalibration,10,874,10,ad_probe,ad_c(full_target_scalar_reference),0.00011327385067017026,True,0.19443725051409544,14457
dbpedia-entity,14,selection,10,874,10,glob_probe,best_in_menu_on_eval,0.003027165262846715,True,,14457
dbpedia-entity,15,recalibration,10,920,10,ad_probe,ad_c(full_target_scalar_reference),0.0006149041665052257,True,5.450264629636864,15457
dbpedia-entity,15,selection,10,920,10,glob_probe,best_in_menu_on_eval,0.003473384398846202,True,,15457
dbpedia-entity,16,recalibration,10,967,10,ad_probe,ad_c(full_target_scalar_reference),0.014696525383934733,False,5.793378036906318,16457
dbpedia-entity,16,selection,10,967,10,glob_probe,best_in_menu_on_eval,0.0,True,,16457
dbpedia-entity,17,recalibration,10,886,10,ad_probe,ad_c(full_target_scalar_reference),0.011661983420371058,False,5.0195197852419025,17457
dbpedia-entity,17,selection,10,886,10,glob_probe,best_in_menu_on_eval,0.05949060636428455,False,,17457
dbpedia-entity,18,recalibration,10,967,10,ad_probe,ad_c(full_target_scalar_reference),0.0011162538042280012,True,0.9741071378296446,18457
dbpedia-entity,18,selection,10,967,10,glob_probe,best_in_menu_on_eval,0.001281380092334139,True,,18457
dbpedia-entity,19,recalibration,10,892,10,ad_probe,ad_c(full_target_scalar_reference),0.0009770303793336932,True,1.1188657106697466,19457
dbpedia-entity,19,selection,10,892,10,glob_probe,best_in_menu_on_eval,0.001982506928653538,True,,19457
dbpedia-entity,20,recalibration,10,942,10,ad_probe,ad_c(full_target_scalar_reference),0.0015343787061793124,True,3.157555349178944,20457
dbpedia-entity,20,selection,10,942,10,glob_probe,best_in_menu_on_eval,0.02427451095146993,False,,20457
dbpedia-entity,21,recalibration,10,907,10,ad_probe,ad_c(full_target_scalar_reference),0.0029359709948263146,True,18.298140609063495,21457
dbpedia-entity,21,selection,10,907,10,glob_probe,best_in_menu_on_eval,0.004124862373187793,True,,21457
dbpedia-entity,22,recalibration,10,940,10,ad_probe,ad_c(full_target_scalar_reference),0.001418278599880779,True,2.1225485909213955,22457
dbpedia-entity,22,selection,10,940,10,trunc,best_in_menu_on_eval,0.023458541895764295,False,,22457
dbpedia-entity,23,recalibration,10,947,10,ad_probe,ad_c(full_target_scalar_reference),0.0032880030223633727,True,1.9471983674439155,23457
dbpedia-entity,23,selection,10,947,10,glob_probe,best_in_menu_on_eval,0.0,True,,23457
dbpedia-entity,24,recalibration,10,900,10,ad_probe,ad_c(full_target_scalar_reference),0.0033028039357507477,True,2.705481986282024,24457
dbpedia-entity,24,selection,10,900,10,glob_probe,best_in_menu_on_eval,0.0,True,,24457
dbpedia-entity,25,recalibration,10,847,10,ad_probe,ad_c(full_target_scalar_reference),0.0003751998198900097,True,0.8457124021901361,25457
dbpedia-entity,25,selection,10,847,10,glob_probe,best_in_menu_on_eval,0.000597571870377428,True,,25457
dbpedia-entity,26,recalibration,10,896,10,ad_probe,ad_c(full_target_scalar_reference),0.0011909356690202322,True,2.6664200532251154,26457
dbpedia-entity,26,selection,10,896,10,glob_probe,best_in_menu_on_eval,0.003898675870717766,True,,26457
dbpedia-entity,27,recalibration,10,947,10,ad_probe,ad_c(full_target_scalar_reference),0.0010044523939114758,True,0.6511570642517679,27457
dbpedia-entity,27,selection,10,947,10,glob_probe,best_in_menu_on_eval,0.0,True,,27457
dbpedia-entity,28,recalibration,10,937,10,ad_probe,ad_c(full_target_scalar_reference),0.002787486066703787,True,7.795840622729932,28457
dbpedia-entity,28,selection,10,937,10,ad_probe,best_in_menu_on_eval,0.0,True,,28457
dbpedia-entity,29,recalibration,10,1022,10,ad_probe,ad_c(full_target_scalar_reference),0.0004758437614549582,True,3.6726656686512857,29457
dbpedia-entity,29,selection,10,1022,10,glob_probe,best_in_menu_on_eval,0.0,True,,29457
dbpedia-entity,30,recalibration,10,907,10,ad_probe,ad_c(full_target_scalar_reference),0.0027672823862908147,True,8.81270082392305,30457
dbpedia-entity,30,selection,10,907,10,ad_probe,best_in_menu_on_eval,0.0,True,,30457
dbpedia-entity,31,recalibration,10,963,10,ad_probe,ad_c(full_target_scalar_reference),0.008061831314602419,False,3.9451911684972956,31457
dbpedia-entity,31,selection,10,963,10,ad_probe,best_in_menu_on_eval,0.0,True,,31457
dbpedia-entity,32,recalibration,10,941,10,ad_probe,ad_c(full_target_scalar_reference),0.0061134060116405375,False,3.4208982322457624,32457
dbpedia-entity,32,selection,10,941,10,ad_probe,best_in_menu_on_eval,0.004777331281483277,True,,32457
dbpedia-entity,33,recalibration,10,878,10,ad_probe,ad_c(full_target_scalar_reference),0.0009664036495868333,True,2.8352730193594855,33457
dbpedia-entity,33,selection,10,878,10,glob_probe,best_in_menu_on_eval,0.0,True,,33457
dbpedia-entity,34,recalibration,10,949,10,ad_probe,ad_c(full_target_scalar_reference),0.005826786636581982,False,2.8412894415061167,34457
dbpedia-entity,34,selection,10,949,10,glob_probe,best_in_menu_on_eval,0.0,True,,34457
dbpedia-entity,35,recalibration,10,922,10,ad_probe,ad_c(full_target_scalar_reference),0.0004100526505090851,True,0.4511853028692716,35457
dbpedia-entity,35,selection,10,922,10,ad_probe,best_in_menu_on_eval,0.0,True,,35457
dbpedia-entity,36,recalibration,10,974,10,ad_probe,ad_c(full_target_scalar_reference),0.009902514777523602,False,4.904932583655402,36457
dbpedia-entity,36,selection,10,974,10,trunc,best_in_menu_on_eval,0.011447062605313862,False,,36457
dbpedia-entity,37,recalibration,10,932,10,ad_probe,ad_c(full_target_scalar_reference),0.00044142847558842346,True,0.7840871739047603,37457
dbpedia-entity,37,selection,10,932,10,ad_probe,best_in_menu_on_eval,0.0,True,,37457
dbpedia-entity,38,recalibration,10,878,10,ad_probe,ad_c(full_target_scalar_reference),0.003729331734095065,True,7.951914139336564,38457
dbpedia-entity,38,selection,10,878,10,glob_probe,best_in_menu_on_eval,0.0,True,,38457
dbpedia-entity,39,recalibration,10,898,10,ad_probe,ad_c(full_target_scalar_reference),0.001544998484989596,True,1.1791695156969535,39457
dbpedia-entity,39,selection,10,898,10,ad_probe,best_in_menu_on_eval,0.0,True,,39457
dbpedia-entity,40,recalibration,10,841,10,ad_probe,ad_c(full_target_scalar_reference),0.000996273037951384,True,2.13803839234018,40457
dbpedia-entity,40,selection,10,841,10,glob_probe,best_in_menu_on_eval,0.0021033988271254023,True,,40457
dbpedia-entity,41,recalibration,10,936,10,ad_probe,ad_c(full_target_scalar_reference),0.0009134643170847223,True,6.397742938955808,41457
dbpedia-entity,41,selection,10,936,10,glob_probe,best_in_menu_on_eval,0.003531898943869738,True,,41457
dbpedia-entity,42,recalibration,10,923,10,ad_probe,ad_c(full_target_scalar_reference),0.0016392376514735574,True,0.8856991265232921,42457
dbpedia-entity,42,selection,10,923,10,glob_probe,best_in_menu_on_eval,0.0019364832288720768,True,,42457
dbpedia-entity,43,recalibration,10,961,10,ad_probe,ad_c(full_target_scalar_reference),0.0019362729870440742,True,1.1361221617385837,43457
dbpedia-entity,43,selection,10,961,10,glob_probe,best_in_menu_on_eval,0.0017494406198835244,True,,43457
dbpedia-entity,44,recalibration,10,899,10,ad_probe,ad_c(full_target_scalar_reference),0.0020740789066948373,True,1.4746911782558252,44457
dbpedia-entity,44,selection,10,899,10,glob_probe,best_in_menu_on_eval,5.277455738314507e-05,True,,44457
dbpedia-entity,45,recalibration,10,881,10,ad_probe,ad_c(full_target_scalar_reference),0.004354858837764514,True,2.7437008926535107,45457
dbpedia-entity,45,selection,10,881,10,glob_probe,best_in_menu_on_eval,0.009682087930980188,True,,45457
dbpedia-entity,46,recalibration,10,949,10,ad_probe,ad_c(full_target_scalar_reference),0.0005597038587216441,True,3.6472514205674873,46457
dbpedia-entity,46,selection,10,949,10,glob_probe,best_in_menu_on_eval,0.0034474273775861874,True,,46457
dbpedia-entity,47,recalibration,10,946,10,ad_probe,ad_c(full_target_scalar_reference),0.00346411378099723,True,7.402339161729346,47457
dbpedia-entity,47,selection,10,946,10,glob_probe,best_in_menu_on_eval,0.00586246485447714,True,,47457
dbpedia-entity,48,recalibration,10,961,10,ad_probe,ad_c(full_target_scalar_reference),0.0037370714854287057,True,2.319251356760563,48457
dbpedia-entity,48,selection,10,961,10,glob_probe,best_in_menu_on_eval,0.027823074577328993,False,,48457
dbpedia-entity,49,recalibration,10,959,10,ad_probe,ad_c(full_target_scalar_reference),0.004120088871797517,True,2.3478296407930435,49457
dbpedia-entity,49,selection,10,959,10,glob_probe,best_in_menu_on_eval,0.018709858207283492,False,,49457
dbpedia-entity,0,recalibration,20,1852,20,ad_probe,ad_c(full_target_scalar_reference),0.0034675472738363577,True,2.506512350904857,2200321
dbpedia-entity,0,selection,20,1852,20,ad_probe,best_in_menu_on_eval,0.007819447062895418,True,,2200321
dbpedia-entity,1,recalibration,20,1845,20,ad_probe,ad_c(full_target_scalar_reference),0.00030849469876451097,True,1.2861289887891143,2201321
dbpedia-entity,1,selection,20,1845,20,glob_probe,best_in_menu_on_eval,0.003499962250652383,True,,2201321
dbpedia-entity,2,recalibration,20,1783,20,ad_probe,ad_c(full_target_scalar_reference),0.006421960772504565,False,3.3447714295903603,2202321
dbpedia-entity,2,selection,20,1783,20,glob_probe,best_in_menu_on_eval,0.0,True,,2202321
dbpedia-entity,3,recalibration,20,1727,20,ad_probe,ad_c(full_target_scalar_reference),0.0036384875986654464,True,2.6950448561155955,2203321
dbpedia-entity,3,selection,20,1727,20,glob_probe,best_in_menu_on_eval,0.0,True,,2203321
dbpedia-entity,4,recalibration,20,1840,20,ad_probe,ad_c(full_target_scalar_reference),0.0008283044966607978,True,1.1238951083842483,2204321
dbpedia-entity,4,selection,20,1840,20,glob_probe,best_in_menu_on_eval,0.0,True,,2204321
dbpedia-entity,5,recalibration,20,1875,20,ad_probe,ad_c(full_target_scalar_reference),0.003573315811361444,True,1.9112650047977002,2205321
dbpedia-entity,5,selection,20,1875,20,glob_probe,best_in_menu_on_eval,0.01950263048552478,False,,2205321
dbpedia-entity,6,recalibration,20,1799,20,ad_probe,ad_c(full_target_scalar_reference),0.0007807911594586436,True,1.6317319099303482,2206321
dbpedia-entity,6,selection,20,1799,20,glob_probe,best_in_menu_on_eval,0.002783031171704725,True,,2206321
dbpedia-entity,7,recalibration,20,1783,20,ad_probe,ad_c(full_target_scalar_reference),0.0018443959537065846,True,0.9482887440254277,2207321
dbpedia-entity,7,selection,20,1783,20,glob_probe,best_in_menu_on_eval,0.0,True,,2207321
dbpedia-entity,8,recalibration,20,1854,20,ad_probe,ad_c(full_target_scalar_reference),0.002180818231934556,True,7.824208039824805,2208321
dbpedia-entity,8,selection,20,1854,20,glob_probe,best_in_menu_on_eval,0.0065617001482490556,True,,2208321
dbpedia-entity,9,recalibration,20,1837,20,ad_probe,ad_c(full_target_scalar_reference),0.000528792690596469,True,4.058397696566594,2209321
dbpedia-entity,9,selection,20,1837,20,ad_probe,best_in_menu_on_eval,0.0040539124964656115,True,,2209321
dbpedia-entity,10,recalibration,20,1734,20,ad_probe,ad_c(full_target_scalar_reference),0.0001612313480049976,True,0.23755910529546576,2210321
dbpedia-entity,10,selection,20,1734,20,glob_probe,best_in_menu_on_eval,0.002630543940960378,True,,2210321
dbpedia-entity,11,recalibration,20,1928,20,ad_probe,ad_c(full_target_scalar_reference),0.0005342429918887837,True,3.7554215249962706,2211321
dbpedia-entity,11,selection,20,1928,20,glob_probe,best_in_menu_on_eval,0.0032358437570487175,True,,2211321
dbpedia-entity,12,recalibration,20,1771,20,ad_probe,ad_c(full_target_scalar_reference),0.000502783177105226,True,0.6219537185611248,2212321
dbpedia-entity,12,selection,20,1771,20,glob_probe,best_in_menu_on_eval,0.001402876121043617,True,,2212321
dbpedia-entity,13,recalibration,20,1795,20,ad_probe,ad_c(full_target_scalar_reference),0.0005012290995151936,True,0.4021700961896961,2213321
dbpedia-entity,13,selection,20,1795,20,ad_probe,best_in_menu_on_eval,0.0,True,,2213321
dbpedia-entity,14,recalibration,20,1845,20,ad_probe,ad_c(full_target_scalar_reference),0.0014753195879497194,True,3.4440253980156594,2214321
dbpedia-entity,14,selection,20,1845,20,ad_probe,best_in_menu_on_eval,0.0,True,,2214321
dbpedia-entity,15,recalibration,20,1855,20,ad_probe,ad_c(full_target_scalar_reference),0.0027139996335245886,True,0.9934787605743463,2215321
dbpedia-entity,15,selection,20,1855,20,glob_probe,best_in_menu_on_eval,2.2524279856939167e-05,True,,2215321
dbpedia-entity,16,recalibration,20,1814,20,ad_probe,ad_c(full_target_scalar_reference),0.000747750498857308,True,3.007007024804828,2216321
dbpedia-entity,16,selection,20,1814,20,ad_probe,best_in_menu_on_eval,0.003772793943066316,True,,2216321
dbpedia-entity,17,recalibration,20,1857,20,ad_probe,ad_c(full_target_scalar_reference),0.00015994602459867835,True,1.5907926307294336,2217321
dbpedia-entity,17,selection,20,1857,20,glob_probe,best_in_menu_on_eval,0.0035856756335409523,True,,2217321
dbpedia-entity,18,recalibration,20,1881,20,ad_probe,ad_c(full_target_scalar_reference),0.0012942064867249858,True,2.8163591636324057,2218321
dbpedia-entity,18,selection,20,1881,20,glob_probe,best_in_menu_on_eval,0.003564522818692295,True,,2218321
dbpedia-entity,19,recalibration,20,1886,20,ad_probe,ad_c(full_target_scalar_reference),0.009507162276341907,False,4.198218171765264,2219321
dbpedia-entity,19,selection,20,1886,20,ad_probe,best_in_menu_on_eval,0.0,True,,2219321
dbpedia-entity,20,recalibration,20,1791,20,ad_probe,ad_c(full_target_scalar_reference),0.0002813204723522422,True,2.303771737567681,2220321
dbpedia-entity,20,selection,20,1791,20,glob_probe,best_in_menu_on_eval,0.003373319858538032,True,,2220321
dbpedia-entity,21,recalibration,20,1842,20,ad_probe,ad_c(full_target_scalar_reference),0.005825027192863874,False,2.8551378675634425,2221321
dbpedia-entity,21,selection,20,1842,20,ad_probe,best_in_menu_on_eval,0.004681320654547627,True,,2221321
dbpedia-entity,22,recalibration,20,1785,20,ad_probe,ad_c(full_target_scalar_reference),6.624753030268216e-05,True,0.3399637062709022,2222321
dbpedia-entity,22,selection,20,1785,20,glob_probe,best_in_menu_on_eval,0.0035015249885193833,True,,2222321
dbpedia-entity,23,recalibration,20,1820,20,ad_probe,ad_c(full_target_scalar_reference),0.001051972171873805,True,3.2640359709486635,2223321
dbpedia-entity,23,selection,20,1820,20,glob_probe,best_in_menu_on_eval,0.005013953455984738,True,,2223321
dbpedia-entity,24,recalibration,20,1835,20,ad_probe,ad_c(full_target_scalar_reference),0.0004977456006764747,True,0.5511434611038517,2224321
dbpedia-entity,24,selection,20,1835,20,glob_probe,best_in_menu_on_eval,0.0,True,,2224321
dbpedia-entity,25,recalibration,20,1796,20,ad_probe,ad_c(full_target_scalar_reference),0.0009086490565206606,True,4.826472481337735,2225321
dbpedia-entity,25,selection,20,1796,20,glob_probe,best_in_menu_on_eval,0.0039554593618265355,True,,2225321
dbpedia-entity,26,recalibration,20,1690,20,ad_probe,ad_c(full_target_scalar_reference),0.0019098256133522618,True,7.029775619774833,2226321
dbpedia-entity,26,selection,20,1690,20,ad_probe,best_in_menu_on_eval,0.0018537928292805816,True,,2226321
dbpedia-entity,27,recalibration,20,1767,20,ad_probe,ad_c(full_target_scalar_reference),0.008502906315342562,False,3.843362322979626,2227321
dbpedia-entity,27,selection,20,1767,20,glob_probe,best_in_menu_on_eval,0.055552042616488106,False,,2227321
dbpedia-entity,28,recalibration,20,1875,20,ad_probe,ad_c(full_target_scalar_reference),0.0018080642791765411,True,1.1577986605884814,2228321
dbpedia-entity,28,selection,20,1875,20,glob_probe,best_in_menu_on_eval,0.0,True,,2228321
dbpedia-entity,29,recalibration,20,1835,20,ad_probe,ad_c(full_target_scalar_reference),0.0011757640775970357,True,4.36221102715216,2229321
dbpedia-entity,29,selection,20,1835,20,glob_probe,best_in_menu_on_eval,0.002847367635055914,True,,2229321
dbpedia-entity,30,recalibration,20,1781,20,ad_probe,ad_c(full_target_scalar_reference),0.006009349222682453,False,2.908039069778937,2230321
dbpedia-entity,30,selection,20,1781,20,glob_probe,best_in_menu_on_eval,0.0,True,,2230321
dbpedia-entity,31,recalibration,20,1895,20,ad_probe,ad_c(full_target_scalar_reference),0.0003301865427064177,True,0.5229219193605079,2231321
dbpedia-entity,31,selection,20,1895,20,glob_probe,best_in_menu_on_eval,0.0,True,,2231321
dbpedia-entity,32,recalibration,20,1910,20,ad_probe,ad_c(full_target_scalar_reference),0.005676923640161841,False,3.0376606280935334,2232321
dbpedia-entity,32,selection,20,1910,20,glob_probe,best_in_menu_on_eval,0.008488510985375647,True,,2232321
dbpedia-entity,33,recalibration,20,1925,20,ad_probe,ad_c(full_target_scalar_reference),4.767715647296944e-05,True,0.33625797475072794,2233321
dbpedia-entity,33,selection,20,1925,20,ad_probe,best_in_menu_on_eval,0.0,True,,2233321
dbpedia-entity,34,recalibration,20,1838,20,ad_probe,ad_c(full_target_scalar_reference),0.0009214655895878887,True,0.9951107394388572,2234321
dbpedia-entity,34,selection,20,1838,20,glob_probe,best_in_menu_on_eval,0.0,True,,2234321
dbpedia-entity,35,recalibration,20,1859,20,ad_probe,ad_c(full_target_scalar_reference),0.001819493082694107,True,1.5899496570097664,2235321
dbpedia-entity,35,selection,20,1859,20,glob_probe,best_in_menu_on_eval,0.0,True,,2235321
dbpedia-entity,36,recalibration,20,1886,20,ad_probe,ad_c(full_target_scalar_reference),0.0004993520274373942,True,4.220981707361034,2236321
dbpedia-entity,36,selection,20,1886,20,ad_probe,best_in_menu_on_eval,0.0,True,,2236321
dbpedia-entity,37,recalibration,20,1865,20,ad_probe,ad_c(full_target_scalar_reference),0.0004330030718005251,True,0.6412517813307996,2237321
dbpedia-entity,37,selection,20,1865,20,glob_probe,best_in_menu_on_eval,0.0008863925415528717,True,,2237321
dbpedia-entity,38,recalibration,20,1901,20,ad_probe,ad_c(full_target_scalar_reference),0.0013695575319820352,True,0.4633623351260052,2238321
dbpedia-entity,38,selection,20,1901,20,ad_probe,best_in_menu_on_eval,0.0,True,,2238321
dbpedia-entity,39,recalibration,20,1848,20,ad_probe,ad_c(full_target_scalar_reference),0.0003973078438086475,True,1.3909692193598193,2239321
dbpedia-entity,39,selection,20,1848,20,glob_probe,best_in_menu_on_eval,0.003610279822779533,True,,2239321
dbpedia-entity,40,recalibration,20,1756,20,ad_probe,ad_c(full_target_scalar_reference),0.0015707657642039519,True,0.8611185390199818,2240321
dbpedia-entity,40,selection,20,1756,20,glob_probe,best_in_menu_on_eval,0.0,True,,2240321
dbpedia-entity,41,recalibration,20,1834,20,ad_probe,ad_c(full_target_scalar_reference),0.00016096439801432938,True,3.8724125128863047,2241321
dbpedia-entity,41,selection,20,1834,20,glob_probe,best_in_menu_on_eval,0.004673727694529034,True,,2241321
dbpedia-entity,42,recalibration,20,1805,20,ad_probe,ad_c(full_target_scalar_reference),0.002313707306872831,True,1.406644229256064,2242321
dbpedia-entity,42,selection,20,1805,20,glob_probe,best_in_menu_on_eval,0.012027655713948399,False,,2242321
dbpedia-entity,43,recalibration,20,1796,20,ad_probe,ad_c(full_target_scalar_reference),0.0019651041949533543,True,1.2445559843317824,2243321
dbpedia-entity,43,selection,20,1796,20,ad_probe,best_in_menu_on_eval,0.006396421336811342,True,,2243321
dbpedia-entity,44,recalibration,20,1810,20,ad_probe,ad_c(full_target_scalar_reference),0.0019856405371777575,True,1.4732769467178581,2244321
dbpedia-entity,44,selection,20,1810,20,glob_probe,best_in_menu_on_eval,0.0,True,,2244321
dbpedia-entity,45,recalibration,20,1895,20,ad_probe,ad_c(full_target_scalar_reference),0.0018721975040719152,True,1.1831435509147035,2245321
dbpedia-entity,45,selection,20,1895,20,glob_probe,best_in_menu_on_eval,0.042675200855549156,False,,2245321
dbpedia-entity,46,recalibration,20,1796,20,ad_probe,ad_c(full_target_scalar_reference),4.0745010350451416e-05,True,0.1653022160248856,2246321
dbpedia-entity,46,selection,20,1796,20,glob_probe,best_in_menu_on_eval,0.003450910427048537,True,,2246321
dbpedia-entity,47,recalibration,20,1858,20,ad_probe,ad_c(full_target_scalar_reference),0.0013280079437992254,True,0.8117887634266845,2247321
dbpedia-entity,47,selection,20,1858,20,glob_probe,best_in_menu_on_eval,0.0010050787820346518,True,,2247321
dbpedia-entity,48,recalibration,20,1840,20,ad_probe,ad_c(full_target_scalar_reference),0.00024166250148241475,True,0.49269717130113655,2248321
dbpedia-entity,48,selection,20,1840,20,glob_probe,best_in_menu_on_eval,0.0,True,,2248321
dbpedia-entity,49,recalibration,20,1847,20,ad_probe,ad_c(full_target_scalar_reference),0.0007707421421466742,True,2.1048377561221976,2249321
dbpedia-entity,49,selection,20,1847,20,glob_probe,best_in_menu_on_eval,0.004278506687315553,True,,2249321
dbpedia-entity,0,recalibration,50,4640,50,ad_probe,ad_c(full_target_scalar_reference),0.006584380140965268,False,3.058832498716863,2300030
dbpedia-entity,0,selection,50,4640,50,glob_probe,best_in_menu_on_eval,0.0,True,,2300030
dbpedia-entity,1,recalibration,50,4592,50,ad_probe,ad_c(full_target_scalar_reference),0.0002235837424404974,True,0.1485298541673128,2301030
dbpedia-entity,1,selection,50,4592,50,glob_probe,best_in_menu_on_eval,0.003801529535589404,True,,2301030
dbpedia-entity,2,recalibration,50,4687,50,ad_probe,ad_c(full_target_scalar_reference),0.002501845203791181,True,1.391561798384953,2302030
dbpedia-entity,2,selection,50,4687,50,ad_probe,best_in_menu_on_eval,0.0016970300677711103,True,,2302030
dbpedia-entity,3,recalibration,50,4622,50,ad_probe,ad_c(full_target_scalar_reference),0.001591670668774442,True,0.7097037886037558,2303030
dbpedia-entity,3,selection,50,4622,50,glob_probe,best_in_menu_on_eval,0.0,True,,2303030
dbpedia-entity,4,recalibration,50,4516,50,ad_probe,ad_c(full_target_scalar_reference),0.0001839517846631833,True,3.1058909807613357,2304030
dbpedia-entity,4,selection,50,4516,50,glob_probe,best_in_menu_on_eval,0.00483062020494307,True,,2304030
dbpedia-entity,5,recalibration,50,4432,50,ad_probe,ad_c(full_target_scalar_reference),8.311894829443611e-05,True,0.3652370695102025,2305030
dbpedia-entity,5,selection,50,4432,50,glob_probe,best_in_menu_on_eval,0.0012850177272313024,True,,2305030
dbpedia-entity,6,recalibration,50,4599,50,ad_probe,ad_c(full_target_scalar_reference),0.002163337293805717,True,4.208997443938868,2306030
dbpedia-entity,6,selection,50,4599,50,glob_probe,best_in_menu_on_eval,0.0,True,,2306030
dbpedia-entity,7,recalibration,50,4508,50,ad_probe,ad_c(full_target_scalar_reference),0.0003915645020726721,True,0.4181347671167206,2307030
dbpedia-entity,7,selection,50,4508,50,glob_probe,best_in_menu_on_eval,0.002694193536147471,True,,2307030
dbpedia-entity,8,recalibration,50,4619,50,ad_probe,ad_c(full_target_scalar_reference),0.0025602404495884135,True,1.7544995694468506,2308030
dbpedia-entity,8,selection,50,4619,50,glob_probe,best_in_menu_on_eval,0.0,True,,2308030
dbpedia-entity,9,recalibration,50,4485,50,ad_probe,ad_c(full_target_scalar_reference),0.0017916101168448662,True,1.0432120159923368,2309030
dbpedia-entity,9,selection,50,4485,50,ad_probe,best_in_menu_on_eval,0.007844256063501781,True,,2309030
dbpedia-entity,10,recalibration,50,4510,50,ad_probe,ad_c(full_target_scalar_reference),0.00019037397621701757,True,0.08662587665201649,2310030
dbpedia-entity,10,selection,50,4510,50,glob_probe,best_in_menu_on_eval,0.0,True,,2310030
dbpedia-entity,11,recalibration,50,4578,50,ad_probe,ad_c(full_target_scalar_reference),0.00025370411266054105,True,0.27951879660406753,2311030
dbpedia-entity,11,selection,50,4578,50,glob_probe,best_in_menu_on_eval,0.0,True,,2311030
dbpedia-entity,12,recalibration,50,4636,50,ad_probe,ad_c(full_target_scalar_reference),0.0003906654454716718,True,1.5057512841070366,2312030
dbpedia-entity,12,selection,50,4636,50,glob_probe,best_in_menu_on_eval,0.0,True,,2312030
dbpedia-entity,13,recalibration,50,4570,50,ad_probe,ad_c(full_target_scalar_reference),0.002775594420113936,True,1.4711163602038209,2313030
dbpedia-entity,13,selection,50,4570,50,glob_probe,best_in_menu_on_eval,0.0,True,,2313030
dbpedia-entity,14,recalibration,50,4530,50,ad_probe,ad_c(full_target_scalar_reference),0.0016533978451659381,True,2.515077663969839,2314030
dbpedia-entity,14,selection,50,4530,50,glob_probe,best_in_menu_on_eval,0.0,True,,2314030
dbpedia-entity,15,recalibration,50,4555,50,ad_probe,ad_c(full_target_scalar_reference),1.7006802721070136e-05,True,0.01040724796247261,2315030
dbpedia-entity,15,selection,50,4555,50,glob_probe,best_in_menu_on_eval,0.00440040090349178,True,,2315030
dbpedia-entity,16,recalibration,50,4607,50,ad_probe,ad_c(full_target_scalar_reference),0.0015669642284144303,True,2.757690227293873,2316030
dbpedia-entity,16,selection,50,4607,50,glob_probe,best_in_menu_on_eval,0.0053491576672086705,True,,2316030
dbpedia-entity,17,recalibration,50,4575,50,ad_probe,ad_c(full_target_scalar_reference),0.0017052215604680399,True,2.2475213940662826,2317030
dbpedia-entity,17,selection,50,4575,50,glob_probe,best_in_menu_on_eval,0.002719668021564814,True,,2317030
dbpedia-entity,18,recalibration,50,4543,50,ad_probe,ad_c(full_target_scalar_reference),0.00018933553669359116,True,1.5804121199794547,2318030
dbpedia-entity,18,selection,50,4543,50,glob_probe,best_in_menu_on_eval,0.006828427865297471,True,,2318030
dbpedia-entity,19,recalibration,50,4622,50,ad_probe,ad_c(full_target_scalar_reference),3.1876654830842455e-05,True,1.753586138088858,2319030
dbpedia-entity,19,selection,50,4622,50,glob_probe,best_in_menu_on_eval,0.0,True,,2319030
dbpedia-entity,20,recalibration,50,4653,50,ad_probe,ad_c(full_target_scalar_reference),0.001538603271076383,True,2.184189587413325,2320030
dbpedia-entity,20,selection,50,4653,50,glob_probe,best_in_menu_on_eval,0.006473171842706071,True,,2320030
dbpedia-entity,21,recalibration,50,4577,50,ad_probe,ad_c(full_target_scalar_reference),0.0014556163653783316,True,0.9453286457673382,2321030
dbpedia-entity,21,selection,50,4577,50,glob_probe,best_in_menu_on_eval,0.004239209278098094,True,,2321030
dbpedia-entity,22,recalibration,50,4704,50,ad_probe,ad_c(full_target_scalar_reference),3.9818208913189324e-05,True,1.4007347495086844,2322030
dbpedia-entity,22,selection,50,4704,50,glob_probe,best_in_menu_on_eval,0.0023462922180204904,True,,2322030
dbpedia-entity,23,recalibration,50,4521,50,ad_probe,ad_c(full_target_scalar_reference),8.82669200447661e-05,True,0.1861567531224484,2323030
dbpedia-entity,23,selection,50,4521,50,glob_probe,best_in_menu_on_eval,0.001629937557075245,True,,2323030
dbpedia-entity,24,recalibration,50,4483,50,ad_probe,ad_c(full_target_scalar_reference),0.0006471503473498563,True,0.38933545184662854,2324030
dbpedia-entity,24,selection,50,4483,50,glob_probe,best_in_menu_on_eval,0.0012373015708096458,True,,2324030
dbpedia-entity,25,recalibration,50,4568,50,ad_probe,ad_c(full_target_scalar_reference),0.0014338355769993039,True,1.1871084369027365,2325030
dbpedia-entity,25,selection,50,4568,50,glob_probe,best_in_menu_on_eval,0.002050251193193381,True,,2325030
dbpedia-entity,26,recalibration,50,4677,50,ad_probe,ad_c(full_target_scalar_reference),0.003349976384743575,True,1.6839109211560217,2326030
dbpedia-entity,26,selection,50,4677,50,glob_probe,best_in_menu_on_eval,0.0,True,,2326030
dbpedia-entity,27,recalibration,50,4576,50,ad_probe,ad_c(full_target_scalar_reference),0.003886319845823216,True,2.109171694949948,2327030
dbpedia-entity,27,selection,50,4576,50,ad_probe,best_in_menu_on_eval,0.0,True,,2327030
dbpedia-entity,28,recalibration,50,4522,50,ad_probe,ad_c(full_target_scalar_reference),0.00030178260050200967,True,0.5566665477142383,2328030
dbpedia-entity,28,selection,50,4522,50,glob_probe,best_in_menu_on_eval,0.0,True,,2328030
dbpedia-entity,29,recalibration,50,4445,50,ad_probe,ad_c(full_target_scalar_reference),0.0013882017432517157,True,0.9223663340646819,2329030
dbpedia-entity,29,selection,50,4445,50,glob_probe,best_in_menu_on_eval,0.0,True,,2329030
dbpedia-entity,30,recalibration,50,4603,50,ad_probe,ad_c(full_target_scalar_reference),0.002027774262470944,True,1.4803671167920864,2330030
dbpedia-entity,30,selection,50,4603,50,glob_probe,best_in_menu_on_eval,0.0,True,,2330030
dbpedia-entity,31,recalibration,50,4411,50,ad_probe,ad_c(full_target_scalar_reference),6.838718534940558e-05,True,0.5775981859201753,2331030
dbpedia-entity,31,selection,50,4411,50,glob_probe,best_in_menu_on_eval,0.004449541786699762,True,,2331030
dbpedia-entity,32,recalibration,50,4338,50,ad_probe,ad_c(full_target_scalar_reference),0.0029512456947568544,True,1.702596573112852,2332030
dbpedia-entity,32,selection,50,4338,50,glob_probe,best_in_menu_on_eval,0.0009295575862975081,True,,2332030
dbpedia-entity,33,recalibration,50,4517,50,ad_probe,ad_c(full_target_scalar_reference),0.0016375488734519938,True,2.800498308608086,2333030
dbpedia-entity,33,selection,50,4517,50,glob_probe,best_in_menu_on_eval,0.0,True,,2333030
dbpedia-entity,34,recalibration,50,4529,50,ad_probe,ad_c(full_target_scalar_reference),0.00047728221563062,True,0.8322015423469029,2334030
dbpedia-entity,34,selection,50,4529,50,glob_probe,best_in_menu_on_eval,0.004028906436445656,True,,2334030
dbpedia-entity,35,recalibration,50,4540,50,ad_probe,ad_c(full_target_scalar_reference),0.0008237756689441489,True,0.6674922049569769,2335030
dbpedia-entity,35,selection,50,4540,50,glob_probe,best_in_menu_on_eval,0.006033799361887832,True,,2335030
dbpedia-entity,36,recalibration,50,4559,50,ad_probe,ad_c(full_target_scalar_reference),4.3029405173672375e-05,True,0.27787507424357116,2336030
dbpedia-entity,36,selection,50,4559,50,glob_probe,best_in_menu_on_eval,0.0015791664824526819,True,,2336030
dbpedia-entity,37,recalibration,50,4514,50,ad_probe,ad_c(full_target_scalar_reference),0.00022914194409751065,True,0.20807033638587846,2337030
dbpedia-entity,37,selection,50,4514,50,glob_probe,best_in_menu_on_eval,0.0041364421086971526,True,,2337030
dbpedia-entity,38,recalibration,50,4519,50,ad_probe,ad_c(full_target_scalar_reference),0.0025744089427695294,True,1.1018380298245694,2338030
dbpedia-entity,38,selection,50,4519,50,glob_probe,best_in_menu_on_eval,0.015552762156291783,False,,2338030
dbpedia-entity,39,recalibration,50,4607,50,ad_probe,ad_c(full_target_scalar_reference),9.767544770877823e-05,True,1.4377284820353697,2339030
dbpedia-entity,39,selection,50,4607,50,glob_probe,best_in_menu_on_eval,0.004353152176303776,True,,2339030
dbpedia-entity,40,recalibration,50,4723,50,ad_probe,ad_c(full_target_scalar_reference),0.00014726379285182056,True,0.19006656286166113,2340030
dbpedia-entity,40,selection,50,4723,50,glob_probe,best_in_menu_on_eval,0.0,True,,2340030
dbpedia-entity,41,recalibration,50,4407,50,ad_probe,ad_c(full_target_scalar_reference),0.0013107207307777036,True,1.1125203610512777,2341030
dbpedia-entity,41,selection,50,4407,50,ad_probe,best_in_menu_on_eval,0.0060990021258541804,True,,2341030
dbpedia-entity,42,recalibration,50,4582,50,ad_probe,ad_c(full_target_scalar_reference),0.0007919000772882434,True,0.9032019672517837,2342030
dbpedia-entity,42,selection,50,4582,50,glob_probe,best_in_menu_on_eval,0.0037656236144939514,True,,2342030
dbpedia-entity,43,recalibration,50,4579,50,ad_probe,ad_c(full_target_scalar_reference),0.0009266074147467052,True,0.5017370501089449,2343030
dbpedia-entity,43,selection,50,4579,50,glob_probe,best_in_menu_on_eval,0.0,True,,2343030
dbpedia-entity,44,recalibration,50,4559,50,ad_probe,ad_c(full_target_scalar_reference),0.0014101515573607393,True,1.3548945908435623,2344030
dbpedia-entity,44,selection,50,4559,50,glob_probe,best_in_menu_on_eval,0.0,True,,2344030
dbpedia-entity,45,recalibration,50,4389,50,ad_probe,ad_c(full_target_scalar_reference),0.0008633366711908175,True,3.4768905752443526,2345030
dbpedia-entity,45,selection,50,4389,50,glob_probe,best_in_menu_on_eval,0.0,True,,2345030
dbpedia-entity,46,recalibration,50,4727,50,ad_probe,ad_c(full_target_scalar_reference),0.001332773279207472,True,1.2490077553342003,2346030
dbpedia-entity,46,selection,50,4727,50,glob_probe,best_in_menu_on_eval,0.0002575113937484663,True,,2346030
dbpedia-entity,47,recalibration,50,4522,50,ad_probe,ad_c(full_target_scalar_reference),8.716455593921202e-05,True,0.0633035218763549,2347030
dbpedia-entity,47,selection,50,4522,50,glob_probe,best_in_menu_on_eval,0.004090694153870311,True,,2347030
dbpedia-entity,48,recalibration,50,4500,50,ad_probe,ad_c(full_target_scalar_reference),6.698297030560685e-05,True,0.10484023057070324,2348030
dbpedia-entity,48,selection,50,4500,50,glob_probe,best_in_menu_on_eval,0.0,True,,2348030
dbpedia-entity,49,recalibration,50,4469,50,ad_probe,ad_c(full_target_scalar_reference),0.001400512746779381,True,1.4447225592241555,2349030
dbpedia-entity,49,selection,50,4469,50,glob_probe,best_in_menu_on_eval,0.0,True,,2349030
dbpedia-entity,0,recalibration,100,9136,100,ad_probe,ad_c(full_target_scalar_reference),0.0007186531316904499,True,0.567583689967563,2400083
dbpedia-entity,0,selection,100,9136,100,glob_probe,best_in_menu_on_eval,0.004531017649565955,True,,2400083
dbpedia-entity,1,recalibration,100,9113,100,ad_probe,ad_c(full_target_scalar_reference),0.00014729140511435257,True,0.10499795069110895,2401083
dbpedia-entity,1,selection,100,9113,100,glob_probe,best_in_menu_on_eval,0.0,True,,2401083
dbpedia-entity,2,recalibration,100,9071,100,ad_probe,ad_c(full_target_scalar_reference),0.000838129696746015,True,0.4181347671167206,2402083
dbpedia-entity,2,selection,100,9071,100,glob_probe,best_in_menu_on_eval,0.0,True,,2402083
dbpedia-entity,3,recalibration,100,9019,100,ad_probe,ad_c(full_target_scalar_reference),0.001963298171583777,True,0.9675193805395663,2403083
dbpedia-entity,3,selection,100,9019,100,glob_probe,best_in_menu_on_eval,0.0,True,,2403083
dbpedia-entity,4,recalibration,100,9046,100,ad_probe,ad_c(full_target_scalar_reference),0.0012925054975892192,True,0.5460368639944875,2404083
dbpedia-entity,4,selection,100,9046,100,glob_probe,best_in_menu_on_eval,0.003052429915746918,True,,2404083
dbpedia-entity,5,recalibration,100,9028,100,ad_probe,ad_c(full_target_scalar_reference),0.001520508688177491,True,1.0727608744083152,2405083
dbpedia-entity,5,selection,100,9028,100,glob_probe,best_in_menu_on_eval,0.0020672991695594167,True,,2405083
dbpedia-entity,6,recalibration,100,8887,100,ad_probe,ad_c(full_target_scalar_reference),0.000489959900282777,True,0.47528232529262304,2406083
dbpedia-entity,6,selection,100,8887,100,glob_probe,best_in_menu_on_eval,0.0,True,,2406083
dbpedia-entity,7,recalibration,100,9100,100,ad_probe,ad_c(full_target_scalar_reference),0.0012244225571289291,True,0.5017370501089449,2407083
dbpedia-entity,7,selection,100,9100,100,glob_probe,best_in_menu_on_eval,0.0,True,,2407083
dbpedia-entity,8,recalibration,100,9232,100,ad_probe,ad_c(full_target_scalar_reference),0.0007401570327016382,True,1.0954118469161376,2408083
dbpedia-entity,8,selection,100,9232,100,glob_probe,best_in_menu_on_eval,0.0,True,,2408083
dbpedia-entity,9,recalibration,100,9069,100,ad_probe,ad_c(full_target_scalar_reference),0.0005369173395206039,True,0.36200686144286465,2409083
dbpedia-entity,9,selection,100,9069,100,glob_probe,best_in_menu_on_eval,0.0,True,,2409083
dbpedia-entity,10,recalibration,100,8982,100,ad_probe,ad_c(full_target_scalar_reference),6.33438160045352e-05,True,0.23288925987733755,2410083
dbpedia-entity,10,selection,100,8982,100,glob_probe,best_in_menu_on_eval,0.0,True,,2410083
dbpedia-entity,11,recalibration,100,9072,100,ad_probe,ad_c(full_target_scalar_reference),0.0003391696408940048,True,0.7545402662377008,2411083
dbpedia-entity,11,selection,100,9072,100,glob_probe,best_in_menu_on_eval,0.004733471452819965,True,,2411083
dbpedia-entity,12,recalibration,100,9189,100,ad_probe,ad_c(full_target_scalar_reference),3.335526460035432e-05,True,0.09105380781342198,2412083
dbpedia-entity,12,selection,100,9189,100,glob_probe,best_in_menu_on_eval,0.0,True,,2412083
dbpedia-entity,13,recalibration,100,9136,100,ad_probe,ad_c(full_target_scalar_reference),0.0028122542084269286,True,1.212692409330681,2413083
dbpedia-entity,13,selection,100,9136,100,glob_probe,best_in_menu_on_eval,0.01695472911457277,False,,2413083
dbpedia-entity,14,recalibration,100,9118,100,ad_probe,ad_c(full_target_scalar_reference),0.0012272081814992952,True,0.988415063836591,2414083
dbpedia-entity,14,selection,100,9118,100,glob_probe,best_in_menu_on_eval,0.0,True,,2414083
dbpedia-entity,15,recalibration,100,9212,100,ad_probe,ad_c(full_target_scalar_reference),0.0016335957127436018,True,1.496625555558154,2415083
dbpedia-entity,15,selection,100,9212,100,glob_probe,best_in_menu_on_eval,0.0,True,,2415083
dbpedia-entity,16,recalibration,100,8998,100,ad_probe,ad_c(full_target_scalar_reference),0.0027142967201316814,True,1.5948752705841676,2416083
dbpedia-entity,16,selection,100,8998,100,glob_probe,best_in_menu_on_eval,0.0,True,,2416083
dbpedia-entity,17,recalibration,100,9301,100,ad_probe,ad_c(full_target_scalar_reference),0.0007209616404406649,True,0.44109820532143296,2417083
dbpedia-entity,17,selection,100,9301,100,glob_probe,best_in_menu_on_eval,0.0,True,,2417083
dbpedia-entity,18,recalibration,100,9177,100,ad_probe,ad_c(full_target_scalar_reference),4.7388689248889504e-05,True,0.24504684511693675,2418083
dbpedia-entity,18,selection,100,9177,100,glob_probe,best_in_menu_on_eval,0.0,True,,2418083
dbpedia-entity,19,recalibration,100,9237,100,ad_probe,ad_c(full_target_scalar_reference),0.00021161147396603353,True,0.22809128476504803,2419083
dbpedia-entity,19,selection,100,9237,100,glob_probe,best_in_menu_on_eval,0.0,True,,2419083
dbpedia-entity,20,recalibration,100,8957,100,ad_probe,ad_c(full_target_scalar_reference),0.0018006734028025162,True,1.108408241577953,2420083
dbpedia-entity,20,selection,100,8957,100,glob_probe,best_in_menu_on_eval,0.0,True,,2420083
dbpedia-entity,21,recalibration,100,9183,100,ad_probe,ad_c(full_target_scalar_reference),6.0837437280275575e-05,True,0.01800377352421556,2421083
dbpedia-entity,21,selection,100,9183,100,glob_probe,best_in_menu_on_eval,0.0,True,,2421083
dbpedia-entity,22,recalibration,100,9219,100,ad_probe,ad_c(full_target_scalar_reference),0.0007178619092777505,True,2.6196193301529966,2422083
dbpedia-entity,22,selection,100,9219,100,glob_probe,best_in_menu_on_eval,0.0,True,,2422083
dbpedia-entity,23,recalibration,100,9164,100,ad_probe,ad_c(full_target_scalar_reference),0.0004126487076565877,True,1.5949416300509434,2423083
dbpedia-entity,23,selection,100,9164,100,glob_probe,best_in_menu_on_eval,0.0,True,,2423083
dbpedia-entity,24,recalibration,100,9032,100,ad_probe,ad_c(full_target_scalar_reference),0.00025267127792474864,True,0.8289799019142148,2424083
dbpedia-entity,24,selection,100,9032,100,glob_probe,best_in_menu_on_eval,0.004436786449556418,True,,2424083
dbpedia-entity,25,recalibration,100,9113,100,ad_probe,ad_c(full_target_scalar_reference),0.0014413821410542427,True,0.6511570642517679,2425083
dbpedia-entity,25,selection,100,9113,100,glob_probe,best_in_menu_on_eval,0.0004536503466892883,True,,2425083
dbpedia-entity,26,recalibration,100,9006,100,ad_probe,ad_c(full_target_scalar_reference),0.001323536712259571,True,0.7648576479995608,2426083
dbpedia-entity,26,selection,100,9006,100,glob_probe,best_in_menu_on_eval,0.0,True,,2426083
dbpedia-entity,27,recalibration,100,9221,100,ad_probe,ad_c(full_target_scalar_reference),0.001029345817782995,True,0.658831944438953,2427083
dbpedia-entity,27,selection,100,9221,100,glob_probe,best_in_menu_on_eval,0.0,True,,2427083
dbpedia-entity,28,recalibration,100,9009,100,ad_probe,ad_c(full_target_scalar_reference),6.063381216292463e-05,True,0.17851169148060642,2428083
dbpedia-entity,28,selection,100,9009,100,glob_probe,best_in_menu_on_eval,0.005822672179284477,True,,2428083
dbpedia-entity,29,recalibration,100,9127,100,ad_probe,ad_c(full_target_scalar_reference),0.000777214009741567,True,0.5424056743393084,2429083
dbpedia-entity,29,selection,100,9127,100,glob_probe,best_in_menu_on_eval,0.0,True,,2429083
dbpedia-entity,30,recalibration,100,9006,100,ad_probe,ad_c(full_target_scalar_reference),0.0019878617432833035,True,0.9453286457673382,2430083
dbpedia-entity,30,selection,100,9006,100,glob_probe,best_in_menu_on_eval,0.006619486424861848,True,,2430083
dbpedia-entity,31,recalibration,100,9333,100,ad_probe,ad_c(full_target_scalar_reference),0.0024924052547531383,True,0.9781125869931735,2431083
dbpedia-entity,31,selection,100,9333,100,glob_probe,best_in_menu_on_eval,0.0,True,,2431083
dbpedia-entity,32,recalibration,100,8972,100,ad_probe,ad_c(full_target_scalar_reference),0.0004170336479282222,True,0.35186046913938007,2432083
dbpedia-entity,32,selection,100,8972,100,glob_probe,best_in_menu_on_eval,0.0,True,,2432083
dbpedia-entity,33,recalibration,100,9264,100,ad_probe,ad_c(full_target_scalar_reference),0.0015393837872658966,True,0.4624270018095338,2433083
dbpedia-entity,33,selection,100,9264,100,glob_probe,best_in_menu_on_eval,0.0,True,,2433083
dbpedia-entity,34,recalibration,100,9158,100,ad_probe,ad_c(full_target_scalar_reference),0.0016626231609989939,True,1.3374982155369164,2434083
dbpedia-entity,34,selection,100,9158,100,glob_probe,best_in_menu_on_eval,0.0005642596604585881,True,,2434083
dbpedia-entity,35,recalibration,100,9195,100,ad_probe,ad_c(full_target_scalar_reference),0.0006135074852449129,True,0.41468898882822103,2435083
dbpedia-entity,35,selection,100,9195,100,glob_probe,best_in_menu_on_eval,0.0,True,,2435083
dbpedia-entity,36,recalibration,100,9194,100,ad_probe,ad_c(full_target_scalar_reference),0.0017255323722222826,True,0.8664567637892855,2436083
dbpedia-entity,36,selection,100,9194,100,glob_probe,best_in_menu_on_eval,0.0,True,,2436083
dbpedia-entity,37,recalibration,100,9011,100,ad_probe,ad_c(full_target_scalar_reference),0.0013217885539272278,True,1.3295560680415246,2437083
dbpedia-entity,37,selection,100,9011,100,glob_probe,best_in_menu_on_eval,0.0029539194561700732,True,,2437083
dbpedia-entity,38,recalibration,100,9440,100,ad_probe,ad_c(full_target_scalar_reference),0.0001012706054781265,True,0.20807033638587846,2438083
dbpedia-entity,38,selection,100,9440,100,glob_probe,best_in_menu_on_eval,0.0,True,,2438083
dbpedia-entity,39,recalibration,100,9090,100,ad_probe,ad_c(full_target_scalar_reference),0.00017425352459762844,True,1.3142181818576315,2439083
dbpedia-entity,39,selection,100,9090,100,glob_probe,best_in_menu_on_eval,0.0,True,,2439083
dbpedia-entity,40,recalibration,100,8998,100,ad_probe,ad_c(full_target_scalar_reference),0.0009257277536377784,True,0.44978036151346323,2440083
dbpedia-entity,40,selection,100,8998,100,glob_probe,best_in_menu_on_eval,0.0,True,,2440083
dbpedia-entity,41,recalibration,100,9022,100,ad_probe,ad_c(full_target_scalar_reference),0.0014056522331523102,True,1.0361312063469814,2441083
dbpedia-entity,41,selection,100,9022,100,glob_probe,best_in_menu_on_eval,0.0026728804304262666,True,,2441083
dbpedia-entity,42,recalibration,100,9071,100,ad_probe,ad_c(full_target_scalar_reference),0.0006083763949090437,True,0.1977116245035031,2442083
dbpedia-entity,42,selection,100,9071,100,glob_probe,best_in_menu_on_eval,0.0,True,,2442083
dbpedia-entity,43,recalibration,100,9156,100,ad_probe,ad_c(full_target_scalar_reference),0.0014828820154139943,True,0.4793825621614225,2443083
dbpedia-entity,43,selection,100,9156,100,ad_probe,best_in_menu_on_eval,0.0077689633304459105,True,,2443083
dbpedia-entity,44,recalibration,100,9300,100,ad_probe,ad_c(full_target_scalar_reference),0.0009711682817733769,True,0.5513794773031879,2444083
dbpedia-entity,44,selection,100,9300,100,ad_probe,best_in_menu_on_eval,0.00031659207996559413,True,,2444083
dbpedia-entity,45,recalibration,100,9118,100,ad_probe,ad_c(full_target_scalar_reference),1.1737089201852013e-05,True,0.007645061641841977,2445083
dbpedia-entity,45,selection,100,9118,100,glob_probe,best_in_menu_on_eval,0.0,True,,2445083
dbpedia-entity,46,recalibration,100,8955,100,ad_probe,ad_c(full_target_scalar_reference),0.0016827149736784175,True,0.988415063836591,2446083
dbpedia-entity,46,selection,100,8955,100,glob_probe,best_in_menu_on_eval,0.0,True,,2446083
dbpedia-entity,47,recalibration,100,9231,100,ad_probe,ad_c(full_target_scalar_reference),2.0915289255518665e-05,True,0.17890951442885772,2447083
dbpedia-entity,47,selection,100,9231,100,glob_probe,best_in_menu_on_eval,0.0,True,,2447083
dbpedia-entity,48,recalibration,100,9154,100,ad_probe,ad_c(full_target_scalar_reference),0.0015491148305626368,True,0.9572989648033516,2448083
dbpedia-entity,48,selection,100,9154,100,glob_probe,best_in_menu_on_eval,0.0,True,,2448083
dbpedia-entity,49,recalibration,100,9026,100,ad_probe,ad_c(full_target_scalar_reference),9.406641504669522e-05,True,0.3407342970979972,2449083
dbpedia-entity,49,selection,100,9026,100,glob_probe,best_in_menu_on_eval,0.0,True,,2449083
nfcorpus,0,recalibration,5,445,5,ad_probe,ad_c(full_target_scalar_reference),0.0005980310369404218,True,17.287675713991533,2000372
nfcorpus,0,selection,5,445,5,glob_probe,best_in_menu_on_eval,0.005995264541385048,True,,2000372
nfcorpus,1,recalibration,5,399,5,ad_probe,ad_c(full_target_scalar_reference),0.012833304919242783,False,9.039689614314788,2001372
nfcorpus,1,selection,5,399,5,glob_probe,best_in_menu_on_eval,0.0,True,,2001372
nfcorpus,2,recalibration,5,417,5,ad_probe,ad_c(full_target_scalar_reference),0.013629314695791261,False,9.148343100818021,2002372
nfcorpus,2,selection,5,417,5,trunc,best_in_menu_on_eval,0.01304854667680358,False,,2002372
nfcorpus,3,recalibration,5,450,5,ad_probe,ad_c(full_target_scalar_reference),0.01359525419864957,False,9.153990642089672,2003372
nfcorpus,3,selection,5,450,5,glob_probe,best_in_menu_on_eval,0.0,True,,2003372
nfcorpus,4,recalibration,5,461,5,ad_probe,ad_c(full_target_scalar_reference),0.00037012619926038437,True,0.47201671071900897,2004372
nfcorpus,4,selection,5,461,5,ad_probe,best_in_menu_on_eval,0.0,True,,2004372
nfcorpus,5,recalibration,5,438,5,ad_probe,ad_c(full_target_scalar_reference),0.01661851219541635,False,9.482140284673338,2005372
nfcorpus,5,selection,5,438,5,glob_probe,best_in_menu_on_eval,0.0,True,,2005372
nfcorpus,6,recalibration,5,490,5,ad_probe,ad_c(full_target_scalar_reference),0.01747032116848493,False,9.857999573724536,2006372
nfcorpus,6,selection,5,490,5,glob_probe,best_in_menu_on_eval,0.0,True,,2006372
nfcorpus,7,recalibration,5,403,5,ad_probe,ad_c(full_target_scalar_reference),0.0003962358529114307,True,8.835290155688336,2007372
nfcorpus,7,selection,5,403,5,glob_probe,best_in_menu_on_eval,0.0003367231420657313,True,,2007372
nfcorpus,8,recalibration,5,462,5,ad_probe,ad_c(full_target_scalar_reference),0.0112419317010658,False,8.478543712959251,2008372
nfcorpus,8,selection,5,462,5,trunc,best_in_menu_on_eval,0.027003610109630455,False,,2008372
nfcorpus,9,recalibration,5,424,5,ad_probe,ad_c(full_target_scalar_reference),0.005149165272546302,False,4.297178220412087,2009372
nfcorpus,9,selection,5,424,5,ad_probe,best_in_menu_on_eval,0.0024013901754570133,True,,2009372
nfcorpus,10,recalibration,5,427,5,ad_probe,ad_c(full_target_scalar_reference),0.015373936325136922,False,9.26692429931258,2010372
nfcorpus,10,selection,5,427,5,glob_probe,best_in_menu_on_eval,0.006250602947402012,True,,2010372
nfcorpus,11,recalibration,5,449,5,ad_probe,ad_c(full_target_scalar_reference),0.011626374602468265,False,8.679241003125124,2011372
nfcorpus,11,selection,5,449,5,glob_probe,best_in_menu_on_eval,0.009155416602504185,True,,2011372
nfcorpus,12,recalibration,5,386,5,ad_probe,ad_c(full_target_scalar_reference),0.0013286429475097838,True,4.224665323350484,2012372
nfcorpus,12,selection,5,386,5,glob_probe,best_in_menu_on_eval,0.0013117795077027261,True,,2012372
nfcorpus,13,recalibration,5,467,5,ad_probe,ad_c(full_target_scalar_reference),0.013723864942289637,False,8.905131911926883,2013372
nfcorpus,13,selection,5,467,5,glob_probe,best_in_menu_on_eval,0.0,True,,2013372
nfcorpus,14,recalibration,5,439,5,ad_probe,ad_c(full_target_scalar_reference),0.0034448347519815403,True,3.9495000530100786,2014372
nfcorpus,14,selection,5,439,5,trunc,best_in_menu_on_eval,0.028435242588991966,False,,2014372
nfcorpus,15,recalibration,5,435,5,ad_probe,ad_c(full_target_scalar_reference),0.010087444837972304,False,7.207931838736054,2015372
nfcorpus,15,selection,5,435,5,glob_probe,best_in_menu_on_eval,0.0,True,,2015372
nfcorpus,16,recalibration,5,400,5,ad_probe,ad_c(full_target_scalar_reference),0.0025117944066819498,True,2.7333793520999308,2016372
nfcorpus,16,selection,5,400,5,glob_probe,best_in_menu_on_eval,0.0,True,,2016372
nfcorpus,17,recalibration,5,497,5,ad_probe,ad_c(full_target_scalar_reference),0.0009033869633691127,True,1.7940521175815913,2017372
nfcorpus,17,selection,5,497,5,glob_probe,best_in_menu_on_eval,0.0017440857794812636,True,,2017372
nfcorpus,18,recalibration,5,449,5,ad_probe,ad_c(full_target_scalar_reference),0.002164282227291453,True,47.43847093962103,2018372
nfcorpus,18,selection,5,449,5,ad_probe,best_in_menu_on_eval,0.0019238461242753746,True,,2018372
nfcorpus,19,recalibration,5,421,5,ad_probe,ad_c(full_target_scalar_reference),0.005094178211092093,False,4.297178220412087,2019372
nfcorpus,19,selection,5,421,5,glob_probe,best_in_menu_on_eval,0.011146406848072388,False,,2019372
nfcorpus,20,recalibration,5,475,5,ad_probe,ad_c(full_target_scalar_reference),0.0010880738916036192,True,25.34784365811052,2020372
nfcorpus,20,selection,5,475,5,ad_probe,best_in_menu_on_eval,0.0,True,,2020372
nfcorpus,21,recalibration,5,404,5,ad_probe,ad_c(full_target_scalar_reference),0.009831909544747525,False,8.43822043308508,2021372
nfcorpus,21,selection,5,404,5,trunc,best_in_menu_on_eval,0.028251617518238042,False,,2021372
nfcorpus,22,recalibration,5,420,5,ad_probe,ad_c(full_target_scalar_reference),0.006720888840545253,False,5.867538632084067,2022372
nfcorpus,22,selection,5,420,5,glob_probe,best_in_menu_on_eval,0.0,True,,2022372
nfcorpus,23,recalibration,5,410,5,ad_probe,ad_c(full_target_scalar_reference),0.01124344796002047,False,7.679620386661153,2023372
nfcorpus,23,selection,5,410,5,trunc,best_in_menu_on_eval,0.017073996067730135,False,,2023372
nfcorpus,24,recalibration,5,417,5,ad_probe,ad_c(full_target_scalar_reference),0.0013802238337681239,True,15.368448082433462,2024372
nfcorpus,24,selection,5,417,5,ad_probe,best_in_menu_on_eval,0.0008377943240631402,True,,2024372
nfcorpus,25,recalibration,5,412,5,ad_probe,ad_c(full_target_scalar_reference),0.0006522995198507131,True,20.0220988231733,2025372
nfcorpus,25,selection,5,412,5,trunc,best_in_menu_on_eval,0.027423087730748252,False,,2025372
nfcorpus,26,recalibration,5,415,5,ad_probe,ad_c(full_target_scalar_reference),0.009703481080264698,False,7.087820595936752,2026372
nfcorpus,26,selection,5,415,5,glob_probe,best_in_menu_on_eval,0.003701029597450639,True,,2026372
nfcorpus,27,recalibration,5,459,5,ad_probe,ad_c(full_target_scalar_reference),0.008114516916554959,False,6.570176001119261,2027372
nfcorpus,27,selection,5,459,5,ad_probe,best_in_menu_on_eval,0.0,True,,2027372
nfcorpus,28,recalibration,5,432,5,ad_probe,ad_c(full_target_scalar_reference),0.0014385218622155749,True,0.8133178387424476,2028372
nfcorpus,28,selection,5,432,5,trunc,best_in_menu_on_eval,0.026254501587445217,False,,2028372
nfcorpus,29,recalibration,5,461,5,ad_probe,ad_c(full_target_scalar_reference),0.011883337629198909,False,8.034762216558526,2029372
nfcorpus,29,selection,5,461,5,ad_probe,best_in_menu_on_eval,0.011314309747209317,False,,2029372
nfcorpus,30,recalibration,5,457,5,ad_probe,ad_c(full_target_scalar_reference),0.0017137009430892858,True,2.7027116628525274,2030372
nfcorpus,30,selection,5,457,5,trunc,best_in_menu_on_eval,0.026570469732205365,False,,2030372
nfcorpus,31,recalibration,5,466,5,ad_probe,ad_c(full_target_scalar_reference),0.00989438031537379,False,6.97575169233708,2031372
nfcorpus,31,selection,5,466,5,glob_probe,best_in_menu_on_eval,0.0,True,,2031372
nfcorpus,32,recalibration,5,397,5,ad_probe,ad_c(full_target_scalar_reference),0.0025905070605478364,True,2.660001934411417,2032372
nfcorpus,32,selection,5,397,5,ad_probe,best_in_menu_on_eval,0.0,True,,2032372
nfcorpus,33,recalibration,5,440,5,ad_probe,ad_c(full_target_scalar_reference),0.0005501934741822256,True,0.6336635510561983,2033372
nfcorpus,33,selection,5,440,5,glob_probe,best_in_menu_on_eval,0.0,True,,2033372
nfcorpus,34,recalibration,5,498,5,ad_probe,ad_c(full_target_scalar_reference),0.0027321111620197402,True,2.052778513665409,2034372
nfcorpus,34,selection,5,498,5,glob_probe,best_in_menu_on_eval,0.037907977945527235,False,,2034372
nfcorpus,35,recalibration,5,419,5,ad_probe,ad_c(full_target_scalar_reference),0.0021454043967271963,True,5.97334066249889,2035372
nfcorpus,35,selection,5,419,5,glob_probe,best_in_menu_on_eval,0.0,True,,2035372
nfcorpus,36,recalibration,5,416,5,ad_probe,ad_c(full_target_scalar_reference),0.0002800282730520409,True,24.524689756732784,2036372
nfcorpus,36,selection,5,416,5,ad_probe,best_in_menu_on_eval,0.0,True,,2036372
nfcorpus,37,recalibration,5,488,5,ad_probe,ad_c(full_target_scalar_reference),0.0021274025384312722,True,5.469029275094508,2037372
nfcorpus,37,selection,5,488,5,glob_probe,best_in_menu_on_eval,0.000581728523592312,True,,2037372
nfcorpus,38,recalibration,5,445,5,ad_probe,ad_c(full_target_scalar_reference),0.0056815953946345865,False,4.560108633629277,2038372
nfcorpus,38,selection,5,445,5,ad_probe,best_in_menu_on_eval,0.0028998187957066657,True,,2038372
nfcorpus,39,recalibration,5,453,5,ad_probe,ad_c(full_target_scalar_reference),0.0050764163242489335,False,4.36883657689466,2039372
nfcorpus,39,selection,5,453,5,glob_probe,best_in_menu_on_eval,0.030321223767346417,False,,2039372
nfcorpus,40,recalibration,5,423,5,ad_probe,ad_c(full_target_scalar_reference),0.008476975362775557,False,7.422568834274933,2040372
nfcorpus,40,selection,5,423,5,glob_probe,best_in_menu_on_eval,0.004543547332047343,True,,2040372
nfcorpus,41,recalibration,5,439,5,ad_probe,ad_c(full_target_scalar_reference),0.007044097714548003,False,6.20449788893447,2041372
nfcorpus,41,selection,5,439,5,glob_probe,best_in_menu_on_eval,0.0,True,,2041372
nfcorpus,42,recalibration,5,455,5,ad_probe,ad_c(full_target_scalar_reference),0.006843225764601141,False,5.909414217407387,2042372
nfcorpus,42,selection,5,455,5,glob_probe,best_in_menu_on_eval,0.0,True,,2042372
nfcorpus,43,recalibration,5,388,5,ad_probe,ad_c(full_target_scalar_reference),0.0023218205876428255,True,5.22782473096907,2043372
nfcorpus,43,selection,5,388,5,ad_probe,best_in_menu_on_eval,0.0017460719830422744,True,,2043372
nfcorpus,44,recalibration,5,438,5,ad_probe,ad_c(full_target_scalar_reference),0.000602414738124446,True,3.987046524414131,2044372
nfcorpus,44,selection,5,438,5,glob_probe,best_in_menu_on_eval,0.006526811786786824,True,,2044372
nfcorpus,45,recalibration,5,352,5,ad_probe,ad_c(full_target_scalar_reference),0.0015259931938734206,True,16.73614702626059,2045372
nfcorpus,45,selection,5,352,5,ad_probe,best_in_menu_on_eval,0.0007897736201060435,True,,2045372
nfcorpus,46,recalibration,5,345,5,ad_probe,ad_c(full_target_scalar_reference),0.005470909904083943,False,4.642022214130954,2046372
nfcorpus,46,selection,5,345,5,glob_probe,best_in_menu_on_eval,0.0,True,,2046372
nfcorpus,47,recalibration,5,370,5,ad_probe,ad_c(full_target_scalar_reference),0.009645630360509388,False,7.411072849570224,2047372
nfcorpus,47,selection,5,370,5,ad_probe,best_in_menu_on_eval,0.009310654488162762,True,,2047372
nfcorpus,48,recalibration,5,447,5,ad_probe,ad_c(full_target_scalar_reference),0.008068825018434145,False,6.69068279092204,2048372
nfcorpus,48,selection,5,447,5,glob_probe,best_in_menu_on_eval,0.0,True,,2048372
nfcorpus,49,recalibration,5,432,5,ad_probe,ad_c(full_target_scalar_reference),0.0069474810044713176,False,6.20449788893447,2049372
nfcorpus,49,selection,5,432,5,glob_probe,best_in_menu_on_eval,0.0,True,,2049372
nfcorpus,0,recalibration,10,879,10,ad_probe,ad_c(full_target_scalar_reference),0.010154586697954854,False,7.53335594638647,733
nfcorpus,0,selection,10,879,10,glob_probe,best_in_menu_on_eval,0.0,True,,733
nfcorpus,1,recalibration,10,889,10,ad_probe,ad_c(full_target_scalar_reference),0.00040188276308320003,True,0.3432833918021334,1733
nfcorpus,1,selection,10,889,10,ad_probe,best_in_menu_on_eval,0.0002428354029504476,True,,1733
nfcorpus,2,recalibration,10,899,10,ad_probe,ad_c(full_target_scalar_reference),0.0022316791421743143,True,2.3483410170347465,2733
nfcorpus,2,selection,10,899,10,glob_probe,best_in_menu_on_eval,0.0,True,,2733
nfcorpus,3,recalibration,10,864,10,ad_probe,ad_c(full_target_scalar_reference),0.0166473261581985,False,9.26686590475849,3733
nfcorpus,3,selection,10,864,10,glob_probe,best_in_menu_on_eval,0.004878522209455449,True,,3733
nfcorpus,4,recalibration,10,948,10,ad_probe,ad_c(full_target_scalar_reference),0.0009154203268587346,True,1.2854872084420386,4733
nfcorpus,4,selection,10,948,10,glob_probe,best_in_menu_on_eval,0.0,True,,4733
nfcorpus,5,recalibration,10,873,10,ad_probe,ad_c(full_target_scalar_reference),0.0015280029413803353,True,3.178739266966387,5733
nfcorpus,5,selection,10,873,10,glob_probe,best_in_menu_on_eval,0.0,True,,5733
nfcorpus,6,recalibration,10,864,10,ad_probe,ad_c(full_target_scalar_reference),0.001231125391758403,True,4.230339893988264,6733
nfcorpus,6,selection,10,864,10,glob_probe,best_in_menu_on_eval,0.0020403604203004244,True,,6733
nfcorpus,7,recalibration,10,854,10,ad_probe,ad_c(full_target_scalar_reference),0.0009819218844532296,True,1.4786489645674532,7733
nfcorpus,7,selection,10,854,10,ad_probe,best_in_menu_on_eval,0.0017960109726600226,True,,7733
nfcorpus,8,recalibration,10,926,10,ad_probe,ad_c(full_target_scalar_reference),0.0021031793213523997,True,5.187210779660711,8733
nfcorpus,8,selection,10,926,10,glob_probe,best_in_menu_on_eval,0.0010048150357874208,True,,8733
nfcorpus,9,recalibration,10,831,10,ad_probe,ad_c(full_target_scalar_reference),0.002984566558091678,True,3.282690106486614,9733
nfcorpus,9,selection,10,831,10,glob_probe,best_in_menu_on_eval,0.0,True,,9733
nfcorpus,10,recalibration,10,878,10,ad_probe,ad_c(full_target_scalar_reference),0.005863043139061275,False,5.811112597817226,10733
nfcorpus,10,selection,10,878,10,trunc,best_in_menu_on_eval,0.02148298327954201,False,,10733
nfcorpus,11,recalibration,10,915,10,ad_probe,ad_c(full_target_scalar_reference),0.0019294714923901723,True,1.3815689223342371,11733
nfcorpus,11,selection,10,915,10,glob_probe,best_in_menu_on_eval,0.0,True,,11733
nfcorpus,12,recalibration,10,947,10,ad_probe,ad_c(full_target_scalar_reference),0.00036977356092759983,True,0.4557253078155714,12733
nfcorpus,12,selection,10,947,10,glob_probe,best_in_menu_on_eval,0.0026187787633169257,True,,12733
nfcorpus,13,recalibration,10,920,10,ad_probe,ad_c(full_target_scalar_reference),0.008355103858175172,False,6.7518913234738855,13733
nfcorpus,13,selection,10,920,10,glob_probe,best_in_menu_on_eval,0.0,True,,13733
nfcorpus,14,recalibration,10,938,10,ad_probe,ad_c(full_target_scalar_reference),0.0013905303271009306,True,4.228291111834507,14733
nfcorpus,14,selection,10,938,10,glob_probe,best_in_menu_on_eval,0.0,True,,14733
nfcorpus,15,recalibration,10,874,10,ad_probe,ad_c(full_target_scalar_reference),0.005929091737775977,False,4.850670147210829,15733
nfcorpus,15,selection,10,874,10,glob_probe,best_in_menu_on_eval,0.0,True,,15733
nfcorpus,16,recalibration,10,878,10,ad_probe,ad_c(full_target_scalar_reference),0.0032921741559128193,True,3.3000758305160165,16733
nfcorpus,16,selection,10,878,10,glob_probe,best_in_menu_on_eval,0.0,True,,16733
nfcorpus,17,recalibration,10,792,10,ad_probe,ad_c(full_target_scalar_reference),0.0012319791146636616,True,1.1464460084252242,17733
nfcorpus,17,selection,10,792,10,glob_probe,best_in_menu_on_eval,0.0,True,,17733
nfcorpus,18,recalibration,10,892,10,ad_probe,ad_c(full_target_scalar_reference),0.0016962281533526857,True,2.819522150515338,18733
nfcorpus,18,selection,10,892,10,glob_probe,best_in_menu_on_eval,0.0010528552288933124,True,,18733
nfcorpus,19,recalibration,10,817,10,ad_probe,ad_c(full_target_scalar_reference),0.0002586324952486563,True,9.082695110428284,19733
nfcorpus,19,selection,10,817,10,ad_probe,best_in_menu_on_eval,0.0,True,,19733
nfcorpus,20,recalibration,10,949,10,ad_probe,ad_c(full_target_scalar_reference),0.0009216875421922399,True,1.8225850369101249,20733
nfcorpus,20,selection,10,949,10,glob_probe,best_in_menu_on_eval,0.0003270312672334075,True,,20733
nfcorpus,21,recalibration,10,887,10,ad_probe,ad_c(full_target_scalar_reference),0.0018272217815553105,True,1.3591135570239565,21733
nfcorpus,21,selection,10,887,10,glob_probe,best_in_menu_on_eval,0.0313722843533448,False,,21733
nfcorpus,22,recalibration,10,932,10,ad_probe,ad_c(full_target_scalar_reference),0.0009212041862044218,True,7.3273677417451015,22733
nfcorpus,22,selection,10,932,10,glob_probe,best_in_menu_on_eval,0.0,True,,22733
nfcorpus,23,recalibration,10,880,10,ad_probe,ad_c(full_target_scalar_reference),0.000366984520696223,True,0.2065953518615693,23733
nfcorpus,23,selection,10,880,10,glob_probe,best_in_menu_on_eval,0.00042507763656896014,True,,23733
nfcorpus,24,recalibration,10,866,10,ad_probe,ad_c(full_target_scalar_reference),0.0002996305372492125,True,19.671727309407324,24733
nfcorpus,24,selection,10,866,10,ad_probe,best_in_menu_on_eval,0.0,True,,24733
nfcorpus,25,recalibration,10,883,10,ad_probe,ad_c(full_target_scalar_reference),0.00021484698836701788,True,0.15763166277926288,25733
nfcorpus,25,selection,10,883,10,trunc,best_in_menu_on_eval,0.02855155019797692,False,,25733
nfcorpus,26,recalibration,10,816,10,ad_probe,ad_c(full_target_scalar_reference),0.00576165865233888,False,4.479434949983137,26733
nfcorpus,26,selection,10,816,10,glob_probe,best_in_menu_on_eval,0.0,True,,26733
nfcorpus,27,recalibration,10,826,10,ad_probe,ad_c(full_target_scalar_reference),0.005617481859452433,False,4.983903039945922,27733
nfcorpus,27,selection,10,826,10,glob_probe,best_in_menu_on_eval,0.0,True,,27733
nfcorpus,28,recalibration,10,857,10,ad_probe,ad_c(full_target_scalar_reference),0.001588524945270342,True,7.481155602175297,28733
nfcorpus,28,selection,10,857,10,glob_probe,best_in_menu_on_eval,0.0012648683729886423,True,,28733
nfcorpus,29,recalibration,10,839,10,ad_probe,ad_c(full_target_scalar_reference),0.001695352072041939,True,2.61017006012346,29733
nfcorpus,29,selection,10,839,10,glob_probe,best_in_menu_on_eval,0.005106870673768554,True,,29733
nfcorpus,30,recalibration,10,883,10,ad_probe,ad_c(full_target_scalar_reference),0.0005216032998023035,True,16.153728137173594,30733
nfcorpus,30,selection,10,883,10,ad_probe,best_in_menu_on_eval,0.0,True,,30733
nfcorpus,31,recalibration,10,955,10,ad_probe,ad_c(full_target_scalar_reference),0.0027045058981492454,True,2.704913369549601,31733
nfcorpus,31,selection,10,955,10,glob_probe,best_in_menu_on_eval,0.003990886730915966,True,,31733
nfcorpus,32,recalibration,10,927,10,ad_probe,ad_c(full_target_scalar_reference),0.005677430201450284,False,5.040456817943841,32733
nfcorpus,32,selection,10,927,10,glob_probe,best_in_menu_on_eval,0.0,True,,32733
nfcorpus,33,recalibration,10,794,10,ad_probe,ad_c(full_target_scalar_reference),0.001649752453425829,True,2.8645089662546805,33733
nfcorpus,33,selection,10,794,10,glob_probe,best_in_menu_on_eval,0.0,True,,33733
nfcorpus,34,recalibration,10,883,10,ad_probe,ad_c(full_target_scalar_reference),0.0023623422650421444,True,1.5996752925822424,34733
nfcorpus,34,selection,10,883,10,glob_probe,best_in_menu_on_eval,0.014021648593896346,False,,34733
nfcorpus,35,recalibration,10,958,10,ad_probe,ad_c(full_target_scalar_reference),0.0011418916133090207,True,4.974791332660198,35733
nfcorpus,35,selection,10,958,10,glob_probe,best_in_menu_on_eval,0.0,True,,35733
nfcorpus,36,recalibration,10,930,10,ad_probe,ad_c(full_target_scalar_reference),0.0067407115491383285,False,5.739328405501636,36733
nfcorpus,36,selection,10,930,10,glob_probe,best_in_menu_on_eval,0.0,True,,36733
nfcorpus,37,recalibration,10,878,10,ad_probe,ad_c(full_target_scalar_reference),0.001637708207741173,True,3.2610808644471803,37733
nfcorpus,37,selection,10,878,10,glob_probe,best_in_menu_on_eval,0.011619649098673163,False,,37733
nfcorpus,38,recalibration,10,824,10,ad_probe,ad_c(full_target_scalar_reference),0.0035425456347160655,True,3.4590676176524724,38733
nfcorpus,38,selection,10,824,10,glob_probe,best_in_menu_on_eval,0.0,True,,38733
nfcorpus,39,recalibration,10,889,10,ad_probe,ad_c(full_target_scalar_reference),0.0037819268073179535,True,3.7853417010946284,39733
nfcorpus,39,selection,10,889,10,glob_probe,best_in_menu_on_eval,0.0,True,,39733
nfcorpus,40,recalibration,10,934,10,ad_probe,ad_c(full_target_scalar_reference),0.011249897744325443,False,7.900025627981079,40733
nfcorpus,40,selection,10,934,10,glob_probe,best_in_menu_on_eval,0.004126451380775498,True,,40733
nfcorpus,41,recalibration,10,842,10,ad_probe,ad_c(full_target_scalar_reference),0.00044195640847419226,True,11.853039113068592,41733
nfcorpus,41,selection,10,842,10,glob_probe,best_in_menu_on_eval,0.00012262848411362381,True,,41733
nfcorpus,42,recalibration,10,802,10,ad_probe,ad_c(full_target_scalar_reference),0.00042128622347648026,True,0.22729274318042947,42733
nfcorpus,42,selection,10,802,10,glob_probe,best_in_menu_on_eval,0.002581254202118799,True,,42733
nfcorpus,43,recalibration,10,939,10,ad_probe,ad_c(full_target_scalar_reference),0.0001836691135664037,True,8.845930212237237,43733
nfcorpus,43,selection,10,939,10,glob_probe,best_in_menu_on_eval,0.0003375951209227124,True,,43733
nfcorpus,44,recalibration,10,803,10,ad_probe,ad_c(full_target_scalar_reference),0.0012719402468109042,True,16.353748751593706,44733
nfcorpus,44,selection,10,803,10,glob_probe,best_in_menu_on_eval,0.0,True,,44733
nfcorpus,45,recalibration,10,851,10,ad_probe,ad_c(full_target_scalar_reference),0.006740926628247157,False,5.379594688974879,45733
nfcorpus,45,selection,10,851,10,ad_probe,best_in_menu_on_eval,0.0,True,,45733
nfcorpus,46,recalibration,10,869,10,ad_probe,ad_c(full_target_scalar_reference),0.010883649290996777,False,7.705385903058485,46733
nfcorpus,46,selection,10,869,10,glob_probe,best_in_menu_on_eval,0.004544869756424763,True,,46733
nfcorpus,47,recalibration,10,870,10,ad_probe,ad_c(full_target_scalar_reference),0.00027138919398547734,True,18.16329532397981,47733
nfcorpus,47,selection,10,870,10,glob_probe,best_in_menu_on_eval,0.00018499056538731629,True,,47733
nfcorpus,48,recalibration,10,1005,10,ad_probe,ad_c(full_target_scalar_reference),0.0007280685388015018,True,1.0597296830032352,48733
nfcorpus,48,selection,10,1005,10,glob_probe,best_in_menu_on_eval,0.0,True,,48733
nfcorpus,49,recalibration,10,906,10,ad_probe,ad_c(full_target_scalar_reference),0.012097592181660455,False,8.621491523621952,49733
nfcorpus,49,selection,10,906,10,glob_probe,best_in_menu_on_eval,0.0038258674947321825,True,,49733
nfcorpus,0,recalibration,20,1772,20,ad_probe,ad_c(full_target_scalar_reference),0.0022095165712949782,True,1.2227259307630796,2200300
nfcorpus,0,selection,20,1772,20,glob_probe,best_in_menu_on_eval,0.0,True,,2200300
nfcorpus,1,recalibration,20,1747,20,ad_probe,ad_c(full_target_scalar_reference),0.0029327320023561088,True,3.837904214028578,2201300
nfcorpus,1,selection,20,1747,20,glob_probe,best_in_menu_on_eval,0.012902385837261332,False,,2201300
nfcorpus,2,recalibration,20,1835,20,ad_probe,ad_c(full_target_scalar_reference),0.001094471630487731,True,1.5864858347894195,2202300
nfcorpus,2,selection,20,1835,20,glob_probe,best_in_menu_on_eval,0.0027020974149814525,True,,2202300
nfcorpus,3,recalibration,20,1841,20,ad_probe,ad_c(full_target_scalar_reference),0.006164290857096466,False,5.168406916607529,2203300
nfcorpus,3,selection,20,1841,20,ad_probe,best_in_menu_on_eval,0.0,True,,2203300
nfcorpus,4,recalibration,20,1699,20,ad_probe,ad_c(full_target_scalar_reference),0.0037665597693480046,True,3.800282618661617,2204300
nfcorpus,4,selection,20,1699,20,glob_probe,best_in_menu_on_eval,0.0,True,,2204300
nfcorpus,5,recalibration,20,1654,20,ad_probe,ad_c(full_target_scalar_reference),0.0003534026217889563,True,0.222514436679079,2205300
nfcorpus,5,selection,20,1654,20,glob_probe,best_in_menu_on_eval,0.013461600987954514,False,,2205300
nfcorpus,6,recalibration,20,1920,20,ad_probe,ad_c(full_target_scalar_reference),0.000942080088012831,True,1.8831530035225885,2206300
nfcorpus,6,selection,20,1920,20,glob_probe,best_in_menu_on_eval,0.0018334549790182397,True,,2206300
nfcorpus,7,recalibration,20,1761,20,ad_probe,ad_c(full_target_scalar_reference),0.015193842096687726,False,8.887876689972149,2207300
nfcorpus,7,selection,20,1761,20,glob_probe,best_in_menu_on_eval,0.0,True,,2207300
nfcorpus,8,recalibration,20,1692,20,ad_probe,ad_c(full_target_scalar_reference),0.0016175313648212897,True,2.727707613758307,2208300
nfcorpus,8,selection,20,1692,20,glob_probe,best_in_menu_on_eval,0.0014761735423654554,True,,2208300
nfcorpus,9,recalibration,20,1635,20,ad_probe,ad_c(full_target_scalar_reference),0.0013350224080543038,True,5.036584691612946,2209300
nfcorpus,9,selection,20,1635,20,glob_probe,best_in_menu_on_eval,0.0,True,,2209300
nfcorpus,10,recalibration,20,1674,20,ad_probe,ad_c(full_target_scalar_reference),0.00019196720725911387,True,0.056961096366263675,2210300
nfcorpus,10,selection,20,1674,20,ad_probe,best_in_menu_on_eval,0.0,True,,2210300
nfcorpus,11,recalibration,20,1745,20,ad_probe,ad_c(full_target_scalar_reference),0.001451573501882325,True,0.9220827139109478,2211300
nfcorpus,11,selection,20,1745,20,glob_probe,best_in_menu_on_eval,0.0015471964670881189,True,,2211300
nfcorpus,12,recalibration,20,1722,20,ad_probe,ad_c(full_target_scalar_reference),0.002338249210147192,True,6.483167337915736,2212300
nfcorpus,12,selection,20,1722,20,glob_probe,best_in_menu_on_eval,0.0,True,,2212300
nfcorpus,13,recalibration,20,1706,20,ad_probe,ad_c(full_target_scalar_reference),0.004267113863531874,True,3.717250854644794,2213300
nfcorpus,13,selection,20,1706,20,glob_probe,best_in_menu_on_eval,0.012905076652106467,False,,2213300
nfcorpus,14,recalibration,20,1645,20,ad_probe,ad_c(full_target_scalar_reference),0.0014908433663546883,True,3.236968827484988,2214300
nfcorpus,14,selection,20,1645,20,ad_probe,best_in_menu_on_eval,0.0,True,,2214300
nfcorpus,15,recalibration,20,1726,20,ad_probe,ad_c(full_target_scalar_reference),0.011349009205288696,False,7.3152503365054935,2215300
nfcorpus,15,selection,20,1726,20,glob_probe,best_in_menu_on_eval,0.005957181867189132,True,,2215300
nfcorpus,16,recalibration,20,1634,20,ad_probe,ad_c(full_target_scalar_reference),0.008828399383366159,False,6.732024972993929,2216300
nfcorpus,16,selection,20,1634,20,glob_probe,best_in_menu_on_eval,0.0,True,,2216300
nfcorpus,17,recalibration,20,1846,20,ad_probe,ad_c(full_target_scalar_reference),0.0003046816160381105,True,0.349036661914516,2217300
nfcorpus,17,selection,20,1846,20,glob_probe,best_in_menu_on_eval,0.0005133847365643152,True,,2217300
nfcorpus,18,recalibration,20,1597,20,ad_probe,ad_c(full_target_scalar_reference),0.0015063725964691854,True,1.3087313367148834,2218300
nfcorpus,18,selection,20,1597,20,glob_probe,best_in_menu_on_eval,0.00024516485301528945,True,,2218300
nfcorpus,19,recalibration,20,1676,20,ad_probe,ad_c(full_target_scalar_reference),0.0011356167510228055,True,8.276398145123837,2219300
nfcorpus,19,selection,20,1676,20,glob_probe,best_in_menu_on_eval,0.002308379074685535,True,,2219300
nfcorpus,20,recalibration,20,1607,20,ad_probe,ad_c(full_target_scalar_reference),0.0019719071248925635,True,3.2249819792541334,2220300
nfcorpus,20,selection,20,1607,20,glob_probe,best_in_menu_on_eval,0.0,True,,2220300
nfcorpus,21,recalibration,20,1712,20,ad_probe,ad_c(full_target_scalar_reference),0.000221937648049092,True,0.17553614634004866,2221300
nfcorpus,21,selection,20,1712,20,ad_probe,best_in_menu_on_eval,0.0,True,,2221300
nfcorpus,22,recalibration,20,1627,20,ad_probe,ad_c(full_target_scalar_reference),0.009339152283636493,False,6.8892516934293955,2222300
nfcorpus,22,selection,20,1627,20,ad_probe,best_in_menu_on_eval,0.008676167711698435,True,,2222300
nfcorpus,23,recalibration,20,1833,20,ad_probe,ad_c(full_target_scalar_reference),0.001024097859292722,True,1.9047150965144883,2223300
nfcorpus,23,selection,20,1833,20,ad_probe,best_in_menu_on_eval,0.0,True,,2223300
nfcorpus,24,recalibration,20,1731,20,ad_probe,ad_c(full_target_scalar_reference),0.0009788886767705396,True,1.8607327473527704,2224300
nfcorpus,24,selection,20,1731,20,glob_probe,best_in_menu_on_eval,0.0022317769495570905,True,,2224300
nfcorpus,25,recalibration,20,1731,20,ad_probe,ad_c(full_target_scalar_reference),0.004690644911005903,True,4.203008635143821,2225300
nfcorpus,25,selection,20,1731,20,ad_probe,best_in_menu_on_eval,0.002110951279444606,True,,2225300
nfcorpus,26,recalibration,20,1852,20,ad_probe,ad_c(full_target_scalar_reference),0.0008600537451493306,True,1.1642598847709014,2226300
nfcorpus,26,selection,20,1852,20,glob_probe,best_in_menu_on_eval,0.0,True,,2226300
nfcorpus,27,recalibration,20,1767,20,ad_probe,ad_c(full_target_scalar_reference),0.0009408872863364282,True,10.135133843264194,2227300
nfcorpus,27,selection,20,1767,20,glob_probe,best_in_menu_on_eval,0.0009596141675037584,True,,2227300
nfcorpus,28,recalibration,20,1701,20,ad_probe,ad_c(full_target_scalar_reference),0.0004561441092194307,True,0.2881706441720926,2228300
nfcorpus,28,selection,20,1701,20,glob_probe,best_in_menu_on_eval,0.0005921448928866424,True,,2228300
nfcorpus,29,recalibration,20,1746,20,ad_probe,ad_c(full_target_scalar_reference),0.004024955503303146,True,3.54482885778536,2229300
nfcorpus,29,selection,20,1746,20,ad_probe,best_in_menu_on_eval,0.0,True,,2229300
nfcorpus,30,recalibration,20,1709,20,ad_probe,ad_c(full_target_scalar_reference),0.000608355351832901,True,1.1349323686889061,2230300
nfcorpus,30,selection,20,1709,20,glob_probe,best_in_menu_on_eval,0.0005466189052269754,True,,2230300
nfcorpus,31,recalibration,20,1706,20,ad_probe,ad_c(full_target_scalar_reference),0.0018930148614168252,True,5.637581475710968,2231300
nfcorpus,31,selection,20,1706,20,glob_probe,best_in_menu_on_eval,0.0,True,,2231300
nfcorpus,32,recalibration,20,1654,20,ad_probe,ad_c(full_target_scalar_reference),0.0025889041415381175,True,2.105590261486901,2232300
nfcorpus,32,selection,20,1654,20,glob_probe,best_in_menu_on_eval,0.01405292971297703,False,,2232300
nfcorpus,33,recalibration,20,1786,20,ad_probe,ad_c(full_target_scalar_reference),0.001826140621906197,True,2.580842544041465,2233300
nfcorpus,33,selection,20,1786,20,ad_probe,best_in_menu_on_eval,0.0019386664282604882,True,,2233300
nfcorpus,34,recalibration,20,1685,20,ad_probe,ad_c(full_target_scalar_reference),0.0019797001825458405,True,2.4051084301449865,2234300
nfcorpus,34,selection,20,1685,20,glob_probe,best_in_menu_on_eval,0.0,True,,2234300
nfcorpus,35,recalibration,20,1780,20,ad_probe,ad_c(full_target_scalar_reference),0.0003753957423299481,True,4.8604561544662825,2235300
nfcorpus,35,selection,20,1780,20,glob_probe,best_in_menu_on_eval,0.013543156209229357,False,,2235300
nfcorpus,36,recalibration,20,1727,20,ad_probe,ad_c(full_target_scalar_reference),0.0015795410713606295,True,2.935197549964416,2236300
nfcorpus,36,selection,20,1727,20,glob_probe,best_in_menu_on_eval,0.0,True,,2236300
nfcorpus,37,recalibration,20,1670,20,ad_probe,ad_c(full_target_scalar_reference),0.0025449877216004724,True,3.504055543240442,2237300
nfcorpus,37,selection,20,1670,20,ad_probe,best_in_menu_on_eval,0.0008047960719211877,True,,2237300
nfcorpus,38,recalibration,20,1772,20,ad_probe,ad_c(full_target_scalar_reference),0.001093095193221788,True,3.1329201950766024,2238300
nfcorpus,38,selection,20,1772,20,glob_probe,best_in_menu_on_eval,0.0015497777806253443,True,,2238300
nfcorpus,39,recalibration,20,1805,20,ad_probe,ad_c(full_target_scalar_reference),0.00023845147061360428,True,5.272843581827848,2239300
nfcorpus,39,selection,20,1805,20,glob_probe,best_in_menu_on_eval,0.01637703908250307,False,,2239300
nfcorpus,40,recalibration,20,1780,20,ad_probe,ad_c(full_target_scalar_reference),0.007294691007427412,False,5.730188129368377,2240300
nfcorpus,40,selection,20,1780,20,glob_probe,best_in_menu_on_eval,0.0,True,,2240300
nfcorpus,41,recalibration,20,1681,20,ad_probe,ad_c(full_target_scalar_reference),0.0014979036037683635,True,1.0527290233685704,2241300
nfcorpus,41,selection,20,1681,20,glob_probe,best_in_menu_on_eval,0.0,True,,2241300
nfcorpus,42,recalibration,20,1643,20,ad_probe,ad_c(full_target_scalar_reference),3.839502085761781e-05,True,0.12844621116320987,2242300
nfcorpus,42,selection,20,1643,20,glob_probe,best_in_menu_on_eval,0.0015393774024763662,True,,2242300
nfcorpus,43,recalibration,20,1723,20,ad_probe,ad_c(full_target_scalar_reference),0.002557285010252125,True,1.6664567403359065,2243300
nfcorpus,43,selection,20,1723,20,glob_probe,best_in_menu_on_eval,0.0006301642560651022,True,,2243300
nfcorpus,44,recalibration,20,1733,20,ad_probe,ad_c(full_target_scalar_reference),0.0004088092603008464,True,0.38955845209876294,2244300
nfcorpus,44,selection,20,1733,20,glob_probe,best_in_menu_on_eval,0.00019675424897611093,True,,2244300
nfcorpus,45,recalibration,20,1886,20,ad_probe,ad_c(full_target_scalar_reference),0.0013112964397086202,True,1.1811292812121774,2245300
nfcorpus,45,selection,20,1886,20,glob_probe,best_in_menu_on_eval,0.01628814434081266,False,,2245300
nfcorpus,46,recalibration,20,1768,20,ad_probe,ad_c(full_target_scalar_reference),0.002154894043839839,True,29.95374131050616,2246300
nfcorpus,46,selection,20,1768,20,glob_probe,best_in_menu_on_eval,0.0,True,,2246300
nfcorpus,47,recalibration,20,1756,20,ad_probe,ad_c(full_target_scalar_reference),0.0007135027529496796,True,4.485774810560438,2247300
nfcorpus,47,selection,20,1756,20,glob_probe,best_in_menu_on_eval,6.201943539396737e-06,True,,2247300
nfcorpus,48,recalibration,20,1673,20,ad_probe,ad_c(full_target_scalar_reference),0.009428763560738851,False,7.479734453053746,2248300
nfcorpus,48,selection,20,1673,20,glob_probe,best_in_menu_on_eval,0.0,True,,2248300
nfcorpus,49,recalibration,20,1800,20,ad_probe,ad_c(full_target_scalar_reference),0.003342534732704072,True,3.2767089163768652,2249300
nfcorpus,49,selection,20,1800,20,glob_probe,best_in_menu_on_eval,0.04105459065952127,False,,2249300
nfcorpus,0,recalibration,50,4321,50,ad_probe,ad_c(full_target_scalar_reference),0.0015675798865269763,True,1.068912763292591,2300315
nfcorpus,0,selection,50,4321,50,glob_probe,best_in_menu_on_eval,0.002034572281375241,True,,2300315
nfcorpus,1,recalibration,50,4409,50,ad_probe,ad_c(full_target_scalar_reference),0.000971784035303791,True,1.1024752402214322,2301315
nfcorpus,1,selection,50,4409,50,glob_probe,best_in_menu_on_eval,0.0007086572504131639,True,,2301315
nfcorpus,2,recalibration,50,4198,50,ad_probe,ad_c(full_target_scalar_reference),0.0023694610654418358,True,1.3695409944899257,2302315
nfcorpus,2,selection,50,4198,50,glob_probe,best_in_menu_on_eval,0.00012446236769333985,True,,2302315
nfcorpus,3,recalibration,50,4270,50,ad_probe,ad_c(full_target_scalar_reference),0.002078058848782788,True,6.7755186270963765,2303315
nfcorpus,3,selection,50,4270,50,glob_probe,best_in_menu_on_eval,0.0,True,,2303315
nfcorpus,4,recalibration,50,4361,50,ad_probe,ad_c(full_target_scalar_reference),0.0016626105981016326,True,1.2832698955986093,2304315
nfcorpus,4,selection,50,4361,50,glob_probe,best_in_menu_on_eval,0.0005205198033360059,True,,2304315
nfcorpus,5,recalibration,50,4424,50,ad_probe,ad_c(full_target_scalar_reference),0.0004578269320159034,True,0.4548856651860156,2305315
nfcorpus,5,selection,50,4424,50,glob_probe,best_in_menu_on_eval,0.0007847295542931232,True,,2305315
nfcorpus,6,recalibration,50,4215,50,ad_probe,ad_c(full_target_scalar_reference),0.002570970314209997,True,2.2035544096037345,2306315
nfcorpus,6,selection,50,4215,50,glob_probe,best_in_menu_on_eval,0.0,True,,2306315
nfcorpus,7,recalibration,50,4404,50,ad_probe,ad_c(full_target_scalar_reference),0.002285711939016638,True,1.4895928512563774,2307315
nfcorpus,7,selection,50,4404,50,glob_probe,best_in_menu_on_eval,0.006069679843696968,True,,2307315
nfcorpus,8,recalibration,50,4392,50,ad_probe,ad_c(full_target_scalar_reference),0.0012155821940849354,True,1.8837436341943707,2308315
nfcorpus,8,selection,50,4392,50,glob_probe,best_in_menu_on_eval,0.00020012039788039337,True,,2308315
nfcorpus,9,recalibration,50,4409,50,ad_probe,ad_c(full_target_scalar_reference),0.002118490648886112,True,2.1668657007594785,2309315
nfcorpus,9,selection,50,4409,50,glob_probe,best_in_menu_on_eval,0.0007241262820965877,True,,2309315
nfcorpus,10,recalibration,50,4246,50,ad_probe,ad_c(full_target_scalar_reference),0.001497149678407833,True,2.0173405546007377,2310315
nfcorpus,10,selection,50,4246,50,glob_probe,best_in_menu_on_eval,0.0017210044987839845,True,,2310315
nfcorpus,11,recalibration,50,4352,50,ad_probe,ad_c(full_target_scalar_reference),0.0031160718690204092,True,2.5200802803777957,2311315
nfcorpus,11,selection,50,4352,50,ad_probe,best_in_menu_on_eval,0.002829756378308207,True,,2311315
nfcorpus,12,recalibration,50,4026,50,ad_probe,ad_c(full_target_scalar_reference),0.003020039196014096,True,2.808857727271482,2312315
nfcorpus,12,selection,50,4026,50,glob_probe,best_in_menu_on_eval,0.0,True,,2312315
nfcorpus,13,recalibration,50,4165,50,ad_probe,ad_c(full_target_scalar_reference),0.0017487509131963175,True,0.80862481181709,2313315
nfcorpus,13,selection,50,4165,50,glob_probe,best_in_menu_on_eval,0.0,True,,2313315
nfcorpus,14,recalibration,50,4555,50,ad_probe,ad_c(full_target_scalar_reference),0.004115727082037696,True,3.2767089163768652,2314315
nfcorpus,14,selection,50,4555,50,glob_probe,best_in_menu_on_eval,0.014585829116733118,False,,2314315
nfcorpus,15,recalibration,50,4317,50,ad_probe,ad_c(full_target_scalar_reference),0.0020610783893985907,True,2.623697597509235,2315315
nfcorpus,15,selection,50,4317,50,glob_probe,best_in_menu_on_eval,0.0,True,,2315315
nfcorpus,16,recalibration,50,4216,50,ad_probe,ad_c(full_target_scalar_reference),0.00021939255011868553,True,0.17036584643011388,2316315
nfcorpus,16,selection,50,4216,50,ad_probe,best_in_menu_on_eval,0.0003166430279066268,True,,2316315
nfcorpus,17,recalibration,50,4336,50,ad_probe,ad_c(full_target_scalar_reference),0.00022699382286467396,True,4.9997984358254275,2317315
nfcorpus,17,selection,50,4336,50,ad_probe,best_in_menu_on_eval,0.0,True,,2317315
nfcorpus,18,recalibration,50,4211,50,ad_probe,ad_c(full_target_scalar_reference),0.0010821485669582909,True,4.739853882403564,2318315
nfcorpus,18,selection,50,4211,50,glob_probe,best_in_menu_on_eval,0.0,True,,2318315
nfcorpus,19,recalibration,50,4465,50,ad_probe,ad_c(full_target_scalar_reference),0.0004080934913902601,True,0.5035871274670765,2319315
nfcorpus,19,selection,50,4465,50,glob_probe,best_in_menu_on_eval,0.0037430551832635384,True,,2319315
nfcorpus,20,recalibration,50,4471,50,ad_probe,ad_c(full_target_scalar_reference),0.0006190099804476712,True,1.8837436341943707,2320315
nfcorpus,20,selection,50,4471,50,glob_probe,best_in_menu_on_eval,0.0,True,,2320315
nfcorpus,21,recalibration,50,4350,50,ad_probe,ad_c(full_target_scalar_reference),0.004252312744859099,True,3.7656192832189515,2321315
nfcorpus,21,selection,50,4350,50,glob_probe,best_in_menu_on_eval,0.0,True,,2321315
nfcorpus,22,recalibration,50,4427,50,ad_probe,ad_c(full_target_scalar_reference),0.0029952757073006264,True,1.974077154951111,2322315
nfcorpus,22,selection,50,4427,50,glob_probe,best_in_menu_on_eval,0.0,True,,2322315
nfcorpus,23,recalibration,50,4347,50,ad_probe,ad_c(full_target_scalar_reference),2.245904785369568e-05,True,0.0967159448317485,2323315
nfcorpus,23,selection,50,4347,50,glob_probe,best_in_menu_on_eval,0.003954253863140633,True,,2323315
nfcorpus,24,recalibration,50,4420,50,ad_probe,ad_c(full_target_scalar_reference),0.00046667916586234925,True,0.46298735621921416,2324315
nfcorpus,24,selection,50,4420,50,ad_probe,best_in_menu_on_eval,0.00028026628703228806,True,,2324315
nfcorpus,25,recalibration,50,4404,50,ad_probe,ad_c(full_target_scalar_reference),0.0016935450729276547,True,1.3110317394264275,2325315
nfcorpus,25,selection,50,4404,50,glob_probe,best_in_menu_on_eval,0.0001560156658692302,True,,2325315
nfcorpus,26,recalibration,50,4458,50,ad_probe,ad_c(full_target_scalar_reference),0.00032631768127838745,True,0.6736666371630751,2326315
nfcorpus,26,selection,50,4458,50,glob_probe,best_in_menu_on_eval,0.0034143771189840966,True,,2326315
nfcorpus,27,recalibration,50,4510,50,ad_probe,ad_c(full_target_scalar_reference),0.0016676494607038017,True,0.9828283126533233,2327315
nfcorpus,27,selection,50,4510,50,ad_probe,best_in_menu_on_eval,0.00026563663807518956,True,,2327315
nfcorpus,28,recalibration,50,4320,50,ad_probe,ad_c(full_target_scalar_reference),0.0006219924486186024,True,0.599174449488471,2328315
nfcorpus,28,selection,50,4320,50,glob_probe,best_in_menu_on_eval,0.0008482480541035509,True,,2328315
nfcorpus,29,recalibration,50,4468,50,ad_probe,ad_c(full_target_scalar_reference),0.0007681824976690788,True,1.1024752402214322,2329315
nfcorpus,29,selection,50,4468,50,glob_probe,best_in_menu_on_eval,0.000481181342554593,True,,2329315
nfcorpus,30,recalibration,50,4347,50,ad_probe,ad_c(full_target_scalar_reference),0.0008535181225316213,True,0.8351310627570054,2330315
nfcorpus,30,selection,50,4347,50,glob_probe,best_in_menu_on_eval,0.0016942969702778976,True,,2330315
nfcorpus,31,recalibration,50,4390,50,ad_probe,ad_c(full_target_scalar_reference),0.0017113305730832307,True,1.2145517471377936,2331315
nfcorpus,31,selection,50,4390,50,glob_probe,best_in_menu_on_eval,0.0028486073113552224,True,,2331315
nfcorpus,32,recalibration,50,4222,50,ad_probe,ad_c(full_target_scalar_reference),0.0029624799329402984,True,2.70598365867148,2332315
nfcorpus,32,selection,50,4222,50,ad_probe,best_in_menu_on_eval,0.0,True,,2332315
nfcorpus,33,recalibration,50,4253,50,ad_probe,ad_c(full_target_scalar_reference),0.0017842054239936567,True,2.272451977538017,2333315
nfcorpus,33,selection,50,4253,50,ad_probe,best_in_menu_on_eval,0.0,True,,2333315
nfcorpus,34,recalibration,50,4269,50,ad_probe,ad_c(full_target_scalar_reference),0.001756617659718046,True,3.6407097170253966,2334315
nfcorpus,34,selection,50,4269,50,glob_probe,best_in_menu_on_eval,0.0,True,,2334315
nfcorpus,35,recalibration,50,4189,50,ad_probe,ad_c(full_target_scalar_reference),0.00449396293444701,True,2.904926184044408,2335315
nfcorpus,35,selection,50,4189,50,glob_probe,best_in_menu_on_eval,0.01461279750900299,False,,2335315
nfcorpus,36,recalibration,50,4304,50,ad_probe,ad_c(full_target_scalar_reference),0.005434777448774547,False,4.599804412539147,2336315
nfcorpus,36,selection,50,4304,50,glob_probe,best_in_menu_on_eval,0.0,True,,2336315
nfcorpus,37,recalibration,50,4493,50,ad_probe,ad_c(full_target_scalar_reference),0.0018669994420558167,True,2.135298067856649,2337315
nfcorpus,37,selection,50,4493,50,ad_probe,best_in_menu_on_eval,0.0,True,,2337315
nfcorpus,38,recalibration,50,4368,50,ad_probe,ad_c(full_target_scalar_reference),0.002403218936587792,True,2.580842544041465,2338315
nfcorpus,38,selection,50,4368,50,glob_probe,best_in_menu_on_eval,0.0009867727939404658,True,,2338315
nfcorpus,39,recalibration,50,4231,50,ad_probe,ad_c(full_target_scalar_reference),0.001986595721149065,True,2.5940734919513044,2339315
nfcorpus,39,selection,50,4231,50,glob_probe,best_in_menu_on_eval,0.005557339193456162,True,,2339315
nfcorpus,40,recalibration,50,4437,50,ad_probe,ad_c(full_target_scalar_reference),0.0025674209290762195,True,2.70598365867148,2340315
nfcorpus,40,selection,50,4437,50,glob_probe,best_in_menu_on_eval,0.0007530377533609134,True,,2340315
nfcorpus,41,recalibration,50,4180,50,ad_probe,ad_c(full_target_scalar_reference),0.0004944329222652255,True,0.4019658924458671,2341315
nfcorpus,41,selection,50,4180,50,glob_probe,best_in_menu_on_eval,0.0029850080021393,True,,2341315
nfcorpus,42,recalibration,50,4438,50,ad_probe,ad_c(full_target_scalar_reference),0.00177999124710701,True,2.155442024355107,2342315
nfcorpus,42,selection,50,4438,50,glob_probe,best_in_menu_on_eval,0.0,True,,2342315
nfcorpus,43,recalibration,50,4416,50,ad_probe,ad_c(full_target_scalar_reference),0.0033131680713486267,True,2.533582875649115,2343315
nfcorpus,43,selection,50,4416,50,glob_probe,best_in_menu_on_eval,0.0,True,,2343315
nfcorpus,44,recalibration,50,4338,50,ad_probe,ad_c(full_target_scalar_reference),3.990192243943924e-05,True,0.07607662343633059,2344315
nfcorpus,44,selection,50,4338,50,glob_probe,best_in_menu_on_eval,0.002995469019885122,True,,2344315
nfcorpus,45,recalibration,50,4236,50,ad_probe,ad_c(full_target_scalar_reference),0.0018742454755836246,True,2.0173405546007377,2345315
nfcorpus,45,selection,50,4236,50,glob_probe,best_in_menu_on_eval,0.0019845655045645505,True,,2345315
nfcorpus,46,recalibration,50,4570,50,ad_probe,ad_c(full_target_scalar_reference),0.005209354848649428,False,4.728978621571128,2346315
nfcorpus,46,selection,50,4570,50,glob_probe,best_in_menu_on_eval,0.0,True,,2346315
nfcorpus,47,recalibration,50,4590,50,ad_probe,ad_c(full_target_scalar_reference),0.00021023769454250885,True,0.17917420345199453,2347315
nfcorpus,47,selection,50,4590,50,ad_probe,best_in_menu_on_eval,0.0006526273272732808,True,,2347315
nfcorpus,48,recalibration,50,4222,50,ad_probe,ad_c(full_target_scalar_reference),0.001887594086002753,True,2.8063289799839666,2348315
nfcorpus,48,selection,50,4222,50,glob_probe,best_in_menu_on_eval,0.0003073100794000194,True,,2348315
nfcorpus,49,recalibration,50,4463,50,ad_probe,ad_c(full_target_scalar_reference),0.002053497494629547,True,3.3992570605809487,2349315
nfcorpus,49,selection,50,4463,50,glob_probe,best_in_menu_on_eval,0.0,True,,2349315
nfcorpus,0,recalibration,100,8701,100,ad_probe,ad_c(full_target_scalar_reference),0.0006948581502036477,True,0.47357795170156614,2400083
nfcorpus,0,selection,100,8701,100,ad_probe,best_in_menu_on_eval,0.0,True,,2400083
nfcorpus,1,recalibration,100,8713,100,ad_probe,ad_c(full_target_scalar_reference),0.002827015240103231,True,3.368949180954287,2401083
nfcorpus,1,selection,100,8713,100,glob_probe,best_in_menu_on_eval,0.0006111075534193378,True,,2401083
nfcorpus,2,recalibration,100,8639,100,ad_probe,ad_c(full_target_scalar_reference),0.00036381599173629375,True,0.2936301536595831,2402083
nfcorpus,2,selection,100,8639,100,glob_probe,best_in_menu_on_eval,0.005270500506901754,True,,2402083
nfcorpus,3,recalibration,100,8627,100,ad_probe,ad_c(full_target_scalar_reference),0.0003544007631690327,True,1.8632539903864735,2403083
nfcorpus,3,selection,100,8627,100,glob_probe,best_in_menu_on_eval,0.0025354709856716118,True,,2403083
nfcorpus,4,recalibration,100,8910,100,ad_probe,ad_c(full_target_scalar_reference),0.00041443841989205477,True,2.371475333369684,2404083
nfcorpus,4,selection,100,8910,100,glob_probe,best_in_menu_on_eval,0.0,True,,2404083
nfcorpus,5,recalibration,100,8801,100,ad_probe,ad_c(full_target_scalar_reference),0.0016907281228913662,True,1.059387037073833,2405083
nfcorpus,5,selection,100,8801,100,glob_probe,best_in_menu_on_eval,0.004231651001041198,True,,2405083
nfcorpus,6,recalibration,100,8758,100,ad_probe,ad_c(full_target_scalar_reference),0.00150852443033761,True,0.8785255225323372,2406083
nfcorpus,6,selection,100,8758,100,ad_probe,best_in_menu_on_eval,0.0,True,,2406083
nfcorpus,7,recalibration,100,8453,100,ad_probe,ad_c(full_target_scalar_reference),0.0005293343754972368,True,0.5288202843659864,2407083
nfcorpus,7,selection,100,8453,100,glob_probe,best_in_menu_on_eval,0.0032822254833802522,True,,2407083
nfcorpus,8,recalibration,100,8775,100,ad_probe,ad_c(full_target_scalar_reference),0.0016249388880485993,True,1.10555593009145,2408083
nfcorpus,8,selection,100,8775,100,ad_probe,best_in_menu_on_eval,0.003217461142856204,True,,2408083
nfcorpus,9,recalibration,100,8539,100,ad_probe,ad_c(full_target_scalar_reference),0.002635389245546599,True,2.589627840492117,2409083
nfcorpus,9,selection,100,8539,100,ad_probe,best_in_menu_on_eval,0.004410057041947274,True,,2409083
nfcorpus,10,recalibration,100,8685,100,ad_probe,ad_c(full_target_scalar_reference),0.00193481635671508,True,2.331310375484799,2410083
nfcorpus,10,selection,100,8685,100,ad_probe,best_in_menu_on_eval,0.0,True,,2410083
nfcorpus,11,recalibration,100,8716,100,ad_probe,ad_c(full_target_scalar_reference),0.0025033101021104953,True,2.513173020465617,2411083
nfcorpus,11,selection,100,8716,100,ad_probe,best_in_menu_on_eval,0.0,True,,2411083
nfcorpus,12,recalibration,100,8514,100,ad_probe,ad_c(full_target_scalar_reference),0.001875606860635537,True,3.0276024090676454,2412083
nfcorpus,12,selection,100,8514,100,ad_probe,best_in_menu_on_eval,0.0042541087446104076,True,,2412083
nfcorpus,13,recalibration,100,8831,100,ad_probe,ad_c(full_target_scalar_reference),4.129130366561928e-05,True,0.43803891690191143,2413083
nfcorpus,13,selection,100,8831,100,glob_probe,best_in_menu_on_eval,0.0024167988762031356,True,,2413083
nfcorpus,14,recalibration,100,8753,100,ad_probe,ad_c(full_target_scalar_reference),5.634673083970698e-05,True,0.6897758417383084,2414083
nfcorpus,14,selection,100,8753,100,ad_probe,best_in_menu_on_eval,0.0,True,,2414083
nfcorpus,15,recalibration,100,8396,100,ad_probe,ad_c(full_target_scalar_reference),1.6318462863373906e-05,True,0.12844621116320987,2415083
nfcorpus,15,selection,100,8396,100,glob_probe,best_in_menu_on_eval,0.00255666607301816,True,,2415083
nfcorpus,16,recalibration,100,8657,100,ad_probe,ad_c(full_target_scalar_reference),0.0007419941342893532,True,0.8842135353661948,2416083
nfcorpus,16,selection,100,8657,100,glob_probe,best_in_menu_on_eval,0.002810543383796965,True,,2416083
nfcorpus,17,recalibration,100,8499,100,ad_probe,ad_c(full_target_scalar_reference),0.00024333573728238522,True,0.46085365519629207,2417083
nfcorpus,17,selection,100,8499,100,glob_probe,best_in_menu_on_eval,0.0022746105504805048,True,,2417083
nfcorpus,18,recalibration,100,8644,100,ad_probe,ad_c(full_target_scalar_reference),0.0004702042574734333,True,0.46085365519629207,2418083
nfcorpus,18,selection,100,8644,100,glob_probe,best_in_menu_on_eval,0.00028239496717022416,True,,2418083
nfcorpus,19,recalibration,100,8467,100,ad_probe,ad_c(full_target_scalar_reference),0.0010009524342760867,True,1.8646611971347777,2419083
nfcorpus,19,selection,100,8467,100,glob_probe,best_in_menu_on_eval,0.0035774917173497234,True,,2419083
nfcorpus,20,recalibration,100,8706,100,ad_probe,ad_c(full_target_scalar_reference),0.0022490883585671306,True,2.4281631865755013,2420083
nfcorpus,20,selection,100,8706,100,glob_probe,best_in_menu_on_eval,0.0,True,,2420083
nfcorpus,21,recalibration,100,8768,100,ad_probe,ad_c(full_target_scalar_reference),0.0005277824672471898,True,0.3594220085481421,2421083
nfcorpus,21,selection,100,8768,100,glob_probe,best_in_menu_on_eval,0.0,True,,2421083
nfcorpus,22,recalibration,100,8782,100,ad_probe,ad_c(full_target_scalar_reference),0.0029487271669886295,True,1.3695409944899257,2422083
nfcorpus,22,selection,100,8782,100,glob_probe,best_in_menu_on_eval,0.0010340195746539604,True,,2422083
nfcorpus,23,recalibration,100,8815,100,ad_probe,ad_c(full_target_scalar_reference),0.0017237690066551348,True,1.0152831834064973,2423083
nfcorpus,23,selection,100,8815,100,glob_probe,best_in_menu_on_eval,0.002656609348052119,True,,2423083
nfcorpus,24,recalibration,100,8613,100,ad_probe,ad_c(full_target_scalar_reference),0.00021217039840332186,True,2.371475333369684,2424083
nfcorpus,24,selection,100,8613,100,glob_probe,best_in_menu_on_eval,0.0012790668595918653,True,,2424083
nfcorpus,25,recalibration,100,8762,100,ad_probe,ad_c(full_target_scalar_reference),0.0023244598978269526,True,1.0351317755824052,2425083
nfcorpus,25,selection,100,8762,100,glob_probe,best_in_menu_on_eval,0.0012586741656663847,True,,2425083
nfcorpus,26,recalibration,100,8641,100,ad_probe,ad_c(full_target_scalar_reference),0.004085368875715312,True,2.7335805031586133,2426083
nfcorpus,26,selection,100,8641,100,ad_probe,best_in_menu_on_eval,0.0,True,,2426083
nfcorpus,27,recalibration,100,8508,100,ad_probe,ad_c(full_target_scalar_reference),0.0003631916186057904,True,3.977129663942444,2427083
nfcorpus,27,selection,100,8508,100,glob_probe,best_in_menu_on_eval,0.00013371756956598313,True,,2427083
nfcorpus,28,recalibration,100,8869,100,ad_probe,ad_c(full_target_scalar_reference),0.00018061458901380556,True,0.04218318901807372,2428083
nfcorpus,28,selection,100,8869,100,glob_probe,best_in_menu_on_eval,0.005591322813280258,True,,2428083
nfcorpus,29,recalibration,100,8648,100,ad_probe,ad_c(full_target_scalar_reference),0.003463114410877488,True,1.7484513923679845,2429083
nfcorpus,29,selection,100,8648,100,glob_probe,best_in_menu_on_eval,0.0005176235891047876,True,,2429083
nfcorpus,30,recalibration,100,8617,100,ad_probe,ad_c(full_target_scalar_reference),0.000136434244848882,True,0.03937185032486035,2430083
nfcorpus,30,selection,100,8617,100,ad_probe,best_in_menu_on_eval,0.0,True,,2430083
nfcorpus,31,recalibration,100,8531,100,ad_probe,ad_c(full_target_scalar_reference),0.0018258802054516021,True,1.3306863995705545,2431083
nfcorpus,31,selection,100,8531,100,glob_probe,best_in_menu_on_eval,0.003122256951619412,True,,2431083
nfcorpus,32,recalibration,100,8586,100,ad_probe,ad_c(full_target_scalar_reference),0.00038967311796647697,True,0.7307856290300361,2432083
nfcorpus,32,selection,100,8586,100,ad_probe,best_in_menu_on_eval,0.0,True,,2432083
nfcorpus,33,recalibration,100,8628,100,ad_probe,ad_c(full_target_scalar_reference),0.002126582106019903,True,1.620841529206336,2433083
nfcorpus,33,selection,100,8628,100,ad_probe,best_in_menu_on_eval,0.002982435910824116,True,,2433083
nfcorpus,34,recalibration,100,8802,100,ad_probe,ad_c(full_target_scalar_reference),0.000667915296632321,True,0.6736666371630751,2434083
nfcorpus,34,selection,100,8802,100,glob_probe,best_in_menu_on_eval,0.0,True,,2434083
nfcorpus,35,recalibration,100,8668,100,ad_probe,ad_c(full_target_scalar_reference),0.0022232933884360206,True,2.543876116392047,2435083
nfcorpus,35,selection,100,8668,100,glob_probe,best_in_menu_on_eval,0.0,True,,2435083
nfcorpus,36,recalibration,100,8669,100,ad_probe,ad_c(full_target_scalar_reference),0.003382624455387173,True,2.6851194614170613,2436083
nfcorpus,36,selection,100,8669,100,ad_probe,best_in_menu_on_eval,0.0026596372500251597,True,,2436083
nfcorpus,37,recalibration,100,8607,100,ad_probe,ad_c(full_target_scalar_reference),0.0004304419927139147,True,0.739383219562475,2437083
nfcorpus,37,selection,100,8607,100,glob_probe,best_in_menu_on_eval,0.0,True,,2437083
nfcorpus,38,recalibration,100,8700,100,ad_probe,ad_c(full_target_scalar_reference),0.0017809263633237482,True,1.3087313367148834,2438083
nfcorpus,38,selection,100,8700,100,glob_probe,best_in_menu_on_eval,0.0011605042461760584,True,,2438083
nfcorpus,39,recalibration,100,8678,100,ad_probe,ad_c(full_target_scalar_reference),0.002015039919583045,True,2.7262407147850265,2439083
nfcorpus,39,selection,100,8678,100,ad_probe,best_in_menu_on_eval,0.0,True,,2439083
nfcorpus,40,recalibration,100,8749,100,ad_probe,ad_c(full_target_scalar_reference),0.0015919512013949644,True,0.9902174246835944,2440083
nfcorpus,40,selection,100,8749,100,ad_probe,best_in_menu_on_eval,0.0,True,,2440083
nfcorpus,41,recalibration,100,8553,100,ad_probe,ad_c(full_target_scalar_reference),5.011717543068617e-05,True,0.12844621116320987,2441083
nfcorpus,41,selection,100,8553,100,glob_probe,best_in_menu_on_eval,0.0025802499054765893,True,,2441083
nfcorpus,42,recalibration,100,8551,100,ad_probe,ad_c(full_target_scalar_reference),0.0015795232268294435,True,0.694468868663666,2442083
nfcorpus,42,selection,100,8551,100,ad_probe,best_in_menu_on_eval,0.0,True,,2442083
nfcorpus,43,recalibration,100,8772,100,ad_probe,ad_c(full_target_scalar_reference),0.00032883040727402224,True,0.19295958724658213,2443083
nfcorpus,43,selection,100,8772,100,ad_probe,best_in_menu_on_eval,0.0,True,,2443083
nfcorpus,44,recalibration,100,8336,100,ad_probe,ad_c(full_target_scalar_reference),1.2997985312290794e-05,True,0.07607662343633059,2444083
nfcorpus,44,selection,100,8336,100,glob_probe,best_in_menu_on_eval,0.0005147619321635988,True,,2444083
nfcorpus,45,recalibration,100,8520,100,ad_probe,ad_c(full_target_scalar_reference),0.001763899179007239,True,1.4244696109264332,2445083
nfcorpus,45,selection,100,8520,100,glob_probe,best_in_menu_on_eval,0.003089997284820706,True,,2445083
nfcorpus,46,recalibration,100,8694,100,ad_probe,ad_c(full_target_scalar_reference),0.0016299291408875538,True,0.7030237852022214,2446083
nfcorpus,46,selection,100,8694,100,glob_probe,best_in_menu_on_eval,0.004545256609201076,True,,2446083
nfcorpus,47,recalibration,100,8540,100,ad_probe,ad_c(full_target_scalar_reference),0.001365381577519087,True,1.8837436341943707,2447083
nfcorpus,47,selection,100,8540,100,glob_probe,best_in_menu_on_eval,0.003148341668236798,True,,2447083
nfcorpus,48,recalibration,100,8728,100,ad_probe,ad_c(full_target_scalar_reference),0.0002063663593192544,True,0.32485516431597183,2448083
nfcorpus,48,selection,100,8728,100,glob_probe,best_in_menu_on_eval,0.0033999928757503795,True,,2448083
nfcorpus,49,recalibration,100,8608,100,ad_probe,ad_c(full_target_scalar_reference),0.005022276732316894,False,3.604229227077189,2449083
nfcorpus,49,selection,100,8608,100,glob_probe,best_in_menu_on_eval,0.0,True,,2449083
scifact,0,recalibration,5,450,5,ad_probe,ad_c(full_target_scalar_reference),0.0027306967984933594,True,0.03628947377078551,2000490
scifact,0,selection,5,450,5,glob_probe,best_in_menu_on_eval,0.020929879912930827,False,,2000490
scifact,1,recalibration,5,378,5,ad_probe,ad_c(full_target_scalar_reference),0.0003040086090934091,True,0.10515767500166928,2001490
scifact,1,selection,5,378,5,glob_probe,best_in_menu_on_eval,0.2180629539951573,False,,2001490
scifact,2,recalibration,5,440,5,ad_probe,ad_c(full_target_scalar_reference),0.0027306967984933594,True,0.05001506890323504,2002490
scifact,2,selection,5,440,5,glob_probe,best_in_menu_on_eval,0.0976952237969188,False,,2002490
scifact,3,recalibration,5,428,5,ad_probe,ad_c(full_target_scalar_reference),0.0027306967984933594,True,0.05001506890323504,2003490
scifact,3,selection,5,428,5,glob_probe,best_in_menu_on_eval,0.026198547215496415,False,,2003490
scifact,4,recalibration,5,400,5,ad_probe,ad_c(full_target_scalar_reference),0.002676889965025575,True,0.19798602076700278,2004490
scifact,4,selection,5,400,5,glob_probe,best_in_menu_on_eval,0.07398708635996776,False,,2004490
scifact,5,recalibration,5,448,5,ad_probe,ad_c(full_target_scalar_reference),0.002163034705407574,True,0.02203432905538749,2005490
scifact,5,selection,5,448,5,glob_probe,best_in_menu_on_eval,0.01420867268324888,False,,2005490
scifact,6,recalibration,5,422,5,ad_probe,ad_c(full_target_scalar_reference),0.000191014258810851,True,0.08579898792244178,2006490
scifact,6,selection,5,422,5,glob_probe,best_in_menu_on_eval,0.015061510993714222,False,,2006490
scifact,7,recalibration,5,426,5,ad_probe,ad_c(full_target_scalar_reference),0.0011218724778047084,True,0.14136287028551897,2007490
scifact,7,selection,5,426,5,glob_probe,best_in_menu_on_eval,0.009839557805659593,True,,2007490
scifact,8,recalibration,5,418,5,ad_probe,ad_c(full_target_scalar_reference),0.0025907990314770757,True,0.17334895782238324,2008490
scifact,8,selection,5,418,5,glob_probe,best_in_menu_on_eval,0.026338444982512754,False,,2008490
scifact,9,recalibration,5,422,5,ad_probe,ad_c(full_target_scalar_reference),0.0,True,0.010871210320610891,2009490
scifact,9,selection,5,422,5,glob_probe,best_in_menu_on_eval,0.05411891310196387,False,,2009490
scifact,10,recalibration,5,458,5,ad_probe,ad_c(full_target_scalar_reference),0.0027306967984933594,True,0.03479113987341198,2010490
scifact,10,selection,5,458,5,glob_probe,best_in_menu_on_eval,0.009925648739207982,True,,2010490
scifact,11,recalibration,5,364,5,ad_probe,ad_c(full_target_scalar_reference),0.0001210653753026536,True,0.013408806436780996,2011490
scifact,11,selection,5,364,5,glob_probe,best_in_menu_on_eval,0.03423997847726662,False,,2011490
scifact,12,recalibration,5,392,5,ad_probe,ad_c(full_target_scalar_reference),0.012015065913370981,False,0.3102254742961196,2012490
scifact,12,selection,5,392,5,glob_probe,best_in_menu_on_eval,0.024060703891212176,False,,2012490
scifact,13,recalibration,5,412,5,ad_probe,ad_c(full_target_scalar_reference),0.0,True,0.018720056958697273,2013490
scifact,13,selection,5,412,5,glob_probe,best_in_menu_on_eval,0.011526402034876648,False,,2013490
scifact,14,recalibration,5,467,5,ad_probe,ad_c(full_target_scalar_reference),0.009814366424535814,False,0.2807274589834672,2014490
scifact,14,selection,5,467,5,glob_probe,best_in_menu_on_eval,0.08948161066805138,False,,2014490
scifact,15,recalibration,5,390,5,ad_probe,ad_c(full_target_scalar_reference),0.0027306967984933594,True,0.050016915137332196,2015490
scifact,15,selection,5,390,5,glob_probe,best_in_menu_on_eval,0.026198547215496304,False,,2015490
scifact,16,recalibration,5,372,5,ad_probe,ad_c(full_target_scalar_reference),0.0010868980360504432,True,0.16519525329910423,2016490
scifact,16,selection,5,372,5,glob_probe,best_in_menu_on_eval,0.12446327683615815,False,,2016490
scifact,17,recalibration,5,399,5,ad_probe,ad_c(full_target_scalar_reference),0.00245090126446057,True,0.20614914153256325,2017490
scifact,17,selection,5,399,5,glob_probe,best_in_menu_on_eval,0.036004842615012134,False,,2017490
scifact,18,recalibration,5,439,5,ad_probe,ad_c(full_target_scalar_reference),0.00047080979284364055,True,0.0336557667138172,2018490
scifact,18,selection,5,439,5,glob_probe,best_in_menu_on_eval,0.009879912930760404,True,,2018490
scifact,19,recalibration,5,466,5,ad_probe,ad_c(full_target_scalar_reference),0.000191014258810851,True,0.0895533016544523,2019490
scifact,19,selection,5,466,5,ad_probe,best_in_menu_on_eval,0.0,True,,2019490
scifact,20,recalibration,5,433,5,ad_probe,ad_c(full_target_scalar_reference),0.004285714285714337,True,0.18657506641461796,2020490
scifact,20,selection,5,433,5,glob_probe,best_in_menu_on_eval,0.007985912392692085,True,,2020490
scifact,21,recalibration,5,420,5,ad_probe,ad_c(full_target_scalar_reference),0.01698681732580043,False,0.3448677969059102,2021490
scifact,21,selection,5,420,5,glob_probe,best_in_menu_on_eval,0.04024384278621562,False,,2021490
scifact,22,recalibration,5,434,5,ad_probe,ad_c(full_target_scalar_reference),0.0,True,0.0021997197401049107,2022490
scifact,22,selection,5,434,5,ad_probe,best_in_menu_on_eval,0.0,True,,2022490
scifact,23,recalibration,5,407,5,ad_probe,ad_c(full_target_scalar_reference),0.0017729351627654433,True,0.1901063073404211,2023490
scifact,23,selection,5,407,5,glob_probe,best_in_menu_on_eval,0.07308313155770751,False,,2023490
scifact,24,recalibration,5,384,5,ad_probe,ad_c(full_target_scalar_reference),0.009739036857681072,False,0.25709655177397583,2024490
scifact,24,selection,5,384,5,glob_probe,best_in_menu_on_eval,0.0006116858659229729,True,,2024490
scifact,25,recalibration,5,427,5,ad_probe,ad_c(full_target_scalar_reference),0.0,True,0.0046473729755918125,2025490
scifact,25,selection,5,427,5,glob_probe,best_in_menu_on_eval,0.03005918751681458,False,,2025490
scifact,26,recalibration,5,432,5,ad_probe,ad_c(full_target_scalar_reference),0.00014796879203649027,True,0.07638938354766489,2026490
scifact,26,selection,5,432,5,trunc,best_in_menu_on_eval,0.11299049400419203,False,,2026490
scifact,27,recalibration,5,413,5,ad_probe,ad_c(full_target_scalar_reference),0.00020446596717782484,True,0.08047736123948801,2027490
scifact,27,selection,5,413,5,glob_probe,best_in_menu_on_eval,0.011165896250642016,False,,2027490
scifact,28,recalibration,5,414,5,ad_probe,ad_c(full_target_scalar_reference),0.0001479687920366013,True,0.07449887915526476,2028490
scifact,28,selection,5,414,5,ad_probe,best_in_menu_on_eval,0.0,True,,2028490
scifact,29,recalibration,5,412,5,ad_probe,ad_c(full_target_scalar_reference),0.0,True,0.00563396878813438,2029490
scifact,29,selection,5,412,5,glob_probe,best_in_menu_on_eval,0.012656345537701563,False,,2029490
scifact,30,recalibration,5,408,5,ad_probe,ad_c(full_target_scalar_reference),0.018504170029593703,False,0.36160969255407416,2030490
scifact,30,selection,5,408,5,glob_probe,best_in_menu_on_eval,0.08981436642453589,False,,2030490
scifact,31,recalibration,5,372,5,ad_probe,ad_c(full_target_scalar_reference),0.0012779122948614052,True,0.059972309628497755,2031490
scifact,31,selection,5,372,5,trunc,best_in_menu_on_eval,0.11145699925035829,False,,2031490
scifact,32,recalibration,5,426,5,ad_probe,ad_c(full_target_scalar_reference),0.002163034705407685,True,0.02203432905538749,2032490
scifact,32,selection,5,426,5,ad_probe,best_in_menu_on_eval,0.0,True,,2032490
scifact,33,recalibration,5,409,5,ad_probe,ad_c(full_target_scalar_reference),0.01634186905373347,False,0.5761069692294989,2033490
scifact,33,selection,5,409,5,glob_probe,best_in_menu_on_eval,0.0,True,,2033490
scifact,34,recalibration,5,415,5,ad_probe,ad_c(full_target_scalar_reference),0.01358891579230559,False,0.3049252011981838,2034490
scifact,34,selection,5,415,5,ad_probe,best_in_menu_on_eval,0.0,True,,2034490
scifact,35,recalibration,5,389,5,ad_probe,ad_c(full_target_scalar_reference),0.0001479687920366013,True,0.07638938354766489,2035490
scifact,35,selection,5,389,5,glob_probe,best_in_menu_on_eval,0.010956049600117312,False,,2035490
scifact,36,recalibration,5,429,5,ad_probe,ad_c(full_target_scalar_reference),0.0008259348937313948,True,0.10515767500166928,2036490
scifact,36,selection,5,429,5,glob_probe,best_in_menu_on_eval,0.012960354146794861,False,,2036490
scifact,37,recalibration,5,385,5,ad_probe,ad_c(full_target_scalar_reference),0.01268496099004579,False,0.24318471899759608,2037490
scifact,37,selection,5,385,5,trunc,best_in_menu_on_eval,0.12575885558611288,False,,2037490
scifact,38,recalibration,5,413,5,ad_probe,ad_c(full_target_scalar_reference),0.00195587839655631,True,0.04718894109127003,2038490
scifact,38,selection,5,413,5,ad_probe,best_in_menu_on_eval,0.0,True,,2038490
scifact,39,recalibration,5,419,5,ad_probe,ad_c(full_target_scalar_reference),0.0012779122948616273,True,0.058412024664215245,2039490
scifact,39,selection,5,419,5,glob_probe,best_in_menu_on_eval,0.06924132364810326,False,,2039490
scifact,40,recalibration,5,438,5,ad_probe,ad_c(full_target_scalar_reference),0.013711448626702927,False,0.4373767080896276,2040490
scifact,40,selection,5,438,5,glob_probe,best_in_menu_on_eval,0.0006398121652357869,True,,2040490
scifact,41,recalibration,5,420,5,ad_probe,ad_c(full_target_scalar_reference),0.0016599408124832182,True,0.10128303244746084,2041490
scifact,41,selection,5,420,5,ad_probe,best_in_menu_on_eval,0.0,True,,2041490
scifact,42,recalibration,5,392,5,ad_probe,ad_c(full_target_scalar_reference),0.007035243475921327,False,0.23887076687504472,2042490
scifact,42,selection,5,392,5,glob_probe,best_in_menu_on_eval,0.06149313962873276,False,,2042490
scifact,43,recalibration,5,438,5,ad_probe,ad_c(full_target_scalar_reference),0.0004170029593758562,True,0.19783936428841398,2043490
scifact,43,selection,5,438,5,ad_probe,best_in_menu_on_eval,0.0,True,,2043490
scifact,44,recalibration,5,391,5,ad_probe,ad_c(full_target_scalar_reference),0.018843153080441155,False,0.36677139353295407,2044490
scifact,44,selection,5,391,5,glob_probe,best_in_menu_on_eval,0.08958837772397088,False,,2044490
scifact,45,recalibration,5,463,5,ad_probe,ad_c(full_target_scalar_reference),0.000191014258810962,True,0.086762422370666,2045490
scifact,45,selection,5,463,5,glob_probe,best_in_menu_on_eval,0.02219330575262779,False,,2045490
scifact,46,recalibration,5,403,5,ad_probe,ad_c(full_target_scalar_reference),0.0011218724778047084,True,0.1488692605577968,2046490
scifact,46,selection,5,403,5,glob_probe,best_in_menu_on_eval,0.16543987086359963,False,,2046490
scifact,47,recalibration,5,413,5,ad_probe,ad_c(full_target_scalar_reference),0.007801012546775232,False,0.34386091284695164,2047490
scifact,47,selection,5,413,5,ad_probe,best_in_menu_on_eval,0.0,True,,2047490
scifact,48,recalibration,5,442,5,ad_probe,ad_c(full_target_scalar_reference),0.0010949690610708718,True,0.09939902872401873,2048490
scifact,48,selection,5,442,5,glob_probe,best_in_menu_on_eval,0.05668280871670711,False,,2048490
scifact,49,recalibration,5,427,5,ad_probe,ad_c(full_target_scalar_reference),0.000556900726392251,True,0.11491277202916339,2049490
scifact,49,selection,5,427,5,glob_probe,best_in_menu_on_eval,0.009793821997211793,True,,2049490
scifact,0,recalibration,10,835,10,ad_probe,ad_c(full_target_scalar_reference),0.0030049261083743284,True,0.04141472041642924,9
scifact,0,selection,10,835,10,glob_probe,best_in_menu_on_eval,0.034436234263820475,False,,9
scifact,1,recalibration,10,748,10,ad_probe,ad_c(full_target_scalar_reference),0.0008839627805143913,True,0.1127306634313614,1009
scifact,1,selection,10,748,10,ad_probe,best_in_menu_on_eval,0.0,True,,1009
scifact,2,recalibration,10,800,10,ad_probe,ad_c(full_target_scalar_reference),0.0008839627805143913,True,0.11931785194607258,2009
scifact,2,selection,10,800,10,glob_probe,best_in_menu_on_eval,0.02996715927750393,False,,2009
scifact,3,recalibration,10,784,10,ad_probe,ad_c(full_target_scalar_reference),0.011064586754242045,False,0.27786715902575576,3009
scifact,3,selection,10,784,10,ad_probe,best_in_menu_on_eval,0.0,True,,3009
scifact,4,recalibration,10,856,10,ad_probe,ad_c(full_target_scalar_reference),0.00012315270935969735,True,0.01406147668862423,4009
scifact,4,selection,10,856,10,glob_probe,best_in_menu_on_eval,0.014147136388515835,False,,4009
scifact,5,recalibration,10,897,10,ad_probe,ad_c(full_target_scalar_reference),0.0030049261083744394,True,0.028893937880674736,5009
scifact,5,selection,10,897,10,glob_probe,best_in_menu_on_eval,0.029717121958501402,False,,5009
scifact,6,recalibration,10,894,10,ad_probe,ad_c(full_target_scalar_reference),0.0012999452654625099,True,0.06813132420780899,6009
scifact,6,selection,10,894,10,ad_probe,best_in_menu_on_eval,0.0,True,,6009
scifact,7,recalibration,10,844,10,ad_probe,ad_c(full_target_scalar_reference),0.0012999452654623989,True,0.07268904463910175,7009
scifact,7,selection,10,844,10,glob_probe,best_in_menu_on_eval,0.07296387520525455,False,,7009
scifact,8,recalibration,10,817,10,ad_probe,ad_c(full_target_scalar_reference),0.00015051997810611173,True,0.07470797193067547,8009
scifact,8,selection,10,817,10,glob_probe,best_in_menu_on_eval,0.013873463701049915,False,,8009
scifact,9,recalibration,10,879,10,ad_probe,ad_c(full_target_scalar_reference),0.00012315270935958633,True,0.010338592919433731,9009
scifact,9,selection,10,879,10,ad_probe,best_in_menu_on_eval,0.0,True,,9009
scifact,10,recalibration,10,889,10,ad_probe,ad_c(full_target_scalar_reference),0.0016283524904214808,True,0.056380705837487,10009
scifact,10,selection,10,889,10,glob_probe,best_in_menu_on_eval,0.03882594417077173,False,,10009
scifact,11,recalibration,10,837,10,ad_probe,ad_c(full_target_scalar_reference),0.002175697865352988,True,0.026013518113188416,11009
scifact,11,selection,10,837,10,glob_probe,best_in_menu_on_eval,0.02193008141283992,False,,11009
scifact,12,recalibration,10,851,10,ad_probe,ad_c(full_target_scalar_reference),0.00998357963875196,False,0.28351235949816056,12009
scifact,12,selection,10,851,10,glob_probe,best_in_menu_on_eval,0.0017415534656913811,True,,12009
scifact,13,recalibration,10,871,10,ad_probe,ad_c(full_target_scalar_reference),0.009084938050455182,False,0.3082563324537757,13009
scifact,13,selection,10,871,10,glob_probe,best_in_menu_on_eval,0.025622232173956316,False,,13009
scifact,14,recalibration,10,777,10,ad_probe,ad_c(full_target_scalar_reference),0.0022003284072249496,True,0.021440512209388474,14009
scifact,14,selection,10,777,10,glob_probe,best_in_menu_on_eval,0.015376673135293784,False,,14009
scifact,15,recalibration,10,882,10,ad_probe,ad_c(full_target_scalar_reference),0.0022003284072249496,True,0.023545280878560115,15009
scifact,15,selection,10,882,10,glob_probe,best_in_menu_on_eval,0.014845001741553343,False,,15009
scifact,16,recalibration,10,835,10,ad_probe,ad_c(full_target_scalar_reference),0.001688560481663992,True,0.14910462649452305,16009
scifact,16,selection,10,835,10,glob_probe,best_in_menu_on_eval,0.027596158630641354,False,,16009
scifact,17,recalibration,10,773,10,ad_probe,ad_c(full_target_scalar_reference),0.0007197591680350168,True,0.114403405354778,17009
scifact,17,selection,10,773,10,glob_probe,best_in_menu_on_eval,0.027481216101905792,False,,17009
scifact,18,recalibration,10,843,10,ad_probe,ad_c(full_target_scalar_reference),0.0008839627805146133,True,0.11704996430142955,18009
scifact,18,selection,10,843,10,glob_probe,best_in_menu_on_eval,0.01258172861621143,False,,18009
scifact,19,recalibration,10,805,10,ad_probe,ad_c(full_target_scalar_reference),0.0016392993979199577,True,0.18661042411458317,19009
scifact,19,selection,10,805,10,glob_probe,best_in_menu_on_eval,0.17464696223316906,False,,19009
scifact,20,recalibration,10,803,10,ad_probe,ad_c(full_target_scalar_reference),0.0003092501368362477,True,0.11869738037087973,20009
scifact,20,selection,10,803,10,glob_probe,best_in_menu_on_eval,0.0555993431855501,False,,20009
scifact,21,recalibration,10,874,10,ad_probe,ad_c(full_target_scalar_reference),0.0,True,0.007800092479589127,21009
scifact,21,selection,10,874,10,glob_probe,best_in_menu_on_eval,0.010759068517689263,False,,21009
scifact,22,recalibration,10,784,10,ad_probe,ad_c(full_target_scalar_reference),0.0026573617952928563,True,0.2025555477627723,22009
scifact,22,selection,10,784,10,ad_probe,best_in_menu_on_eval,0.0,True,,22009
scifact,23,recalibration,10,752,10,ad_probe,ad_c(full_target_scalar_reference),0.0015654077723042947,True,0.1316987518260352,23009
scifact,23,selection,10,752,10,ad_probe,best_in_menu_on_eval,0.0,True,,23009
scifact,24,recalibration,10,825,10,ad_probe,ad_c(full_target_scalar_reference),0.0022003284072249496,True,0.02420480497697408,24009
scifact,24,selection,10,825,10,glob_probe,best_in_menu_on_eval,0.07451012588943629,False,,24009
scifact,25,recalibration,10,854,10,ad_probe,ad_c(full_target_scalar_reference),0.0014586754241926458,True,0.14620835331974025,25009
scifact,25,selection,10,854,10,ad_probe,best_in_menu_on_eval,0.0,True,,25009
scifact,26,recalibration,10,799,10,ad_probe,ad_c(full_target_scalar_reference),0.0,True,0.009324957432659264,26009
scifact,26,selection,10,799,10,glob_probe,best_in_menu_on_eval,0.025382146589043142,False,,26009
scifact,27,recalibration,10,866,10,ad_probe,ad_c(full_target_scalar_reference),0.0030049261083743284,True,0.03681064465759909,27009
scifact,27,selection,10,866,10,glob_probe,best_in_menu_on_eval,0.013534109568592245,False,,27009
scifact,28,recalibration,10,833,10,ad_probe,ad_c(full_target_scalar_reference),0.002777777777777768,True,0.05035318268371247,28009
scifact,28,selection,10,833,10,glob_probe,best_in_menu_on_eval,0.02040846127053031,False,,28009
scifact,29,recalibration,10,783,10,ad_probe,ad_c(full_target_scalar_reference),0.01175424192665575,False,0.2521465424037148,29009
scifact,29,selection,10,783,10,glob_probe,best_in_menu_on_eval,0.07002463054187208,False,,29009
scifact,30,recalibration,10,869,10,ad_probe,ad_c(full_target_scalar_reference),0.00012315270935958633,True,0.013201422343212865,30009
scifact,30,selection,10,869,10,glob_probe,best_in_menu_on_eval,0.02342538687366269,False,,30009
scifact,31,recalibration,10,858,10,ad_probe,ad_c(full_target_scalar_reference),0.009084938050455293,False,0.2911118166765001,31009
scifact,31,selection,10,858,10,glob_probe,best_in_menu_on_eval,0.026196944817634515,False,,31009
scifact,32,recalibration,10,868,10,ad_probe,ad_c(full_target_scalar_reference),0.0022003284072250606,True,0.02209394373435125,32009
scifact,32,selection,10,868,10,glob_probe,best_in_menu_on_eval,0.015115937702144588,False,,32009
scifact,33,recalibration,10,860,10,ad_probe,ad_c(full_target_scalar_reference),0.0016174055829228928,True,0.1217481073440776,33009
scifact,33,selection,10,860,10,glob_probe,best_in_menu_on_eval,0.02386768404009787,False,,33009
scifact,34,recalibration,10,860,10,ad_probe,ad_c(full_target_scalar_reference),0.0012999452654625099,True,0.06345447916223224,34009
scifact,34,selection,10,860,10,glob_probe,best_in_menu_on_eval,0.03444170771756977,False,,34009
scifact,35,recalibration,10,769,10,ad_probe,ad_c(full_target_scalar_reference),0.0,True,0.01287402668259241,35009
scifact,35,selection,10,769,10,glob_probe,best_in_menu_on_eval,0.012023436333781112,False,,35009
scifact,36,recalibration,10,824,10,ad_probe,ad_c(full_target_scalar_reference),0.002777777777777768,True,0.04875357095838129,36009
scifact,36,selection,10,824,10,glob_probe,best_in_menu_on_eval,0.0212907399114296,False,,36009
scifact,37,recalibration,10,831,10,ad_probe,ad_c(full_target_scalar_reference),2.189381499717591e-05,True,0.08279430737864746,37009
scifact,37,selection,10,831,10,glob_probe,best_in_menu_on_eval,0.02266731352938256,False,,37009
scifact,38,recalibration,10,827,10,ad_probe,ad_c(full_target_scalar_reference),0.0014586754241926458,True,0.1260261865657537,38009
scifact,38,selection,10,827,10,glob_probe,best_in_menu_on_eval,0.014333233815992497,False,,38009
scifact,39,recalibration,10,775,10,ad_probe,ad_c(full_target_scalar_reference),0.005673234811165884,False,0.20150388526777796,39009
scifact,39,selection,10,775,10,glob_probe,best_in_menu_on_eval,0.017212213074282,False,,39009
scifact,40,recalibration,10,809,10,ad_probe,ad_c(full_target_scalar_reference),0.0008839627805143913,True,0.10625850947044901,40009
scifact,40,selection,10,809,10,glob_probe,best_in_menu_on_eval,0.05886699507389159,False,,40009
scifact,41,recalibration,10,831,10,ad_probe,ad_c(full_target_scalar_reference),0.00012315270935969735,True,0.014179037043014375,41009
scifact,41,selection,10,831,10,glob_probe,best_in_menu_on_eval,0.012997711101159326,False,,41009
scifact,42,recalibration,10,822,10,ad_probe,ad_c(full_target_scalar_reference),0.0003092501368363587,True,0.1149658934837694,42009
scifact,42,selection,10,822,10,glob_probe,best_in_menu_on_eval,0.02322834253868733,False,,42009
scifact,43,recalibration,10,831,10,ad_probe,ad_c(full_target_scalar_reference),0.0022003284072249496,True,0.025918157033431033,43009
scifact,43,selection,10,831,10,glob_probe,best_in_menu_on_eval,0.013460964323033342,False,,43009
scifact,44,recalibration,10,842,10,ad_probe,ad_c(full_target_scalar_reference),0.0,True,0.015366555181086428,44009
scifact,44,selection,10,842,10,glob_probe,best_in_menu_on_eval,0.014896999552171941,False,,44009
scifact,45,recalibration,10,880,10,ad_probe,ad_c(full_target_scalar_reference),0.0006677613574165298,True,0.0910084951704957,45009
scifact,45,selection,10,880,10,glob_probe,best_in_menu_on_eval,0.030095785440613032,False,,45009
scifact,46,recalibration,10,863,10,ad_probe,ad_c(full_target_scalar_reference),0.002777777777777657,True,0.03568878431538347,46009
scifact,46,selection,10,863,10,glob_probe,best_in_menu_on_eval,0.032848932676519005,False,,46009
scifact,47,recalibration,10,789,10,ad_probe,ad_c(full_target_scalar_reference),0.0020333880678706784,True,0.13795264763143145,47009
scifact,47,selection,10,789,10,glob_probe,best_in_menu_on_eval,0.027251331044434446,False,,47009
scifact,48,recalibration,10,847,10,ad_probe,ad_c(full_target_scalar_reference),0.00019978106185003508,True,0.10899055810586411,48009
scifact,48,selection,10,847,10,glob_probe,best_in_menu_on_eval,0.03548166392993979,False,,48009
scifact,49,recalibration,10,798,10,ad_probe,ad_c(full_target_scalar_reference),0.001392993979201007,True,0.17379056548306582,49009
scifact,49,selection,10,798,10,glob_probe,best_in_menu_on_eval,0.22440065681444998,False,,49009
scifact,0,recalibration,20,1794,20,ad_probe,ad_c(full_target_scalar_reference),0.002278911564625785,True,0.02457347079001515,2200163
scifact,0,selection,20,1794,20,glob_probe,best_in_menu_on_eval,0.06256235827664408,False,,2200163
scifact,1,recalibration,20,1689,20,ad_probe,ad_c(full_target_scalar_reference),0.0001558956916100085,True,0.07890552669411699,2201163
scifact,1,selection,20,1689,20,glob_probe,best_in_menu_on_eval,0.03091836734693887,False,,2201163
scifact,2,recalibration,20,1657,20,ad_probe,ad_c(full_target_scalar_reference),0.002417800453514918,True,0.048647470699588524,2202163
scifact,2,selection,20,1657,20,glob_probe,best_in_menu_on_eval,0.06372165532879831,False,,2202163
scifact,3,recalibration,20,1674,20,ad_probe,ad_c(full_target_scalar_reference),0.002278911564625785,True,0.02092048070349317,2203163
scifact,3,selection,20,1674,20,glob_probe,best_in_menu_on_eval,0.06132086167800449,False,,2203163
scifact,4,recalibration,20,1745,20,ad_probe,ad_c(full_target_scalar_reference),0.0003344671201813698,True,0.08427508648616655,2204163
scifact,4,selection,20,1745,20,glob_probe,best_in_menu_on_eval,0.017240259740259667,False,,2204163
scifact,5,recalibration,20,1699,20,ad_probe,ad_c(full_target_scalar_reference),0.0005640589569159138,True,0.10972961979381268,2205163
scifact,5,selection,20,1699,20,glob_probe,best_in_menu_on_eval,0.013016903731189244,False,,2205163
scifact,6,recalibration,20,1749,20,ad_probe,ad_c(full_target_scalar_reference),0.0,True,0.01766176089169269,2206163
scifact,6,selection,20,1749,20,ad_probe,best_in_menu_on_eval,0.0,True,,2206163
scifact,7,recalibration,20,1642,20,ad_probe,ad_c(full_target_scalar_reference),0.0014285714285714457,True,0.020012826677734408,2207163
scifact,7,selection,20,1642,20,ad_probe,best_in_menu_on_eval,0.0,True,,2207163
scifact,8,recalibration,20,1680,20,ad_probe,ad_c(full_target_scalar_reference),0.0017176870748298878,True,0.1278635193385087,2208163
scifact,8,selection,20,1680,20,glob_probe,best_in_menu_on_eval,0.012211915069057833,False,,2208163
scifact,9,recalibration,20,1711,20,ad_probe,ad_c(full_target_scalar_reference),0.0034693877551020824,True,0.03724530814980165,2209163
scifact,9,selection,20,1711,20,glob_probe,best_in_menu_on_eval,0.04613378684807262,False,,2209163
scifact,10,recalibration,20,1682,20,ad_probe,ad_c(full_target_scalar_reference),0.0028996598639455806,True,0.1374077239959528,2210163
scifact,10,selection,20,1682,20,glob_probe,best_in_menu_on_eval,0.014845135023706546,False,,2210163
scifact,11,recalibration,20,1641,20,ad_probe,ad_c(full_target_scalar_reference),0.0003656462585034381,True,0.12238412895821904,2211163
scifact,11,selection,20,1641,20,glob_probe,best_in_menu_on_eval,0.07525793650793655,False,,2211163
scifact,12,recalibration,20,1706,20,ad_probe,ad_c(full_target_scalar_reference),0.0006377551020406713,True,0.07968566917625819,2212163
scifact,12,selection,20,1706,20,glob_probe,best_in_menu_on_eval,0.030085034013605405,False,,2212163
scifact,13,recalibration,20,1652,20,ad_probe,ad_c(full_target_scalar_reference),0.0013463718820863058,True,0.06657458182095777,2213163
scifact,13,selection,20,1652,20,glob_probe,best_in_menu_on_eval,0.010987425273139562,False,,2213163
scifact,14,recalibration,20,1703,20,ad_probe,ad_c(full_target_scalar_reference),0.0006264172335600504,True,0.11117756716667326,2214163
scifact,14,selection,20,1703,20,ad_probe,best_in_menu_on_eval,0.0,True,,2214163
scifact,15,recalibration,20,1628,20,ad_probe,ad_c(full_target_scalar_reference),0.0030045351473922954,True,0.037094831903780046,2215163
scifact,15,selection,20,1628,20,ad_probe,best_in_menu_on_eval,0.0,True,,2215163
scifact,16,recalibration,20,1668,20,ad_probe,ad_c(full_target_scalar_reference),0.00210600907029479,True,0.1410122881416329,2216163
scifact,16,selection,20,1668,20,glob_probe,best_in_menu_on_eval,0.033061224489795926,False,,2216163
scifact,17,recalibration,20,1642,20,ad_probe,ad_c(full_target_scalar_reference),0.0013463718820860837,True,0.06759928256748571,2217163
scifact,17,selection,20,1642,20,glob_probe,best_in_menu_on_eval,0.013376881055452428,False,,2217163
scifact,18,recalibration,20,1663,20,ad_probe,ad_c(full_target_scalar_reference),0.002876984126984339,True,0.03795141554503256,2218163
scifact,18,selection,20,1663,20,glob_probe,best_in_menu_on_eval,0.027006802721088352,False,,2218163
scifact,19,recalibration,20,1651,20,ad_probe,ad_c(full_target_scalar_reference),0.0010345804988660667,True,0.21337223290942853,2219163
scifact,19,selection,20,1651,20,glob_probe,best_in_menu_on_eval,0.06186224489795911,False,,2219163
scifact,20,recalibration,20,1561,20,ad_probe,ad_c(full_target_scalar_reference),0.00032596371882076536,True,0.07889327258105272,2220163
scifact,20,selection,20,1561,20,glob_probe,best_in_menu_on_eval,0.024232572982572975,False,,2220163
scifact,21,recalibration,20,1624,20,ad_probe,ad_c(full_target_scalar_reference),0.002253401360544194,True,0.018142856007876684,2221163
scifact,21,selection,20,1624,20,ad_probe,best_in_menu_on_eval,0.0,True,,2221163
scifact,22,recalibration,20,1731,20,ad_probe,ad_c(full_target_scalar_reference),0.002755102040816304,True,0.04366430498845353,2222163
scifact,22,selection,20,1731,20,glob_probe,best_in_menu_on_eval,0.01580318491032784,False,,2222163
scifact,23,recalibration,20,1588,20,ad_probe,ad_c(full_target_scalar_reference),0.0,True,0.007163549943849157,2223163
scifact,23,selection,20,1588,20,glob_probe,best_in_menu_on_eval,0.012087198515770003,False,,2223163
scifact,24,recalibration,20,1751,20,ad_probe,ad_c(full_target_scalar_reference),0.0,True,0.00036795892675867137,2224163
scifact,24,selection,20,1751,20,glob_probe,best_in_menu_on_eval,0.014476654298082758,False,,2224163
scifact,25,recalibration,20,1693,20,ad_probe,ad_c(full_target_scalar_reference),0.002278911564625785,True,0.025347367732065695,2225163
scifact,25,selection,20,1693,20,glob_probe,best_in_menu_on_eval,0.01581168831168822,False,,2225163
scifact,26,recalibration,20,1781,20,ad_probe,ad_c(full_target_scalar_reference),0.0001275510204082897,True,0.01406147668862423,2226163
scifact,26,selection,20,1781,20,glob_probe,best_in_menu_on_eval,0.015247629354772196,False,,2226163
scifact,27,recalibration,20,1632,20,ad_probe,ad_c(full_target_scalar_reference),0.0,True,0.014657930345279846,2227163
scifact,27,selection,20,1632,20,glob_probe,best_in_menu_on_eval,0.025442890442890387,False,,2227163
scifact,28,recalibration,20,1620,20,ad_probe,ad_c(full_target_scalar_reference),0.006816893424036352,False,0.22649263217043525,2228163
scifact,28,selection,20,1620,20,glob_probe,best_in_menu_on_eval,0.01544005597577025,False,,2228163
scifact,29,recalibration,20,1647,20,ad_probe,ad_c(full_target_scalar_reference),0.0007964852607710293,True,0.09547833146205553,2229163
scifact,29,selection,20,1647,20,glob_probe,best_in_menu_on_eval,0.025724592867450102,False,,2229163
scifact,30,recalibration,20,1611,20,ad_probe,ad_c(full_target_scalar_reference),0.002876984126984228,True,0.045654198925648704,2230163
scifact,30,selection,20,1611,20,ad_probe,best_in_menu_on_eval,0.0,True,,2230163
scifact,31,recalibration,20,1595,20,ad_probe,ad_c(full_target_scalar_reference),0.0001558956916101195,True,0.08157590295916539,2231163
scifact,31,selection,20,1595,20,glob_probe,best_in_menu_on_eval,0.024496178424749715,False,,2231163
scifact,32,recalibration,20,1749,20,ad_probe,ad_c(full_target_scalar_reference),0.0008248299319728591,True,0.13954351650560182,2232163
scifact,32,selection,20,1749,20,glob_probe,best_in_menu_on_eval,0.024311938061937988,False,,2232163
scifact,33,recalibration,20,1654,20,ad_probe,ad_c(full_target_scalar_reference),0.00032029478458073246,True,0.10459249647927771,2233163
scifact,33,selection,20,1654,20,glob_probe,best_in_menu_on_eval,0.025248402391259694,False,,2233163
scifact,34,recalibration,20,1712,20,ad_probe,ad_c(full_target_scalar_reference),0.00039399092970526794,True,0.09541816705095663,2234163
scifact,34,selection,20,1712,20,ad_probe,best_in_menu_on_eval,0.0,True,,2234163
scifact,35,recalibration,20,1671,20,ad_probe,ad_c(full_target_scalar_reference),0.0034693877551020824,True,0.02618707751845739,2235163
scifact,35,selection,20,1671,20,ad_probe,best_in_menu_on_eval,0.0,True,,2235163
scifact,36,recalibration,20,1712,20,ad_probe,ad_c(full_target_scalar_reference),0.00012755102040817867,True,0.013590236554131385,2236163
scifact,36,selection,20,1712,20,glob_probe,best_in_menu_on_eval,0.01227143887858162,False,,2236163
scifact,37,recalibration,20,1619,20,ad_probe,ad_c(full_target_scalar_reference),0.0,True,0.007977855242634058,2237163
scifact,37,selection,20,1619,20,ad_probe,best_in_menu_on_eval,0.0,True,,2237163
scifact,38,recalibration,20,1700,20,ad_probe,ad_c(full_target_scalar_reference),0.0005867346938774887,True,0.11325176941082238,2238163
scifact,38,selection,20,1700,20,glob_probe,best_in_menu_on_eval,0.014533343640486529,False,,2238163
scifact,39,recalibration,20,1588,20,ad_probe,ad_c(full_target_scalar_reference),0.0013463718820863058,True,0.0610442308466137,2239163
scifact,39,selection,20,1588,20,glob_probe,best_in_menu_on_eval,0.01172825190682325,False,,2239163
scifact,40,recalibration,20,1670,20,ad_probe,ad_c(full_target_scalar_reference),0.0022817460317460236,True,0.055394176463025135,2240163
scifact,40,selection,20,1670,20,ad_probe,best_in_menu_on_eval,0.0,True,,2240163
scifact,41,recalibration,20,1640,20,ad_probe,ad_c(full_target_scalar_reference),0.0028769841269841168,True,0.051653134247515164,2241163
scifact,41,selection,20,1640,20,ad_probe,best_in_menu_on_eval,0.0,True,,2241163
scifact,42,recalibration,20,1723,20,ad_probe,ad_c(full_target_scalar_reference),0.002876984126984339,True,0.043300748830295,2242163
scifact,42,selection,20,1723,20,glob_probe,best_in_menu_on_eval,0.011409760874046548,False,,2242163
scifact,43,recalibration,20,1650,20,ad_probe,ad_c(full_target_scalar_reference),0.002755102040816415,True,0.04366430498845353,2243163
scifact,43,selection,20,1650,20,glob_probe,best_in_menu_on_eval,0.0208495670995672,False,,2243163
scifact,44,recalibration,20,1724,20,ad_probe,ad_c(full_target_scalar_reference),0.00015589569160989747,True,0.08403762763856149,2244163
scifact,44,selection,20,1724,20,glob_probe,best_in_menu_on_eval,0.032346938775510314,False,,2244163
scifact,45,recalibration,20,1707,20,ad_probe,ad_c(full_target_scalar_reference),0.0,True,0.011067951965987755,2245163
scifact,45,selection,20,1707,20,glob_probe,best_in_menu_on_eval,0.02775581561295848,False,,2245163
scifact,46,recalibration,20,1699,20,ad_probe,ad_c(full_target_scalar_reference),0.0006320861678004164,True,0.1140038353737054,2246163
scifact,46,selection,20,1699,20,glob_probe,best_in_menu_on_eval,0.07664115646258501,False,,2246163
scifact,47,recalibration,20,1568,20,ad_probe,ad_c(full_target_scalar_reference),0.00012755102040817867,True,0.01285083833616818,2247163
scifact,47,selection,20,1568,20,glob_probe,best_in_menu_on_eval,0.03874433106575964,False,,2247163
scifact,48,recalibration,20,1656,20,ad_probe,ad_c(full_target_scalar_reference),0.0013917233560090114,True,0.14788512087339223,2248163
scifact,48,selection,20,1656,20,glob_probe,best_in_menu_on_eval,0.018348536384250713,False,,2248163
scifact,49,recalibration,20,1575,20,ad_probe,ad_c(full_target_scalar_reference),0.0007964852607710293,True,0.09596004868616759,2249163
scifact,49,selection,20,1575,20,ad_probe,best_in_menu_on_eval,0.0,True,,2249163
scifact,0,recalibration,50,4142,50,ad_probe,ad_c(full_target_scalar_reference),0.0,True,0.0026441722657497557,2300564
scifact,0,selection,50,4142,50,glob_probe,best_in_menu_on_eval,0.018223376623376697,False,,2300564
scifact,1,recalibration,50,4289,50,ad_probe,ad_c(full_target_scalar_reference),0.0016349206349206558,True,0.07180623740075531,2301564
scifact,1,selection,50,4289,50,ad_probe,best_in_menu_on_eval,0.0,True,,2301564
scifact,2,recalibration,50,4144,50,ad_probe,ad_c(full_target_scalar_reference),0.0008825396825397069,True,0.1515906557815987,2302564
scifact,2,selection,50,4144,50,glob_probe,best_in_menu_on_eval,0.029224242424242375,False,,2302564
scifact,3,recalibration,50,4251,50,ad_probe,ad_c(full_target_scalar_reference),0.003485714285714203,True,0.029873125204003426,2303564
scifact,3,selection,50,4251,50,ad_probe,best_in_menu_on_eval,0.0,True,,2303564
scifact,4,recalibration,50,4025,50,ad_probe,ad_c(full_target_scalar_reference),0.0005555555555555314,True,0.03077858156312918,2304564
scifact,4,selection,50,4025,50,glob_probe,best_in_menu_on_eval,0.012960750360750284,False,,2304564
scifact,5,recalibration,50,4161,50,ad_probe,ad_c(full_target_scalar_reference),0.0025523809523809726,True,0.020804658811717225,2305564
scifact,5,selection,50,4161,50,ad_probe,best_in_menu_on_eval,0.0,True,,2305564
scifact,6,recalibration,50,4244,50,ad_probe,ad_c(full_target_scalar_reference),0.0032222222222222374,True,0.03262852654122672,2306564
scifact,6,selection,50,4244,50,glob_probe,best_in_menu_on_eval,0.025363924963924922,False,,2306564
scifact,7,recalibration,50,4116,50,ad_probe,ad_c(full_target_scalar_reference),0.0,True,0.016493570519486855,2307564
scifact,7,selection,50,4116,50,ad_probe,best_in_menu_on_eval,0.0,True,,2307564
scifact,8,recalibration,50,4208,50,ad_probe,ad_c(full_target_scalar_reference),0.0,True,0.01736447829059573,2308564
scifact,8,selection,50,4208,50,ad_probe,best_in_menu_on_eval,0.0,True,,2308564
scifact,9,recalibration,50,4215,50,ad_probe,ad_c(full_target_scalar_reference),0.0025523809523809726,True,0.024765415180441286,2309564
scifact,9,selection,50,4215,50,ad_probe,best_in_menu_on_eval,0.0,True,,2309564
scifact,10,recalibration,50,4093,50,ad_probe,ad_c(full_target_scalar_reference),0.0021746031746031624,True,0.05815564475058088,2310564
scifact,10,selection,50,4093,50,ad_probe,best_in_menu_on_eval,0.0,True,,2310564
scifact,11,recalibration,50,4221,50,ad_probe,ad_c(full_target_scalar_reference),0.0,True,0.013297582613850056,2311564
scifact,11,selection,50,4221,50,ad_probe,best_in_menu_on_eval,0.0,True,,2311564
scifact,12,recalibration,50,4018,50,ad_probe,ad_c(full_target_scalar_reference),0.0002253968253969063,True,0.08634570179552814,2312564
scifact,12,selection,50,4018,50,ad_probe,best_in_menu_on_eval,0.0,True,,2312564
scifact,13,recalibration,50,4060,50,ad_probe,ad_c(full_target_scalar_reference),0.0,True,0.009718954372826216,2313564
scifact,13,selection,50,4060,50,glob_probe,best_in_menu_on_eval,0.08600317460317469,False,,2313564
scifact,14,recalibration,50,4129,50,ad_probe,ad_c(full_target_scalar_reference),0.0025238095238094838,True,0.02200693532240172,2314564
scifact,14,selection,50,4129,50,glob_probe,best_in_menu_on_eval,0.02659567099567095,False,,2314564
scifact,15,recalibration,50,4151,50,ad_probe,ad_c(full_target_scalar_reference),0.0,True,0.00786338885663651,2315564
scifact,15,selection,50,4151,50,ad_probe,best_in_menu_on_eval,0.0,True,,2315564
scifact,16,recalibration,50,4147,50,ad_probe,ad_c(full_target_scalar_reference),0.0007492063492062773,True,0.10375098718632192,2316564
scifact,16,selection,50,4147,50,ad_probe,best_in_menu_on_eval,0.0,True,,2316564
scifact,17,recalibration,50,4165,50,ad_probe,ad_c(full_target_scalar_reference),0.0032222222222222374,True,0.051653134247515164,2317564
scifact,17,selection,50,4165,50,glob_probe,best_in_menu_on_eval,0.032571428571428584,False,,2317564
scifact,18,recalibration,50,4234,50,ad_probe,ad_c(full_target_scalar_reference),0.0023333333333334094,True,0.03356138243979201,2318564
scifact,18,selection,50,4234,50,glob_probe,best_in_menu_on_eval,0.010922943722943668,False,,2318564
scifact,19,recalibration,50,4259,50,ad_probe,ad_c(full_target_scalar_reference),0.003485714285714203,True,0.04231631877402475,2319564
scifact,19,selection,50,4259,50,ad_probe,best_in_menu_on_eval,0.0,True,,2319564
scifact,20,recalibration,50,4103,50,ad_probe,ad_c(full_target_scalar_reference),0.00014285714285722229,True,0.020374323864998378,2320564
scifact,20,selection,50,4103,50,glob_probe,best_in_menu_on_eval,0.02707092907092923,False,,2320564
scifact,21,recalibration,50,4192,50,ad_probe,ad_c(full_target_scalar_reference),0.0,True,0.004122116022497568,2321564
scifact,21,selection,50,4192,50,glob_probe,best_in_menu_on_eval,0.034803174603174614,False,,2321564
scifact,22,recalibration,50,4253,50,ad_probe,ad_c(full_target_scalar_reference),8.253968253968402e-05,True,0.08815786201255915,2322564
scifact,22,selection,50,4253,50,ad_probe,best_in_menu_on_eval,0.0,True,,2322564
scifact,23,recalibration,50,4192,50,ad_probe,ad_c(full_target_scalar_reference),0.0018888888888888289,True,0.07436238136095774,2323564
scifact,23,selection,50,4192,50,glob_probe,best_in_menu_on_eval,0.04334285714285713,False,,2323564
scifact,24,recalibration,50,4282,50,ad_probe,ad_c(full_target_scalar_reference),0.0009523809523810378,True,0.02028038165793089,2324564
scifact,24,selection,50,4282,50,ad_probe,best_in_menu_on_eval,0.0,True,,2324564
scifact,25,recalibration,50,4222,50,ad_probe,ad_c(full_target_scalar_reference),0.0,True,0.001529110052034044,2325564
scifact,25,selection,50,4222,50,ad_probe,best_in_menu_on_eval,0.0,True,,2325564
scifact,26,recalibration,50,4154,50,ad_probe,ad_c(full_target_scalar_reference),0.0008222222222223907,True,0.20126017727766443,2326564
scifact,26,selection,50,4154,50,glob_probe,best_in_menu_on_eval,0.019626551226551214,False,,2326564
scifact,27,recalibration,50,4335,50,ad_probe,ad_c(full_target_scalar_reference),0.0014984126984126656,True,0.062145218444215056,2327564
scifact,27,selection,50,4335,50,ad_probe,best_in_menu_on_eval,0.0,True,,2327564
scifact,28,recalibration,50,4255,50,ad_probe,ad_c(full_target_scalar_reference),0.0009587301587301589,True,0.06793969384782184,2328564
scifact,28,selection,50,4255,50,glob_probe,best_in_menu_on_eval,0.023042424242424198,False,,2328564
scifact,29,recalibration,50,4192,50,ad_probe,ad_c(full_target_scalar_reference),0.0,True,0.0003482002337651391,2329564
scifact,29,selection,50,4192,50,ad_probe,best_in_menu_on_eval,0.0,True,,2329564
scifact,30,recalibration,50,4165,50,ad_probe,ad_c(full_target_scalar_reference),0.0032222222222222374,True,0.05001599202028362,2330564
scifact,30,selection,50,4165,50,ad_probe,best_in_menu_on_eval,0.0,True,,2330564
scifact,31,recalibration,50,4161,50,ad_probe,ad_c(full_target_scalar_reference),0.0,True,0.017177864882600424,2331564
scifact,31,selection,50,4161,50,glob_probe,best_in_menu_on_eval,0.03632698412698421,False,,2331564
scifact,32,recalibration,50,4151,50,ad_probe,ad_c(full_target_scalar_reference),0.0,True,0.0,2332564
scifact,32,selection,50,4151,50,ad_probe,best_in_menu_on_eval,0.0,True,,2332564
scifact,33,recalibration,50,4186,50,ad_probe,ad_c(full_target_scalar_reference),0.0032222222222223484,True,0.037157866784972016,2333564
scifact,33,selection,50,4186,50,glob_probe,best_in_menu_on_eval,0.023524897324897265,False,,2333564
scifact,34,recalibration,50,4232,50,ad_probe,ad_c(full_target_scalar_reference),0.0004920634920635436,True,0.0975132245584861,2334564
scifact,34,selection,50,4232,50,glob_probe,best_in_menu_on_eval,0.05021904761904766,False,,2334564
scifact,35,recalibration,50,3989,50,ad_probe,ad_c(full_target_scalar_reference),0.0034126984126983118,True,0.0507286925085646,2335564
scifact,35,selection,50,3989,50,ad_probe,best_in_menu_on_eval,0.0,True,,2335564
scifact,36,recalibration,50,4096,50,ad_probe,ad_c(full_target_scalar_reference),0.0022158730158727824,True,0.13911057992472464,2336564
scifact,36,selection,50,4096,50,ad_probe,best_in_menu_on_eval,0.0,True,,2336564
scifact,37,recalibration,50,4137,50,ad_probe,ad_c(full_target_scalar_reference),0.003412698412698534,True,0.03682256522039884,2337564
scifact,37,selection,50,4137,50,glob_probe,best_in_menu_on_eval,0.013448773448773488,False,,2337564
scifact,38,recalibration,50,4234,50,ad_probe,ad_c(full_target_scalar_reference),0.0034126984126983118,True,0.04020050851146295,2338564
scifact,38,selection,50,4234,50,ad_probe,best_in_menu_on_eval,0.0,True,,2338564
scifact,39,recalibration,50,4259,50,ad_probe,ad_c(full_target_scalar_reference),0.0,True,0.018107177247929318,2339564
scifact,39,selection,50,4259,50,ad_probe,best_in_menu_on_eval,0.0,True,,2339564
scifact,40,recalibration,50,4220,50,ad_probe,ad_c(full_target_scalar_reference),0.0,True,0.00786338885663651,2340564
scifact,40,selection,50,4220,50,ad_probe,best_in_menu_on_eval,0.0,True,,2340564
scifact,41,recalibration,50,4001,50,ad_probe,ad_c(full_target_scalar_reference),0.002555555555555533,True,0.05512274562929109,2341564
scifact,41,selection,50,4001,50,glob_probe,best_in_menu_on_eval,0.04376190476190478,False,,2341564
scifact,42,recalibration,50,4158,50,ad_probe,ad_c(full_target_scalar_reference),0.0,True,0.019287735464033062,2342564
scifact,42,selection,50,4158,50,ad_probe,best_in_menu_on_eval,0.0,True,,2342564
scifact,43,recalibration,50,4185,50,ad_probe,ad_c(full_target_scalar_reference),0.0005555555555555314,True,0.0349726202423013,2343564
scifact,43,selection,50,4185,50,glob_probe,best_in_menu_on_eval,0.030838095238095276,False,,2343564
scifact,44,recalibration,50,4173,50,ad_probe,ad_c(full_target_scalar_reference),0.0,True,0.008987804050121007,2344564
scifact,44,selection,50,4173,50,glob_probe,best_in_menu_on_eval,0.026261116661116524,False,,2344564
scifact,45,recalibration,50,4118,50,ad_probe,ad_c(full_target_scalar_reference),0.0,True,0.01091201115209861,2345564
scifact,45,selection,50,4118,50,glob_probe,best_in_menu_on_eval,0.044726984126984115,False,,2345564
scifact,46,recalibration,50,4213,50,ad_probe,ad_c(full_target_scalar_reference),0.0025238095238095948,True,0.015300651226495154,2346564
scifact,46,selection,50,4213,50,glob_probe,best_in_menu_on_eval,0.010938528138528247,False,,2346564
scifact,47,recalibration,50,4252,50,ad_probe,ad_c(full_target_scalar_reference),2.5396825396928335e-05,True,0.09058579860414762,2347564
scifact,47,selection,50,4252,50,ad_probe,best_in_menu_on_eval,0.0,True,,2347564
scifact,48,recalibration,50,4260,50,ad_probe,ad_c(full_target_scalar_reference),0.0023333333333332984,True,0.053838036958873126,2348564
scifact,48,selection,50,4260,50,ad_probe,best_in_menu_on_eval,0.0,True,,2348564
scifact,49,recalibration,50,4183,50,ad_probe,ad_c(full_target_scalar_reference),0.0,True,0.007804263088442953,2349564
scifact,49,selection,50,4183,50,ad_probe,best_in_menu_on_eval,0.0,True,,2349564
scifact,0,recalibration,100,8282,100,ad_probe,ad_c(full_target_scalar_reference),0.004206349206349214,True,0.04844118674082698,2400944
scifact,0,selection,100,8282,100,glob_probe,best_in_menu_on_eval,0.04761904761904756,False,,2400944
scifact,1,recalibration,100,8498,100,ad_probe,ad_c(full_target_scalar_reference),0.0,True,0.009581251078451869,2401944
scifact,1,selection,100,8498,100,ad_probe,best_in_menu_on_eval,0.0,True,,2401944
scifact,2,recalibration,100,8419,100,ad_probe,ad_c(full_target_scalar_reference),0.0,True,0.004962058307061534,2402944
scifact,2,selection,100,8419,100,ad_probe,best_in_menu_on_eval,0.0,True,,2402944
scifact,3,recalibration,100,8358,100,ad_probe,ad_c(full_target_scalar_reference),0.0,True,0.007100333606587905,2403944
scifact,3,selection,100,8358,100,ad_probe,best_in_menu_on_eval,0.0,True,,2403944
scifact,4,recalibration,100,8392,100,ad_probe,ad_c(full_target_scalar_reference),0.0004166666666667318,True,0.05433359981199137,2404944
scifact,4,selection,100,8392,100,glob_probe,best_in_menu_on_eval,0.046976190476190616,False,,2404944
scifact,5,recalibration,100,8471,100,ad_probe,ad_c(full_target_scalar_reference),0.0,True,0.004962058307061534,2405944
scifact,5,selection,100,8471,100,glob_probe,best_in_menu_on_eval,0.01569733044733057,False,,2405944
scifact,6,recalibration,100,8323,100,ad_probe,ad_c(full_target_scalar_reference),0.0,True,0.009581251078451869,2406944
scifact,6,selection,100,8323,100,ad_probe,best_in_menu_on_eval,0.0,True,,2406944
scifact,7,recalibration,100,8131,100,ad_probe,ad_c(full_target_scalar_reference),0.0004166666666667318,True,0.0349726202423013,2407944
scifact,7,selection,100,8131,100,glob_probe,best_in_menu_on_eval,0.014922077922077892,False,,2407944
scifact,8,recalibration,100,8428,100,ad_probe,ad_c(full_target_scalar_reference),0.004357142857142837,True,0.04136391770611225,2408944
scifact,8,selection,100,8428,100,ad_probe,best_in_menu_on_eval,0.0,True,,2408944
scifact,9,recalibration,100,8293,100,ad_probe,ad_c(full_target_scalar_reference),0.000694444444444442,True,0.03550571169191463,2409944
scifact,9,selection,100,8293,100,ad_probe,best_in_menu_on_eval,0.0,True,,2409944
scifact,10,recalibration,100,8492,100,ad_probe,ad_c(full_target_scalar_reference),0.0,True,0.016450041199584153,2410944
scifact,10,selection,100,8492,100,ad_probe,best_in_menu_on_eval,0.0,True,,2410944
scifact,11,recalibration,100,8352,100,ad_probe,ad_c(full_target_scalar_reference),0.0,True,0.009825796645185791,2411944
scifact,11,selection,100,8352,100,ad_probe,best_in_menu_on_eval,0.0,True,,2411944
scifact,12,recalibration,100,8444,100,ad_probe,ad_c(full_target_scalar_reference),0.0,True,0.006800039392757862,2412944
scifact,12,selection,100,8444,100,ad_probe,best_in_menu_on_eval,0.0,True,,2412944
scifact,13,recalibration,100,8513,100,ad_probe,ad_c(full_target_scalar_reference),0.0,True,0.01091201115209861,2413944
scifact,13,selection,100,8513,100,glob_probe,best_in_menu_on_eval,0.026546536796536846,False,,2413944
scifact,14,recalibration,100,8372,100,ad_probe,ad_c(full_target_scalar_reference),0.0,True,0.005964646942608898,2414944
scifact,14,selection,100,8372,100,ad_probe,best_in_menu_on_eval,0.0,True,,2414944
scifact,15,recalibration,100,8307,100,ad_probe,ad_c(full_target_scalar_reference),0.0011904761904762973,True,0.023214887271491347,2415944
scifact,15,selection,100,8307,100,ad_probe,best_in_menu_on_eval,0.0,True,,2415944
scifact,16,recalibration,100,8382,100,ad_probe,ad_c(full_target_scalar_reference),0.0,True,0.018107177247929318,2416944
scifact,16,selection,100,8382,100,glob_probe,best_in_menu_on_eval,0.029970779220779176,False,,2416944
scifact,17,recalibration,100,8229,100,ad_probe,ad_c(full_target_scalar_reference),0.0023571428571428354,True,0.02747243268601829,2417944
scifact,17,selection,100,8229,100,ad_probe,best_in_menu_on_eval,0.0,True,,2417944
scifact,18,recalibration,100,8482,100,ad_probe,ad_c(full_target_scalar_reference),0.0009325396825397014,True,0.036437951264070234,2418944
scifact,18,selection,100,8482,100,ad_probe,best_in_menu_on_eval,0.0,True,,2418944
scifact,19,recalibration,100,8524,100,ad_probe,ad_c(full_target_scalar_reference),0.0,True,0.02193167861814782,2419944
scifact,19,selection,100,8524,100,glob_probe,best_in_menu_on_eval,0.019433982683982776,False,,2419944
scifact,20,recalibration,100,8264,100,ad_probe,ad_c(full_target_scalar_reference),0.002718253968254092,True,0.06057918371797699,2420944
scifact,20,selection,100,8264,100,ad_probe,best_in_menu_on_eval,0.0,True,,2420944
scifact,21,recalibration,100,8312,100,ad_probe,ad_c(full_target_scalar_reference),0.0,True,0.006673077141188588,2421944
scifact,21,selection,100,8312,100,ad_probe,best_in_menu_on_eval,0.0,True,,2421944
scifact,22,recalibration,100,8453,100,ad_probe,ad_c(full_target_scalar_reference),0.003095238095238151,True,0.05246664728503703,2422944
scifact,22,selection,100,8453,100,ad_probe,best_in_menu_on_eval,0.0,True,,2422944
scifact,23,recalibration,100,8407,100,ad_probe,ad_c(full_target_scalar_reference),0.0033333333333332993,True,0.02193167861814782,2423944
scifact,23,selection,100,8407,100,glob_probe,best_in_menu_on_eval,0.014564935064935058,False,,2423944
scifact,24,recalibration,100,8349,100,ad_probe,ad_c(full_target_scalar_reference),0.0,True,0.009581251078451869,2424944
scifact,24,selection,100,8349,100,ad_probe,best_in_menu_on_eval,0.0,True,,2424944
scifact,25,recalibration,100,8300,100,ad_probe,ad_c(full_target_scalar_reference),0.0,True,0.044345311916716534,2425944
scifact,25,selection,100,8300,100,glob_probe,best_in_menu_on_eval,0.012054112554112706,False,,2425944
scifact,26,recalibration,100,8154,100,ad_probe,ad_c(full_target_scalar_reference),0.0033333333333332993,True,0.01757796846495352,2426944
scifact,26,selection,100,8154,100,ad_probe,best_in_menu_on_eval,0.0,True,,2426944
scifact,27,recalibration,100,8229,100,ad_probe,ad_c(full_target_scalar_reference),0.0029166666666665675,True,0.043300748830295,2427944
scifact,27,selection,100,8229,100,ad_probe,best_in_menu_on_eval,0.0,True,,2427944
scifact,28,recalibration,100,8387,100,ad_probe,ad_c(full_target_scalar_reference),0.0,True,0.011823719754695095,2428944
scifact,28,selection,100,8387,100,glob_probe,best_in_menu_on_eval,0.036785714285714255,False,,2428944
scifact,29,recalibration,100,8528,100,ad_probe,ad_c(full_target_scalar_reference),0.0,True,0.007100333606587905,2429944
scifact,29,selection,100,8528,100,ad_probe,best_in_menu_on_eval,0.0,True,,2429944
scifact,30,recalibration,100,8355,100,ad_probe,ad_c(full_target_scalar_reference),0.0008730158730159143,True,0.030462823634210046,2430944
scifact,30,selection,100,8355,100,ad_probe,best_in_menu_on_eval,0.0,True,,2430944
scifact,31,recalibration,100,8434,100,ad_probe,ad_c(full_target_scalar_reference),0.0,True,0.008632739865913397,2431944
scifact,31,selection,100,8434,100,glob_probe,best_in_menu_on_eval,0.022255411255411195,False,,2431944
scifact,32,recalibration,100,8484,100,ad_probe,ad_c(full_target_scalar_reference),0.003154761904761938,True,0.021257768373714958,2432944
scifact,32,selection,100,8484,100,ad_probe,best_in_menu_on_eval,0.0,True,,2432944
scifact,33,recalibration,100,8298,100,ad_probe,ad_c(full_target_scalar_reference),0.0,True,0.00465677487277083,2433944
scifact,33,selection,100,8298,100,ad_probe,best_in_menu_on_eval,0.0,True,,2433944
scifact,34,recalibration,100,8307,100,ad_probe,ad_c(full_target_scalar_reference),0.003154761904761938,True,0.017197629047052132,2434944
scifact,34,selection,100,8307,100,glob_probe,best_in_menu_on_eval,0.02403823953823958,False,,2434944
scifact,35,recalibration,100,8517,100,ad_probe,ad_c(full_target_scalar_reference),0.0015000000000000568,True,0.033917419028373974,2435944
scifact,35,selection,100,8517,100,ad_probe,best_in_menu_on_eval,0.0,True,,2435944
scifact,36,recalibration,100,8336,100,ad_probe,ad_c(full_target_scalar_reference),0.0029166666666665675,True,0.04150046007526553,2436944
scifact,36,selection,100,8336,100,glob_probe,best_in_menu_on_eval,0.014105699855699871,False,,2436944
scifact,37,recalibration,100,8468,100,ad_probe,ad_c(full_target_scalar_reference),0.0,True,0.007809494376768145,2437944
scifact,37,selection,100,8468,100,ad_probe,best_in_menu_on_eval,0.0,True,,2437944
scifact,38,recalibration,100,8490,100,ad_probe,ad_c(full_target_scalar_reference),0.0,True,0.006733997951885895,2438944
scifact,38,selection,100,8490,100,ad_probe,best_in_menu_on_eval,0.0,True,,2438944
scifact,39,recalibration,100,8342,100,ad_probe,ad_c(full_target_scalar_reference),0.0008730158730159143,True,0.034223453293614536,2439944
scifact,39,selection,100,8342,100,ad_probe,best_in_menu_on_eval,0.0,True,,2439944
scifact,40,recalibration,100,8414,100,ad_probe,ad_c(full_target_scalar_reference),0.0,True,0.023545280878560115,2440944
scifact,40,selection,100,8414,100,ad_probe,best_in_menu_on_eval,0.0,True,,2440944
scifact,41,recalibration,100,8329,100,ad_probe,ad_c(full_target_scalar_reference),0.0009722222222221522,True,0.07262500317904519,2441944
scifact,41,selection,100,8329,100,glob_probe,best_in_menu_on_eval,0.05545238095238092,False,,2441944
scifact,42,recalibration,100,8265,100,ad_probe,ad_c(full_target_scalar_reference),0.0012103174603174116,True,0.06501069047267061,2442944
scifact,42,selection,100,8265,100,glob_probe,best_in_menu_on_eval,0.018242063492063476,False,,2442944
scifact,43,recalibration,100,8296,100,ad_probe,ad_c(full_target_scalar_reference),0.003666666666666707,True,0.04126987300584073,2443944
scifact,43,selection,100,8296,100,glob_probe,best_in_menu_on_eval,0.02354509379509373,False,,2443944
scifact,44,recalibration,100,8516,100,ad_probe,ad_c(full_target_scalar_reference),0.0,True,0.010774307857724374,2444944
scifact,44,selection,100,8516,100,ad_probe,best_in_menu_on_eval,0.0,True,,2444944
scifact,45,recalibration,100,8553,100,ad_probe,ad_c(full_target_scalar_reference),0.00017857142857147235,True,0.010566601655399466,2445944
scifact,45,selection,100,8553,100,glob_probe,best_in_menu_on_eval,0.019644300144300075,False,,2445944
scifact,46,recalibration,100,8425,100,ad_probe,ad_c(full_target_scalar_reference),0.0,True,0.009647292519323836,2446944
scifact,46,selection,100,8425,100,ad_probe,best_in_menu_on_eval,0.0,True,,2446944
scifact,47,recalibration,100,8275,100,ad_probe,ad_c(full_target_scalar_reference),0.003154761904761938,True,0.0339076953646954,2447944
scifact,47,selection,100,8275,100,ad_probe,best_in_menu_on_eval,0.0,True,,2447944
scifact,48,recalibration,100,8419,100,ad_probe,ad_c(full_target_scalar_reference),0.0,True,0.0034235463578483616,2448944
scifact,48,selection,100,8419,100,ad_probe,best_in_menu_on_eval,0.0,True,,2448944
scifact,49,recalibration,100,8336,100,ad_probe,ad_c(full_target_scalar_reference),0.0,True,0.010774307857724374,2449944
scifact,49,selection,100,8336,100,ad_probe,best_in_menu_on_eval,0.0,True,,2449944
arguana,0,recalibration,5,313,5,ad_probe,ad_c(full_target_scalar_reference),0.0036759457530335486,True,0.14505736164196992,2000526
arguana,0,selection,5,313,5,glob_probe,best_in_menu_on_eval,0.0,True,,2000526
arguana,1,recalibration,5,298,5,ad_probe,ad_c(full_target_scalar_reference),0.0026647632643349997,True,0.13324775362756114,2001526
arguana,1,selection,5,298,5,trunc,best_in_menu_on_eval,0.0,True,,2001526
arguana,2,recalibration,5,323,5,ad_probe,ad_c(full_target_scalar_reference),0.0055793480847014035,False,0.20194359499278658,2002526
arguana,2,selection,5,323,5,glob_probe,best_in_menu_on_eval,0.0,True,,2002526
arguana,3,recalibration,5,285,5,ad_probe,ad_c(full_target_scalar_reference),0.00035688793718772257,True,0.014483312998445408,2003526
arguana,3,selection,5,285,5,glob_probe,best_in_menu_on_eval,0.0,True,,2003526
arguana,4,recalibration,5,334,5,ad_probe,ad_c(full_target_scalar_reference),0.0026647632643349997,True,0.11542574185559196,2004526
arguana,4,selection,5,334,5,glob_probe,best_in_menu_on_eval,0.0,True,,2004526
arguana,5,recalibration,5,338,5,ad_probe,ad_c(full_target_scalar_reference),0.002035960708337583,True,0.10233188721090081,2005526
arguana,5,selection,5,338,5,glob_probe,best_in_menu_on_eval,0.0,True,,2005526
arguana,6,recalibration,5,293,5,ad_probe,ad_c(full_target_scalar_reference),0.002188912681418035,True,0.1232982383741783,2006526
arguana,6,selection,5,293,5,glob_probe,best_in_menu_on_eval,0.09624587879405866,False,,2006526
arguana,7,recalibration,5,289,5,ad_probe,ad_c(full_target_scalar_reference),0.0021889126814180343,True,0.10903175406272059,2007526
arguana,7,selection,5,289,5,glob_probe,best_in_menu_on_eval,0.0,True,,2007526
arguana,8,recalibration,5,313,5,ad_probe,ad_c(full_target_scalar_reference),0.0026647632643349997,True,0.15251944332381606,2008526
arguana,8,selection,5,313,5,glob_probe,best_in_menu_on_eval,0.0,True,,2008526
arguana,9,recalibration,5,309,5,ad_probe,ad_c(full_target_scalar_reference),0.005650725672138947,False,0.20199175541177983,2009526
arguana,9,selection,5,309,5,glob_probe,best_in_menu_on_eval,0.0,True,,2009526
arguana,10,recalibration,5,294,5,ad_probe,ad_c(full_target_scalar_reference),0.006507256721389482,False,0.2582672998719653,2010526
arguana,10,selection,5,294,5,glob_probe,best_in_menu_on_eval,0.0,True,,2010526
arguana,11,recalibration,5,296,5,ad_probe,ad_c(full_target_scalar_reference),0.0017130620985010706,True,0.0822521784015583,2011526
arguana,11,selection,5,296,5,trunc,best_in_menu_on_eval,0.0,True,,2011526
arguana,12,recalibration,5,326,5,ad_probe,ad_c(full_target_scalar_reference),0.00011896264572924201,True,0.03660761323501327,2012526
arguana,12,selection,5,326,5,glob_probe,best_in_menu_on_eval,0.03852749479087808,False,,2012526
arguana,13,recalibration,5,333,5,ad_probe,ad_c(full_target_scalar_reference),0.0,True,0.00600588891671916,2013526
arguana,13,selection,5,333,5,glob_probe,best_in_menu_on_eval,0.0,True,,2013526
arguana,14,recalibration,5,288,5,ad_probe,ad_c(full_target_scalar_reference),0.002188912681418035,True,0.14649885867956092,2014526
arguana,14,selection,5,288,5,glob_probe,best_in_menu_on_eval,0.03859887237831562,False,,2014526
arguana,15,recalibration,5,333,5,ad_probe,ad_c(full_target_scalar_reference),0.00629312395907685,False,0.23497290849807428,2015526
arguana,15,selection,5,333,5,glob_probe,best_in_menu_on_eval,0.0,True,,2015526
arguana,16,recalibration,5,325,5,ad_probe,ad_c(full_target_scalar_reference),0.00629312395907685,False,0.22983434955303927,2016526
arguana,16,selection,5,325,5,glob_probe,best_in_menu_on_eval,0.0,True,,2016526
arguana,17,recalibration,5,284,5,ad_probe,ad_c(full_target_scalar_reference),0.006507256721389482,False,0.25341157580150053,2017526
arguana,17,selection,5,284,5,glob_probe,best_in_menu_on_eval,0.0,True,,2017526
arguana,18,recalibration,5,336,5,ad_probe,ad_c(full_target_scalar_reference),0.0026647632643349997,True,0.14063306171693257,2018526
arguana,18,selection,5,336,5,glob_probe,best_in_menu_on_eval,0.0,True,,2018526
arguana,19,recalibration,5,311,5,ad_probe,ad_c(full_target_scalar_reference),0.00035688793718772257,True,0.0407929421053389,2019526
arguana,19,selection,5,311,5,glob_probe,best_in_menu_on_eval,0.0,True,,2019526
arguana,20,recalibration,5,314,5,ad_probe,ad_c(full_target_scalar_reference),0.0017844396859386154,True,0.0593581490395273,2020526
arguana,20,selection,5,314,5,glob_probe,best_in_menu_on_eval,0.0,True,,2020526
arguana,21,recalibration,5,327,5,ad_probe,ad_c(full_target_scalar_reference),0.00035688793718772257,True,0.037983420250629396,2021526
arguana,21,selection,5,327,5,glob_probe,best_in_menu_on_eval,0.0,True,,2021526
arguana,22,recalibration,5,302,5,ad_probe,ad_c(full_target_scalar_reference),0.0017844396859386154,True,0.058930800844758546,2022526
arguana,22,selection,5,302,5,glob_probe,best_in_menu_on_eval,0.12564551397527843,False,,2022526
arguana,23,recalibration,5,280,5,ad_probe,ad_c(full_target_scalar_reference),0.0010842595425036537,True,0.0925993906121001,2023526
arguana,23,selection,5,280,5,glob_probe,best_in_menu_on_eval,0.12564551397527843,False,,2023526
arguana,24,recalibration,5,316,5,ad_probe,ad_c(full_target_scalar_reference),0.0002855103497501786,True,0.04091836935284254,2024526
arguana,24,selection,5,316,5,trunc,best_in_menu_on_eval,0.02107700093592524,False,,2024526
arguana,25,recalibration,5,294,5,ad_probe,ad_c(full_target_scalar_reference),0.0030216512015227223,True,0.19095701180000635,2025526
arguana,25,selection,5,294,5,trunc,best_in_menu_on_eval,0.035987192895338055,False,,2025526
arguana,26,recalibration,5,276,5,ad_probe,ad_c(full_target_scalar_reference),0.0026647632643349997,True,0.14398539732945637,2026526
arguana,26,selection,5,276,5,glob_probe,best_in_menu_on_eval,0.0,True,,2026526
arguana,27,recalibration,5,327,5,ad_probe,ad_c(full_target_scalar_reference),0.00035688793718772257,True,0.026202051397183568,2027526
arguana,27,selection,5,327,5,glob_probe,best_in_menu_on_eval,0.0,True,,2027526
arguana,28,recalibration,5,293,5,ad_probe,ad_c(full_target_scalar_reference),0.0017844396859386154,True,0.05368016165775191,2028526
arguana,28,selection,5,293,5,glob_probe,best_in_menu_on_eval,0.0,True,,2028526
arguana,29,recalibration,5,350,5,ad_probe,ad_c(full_target_scalar_reference),0.0012372115155841069,True,0.0554027824232044,2029526
arguana,29,selection,5,350,5,trunc,best_in_menu_on_eval,0.0359366525878384,False,,2029526
arguana,30,recalibration,5,317,5,ad_probe,ad_c(full_target_scalar_reference),0.0017844396859386154,True,0.058946639329956585,2030526
arguana,30,selection,5,317,5,glob_probe,best_in_menu_on_eval,0.009126405753814765,True,,2030526
arguana,31,recalibration,5,268,5,ad_probe,ad_c(full_target_scalar_reference),0.0017130620985010706,True,0.07639304764253563,2031526
arguana,31,selection,5,268,5,glob_probe,best_in_menu_on_eval,0.09605553856089186,False,,2031526
arguana,32,recalibration,5,282,5,ad_probe,ad_c(full_target_scalar_reference),0.0017130620985010697,True,0.08728818674094596,2032526
arguana,32,selection,5,282,5,glob_probe,best_in_menu_on_eval,0.0,True,,2032526
arguana,33,recalibration,5,302,5,ad_probe,ad_c(full_target_scalar_reference),0.0,True,0.006483999626739845,2033526
arguana,33,selection,5,302,5,glob_probe,best_in_menu_on_eval,0.0,True,,2033526
arguana,34,recalibration,5,315,5,ad_probe,ad_c(full_target_scalar_reference),0.0,True,0.006089466698974921,2034526
arguana,34,selection,5,315,5,glob_probe,best_in_menu_on_eval,0.0,True,,2034526
arguana,35,recalibration,5,290,5,ad_probe,ad_c(full_target_scalar_reference),0.0,True,0.009511380035074901,2035526
arguana,35,selection,5,290,5,glob_probe,best_in_menu_on_eval,0.0,True,,2035526
arguana,36,recalibration,5,244,5,ad_probe,ad_c(full_target_scalar_reference),0.0029026885557934803,True,0.2705350166201401,2036526
arguana,36,selection,5,244,5,glob_probe,best_in_menu_on_eval,0.0,True,,2036526
arguana,37,recalibration,5,322,5,ad_probe,ad_c(full_target_scalar_reference),0.0,True,0.018430297729692402,2037526
arguana,37,selection,5,322,5,trunc,best_in_menu_on_eval,0.0,True,,2037526
arguana,38,recalibration,5,298,5,ad_probe,ad_c(full_target_scalar_reference),0.0021889126814180343,True,0.10978733332350799,2038526
arguana,38,selection,5,298,5,glob_probe,best_in_menu_on_eval,0.0,True,,2038526
arguana,39,recalibration,5,313,5,ad_probe,ad_c(full_target_scalar_reference),0.0012372115155841069,True,0.052302445664983654,2039526
arguana,39,selection,5,313,5,glob_probe,best_in_menu_on_eval,0.0084721112023039,True,,2039526
arguana,40,recalibration,5,295,5,ad_probe,ad_c(full_target_scalar_reference),0.0017130620985010697,True,0.08628581629072019,2040526
arguana,40,selection,5,295,5,glob_probe,best_in_menu_on_eval,0.0,True,,2040526
arguana,41,recalibration,5,281,5,ad_probe,ad_c(full_target_scalar_reference),0.003854389721627409,True,0.2852808567188122,2041526
arguana,41,selection,5,281,5,glob_probe,best_in_menu_on_eval,0.059022981935187485,False,,2041526
arguana,42,recalibration,5,292,5,ad_probe,ad_c(full_target_scalar_reference),0.0029026885557934803,True,0.238429097011308,2042526
arguana,42,selection,5,292,5,glob_probe,best_in_menu_on_eval,0.09617450120662112,False,,2042526
arguana,43,recalibration,5,310,5,ad_probe,ad_c(full_target_scalar_reference),0.0,True,0.006089466698974921,2043526
arguana,43,selection,5,310,5,glob_probe,best_in_menu_on_eval,0.008472111202303928,True,,2043526
arguana,44,recalibration,5,353,5,ad_probe,ad_c(full_target_scalar_reference),0.0017844396859386154,True,0.07142037260869671,2044526
arguana,44,selection,5,353,5,glob_probe,best_in_menu_on_eval,0.0,True,,2044526
arguana,45,recalibration,5,322,5,ad_probe,ad_c(full_target_scalar_reference),0.0002855103497501786,True,0.04517651037127346,2045526
arguana,45,selection,5,322,5,glob_probe,best_in_menu_on_eval,0.0,True,,2045526
arguana,46,recalibration,5,324,5,ad_probe,ad_c(full_target_scalar_reference),0.0017844396859386146,True,0.06307409517850837,2046526
arguana,46,selection,5,324,5,glob_probe,best_in_menu_on_eval,0.0,True,,2046526
arguana,47,recalibration,5,276,5,ad_probe,ad_c(full_target_scalar_reference),0.0021889126814180343,True,0.09628873498785906,2047526
arguana,47,selection,5,276,5,glob_probe,best_in_menu_on_eval,0.0,True,,2047526
arguana,48,recalibration,5,364,5,ad_probe,ad_c(full_target_scalar_reference),0.0029876618741715103,True,0.1315398188739464,2048526
arguana,48,selection,5,364,5,glob_probe,best_in_menu_on_eval,0.0,True,,2048526
arguana,49,recalibration,5,314,5,ad_probe,ad_c(full_target_scalar_reference),0.0029876618741715103,True,0.12661051445618465,2049526
arguana,49,selection,5,314,5,glob_probe,best_in_menu_on_eval,0.0,True,,2049526
arguana,0,recalibration,10,600,10,ad_probe,ad_c(full_target_scalar_reference),0.000358166189111748,True,0.015507902088679137,966
arguana,0,selection,10,600,10,glob_probe,best_in_menu_on_eval,0.008478577694193745,True,,966
arguana,1,recalibration,10,605,10,ad_probe,ad_c(full_target_scalar_reference),0.000358166189111748,True,0.021507503796404093,1966
arguana,1,selection,10,605,10,glob_probe,best_in_menu_on_eval,0.0,True,,1966
arguana,2,recalibration,10,578,10,ad_probe,ad_c(full_target_scalar_reference),0.0017908309455587391,True,0.0699688807163168,2966
arguana,2,selection,10,578,10,glob_probe,best_in_menu_on_eval,0.0,True,,2966
arguana,3,recalibration,10,673,10,ad_probe,ad_c(full_target_scalar_reference),0.000358166189111748,True,0.021158912055170065,3966
arguana,3,selection,10,673,10,glob_probe,best_in_menu_on_eval,0.0,True,,3966
arguana,4,recalibration,10,652,10,ad_probe,ad_c(full_target_scalar_reference),0.0,True,0.013485839558644908,4966
arguana,4,selection,10,652,10,glob_probe,best_in_menu_on_eval,0.0,True,,4966
arguana,5,recalibration,10,538,10,ad_probe,ad_c(full_target_scalar_reference),0.000358166189111748,True,0.030990409019939547,5966
arguana,5,selection,10,538,10,glob_probe,best_in_menu_on_eval,0.05904336033275863,False,,5966
arguana,6,recalibration,10,544,10,ad_probe,ad_c(full_target_scalar_reference),0.0,True,0.0016343918545886904,6966
arguana,6,selection,10,544,10,glob_probe,best_in_menu_on_eval,0.0,True,,6966
arguana,7,recalibration,10,635,10,ad_probe,ad_c(full_target_scalar_reference),0.000358166189111748,True,0.018188021422722578,7966
arguana,7,selection,10,635,10,glob_probe,best_in_menu_on_eval,0.0,True,,7966
arguana,8,recalibration,10,646,10,ad_probe,ad_c(full_target_scalar_reference),0.002196752626552053,True,0.09258766585562328,8966
arguana,8,selection,10,646,10,glob_probe,best_in_menu_on_eval,0.00943766715614855,True,,8966
arguana,9,recalibration,10,645,10,ad_probe,ad_c(full_target_scalar_reference),0.001241642788920725,True,0.06189094989152022,9966
arguana,9,selection,10,645,10,glob_probe,best_in_menu_on_eval,0.0,True,,9966
arguana,10,recalibration,10,688,10,ad_probe,ad_c(full_target_scalar_reference),0.000358166189111748,True,0.038887626462236424,10966
arguana,10,selection,10,688,10,glob_probe,best_in_menu_on_eval,0.0,True,,10966
arguana,11,recalibration,10,628,10,ad_probe,ad_c(full_target_scalar_reference),0.002043252831218447,True,0.10361845173550988,11966
arguana,11,selection,10,628,10,glob_probe,best_in_menu_on_eval,0.0,True,,11966
arguana,12,recalibration,10,568,10,ad_probe,ad_c(full_target_scalar_reference),0.00171919770773639,True,0.07620031893704149,12966
arguana,12,selection,10,568,10,glob_probe,best_in_menu_on_eval,0.008766816198764599,True,,12966
arguana,13,recalibration,10,600,10,ad_probe,ad_c(full_target_scalar_reference),0.002196752626552053,True,0.1014587296060443,13966
arguana,13,selection,10,600,10,trunc,best_in_menu_on_eval,0.02169082626271232,False,,13966
arguana,14,recalibration,10,614,10,ad_probe,ad_c(full_target_scalar_reference),0.00011938872970391687,True,0.03666096816465081,14966
arguana,14,selection,10,614,10,glob_probe,best_in_menu_on_eval,0.008574088677956865,True,,14966
arguana,15,recalibration,10,648,10,ad_probe,ad_c(full_target_scalar_reference),0.001719197707736389,True,0.08138598011686815,15966
arguana,15,selection,10,648,10,glob_probe,best_in_menu_on_eval,0.0,True,,15966
arguana,16,recalibration,10,597,10,ad_probe,ad_c(full_target_scalar_reference),0.002674307545367718,True,0.11815947386270842,16966
arguana,16,selection,10,597,10,glob_probe,best_in_menu_on_eval,0.0,True,,16966
arguana,17,recalibration,10,643,10,ad_probe,ad_c(full_target_scalar_reference),0.0,True,0.006479166640718348,17966
arguana,17,selection,10,643,10,glob_probe,best_in_menu_on_eval,0.0,True,,17966
arguana,18,recalibration,10,592,10,ad_probe,ad_c(full_target_scalar_reference),0.004405444126074498,True,0.17699244537306646,18966
arguana,18,selection,10,592,10,glob_probe,best_in_menu_on_eval,0.0,True,,18966
arguana,19,recalibration,10,611,10,ad_probe,ad_c(full_target_scalar_reference),0.001241642788920725,True,0.05273906233538783,19966
arguana,19,selection,10,611,10,glob_probe,best_in_menu_on_eval,0.0,True,,19966
arguana,20,recalibration,10,668,10,ad_probe,ad_c(full_target_scalar_reference),0.002998362668849775,True,0.13976864773387132,20966
arguana,20,selection,10,668,10,glob_probe,best_in_menu_on_eval,0.0,True,,20966
arguana,21,recalibration,10,661,10,ad_probe,ad_c(full_target_scalar_reference),0.005360553963705824,False,0.18887153569447435,21966
arguana,21,selection,10,661,10,glob_probe,best_in_menu_on_eval,0.0,True,,21966
arguana,22,recalibration,10,611,10,ad_probe,ad_c(full_target_scalar_reference),0.0,True,0.013651594733463113,22966
arguana,22,selection,10,611,10,glob_probe,best_in_menu_on_eval,0.0,True,,22966
arguana,23,recalibration,10,683,10,ad_probe,ad_c(full_target_scalar_reference),0.0,True,0.016139551988987755,23966
arguana,23,selection,10,683,10,glob_probe,best_in_menu_on_eval,0.0,True,,23966
arguana,24,recalibration,10,572,10,ad_probe,ad_c(full_target_scalar_reference),0.002674307545367718,True,0.11499453884277,24966
arguana,24,selection,10,572,10,glob_probe,best_in_menu_on_eval,0.0,True,,24966
arguana,25,recalibration,10,688,10,ad_probe,ad_c(full_target_scalar_reference),0.001719197707736389,True,0.07677640632431215,25966
arguana,25,selection,10,688,10,glob_probe,best_in_menu_on_eval,0.0,True,,25966
arguana,26,recalibration,10,589,10,ad_probe,ad_c(full_target_scalar_reference),0.000358166189111748,True,0.03613117890848905,26966
arguana,26,selection,10,589,10,glob_probe,best_in_menu_on_eval,0.038952020202020224,False,,26966
arguana,27,recalibration,10,662,10,ad_probe,ad_c(full_target_scalar_reference),0.002998362668849775,True,0.13996888298740506,27966
arguana,27,selection,10,662,10,glob_probe,best_in_menu_on_eval,0.0,True,,27966
arguana,28,recalibration,10,635,10,ad_probe,ad_c(full_target_scalar_reference),0.002674307545367718,True,0.14777666199039452,28966
arguana,28,selection,10,635,10,glob_probe,best_in_menu_on_eval,0.03889232583716823,False,,28966
arguana,29,recalibration,10,592,10,ad_probe,ad_c(full_target_scalar_reference),0.0013132760267430743,True,0.062347572806401685,29966
arguana,29,selection,10,592,10,glob_probe,best_in_menu_on_eval,0.0,True,,29966
arguana,30,recalibration,10,643,10,ad_probe,ad_c(full_target_scalar_reference),0.00028653295128939875,True,0.04344274258844805,30966
arguana,30,selection,10,643,10,glob_probe,best_in_menu_on_eval,0.0,True,,30966
arguana,31,recalibration,10,619,10,ad_probe,ad_c(full_target_scalar_reference),0.0,True,0.00865238025926196,31966
arguana,31,selection,10,619,10,glob_probe,best_in_menu_on_eval,0.0,True,,31966
arguana,32,recalibration,10,677,10,ad_probe,ad_c(full_target_scalar_reference),0.006315663801337154,False,0.2342644547010433,32966
arguana,32,selection,10,677,10,glob_probe,best_in_menu_on_eval,0.0,True,,32966
arguana,33,recalibration,10,677,10,ad_probe,ad_c(full_target_scalar_reference),0.001241642788920725,True,0.0706728933889762,33966
arguana,33,selection,10,677,10,trunc,best_in_menu_on_eval,0.02187450918278494,False,,33966
arguana,34,recalibration,10,644,10,ad_probe,ad_c(full_target_scalar_reference),0.002043252831218447,True,0.09862388557728252,34966
arguana,34,selection,10,644,10,glob_probe,best_in_menu_on_eval,0.0,True,,34966
arguana,35,recalibration,10,603,10,ad_probe,ad_c(full_target_scalar_reference),0.0017191977077363882,True,0.08185243249853946,35966
arguana,35,selection,10,603,10,trunc,best_in_menu_on_eval,0.0,True,,35966
arguana,36,recalibration,10,615,10,ad_probe,ad_c(full_target_scalar_reference),0.000286532951289397,True,0.042621718654741736,36966
arguana,36,selection,10,615,10,trunc,best_in_menu_on_eval,0.02120991192076646,False,,36966
arguana,37,recalibration,10,591,10,ad_probe,ad_c(full_target_scalar_reference),0.001241642788920725,True,0.05071922113399574,37966
arguana,37,selection,10,591,10,glob_probe,best_in_menu_on_eval,0.0,True,,37966
arguana,38,recalibration,10,601,10,ad_probe,ad_c(full_target_scalar_reference),0.002196752626552053,True,0.09426746638067796,38966
arguana,38,selection,10,601,10,glob_probe,best_in_menu_on_eval,0.0,True,,38966
arguana,39,recalibration,10,689,10,ad_probe,ad_c(full_target_scalar_reference),0.002520807750034112,True,0.11941565035739199,39966
arguana,39,selection,10,689,10,trunc,best_in_menu_on_eval,0.021094502815385996,False,,39966
arguana,40,recalibration,10,634,10,ad_probe,ad_c(full_target_scalar_reference),0.000358166189111748,True,0.036857413933578664,40966
arguana,40,selection,10,634,10,trunc,best_in_menu_on_eval,0.021213891545089902,False,,40966
arguana,41,recalibration,10,597,10,ad_probe,ad_c(full_target_scalar_reference),0.001719197707736389,True,0.07372256984910996,41966
arguana,41,selection,10,597,10,glob_probe,best_in_menu_on_eval,0.0,True,,41966
arguana,42,recalibration,10,666,10,ad_probe,ad_c(full_target_scalar_reference),0.000358166189111748,True,0.02346806908750998,42966
arguana,42,selection,10,666,10,glob_probe,best_in_menu_on_eval,0.0590433603327586,False,,42966
arguana,43,recalibration,10,638,10,ad_probe,ad_c(full_target_scalar_reference),7.163323782235099e-05,True,0.034061095754190474,43966
arguana,43,selection,10,638,10,glob_probe,best_in_menu_on_eval,0.0,True,,43966
arguana,44,recalibration,10,594,10,ad_probe,ad_c(full_target_scalar_reference),0.000358166189111748,True,0.019623369022617076,44966
arguana,44,selection,10,594,10,glob_probe,best_in_menu_on_eval,0.0,True,,44966
arguana,45,recalibration,10,573,10,ad_probe,ad_c(full_target_scalar_reference),0.000358166189111748,True,0.02980189350488449,45966
arguana,45,selection,10,573,10,glob_probe,best_in_menu_on_eval,0.008980010358950186,True,,45966
arguana,46,recalibration,10,646,10,ad_probe,ad_c(full_target_scalar_reference),0.0012416427889207259,True,0.06381147029001966,46966
arguana,46,selection,10,646,10,glob_probe,best_in_menu_on_eval,0.0,True,,46966
arguana,47,recalibration,10,576,10,ad_probe,ad_c(full_target_scalar_reference),7.163323782235099e-05,True,0.033369273145119616,47966
arguana,47,selection,10,576,10,trunc,best_in_menu_on_eval,0.021583996607172057,False,,47966
arguana,48,recalibration,10,642,10,ad_probe,ad_c(full_target_scalar_reference),0.006530563514804201,False,0.24094776659267136,48966
arguana,48,selection,10,642,10,glob_probe,best_in_menu_on_eval,0.0,True,,48966
arguana,49,recalibration,10,640,10,ad_probe,ad_c(full_target_scalar_reference),0.001241642788920725,True,0.06029905030980065,49966
arguana,49,selection,10,640,10,glob_probe,best_in_menu_on_eval,0.0,True,,49966
arguana,0,recalibration,20,1287,20,ad_probe,ad_c(full_target_scalar_reference),7.215007215007323e-05,True,0.029092970465456336,2200209
arguana,0,selection,20,1287,20,trunc,best_in_menu_on_eval,0.03644709689320899,False,,2200209
arguana,1,recalibration,20,1351,20,ad_probe,ad_c(full_target_scalar_reference),7.215007215007323e-05,True,0.034059849089709715,2201209
arguana,1,selection,20,1351,20,glob_probe,best_in_menu_on_eval,0.0,True,,2201209
arguana,2,recalibration,20,1142,20,ad_probe,ad_c(full_target_scalar_reference),0.002212602212602212,True,0.09254200901787557,2202209
arguana,2,selection,20,1142,20,trunc,best_in_menu_on_eval,0.021427074985771177,False,,2202209
arguana,3,recalibration,20,1316,20,ad_probe,ad_c(full_target_scalar_reference),0.00036075036075036097,True,0.03518829447002858,2203209
arguana,3,selection,20,1316,20,glob_probe,best_in_menu_on_eval,0.0,True,,2203209
arguana,4,recalibration,20,1282,20,ad_probe,ad_c(full_target_scalar_reference),0.00012025012025012119,True,0.036042065075384766,2204209
arguana,4,selection,20,1282,20,glob_probe,best_in_menu_on_eval,0.0,True,,2204209
arguana,5,recalibration,20,1323,20,ad_probe,ad_c(full_target_scalar_reference),0.00028860028860029033,True,0.04672707767877504,2205209
arguana,5,selection,20,1323,20,glob_probe,best_in_menu_on_eval,0.0,True,,2205209
arguana,6,recalibration,20,1309,20,ad_probe,ad_c(full_target_scalar_reference),0.0012506012506012503,True,0.05154051798880466,2206209
arguana,6,selection,20,1309,20,glob_probe,best_in_menu_on_eval,0.0,True,,2206209
arguana,7,recalibration,20,1298,20,ad_probe,ad_c(full_target_scalar_reference),0.0017316017316017325,True,0.0825930847555747,2207209
arguana,7,selection,20,1298,20,glob_probe,best_in_menu_on_eval,0.0,True,,2207209
arguana,8,recalibration,20,1202,20,ad_probe,ad_c(full_target_scalar_reference),0.0,True,0.0023064790777400646,2208209
arguana,8,selection,20,1202,20,glob_probe,best_in_menu_on_eval,0.0,True,,2208209
arguana,9,recalibration,20,1278,20,ad_probe,ad_c(full_target_scalar_reference),0.0,True,0.021532046496493762,2209209
arguana,9,selection,20,1278,20,glob_probe,best_in_menu_on_eval,0.0,True,,2209209
arguana,10,recalibration,20,1342,20,ad_probe,ad_c(full_target_scalar_reference),0.00019240019240019182,True,0.04000884712222064,2210209
arguana,10,selection,20,1342,20,glob_probe,best_in_menu_on_eval,0.0,True,,2210209
arguana,11,recalibration,20,1253,20,ad_probe,ad_c(full_target_scalar_reference),0.0012506012506012512,True,0.051991723718904925,2211209
arguana,11,selection,20,1253,20,glob_probe,best_in_menu_on_eval,0.0,True,,2211209
arguana,12,recalibration,20,1226,20,ad_probe,ad_c(full_target_scalar_reference),0.0013227513227513235,True,0.04853339046716987,2212209
arguana,12,selection,20,1226,20,trunc,best_in_menu_on_eval,0.0,True,,2212209
arguana,13,recalibration,20,1285,20,ad_probe,ad_c(full_target_scalar_reference),0.0,True,0.005636643800655872,2213209
arguana,13,selection,20,1285,20,glob_probe,best_in_menu_on_eval,0.0,True,,2213209
arguana,14,recalibration,20,1217,20,ad_probe,ad_c(full_target_scalar_reference),0.0012506012506012503,True,0.055618934642156725,2214209
arguana,14,selection,20,1217,20,glob_probe,best_in_menu_on_eval,0.0,True,,2214209
arguana,15,recalibration,20,1268,20,ad_probe,ad_c(full_target_scalar_reference),0.0020579949151377716,True,0.11504136016333866,2215209
arguana,15,selection,20,1268,20,glob_probe,best_in_menu_on_eval,0.0,True,,2215209
arguana,16,recalibration,20,1299,20,ad_probe,ad_c(full_target_scalar_reference),0.0,True,0.0030619587481510724,2216209
arguana,16,selection,20,1299,20,glob_probe,best_in_menu_on_eval,0.0,True,,2216209
arguana,17,recalibration,20,1193,20,ad_probe,ad_c(full_target_scalar_reference),0.0017316017316017299,True,0.08206138850981304,2217209
arguana,17,selection,20,1193,20,glob_probe,best_in_menu_on_eval,0.0,True,,2217209
arguana,18,recalibration,20,1188,20,ad_probe,ad_c(full_target_scalar_reference),0.001803751803751804,True,0.05816618791894468,2218209
arguana,18,selection,20,1188,20,glob_probe,best_in_menu_on_eval,0.03946325239615281,False,,2218209
arguana,19,recalibration,20,1239,20,ad_probe,ad_c(full_target_scalar_reference),0.0,True,0.01227933537529946,2219209
arguana,19,selection,20,1239,20,glob_probe,best_in_menu_on_eval,0.0,True,,2219209
arguana,20,recalibration,20,1184,20,ad_probe,ad_c(full_target_scalar_reference),0.002212602212602212,True,0.10795898682094007,2220209
arguana,20,selection,20,1184,20,trunc,best_in_menu_on_eval,0.021782671769939393,False,,2220209
arguana,21,recalibration,20,1183,20,ad_probe,ad_c(full_target_scalar_reference),0.0013227513227513218,True,0.05138322862465472,2221209
arguana,21,selection,20,1183,20,glob_probe,best_in_menu_on_eval,0.0,True,,2221209
arguana,22,recalibration,20,1223,20,ad_probe,ad_c(full_target_scalar_reference),0.0015769944341372903,True,0.09103892775681,2222209
arguana,22,selection,20,1223,20,glob_probe,best_in_menu_on_eval,0.0,True,,2222209
arguana,23,recalibration,20,1242,20,ad_probe,ad_c(full_target_scalar_reference),0.001803751803751804,True,0.060705399476067345,2223209
arguana,23,selection,20,1242,20,glob_probe,best_in_menu_on_eval,0.0,True,,2223209
arguana,24,recalibration,20,1213,20,ad_probe,ad_c(full_target_scalar_reference),0.0,True,0.008945922205416457,2224209
arguana,24,selection,20,1213,20,glob_probe,best_in_menu_on_eval,0.0,True,,2224209
arguana,25,recalibration,20,1245,20,ad_probe,ad_c(full_target_scalar_reference),0.0009620009620009626,True,0.047488299742962536,2225209
arguana,25,selection,20,1245,20,glob_probe,best_in_menu_on_eval,0.0,True,,2225209
arguana,26,recalibration,20,1312,20,ad_probe,ad_c(full_target_scalar_reference),0.002693602693602694,True,0.12362400574455101,2226209
arguana,26,selection,20,1312,20,glob_probe,best_in_menu_on_eval,0.0,True,,2226209
arguana,27,recalibration,20,1281,20,ad_probe,ad_c(full_target_scalar_reference),7.215007215007237e-05,True,0.03744285661714253,2227209
arguana,27,selection,20,1281,20,glob_probe,best_in_menu_on_eval,0.0,True,,2227209
arguana,28,recalibration,20,1253,20,ad_probe,ad_c(full_target_scalar_reference),0.002693602693602694,True,0.148329002647268,2228209
arguana,28,selection,20,1253,20,glob_probe,best_in_menu_on_eval,0.0,True,,2228209
arguana,29,recalibration,20,1157,20,ad_probe,ad_c(full_target_scalar_reference),0.0013708513708513706,True,0.07857916184478442,2229209
arguana,29,selection,20,1157,20,glob_probe,best_in_menu_on_eval,0.0,True,,2229209
arguana,30,recalibration,20,1143,20,ad_probe,ad_c(full_target_scalar_reference),0.001803751803751804,True,0.06577211209648137,2230209
arguana,30,selection,20,1143,20,glob_probe,best_in_menu_on_eval,0.0,True,,2230209
arguana,31,recalibration,20,1241,20,ad_probe,ad_c(full_target_scalar_reference),0.0013227513227513235,True,0.0489637062477869,2231209
arguana,31,selection,20,1241,20,glob_probe,best_in_menu_on_eval,0.0,True,,2231209
arguana,32,recalibration,20,1324,20,ad_probe,ad_c(full_target_scalar_reference),0.0,True,0.011413975466217585,2232209
arguana,32,selection,20,1324,20,glob_probe,best_in_menu_on_eval,0.0,True,,2232209
arguana,33,recalibration,20,1228,20,ad_probe,ad_c(full_target_scalar_reference),0.001803751803751804,True,0.05594548803299482,2233209
arguana,33,selection,20,1228,20,glob_probe,best_in_menu_on_eval,0.0,True,,2233209
arguana,34,recalibration,20,1119,20,ad_probe,ad_c(full_target_scalar_reference),0.003054353054353055,True,0.1821290308020096,2234209
arguana,34,selection,20,1119,20,glob_probe,best_in_menu_on_eval,0.0,True,,2234209
arguana,35,recalibration,20,1261,20,ad_probe,ad_c(full_target_scalar_reference),0.0003607503607503601,True,0.032286443446725044,2235209
arguana,35,selection,20,1261,20,glob_probe,best_in_menu_on_eval,0.0,True,,2235209
arguana,36,recalibration,20,1186,20,ad_probe,ad_c(full_target_scalar_reference),0.00036075036075036097,True,0.0310759098011002,2236209
arguana,36,selection,20,1186,20,glob_probe,best_in_menu_on_eval,0.0,True,,2236209
arguana,37,recalibration,20,1243,20,ad_probe,ad_c(full_target_scalar_reference),0.003054353054353055,True,0.1992150537123355,2237209
arguana,37,selection,20,1243,20,glob_probe,best_in_menu_on_eval,0.0,True,,2237209
arguana,38,recalibration,20,1179,20,ad_probe,ad_c(full_target_scalar_reference),0.002212602212602212,True,0.10498560988093253,2238209
arguana,38,selection,20,1179,20,trunc,best_in_menu_on_eval,0.0,True,,2238209
arguana,39,recalibration,20,1328,20,ad_probe,ad_c(full_target_scalar_reference),7.215007215007323e-05,True,0.03341230219986169,2239209
arguana,39,selection,20,1328,20,glob_probe,best_in_menu_on_eval,0.0,True,,2239209
arguana,40,recalibration,20,1430,20,ad_probe,ad_c(full_target_scalar_reference),0.003019995877138736,True,0.1297309970686098,2240209
arguana,40,selection,20,1430,20,trunc,best_in_menu_on_eval,0.0,True,,2240209
arguana,41,recalibration,20,1268,20,ad_probe,ad_c(full_target_scalar_reference),0.0,True,0.014428020513803541,2241209
arguana,41,selection,20,1268,20,glob_probe,best_in_menu_on_eval,0.0,True,,2241209
arguana,42,recalibration,20,1250,20,ad_probe,ad_c(full_target_scalar_reference),0.00036075036075036097,True,0.035131263529544765,2242209
arguana,42,selection,20,1250,20,glob_probe,best_in_menu_on_eval,0.0,True,,2242209
arguana,43,recalibration,20,1273,20,ad_probe,ad_c(full_target_scalar_reference),7.215007215007323e-05,True,0.030624792206521145,2243209
arguana,43,selection,20,1273,20,glob_probe,best_in_menu_on_eval,0.0,True,,2243209
arguana,44,recalibration,20,1138,20,ad_probe,ad_c(full_target_scalar_reference),0.00036075036075036097,True,0.03176509425723584,2244209
arguana,44,selection,20,1138,20,glob_probe,best_in_menu_on_eval,0.0,True,,2244209
arguana,45,recalibration,20,1229,20,ad_probe,ad_c(full_target_scalar_reference),0.0002886002886002886,True,0.04435925679621888,2245209
arguana,45,selection,20,1229,20,glob_probe,best_in_menu_on_eval,0.0,True,,2245209
arguana,46,recalibration,20,1253,20,ad_probe,ad_c(full_target_scalar_reference),0.0,True,0.009689132524435373,2246209
arguana,46,selection,20,1253,20,glob_probe,best_in_menu_on_eval,0.008866143876966354,True,,2246209
arguana,47,recalibration,20,1221,20,ad_probe,ad_c(full_target_scalar_reference),0.002538995396138253,True,0.1196463076365828,2247209
arguana,47,selection,20,1221,20,glob_probe,best_in_menu_on_eval,0.0,True,,2247209
arguana,48,recalibration,20,1229,20,ad_probe,ad_c(full_target_scalar_reference),0.0,True,0.028456917965693718,2248209
arguana,48,selection,20,1229,20,glob_probe,best_in_menu_on_eval,0.0,True,,2248209
arguana,49,recalibration,20,1247,20,ad_probe,ad_c(full_target_scalar_reference),0.002130144987287845,True,0.1128857097277971,2249209
arguana,49,selection,20,1247,20,glob_probe,best_in_menu_on_eval,0.0,True,,2249209
arguana,0,recalibration,50,3036,50,ad_probe,ad_c(full_target_scalar_reference),0.0,True,0.00048696302813144854,2300518
arguana,0,selection,50,3036,50,glob_probe,best_in_menu_on_eval,0.0,True,,2300518
arguana,1,recalibration,50,3342,50,ad_probe,ad_c(full_target_scalar_reference),0.00551868239921337,False,0.19526712198003748,2301518
arguana,1,selection,50,3342,50,glob_probe,best_in_menu_on_eval,0.0,True,,2301518
arguana,2,recalibration,50,3188,50,ad_probe,ad_c(full_target_scalar_reference),0.0003687315634218289,True,0.03903341328735177,2302518
arguana,2,selection,50,3188,50,glob_probe,best_in_menu_on_eval,0.0,True,,2302518
arguana,3,recalibration,50,3021,50,ad_probe,ad_c(full_target_scalar_reference),0.0003687315634218289,True,0.03144662857069069,2303518
arguana,3,selection,50,3021,50,glob_probe,best_in_menu_on_eval,0.0,True,,2303518
arguana,4,recalibration,50,3082,50,ad_probe,ad_c(full_target_scalar_reference),0.0018436578171091445,True,0.06778000767429315,2304518
arguana,4,selection,50,3082,50,glob_probe,best_in_menu_on_eval,0.0,True,,2304518
arguana,5,recalibration,50,3040,50,ad_probe,ad_c(full_target_scalar_reference),0.00036873156342182977,True,0.04014301401597553,2305518
arguana,5,selection,50,3040,50,glob_probe,best_in_menu_on_eval,0.0,True,,2305518
arguana,6,recalibration,50,3168,50,ad_probe,ad_c(full_target_scalar_reference),0.0,True,0.011861460303799864,2306518
arguana,6,selection,50,3168,50,glob_probe,best_in_menu_on_eval,0.0,True,,2306518
arguana,7,recalibration,50,2972,50,ad_probe,ad_c(full_target_scalar_reference),0.0013520157325467063,True,0.049773461551813725,2307518
arguana,7,selection,50,2972,50,glob_probe,best_in_menu_on_eval,0.0,True,,2307518
arguana,8,recalibration,50,3053,50,ad_probe,ad_c(full_target_scalar_reference),0.0003687315634218289,True,0.02544012246147176,2308518
arguana,8,selection,50,3053,50,glob_probe,best_in_menu_on_eval,0.0,True,,2308518
arguana,9,recalibration,50,3258,50,ad_probe,ad_c(full_target_scalar_reference),0.001769911504424777,True,0.0846167729589904,2309518
arguana,9,selection,50,3258,50,glob_probe,best_in_menu_on_eval,0.0,True,,2309518
arguana,10,recalibration,50,3152,50,ad_probe,ad_c(full_target_scalar_reference),0.0012782694198623405,True,0.07160374672402314,2310518
arguana,10,selection,50,3152,50,glob_probe,best_in_menu_on_eval,0.0,True,,2310518
arguana,11,recalibration,50,3207,50,ad_probe,ad_c(full_target_scalar_reference),0.0,True,0.020089939226977327,2311518
arguana,11,selection,50,3207,50,glob_probe,best_in_menu_on_eval,0.0,True,,2311518
arguana,12,recalibration,50,2929,50,ad_probe,ad_c(full_target_scalar_reference),0.002261553588987217,True,0.08640183498568432,2312518
arguana,12,selection,50,2929,50,glob_probe,best_in_menu_on_eval,0.0,True,,2312518
arguana,13,recalibration,50,3221,50,ad_probe,ad_c(full_target_scalar_reference),0.0012782694198623405,True,0.05719904639282469,2313518
arguana,13,selection,50,3221,50,glob_probe,best_in_menu_on_eval,0.0,True,,2313518
arguana,14,recalibration,50,3068,50,ad_probe,ad_c(full_target_scalar_reference),0.0,True,0.005763186654047958,2314518
arguana,14,selection,50,3068,50,glob_probe,best_in_menu_on_eval,0.0,True,,2314518
arguana,15,recalibration,50,3163,50,ad_probe,ad_c(full_target_scalar_reference),0.0,True,0.02486132862133361,2315518
arguana,15,selection,50,3163,50,glob_probe,best_in_menu_on_eval,0.00886564066873799,True,,2315518
arguana,16,recalibration,50,3241,50,ad_probe,ad_c(full_target_scalar_reference),0.0012782694198623405,True,0.0589062220540163,2316518
arguana,16,selection,50,3241,50,glob_probe,best_in_menu_on_eval,0.0,True,,2316518
arguana,17,recalibration,50,3055,50,ad_probe,ad_c(full_target_scalar_reference),0.0003687315634218289,True,0.026151629999163095,2317518
arguana,17,selection,50,3055,50,glob_probe,best_in_menu_on_eval,0.0,True,,2317518
arguana,18,recalibration,50,3025,50,ad_probe,ad_c(full_target_scalar_reference),0.0003687315634218289,True,0.016328527768025625,2318518
arguana,18,selection,50,3025,50,glob_probe,best_in_menu_on_eval,0.0,True,,2318518
arguana,19,recalibration,50,3161,50,ad_probe,ad_c(full_target_scalar_reference),0.0,True,0.004655956002192374,2319518
arguana,19,selection,50,3161,50,glob_probe,best_in_menu_on_eval,0.0,True,,2319518
arguana,20,recalibration,50,3156,50,ad_probe,ad_c(full_target_scalar_reference),0.0012782694198623405,True,0.06492917620653471,2320518
arguana,20,selection,50,3156,50,glob_probe,best_in_menu_on_eval,0.0,True,,2320518
arguana,21,recalibration,50,3119,50,ad_probe,ad_c(full_target_scalar_reference),0.002103525776092148,True,0.1093550515484385,2321518
arguana,21,selection,50,3119,50,glob_probe,best_in_menu_on_eval,0.0,True,,2321518
arguana,22,recalibration,50,2967,50,ad_probe,ad_c(full_target_scalar_reference),0.0003687315634218289,True,0.02761709087528419,2322518
arguana,22,selection,50,2967,50,glob_probe,best_in_menu_on_eval,0.0,True,,2322518
arguana,23,recalibration,50,3173,50,ad_probe,ad_c(full_target_scalar_reference),0.0025951678606545856,True,0.12375080147896256,2323518
arguana,23,selection,50,3173,50,glob_probe,best_in_menu_on_eval,0.0,True,,2323518
arguana,24,recalibration,50,3174,50,ad_probe,ad_c(full_target_scalar_reference),0.0003687315634218289,True,0.03340731751202286,2324518
arguana,24,selection,50,3174,50,glob_probe,best_in_menu_on_eval,0.0,True,,2324518
arguana,25,recalibration,50,3256,50,ad_probe,ad_c(full_target_scalar_reference),0.0025951678606545873,True,0.126304269066026,2325518
arguana,25,selection,50,3256,50,glob_probe,best_in_menu_on_eval,0.0,True,,2325518
arguana,26,recalibration,50,3089,50,ad_probe,ad_c(full_target_scalar_reference),0.0,True,0.006789404174990077,2326518
arguana,26,selection,50,3089,50,glob_probe,best_in_menu_on_eval,0.0,True,,2326518
arguana,27,recalibration,50,3178,50,ad_probe,ad_c(full_target_scalar_reference),0.0,True,0.00533004167472706,2327518
arguana,27,selection,50,3178,50,glob_probe,best_in_menu_on_eval,0.0,True,,2327518
arguana,28,recalibration,50,3154,50,ad_probe,ad_c(full_target_scalar_reference),0.0017699115044247796,True,0.08422004457274657,2328518
arguana,28,selection,50,3154,50,glob_probe,best_in_menu_on_eval,0.0,True,,2328518
arguana,29,recalibration,50,3015,50,ad_probe,ad_c(full_target_scalar_reference),0.0,True,0.00042408260329351855,2329518
arguana,29,selection,50,3015,50,glob_probe,best_in_menu_on_eval,0.0,True,,2329518
arguana,30,recalibration,50,3050,50,ad_probe,ad_c(full_target_scalar_reference),0.0018436578171091445,True,0.05483992119745573,2330518
arguana,30,selection,50,3050,50,glob_probe,best_in_menu_on_eval,0.0,True,,2330518
arguana,31,recalibration,50,3195,50,ad_probe,ad_c(full_target_scalar_reference),0.0016118836915297108,True,0.089265127025,2331518
arguana,31,selection,50,3195,50,glob_probe,best_in_menu_on_eval,0.0,True,,2331518
arguana,32,recalibration,50,3192,50,ad_probe,ad_c(full_target_scalar_reference),0.0021035257760921465,True,0.09519461290225129,2332518
arguana,32,selection,50,3192,50,glob_probe,best_in_menu_on_eval,0.0,True,,2332518
arguana,33,recalibration,50,3028,50,ad_probe,ad_c(full_target_scalar_reference),0.0018436578171091445,True,0.05265520964365522,2333518
arguana,33,selection,50,3028,50,trunc,best_in_menu_on_eval,0.037348967218665846,False,,2333518
arguana,34,recalibration,50,3190,50,ad_probe,ad_c(full_target_scalar_reference),0.0017699115044247779,True,0.07589967599193403,2334518
arguana,34,selection,50,3190,50,glob_probe,best_in_menu_on_eval,0.0,True,,2334518
arguana,35,recalibration,50,3187,50,ad_probe,ad_c(full_target_scalar_reference),0.0017699115044247796,True,0.07654006267032476,2335518
arguana,35,selection,50,3187,50,glob_probe,best_in_menu_on_eval,0.0,True,,2335518
arguana,36,recalibration,50,3129,50,ad_probe,ad_c(full_target_scalar_reference),0.0017699115044247796,True,0.08315309764876122,2336518
arguana,36,selection,50,3129,50,glob_probe,best_in_menu_on_eval,0.0,True,,2336518
arguana,37,recalibration,50,3011,50,ad_probe,ad_c(full_target_scalar_reference),0.0003687315634218289,True,0.03934442968645424,2337518
arguana,37,selection,50,3011,50,glob_probe,best_in_menu_on_eval,0.0,True,,2337518
arguana,38,recalibration,50,3253,50,ad_probe,ad_c(full_target_scalar_reference),0.0003687315634218289,True,0.019230637503725667,2338518
arguana,38,selection,50,3253,50,glob_probe,best_in_menu_on_eval,0.0,True,,2338518
arguana,39,recalibration,50,3022,50,ad_probe,ad_c(full_target_scalar_reference),0.0003687315634218289,True,0.030943123040676923,2339518
arguana,39,selection,50,3022,50,glob_probe,best_in_menu_on_eval,0.0,True,,2339518
arguana,40,recalibration,50,3073,50,ad_probe,ad_c(full_target_scalar_reference),0.0018436578171091445,True,0.05229841254197032,2340518
arguana,40,selection,50,3073,50,glob_probe,best_in_menu_on_eval,0.0,True,,2340518
arguana,41,recalibration,50,3161,50,ad_probe,ad_c(full_target_scalar_reference),0.0,True,0.000603660093463132,2341518
arguana,41,selection,50,3161,50,glob_probe,best_in_menu_on_eval,0.0,True,,2341518
arguana,42,recalibration,50,3032,50,ad_probe,ad_c(full_target_scalar_reference),0.0,True,0.04100042760802536,2342518
arguana,42,selection,50,3032,50,glob_probe,best_in_menu_on_eval,0.0,True,,2342518
arguana,43,recalibration,50,3159,50,ad_probe,ad_c(full_target_scalar_reference),0.0,True,0.02691489273303782,2343518
arguana,43,selection,50,3159,50,glob_probe,best_in_menu_on_eval,0.0,True,,2343518
arguana,44,recalibration,50,3264,50,ad_probe,ad_c(full_target_scalar_reference),0.0,True,0.009567211416452781,2344518
arguana,44,selection,50,3264,50,glob_probe,best_in_menu_on_eval,0.0,True,,2344518
arguana,45,recalibration,50,3018,50,ad_probe,ad_c(full_target_scalar_reference),0.002261553588987217,True,0.12607652812904258,2345518
arguana,45,selection,50,3018,50,glob_probe,best_in_menu_on_eval,0.0,True,,2345518
arguana,46,recalibration,50,3098,50,ad_probe,ad_c(full_target_scalar_reference),0.0017699115044247796,True,0.08497997250786815,2346518
arguana,46,selection,50,3098,50,glob_probe,best_in_menu_on_eval,0.0,True,,2346518
arguana,47,recalibration,50,3109,50,ad_probe,ad_c(full_target_scalar_reference),0.0,True,0.007224247000084505,2347518
arguana,47,selection,50,3109,50,glob_probe,best_in_menu_on_eval,0.0,True,,2347518
arguana,48,recalibration,50,3187,50,ad_probe,ad_c(full_target_scalar_reference),0.0,True,0.0024302307226551356,2348518
arguana,48,selection,50,3187,50,glob_probe,best_in_menu_on_eval,0.0,True,,2348518
arguana,49,recalibration,50,3091,50,ad_probe,ad_c(full_target_scalar_reference),0.0014749262536873156,True,0.05302632924647743,2349518
arguana,49,selection,50,3091,50,glob_probe,best_in_menu_on_eval,0.0,True,,2349518
arguana,0,recalibration,100,6264,100,ad_probe,ad_c(full_target_scalar_reference),0.0,True,2.3508489102597174e-05,2400770
arguana,0,selection,100,6264,100,glob_probe,best_in_menu_on_eval,0.0,True,,2400770
arguana,1,recalibration,100,6444,100,ad_probe,ad_c(full_target_scalar_reference),0.0,True,0.0011387575013734885,2401770
arguana,1,selection,100,6444,100,glob_probe,best_in_menu_on_eval,0.0,True,,2401770
arguana,2,recalibration,100,6100,100,ad_probe,ad_c(full_target_scalar_reference),0.0,True,0.003401609774470904,2402770
arguana,2,selection,100,6100,100,glob_probe,best_in_menu_on_eval,0.0,True,,2402770
arguana,3,recalibration,100,6038,100,ad_probe,ad_c(full_target_scalar_reference),0.0019142419601837673,True,0.05704206376493648,2403770
arguana,3,selection,100,6038,100,glob_probe,best_in_menu_on_eval,0.0,True,,2403770
arguana,4,recalibration,100,6441,100,ad_probe,ad_c(full_target_scalar_reference),0.0,True,0.020413436936560947,2404770
arguana,4,selection,100,6441,100,glob_probe,best_in_menu_on_eval,0.0,True,,2404770
arguana,5,recalibration,100,6404,100,ad_probe,ad_c(full_target_scalar_reference),0.0013272077590607452,True,0.05725487661593598,2405770
arguana,5,selection,100,6404,100,glob_probe,best_in_menu_on_eval,0.0,True,,2405770
arguana,6,recalibration,100,6255,100,ad_probe,ad_c(full_target_scalar_reference),0.00038284839203675276,True,0.03271730287744523,2406770
arguana,6,selection,100,6255,100,glob_probe,best_in_menu_on_eval,0.0,True,,2406770
arguana,7,recalibration,100,6169,100,ad_probe,ad_c(full_target_scalar_reference),0.0,True,0.012028349442151476,2407770
arguana,7,selection,100,6169,100,glob_probe,best_in_menu_on_eval,0.0,True,,2407770
arguana,8,recalibration,100,6136,100,ad_probe,ad_c(full_target_scalar_reference),0.0003828483920367536,True,0.02428877249827499,2408770
arguana,8,selection,100,6136,100,glob_probe,best_in_menu_on_eval,0.0,True,,2408770
arguana,9,recalibration,100,6191,100,ad_probe,ad_c(full_target_scalar_reference),0.00038284839203675276,True,0.04121840024099033,2409770
arguana,9,selection,100,6191,100,glob_probe,best_in_menu_on_eval,0.0,True,,2409770
arguana,10,recalibration,100,6292,100,ad_probe,ad_c(full_target_scalar_reference),0.0,True,0.022269433747328038,2410770
arguana,10,selection,100,6292,100,glob_probe,best_in_menu_on_eval,0.0,True,,2410770
arguana,11,recalibration,100,6208,100,ad_probe,ad_c(full_target_scalar_reference),0.0,True,0.0009467912414524715,2411770
arguana,11,selection,100,6208,100,glob_probe,best_in_menu_on_eval,0.0,True,,2411770
arguana,12,recalibration,100,6126,100,ad_probe,ad_c(full_target_scalar_reference),0.0,True,0.020483644460728145,2412770
arguana,12,selection,100,6126,100,glob_probe,best_in_menu_on_eval,0.0,True,,2412770
arguana,13,recalibration,100,6108,100,ad_probe,ad_c(full_target_scalar_reference),0.0,True,0.02199821202905128,2413770
arguana,13,selection,100,6108,100,glob_probe,best_in_menu_on_eval,0.0,True,,2413770
arguana,14,recalibration,100,6271,100,ad_probe,ad_c(full_target_scalar_reference),0.0,True,0.013362219994087043,2414770
arguana,14,selection,100,6271,100,glob_probe,best_in_menu_on_eval,0.0,True,,2414770
arguana,15,recalibration,100,6449,100,ad_probe,ad_c(full_target_scalar_reference),0.0013272077590607452,True,0.057382272242651355,2415770
arguana,15,selection,100,6449,100,glob_probe,best_in_menu_on_eval,0.0,True,,2415770
arguana,16,recalibration,100,6433,100,ad_probe,ad_c(full_target_scalar_reference),0.0,True,0.02553424481181521,2416770
arguana,16,selection,100,6433,100,glob_probe,best_in_menu_on_eval,0.0,True,,2416770
arguana,17,recalibration,100,6223,100,ad_probe,ad_c(full_target_scalar_reference),0.0,True,0.018917025864596537,2417770
arguana,17,selection,100,6223,100,glob_probe,best_in_menu_on_eval,0.0,True,,2417770
arguana,18,recalibration,100,6209,100,ad_probe,ad_c(full_target_scalar_reference),0.00038284839203675276,True,0.027558134661965328,2418770
arguana,18,selection,100,6209,100,glob_probe,best_in_menu_on_eval,0.0,True,,2418770
arguana,19,recalibration,100,6034,100,ad_probe,ad_c(full_target_scalar_reference),0.0003828483920367536,True,0.02980189350488449,2419770
arguana,19,selection,100,6034,100,glob_probe,best_in_menu_on_eval,0.0,True,,2419770
arguana,20,recalibration,100,6118,100,ad_probe,ad_c(full_target_scalar_reference),0.0003828483920367536,True,0.02433065181467242,2420770
arguana,20,selection,100,6118,100,glob_probe,best_in_menu_on_eval,0.0,True,,2420770
arguana,21,recalibration,100,6313,100,ad_probe,ad_c(full_target_scalar_reference),0.0003828483920367536,True,0.039805497022680436,2421770
arguana,21,selection,100,6313,100,glob_probe,best_in_menu_on_eval,0.0,True,,2421770
arguana,22,recalibration,100,6512,100,ad_probe,ad_c(full_target_scalar_reference),0.00030627871362940394,True,0.04122678903263399,2422770
arguana,22,selection,100,6512,100,glob_probe,best_in_menu_on_eval,0.0,True,,2422770
arguana,23,recalibration,100,5972,100,ad_probe,ad_c(full_target_scalar_reference),0.0014037774374680966,True,0.0681692470507117,2423770
arguana,23,selection,100,5972,100,glob_probe,best_in_menu_on_eval,0.0,True,,2423770
arguana,24,recalibration,100,6270,100,ad_probe,ad_c(full_target_scalar_reference),0.0,True,0.023076247595129384,2424770
arguana,24,selection,100,6270,100,glob_probe,best_in_menu_on_eval,0.0,True,,2424770
arguana,25,recalibration,100,6219,100,ad_probe,ad_c(full_target_scalar_reference),0.0003828483920367536,True,0.027822430288700017,2425770
arguana,25,selection,100,6219,100,glob_probe,best_in_menu_on_eval,0.0,True,,2425770
arguana,26,recalibration,100,6079,100,ad_probe,ad_c(full_target_scalar_reference),0.0003828483920367536,True,0.02821716336974267,2426770
arguana,26,selection,100,6079,100,glob_probe,best_in_menu_on_eval,0.0,True,,2426770
arguana,27,recalibration,100,6166,100,ad_probe,ad_c(full_target_scalar_reference),0.0013272077590607452,True,0.06416295950110262,2427770
arguana,27,selection,100,6166,100,glob_probe,best_in_menu_on_eval,0.0,True,,2427770
arguana,28,recalibration,100,6094,100,ad_probe,ad_c(full_target_scalar_reference),0.0,True,0.011763210600041485,2428770
arguana,28,selection,100,6094,100,glob_probe,best_in_menu_on_eval,0.0,True,,2428770
arguana,29,recalibration,100,6193,100,ad_probe,ad_c(full_target_scalar_reference),0.0,True,0.02008954339258362,2429770
arguana,29,selection,100,6193,100,glob_probe,best_in_menu_on_eval,0.0,True,,2429770
arguana,30,recalibration,100,6129,100,ad_probe,ad_c(full_target_scalar_reference),0.0,True,0.014460545036071082,2430770
arguana,30,selection,100,6129,100,glob_probe,best_in_menu_on_eval,0.0,True,,2430770
arguana,31,recalibration,100,6150,100,ad_probe,ad_c(full_target_scalar_reference),0.0003828483920367536,True,0.01807015954126512,2431770
arguana,31,selection,100,6150,100,glob_probe,best_in_menu_on_eval,0.0,True,,2431770
arguana,32,recalibration,100,6079,100,ad_probe,ad_c(full_target_scalar_reference),0.0003828483920367536,True,0.02093103720642564,2432770
arguana,32,selection,100,6079,100,glob_probe,best_in_menu_on_eval,0.0,True,,2432770
arguana,33,recalibration,100,6184,100,ad_probe,ad_c(full_target_scalar_reference),0.0,True,0.020119584309900462,2433770
arguana,33,selection,100,6184,100,glob_probe,best_in_menu_on_eval,0.0,True,,2433770
arguana,34,recalibration,100,6269,100,ad_probe,ad_c(full_target_scalar_reference),0.0003828483920367536,True,0.02896731793473717,2434770
arguana,34,selection,100,6269,100,glob_probe,best_in_menu_on_eval,0.0,True,,2434770
arguana,35,recalibration,100,6318,100,ad_probe,ad_c(full_target_scalar_reference),0.0,True,0.0017001363521805812,2435770
arguana,35,selection,100,6318,100,glob_probe,best_in_menu_on_eval,0.0,True,,2435770
arguana,36,recalibration,100,6501,100,ad_probe,ad_c(full_target_scalar_reference),0.0008167432363450737,True,0.06617145540212599,2436770
arguana,36,selection,100,6501,100,glob_probe,best_in_menu_on_eval,0.0,True,,2436770
arguana,37,recalibration,100,6379,100,ad_probe,ad_c(full_target_scalar_reference),0.001327207759060747,True,0.0718808625630647,2437770
arguana,37,selection,100,6379,100,glob_probe,best_in_menu_on_eval,0.0,True,,2437770
arguana,38,recalibration,100,6295,100,ad_probe,ad_c(full_target_scalar_reference),0.0,True,0.014848604802411014,2438770
arguana,38,selection,100,6295,100,glob_probe,best_in_menu_on_eval,0.0,True,,2438770
arguana,39,recalibration,100,6313,100,ad_probe,ad_c(full_target_scalar_reference),7.656967840735142e-05,True,0.035316243221174215,2439770
arguana,39,selection,100,6313,100,glob_probe,best_in_menu_on_eval,0.0,True,,2439770
arguana,40,recalibration,100,6339,100,ad_probe,ad_c(full_target_scalar_reference),0.0,True,0.00850078755196948,2440770
arguana,40,selection,100,6339,100,glob_probe,best_in_menu_on_eval,0.0,True,,2440770
arguana,41,recalibration,100,6323,100,ad_probe,ad_c(full_target_scalar_reference),0.00038284839203675276,True,0.025873571642784587,2441770
arguana,41,selection,100,6323,100,glob_probe,best_in_menu_on_eval,0.0,True,,2441770
arguana,42,recalibration,100,6226,100,ad_probe,ad_c(full_target_scalar_reference),0.00038284839203675276,True,0.022586136782451915,2442770
arguana,42,selection,100,6226,100,glob_probe,best_in_menu_on_eval,0.0,True,,2442770
arguana,43,recalibration,100,6124,100,ad_probe,ad_c(full_target_scalar_reference),0.0003828483920367536,True,0.03161448886034046,2443770
arguana,43,selection,100,6124,100,glob_probe,best_in_menu_on_eval,0.0,True,,2443770
arguana,44,recalibration,100,6247,100,ad_probe,ad_c(full_target_scalar_reference),0.0,True,0.01937651149877495,2444770
arguana,44,selection,100,6247,100,glob_probe,best_in_menu_on_eval,0.0,True,,2444770
arguana,45,recalibration,100,6213,100,ad_probe,ad_c(full_target_scalar_reference),0.00038284839203675276,True,0.03135182833038397,2445770
arguana,45,selection,100,6213,100,glob_probe,best_in_menu_on_eval,0.0,True,,2445770
arguana,46,recalibration,100,6278,100,ad_probe,ad_c(full_target_scalar_reference),0.0,True,0.0031824191579634675,2446770
arguana,46,selection,100,6278,100,glob_probe,best_in_menu_on_eval,0.0,True,,2446770
arguana,47,recalibration,100,6299,100,ad_probe,ad_c(full_target_scalar_reference),0.0,True,0.004101396694121906,2447770
arguana,47,selection,100,6299,100,glob_probe,best_in_menu_on_eval,0.0,True,,2447770
arguana,48,recalibration,100,6260,100,ad_probe,ad_c(full_target_scalar_reference),0.0,True,0.000586641201175242,2448770
arguana,48,selection,100,6260,100,glob_probe,best_in_menu_on_eval,0.0,True,,2448770
arguana,49,recalibration,100,6271,100,ad_probe,ad_c(full_target_scalar_reference),0.00038284839203675276,True,0.019417228997692382,2449770
arguana,49,selection,100,6271,100,glob_probe,best_in_menu_on_eval,0.0,True,,2449770
scidocs,0,recalibration,5,413,5,ad_probe,ad_c(full_target_scalar_reference),0.003059529231565883,True,0.6129854797866532,2000365
scidocs,0,selection,5,413,5,glob_probe,best_in_menu_on_eval,0.02092206148369316,False,,2000365
scidocs,1,recalibration,5,397,5,ad_probe,ad_c(full_target_scalar_reference),0.00420841503071534,True,1.0449857807331453,2001365
scidocs,1,selection,5,397,5,trunc,best_in_menu_on_eval,0.012332819174847992,False,,2001365
scidocs,2,recalibration,5,409,5,ad_probe,ad_c(full_target_scalar_reference),0.0016412649327222362,True,0.5264425206502557,2002365
scidocs,2,selection,5,409,5,glob_probe,best_in_menu_on_eval,0.0149987028112952,False,,2002365
scidocs,3,recalibration,5,370,5,ad_probe,ad_c(full_target_scalar_reference),0.0007232692423351506,True,0.17122813166890438,2003365
scidocs,3,selection,5,370,5,glob_probe,best_in_menu_on_eval,0.04621377751883218,False,,2003365
scidocs,4,recalibration,5,396,5,ad_probe,ad_c(full_target_scalar_reference),0.00015087862389387419,True,0.2005004218258355,2004365
scidocs,4,selection,5,396,5,glob_probe,best_in_menu_on_eval,0.0,True,,2004365
scidocs,5,recalibration,5,385,5,ad_probe,ad_c(full_target_scalar_reference),6.271558942030908e-05,True,0.1354327198789531,2005365
scidocs,5,selection,5,385,5,glob_probe,best_in_menu_on_eval,0.0,True,,2005365
scidocs,6,recalibration,5,439,5,ad_probe,ad_c(full_target_scalar_reference),0.004072477912498457,True,1.0265542746765806,2006365
scidocs,6,selection,5,439,5,glob_probe,best_in_menu_on_eval,0.0020153931867824826,True,,2006365
scidocs,7,recalibration,5,388,5,ad_probe,ad_c(full_target_scalar_reference),0.0008723468537243095,True,0.11242460333475979,2007365
scidocs,7,selection,5,388,5,glob_probe,best_in_menu_on_eval,0.0,True,,2007365
scidocs,8,recalibration,5,451,5,ad_probe,ad_c(full_target_scalar_reference),0.004277505333870807,True,0.9755625800900787,2008365
scidocs,8,selection,5,451,5,trunc,best_in_menu_on_eval,0.011948214680980729,False,,2008365
scidocs,9,recalibration,5,383,5,ad_probe,ad_c(full_target_scalar_reference),0.0007250527181451305,True,0.447351361768241,2009365
scidocs,9,selection,5,383,5,glob_probe,best_in_menu_on_eval,0.01722743610347266,False,,2009365
scidocs,10,recalibration,5,380,5,ad_probe,ad_c(full_target_scalar_reference),0.003618552053295393,True,0.9328138185571002,2010365
scidocs,10,selection,5,380,5,glob_probe,best_in_menu_on_eval,0.0158293323481839,False,,2010365
scidocs,11,recalibration,5,406,5,ad_probe,ad_c(full_target_scalar_reference),3.923277224771038e-05,True,0.15405491146233485,2011365
scidocs,11,selection,5,406,5,glob_probe,best_in_menu_on_eval,0.0,True,,2011365
scidocs,12,recalibration,5,437,5,ad_probe,ad_c(full_target_scalar_reference),8.148189052709087e-05,True,0.032750103999172886,2012365
scidocs,12,selection,5,437,5,glob_probe,best_in_menu_on_eval,0.0,True,,2012365
scidocs,13,recalibration,5,427,5,ad_probe,ad_c(full_target_scalar_reference),0.0024766868898517536,True,0.805707176167124,2013365
scidocs,13,selection,5,427,5,ad_probe,best_in_menu_on_eval,0.0,True,,2013365
scidocs,14,recalibration,5,321,5,ad_probe,ad_c(full_target_scalar_reference),0.006079932318477976,False,1.2080491185496256,2014365
scidocs,14,selection,5,321,5,glob_probe,best_in_menu_on_eval,0.0,True,,2014365
scidocs,15,recalibration,5,430,5,ad_probe,ad_c(full_target_scalar_reference),0.0005842100225783853,True,0.3854342480021793,2015365
scidocs,15,selection,5,430,5,ad_probe,best_in_menu_on_eval,0.0019813174289023683,True,,2015365
scidocs,16,recalibration,5,424,5,ad_probe,ad_c(full_target_scalar_reference),0.00018522876932572374,True,0.11621048278933399,2016365
scidocs,16,selection,5,424,5,trunc,best_in_menu_on_eval,0.007744092105529121,True,,2016365
scidocs,17,recalibration,5,398,5,ad_probe,ad_c(full_target_scalar_reference),0.0008478623554000475,True,0.4315480006825769,2017365
scidocs,17,selection,5,398,5,glob_probe,best_in_menu_on_eval,0.0,True,,2017365
scidocs,18,recalibration,5,412,5,ad_probe,ad_c(full_target_scalar_reference),0.0008797509653959146,True,0.6932798859918297,2018365
scidocs,18,selection,5,412,5,glob_probe,best_in_menu_on_eval,0.013384715513793388,False,,2018365
scidocs,19,recalibration,5,432,5,ad_probe,ad_c(full_target_scalar_reference),0.0036759730892157727,True,0.7481568917618748,2019365
scidocs,19,selection,5,432,5,glob_probe,best_in_menu_on_eval,0.02635048171849827,False,,2019365
scidocs,20,recalibration,5,445,5,ad_probe,ad_c(full_target_scalar_reference),0.0044228457642276064,True,1.4048056301777416,2020365
scidocs,20,selection,5,445,5,glob_probe,best_in_menu_on_eval,0.02113181764760086,False,,2020365
scidocs,21,recalibration,5,427,5,ad_probe,ad_c(full_target_scalar_reference),0.0007250527181451027,True,0.44907894686614647,2021365
scidocs,21,selection,5,427,5,trunc,best_in_menu_on_eval,0.008187474249364002,True,,2021365
scidocs,22,recalibration,5,442,5,ad_probe,ad_c(full_target_scalar_reference),0.0004357478533311421,True,0.5618691303770542,2022365
scidocs,22,selection,5,442,5,glob_probe,best_in_menu_on_eval,0.0,True,,2022365
scidocs,23,recalibration,5,379,5,ad_probe,ad_c(full_target_scalar_reference),0.006382898803826975,False,1.0729434372733382,2023365
scidocs,23,selection,5,379,5,trunc,best_in_menu_on_eval,0.0051987276163122376,True,,2023365
scidocs,24,recalibration,5,369,5,ad_probe,ad_c(full_target_scalar_reference),0.0007673123014536043,True,0.17585543685422822,2024365
scidocs,24,selection,5,369,5,glob_probe,best_in_menu_on_eval,0.01733343429323328,False,,2024365
scidocs,25,recalibration,5,345,5,ad_probe,ad_c(full_target_scalar_reference),0.003022344194380855,True,0.7052126589938732,2025365
scidocs,25,selection,5,345,5,trunc,best_in_menu_on_eval,0.004840737536493223,True,,2025365
scidocs,26,recalibration,5,394,5,ad_probe,ad_c(full_target_scalar_reference),0.0005795180976038428,True,0.5694051341530102,2026365
scidocs,26,selection,5,394,5,glob_probe,best_in_menu_on_eval,0.0,True,,2026365
scidocs,27,recalibration,5,419,5,ad_probe,ad_c(full_target_scalar_reference),0.004489195024145298,True,1.1760837440769727,2027365
scidocs,27,selection,5,419,5,glob_probe,best_in_menu_on_eval,0.002410956951825194,True,,2027365
scidocs,28,recalibration,5,407,5,ad_probe,ad_c(full_target_scalar_reference),0.005049863920688624,False,1.0082105843781115,2028365
scidocs,28,selection,5,407,5,glob_probe,best_in_menu_on_eval,0.018867118036494324,False,,2028365
scidocs,29,recalibration,5,430,5,ad_probe,ad_c(full_target_scalar_reference),0.0029570158878464703,True,0.6653651792470479,2029365
scidocs,29,selection,5,430,5,glob_probe,best_in_menu_on_eval,0.061896061700968605,False,,2029365
scidocs,30,recalibration,5,397,5,ad_probe,ad_c(full_target_scalar_reference),7.488538207148232e-05,True,0.21757702049308092,2030365
scidocs,30,selection,5,397,5,glob_probe,best_in_menu_on_eval,0.010556521472556757,False,,2030365
scidocs,31,recalibration,5,441,5,ad_probe,ad_c(full_target_scalar_reference),0.0004295907724816972,True,0.3854342480021793,2031365
scidocs,31,selection,5,441,5,glob_probe,best_in_menu_on_eval,0.0020089087946175144,True,,2031365
scidocs,32,recalibration,5,392,5,ad_probe,ad_c(full_target_scalar_reference),0.0002395633728769775,True,0.03282421641244948,2032365
scidocs,32,selection,5,392,5,glob_probe,best_in_menu_on_eval,0.012426541520241252,False,,2032365
scidocs,33,recalibration,5,422,5,ad_probe,ad_c(full_target_scalar_reference),0.004386606378843111,True,1.1596132658938005,2033365
scidocs,33,selection,5,422,5,trunc,best_in_menu_on_eval,0.011951873138535352,False,,2033365
scidocs,34,recalibration,5,392,5,ad_probe,ad_c(full_target_scalar_reference),0.0012386468919132199,True,0.4674262809420586,2034365
scidocs,34,selection,5,392,5,ad_probe,best_in_menu_on_eval,0.0,True,,2034365
scidocs,35,recalibration,5,425,5,ad_probe,ad_c(full_target_scalar_reference),0.0005726311586883859,True,0.39006693261966285,2035365
scidocs,35,selection,5,425,5,ad_probe,best_in_menu_on_eval,0.0,True,,2035365
scidocs,36,recalibration,5,425,5,ad_probe,ad_c(full_target_scalar_reference),0.0008852317912323993,True,0.1145804901117855,2036365
scidocs,36,selection,5,425,5,glob_probe,best_in_menu_on_eval,0.0,True,,2036365
scidocs,37,recalibration,5,444,5,ad_probe,ad_c(full_target_scalar_reference),0.0005480029907118933,True,0.5563825969103671,2037365
scidocs,37,selection,5,444,5,glob_probe,best_in_menu_on_eval,0.012662710211533895,False,,2037365
scidocs,38,recalibration,5,395,5,ad_probe,ad_c(full_target_scalar_reference),0.0002814284971199288,True,0.26760996581687024,2038365
scidocs,38,selection,5,395,5,glob_probe,best_in_menu_on_eval,0.0,True,,2038365
scidocs,39,recalibration,5,431,5,ad_probe,ad_c(full_target_scalar_reference),0.00018218556132587604,True,0.3478864875683363,2039365
scidocs,39,selection,5,431,5,glob_probe,best_in_menu_on_eval,0.0,True,,2039365
scidocs,40,recalibration,5,400,5,ad_probe,ad_c(full_target_scalar_reference),0.00015345382405140828,True,0.3376091519527944,2040365
scidocs,40,selection,5,400,5,glob_probe,best_in_menu_on_eval,0.03829424035384177,False,,2040365
scidocs,41,recalibration,5,405,5,ad_probe,ad_c(full_target_scalar_reference),3.350083752096111e-05,True,0.004511390940529658,2041365
scidocs,41,selection,5,405,5,glob_probe,best_in_menu_on_eval,0.05409228059686236,False,,2041365
scidocs,42,recalibration,5,456,5,ad_probe,ad_c(full_target_scalar_reference),0.0010109264435851084,True,0.6163737532175122,2042365
scidocs,42,selection,5,456,5,trunc,best_in_menu_on_eval,0.009225051187487288,True,,2042365
scidocs,43,recalibration,5,393,5,ad_probe,ad_c(full_target_scalar_reference),0.004344036462523598,True,1.6504853571464748,2043365
scidocs,43,selection,5,393,5,glob_probe,best_in_menu_on_eval,0.016426486411329155,False,,2043365
scidocs,44,recalibration,5,450,5,ad_probe,ad_c(full_target_scalar_reference),0.0007232692423352061,True,0.1714319278525096,2044365
scidocs,44,selection,5,450,5,glob_probe,best_in_menu_on_eval,0.01300451102667663,False,,2044365
scidocs,45,recalibration,5,438,5,ad_probe,ad_c(full_target_scalar_reference),0.0006923774090878687,True,0.39659964514948864,2045365
scidocs,45,selection,5,438,5,glob_probe,best_in_menu_on_eval,0.0031475771938923314,True,,2045365
scidocs,46,recalibration,5,406,5,ad_probe,ad_c(full_target_scalar_reference),0.00036024080363425415,True,0.3739580906749702,2046365
scidocs,46,selection,5,406,5,glob_probe,best_in_menu_on_eval,0.016263746271136192,False,,2046365
scidocs,47,recalibration,5,398,5,ad_probe,ad_c(full_target_scalar_reference),0.00044189003101213764,True,0.36410879075356917,2047365
scidocs,47,selection,5,398,5,ad_probe,best_in_menu_on_eval,0.0,True,,2047365
scidocs,48,recalibration,5,386,5,ad_probe,ad_c(full_target_scalar_reference),0.0003151789583950848,True,0.04027444167006555,2048365
scidocs,48,selection,5,386,5,glob_probe,best_in_menu_on_eval,0.04568589636133241,False,,2048365
scidocs,49,recalibration,5,412,5,ad_probe,ad_c(full_target_scalar_reference),0.0007117840283669685,True,0.41032046749525986,2049365
scidocs,49,selection,5,412,5,trunc,best_in_menu_on_eval,0.0068751918987630944,True,,2049365
scidocs,0,recalibration,10,870,10,ad_probe,ad_c(full_target_scalar_reference),0.002733530199286849,True,0.8121541906006886,619
scidocs,0,selection,10,870,10,glob_probe,best_in_menu_on_eval,0.015065872714037615,False,,619
scidocs,1,recalibration,10,792,10,ad_probe,ad_c(full_target_scalar_reference),0.000581265304972961,True,0.190474795111637,1619
scidocs,1,selection,10,792,10,glob_probe,best_in_menu_on_eval,0.0,True,,1619
scidocs,2,recalibration,10,824,10,ad_probe,ad_c(full_target_scalar_reference),0.0004940497542993139,True,0.06828786076796778,2619
scidocs,2,selection,10,824,10,glob_probe,best_in_menu_on_eval,0.0,True,,2619
scidocs,3,recalibration,10,824,10,ad_probe,ad_c(full_target_scalar_reference),0.0005283481880723473,True,0.39865226856391267,3619
scidocs,3,selection,10,824,10,ad_probe,best_in_menu_on_eval,0.0,True,,3619
scidocs,4,recalibration,10,817,10,ad_probe,ad_c(full_target_scalar_reference),0.00012656337522651273,True,0.07448340713555579,4619
scidocs,4,selection,10,817,10,ad_probe,best_in_menu_on_eval,0.0,True,,4619
scidocs,5,recalibration,10,770,10,ad_probe,ad_c(full_target_scalar_reference),9.431532979709001e-05,True,0.3572512439876707,5619
scidocs,5,selection,10,770,10,glob_probe,best_in_menu_on_eval,0.0025923055984506393,True,,5619
scidocs,6,recalibration,10,761,10,ad_probe,ad_c(full_target_scalar_reference),0.0015389240389240555,True,0.5236685454190813,6619
scidocs,6,selection,10,761,10,glob_probe,best_in_menu_on_eval,0.0,True,,6619
scidocs,7,recalibration,10,794,10,ad_probe,ad_c(full_target_scalar_reference),0.00016273849607181812,True,0.017812095364447167,7619
scidocs,7,selection,10,794,10,glob_probe,best_in_menu_on_eval,0.0,True,,7619
scidocs,8,recalibration,10,831,10,ad_probe,ad_c(full_target_scalar_reference),0.00020861095727406354,True,0.11552291719422048,8619
scidocs,8,selection,10,831,10,glob_probe,best_in_menu_on_eval,0.0,True,,8619
scidocs,9,recalibration,10,793,10,ad_probe,ad_c(full_target_scalar_reference),0.0006047098738720391,True,0.2095151254103329,9619
scidocs,9,selection,10,793,10,glob_probe,best_in_menu_on_eval,0.0,True,,9619
scidocs,10,recalibration,10,873,10,ad_probe,ad_c(full_target_scalar_reference),0.004462079393123597,True,1.2506461858405462,10619
scidocs,10,selection,10,873,10,glob_probe,best_in_menu_on_eval,0.03457699699021588,False,,10619
scidocs,11,recalibration,10,762,10,ad_probe,ad_c(full_target_scalar_reference),0.0022317673743698085,True,0.5749791961929542,11619
scidocs,11,selection,10,762,10,glob_probe,best_in_menu_on_eval,0.0,True,,11619
scidocs,12,recalibration,10,822,10,ad_probe,ad_c(full_target_scalar_reference),1.0910793348223313e-05,True,0.2896370586842938,12619
scidocs,12,selection,10,822,10,ad_probe,best_in_menu_on_eval,0.0017952857354523455,True,,12619
scidocs,13,recalibration,10,809,10,ad_probe,ad_c(full_target_scalar_reference),0.0005988164403587792,True,0.480211272313928,13619
scidocs,13,selection,10,809,10,ad_probe,best_in_menu_on_eval,0.0,True,,13619
scidocs,14,recalibration,10,808,10,ad_probe,ad_c(full_target_scalar_reference),0.000841355943851485,True,0.10664241191902324,14619
scidocs,14,selection,10,808,10,ad_probe,best_in_menu_on_eval,0.0012213853690478949,True,,14619
scidocs,15,recalibration,10,819,10,ad_probe,ad_c(full_target_scalar_reference),4.1593557401770065e-05,True,0.21698200552678237,15619
scidocs,15,selection,10,819,10,glob_probe,best_in_menu_on_eval,0.012414099605512985,False,,15619
scidocs,16,recalibration,10,741,10,ad_probe,ad_c(full_target_scalar_reference),0.00012188676181545954,True,0.2498456977487149,16619
scidocs,16,selection,10,741,10,glob_probe,best_in_menu_on_eval,0.01065300082327944,False,,16619
scidocs,17,recalibration,10,826,10,ad_probe,ad_c(full_target_scalar_reference),0.001197509000539304,True,0.46296325463124477,17619
scidocs,17,selection,10,826,10,trunc,best_in_menu_on_eval,0.006668840227883999,True,,17619
scidocs,18,recalibration,10,805,10,ad_probe,ad_c(full_target_scalar_reference),0.0004829497431992624,True,0.06606021513054205,18619
scidocs,18,selection,10,805,10,glob_probe,best_in_menu_on_eval,0.0,True,,18619
scidocs,19,recalibration,10,805,10,ad_probe,ad_c(full_target_scalar_reference),5.765417342490364e-05,True,0.2877492972693432,19619
scidocs,19,selection,10,805,10,glob_probe,best_in_menu_on_eval,0.0,True,,19619
scidocs,20,recalibration,10,839,10,ad_probe,ad_c(full_target_scalar_reference),0.0009518987352273856,True,0.628931528730913,20619
scidocs,20,selection,10,839,10,glob_probe,best_in_menu_on_eval,0.00016111455639214456,True,,20619
scidocs,21,recalibration,10,810,10,ad_probe,ad_c(full_target_scalar_reference),0.0004201230798472344,True,0.3820698719322069,21619
scidocs,21,selection,10,810,10,glob_probe,best_in_menu_on_eval,0.0,True,,21619
scidocs,22,recalibration,10,866,10,ad_probe,ad_c(full_target_scalar_reference),0.004506817485051856,True,0.9660803789697909,22619
scidocs,22,selection,10,866,10,glob_probe,best_in_menu_on_eval,0.021226979708779153,False,,22619
scidocs,23,recalibration,10,886,10,ad_probe,ad_c(full_target_scalar_reference),0.00029298590725548856,True,0.3788007226284784,23619
scidocs,23,selection,10,886,10,glob_probe,best_in_menu_on_eval,0.0026526885376214338,True,,23619
scidocs,24,recalibration,10,800,10,ad_probe,ad_c(full_target_scalar_reference),3.7895028982354306e-05,True,0.2905265343500303,24619
scidocs,24,selection,10,800,10,glob_probe,best_in_menu_on_eval,0.0,True,,24619
scidocs,25,recalibration,10,788,10,ad_probe,ad_c(full_target_scalar_reference),0.0008875835658367082,True,0.09983360939979624,25619
scidocs,25,selection,10,788,10,glob_probe,best_in_menu_on_eval,0.0,True,,25619
scidocs,26,recalibration,10,804,10,ad_probe,ad_c(full_target_scalar_reference),0.00016975926958098797,True,0.27671414018257057,26619
scidocs,26,selection,10,804,10,glob_probe,best_in_menu_on_eval,0.002707760032790496,True,,26619
scidocs,27,recalibration,10,776,10,ad_probe,ad_c(full_target_scalar_reference),0.0026617246225089375,True,0.6531003952434382,27619
scidocs,27,selection,10,776,10,glob_probe,best_in_menu_on_eval,0.0,True,,27619
scidocs,28,recalibration,10,865,10,ad_probe,ad_c(full_target_scalar_reference),6.075509171488136e-05,True,0.1740641276425796,28619
scidocs,28,selection,10,865,10,ad_probe,best_in_menu_on_eval,0.0023756024119036823,True,,28619
scidocs,29,recalibration,10,825,10,ad_probe,ad_c(full_target_scalar_reference),9.056815183092204e-05,True,0.2196168140829906,29619
scidocs,29,selection,10,825,10,ad_probe,best_in_menu_on_eval,0.0014500823064620971,True,,29619
scidocs,30,recalibration,10,814,10,ad_probe,ad_c(full_target_scalar_reference),7.382843812153705e-05,True,0.18929613657536049,30619
scidocs,30,selection,10,814,10,glob_probe,best_in_menu_on_eval,0.030129272580487504,False,,30619
scidocs,31,recalibration,10,842,10,ad_probe,ad_c(full_target_scalar_reference),0.0002427927918123851,True,0.2411086955145283,31619
scidocs,31,selection,10,842,10,trunc,best_in_menu_on_eval,0.007361534507922346,True,,31619
scidocs,32,recalibration,10,823,10,ad_probe,ad_c(full_target_scalar_reference),0.0002526407062479752,True,0.13063870983222436,32619
scidocs,32,selection,10,823,10,glob_probe,best_in_menu_on_eval,0.012698156589621312,False,,32619
scidocs,33,recalibration,10,834,10,ad_probe,ad_c(full_target_scalar_reference),0.00023273501437490185,True,0.08315556680302816,33619
scidocs,33,selection,10,834,10,glob_probe,best_in_menu_on_eval,0.0,True,,33619
scidocs,34,recalibration,10,831,10,ad_probe,ad_c(full_target_scalar_reference),0.00036714014807642803,True,0.3715253749518128,34619
scidocs,34,selection,10,831,10,ad_probe,best_in_menu_on_eval,0.0,True,,34619
scidocs,35,recalibration,10,840,10,ad_probe,ad_c(full_target_scalar_reference),0.00017969684636348626,True,0.025808790624461064,35619
scidocs,35,selection,10,840,10,glob_probe,best_in_menu_on_eval,0.0,True,,35619
scidocs,36,recalibration,10,852,10,ad_probe,ad_c(full_target_scalar_reference),0.0001237967815508334,True,0.3358697827716064,36619
scidocs,36,selection,10,852,10,glob_probe,best_in_menu_on_eval,0.02406068316050486,False,,36619
scidocs,37,recalibration,10,806,10,ad_probe,ad_c(full_target_scalar_reference),0.0003151826057351814,True,0.04226512347099831,37619
scidocs,37,selection,10,806,10,glob_probe,best_in_menu_on_eval,0.0,True,,37619
scidocs,38,recalibration,10,854,10,ad_probe,ad_c(full_target_scalar_reference),0.0005644302881379626,True,0.19408241188545716,38619
scidocs,38,selection,10,854,10,glob_probe,best_in_menu_on_eval,0.0,True,,38619
scidocs,39,recalibration,10,809,10,ad_probe,ad_c(full_target_scalar_reference),0.00014590347923681968,True,0.015355485659291901,39619
scidocs,39,selection,10,809,10,glob_probe,best_in_menu_on_eval,0.002682373786370401,True,,39619
scidocs,40,recalibration,10,816,10,ad_probe,ad_c(full_target_scalar_reference),0.00307658473433875,True,0.6069073276901955,40619
scidocs,40,selection,10,816,10,ad_probe,best_in_menu_on_eval,0.0006780741106193755,True,,40619
scidocs,41,recalibration,10,842,10,ad_probe,ad_c(full_target_scalar_reference),0.0005782141470292435,True,0.47021886439001737,41619
scidocs,41,selection,10,842,10,glob_probe,best_in_menu_on_eval,0.0,True,,41619
scidocs,42,recalibration,10,833,10,ad_probe,ad_c(full_target_scalar_reference),0.0005261688862401859,True,0.19009165198325917,42619
scidocs,42,selection,10,833,10,trunc,best_in_menu_on_eval,0.008290056042504462,True,,42619
scidocs,43,recalibration,10,788,10,ad_probe,ad_c(full_target_scalar_reference),0.0002139883289615785,True,0.09133818035981234,43619
scidocs,43,selection,10,788,10,trunc,best_in_menu_on_eval,0.009121403572712322,True,,43619
scidocs,44,recalibration,10,817,10,ad_probe,ad_c(full_target_scalar_reference),0.00047029737244580483,True,0.3558604235613334,44619
scidocs,44,selection,10,817,10,glob_probe,best_in_menu_on_eval,0.0027879124607241568,True,,44619
scidocs,45,recalibration,10,763,10,ad_probe,ad_c(full_target_scalar_reference),8.704176262105956e-05,True,0.3210219948054185,45619
scidocs,45,selection,10,763,10,glob_probe,best_in_menu_on_eval,0.01666489960161971,False,,45619
scidocs,46,recalibration,10,834,10,ad_probe,ad_c(full_target_scalar_reference),0.0007600071414688159,True,0.09019248626068288,46619
scidocs,46,selection,10,834,10,ad_probe,best_in_menu_on_eval,0.0006266009665236716,True,,46619
scidocs,47,recalibration,10,866,10,ad_probe,ad_c(full_target_scalar_reference),0.00046519024612654003,True,0.41165491250434894,47619
scidocs,47,selection,10,866,10,glob_probe,best_in_menu_on_eval,0.0,True,,47619
scidocs,48,recalibration,10,840,10,ad_probe,ad_c(full_target_scalar_reference),0.00023273501437490185,True,0.08724451153883583,48619
scidocs,48,selection,10,840,10,glob_probe,best_in_menu_on_eval,0.0,True,,48619
scidocs,49,recalibration,10,852,10,ad_probe,ad_c(full_target_scalar_reference),0.0010008733296565375,True,0.628263624362984,49619
scidocs,49,selection,10,852,10,glob_probe,best_in_menu_on_eval,0.0,True,,49619
scidocs,0,recalibration,20,1680,20,ad_probe,ad_c(full_target_scalar_reference),3.193301086143463e-05,True,0.15661475950614356,2200691
scidocs,0,selection,20,1680,20,glob_probe,best_in_menu_on_eval,0.0,True,,2200691
scidocs,1,recalibration,20,1604,20,ad_probe,ad_c(full_target_scalar_reference),0.0021134401146405968,True,0.5804262762898564,2201691
scidocs,1,selection,20,1604,20,glob_probe,best_in_menu_on_eval,0.0,True,,2201691
scidocs,2,recalibration,20,1553,20,ad_probe,ad_c(full_target_scalar_reference),0.00010317713498986247,True,0.10867350346257076,2202691
scidocs,2,selection,20,1553,20,glob_probe,best_in_menu_on_eval,0.0031110803067743997,True,,2202691
scidocs,3,recalibration,20,1610,20,ad_probe,ad_c(full_target_scalar_reference),0.0002651705037659269,True,0.10506810730310479,2203691
scidocs,3,selection,20,1610,20,glob_probe,best_in_menu_on_eval,0.04649716629908705,False,,2203691
scidocs,4,recalibration,20,1565,20,ad_probe,ad_c(full_target_scalar_reference),0.00039119077534441327,True,0.20613993182499524,2204691
scidocs,4,selection,20,1565,20,glob_probe,best_in_menu_on_eval,0.0,True,,2204691
scidocs,5,recalibration,20,1680,20,ad_probe,ad_c(full_target_scalar_reference),0.0007678436009768419,True,0.17747043780245075,2205691
scidocs,5,selection,20,1680,20,ad_probe,best_in_menu_on_eval,0.0,True,,2205691
scidocs,6,recalibration,20,1667,20,ad_probe,ad_c(full_target_scalar_reference),0.00030926073393064413,True,0.05590589371157595,2206691
scidocs,6,selection,20,1667,20,glob_probe,best_in_menu_on_eval,0.0,True,,2206691
scidocs,7,recalibration,20,1520,20,ad_probe,ad_c(full_target_scalar_reference),0.0006876610117906301,True,0.087370281869382,2207691
scidocs,7,selection,20,1520,20,glob_probe,best_in_menu_on_eval,1.799426912496571e-05,True,,2207691
scidocs,8,recalibration,20,1612,20,ad_probe,ad_c(full_target_scalar_reference),0.00020220178612484485,True,0.3414100967099887,2208691
scidocs,8,selection,20,1612,20,glob_probe,best_in_menu_on_eval,0.0,True,,2208691
scidocs,9,recalibration,20,1552,20,ad_probe,ad_c(full_target_scalar_reference),0.0030294458775851074,True,0.6332273365920842,2209691
scidocs,9,selection,20,1552,20,glob_probe,best_in_menu_on_eval,0.0,True,,2209691
scidocs,10,recalibration,20,1717,20,ad_probe,ad_c(full_target_scalar_reference),0.0006059631907865681,True,0.4385837326105433,2210691
scidocs,10,selection,20,1717,20,glob_probe,best_in_menu_on_eval,0.0,True,,2210691
scidocs,11,recalibration,20,1574,20,ad_probe,ad_c(full_target_scalar_reference),0.0004954912367877706,True,0.14346928177117535,2211691
scidocs,11,selection,20,1574,20,ad_probe,best_in_menu_on_eval,0.0,True,,2211691
scidocs,12,recalibration,20,1602,20,ad_probe,ad_c(full_target_scalar_reference),9.848079302174351e-05,True,0.1761579670307789,2212691
scidocs,12,selection,20,1602,20,glob_probe,best_in_menu_on_eval,0.024408055754331137,False,,2212691
scidocs,13,recalibration,20,1607,20,ad_probe,ad_c(full_target_scalar_reference),5.737677232592331e-05,True,0.18188801614849837,2213691
scidocs,13,selection,20,1607,20,glob_probe,best_in_menu_on_eval,0.0023009452216661286,True,,2213691
scidocs,14,recalibration,20,1657,20,ad_probe,ad_c(full_target_scalar_reference),0.00043206933473569076,True,0.2522094202839824,2214691
scidocs,14,selection,20,1657,20,glob_probe,best_in_menu_on_eval,0.012820584262718787,False,,2214691
scidocs,15,recalibration,20,1547,20,ad_probe,ad_c(full_target_scalar_reference),0.0002784582031280791,True,0.12092817769261499,2215691
scidocs,15,selection,20,1547,20,glob_probe,best_in_menu_on_eval,0.0,True,,2215691
scidocs,16,recalibration,20,1667,20,ad_probe,ad_c(full_target_scalar_reference),0.00027931242777706755,True,0.5107391407699131,2216691
scidocs,16,selection,20,1667,20,glob_probe,best_in_menu_on_eval,0.0,True,,2216691
scidocs,17,recalibration,20,1662,20,ad_probe,ad_c(full_target_scalar_reference),0.0004411521518364325,True,0.20384882648149372,2217691
scidocs,17,selection,20,1662,20,trunc,best_in_menu_on_eval,0.00916718924364221,True,,2217691
scidocs,18,recalibration,20,1632,20,ad_probe,ad_c(full_target_scalar_reference),0.0008987812574246801,True,0.11350254672327242,2218691
scidocs,18,selection,20,1632,20,glob_probe,best_in_menu_on_eval,0.01314629373482501,False,,2218691
scidocs,19,recalibration,20,1665,20,ad_probe,ad_c(full_target_scalar_reference),0.0009052600394137134,True,0.1270717409229487,2219691
scidocs,19,selection,20,1665,20,glob_probe,best_in_menu_on_eval,0.0,True,,2219691
scidocs,20,recalibration,20,1630,20,ad_probe,ad_c(full_target_scalar_reference),0.0005871965835951287,True,0.19937599344944434,2220691
scidocs,20,selection,20,1630,20,glob_probe,best_in_menu_on_eval,0.013309032923074393,False,,2220691
scidocs,21,recalibration,20,1586,20,ad_probe,ad_c(full_target_scalar_reference),0.0011577226628247117,True,0.48474339572356095,2221691
scidocs,21,selection,20,1586,20,glob_probe,best_in_menu_on_eval,0.0,True,,2221691
scidocs,22,recalibration,20,1650,20,ad_probe,ad_c(full_target_scalar_reference),0.0002763384741175934,True,0.07924512310872434,2222691
scidocs,22,selection,20,1650,20,glob_probe,best_in_menu_on_eval,0.0,True,,2222691
scidocs,23,recalibration,20,1617,20,ad_probe,ad_c(full_target_scalar_reference),0.0008243270668240599,True,0.0948890471985866,2223691
scidocs,23,selection,20,1617,20,glob_probe,best_in_menu_on_eval,0.013618261261555159,False,,2223691
scidocs,24,recalibration,20,1642,20,ad_probe,ad_c(full_target_scalar_reference),0.0006024137926899098,True,0.13850374955771816,2224691
scidocs,24,selection,20,1642,20,glob_probe,best_in_menu_on_eval,0.0,True,,2224691
scidocs,25,recalibration,20,1651,20,ad_probe,ad_c(full_target_scalar_reference),0.0005687379847044149,True,0.07468394180960658,2225691
scidocs,25,selection,20,1651,20,glob_probe,best_in_menu_on_eval,0.0,True,,2225691
scidocs,26,recalibration,20,1724,20,ad_probe,ad_c(full_target_scalar_reference),0.0007701640692731881,True,0.44475708340814046,2226691
scidocs,26,selection,20,1724,20,ad_probe,best_in_menu_on_eval,0.0007554890465251429,True,,2226691
scidocs,27,recalibration,20,1595,20,ad_probe,ad_c(full_target_scalar_reference),0.0004385293911104149,True,0.23728748776443798,2227691
scidocs,27,selection,20,1595,20,trunc,best_in_menu_on_eval,0.007522643313382066,True,,2227691
scidocs,28,recalibration,20,1628,20,ad_probe,ad_c(full_target_scalar_reference),0.0006710809531937922,True,0.14649893434252448,2228691
scidocs,28,selection,20,1628,20,ad_probe,best_in_menu_on_eval,0.0,True,,2228691
scidocs,29,recalibration,20,1598,20,ad_probe,ad_c(full_target_scalar_reference),0.0003323134115451043,True,0.03760258364849367,2229691
scidocs,29,selection,20,1598,20,glob_probe,best_in_menu_on_eval,0.0028031306200731743,True,,2229691
scidocs,30,recalibration,20,1560,20,ad_probe,ad_c(full_target_scalar_reference),0.000238219830056563,True,0.029538411372044937,2230691
scidocs,30,selection,20,1560,20,glob_probe,best_in_menu_on_eval,0.01067191908223053,False,,2230691
scidocs,31,recalibration,20,1588,20,ad_probe,ad_c(full_target_scalar_reference),0.00021238652146282622,True,0.14086149591290997,2231691
scidocs,31,selection,20,1588,20,glob_probe,best_in_menu_on_eval,0.0,True,,2231691
scidocs,32,recalibration,20,1626,20,ad_probe,ad_c(full_target_scalar_reference),0.0007492094406859884,True,0.08760517628828879,2232691
scidocs,32,selection,20,1626,20,glob_probe,best_in_menu_on_eval,0.0,True,,2232691
scidocs,33,recalibration,20,1696,20,ad_probe,ad_c(full_target_scalar_reference),1.1385348783476967e-05,True,0.17186873541749792,2233691
scidocs,33,selection,20,1696,20,glob_probe,best_in_menu_on_eval,0.0,True,,2233691
scidocs,34,recalibration,20,1691,20,ad_probe,ad_c(full_target_scalar_reference),0.00047241707205691874,True,0.06091781095262272,2234691
scidocs,34,selection,20,1691,20,trunc,best_in_menu_on_eval,0.009854336253712265,True,,2234691
scidocs,35,recalibration,20,1629,20,ad_probe,ad_c(full_target_scalar_reference),0.00016632493823373617,True,0.22512370347582156,2235691
scidocs,35,selection,20,1629,20,glob_probe,best_in_menu_on_eval,0.0,True,,2235691
scidocs,36,recalibration,20,1660,20,ad_probe,ad_c(full_target_scalar_reference),0.0005201920928211146,True,0.3762567552601812,2236691
scidocs,36,selection,20,1660,20,glob_probe,best_in_menu_on_eval,0.010365651387007346,False,,2236691
scidocs,37,recalibration,20,1674,20,ad_probe,ad_c(full_target_scalar_reference),4.839971637216056e-05,True,0.2915306137591225,2237691
scidocs,37,selection,20,1674,20,glob_probe,best_in_menu_on_eval,0.0,True,,2237691
scidocs,38,recalibration,20,1673,20,ad_probe,ad_c(full_target_scalar_reference),0.00040760966741884563,True,0.2358542449250347,2238691
scidocs,38,selection,20,1673,20,glob_probe,best_in_menu_on_eval,0.0,True,,2238691
scidocs,39,recalibration,20,1727,20,ad_probe,ad_c(full_target_scalar_reference),0.00012911608199722702,True,0.1029090118648357,2239691
scidocs,39,selection,20,1727,20,glob_probe,best_in_menu_on_eval,0.0,True,,2239691
scidocs,40,recalibration,20,1687,20,ad_probe,ad_c(full_target_scalar_reference),0.000338415252881058,True,0.05827538552991962,2240691
scidocs,40,selection,20,1687,20,glob_probe,best_in_menu_on_eval,0.017292608685165717,False,,2240691
scidocs,41,recalibration,20,1687,20,ad_probe,ad_c(full_target_scalar_reference),0.0005599661039731862,True,0.46695286240488887,2241691
scidocs,41,selection,20,1687,20,glob_probe,best_in_menu_on_eval,3.3128510423335866e-05,True,,2241691
scidocs,42,recalibration,20,1706,20,ad_probe,ad_c(full_target_scalar_reference),0.00027022467503920455,True,0.12678377321833878,2242691
scidocs,42,selection,20,1706,20,glob_probe,best_in_menu_on_eval,0.0,True,,2242691
scidocs,43,recalibration,20,1721,20,ad_probe,ad_c(full_target_scalar_reference),0.00011581040218808236,True,0.19138344323699652,2243691
scidocs,43,selection,20,1721,20,glob_probe,best_in_menu_on_eval,0.0,True,,2243691
scidocs,44,recalibration,20,1690,20,ad_probe,ad_c(full_target_scalar_reference),0.0005392123023386097,True,0.6509673096677542,2244691
scidocs,44,selection,20,1690,20,glob_probe,best_in_menu_on_eval,0.0,True,,2244691
scidocs,45,recalibration,20,1544,20,ad_probe,ad_c(full_target_scalar_reference),0.0008116433386541888,True,0.16207717384819542,2245691
scidocs,45,selection,20,1544,20,trunc,best_in_menu_on_eval,0.009026566125337199,True,,2245691
scidocs,46,recalibration,20,1601,20,ad_probe,ad_c(full_target_scalar_reference),0.0001919064329028719,True,0.06538289678944631,2246691
scidocs,46,selection,20,1601,20,glob_probe,best_in_menu_on_eval,0.0,True,,2246691
scidocs,47,recalibration,20,1585,20,ad_probe,ad_c(full_target_scalar_reference),0.0003949635833441767,True,0.24608061916510726,2247691
scidocs,47,selection,20,1585,20,glob_probe,best_in_menu_on_eval,0.0,True,,2247691
scidocs,48,recalibration,20,1589,20,ad_probe,ad_c(full_target_scalar_reference),0.0006268711543716277,True,0.40005736591430363,2248691
scidocs,48,selection,20,1589,20,glob_probe,best_in_menu_on_eval,0.0,True,,2248691
scidocs,49,recalibration,20,1587,20,ad_probe,ad_c(full_target_scalar_reference),0.00018594467423999061,True,0.2607861360113879,2249691
scidocs,49,selection,20,1587,20,glob_probe,best_in_menu_on_eval,0.0,True,,2249691
scidocs,0,recalibration,50,4027,50,ad_probe,ad_c(full_target_scalar_reference),9.356725146197897e-05,True,0.009863932179809964,2300828
scidocs,0,selection,50,4027,50,glob_probe,best_in_menu_on_eval,0.0,True,,2300828
scidocs,1,recalibration,50,4208,50,ad_probe,ad_c(full_target_scalar_reference),0.00047551107303428486,True,0.06990362524703908,2301828
scidocs,1,selection,50,4208,50,ad_probe,best_in_menu_on_eval,0.001973833208501752,True,,2301828
scidocs,2,recalibration,50,4159,50,ad_probe,ad_c(full_target_scalar_reference),1.5948963317358178e-05,True,0.002167449617947348,2302828
scidocs,2,selection,50,4159,50,glob_probe,best_in_menu_on_eval,0.0,True,,2302828
scidocs,3,recalibration,50,4037,50,ad_probe,ad_c(full_target_scalar_reference),0.00034706143529672495,True,0.10502287039713831,2303828
scidocs,3,selection,50,4037,50,glob_probe,best_in_menu_on_eval,0.0,True,,2303828
scidocs,4,recalibration,50,4113,50,ad_probe,ad_c(full_target_scalar_reference),0.00031189690942010073,True,0.04273106614168709,2304828
scidocs,4,selection,50,4113,50,glob_probe,best_in_menu_on_eval,0.0029146567679237956,True,,2304828
scidocs,5,recalibration,50,4047,50,ad_probe,ad_c(full_target_scalar_reference),0.000809757837621633,True,0.16111505908810475,2305828
scidocs,5,selection,50,4047,50,glob_probe,best_in_menu_on_eval,0.0,True,,2305828
scidocs,6,recalibration,50,4072,50,ad_probe,ad_c(full_target_scalar_reference),3.0791027450655095e-05,True,0.17009182636322473,2306828
scidocs,6,selection,50,4072,50,glob_probe,best_in_menu_on_eval,0.0,True,,2306828
scidocs,7,recalibration,50,4026,50,ad_probe,ad_c(full_target_scalar_reference),4.609785593981397e-05,True,0.21315388434469895,2307828
scidocs,7,selection,50,4026,50,glob_probe,best_in_menu_on_eval,0.0,True,,2307828
scidocs,8,recalibration,50,4051,50,ad_probe,ad_c(full_target_scalar_reference),1.6326638617641942e-05,True,0.30894961860189607,2308828
scidocs,8,selection,50,4051,50,ad_probe,best_in_menu_on_eval,0.002423798791594295,True,,2308828
scidocs,9,recalibration,50,4133,50,ad_probe,ad_c(full_target_scalar_reference),0.0003301084880032723,True,0.04123417054537715,2309828
scidocs,9,selection,50,4133,50,glob_probe,best_in_menu_on_eval,0.0,True,,2309828
scidocs,10,recalibration,50,4165,50,ad_probe,ad_c(full_target_scalar_reference),0.00024237225125278705,True,0.3061593354022465,2310828
scidocs,10,selection,50,4165,50,glob_probe,best_in_menu_on_eval,0.0,True,,2310828
scidocs,11,recalibration,50,4171,50,ad_probe,ad_c(full_target_scalar_reference),9.356725146200673e-05,True,0.011499157823707584,2311828
scidocs,11,selection,50,4171,50,ad_probe,best_in_menu_on_eval,0.0019834613572500825,True,,2311828
scidocs,12,recalibration,50,4110,50,ad_probe,ad_c(full_target_scalar_reference),0.00023744470184097755,True,0.11373334426856152,2312828
scidocs,12,selection,50,4110,50,glob_probe,best_in_menu_on_eval,0.0,True,,2312828
scidocs,13,recalibration,50,3977,50,ad_probe,ad_c(full_target_scalar_reference),0.0002659261962667525,True,0.08366284267850777,2313828
scidocs,13,selection,50,3977,50,glob_probe,best_in_menu_on_eval,0.0,True,,2313828
scidocs,14,recalibration,50,4167,50,ad_probe,ad_c(full_target_scalar_reference),0.0003507384292784632,True,0.30651761531044297,2314828
scidocs,14,selection,50,4167,50,glob_probe,best_in_menu_on_eval,0.0,True,,2314828
scidocs,15,recalibration,50,4249,50,ad_probe,ad_c(full_target_scalar_reference),0.0003235407794638656,True,0.41490897810428784,2315828
scidocs,15,selection,50,4249,50,glob_probe,best_in_menu_on_eval,0.0,True,,2315828
scidocs,16,recalibration,50,4101,50,ad_probe,ad_c(full_target_scalar_reference),0.0004083285135916548,True,0.03345718685843657,2316828
scidocs,16,selection,50,4101,50,glob_probe,best_in_menu_on_eval,0.0,True,,2316828
scidocs,17,recalibration,50,4103,50,ad_probe,ad_c(full_target_scalar_reference),0.0009189614994568884,True,0.12005442475367634,2317828
scidocs,17,selection,50,4103,50,ad_probe,best_in_menu_on_eval,0.0018145226794028246,True,,2317828
scidocs,18,recalibration,50,4060,50,ad_probe,ad_c(full_target_scalar_reference),0.0006299201314681202,True,0.14433664657115308,2318828
scidocs,18,selection,50,4060,50,glob_probe,best_in_menu_on_eval,0.0,True,,2318828
scidocs,19,recalibration,50,4158,50,ad_probe,ad_c(full_target_scalar_reference),9.434785155820746e-05,True,0.22309024498065533,2319828
scidocs,19,selection,50,4158,50,glob_probe,best_in_menu_on_eval,0.0,True,,2319828
scidocs,20,recalibration,50,4145,50,ad_probe,ad_c(full_target_scalar_reference),0.0002120394225657296,True,0.025074573890657703,2320828
scidocs,20,selection,50,4145,50,trunc,best_in_menu_on_eval,0.008057995898473114,True,,2320828
scidocs,21,recalibration,50,4188,50,ad_probe,ad_c(full_target_scalar_reference),0.0002927224496395431,True,0.12921865800644206,2321828
scidocs,21,selection,50,4188,50,glob_probe,best_in_menu_on_eval,0.0,True,,2321828
scidocs,22,recalibration,50,4168,50,ad_probe,ad_c(full_target_scalar_reference),0.00020746504957028233,True,0.028533143333866917,2322828
scidocs,22,selection,50,4168,50,trunc,best_in_menu_on_eval,0.009276124756962323,True,,2322828
scidocs,23,recalibration,50,3987,50,ad_probe,ad_c(full_target_scalar_reference),0.00018719910979972387,True,0.23379009124571892,2323828
scidocs,23,selection,50,3987,50,glob_probe,best_in_menu_on_eval,0.0,True,,2323828
scidocs,24,recalibration,50,3945,50,ad_probe,ad_c(full_target_scalar_reference),3.508771929827681e-05,True,0.006481737505911855,2324828
scidocs,24,selection,50,3945,50,glob_probe,best_in_menu_on_eval,0.0,True,,2324828
scidocs,25,recalibration,50,4261,50,ad_probe,ad_c(full_target_scalar_reference),0.0009822329644718353,True,0.4467126176775036,2325828
scidocs,25,selection,50,4261,50,glob_probe,best_in_menu_on_eval,0.01837376214392672,False,,2325828
scidocs,26,recalibration,50,4070,50,ad_probe,ad_c(full_target_scalar_reference),0.0007128021617185953,True,0.19611821990430167,2326828
scidocs,26,selection,50,4070,50,glob_probe,best_in_menu_on_eval,0.0,True,,2326828
scidocs,27,recalibration,50,4167,50,ad_probe,ad_c(full_target_scalar_reference),3.405950774371114e-05,True,0.03466873799172099,2327828
scidocs,27,selection,50,4167,50,trunc,best_in_menu_on_eval,0.009611293372316698,True,,2327828
scidocs,28,recalibration,50,4061,50,ad_probe,ad_c(full_target_scalar_reference),3.5087719298249054e-05,True,0.004170840201923376,2328828
scidocs,28,selection,50,4061,50,glob_probe,best_in_menu_on_eval,0.0,True,,2328828
scidocs,29,recalibration,50,4120,50,ad_probe,ad_c(full_target_scalar_reference),0.0009312649854445743,True,0.12209675519611363,2329828
scidocs,29,selection,50,4120,50,ad_probe,best_in_menu_on_eval,0.0,True,,2329828
scidocs,30,recalibration,50,4055,50,ad_probe,ad_c(full_target_scalar_reference),0.0009670303896310017,True,0.10318627809465841,2330828
scidocs,30,selection,50,4055,50,glob_probe,best_in_menu_on_eval,0.0,True,,2330828
scidocs,31,recalibration,50,4017,50,ad_probe,ad_c(full_target_scalar_reference),0.0001452792495647559,True,0.1432307204148353,2331828
scidocs,31,selection,50,4017,50,glob_probe,best_in_menu_on_eval,0.0,True,,2331828
scidocs,32,recalibration,50,4047,50,ad_probe,ad_c(full_target_scalar_reference),0.00048280519292417945,True,0.25715604126062486,2332828
scidocs,32,selection,50,4047,50,trunc,best_in_menu_on_eval,0.008641656068983566,True,,2332828
scidocs,33,recalibration,50,4134,50,ad_probe,ad_c(full_target_scalar_reference),6.588080867042656e-05,True,0.18864279063833633,2333828
scidocs,33,selection,50,4134,50,glob_probe,best_in_menu_on_eval,0.0,True,,2333828
scidocs,34,recalibration,50,4163,50,ad_probe,ad_c(full_target_scalar_reference),0.0003661233846992684,True,0.04536597485479721,2334828
scidocs,34,selection,50,4163,50,glob_probe,best_in_menu_on_eval,0.0,True,,2334828
scidocs,35,recalibration,50,4149,50,ad_probe,ad_c(full_target_scalar_reference),0.00038974358250873364,True,0.3827887919041819,2335828
scidocs,35,selection,50,4149,50,glob_probe,best_in_menu_on_eval,0.0,True,,2335828
scidocs,36,recalibration,50,4201,50,ad_probe,ad_c(full_target_scalar_reference),0.00030316212131428766,True,0.3281454819037668,2336828
scidocs,36,selection,50,4201,50,glob_probe,best_in_menu_on_eval,0.0,True,,2336828
scidocs,37,recalibration,50,4092,50,ad_probe,ad_c(full_target_scalar_reference),0.0004119798330324831,True,0.04891262719779643,2337828
scidocs,37,selection,50,4092,50,glob_probe,best_in_menu_on_eval,0.0,True,,2337828
scidocs,38,recalibration,50,4178,50,ad_probe,ad_c(full_target_scalar_reference),0.0005546510050339071,True,0.6700871724892723,2338828
scidocs,38,selection,50,4178,50,glob_probe,best_in_menu_on_eval,0.0,True,,2338828
scidocs,39,recalibration,50,4105,50,ad_probe,ad_c(full_target_scalar_reference),0.00021710539202801638,True,0.06386720741009633,2339828
scidocs,39,selection,50,4105,50,glob_probe,best_in_menu_on_eval,0.0,True,,2339828
scidocs,40,recalibration,50,4030,50,ad_probe,ad_c(full_target_scalar_reference),2.07409413862103e-05,True,0.33088571031542724,2340828
scidocs,40,selection,50,4030,50,glob_probe,best_in_menu_on_eval,0.0,True,,2340828
scidocs,41,recalibration,50,4075,50,ad_probe,ad_c(full_target_scalar_reference),9.264711896289635e-05,True,0.01128969047236339,2341828
scidocs,41,selection,50,4075,50,glob_probe,best_in_menu_on_eval,0.0,True,,2341828
scidocs,42,recalibration,50,4197,50,ad_probe,ad_c(full_target_scalar_reference),0.00029343931103750776,True,0.14766270577106688,2342828
scidocs,42,selection,50,4197,50,glob_probe,best_in_menu_on_eval,0.0,True,,2342828
scidocs,43,recalibration,50,4035,50,ad_probe,ad_c(full_target_scalar_reference),0.00029586787481525323,True,0.031949306698237034,2343828
scidocs,43,selection,50,4035,50,glob_probe,best_in_menu_on_eval,0.0,True,,2343828
scidocs,44,recalibration,50,4026,50,ad_probe,ad_c(full_target_scalar_reference),0.0007553248265322887,True,0.08926442637944731,2344828
scidocs,44,selection,50,4026,50,glob_probe,best_in_menu_on_eval,0.0,True,,2344828
scidocs,45,recalibration,50,4057,50,ad_probe,ad_c(full_target_scalar_reference),3.521800018460586e-05,True,0.1488400228549569,2345828
scidocs,45,selection,50,4057,50,ad_probe,best_in_menu_on_eval,0.0,True,,2345828
scidocs,46,recalibration,50,4099,50,ad_probe,ad_c(full_target_scalar_reference),0.00022751929872674714,True,0.02769037698372312,2346828
scidocs,46,selection,50,4099,50,glob_probe,best_in_menu_on_eval,0.0,True,,2346828
scidocs,47,recalibration,50,4034,50,ad_probe,ad_c(full_target_scalar_reference),0.0004870162517221499,True,0.18158827745278305,2347828
scidocs,47,selection,50,4034,50,glob_probe,best_in_menu_on_eval,0.0,True,,2347828
scidocs,48,recalibration,50,4134,50,ad_probe,ad_c(full_target_scalar_reference),0.00017969165337589077,True,0.007779596424278168,2348828
scidocs,48,selection,50,4134,50,ad_probe,best_in_menu_on_eval,0.0,True,,2348828
scidocs,49,recalibration,50,4099,50,ad_probe,ad_c(full_target_scalar_reference),3.0869715080261706e-05,True,0.03457445605009202,2349828
scidocs,49,selection,50,4099,50,glob_probe,best_in_menu_on_eval,0.002313864543292604,True,,2349828
scidocs,0,recalibration,100,8125,100,ad_probe,ad_c(full_target_scalar_reference),2.4410774410732472e-05,True,0.010466948723310665,2400096
scidocs,0,selection,100,8125,100,glob_probe,best_in_menu_on_eval,0.0,True,,2400096
scidocs,1,recalibration,100,8217,100,ad_probe,ad_c(full_target_scalar_reference),0.00020648922609703413,True,0.02939856635000826,2401096
scidocs,1,selection,100,8217,100,ad_probe,best_in_menu_on_eval,0.001508096185666108,True,,2401096
scidocs,2,recalibration,100,8295,100,ad_probe,ad_c(full_target_scalar_reference),7.826741160077422e-05,True,0.02020049547184577,2402096
scidocs,2,selection,100,8295,100,glob_probe,best_in_menu_on_eval,0.0,True,,2402096
scidocs,3,recalibration,100,8264,100,ad_probe,ad_c(full_target_scalar_reference),0.00011926345259680171,True,0.026206188791430662,2403096
scidocs,3,selection,100,8264,100,trunc,best_in_menu_on_eval,0.0080972312621794,True,,2403096
scidocs,4,recalibration,100,8209,100,ad_probe,ad_c(full_target_scalar_reference),0.00011916260935870837,True,0.08818965931170508,2404096
scidocs,4,selection,100,8209,100,glob_probe,best_in_menu_on_eval,0.0,True,,2404096
scidocs,5,recalibration,100,8158,100,ad_probe,ad_c(full_target_scalar_reference),0.0,True,0.0002019927856644621,2405096
scidocs,5,selection,100,8158,100,glob_probe,best_in_menu_on_eval,0.0,True,,2405096
scidocs,6,recalibration,100,8109,100,ad_probe,ad_c(full_target_scalar_reference),0.00017581710228772862,True,0.10207428993815704,2406096
scidocs,6,selection,100,8109,100,glob_probe,best_in_menu_on_eval,0.0,True,,2406096
scidocs,7,recalibration,100,8009,100,ad_probe,ad_c(full_target_scalar_reference),0.0005939372900157502,True,0.18658586211574857,2407096
scidocs,7,selection,100,8009,100,glob_probe,best_in_menu_on_eval,0.0,True,,2407096
scidocs,8,recalibration,100,8193,100,ad_probe,ad_c(full_target_scalar_reference),0.0005138922729222284,True,0.38151880972707275,2408096
scidocs,8,selection,100,8193,100,trunc,best_in_menu_on_eval,0.00994853326163958,True,,2408096
scidocs,9,recalibration,100,8180,100,ad_probe,ad_c(full_target_scalar_reference),3.7037037037029874e-05,True,0.007151378699168376,2409096
scidocs,9,selection,100,8180,100,glob_probe,best_in_menu_on_eval,0.0,True,,2409096
scidocs,10,recalibration,100,8104,100,ad_probe,ad_c(full_target_scalar_reference),0.0004005729201807806,True,0.04615840918797787,2410096
scidocs,10,selection,100,8104,100,ad_probe,best_in_menu_on_eval,0.001794935175679968,True,,2410096
scidocs,11,recalibration,100,8207,100,ad_probe,ad_c(full_target_scalar_reference),0.0002567546832252243,True,0.10293781032496563,2411096
scidocs,11,selection,100,8207,100,glob_probe,best_in_menu_on_eval,0.0005315337260655972,True,,2411096
scidocs,12,recalibration,100,8123,100,ad_probe,ad_c(full_target_scalar_reference),2.2900655511581824e-05,True,0.16163768442544013,2412096
scidocs,12,selection,100,8123,100,trunc,best_in_menu_on_eval,0.010281290954201161,False,,2412096
scidocs,13,recalibration,100,8123,100,ad_probe,ad_c(full_target_scalar_reference),0.00017843086470539782,True,0.027445666713846517,2413096
scidocs,13,selection,100,8123,100,glob_probe,best_in_menu_on_eval,0.0,True,,2413096
scidocs,14,recalibration,100,8120,100,ad_probe,ad_c(full_target_scalar_reference),0.00025939492606158465,True,0.02686090051000889,2414096
scidocs,14,selection,100,8120,100,glob_probe,best_in_menu_on_eval,0.0,True,,2414096
scidocs,15,recalibration,100,8004,100,ad_probe,ad_c(full_target_scalar_reference),0.00033572418866537057,True,0.04569269591591851,2415096
scidocs,15,selection,100,8004,100,glob_probe,best_in_menu_on_eval,0.0,True,,2415096
scidocs,16,recalibration,100,8098,100,ad_probe,ad_c(full_target_scalar_reference),0.00038646357273808274,True,0.04512566586011246,2416096
scidocs,16,selection,100,8098,100,glob_probe,best_in_menu_on_eval,0.0021730741851749558,True,,2416096
scidocs,17,recalibration,100,8056,100,ad_probe,ad_c(full_target_scalar_reference),0.0006365098227843202,True,0.05704026197735379,2417096
scidocs,17,selection,100,8056,100,glob_probe,best_in_menu_on_eval,0.0030836584009958645,True,,2417096
scidocs,18,recalibration,100,8304,100,ad_probe,ad_c(full_target_scalar_reference),0.00040555123888461053,True,0.0471849968575766,2418096
scidocs,18,selection,100,8304,100,glob_probe,best_in_menu_on_eval,0.0,True,,2418096
scidocs,19,recalibration,100,8199,100,ad_probe,ad_c(full_target_scalar_reference),0.0004942076804822504,True,0.060964460442694435,2419096
scidocs,19,selection,100,8199,100,glob_probe,best_in_menu_on_eval,0.0,True,,2419096
scidocs,20,recalibration,100,8448,100,ad_probe,ad_c(full_target_scalar_reference),0.00045355106423214386,True,0.24733364483966458,2420096
scidocs,20,selection,100,8448,100,ad_probe,best_in_menu_on_eval,0.0,True,,2420096
scidocs,21,recalibration,100,8104,100,ad_probe,ad_c(full_target_scalar_reference),0.0005444167306912495,True,0.07979271495749618,2421096
scidocs,21,selection,100,8104,100,glob_probe,best_in_menu_on_eval,0.0,True,,2421096
scidocs,22,recalibration,100,8094,100,ad_probe,ad_c(full_target_scalar_reference),0.00035054887015673053,True,0.042857453813087254,2422096
scidocs,22,selection,100,8094,100,glob_probe,best_in_menu_on_eval,0.0,True,,2422096
scidocs,23,recalibration,100,8211,100,ad_probe,ad_c(full_target_scalar_reference),0.0,True,0.0017828706429039443,2423096
scidocs,23,selection,100,8211,100,glob_probe,best_in_menu_on_eval,0.0,True,,2423096
scidocs,24,recalibration,100,8343,100,ad_probe,ad_c(full_target_scalar_reference),0.0005097846960591401,True,0.06832259442647803,2424096
scidocs,24,selection,100,8343,100,glob_probe,best_in_menu_on_eval,0.0,True,,2424096
scidocs,25,recalibration,100,8339,100,ad_probe,ad_c(full_target_scalar_reference),0.0002325338060631954,True,0.06630885383566287,2425096
scidocs,25,selection,100,8339,100,glob_probe,best_in_menu_on_eval,0.0,True,,2425096
scidocs,26,recalibration,100,8177,100,ad_probe,ad_c(full_target_scalar_reference),8.193041526374789e-05,True,0.011360419905326324,2426096
scidocs,26,selection,100,8177,100,glob_probe,best_in_menu_on_eval,0.0,True,,2426096
scidocs,27,recalibration,100,8071,100,ad_probe,ad_c(full_target_scalar_reference),0.00016049382716054605,True,0.013478979028932692,2427096
scidocs,27,selection,100,8071,100,glob_probe,best_in_menu_on_eval,0.003520510945691585,True,,2427096
scidocs,28,recalibration,100,8119,100,ad_probe,ad_c(full_target_scalar_reference),0.0008527072056483398,True,0.0950048552124132,2428096
scidocs,28,selection,100,8119,100,ad_probe,best_in_menu_on_eval,0.0014862077996685708,True,,2428096
scidocs,29,recalibration,100,8134,100,ad_probe,ad_c(full_target_scalar_reference),0.00019412686079350872,True,0.03615945174002633,2429096
scidocs,29,selection,100,8134,100,ad_probe,best_in_menu_on_eval,0.002571747679274511,True,,2429096
scidocs,30,recalibration,100,8244,100,ad_probe,ad_c(full_target_scalar_reference),0.00011867145200478157,True,0.023929540157896945,2430096
scidocs,30,selection,100,8244,100,glob_probe,best_in_menu_on_eval,0.0,True,,2430096
scidocs,31,recalibration,100,8145,100,ad_probe,ad_c(full_target_scalar_reference),0.00034173760154151966,True,0.08928686262000962,2431096
scidocs,31,selection,100,8145,100,glob_probe,best_in_menu_on_eval,0.0005527341387341067,True,,2431096
scidocs,32,recalibration,100,8114,100,ad_probe,ad_c(full_target_scalar_reference),0.0002648506177917731,True,0.03231535747341585,2432096
scidocs,32,selection,100,8114,100,glob_probe,best_in_menu_on_eval,0.002828207062211152,True,,2432096
scidocs,33,recalibration,100,8093,100,ad_probe,ad_c(full_target_scalar_reference),0.0006067639695090943,True,0.17619091260331654,2433096
scidocs,33,selection,100,8093,100,glob_probe,best_in_menu_on_eval,0.0,True,,2433096
scidocs,34,recalibration,100,8221,100,ad_probe,ad_c(full_target_scalar_reference),0.0,True,0.0004278052134840671,2434096
scidocs,34,selection,100,8221,100,glob_probe,best_in_menu_on_eval,0.0,True,,2434096
scidocs,35,recalibration,100,8234,100,ad_probe,ad_c(full_target_scalar_reference),0.00022050538614004633,True,0.14551181109572742,2435096
scidocs,35,selection,100,8234,100,glob_probe,best_in_menu_on_eval,0.002962245719727641,True,,2435096
scidocs,36,recalibration,100,8373,100,ad_probe,ad_c(full_target_scalar_reference),6.969247165311554e-06,True,0.09978312102767717,2436096
scidocs,36,selection,100,8373,100,glob_probe,best_in_menu_on_eval,0.0,True,,2436096
scidocs,37,recalibration,100,8209,100,ad_probe,ad_c(full_target_scalar_reference),0.0004013579013579238,True,0.04486531797000115,2437096
scidocs,37,selection,100,8209,100,glob_probe,best_in_menu_on_eval,4.05362776808027e-05,True,,2437096
scidocs,38,recalibration,100,8272,100,ad_probe,ad_c(full_target_scalar_reference),0.0003247351776763663,True,0.05143412718212348,2438096
scidocs,38,selection,100,8272,100,ad_probe,best_in_menu_on_eval,0.002235391406643722,True,,2438096
scidocs,39,recalibration,100,8015,100,ad_probe,ad_c(full_target_scalar_reference),0.0009091190218641076,True,0.12133802056636789,2439096
scidocs,39,selection,100,8015,100,glob_probe,best_in_menu_on_eval,0.0,True,,2439096
scidocs,40,recalibration,100,8386,100,ad_probe,ad_c(full_target_scalar_reference),1.2740346073680797e-05,True,0.07423661158253125,2440096
scidocs,40,selection,100,8386,100,glob_probe,best_in_menu_on_eval,0.0,True,,2440096
scidocs,41,recalibration,100,8070,100,ad_probe,ad_c(full_target_scalar_reference),5.279217018122617e-05,True,0.16816511537521261,2441096
scidocs,41,selection,100,8070,100,glob_probe,best_in_menu_on_eval,0.0003724116411782108,True,,2441096
scidocs,42,recalibration,100,8020,100,ad_probe,ad_c(full_target_scalar_reference),0.000880043159454974,True,0.12404437354148712,2442096
scidocs,42,selection,100,8020,100,glob_probe,best_in_menu_on_eval,0.0,True,,2442096
scidocs,43,recalibration,100,8212,100,ad_probe,ad_c(full_target_scalar_reference),0.0007444719405503564,True,0.1461253873552426,2443096
scidocs,43,selection,100,8212,100,glob_probe,best_in_menu_on_eval,0.0,True,,2443096
scidocs,44,recalibration,100,8184,100,ad_probe,ad_c(full_target_scalar_reference),0.00017901234567901936,True,0.017857838087856237,2444096
scidocs,44,selection,100,8184,100,glob_probe,best_in_menu_on_eval,0.0,True,,2444096
scidocs,45,recalibration,100,8192,100,ad_probe,ad_c(full_target_scalar_reference),6.620848287516856e-05,True,0.01483013278742673,2445096
scidocs,45,selection,100,8192,100,glob_probe,best_in_menu_on_eval,0.0,True,,2445096
scidocs,46,recalibration,100,8112,100,ad_probe,ad_c(full_target_scalar_reference),0.00011728395061733066,True,0.018743726346063916,2446096
scidocs,46,selection,100,8112,100,glob_probe,best_in_menu_on_eval,0.0,True,,2446096
scidocs,47,recalibration,100,8154,100,ad_probe,ad_c(full_target_scalar_reference),0.0003467008663086968,True,0.03919292739182856,2447096
scidocs,47,selection,100,8154,100,glob_probe,best_in_menu_on_eval,0.0,True,,2447096
scidocs,48,recalibration,100,8216,100,ad_probe,ad_c(full_target_scalar_reference),0.00021329378682319322,True,0.05893002098753186,2448096
scidocs,48,selection,100,8216,100,glob_probe,best_in_menu_on_eval,0.0,True,,2448096
scidocs,49,recalibration,100,8051,100,ad_probe,ad_c(full_target_scalar_reference),0.0007404737600815725,True,0.0918726810879571,2449096
scidocs,49,selection,100,8051,100,ad_probe,best_in_menu_on_eval,0.0016994615803989366,True,,2449096
fiqa,0,recalibration,5,432,5,ad_probe,ad_c(full_target_scalar_reference),0.0010014091662614577,True,0.39444063933139906,2000479
fiqa,0,selection,5,432,5,trunc,best_in_menu_on_eval,0.03625517670375816,False,,2000479
fiqa,1,recalibration,5,468,5,ad_probe,ad_c(full_target_scalar_reference),0.0043894804003669075,True,0.48473271943426877,2001479
fiqa,1,selection,5,468,5,glob_probe,best_in_menu_on_eval,0.012988474441368969,False,,2001479
fiqa,2,recalibration,5,402,5,ad_probe,ad_c(full_target_scalar_reference),0.0008145832658685848,True,0.7328502890975961,2002479
fiqa,2,selection,5,402,5,trunc,best_in_menu_on_eval,0.034927964542679046,False,,2002479
fiqa,3,recalibration,5,419,5,ad_probe,ad_c(full_target_scalar_reference),0.0017516395821216557,True,0.3780802849196234,2003479
fiqa,3,selection,5,419,5,glob_probe,best_in_menu_on_eval,0.06779413117808505,False,,2003479
fiqa,4,recalibration,5,428,5,ad_probe,ad_c(full_target_scalar_reference),0.0034256092965269658,True,0.4691252538290587,2004479
fiqa,4,selection,5,428,5,glob_probe,best_in_menu_on_eval,0.020768020603984583,False,,2004479
fiqa,5,recalibration,5,419,5,ad_probe,ad_c(full_target_scalar_reference),7.785544332988836e-05,True,0.21221662994742374,2005479
fiqa,5,selection,5,419,5,glob_probe,best_in_menu_on_eval,0.08466084708651725,False,,2005479
fiqa,6,recalibration,5,479,5,ad_probe,ad_c(full_target_scalar_reference),0.00040125763298398676,True,0.019835661178290387,2006479
fiqa,6,selection,5,479,5,glob_probe,best_in_menu_on_eval,0.01733711094397128,False,,2006479
fiqa,7,recalibration,5,454,5,ad_probe,ad_c(full_target_scalar_reference),0.0002809614784731185,True,0.04031799081706544,2007479
fiqa,7,selection,5,454,5,ad_probe,best_in_menu_on_eval,0.0,True,,2007479
fiqa,8,recalibration,5,480,5,ad_probe,ad_c(full_target_scalar_reference),0.0002258670998950829,True,0.11910295798738457,2008479
fiqa,8,selection,5,480,5,glob_probe,best_in_menu_on_eval,0.0628217284734083,False,,2008479
fiqa,9,recalibration,5,442,5,ad_probe,ad_c(full_target_scalar_reference),0.0012578401380889948,True,0.23334119099103345,2009479
fiqa,9,selection,5,442,5,trunc,best_in_menu_on_eval,0.03806681762892944,False,,2009479
fiqa,10,recalibration,5,469,5,ad_probe,ad_c(full_target_scalar_reference),0.0,True,0.001965713719940032,2010479
fiqa,10,selection,5,469,5,glob_probe,best_in_menu_on_eval,0.0690569904891559,False,,2010479
fiqa,11,recalibration,5,412,5,ad_probe,ad_c(full_target_scalar_reference),0.0010500299769350963,True,0.19834481600083342,2011479
fiqa,11,selection,5,412,5,trunc,best_in_menu_on_eval,0.03674702113028372,False,,2011479
fiqa,12,recalibration,5,452,5,ad_probe,ad_c(full_target_scalar_reference),0.0006146868510787384,True,0.08731135855170269,2012479
fiqa,12,selection,5,452,5,ad_probe,best_in_menu_on_eval,0.0,True,,2012479
fiqa,13,recalibration,5,462,5,ad_probe,ad_c(full_target_scalar_reference),0.00012648488542732483,True,0.500296894287618,2013479
fiqa,13,selection,5,462,5,ad_probe,best_in_menu_on_eval,0.0,True,,2013479
fiqa,14,recalibration,5,470,5,ad_probe,ad_c(full_target_scalar_reference),0.0005638477644698825,True,0.07790169464392727,2014479
fiqa,14,selection,5,470,5,trunc,best_in_menu_on_eval,0.03510456474443702,False,,2014479
fiqa,15,recalibration,5,487,5,ad_probe,ad_c(full_target_scalar_reference),0.013238217631685756,False,1.5797429089871953,2015479
fiqa,15,selection,5,487,5,glob_probe,best_in_menu_on_eval,0.015570723648048512,False,,2015479
fiqa,16,recalibration,5,451,5,ad_probe,ad_c(full_target_scalar_reference),0.011374856533242328,False,1.3061765566595516,2016479
fiqa,16,selection,5,451,5,glob_probe,best_in_menu_on_eval,0.012730284009728476,False,,2016479
fiqa,17,recalibration,5,421,5,ad_probe,ad_c(full_target_scalar_reference),0.0023377339731359137,True,0.6223518051826189,2017479
fiqa,17,selection,5,421,5,glob_probe,best_in_menu_on_eval,0.060583109140600055,False,,2017479
fiqa,18,recalibration,5,464,5,ad_probe,ad_c(full_target_scalar_reference),0.0009322887238906175,True,0.3919555160780702,2018479
fiqa,18,selection,5,464,5,glob_probe,best_in_menu_on_eval,0.0637762258509228,False,,2018479
fiqa,19,recalibration,5,430,5,ad_probe,ad_c(full_target_scalar_reference),0.0038188863096537684,True,0.6303404698310449,2019479
fiqa,19,selection,5,430,5,glob_probe,best_in_menu_on_eval,0.033448347924921074,False,,2019479
fiqa,20,recalibration,5,447,5,ad_probe,ad_c(full_target_scalar_reference),0.00030675217300413227,True,0.4596300106346566,2020479
fiqa,20,selection,5,447,5,glob_probe,best_in_menu_on_eval,0.05018009288204145,False,,2020479
fiqa,21,recalibration,5,465,5,ad_probe,ad_c(full_target_scalar_reference),0.0005666529772283546,True,0.037708628982610515,2021479
fiqa,21,selection,5,465,5,glob_probe,best_in_menu_on_eval,0.04021026493810326,False,,2021479
fiqa,22,recalibration,5,407,5,ad_probe,ad_c(full_target_scalar_reference),6.789478018093265e-05,True,0.1233432996091719,2022479
fiqa,22,selection,5,407,5,ad_probe,best_in_menu_on_eval,0.0,True,,2022479
fiqa,23,recalibration,5,462,5,ad_probe,ad_c(full_target_scalar_reference),0.0008737763014590172,True,0.13208489974124915,2023479
fiqa,23,selection,5,462,5,glob_probe,best_in_menu_on_eval,0.025050126091377745,False,,2023479
fiqa,24,recalibration,5,442,5,ad_probe,ad_c(full_target_scalar_reference),0.006439646729214266,False,0.6767367884216928,2024479
fiqa,24,selection,5,442,5,trunc,best_in_menu_on_eval,0.029342398474973774,False,,2024479
fiqa,25,recalibration,5,502,5,ad_probe,ad_c(full_target_scalar_reference),0.006804885430378382,False,0.6805226856897555,2025479
fiqa,25,selection,5,502,5,glob_probe,best_in_menu_on_eval,0.0561191685730382,False,,2025479
fiqa,26,recalibration,5,432,5,ad_probe,ad_c(full_target_scalar_reference),0.005061648980320632,False,0.8571890170282908,2026479
fiqa,26,selection,5,432,5,glob_probe,best_in_menu_on_eval,0.035300546280785994,False,,2026479
fiqa,27,recalibration,5,439,5,ad_probe,ad_c(full_target_scalar_reference),0.0022289616379818633,True,0.288094143768147,2027479
fiqa,27,selection,5,439,5,glob_probe,best_in_menu_on_eval,0.019103491182087207,False,,2027479
fiqa,28,recalibration,5,453,5,ad_probe,ad_c(full_target_scalar_reference),0.0016698334853123553,True,0.6156318825441194,2028479
fiqa,28,selection,5,453,5,glob_probe,best_in_menu_on_eval,0.035234518426815575,False,,2028479
fiqa,29,recalibration,5,443,5,ad_probe,ad_c(full_target_scalar_reference),0.0015245183871110402,True,0.5740130734980217,2029479
fiqa,29,selection,5,443,5,glob_probe,best_in_menu_on_eval,0.03315257770805019,False,,2029479
fiqa,30,recalibration,5,431,5,ad_probe,ad_c(full_target_scalar_reference),0.0005666529772284656,True,0.037708628982610515,2030479
fiqa,30,selection,5,431,5,trunc,best_in_menu_on_eval,0.03571157825969318,False,,2030479
fiqa,31,recalibration,5,449,5,ad_probe,ad_c(full_target_scalar_reference),0.0004074204696288275,True,0.06340568958020376,2031479
fiqa,31,selection,5,449,5,glob_probe,best_in_menu_on_eval,0.06833852802885829,False,,2031479
fiqa,32,recalibration,5,394,5,ad_probe,ad_c(full_target_scalar_reference),0.0003155216996585941,True,0.03832557191317387,2032479
fiqa,32,selection,5,394,5,ad_probe,best_in_menu_on_eval,0.0,True,,2032479
fiqa,33,recalibration,5,427,5,ad_probe,ad_c(full_target_scalar_reference),0.0009945471842828235,True,0.14049357192772471,2033479
fiqa,33,selection,5,427,5,glob_probe,best_in_menu_on_eval,0.14819503319640542,False,,2033479
fiqa,34,recalibration,5,440,5,ad_probe,ad_c(full_target_scalar_reference),0.0006673212738531609,True,0.2983329130163155,2034479
fiqa,34,selection,5,440,5,glob_probe,best_in_menu_on_eval,0.036683318409601484,False,,2034479
fiqa,35,recalibration,5,451,5,ad_probe,ad_c(full_target_scalar_reference),0.00203973493242543,True,0.3659938107139489,2035479
fiqa,35,selection,5,451,5,ad_probe,best_in_menu_on_eval,0.0,True,,2035479
fiqa,36,recalibration,5,424,5,ad_probe,ad_c(full_target_scalar_reference),0.0002295613493125126,True,0.37287902984017784,2036479
fiqa,36,selection,5,424,5,glob_probe,best_in_menu_on_eval,0.11294757507946898,False,,2036479
fiqa,37,recalibration,5,456,5,ad_probe,ad_c(full_target_scalar_reference),0.0010786776727678693,True,0.2726003665756216,2037479
fiqa,37,selection,5,456,5,trunc,best_in_menu_on_eval,0.03670654838374565,False,,2037479
fiqa,38,recalibration,5,421,5,ad_probe,ad_c(full_target_scalar_reference),0.0006599500378660639,True,0.1308287927720453,2038479
fiqa,38,selection,5,421,5,ad_probe,best_in_menu_on_eval,0.0,True,,2038479
fiqa,39,recalibration,5,403,5,ad_probe,ad_c(full_target_scalar_reference),9.39098917325798e-05,True,0.1255250862450794,2039479
fiqa,39,selection,5,403,5,glob_probe,best_in_menu_on_eval,0.03652532019561572,False,,2039479
fiqa,40,recalibration,5,487,5,ad_probe,ad_c(full_target_scalar_reference),0.0009167953180395094,True,0.4226591448746493,2040479
fiqa,40,selection,5,487,5,trunc,best_in_menu_on_eval,0.03495731696888443,False,,2040479
fiqa,41,recalibration,5,473,5,ad_probe,ad_c(full_target_scalar_reference),0.00039698507816704476,True,0.029000133998096533,2041479
fiqa,41,selection,5,473,5,glob_probe,best_in_menu_on_eval,0.01726025674581072,False,,2041479
fiqa,42,recalibration,5,494,5,ad_probe,ad_c(full_target_scalar_reference),0.0002355256632084468,True,0.08502516907735957,2042479
fiqa,42,selection,5,494,5,ad_probe,best_in_menu_on_eval,0.0,True,,2042479
fiqa,43,recalibration,5,495,5,ad_probe,ad_c(full_target_scalar_reference),0.003408279936044978,True,0.6486197368652503,2043479
fiqa,43,selection,5,495,5,ad_probe,best_in_menu_on_eval,0.0,True,,2043479
fiqa,44,recalibration,5,477,5,ad_probe,ad_c(full_target_scalar_reference),0.009034680775721449,False,1.0249243512685293,2044479
fiqa,44,selection,5,477,5,ad_probe,best_in_menu_on_eval,0.0,True,,2044479
fiqa,45,recalibration,5,477,5,ad_probe,ad_c(full_target_scalar_reference),0.0003527835565160231,True,0.0744466772787511,2045479
fiqa,45,selection,5,477,5,glob_probe,best_in_menu_on_eval,0.023927246896958965,False,,2045479
fiqa,46,recalibration,5,447,5,ad_probe,ad_c(full_target_scalar_reference),0.0005083045518504692,True,0.07230437744783513,2046479
fiqa,46,selection,5,447,5,glob_probe,best_in_menu_on_eval,0.016962222310917763,False,,2046479
fiqa,47,recalibration,5,431,5,ad_probe,ad_c(full_target_scalar_reference),0.0018708956500558815,True,0.1504976253837389,2047479
fiqa,47,selection,5,431,5,trunc,best_in_menu_on_eval,0.037785234687937486,False,,2047479
fiqa,48,recalibration,5,433,5,ad_probe,ad_c(full_target_scalar_reference),0.0006429633956849812,True,0.08731135855170269,2048479
fiqa,48,selection,5,433,5,ad_probe,best_in_menu_on_eval,0.0,True,,2048479
fiqa,49,recalibration,5,487,5,ad_probe,ad_c(full_target_scalar_reference),0.005527831929807936,False,0.5646687920594804,2049479
fiqa,49,selection,5,487,5,trunc,best_in_menu_on_eval,0.03016427083539447,False,,2049479
fiqa,0,recalibration,10,846,10,ad_probe,ad_c(full_target_scalar_reference),0.00033575793763884754,True,0.1629699906567168,213
fiqa,0,selection,10,846,10,glob_probe,best_in_menu_on_eval,0.06980095605625758,False,,213
fiqa,1,recalibration,10,893,10,ad_probe,ad_c(full_target_scalar_reference),0.0030172935737198814,True,0.3946837139586563,1213
fiqa,1,selection,10,893,10,trunc,best_in_menu_on_eval,0.03373704687723167,False,,1213
fiqa,2,recalibration,10,957,10,ad_probe,ad_c(full_target_scalar_reference),0.0031587012778234724,True,0.220729872985443,2213
fiqa,2,selection,10,957,10,glob_probe,best_in_menu_on_eval,0.01507943308760118,False,,2213
fiqa,3,recalibration,10,861,10,ad_probe,ad_c(full_target_scalar_reference),0.00203596473188955,True,0.16687957756922556,3213
fiqa,3,selection,10,861,10,glob_probe,best_in_menu_on_eval,0.05314985253441826,False,,3213
fiqa,4,recalibration,10,910,10,ad_probe,ad_c(full_target_scalar_reference),0.002053380266546445,True,0.16931758691362164,4213
fiqa,4,selection,10,910,10,glob_probe,best_in_menu_on_eval,0.02003382213289928,False,,4213
fiqa,5,recalibration,10,924,10,ad_probe,ad_c(full_target_scalar_reference),0.0005682666340973141,True,0.07588291150193172,5213
fiqa,5,selection,10,924,10,glob_probe,best_in_menu_on_eval,0.016556517480045996,False,,5213
fiqa,6,recalibration,10,888,10,ad_probe,ad_c(full_target_scalar_reference),0.0008933943103222597,True,0.052064199443911274,6213
fiqa,6,selection,10,888,10,ad_probe,best_in_menu_on_eval,0.0,True,,6213
fiqa,7,recalibration,10,811,10,ad_probe,ad_c(full_target_scalar_reference),0.002892238326960783,True,0.6644159042854837,7213
fiqa,7,selection,10,811,10,glob_probe,best_in_menu_on_eval,0.0813609439508389,False,,7213
fiqa,8,recalibration,10,895,10,ad_probe,ad_c(full_target_scalar_reference),0.0029871469526642214,True,0.22609374703136353,8213
fiqa,8,selection,10,895,10,glob_probe,best_in_menu_on_eval,0.014314506617345513,False,,8213
fiqa,9,recalibration,10,934,10,ad_probe,ad_c(full_target_scalar_reference),0.0036042197092353567,True,0.46461653711498085,9213
fiqa,9,selection,10,934,10,ad_probe,best_in_menu_on_eval,0.0,True,,9213
fiqa,10,recalibration,10,899,10,ad_probe,ad_c(full_target_scalar_reference),0.008918338078979349,False,0.9282739512328204,10213
fiqa,10,selection,10,899,10,trunc,best_in_menu_on_eval,0.027861899498182796,False,,10213
fiqa,11,recalibration,10,883,10,ad_probe,ad_c(full_target_scalar_reference),0.0010348846555743307,True,0.2980415159855849,11213
fiqa,11,selection,10,883,10,glob_probe,best_in_menu_on_eval,0.04119330686728809,False,,11213
fiqa,12,recalibration,10,941,10,ad_probe,ad_c(full_target_scalar_reference),0.002962841755945189,True,0.3208535409483513,12213
fiqa,12,selection,10,941,10,ad_probe,best_in_menu_on_eval,0.0,True,,12213
fiqa,13,recalibration,10,951,10,ad_probe,ad_c(full_target_scalar_reference),0.007953654904264862,False,0.9222871090047238,13213
fiqa,13,selection,10,951,10,glob_probe,best_in_menu_on_eval,0.05433539519344485,False,,13213
fiqa,14,recalibration,10,935,10,ad_probe,ad_c(full_target_scalar_reference),3.4448310310353225e-05,True,0.008442950145937989,14213
fiqa,14,selection,10,935,10,glob_probe,best_in_menu_on_eval,0.08448915320342579,False,,14213
fiqa,15,recalibration,10,929,10,ad_probe,ad_c(full_target_scalar_reference),0.002213973765697985,True,0.32711108991228155,15213
fiqa,15,selection,10,929,10,glob_probe,best_in_menu_on_eval,0.022256339058102037,False,,15213
fiqa,16,recalibration,10,855,10,ad_probe,ad_c(full_target_scalar_reference),0.000149276011345012,True,0.00809522545746999,16213
fiqa,16,selection,10,855,10,glob_probe,best_in_menu_on_eval,0.017547506637179355,False,,16213
fiqa,17,recalibration,10,848,10,ad_probe,ad_c(full_target_scalar_reference),0.004830083709394084,True,0.4863884325199792,17213
fiqa,17,selection,10,848,10,glob_probe,best_in_menu_on_eval,0.024223421980737736,False,,17213
fiqa,18,recalibration,10,887,10,ad_probe,ad_c(full_target_scalar_reference),0.0004637125326780178,True,0.42636815829698005,18213
fiqa,18,selection,10,887,10,glob_probe,best_in_menu_on_eval,0.017691954153930045,False,,18213
fiqa,19,recalibration,10,910,10,ad_probe,ad_c(full_target_scalar_reference),0.000603097703411215,True,0.08062375716144832,19213
fiqa,19,selection,10,910,10,glob_probe,best_in_menu_on_eval,0.03944845645472603,False,,19213
fiqa,20,recalibration,10,936,10,ad_probe,ad_c(full_target_scalar_reference),0.00046887108015636336,True,0.07875509452942975,20213
fiqa,20,selection,10,936,10,trunc,best_in_menu_on_eval,0.036224702029463596,False,,20213
fiqa,21,recalibration,10,887,10,ad_probe,ad_c(full_target_scalar_reference),0.0013060520113811758,True,0.1938440743532821,21213
fiqa,21,selection,10,887,10,glob_probe,best_in_menu_on_eval,0.04000552738797253,False,,21213
fiqa,22,recalibration,10,869,10,ad_probe,ad_c(full_target_scalar_reference),0.0007135584721791877,True,0.4922263298806342,22213
fiqa,22,selection,10,869,10,ad_probe,best_in_menu_on_eval,0.0,True,,22213
fiqa,23,recalibration,10,898,10,ad_probe,ad_c(full_target_scalar_reference),0.002350923197318111,True,0.2985300381003193,23213
fiqa,23,selection,10,898,10,glob_probe,best_in_menu_on_eval,0.015523781494332034,False,,23213
fiqa,24,recalibration,10,959,10,ad_probe,ad_c(full_target_scalar_reference),0.00021023038264417204,True,0.16382148019468445,24213
fiqa,24,selection,10,959,10,ad_probe,best_in_menu_on_eval,0.0,True,,24213
fiqa,25,recalibration,10,889,10,ad_probe,ad_c(full_target_scalar_reference),0.000504946116231364,True,0.09295123226271995,25213
fiqa,25,selection,10,889,10,glob_probe,best_in_menu_on_eval,0.03332267016674817,False,,25213
fiqa,26,recalibration,10,899,10,ad_probe,ad_c(full_target_scalar_reference),0.0028800527233129314,True,0.21917253025950778,26213
fiqa,26,selection,10,899,10,glob_probe,best_in_menu_on_eval,0.021720876610413997,False,,26213
fiqa,27,recalibration,10,911,10,ad_probe,ad_c(full_target_scalar_reference),0.0027682870943059323,True,0.2620563007787391,27213
fiqa,27,selection,10,911,10,glob_probe,best_in_menu_on_eval,0.02196325874934779,False,,27213
fiqa,28,recalibration,10,845,10,ad_probe,ad_c(full_target_scalar_reference),0.0011129500941413073,True,0.41281041196064905,28213
fiqa,28,selection,10,845,10,ad_probe,best_in_menu_on_eval,0.0,True,,28213
fiqa,29,recalibration,10,919,10,ad_probe,ad_c(full_target_scalar_reference),0.005368386914579082,False,0.537345007983403,29213
fiqa,29,selection,10,919,10,glob_probe,best_in_menu_on_eval,0.016389993223953403,False,,29213
fiqa,30,recalibration,10,879,10,ad_probe,ad_c(full_target_scalar_reference),0.0030899951614112298,True,0.6325583933515371,30213
fiqa,30,selection,10,879,10,glob_probe,best_in_menu_on_eval,0.02938179304160221,False,,30213
fiqa,31,recalibration,10,879,10,ad_probe,ad_c(full_target_scalar_reference),0.00043290043290039604,True,0.023547719776094045,31213
fiqa,31,selection,10,879,10,ad_probe,best_in_menu_on_eval,0.0,True,,31213
fiqa,32,recalibration,10,943,10,ad_probe,ad_c(full_target_scalar_reference),0.002507663009230443,True,0.2994905669340402,32213
fiqa,32,selection,10,943,10,trunc,best_in_menu_on_eval,0.03390958854663845,False,,32213
fiqa,33,recalibration,10,842,10,ad_probe,ad_c(full_target_scalar_reference),0.0016190636765042177,True,0.5524254806761899,33213
fiqa,33,selection,10,842,10,glob_probe,best_in_menu_on_eval,0.019283142177904333,False,,33213
fiqa,34,recalibration,10,896,10,ad_probe,ad_c(full_target_scalar_reference),0.0024605479802399244,True,0.6219264025893411,34213
fiqa,34,selection,10,896,10,trunc,best_in_menu_on_eval,0.03398008667111241,False,,34213
fiqa,35,recalibration,10,876,10,ad_probe,ad_c(full_target_scalar_reference),0.00023252609459506468,True,0.29945704633035874,35213
fiqa,35,selection,10,876,10,ad_probe,best_in_menu_on_eval,0.0,True,,35213
fiqa,36,recalibration,10,922,10,ad_probe,ad_c(full_target_scalar_reference),9.725558314899185e-05,True,0.13718423134354119,36213
fiqa,36,selection,10,922,10,glob_probe,best_in_menu_on_eval,0.033015514765548815,False,,36213
fiqa,37,recalibration,10,837,10,ad_probe,ad_c(full_target_scalar_reference),0.0015823257202567387,True,0.20612713203644284,37213
fiqa,37,selection,10,837,10,glob_probe,best_in_menu_on_eval,0.027545994259607354,False,,37213
fiqa,38,recalibration,10,887,10,ad_probe,ad_c(full_target_scalar_reference),0.0005523038438399186,True,0.19987778535873924,38213
fiqa,38,selection,10,887,10,glob_probe,best_in_menu_on_eval,0.08470336775933313,False,,38213
fiqa,39,recalibration,10,885,10,ad_probe,ad_c(full_target_scalar_reference),0.0010860786722855509,True,0.23419004158237655,39213
fiqa,39,selection,10,885,10,ad_probe,best_in_menu_on_eval,0.0,True,,39213
fiqa,40,recalibration,10,934,10,ad_probe,ad_c(full_target_scalar_reference),0.004124084727533006,True,0.4767904884444105,40213
fiqa,40,selection,10,934,10,trunc,best_in_menu_on_eval,0.03228506799578573,False,,40213
fiqa,41,recalibration,10,928,10,ad_probe,ad_c(full_target_scalar_reference),0.0003284072249589154,True,0.010391547785947974,41213
fiqa,41,selection,10,928,10,ad_probe,best_in_menu_on_eval,0.0,True,,41213
fiqa,42,recalibration,10,840,10,ad_probe,ad_c(full_target_scalar_reference),0.0004789272030650271,True,0.1560294668023512,42213
fiqa,42,selection,10,840,10,glob_probe,best_in_menu_on_eval,0.06938920305829768,False,,42213
fiqa,43,recalibration,10,932,10,ad_probe,ad_c(full_target_scalar_reference),0.0031064546738527876,True,0.22637717818858683,43213
fiqa,43,selection,10,932,10,glob_probe,best_in_menu_on_eval,0.05975902224182805,False,,43213
fiqa,44,recalibration,10,799,10,ad_probe,ad_c(full_target_scalar_reference),0.0002593975164507656,True,0.4813977214310141,44213
fiqa,44,selection,10,799,10,glob_probe,best_in_menu_on_eval,0.029734130468801134,False,,44213
fiqa,45,recalibration,10,894,10,ad_probe,ad_c(full_target_scalar_reference),0.00025988466427340207,True,0.06878263329130085,45213
fiqa,45,selection,10,894,10,glob_probe,best_in_menu_on_eval,0.029036007111632955,False,,45213
fiqa,46,recalibration,10,867,10,ad_probe,ad_c(full_target_scalar_reference),0.001339656512070242,True,0.2652772193608941,46213
fiqa,46,selection,10,867,10,glob_probe,best_in_menu_on_eval,0.019628906602591867,False,,46213
fiqa,47,recalibration,10,921,10,ad_probe,ad_c(full_target_scalar_reference),0.00036153327689375514,True,0.0344258250423124,47213
fiqa,47,selection,10,921,10,glob_probe,best_in_menu_on_eval,0.02437001256675997,False,,47213
fiqa,48,recalibration,10,889,10,ad_probe,ad_c(full_target_scalar_reference),0.001914055989291119,True,0.15294211385496537,48213
fiqa,48,selection,10,889,10,trunc,best_in_menu_on_eval,0.038282540568493395,False,,48213
fiqa,49,recalibration,10,932,10,ad_probe,ad_c(full_target_scalar_reference),0.005086293017327437,False,0.4958449983397155,49213
fiqa,49,selection,10,932,10,ad_probe,best_in_menu_on_eval,0.0,True,,49213
fiqa,0,recalibration,20,1761,20,ad_probe,ad_c(full_target_scalar_reference),0.0005801700069215654,True,0.30236213395120837,2200803
fiqa,0,selection,20,1761,20,ad_probe,best_in_menu_on_eval,0.0,True,,2200803
fiqa,1,recalibration,20,1817,20,ad_probe,ad_c(full_target_scalar_reference),0.001681165614286606,True,0.1836333191208226,2201803
fiqa,1,selection,20,1817,20,ad_probe,best_in_menu_on_eval,0.0,True,,2201803
fiqa,2,recalibration,20,1828,20,ad_probe,ad_c(full_target_scalar_reference),0.0021037702566364946,True,0.17031298980267962,2202803
fiqa,2,selection,20,1828,20,glob_probe,best_in_menu_on_eval,0.024237688244913125,False,,2202803
fiqa,3,recalibration,20,1852,20,ad_probe,ad_c(full_target_scalar_reference),0.0021745416649875393,True,0.17257008106269,2203803
fiqa,3,selection,20,1852,20,glob_probe,best_in_menu_on_eval,0.032181806256200984,False,,2203803
fiqa,4,recalibration,20,1810,20,ad_probe,ad_c(full_target_scalar_reference),4.586708408360618e-06,True,0.047792970853258065,2204803
fiqa,4,selection,20,1810,20,ad_probe,best_in_menu_on_eval,0.0,True,,2204803
fiqa,5,recalibration,20,1811,20,ad_probe,ad_c(full_target_scalar_reference),0.0004838933182881866,True,0.20580104877112015,2205803
fiqa,5,selection,20,1811,20,trunc,best_in_menu_on_eval,0.0374308620064,False,,2205803
fiqa,6,recalibration,20,1831,20,ad_probe,ad_c(full_target_scalar_reference),0.0006316401220859968,True,0.23926637169866094,2206803
fiqa,6,selection,20,1831,20,ad_probe,best_in_menu_on_eval,0.0,True,,2206803
fiqa,7,recalibration,20,1842,20,ad_probe,ad_c(full_target_scalar_reference),0.006294708060350651,False,0.7088090180671647,2207803
fiqa,7,selection,20,1842,20,trunc,best_in_menu_on_eval,0.029389576920810012,False,,2207803
fiqa,8,recalibration,20,1879,20,ad_probe,ad_c(full_target_scalar_reference),0.005944396013365272,False,0.8518905487008062,2208803
fiqa,8,selection,20,1879,20,glob_probe,best_in_menu_on_eval,0.019097555094708174,False,,2208803
fiqa,9,recalibration,20,1793,20,ad_probe,ad_c(full_target_scalar_reference),0.0005368746610784902,True,0.07885547910805624,2209803
fiqa,9,selection,20,1793,20,glob_probe,best_in_menu_on_eval,0.017720423754199577,False,,2209803
fiqa,10,recalibration,20,1829,20,ad_probe,ad_c(full_target_scalar_reference),0.00046505157970122557,True,0.37819186886519907,2210803
fiqa,10,selection,20,1829,20,ad_probe,best_in_menu_on_eval,0.0,True,,2210803
fiqa,11,recalibration,20,1755,20,ad_probe,ad_c(full_target_scalar_reference),0.0006863447946249823,True,0.03967422723985403,2211803
fiqa,11,selection,20,1755,20,ad_probe,best_in_menu_on_eval,0.0,True,,2211803
fiqa,12,recalibration,20,1784,20,ad_probe,ad_c(full_target_scalar_reference),0.0005471085885099258,True,0.07170839225054593,2212803
fiqa,12,selection,20,1784,20,ad_probe,best_in_menu_on_eval,0.0,True,,2212803
fiqa,13,recalibration,20,1826,20,ad_probe,ad_c(full_target_scalar_reference),0.0005007024115303849,True,0.3535036928432165,2213803
fiqa,13,selection,20,1826,20,ad_probe,best_in_menu_on_eval,0.0,True,,2213803
fiqa,14,recalibration,20,1756,20,ad_probe,ad_c(full_target_scalar_reference),0.0002965541182101683,True,0.5304560304783261,2214803
fiqa,14,selection,20,1756,20,ad_probe,best_in_menu_on_eval,0.0,True,,2214803
fiqa,15,recalibration,20,1805,20,ad_probe,ad_c(full_target_scalar_reference),0.0025570722624862485,True,0.45183653321326434,2215803
fiqa,15,selection,20,1805,20,ad_probe,best_in_menu_on_eval,0.0,True,,2215803
fiqa,16,recalibration,20,1788,20,ad_probe,ad_c(full_target_scalar_reference),3.499685028346411e-05,True,0.011295492267402896,2216803
fiqa,16,selection,20,1788,20,glob_probe,best_in_menu_on_eval,0.02866254596942469,False,,2216803
fiqa,17,recalibration,20,1794,20,ad_probe,ad_c(full_target_scalar_reference),0.00549577810724311,False,0.611734620655686,2217803
fiqa,17,selection,20,1794,20,ad_probe,best_in_menu_on_eval,0.0,True,,2217803
fiqa,18,recalibration,20,1818,20,ad_probe,ad_c(full_target_scalar_reference),0.01219241438252111,False,1.1541999048662293,2218803
fiqa,18,selection,20,1818,20,glob_probe,best_in_menu_on_eval,0.018965530218495674,False,,2218803
fiqa,19,recalibration,20,1862,20,ad_probe,ad_c(full_target_scalar_reference),0.0026655757547476844,True,0.24570979927137682,2219803
fiqa,19,selection,20,1862,20,glob_probe,best_in_menu_on_eval,0.03897915601737262,False,,2219803
fiqa,20,recalibration,20,1756,20,ad_probe,ad_c(full_target_scalar_reference),0.0007595465398013701,True,0.31703115860442566,2220803
fiqa,20,selection,20,1756,20,glob_probe,best_in_menu_on_eval,0.022540871261471973,False,,2220803
fiqa,21,recalibration,20,1799,20,ad_probe,ad_c(full_target_scalar_reference),0.0004397937518956785,True,0.026393072237314463,2221803
fiqa,21,selection,20,1799,20,ad_probe,best_in_menu_on_eval,0.0,True,,2221803
fiqa,22,recalibration,20,1876,20,ad_probe,ad_c(full_target_scalar_reference),0.0025009491570001097,True,0.34507564637843746,2222803
fiqa,22,selection,20,1876,20,glob_probe,best_in_menu_on_eval,0.015922113305645524,False,,2222803
fiqa,23,recalibration,20,1784,20,ad_probe,ad_c(full_target_scalar_reference),0.0009487416334549859,True,0.05981757483753802,2223803
fiqa,23,selection,20,1784,20,glob_probe,best_in_menu_on_eval,0.0365186123147907,False,,2223803
fiqa,24,recalibration,20,1945,20,ad_probe,ad_c(full_target_scalar_reference),0.002342623759821194,True,0.15335526703537683,2224803
fiqa,24,selection,20,1945,20,glob_probe,best_in_menu_on_eval,0.0345176074579287,False,,2224803
fiqa,25,recalibration,20,1838,20,ad_probe,ad_c(full_target_scalar_reference),0.00048403471970354106,True,0.09295123226271995,2225803
fiqa,25,selection,20,1838,20,ad_probe,best_in_menu_on_eval,0.0,True,,2225803
fiqa,26,recalibration,20,1804,20,ad_probe,ad_c(full_target_scalar_reference),0.0,True,0.001451435534874701,2226803
fiqa,26,selection,20,1804,20,ad_probe,best_in_menu_on_eval,0.0,True,,2226803
fiqa,27,recalibration,20,1744,20,ad_probe,ad_c(full_target_scalar_reference),0.00034650416816028873,True,0.10263773502539819,2227803
fiqa,27,selection,20,1744,20,glob_probe,best_in_menu_on_eval,0.01775095502302232,False,,2227803
fiqa,28,recalibration,20,1808,20,ad_probe,ad_c(full_target_scalar_reference),0.0042943035379340855,True,0.47924517334698025,2228803
fiqa,28,selection,20,1808,20,glob_probe,best_in_menu_on_eval,0.02898889607730648,False,,2228803
fiqa,29,recalibration,20,1778,20,ad_probe,ad_c(full_target_scalar_reference),0.0017552864686622982,True,0.26411804353631463,2229803
fiqa,29,selection,20,1778,20,trunc,best_in_menu_on_eval,0.038388321920866275,False,,2229803
fiqa,30,recalibration,20,1824,20,ad_probe,ad_c(full_target_scalar_reference),0.00036085641181182737,True,0.037227145744146206,2230803
fiqa,30,selection,20,1824,20,glob_probe,best_in_menu_on_eval,0.029372825552877846,False,,2230803
fiqa,31,recalibration,20,1803,20,ad_probe,ad_c(full_target_scalar_reference),0.00028812305882369715,True,0.37990444390322375,2231803
fiqa,31,selection,20,1803,20,ad_probe,best_in_menu_on_eval,0.0,True,,2231803
fiqa,32,recalibration,20,1793,20,ad_probe,ad_c(full_target_scalar_reference),0.0002876723418124838,True,0.04252095408255707,2232803
fiqa,32,selection,20,1793,20,ad_probe,best_in_menu_on_eval,0.0,True,,2232803
fiqa,33,recalibration,20,1885,20,ad_probe,ad_c(full_target_scalar_reference),0.0,True,0.0031925756554893603,2233803
fiqa,33,selection,20,1885,20,glob_probe,best_in_menu_on_eval,0.01802051290779183,False,,2233803
fiqa,34,recalibration,20,1804,20,ad_probe,ad_c(full_target_scalar_reference),0.00019954390973497826,True,0.3308872206695317,2234803
fiqa,34,selection,20,1804,20,glob_probe,best_in_menu_on_eval,0.029180561216739398,False,,2234803
fiqa,35,recalibration,20,1827,20,ad_probe,ad_c(full_target_scalar_reference),0.0002876723418125393,True,0.04098097433667247,2235803
fiqa,35,selection,20,1827,20,glob_probe,best_in_menu_on_eval,0.029104814246087907,False,,2235803
fiqa,36,recalibration,20,1768,20,ad_probe,ad_c(full_target_scalar_reference),0.0021547366292589687,True,0.20214550107651852,2236803
fiqa,36,selection,20,1768,20,ad_probe,best_in_menu_on_eval,0.0,True,,2236803
fiqa,37,recalibration,20,1708,20,ad_probe,ad_c(full_target_scalar_reference),0.001348651348651475,True,0.19544322704400718,2237803
fiqa,37,selection,20,1708,20,glob_probe,best_in_menu_on_eval,0.03238572919101568,False,,2237803
fiqa,38,recalibration,20,1892,20,ad_probe,ad_c(full_target_scalar_reference),0.00721081592712014,False,0.7734417290319029,2238803
fiqa,38,selection,20,1892,20,glob_probe,best_in_menu_on_eval,0.05488713606999934,False,,2238803
fiqa,39,recalibration,20,1821,20,ad_probe,ad_c(full_target_scalar_reference),0.0002876723418125393,True,0.038140882467901926,2239803
fiqa,39,selection,20,1821,20,glob_probe,best_in_menu_on_eval,0.0510321401362053,False,,2239803
fiqa,40,recalibration,20,1759,20,ad_probe,ad_c(full_target_scalar_reference),0.0024438494979896475,True,0.3268579317234668,2240803
fiqa,40,selection,20,1759,20,glob_probe,best_in_menu_on_eval,0.019899510499092055,False,,2240803
fiqa,41,recalibration,20,1787,20,ad_probe,ad_c(full_target_scalar_reference),0.000547099750921376,True,0.10694615690176845,2241803
fiqa,41,selection,20,1787,20,ad_probe,best_in_menu_on_eval,0.0,True,,2241803
fiqa,42,recalibration,20,1803,20,ad_probe,ad_c(full_target_scalar_reference),0.0003625885791491701,True,0.01647817577620314,2242803
fiqa,42,selection,20,1803,20,ad_probe,best_in_menu_on_eval,0.0,True,,2242803
fiqa,43,recalibration,20,1780,20,ad_probe,ad_c(full_target_scalar_reference),0.002814701222344451,True,0.2220229596316594,2243803
fiqa,43,selection,20,1780,20,glob_probe,best_in_menu_on_eval,0.015397216176214923,False,,2243803
fiqa,44,recalibration,20,1775,20,ad_probe,ad_c(full_target_scalar_reference),0.0003672901762073466,True,0.03289300785207261,2244803
fiqa,44,selection,20,1775,20,ad_probe,best_in_menu_on_eval,0.0,True,,2244803
fiqa,45,recalibration,20,1817,20,ad_probe,ad_c(full_target_scalar_reference),0.0011537294976785017,True,0.24830640381001112,2245803
fiqa,45,selection,20,1817,20,ad_probe,best_in_menu_on_eval,0.0,True,,2245803
fiqa,46,recalibration,20,1837,20,ad_probe,ad_c(full_target_scalar_reference),0.0017795014610301196,True,0.2077936783248182,2246803
fiqa,46,selection,20,1837,20,trunc,best_in_menu_on_eval,0.03610166665393838,False,,2246803
fiqa,47,recalibration,20,1797,20,ad_probe,ad_c(full_target_scalar_reference),0.002312372694538267,True,0.3331614792370794,2247803
fiqa,47,selection,20,1797,20,glob_probe,best_in_menu_on_eval,0.04999720550254452,False,,2247803
fiqa,48,recalibration,20,1876,20,ad_probe,ad_c(full_target_scalar_reference),0.00036258857914905906,True,0.015241189203061722,2248803
fiqa,48,selection,20,1876,20,ad_probe,best_in_menu_on_eval,0.0,True,,2248803
fiqa,49,recalibration,20,1807,20,ad_probe,ad_c(full_target_scalar_reference),0.002257376381580245,True,0.23257632642955972,2249803
fiqa,49,selection,20,1807,20,glob_probe,best_in_menu_on_eval,0.02651251977481256,False,,2249803
fiqa,0,recalibration,50,4639,50,ad_probe,ad_c(full_target_scalar_reference),6.715692334424705e-05,True,0.016808925639611116,2300852
fiqa,0,selection,50,4639,50,ad_probe,best_in_menu_on_eval,0.0,True,,2300852
fiqa,1,recalibration,50,4442,50,ad_probe,ad_c(full_target_scalar_reference),0.003036813613736644,True,0.4576448071040198,2301852
fiqa,1,selection,50,4442,50,ad_probe,best_in_menu_on_eval,0.0,True,,2301852
fiqa,2,recalibration,50,4583,50,ad_probe,ad_c(full_target_scalar_reference),0.0026236398309977815,True,0.30170500739114026,2302852
fiqa,2,selection,50,4583,50,ad_probe,best_in_menu_on_eval,0.0,True,,2302852
fiqa,3,recalibration,50,4538,50,ad_probe,ad_c(full_target_scalar_reference),9.55566172957667e-05,True,0.16013167645748938,2303852
fiqa,3,selection,50,4538,50,glob_probe,best_in_menu_on_eval,0.03181953824470429,False,,2303852
fiqa,4,recalibration,50,4393,50,ad_probe,ad_c(full_target_scalar_reference),0.00012687980915404573,True,0.01849920921883097,2304852
fiqa,4,selection,50,4393,50,glob_probe,best_in_menu_on_eval,0.0199194044331355,False,,2304852
fiqa,5,recalibration,50,4481,50,ad_probe,ad_c(full_target_scalar_reference),0.0034878026098761894,True,0.37290473610971864,2305852
fiqa,5,selection,50,4481,50,ad_probe,best_in_menu_on_eval,0.0,True,,2305852
fiqa,6,recalibration,50,4584,50,ad_probe,ad_c(full_target_scalar_reference),6.912448384022163e-05,True,0.1134015075125161,2306852
fiqa,6,selection,50,4584,50,ad_probe,best_in_menu_on_eval,0.0,True,,2306852
fiqa,7,recalibration,50,4456,50,ad_probe,ad_c(full_target_scalar_reference),0.0003051296529557601,True,0.09649593608034457,2307852
fiqa,7,selection,50,4456,50,ad_probe,best_in_menu_on_eval,0.0,True,,2307852
fiqa,8,recalibration,50,4444,50,ad_probe,ad_c(full_target_scalar_reference),0.0003199606042416092,True,0.11113585140310467,2308852
fiqa,8,selection,50,4444,50,glob_probe,best_in_menu_on_eval,0.05774826988431153,False,,2308852
fiqa,9,recalibration,50,4483,50,ad_probe,ad_c(full_target_scalar_reference),0.0008560280299410028,True,0.14115485772060254,2309852
fiqa,9,selection,50,4483,50,ad_probe,best_in_menu_on_eval,0.0,True,,2309852
fiqa,10,recalibration,50,4480,50,ad_probe,ad_c(full_target_scalar_reference),0.00044543899058957503,True,0.030396430207178637,2310852
fiqa,10,selection,50,4480,50,ad_probe,best_in_menu_on_eval,0.0,True,,2310852
fiqa,11,recalibration,50,4512,50,ad_probe,ad_c(full_target_scalar_reference),0.0004458009474732072,True,0.11952411761669923,2311852
fiqa,11,selection,50,4512,50,ad_probe,best_in_menu_on_eval,0.0,True,,2311852
fiqa,12,recalibration,50,4488,50,ad_probe,ad_c(full_target_scalar_reference),0.00015565074093504272,True,0.0700584693936992,2312852
fiqa,12,selection,50,4488,50,ad_probe,best_in_menu_on_eval,0.0,True,,2312852
fiqa,13,recalibration,50,4521,50,ad_probe,ad_c(full_target_scalar_reference),0.006330830076649474,False,0.5697956507403175,2313852
fiqa,13,selection,50,4521,50,glob_probe,best_in_menu_on_eval,0.014216064758198144,False,,2313852
fiqa,14,recalibration,50,4467,50,ad_probe,ad_c(full_target_scalar_reference),2.545763415329194e-05,True,0.08765962209871025,2314852
fiqa,14,selection,50,4467,50,ad_probe,best_in_menu_on_eval,0.0,True,,2314852
fiqa,15,recalibration,50,4433,50,ad_probe,ad_c(full_target_scalar_reference),0.0014614334012327257,True,0.18373015357495603,2315852
fiqa,15,selection,50,4433,50,glob_probe,best_in_menu_on_eval,0.032716867029107644,False,,2315852
fiqa,16,recalibration,50,4398,50,ad_probe,ad_c(full_target_scalar_reference),0.0020188470021245686,True,0.19053140059645024,2316852
fiqa,16,selection,50,4398,50,glob_probe,best_in_menu_on_eval,0.02791386331440654,False,,2316852
fiqa,17,recalibration,50,4473,50,ad_probe,ad_c(full_target_scalar_reference),0.0014627884193101903,True,0.050470939319617436,2317852
fiqa,17,selection,50,4473,50,ad_probe,best_in_menu_on_eval,0.0,True,,2317852
fiqa,18,recalibration,50,4426,50,ad_probe,ad_c(full_target_scalar_reference),0.0006453041570098073,True,0.10178386727124789,2318852
fiqa,18,selection,50,4426,50,glob_probe,best_in_menu_on_eval,0.019266644257404042,False,,2318852
fiqa,19,recalibration,50,4653,50,ad_probe,ad_c(full_target_scalar_reference),0.0005814234075103841,True,0.14033178418246317,2319852
fiqa,19,selection,50,4653,50,ad_probe,best_in_menu_on_eval,0.0,True,,2319852
fiqa,20,recalibration,50,4410,50,ad_probe,ad_c(full_target_scalar_reference),0.0012766219287957958,True,0.11699569655070219,2320852
fiqa,20,selection,50,4410,50,glob_probe,best_in_menu_on_eval,0.024705350078272847,False,,2320852
fiqa,21,recalibration,50,4494,50,ad_probe,ad_c(full_target_scalar_reference),0.00030391384906436336,True,0.10926811011257032,2321852
fiqa,21,selection,50,4494,50,ad_probe,best_in_menu_on_eval,0.0,True,,2321852
fiqa,22,recalibration,50,4550,50,ad_probe,ad_c(full_target_scalar_reference),0.0007311621860117135,True,0.09774529466072646,2322852
fiqa,22,selection,50,4550,50,ad_probe,best_in_menu_on_eval,0.0,True,,2322852
fiqa,23,recalibration,50,4541,50,ad_probe,ad_c(full_target_scalar_reference),0.0004224686498933705,True,0.033029299790034106,2323852
fiqa,23,selection,50,4541,50,ad_probe,best_in_menu_on_eval,0.0,True,,2323852
fiqa,24,recalibration,50,4564,50,ad_probe,ad_c(full_target_scalar_reference),0.0008282687212453066,True,0.062604464902982,2324852
fiqa,24,selection,50,4564,50,glob_probe,best_in_menu_on_eval,0.04372561663531563,False,,2324852
fiqa,25,recalibration,50,4539,50,ad_probe,ad_c(full_target_scalar_reference),0.0018126661521310483,True,0.38414219913808756,2325852
fiqa,25,selection,50,4539,50,ad_probe,best_in_menu_on_eval,0.0,True,,2325852
fiqa,26,recalibration,50,4420,50,ad_probe,ad_c(full_target_scalar_reference),0.0007973910147823227,True,0.12182223663781255,2326852
fiqa,26,selection,50,4420,50,glob_probe,best_in_menu_on_eval,0.0302499512999706,False,,2326852
fiqa,27,recalibration,50,4621,50,ad_probe,ad_c(full_target_scalar_reference),0.0002986144290491599,True,0.030801303474209396,2327852
fiqa,27,selection,50,4621,50,ad_probe,best_in_menu_on_eval,0.0,True,,2327852
fiqa,28,recalibration,50,4439,50,ad_probe,ad_c(full_target_scalar_reference),0.0002105382540166234,True,0.14970783138602206,2328852
fiqa,28,selection,50,4439,50,ad_probe,best_in_menu_on_eval,0.0,True,,2328852
fiqa,29,recalibration,50,4459,50,ad_probe,ad_c(full_target_scalar_reference),0.0021511468835883063,True,0.36832106101012974,2329852
fiqa,29,selection,50,4459,50,glob_probe,best_in_menu_on_eval,0.03103623002067296,False,,2329852
fiqa,30,recalibration,50,4474,50,ad_probe,ad_c(full_target_scalar_reference),0.00023407473240250054,True,0.04927453804560633,2330852
fiqa,30,selection,50,4474,50,glob_probe,best_in_menu_on_eval,0.023559861016665018,False,,2330852
fiqa,31,recalibration,50,4469,50,ad_probe,ad_c(full_target_scalar_reference),0.00020982362119481568,True,0.1298405152012747,2331852
fiqa,31,selection,50,4469,50,ad_probe,best_in_menu_on_eval,0.0,True,,2331852
fiqa,32,recalibration,50,4511,50,ad_probe,ad_c(full_target_scalar_reference),0.0011015647303272424,True,0.06648702558434749,2332852
fiqa,32,selection,50,4511,50,ad_probe,best_in_menu_on_eval,0.0,True,,2332852
fiqa,33,recalibration,50,4566,50,ad_probe,ad_c(full_target_scalar_reference),0.0005823886258669031,True,0.08861521025554087,2333852
fiqa,33,selection,50,4566,50,glob_probe,best_in_menu_on_eval,0.024993365121353806,False,,2333852
fiqa,34,recalibration,50,4524,50,ad_probe,ad_c(full_target_scalar_reference),0.0010472062311526753,True,0.20683508907992287,2334852
fiqa,34,selection,50,4524,50,trunc,best_in_menu_on_eval,0.03854045873212153,False,,2334852
fiqa,35,recalibration,50,4431,50,ad_probe,ad_c(full_target_scalar_reference),0.002736319793176012,True,0.16359691127118747,2335852
fiqa,35,selection,50,4431,50,glob_probe,best_in_menu_on_eval,0.02609705518825456,False,,2335852
fiqa,36,recalibration,50,4457,50,ad_probe,ad_c(full_target_scalar_reference),9.237325290839538e-05,True,0.04527841908898811,2336852
fiqa,36,selection,50,4457,50,ad_probe,best_in_menu_on_eval,0.0,True,,2336852
fiqa,37,recalibration,50,4497,50,ad_probe,ad_c(full_target_scalar_reference),0.0003518220909525249,True,0.017887628225738528,2337852
fiqa,37,selection,50,4497,50,glob_probe,best_in_menu_on_eval,0.020516627280918964,False,,2337852
fiqa,38,recalibration,50,4484,50,ad_probe,ad_c(full_target_scalar_reference),0.0002642099632065853,True,0.22006482999706245,2338852
fiqa,38,selection,50,4484,50,ad_probe,best_in_menu_on_eval,0.0,True,,2338852
fiqa,39,recalibration,50,4490,50,ad_probe,ad_c(full_target_scalar_reference),0.00036182695045572366,True,0.04086421771139426,2339852
fiqa,39,selection,50,4490,50,ad_probe,best_in_menu_on_eval,0.0,True,,2339852
fiqa,40,recalibration,50,4582,50,ad_probe,ad_c(full_target_scalar_reference),0.0,True,0.0030824397561004524,2340852
fiqa,40,selection,50,4582,50,ad_probe,best_in_menu_on_eval,0.0,True,,2340852
fiqa,41,recalibration,50,4544,50,ad_probe,ad_c(full_target_scalar_reference),0.00038571610477972085,True,0.03216644890006526,2341852
fiqa,41,selection,50,4544,50,glob_probe,best_in_menu_on_eval,0.0357354854119431,False,,2341852
fiqa,42,recalibration,50,4491,50,ad_probe,ad_c(full_target_scalar_reference),0.00032226227878395797,True,0.07637707256457471,2342852
fiqa,42,selection,50,4491,50,ad_probe,best_in_menu_on_eval,0.0,True,,2342852
fiqa,43,recalibration,50,4578,50,ad_probe,ad_c(full_target_scalar_reference),0.0005334130752191468,True,0.08451597318128878,2343852
fiqa,43,selection,50,4578,50,ad_probe,best_in_menu_on_eval,0.0,True,,2343852
fiqa,44,recalibration,50,4455,50,ad_probe,ad_c(full_target_scalar_reference),0.0010022307681170628,True,0.1425726003493608,2344852
fiqa,44,selection,50,4455,50,ad_probe,best_in_menu_on_eval,0.0,True,,2344852
fiqa,45,recalibration,50,4410,50,ad_probe,ad_c(full_target_scalar_reference),0.002769100093514776,True,0.2569441592488637,2345852
fiqa,45,selection,50,4410,50,ad_probe,best_in_menu_on_eval,0.0,True,,2345852
fiqa,46,recalibration,50,4502,50,ad_probe,ad_c(full_target_scalar_reference),0.0023311322642426413,True,0.2833636885893718,2346852
fiqa,46,selection,50,4502,50,ad_probe,best_in_menu_on_eval,0.0,True,,2346852
fiqa,47,recalibration,50,4406,50,ad_probe,ad_c(full_target_scalar_reference),0.0009513897473763522,True,0.14740892803305794,2347852
fiqa,47,selection,50,4406,50,ad_probe,best_in_menu_on_eval,0.0,True,,2347852
fiqa,48,recalibration,50,4548,50,ad_probe,ad_c(full_target_scalar_reference),0.0002893242023677689,True,0.06119607303465102,2348852
fiqa,48,selection,50,4548,50,ad_probe,best_in_menu_on_eval,0.0,True,,2348852
fiqa,49,recalibration,50,4427,50,ad_probe,ad_c(full_target_scalar_reference),0.0,True,0.0003888981661308577,2349852
fiqa,49,selection,50,4427,50,glob_probe,best_in_menu_on_eval,0.02656040443586405,False,,2349852
fiqa,0,recalibration,100,8820,100,ad_probe,ad_c(full_target_scalar_reference),0.0006310396821346265,True,0.05771266277606513,2400550
fiqa,0,selection,100,8820,100,ad_probe,best_in_menu_on_eval,0.0,True,,2400550
fiqa,1,recalibration,100,9176,100,ad_probe,ad_c(full_target_scalar_reference),0.0018799833580855352,True,0.07956299872100514,2401550
fiqa,1,selection,100,9176,100,ad_probe,best_in_menu_on_eval,0.0,True,,2401550
fiqa,2,recalibration,100,9090,100,ad_probe,ad_c(full_target_scalar_reference),1.5930946587860983e-05,True,0.029443997018606893,2402550
fiqa,2,selection,100,9090,100,ad_probe,best_in_menu_on_eval,0.0,True,,2402550
fiqa,3,recalibration,100,8910,100,ad_probe,ad_c(full_target_scalar_reference),0.0004592224482735663,True,0.11285256386391262,2403550
fiqa,3,selection,100,8910,100,ad_probe,best_in_menu_on_eval,0.0,True,,2403550
fiqa,4,recalibration,100,8674,100,ad_probe,ad_c(full_target_scalar_reference),0.0002331812550790402,True,0.12891184707050307,2404550
fiqa,4,selection,100,8674,100,ad_probe,best_in_menu_on_eval,0.0,True,,2404550
fiqa,5,recalibration,100,8889,100,ad_probe,ad_c(full_target_scalar_reference),0.0023723944344382075,True,0.18089239694459502,2405550
fiqa,5,selection,100,8889,100,glob_probe,best_in_menu_on_eval,0.02403673078223667,False,,2405550
fiqa,6,recalibration,100,9007,100,ad_probe,ad_c(full_target_scalar_reference),0.00011598296269837993,True,0.10160620199138481,2406550
fiqa,6,selection,100,9007,100,ad_probe,best_in_menu_on_eval,0.0,True,,2406550
fiqa,7,recalibration,100,9056,100,ad_probe,ad_c(full_target_scalar_reference),0.0004227524300517427,True,0.06435504423807203,2407550
fiqa,7,selection,100,9056,100,glob_probe,best_in_menu_on_eval,0.020517146790932805,False,,2407550
fiqa,8,recalibration,100,8888,100,ad_probe,ad_c(full_target_scalar_reference),0.003458656104641522,True,0.30229084533011874,2408550
fiqa,8,selection,100,8888,100,ad_probe,best_in_menu_on_eval,0.0,True,,2408550
fiqa,9,recalibration,100,9001,100,ad_probe,ad_c(full_target_scalar_reference),0.0033664834759725704,True,0.2973137462145006,2409550
fiqa,9,selection,100,9001,100,ad_probe,best_in_menu_on_eval,0.0,True,,2409550
fiqa,10,recalibration,100,8944,100,ad_probe,ad_c(full_target_scalar_reference),0.0,True,0.0022104947003884767,2410550
fiqa,10,selection,100,8944,100,ad_probe,best_in_menu_on_eval,0.0,True,,2410550
fiqa,11,recalibration,100,9135,100,ad_probe,ad_c(full_target_scalar_reference),0.00011440303411108799,True,0.06612506293095866,2411550
fiqa,11,selection,100,9135,100,ad_probe,best_in_menu_on_eval,0.0,True,,2411550
fiqa,12,recalibration,100,9022,100,ad_probe,ad_c(full_target_scalar_reference),0.0006855674738885931,True,0.030725517382686363,2412550
fiqa,12,selection,100,9022,100,ad_probe,best_in_menu_on_eval,0.0,True,,2412550
fiqa,13,recalibration,100,8940,100,ad_probe,ad_c(full_target_scalar_reference),0.0003217787889320256,True,0.03911663455574721,2413550
fiqa,13,selection,100,8940,100,glob_probe,best_in_menu_on_eval,0.01999628451516544,False,,2413550
fiqa,14,recalibration,100,8870,100,ad_probe,ad_c(full_target_scalar_reference),0.0014570891395708219,True,0.04931940599262674,2414550
fiqa,14,selection,100,8870,100,ad_probe,best_in_menu_on_eval,0.0,True,,2414550
fiqa,15,recalibration,100,9042,100,ad_probe,ad_c(full_target_scalar_reference),0.002498869743395249,True,0.27876203690698986,2415550
fiqa,15,selection,100,9042,100,ad_probe,best_in_menu_on_eval,0.0,True,,2415550
fiqa,16,recalibration,100,8890,100,ad_probe,ad_c(full_target_scalar_reference),0.00030860258962450704,True,0.1264332054213786,2416550
fiqa,16,selection,100,8890,100,glob_probe,best_in_menu_on_eval,0.021632515335058833,False,,2416550
fiqa,17,recalibration,100,8990,100,ad_probe,ad_c(full_target_scalar_reference),0.0006261884911519244,True,0.1319184357684482,2417550
fiqa,17,selection,100,8990,100,ad_probe,best_in_menu_on_eval,0.0,True,,2417550
fiqa,18,recalibration,100,8892,100,ad_probe,ad_c(full_target_scalar_reference),0.0004127563434133119,True,0.03324062868925459,2418550
fiqa,18,selection,100,8892,100,glob_probe,best_in_menu_on_eval,0.019935156149819222,False,,2418550
fiqa,19,recalibration,100,9075,100,ad_probe,ad_c(full_target_scalar_reference),0.0035465295045587486,True,0.42752828151419964,2419550
fiqa,19,selection,100,9075,100,glob_probe,best_in_menu_on_eval,0.01767817629591939,False,,2419550
fiqa,20,recalibration,100,8987,100,ad_probe,ad_c(full_target_scalar_reference),0.0008995060089951323,True,0.055006503215222935,2420550
fiqa,20,selection,100,8987,100,ad_probe,best_in_menu_on_eval,0.0,True,,2420550
fiqa,21,recalibration,100,9149,100,ad_probe,ad_c(full_target_scalar_reference),0.0,True,0.005391394578345254,2421550
fiqa,21,selection,100,9149,100,ad_probe,best_in_menu_on_eval,0.0,True,,2421550
fiqa,22,recalibration,100,9067,100,ad_probe,ad_c(full_target_scalar_reference),0.003451667958967175,True,0.24236505357180826,2422550
fiqa,22,selection,100,9067,100,ad_probe,best_in_menu_on_eval,0.0,True,,2422550
fiqa,23,recalibration,100,8916,100,ad_probe,ad_c(full_target_scalar_reference),0.0001374740425835741,True,0.26931214985638174,2423550
fiqa,23,selection,100,8916,100,ad_probe,best_in_menu_on_eval,0.0,True,,2423550
fiqa,24,recalibration,100,8993,100,ad_probe,ad_c(full_target_scalar_reference),0.0002244815201020156,True,0.03040154971351683,2424550
fiqa,24,selection,100,8993,100,ad_probe,best_in_menu_on_eval,0.0,True,,2424550
fiqa,25,recalibration,100,9011,100,ad_probe,ad_c(full_target_scalar_reference),0.002866253778662564,True,0.23347552910003033,2425550
fiqa,25,selection,100,9011,100,ad_probe,best_in_menu_on_eval,0.0,True,,2425550
fiqa,26,recalibration,100,9180,100,ad_probe,ad_c(full_target_scalar_reference),0.0009325528486112122,True,0.058919125005964634,2426550
fiqa,26,selection,100,9180,100,ad_probe,best_in_menu_on_eval,0.0,True,,2426550
fiqa,27,recalibration,100,9106,100,ad_probe,ad_c(full_target_scalar_reference),0.0005126969543028381,True,0.07258556901526503,2427550
fiqa,27,selection,100,9106,100,ad_probe,best_in_menu_on_eval,0.0,True,,2427550
fiqa,28,recalibration,100,8820,100,ad_probe,ad_c(full_target_scalar_reference),0.00044805154294208505,True,0.12669902249001375,2428550
fiqa,28,selection,100,8820,100,glob_probe,best_in_menu_on_eval,0.02010108969550689,False,,2428550
fiqa,29,recalibration,100,8960,100,ad_probe,ad_c(full_target_scalar_reference),0.0005559221800097713,True,0.14082455966579088,2429550
fiqa,29,selection,100,8960,100,ad_probe,best_in_menu_on_eval,0.0,True,,2429550
fiqa,30,recalibration,100,9030,100,ad_probe,ad_c(full_target_scalar_reference),0.0025950225767744084,True,0.1864517216464241,2430550
fiqa,30,selection,100,9030,100,ad_probe,best_in_menu_on_eval,0.0,True,,2430550
fiqa,31,recalibration,100,8721,100,ad_probe,ad_c(full_target_scalar_reference),0.0005287393061115808,True,0.06391551172420895,2431550
fiqa,31,selection,100,8721,100,ad_probe,best_in_menu_on_eval,0.0,True,,2431550
fiqa,32,recalibration,100,8956,100,ad_probe,ad_c(full_target_scalar_reference),0.0008094602072704626,True,0.085455432775293,2432550
fiqa,32,selection,100,8956,100,ad_probe,best_in_menu_on_eval,0.0,True,,2432550
fiqa,33,recalibration,100,8795,100,ad_probe,ad_c(full_target_scalar_reference),0.0005934657394511822,True,0.11248000951949999,2433550
fiqa,33,selection,100,8795,100,glob_probe,best_in_menu_on_eval,0.020155834068231515,False,,2433550
fiqa,34,recalibration,100,9005,100,ad_probe,ad_c(full_target_scalar_reference),0.0011210707378590534,True,0.2663475804061681,2434550
fiqa,34,selection,100,9005,100,ad_probe,best_in_menu_on_eval,0.0,True,,2434550
fiqa,35,recalibration,100,9115,100,ad_probe,ad_c(full_target_scalar_reference),0.0006614533074386642,True,0.05836144144114774,2435550
fiqa,35,selection,100,9115,100,ad_probe,best_in_menu_on_eval,0.0,True,,2435550
fiqa,36,recalibration,100,9034,100,ad_probe,ad_c(full_target_scalar_reference),0.0001737921445950641,True,0.00857236821276497,2436550
fiqa,36,selection,100,9034,100,ad_probe,best_in_menu_on_eval,0.0,True,,2436550
fiqa,37,recalibration,100,8981,100,ad_probe,ad_c(full_target_scalar_reference),0.0013803106868800485,True,0.23641900964570772,2437550
fiqa,37,selection,100,8981,100,ad_probe,best_in_menu_on_eval,0.0,True,,2437550
fiqa,38,recalibration,100,9076,100,ad_probe,ad_c(full_target_scalar_reference),0.004229742277187587,True,0.25327720834447875,2438550
fiqa,38,selection,100,9076,100,ad_probe,best_in_menu_on_eval,0.0,True,,2438550
fiqa,39,recalibration,100,8990,100,ad_probe,ad_c(full_target_scalar_reference),0.00015330371169786083,True,0.085455432775293,2439550
fiqa,39,selection,100,8990,100,ad_probe,best_in_menu_on_eval,0.0,True,,2439550
fiqa,40,recalibration,100,9035,100,ad_probe,ad_c(full_target_scalar_reference),0.0021387827500966017,True,0.38707372709694265,2440550
fiqa,40,selection,100,9035,100,ad_probe,best_in_menu_on_eval,0.0,True,,2440550
fiqa,41,recalibration,100,8887,100,ad_probe,ad_c(full_target_scalar_reference),0.0009647185742076014,True,0.19706691582832936,2441550
fiqa,41,selection,100,8887,100,ad_probe,best_in_menu_on_eval,0.0,True,,2441550
fiqa,42,recalibration,100,9036,100,ad_probe,ad_c(full_target_scalar_reference),0.0007042632955041594,True,0.10325612484823177,2442550
fiqa,42,selection,100,9036,100,glob_probe,best_in_menu_on_eval,0.020673591217422016,False,,2442550
fiqa,43,recalibration,100,9088,100,ad_probe,ad_c(full_target_scalar_reference),0.00018091195098490775,True,0.06842067063791224,2443550
fiqa,43,selection,100,9088,100,ad_probe,best_in_menu_on_eval,0.0,True,,2443550
fiqa,44,recalibration,100,8763,100,ad_probe,ad_c(full_target_scalar_reference),0.0004209091800332909,True,0.03808608428243776,2444550
fiqa,44,selection,100,8763,100,ad_probe,best_in_menu_on_eval,0.0,True,,2444550
fiqa,45,recalibration,100,8825,100,ad_probe,ad_c(full_target_scalar_reference),0.000861182613007383,True,0.054171152058537064,2445550
fiqa,45,selection,100,8825,100,ad_probe,best_in_menu_on_eval,0.0,True,,2445550
fiqa,46,recalibration,100,8961,100,ad_probe,ad_c(full_target_scalar_reference),0.0005329119380214076,True,0.1348868278339257,2446550
fiqa,46,selection,100,8961,100,glob_probe,best_in_menu_on_eval,0.026578772431727793,False,,2446550
fiqa,47,recalibration,100,9141,100,ad_probe,ad_c(full_target_scalar_reference),8.154862169462707e-05,True,0.010627325475482507,2447550
fiqa,47,selection,100,9141,100,ad_probe,best_in_menu_on_eval,0.0,True,,2447550
fiqa,48,recalibration,100,8850,100,ad_probe,ad_c(full_target_scalar_reference),0.0003258602711158076,True,0.0322117435027407,2448550
fiqa,48,selection,100,8850,100,ad_probe,best_in_menu_on_eval,0.0,True,,2448550
fiqa,49,recalibration,100,8979,100,ad_probe,ad_c(full_target_scalar_reference),9.83505545549268e-05,True,0.01849920921883097,2449550
fiqa,49,selection,100,8979,100,ad_probe,best_in_menu_on_eval,0.0,True,,2449550
quora,0,recalibration,5,354,5,ad_probe,ad_c(full_target_scalar_reference),0.02071858634652335,False,0.22158820994591655,2000206
quora,0,selection,5,354,5,glob_probe,best_in_menu_on_eval,0.15390179603664844,False,,2000206
quora,1,recalibration,5,392,5,ad_probe,ad_c(full_target_scalar_reference),0.006010956646661403,False,0.05893743146681396,2001206
quora,1,selection,5,392,5,glob_probe,best_in_menu_on_eval,0.029719010877488294,False,,2001206
quora,2,recalibration,5,380,5,ad_probe,ad_c(full_target_scalar_reference),0.008534870918721849,False,0.08736608583469951,2002206
quora,2,selection,5,380,5,glob_probe,best_in_menu_on_eval,0.013988612402724643,False,,2002206
quora,3,recalibration,5,382,5,ad_probe,ad_c(full_target_scalar_reference),0.007370154977894061,False,0.08846329823589683,2003206
quora,3,selection,5,382,5,glob_probe,best_in_menu_on_eval,0.02429268741681445,False,,2003206
quora,4,recalibration,5,365,5,ad_probe,ad_c(full_target_scalar_reference),0.013408954808549423,False,0.15426485294104042,2004206
quora,4,selection,5,365,5,glob_probe,best_in_menu_on_eval,0.16885496750084378,False,,2004206
quora,5,recalibration,5,334,5,ad_probe,ad_c(full_target_scalar_reference),0.029476513790890113,False,0.35058152353068917,2005206
quora,5,selection,5,334,5,ad_probe,best_in_menu_on_eval,0.0058319653389267145,True,,2005206
quora,6,recalibration,5,350,5,ad_probe,ad_c(full_target_scalar_reference),0.018973316220273984,False,0.22278297198697217,2006206
quora,6,selection,5,350,5,ad_probe,best_in_menu_on_eval,0.0,True,,2006206
quora,7,recalibration,5,374,5,ad_probe,ad_c(full_target_scalar_reference),0.007464218499078856,False,0.07589277151583995,2007206
quora,7,selection,5,374,5,glob_probe,best_in_menu_on_eval,0.03910371588795125,False,,2007206
quora,8,recalibration,5,355,5,ad_probe,ad_c(full_target_scalar_reference),0.008155048417838762,False,0.08265035947977539,2008206
quora,8,selection,5,355,5,glob_probe,best_in_menu_on_eval,0.039831786649354606,False,,2008206
quora,9,recalibration,5,342,5,ad_probe,ad_c(full_target_scalar_reference),0.010034171021192861,False,0.10330612023834485,2009206
quora,9,selection,5,342,5,ad_probe,best_in_menu_on_eval,0.0,True,,2009206
quora,10,recalibration,5,380,5,ad_probe,ad_c(full_target_scalar_reference),0.026756960333767843,False,0.3149452891569907,2010206
quora,10,selection,5,380,5,glob_probe,best_in_menu_on_eval,0.05147082040118234,False,,2010206
quora,11,recalibration,5,418,5,ad_probe,ad_c(full_target_scalar_reference),0.06645610748525521,False,0.9079053931449707,2011206
quora,11,selection,5,418,5,glob_probe,best_in_menu_on_eval,0.0,True,,2011206
quora,12,recalibration,5,392,5,ad_probe,ad_c(full_target_scalar_reference),0.02253751070281995,False,0.24757111137375343,2012206
quora,12,selection,5,392,5,glob_probe,best_in_menu_on_eval,0.04622531671429886,False,,2012206
quora,13,recalibration,5,361,5,ad_probe,ad_c(full_target_scalar_reference),0.013683337439154064,False,0.13744486459870076,2013206
quora,13,selection,5,361,5,glob_probe,best_in_menu_on_eval,0.14691657214178522,False,,2013206
quora,14,recalibration,5,329,5,ad_probe,ad_c(full_target_scalar_reference),0.01571835416050349,False,0.18465552847637234,2014206
quora,14,selection,5,329,5,ad_probe,best_in_menu_on_eval,0.010344139619459236,False,,2014206
quora,15,recalibration,5,419,5,ad_probe,ad_c(full_target_scalar_reference),0.010299816664527395,False,0.10601166382981064,2015206
quora,15,selection,5,419,5,ad_probe,best_in_menu_on_eval,0.0,True,,2015206
quora,16,recalibration,5,320,5,ad_probe,ad_c(full_target_scalar_reference),0.04005841698097079,False,0.4324094031785108,2016206
quora,16,selection,5,320,5,glob_probe,best_in_menu_on_eval,0.2587312661306745,False,,2016206
quora,17,recalibration,5,352,5,ad_probe,ad_c(full_target_scalar_reference),0.005192965983968456,False,0.06412042984116328,2017206
quora,17,selection,5,352,5,ad_probe,best_in_menu_on_eval,0.0,True,,2017206
quora,18,recalibration,5,323,5,ad_probe,ad_c(full_target_scalar_reference),0.007801233543039743,False,0.09248386928178132,2018206
quora,18,selection,5,323,5,ad_probe,best_in_menu_on_eval,0.0,True,,2018206
quora,19,recalibration,5,293,5,ad_probe,ad_c(full_target_scalar_reference),2.3541182355701906e-06,True,0.00027974999968949366,2019206
quora,19,selection,5,293,5,glob_probe,best_in_menu_on_eval,0.019666421152704006,False,,2019206
quora,20,recalibration,5,360,5,ad_probe,ad_c(full_target_scalar_reference),0.00640798055544145,False,0.06456401267462608,2020206
quora,20,selection,5,360,5,glob_probe,best_in_menu_on_eval,0.18865356036024894,False,,2020206
quora,21,recalibration,5,371,5,ad_probe,ad_c(full_target_scalar_reference),0.016906305236436325,False,0.19674573663906336,2021206
quora,21,selection,5,371,5,ad_probe,best_in_menu_on_eval,0.0,True,,2021206
quora,22,recalibration,5,386,5,ad_probe,ad_c(full_target_scalar_reference),0.0031908948990637676,True,0.04323591805462268,2022206
quora,22,selection,5,386,5,glob_probe,best_in_menu_on_eval,0.16400968804684352,False,,2022206
quora,23,recalibration,5,362,5,ad_probe,ad_c(full_target_scalar_reference),0.008443728666499006,False,0.08545613076386926,2023206
quora,23,selection,5,362,5,glob_probe,best_in_menu_on_eval,0.07113923976980119,False,,2023206
quora,24,recalibration,5,359,5,ad_probe,ad_c(full_target_scalar_reference),0.052335481508076764,False,0.6737014574790255,2024206
quora,24,selection,5,359,5,ad_probe,best_in_menu_on_eval,0.02868604244341877,False,,2024206
quora,25,recalibration,5,362,5,ad_probe,ad_c(full_target_scalar_reference),0.008316954767839224,False,0.0835843093084665,2025206
quora,25,selection,5,362,5,glob_probe,best_in_menu_on_eval,0.032046924718430625,False,,2025206
quora,26,recalibration,5,427,5,ad_probe,ad_c(full_target_scalar_reference),0.011613069557757871,False,0.1328523038800815,2026206
quora,26,selection,5,427,5,ad_probe,best_in_menu_on_eval,0.0029971235889920678,True,,2026206
quora,27,recalibration,5,342,5,ad_probe,ad_c(full_target_scalar_reference),0.0375593021225028,False,0.4646175726705183,2027206
quora,27,selection,5,342,5,glob_probe,best_in_menu_on_eval,0.0,True,,2027206
quora,28,recalibration,5,357,5,ad_probe,ad_c(full_target_scalar_reference),0.0173269794802019,False,0.18053778908785334,2028206
quora,28,selection,5,357,5,glob_probe,best_in_menu_on_eval,0.1995875667887615,False,,2028206
quora,29,recalibration,5,327,5,ad_probe,ad_c(full_target_scalar_reference),0.06849648132233765,False,0.941920874804791,2029206
quora,29,selection,5,327,5,glob_probe,best_in_menu_on_eval,0.0,True,,2029206
quora,30,recalibration,5,365,5,ad_probe,ad_c(full_target_scalar_reference),0.025475137174203466,False,0.29815440091513035,2030206
quora,30,selection,5,365,5,glob_probe,best_in_menu_on_eval,0.0,True,,2030206
quora,31,recalibration,5,389,5,ad_probe,ad_c(full_target_scalar_reference),0.05268039088869414,False,0.6796018691462143,2031206
quora,31,selection,5,389,5,glob_probe,best_in_menu_on_eval,0.025618854149836334,False,,2031206
quora,32,recalibration,5,414,5,ad_probe,ad_c(full_target_scalar_reference),0.0016392031624647974,True,0.021654143936563397,2032206
quora,32,selection,5,414,5,glob_probe,best_in_menu_on_eval,0.07660001186105814,False,,2032206
quora,33,recalibration,5,349,5,ad_probe,ad_c(full_target_scalar_reference),0.013613778850335545,False,0.13715046279555265,2033206
quora,33,selection,5,349,5,ad_probe,best_in_menu_on_eval,0.0,True,,2033206
quora,34,recalibration,5,377,5,ad_probe,ad_c(full_target_scalar_reference),0.012968279925653303,False,0.1513241974930878,2034206
quora,34,selection,5,377,5,glob_probe,best_in_menu_on_eval,0.018726006762630587,False,,2034206
quora,35,recalibration,5,395,5,ad_probe,ad_c(full_target_scalar_reference),0.011832901767164672,False,0.12104742198853768,2035206
quora,35,selection,5,395,5,ad_probe,best_in_menu_on_eval,0.0,True,,2035206
quora,36,recalibration,5,341,5,ad_probe,ad_c(full_target_scalar_reference),0.020568034880314223,False,0.22276928721654554,2036206
quora,36,selection,5,341,5,glob_probe,best_in_menu_on_eval,0.0404159473388952,False,,2036206
quora,37,recalibration,5,314,5,ad_probe,ad_c(full_target_scalar_reference),0.008536776633483956,False,0.08706040594806219,2037206
quora,37,selection,5,314,5,glob_probe,best_in_menu_on_eval,0.028286068353124083,False,,2037206
quora,38,recalibration,5,358,5,ad_probe,ad_c(full_target_scalar_reference),0.04573075747138167,False,0.578563741263764,2038206
quora,38,selection,5,358,5,glob_probe,best_in_menu_on_eval,0.0,True,,2038206
quora,39,recalibration,5,350,5,ad_probe,ad_c(full_target_scalar_reference),0.03158991575698622,False,0.37942838584275107,2039206
quora,39,selection,5,350,5,glob_probe,best_in_menu_on_eval,0.0,True,,2039206
quora,40,recalibration,5,367,5,ad_probe,ad_c(full_target_scalar_reference),0.012858163793949329,False,0.12945785109576602,2040206
quora,40,selection,5,367,5,glob_probe,best_in_menu_on_eval,0.01830523527628447,False,,2040206
quora,41,recalibration,5,335,5,ad_probe,ad_c(full_target_scalar_reference),0.01754055391088516,False,0.18403443105449357,2041206
quora,41,selection,5,335,5,ad_probe,best_in_menu_on_eval,0.0,True,,2041206
quora,42,recalibration,5,378,5,ad_probe,ad_c(full_target_scalar_reference),0.005395334199290613,False,0.06596838109334324,2042206
quora,42,selection,5,378,5,glob_probe,best_in_menu_on_eval,0.0,True,,2042206
quora,43,recalibration,5,348,5,ad_probe,ad_c(full_target_scalar_reference),0.02096497639729855,False,0.22463025759814037,2043206
quora,43,selection,5,348,5,ad_probe,best_in_menu_on_eval,0.0,True,,2043206
quora,44,recalibration,5,333,5,ad_probe,ad_c(full_target_scalar_reference),0.03662256068075087,False,0.3991078866389735,2044206
quora,44,selection,5,333,5,ad_probe,best_in_menu_on_eval,0.0,True,,2044206
quora,45,recalibration,5,327,5,ad_probe,ad_c(full_target_scalar_reference),0.00279967590828889,True,0.029669968686604542,2045206
quora,45,selection,5,327,5,glob_probe,best_in_menu_on_eval,0.008213397382286769,True,,2045206
quora,46,recalibration,5,359,5,ad_probe,ad_c(full_target_scalar_reference),0.0196121083618207,False,0.20583856495015762,2046206
quora,46,selection,5,359,5,glob_probe,best_in_menu_on_eval,0.028221384328918964,False,,2046206
quora,47,recalibration,5,354,5,ad_probe,ad_c(full_target_scalar_reference),0.032490177506448226,False,0.39052431688118194,2047206
quora,47,selection,5,354,5,glob_probe,best_in_menu_on_eval,0.07455660860570534,False,,2047206
quora,48,recalibration,5,384,5,ad_probe,ad_c(full_target_scalar_reference),0.04050122534050493,False,0.5068326178212869,2048206
quora,48,selection,5,384,5,trunc,best_in_menu_on_eval,0.19852887229021154,False,,2048206
quora,49,recalibration,5,322,5,ad_probe,ad_c(full_target_scalar_reference),0.025903995436801552,False,0.28525909291330753,2049206
quora,49,selection,5,322,5,glob_probe,best_in_menu_on_eval,0.03134106191663566,False,,2049206
quora,0,recalibration,10,703,10,ad_probe,ad_c(full_target_scalar_reference),0.011651751567383184,False,0.13306857957655993,163
quora,0,selection,10,703,10,glob_probe,best_in_menu_on_eval,0.020027378096231008,False,,163
quora,1,recalibration,10,717,10,ad_probe,ad_c(full_target_scalar_reference),0.02181149822502837,False,0.23352692546813714,1163
quora,1,selection,10,717,10,glob_probe,best_in_menu_on_eval,0.12911367928680384,False,,1163
quora,2,recalibration,10,653,10,ad_probe,ad_c(full_target_scalar_reference),0.014093806245631835,False,0.14321576404590997,2163
quora,2,selection,10,653,10,ad_probe,best_in_menu_on_eval,0.0,True,,2163
quora,3,recalibration,10,721,10,ad_probe,ad_c(full_target_scalar_reference),0.01571819415433362,False,0.16457437852845846,3163
quora,3,selection,10,721,10,glob_probe,best_in_menu_on_eval,0.37985840317166036,False,,3163
quora,4,recalibration,10,776,10,ad_probe,ad_c(full_target_scalar_reference),0.009134458677587887,False,0.09488384281212647,4163
quora,4,selection,10,776,10,glob_probe,best_in_menu_on_eval,0.1424443866908811,False,,4163
quora,5,recalibration,10,729,10,ad_probe,ad_c(full_target_scalar_reference),0.019545398430708127,False,0.20560425293349527,5163
quora,5,selection,10,729,10,ad_probe,best_in_menu_on_eval,0.0,True,,5163
quora,6,recalibration,10,690,10,ad_probe,ad_c(full_target_scalar_reference),0.01827152702242396,False,0.19072405504877088,6163
quora,6,selection,10,690,10,glob_probe,best_in_menu_on_eval,0.023671274716712487,False,,6163
quora,7,recalibration,10,711,10,ad_probe,ad_c(full_target_scalar_reference),0.025275600221998595,False,0.29463653360176323,7163
quora,7,selection,10,711,10,ad_probe,best_in_menu_on_eval,0.0016462468553968268,True,,7163
quora,8,recalibration,10,698,10,ad_probe,ad_c(full_target_scalar_reference),0.01563562517835948,False,0.1828753211689439,8163
quora,8,selection,10,698,10,glob_probe,best_in_menu_on_eval,0.0,True,,8163
quora,9,recalibration,10,756,10,ad_probe,ad_c(full_target_scalar_reference),0.011219724864898417,False,0.11157433738926092,9163
quora,9,selection,10,756,10,glob_probe,best_in_menu_on_eval,0.04291843454809263,False,,9163
quora,10,recalibration,10,723,10,ad_probe,ad_c(full_target_scalar_reference),0.03116226779899356,False,0.3424497243379051,10163
quora,10,selection,10,723,10,glob_probe,best_in_menu_on_eval,0.09380431128546873,False,,10163
quora,11,recalibration,10,698,10,ad_probe,ad_c(full_target_scalar_reference),0.019557250109226487,False,0.2055150117623915,11163
quora,11,selection,10,698,10,ad_probe,best_in_menu_on_eval,0.0,True,,11163
quora,12,recalibration,10,852,10,ad_probe,ad_c(full_target_scalar_reference),0.05910250801225647,False,0.7880046840107474,12163
quora,12,selection,10,852,10,glob_probe,best_in_menu_on_eval,0.0,True,,12163
quora,13,recalibration,10,642,10,ad_probe,ad_c(full_target_scalar_reference),0.016204315196010177,False,0.1691823393780677,13163
quora,13,selection,10,642,10,glob_probe,best_in_menu_on_eval,0.04789944987562944,False,,13163
quora,14,recalibration,10,734,10,ad_probe,ad_c(full_target_scalar_reference),0.008498625918705094,False,0.08670215389888825,14163
quora,14,selection,10,734,10,glob_probe,best_in_menu_on_eval,0.05553851108357022,False,,14163
quora,15,recalibration,10,714,10,ad_probe,ad_c(full_target_scalar_reference),0.0010729468082408822,True,0.011657665406587747,15163
quora,15,selection,10,714,10,glob_probe,best_in_menu_on_eval,0.06375979700618928,False,,15163
quora,16,recalibration,10,766,10,ad_probe,ad_c(full_target_scalar_reference),0.03491177781194221,False,0.4191396264766202,16163
quora,16,selection,10,766,10,glob_probe,best_in_menu_on_eval,0.0,True,,16163
quora,17,recalibration,10,788,10,ad_probe,ad_c(full_target_scalar_reference),0.019849334907727667,False,0.23023628053566492,17163
quora,17,selection,10,788,10,glob_probe,best_in_menu_on_eval,0.0038872685661243134,True,,17163
quora,18,recalibration,10,747,10,ad_probe,ad_c(full_target_scalar_reference),0.03027180306183408,False,0.3357133888758974,18163
quora,18,selection,10,747,10,glob_probe,best_in_menu_on_eval,0.09298391661837901,False,,18163
quora,19,recalibration,10,707,10,ad_probe,ad_c(full_target_scalar_reference),0.005952303074242771,False,0.07212355371712953,19163
quora,19,selection,10,707,10,glob_probe,best_in_menu_on_eval,0.002734688579859479,True,,19163
quora,20,recalibration,10,722,10,ad_probe,ad_c(full_target_scalar_reference),0.006703030941311416,False,0.06753947085028222,20163
quora,20,selection,10,722,10,glob_probe,best_in_menu_on_eval,0.11379417845872009,False,,20163
quora,21,recalibration,10,811,10,ad_probe,ad_c(full_target_scalar_reference),0.010199477479369112,False,0.1193721428796316,21163
quora,21,selection,10,811,10,glob_probe,best_in_menu_on_eval,0.013497085954442767,False,,21163
quora,22,recalibration,10,786,10,ad_probe,ad_c(full_target_scalar_reference),0.006721946425585323,False,0.07989982449744726,22163
quora,22,selection,10,786,10,ad_probe,best_in_menu_on_eval,0.0,True,,22163
quora,23,recalibration,10,755,10,ad_probe,ad_c(full_target_scalar_reference),0.021915943698464724,False,0.2592248138779233,23163
quora,23,selection,10,755,10,glob_probe,best_in_menu_on_eval,0.11143909435993848,False,,23163
quora,24,recalibration,10,744,10,ad_probe,ad_c(full_target_scalar_reference),0.014887837278681704,False,0.17171164389374638,24163
quora,24,selection,10,744,10,glob_probe,best_in_menu_on_eval,0.0,True,,24163
quora,25,recalibration,10,791,10,ad_probe,ad_c(full_target_scalar_reference),0.018534435084055834,False,0.2178442127417869,25163
quora,25,selection,10,791,10,ad_probe,best_in_menu_on_eval,0.013168054089800818,False,,25163
quora,26,recalibration,10,799,10,ad_probe,ad_c(full_target_scalar_reference),0.023548136441768563,False,0.2782940839328528,26163
quora,26,selection,10,799,10,ad_probe,best_in_menu_on_eval,0.018175082107506846,False,,26163
quora,27,recalibration,10,833,10,ad_probe,ad_c(full_target_scalar_reference),0.056980060827247825,False,0.7549743049578493,27163
quora,27,selection,10,833,10,glob_probe,best_in_menu_on_eval,0.0,True,,27163
quora,28,recalibration,10,713,10,ad_probe,ad_c(full_target_scalar_reference),0.026058063437962242,False,0.3072922528323744,28163
quora,28,selection,10,713,10,glob_probe,best_in_menu_on_eval,0.0,True,,28163
quora,29,recalibration,10,806,10,ad_probe,ad_c(full_target_scalar_reference),0.0014243841041226002,True,0.01513569164798112,29163
quora,29,selection,10,806,10,glob_probe,best_in_menu_on_eval,0.025150977567964694,False,,29163
quora,30,recalibration,10,747,10,ad_probe,ad_c(full_target_scalar_reference),0.011814075988966888,False,0.1352472163968227,30163
quora,30,selection,10,747,10,ad_probe,best_in_menu_on_eval,0.006482173918079481,True,,30163
quora,31,recalibration,10,728,10,ad_probe,ad_c(full_target_scalar_reference),0.0005282221948885724,True,0.0058100121706563534,31163
quora,31,selection,10,728,10,glob_probe,best_in_menu_on_eval,0.0049549422494831186,True,,31163
quora,32,recalibration,10,749,10,ad_probe,ad_c(full_target_scalar_reference),0.02169279456057316,False,0.23682374078742863,32163
quora,32,selection,10,749,10,ad_probe,best_in_menu_on_eval,0.0,True,,32163
quora,33,recalibration,10,713,10,ad_probe,ad_c(full_target_scalar_reference),0.017318968292087344,False,0.18105140412776788,33163
quora,33,selection,10,713,10,glob_probe,best_in_menu_on_eval,0.08002798351220075,False,,33163
quora,34,recalibration,10,756,10,ad_probe,ad_c(full_target_scalar_reference),0.007003151853227307,False,0.07119786266601846,34163
quora,34,selection,10,756,10,glob_probe,best_in_menu_on_eval,0.012476306287589223,False,,34163
quora,35,recalibration,10,753,10,ad_probe,ad_c(full_target_scalar_reference),0.0267808388829599,False,0.3150980017901418,35163
quora,35,selection,10,753,10,glob_probe,best_in_menu_on_eval,0.0,True,,35163
quora,36,recalibration,10,747,10,ad_probe,ad_c(full_target_scalar_reference),0.004023412285702688,True,0.051515905904493176,36163
quora,36,selection,10,747,10,glob_probe,best_in_menu_on_eval,0.0156475805428109,False,,36163
quora,37,recalibration,10,745,10,ad_probe,ad_c(full_target_scalar_reference),0.013474227869429534,False,0.1574466793615551,37163
quora,37,selection,10,745,10,ad_probe,best_in_menu_on_eval,0.008141213575207806,True,,37163
quora,38,recalibration,10,784,10,ad_probe,ad_c(full_target_scalar_reference),0.04195027805571838,False,0.5291566972731937,38163
quora,38,selection,10,784,10,glob_probe,best_in_menu_on_eval,0.0,True,,38163
quora,39,recalibration,10,727,10,ad_probe,ad_c(full_target_scalar_reference),0.03136393628384304,False,0.3770902509023165,39163
quora,39,selection,10,727,10,glob_probe,best_in_menu_on_eval,0.015697182235588802,False,,39163
quora,40,recalibration,10,697,10,ad_probe,ad_c(full_target_scalar_reference),0.00927291544169584,False,0.11019687173817949,40163
quora,40,selection,10,697,10,glob_probe,best_in_menu_on_eval,0.022444662315922015,False,,40163
quora,41,recalibration,10,715,10,ad_probe,ad_c(full_target_scalar_reference),0.005611009399615563,False,0.06834527320024952,41163
quora,41,selection,10,715,10,glob_probe,best_in_menu_on_eval,0.00303125498753698,True,,41163
quora,42,recalibration,10,711,10,ad_probe,ad_c(full_target_scalar_reference),0.008498625918705094,False,0.08675969566973418,42163
quora,42,selection,10,711,10,ad_probe,best_in_menu_on_eval,0.0,True,,42163
quora,43,recalibration,10,751,10,ad_probe,ad_c(full_target_scalar_reference),0.023975368184789736,False,0.28421397869551523,43163
quora,43,selection,10,751,10,glob_probe,best_in_menu_on_eval,0.0,True,,43163
quora,44,recalibration,10,683,10,ad_probe,ad_c(full_target_scalar_reference),0.017810447672455543,False,0.18661591693920598,44163
quora,44,selection,10,683,10,glob_probe,best_in_menu_on_eval,0.12485774181267739,False,,44163
quora,45,recalibration,10,710,10,ad_probe,ad_c(full_target_scalar_reference),0.016274623599651816,False,0.16919920882100914,45163
quora,45,selection,10,710,10,glob_probe,best_in_menu_on_eval,0.021669366288935232,False,,45163
quora,46,recalibration,10,783,10,ad_probe,ad_c(full_target_scalar_reference),0.018589251805539164,False,0.21832227009733718,46163
quora,46,selection,10,783,10,glob_probe,best_in_menu_on_eval,0.0011751677830678098,True,,46163
quora,47,recalibration,10,765,10,ad_probe,ad_c(full_target_scalar_reference),0.006534066237705138,False,0.07763530751229286,47163
quora,47,selection,10,765,10,ad_probe,best_in_menu_on_eval,0.0,True,,47163
quora,48,recalibration,10,707,10,ad_probe,ad_c(full_target_scalar_reference),0.02911165396144033,False,0.3441062646218519,48163
quora,48,selection,10,707,10,glob_probe,best_in_menu_on_eval,0.017988261748491552,False,,48163
quora,49,recalibration,10,726,10,ad_probe,ad_c(full_target_scalar_reference),0.000799708757225015,True,0.009780622868204358,49163
quora,49,selection,10,726,10,glob_probe,best_in_menu_on_eval,0.02448737440436133,False,,49163
quora,0,recalibration,20,1475,20,ad_probe,ad_c(full_target_scalar_reference),0.001432252797041067,True,0.015687183214136202,2200732
quora,0,selection,20,1475,20,glob_probe,best_in_menu_on_eval,0.03328519187092205,False,,2200732
quora,1,recalibration,20,1444,20,ad_probe,ad_c(full_target_scalar_reference),0.018637007244716397,False,0.19297559071207926,2201732
quora,1,selection,20,1444,20,ad_probe,best_in_menu_on_eval,0.0,True,,2201732
quora,2,recalibration,20,1525,20,ad_probe,ad_c(full_target_scalar_reference),0.0024095034166262685,True,0.033380425173251016,2202732
quora,2,selection,20,1525,20,glob_probe,best_in_menu_on_eval,0.002985634806414006,True,,2202732
quora,3,recalibration,20,1451,20,ad_probe,ad_c(full_target_scalar_reference),0.0010761697109392676,True,0.014404020967512698,2203732
quora,3,selection,20,1451,20,ad_probe,best_in_menu_on_eval,0.0,True,,2203732
quora,4,recalibration,20,1400,20,ad_probe,ad_c(full_target_scalar_reference),0.022933055944624692,False,0.2532537433480063,2204732
quora,4,selection,20,1400,20,ad_probe,best_in_menu_on_eval,0.0,True,,2204732
quora,5,recalibration,20,1488,20,ad_probe,ad_c(full_target_scalar_reference),0.002984475902370609,True,0.032261713426233185,2205732
quora,5,selection,20,1488,20,glob_probe,best_in_menu_on_eval,0.011645354847962253,False,,2205732
quora,6,recalibration,20,1460,20,ad_probe,ad_c(full_target_scalar_reference),0.0007596931406314011,True,0.009631149901806912,2206732
quora,6,selection,20,1460,20,glob_probe,best_in_menu_on_eval,0.024488589231763114,False,,2206732
quora,7,recalibration,20,1333,20,ad_probe,ad_c(full_target_scalar_reference),0.006815196398404999,False,0.06855915009582969,2207732
quora,7,selection,20,1333,20,glob_probe,best_in_menu_on_eval,0.06963356791776565,False,,2207732
quora,8,recalibration,20,1367,20,ad_probe,ad_c(full_target_scalar_reference),0.020405435300169583,False,0.21671134925544566,2208732
quora,8,selection,20,1367,20,glob_probe,best_in_menu_on_eval,0.029005051749629085,False,,2208732
quora,9,recalibration,20,1441,20,ad_probe,ad_c(full_target_scalar_reference),0.003019544890601522,True,0.04139064896012834,2209732
quora,9,selection,20,1441,20,glob_probe,best_in_menu_on_eval,0.028761583896038334,False,,2209732
quora,10,recalibration,20,1501,20,ad_probe,ad_c(full_target_scalar_reference),0.004630371227593799,True,0.056205250299189324,2210732
quora,10,selection,20,1501,20,ad_probe,best_in_menu_on_eval,0.0,True,,2210732
quora,11,recalibration,20,1497,20,ad_probe,ad_c(full_target_scalar_reference),0.008753626654587565,False,0.08936642766133618,2211732
quora,11,selection,20,1497,20,glob_probe,best_in_menu_on_eval,0.040590740427072114,False,,2211732
quora,12,recalibration,20,1590,20,ad_probe,ad_c(full_target_scalar_reference),0.009086274545779593,False,0.0944137942789981,2212732
quora,12,selection,20,1590,20,ad_probe,best_in_menu_on_eval,0.0,True,,2212732
quora,13,recalibration,20,1379,20,ad_probe,ad_c(full_target_scalar_reference),0.012580873827368722,False,0.12668624856488486,2213732
quora,13,selection,20,1379,20,ad_probe,best_in_menu_on_eval,0.0,True,,2213732
quora,14,recalibration,20,1392,20,ad_probe,ad_c(full_target_scalar_reference),0.017508626283321616,False,0.18466260267571732,2214732
quora,14,selection,20,1392,20,glob_probe,best_in_menu_on_eval,0.022934937964389168,False,,2214732
quora,15,recalibration,20,1558,20,ad_probe,ad_c(full_target_scalar_reference),0.00824111112453696,False,0.08325278583971218,2215732
quora,15,selection,20,1558,20,glob_probe,best_in_menu_on_eval,0.02799208642597628,False,,2215732
quora,16,recalibration,20,1448,20,ad_probe,ad_c(full_target_scalar_reference),0.0033717009877259896,True,0.044909899943511467,2216732
quora,16,selection,20,1448,20,ad_probe,best_in_menu_on_eval,0.0,True,,2216732
quora,17,recalibration,20,1397,20,ad_probe,ad_c(full_target_scalar_reference),0.004922555106951942,True,0.060337897269580276,2217732
quora,17,selection,20,1397,20,glob_probe,best_in_menu_on_eval,0.01878267171201342,False,,2217732
quora,18,recalibration,20,1511,20,ad_probe,ad_c(full_target_scalar_reference),0.011573425747489985,False,0.13247113090225693,2218732
quora,18,selection,20,1511,20,glob_probe,best_in_menu_on_eval,0.0,True,,2218732
quora,19,recalibration,20,1520,20,ad_probe,ad_c(full_target_scalar_reference),0.0018332134485028462,True,0.019550708483070944,2219732
quora,19,selection,20,1520,20,ad_probe,best_in_menu_on_eval,0.0,True,,2219732
quora,20,recalibration,20,1378,20,ad_probe,ad_c(full_target_scalar_reference),0.022032815304269038,False,0.24132182754779896,2220732
quora,20,selection,20,1378,20,ad_probe,best_in_menu_on_eval,0.0,True,,2220732
quora,21,recalibration,20,1522,20,ad_probe,ad_c(full_target_scalar_reference),0.0062778083723845635,False,0.0630739772285609,2221732
quora,21,selection,20,1522,20,glob_probe,best_in_menu_on_eval,0.011742450682964867,False,,2221732
quora,22,recalibration,20,1489,20,ad_probe,ad_c(full_target_scalar_reference),0.0010836377494694016,True,0.016430578740158408,2222732
quora,22,selection,20,1489,20,glob_probe,best_in_menu_on_eval,0.030759917477352405,False,,2222732
quora,23,recalibration,20,1602,20,ad_probe,ad_c(full_target_scalar_reference),0.009036000241021913,False,0.10529766680309238,2223732
quora,23,selection,20,1602,20,ad_probe,best_in_menu_on_eval,0.0,True,,2223732
quora,24,recalibration,20,1400,20,ad_probe,ad_c(full_target_scalar_reference),0.002815335312388201,True,0.030612998463328767,2224732
quora,24,selection,20,1400,20,glob_probe,best_in_menu_on_eval,0.03462692183990679,False,,2224732
quora,25,recalibration,20,1541,20,ad_probe,ad_c(full_target_scalar_reference),0.015413553776559508,False,0.17937821053924508,2225732
quora,25,selection,20,1541,20,glob_probe,best_in_menu_on_eval,0.0,True,,2225732
quora,26,recalibration,20,1426,20,ad_probe,ad_c(full_target_scalar_reference),0.0018468843689872783,True,0.02205526403478142,2226732
quora,26,selection,20,1426,20,ad_probe,best_in_menu_on_eval,0.0,True,,2226732
quora,27,recalibration,20,1462,20,ad_probe,ad_c(full_target_scalar_reference),0.020076808687364056,False,0.23327054143439707,2227732
quora,27,selection,20,1462,20,glob_probe,best_in_menu_on_eval,0.011648176065175875,False,,2227732
quora,28,recalibration,20,1385,20,ad_probe,ad_c(full_target_scalar_reference),0.0006874510481723606,True,0.009265915343722342,2228732
quora,28,selection,20,1385,20,glob_probe,best_in_menu_on_eval,0.1065855958599794,False,,2228732
quora,29,recalibration,20,1447,20,ad_probe,ad_c(full_target_scalar_reference),0.0020172539682147272,True,0.023484672372454996,2229732
quora,29,selection,20,1447,20,glob_probe,best_in_menu_on_eval,0.007462796029233942,True,,2229732
quora,30,recalibration,20,1542,20,ad_probe,ad_c(full_target_scalar_reference),0.009332148092280113,False,0.11065326003503428,2230732
quora,30,selection,20,1542,20,glob_probe,best_in_menu_on_eval,0.0,True,,2230732
quora,31,recalibration,20,1423,20,ad_probe,ad_c(full_target_scalar_reference),0.009049613922946786,False,0.0931781468335876,2231732
quora,31,selection,20,1423,20,glob_probe,best_in_menu_on_eval,0.017754852872818194,False,,2231732
quora,32,recalibration,20,1570,20,ad_probe,ad_c(full_target_scalar_reference),0.015334427269577344,False,0.17808354812531346,2232732
quora,32,selection,20,1570,20,glob_probe,best_in_menu_on_eval,0.008371435742409172,True,,2232732
quora,33,recalibration,20,1507,20,ad_probe,ad_c(full_target_scalar_reference),0.02190805058157086,False,0.25806118846804915,2233732
quora,33,selection,20,1507,20,glob_probe,best_in_menu_on_eval,0.0,True,,2233732
quora,34,recalibration,20,1381,20,ad_probe,ad_c(full_target_scalar_reference),0.016942530796204003,False,0.19698622186313186,2234732
quora,34,selection,20,1381,20,glob_probe,best_in_menu_on_eval,0.030128383496007882,False,,2234732
quora,35,recalibration,20,1460,20,ad_probe,ad_c(full_target_scalar_reference),0.012977236538360581,False,0.13055807997596347,2235732
quora,35,selection,20,1460,20,glob_probe,best_in_menu_on_eval,0.01835406062115863,False,,2235732
quora,36,recalibration,20,1458,20,ad_probe,ad_c(full_target_scalar_reference),0.010312840190206507,False,0.12084621648771743,2236732
quora,36,selection,20,1458,20,glob_probe,best_in_menu_on_eval,0.009356152965122488,True,,2236732
quora,37,recalibration,20,1448,20,ad_probe,ad_c(full_target_scalar_reference),0.020449444512694037,False,0.2190941882647851,2237732
quora,37,selection,20,1448,20,glob_probe,best_in_menu_on_eval,0.052196616496840154,False,,2237732
quora,38,recalibration,20,1395,20,ad_probe,ad_c(full_target_scalar_reference),0.0027364242102158043,True,0.038225063127140246,2238732
quora,38,selection,20,1395,20,ad_probe,best_in_menu_on_eval,0.0,True,,2238732
quora,39,recalibration,20,1377,20,ad_probe,ad_c(full_target_scalar_reference),0.0054100244084084315,False,0.05416729514772267,2239732
quora,39,selection,20,1377,20,glob_probe,best_in_menu_on_eval,0.0681649356739279,False,,2239732
quora,40,recalibration,20,1442,20,ad_probe,ad_c(full_target_scalar_reference),0.0008580586636698362,True,0.011465974945913948,2240732
quora,40,selection,20,1442,20,glob_probe,best_in_menu_on_eval,0.06187713061819988,False,,2240732
quora,41,recalibration,20,1426,20,ad_probe,ad_c(full_target_scalar_reference),0.006492262728670872,False,0.07811958197467084,2241732
quora,41,selection,20,1426,20,glob_probe,best_in_menu_on_eval,0.025210258550556586,False,,2241732
quora,42,recalibration,20,1506,20,ad_probe,ad_c(full_target_scalar_reference),0.006920465823497479,False,0.0698876710847749,2242732
quora,42,selection,20,1506,20,glob_probe,best_in_menu_on_eval,0.06963648979061077,False,,2242732
quora,43,recalibration,20,1533,20,ad_probe,ad_c(full_target_scalar_reference),0.004802363655279751,True,0.0485460120297212,2243732
quora,43,selection,20,1533,20,glob_probe,best_in_menu_on_eval,0.06760570511452013,False,,2243732
quora,44,recalibration,20,1496,20,ad_probe,ad_c(full_target_scalar_reference),0.003704138671131396,True,0.03766412599250446,2244732
quora,44,selection,20,1496,20,ad_probe,best_in_menu_on_eval,0.0,True,,2244732
quora,45,recalibration,20,1550,20,ad_probe,ad_c(full_target_scalar_reference),0.015750547096039402,False,0.18236423315709305,2245732
quora,45,selection,20,1550,20,glob_probe,best_in_menu_on_eval,0.09153175918662415,False,,2245732
quora,46,recalibration,20,1393,20,ad_probe,ad_c(full_target_scalar_reference),0.0007074911283327934,True,0.009123614231054789,2246732
quora,46,selection,20,1393,20,ad_probe,best_in_menu_on_eval,0.0,True,,2246732
quora,47,recalibration,20,1431,20,ad_probe,ad_c(full_target_scalar_reference),0.011323257605327264,False,0.1287489948905185,2247732
quora,47,selection,20,1431,20,glob_probe,best_in_menu_on_eval,0.020390514245218316,False,,2247732
quora,48,recalibration,20,1415,20,ad_probe,ad_c(full_target_scalar_reference),0.011211822809929717,False,0.11346872105328543,2248732
quora,48,selection,20,1415,20,glob_probe,best_in_menu_on_eval,0.016684034371566403,False,,2248732
quora,49,recalibration,20,1465,20,ad_probe,ad_c(full_target_scalar_reference),0.00797243376309742,False,0.09380110938452957,2249732
quora,49,selection,20,1465,20,ad_probe,best_in_menu_on_eval,0.0,True,,2249732
quora,0,recalibration,50,3455,50,ad_probe,ad_c(full_target_scalar_reference),0.00579230731028435,False,0.05709448130014294,2300363
quora,0,selection,50,3455,50,glob_probe,best_in_menu_on_eval,0.011341906862141427,False,,2300363
quora,1,recalibration,50,3723,50,ad_probe,ad_c(full_target_scalar_reference),0.016064160871267608,False,0.18995863215797326,2301363
quora,1,selection,50,3723,50,glob_probe,best_in_menu_on_eval,0.0,True,,2301363
quora,2,recalibration,50,3547,50,ad_probe,ad_c(full_target_scalar_reference),0.007585762348511271,False,0.09070893833128846,2302363
quora,2,selection,50,3547,50,ad_probe,best_in_menu_on_eval,0.0021684475972807427,True,,2302363
quora,3,recalibration,50,3550,50,ad_probe,ad_c(full_target_scalar_reference),0.0006670610238448393,True,0.007382538299606889,2303363
quora,3,selection,50,3550,50,ad_probe,best_in_menu_on_eval,0.0,True,,2303363
quora,4,recalibration,50,3630,50,ad_probe,ad_c(full_target_scalar_reference),0.004864161451124449,True,0.05933198764336678,2304363
quora,4,selection,50,3630,50,ad_probe,best_in_menu_on_eval,0.0,True,,2304363
quora,5,recalibration,50,3663,50,ad_probe,ad_c(full_target_scalar_reference),0.0011854931779554656,True,0.017562180152901674,2305363
quora,5,selection,50,3663,50,glob_probe,best_in_menu_on_eval,0.007744401796304534,True,,2305363
quora,6,recalibration,50,3729,50,ad_probe,ad_c(full_target_scalar_reference),0.01482683832277154,False,0.17149365206349043,2306363
quora,6,selection,50,3729,50,ad_probe,best_in_menu_on_eval,0.0062750677366859575,True,,2306363
quora,7,recalibration,50,3476,50,ad_probe,ad_c(full_target_scalar_reference),0.01519120565924903,False,0.15913869790979518,2307363
quora,7,selection,50,3476,50,ad_probe,best_in_menu_on_eval,0.0,True,,2307363
quora,8,recalibration,50,3708,50,ad_probe,ad_c(full_target_scalar_reference),0.010048857095619201,False,0.10254116608523034,2308363
quora,8,selection,50,3708,50,glob_probe,best_in_menu_on_eval,0.01541242827049305,False,,2308363
quora,9,recalibration,50,3674,50,ad_probe,ad_c(full_target_scalar_reference),0.00021397947144341511,True,0.0033222011967700693,2309363
quora,9,selection,50,3674,50,ad_probe,best_in_menu_on_eval,0.0,True,,2309363
quora,10,recalibration,50,3668,50,ad_probe,ad_c(full_target_scalar_reference),0.008565653975361465,False,0.08762706146458121,2310363
quora,10,selection,50,3668,50,glob_probe,best_in_menu_on_eval,0.04045658848589406,False,,2310363
quora,11,recalibration,50,3732,50,ad_probe,ad_c(full_target_scalar_reference),0.008074421031867285,False,0.08053425027484928,2311363
quora,11,selection,50,3732,50,glob_probe,best_in_menu_on_eval,0.03187704695259497,False,,2311363
quora,12,recalibration,50,3584,50,ad_probe,ad_c(full_target_scalar_reference),0.009541256400399933,False,0.10011131598327982,2312363
quora,12,selection,50,3584,50,ad_probe,best_in_menu_on_eval,0.0,True,,2312363
quora,13,recalibration,50,3866,50,ad_probe,ad_c(full_target_scalar_reference),0.0121675747562342,False,0.1391162543315495,2313363
quora,13,selection,50,3866,50,glob_probe,best_in_menu_on_eval,0.0,True,,2313363
quora,14,recalibration,50,3448,50,ad_probe,ad_c(full_target_scalar_reference),0.0004362424122992259,True,0.006488933660938945,2314363
quora,14,selection,50,3448,50,glob_probe,best_in_menu_on_eval,0.0059817450002602746,True,,2314363
quora,15,recalibration,50,3657,50,ad_probe,ad_c(full_target_scalar_reference),0.0019160177452728355,True,0.027628564378819775,2315363
quora,15,selection,50,3657,50,glob_probe,best_in_menu_on_eval,0.006904053660103826,True,,2315363
quora,16,recalibration,50,3671,50,ad_probe,ad_c(full_target_scalar_reference),0.0015328461731062282,True,0.016262390558286044,2316363
quora,16,selection,50,3671,50,ad_probe,best_in_menu_on_eval,0.0,True,,2316363
quora,17,recalibration,50,3757,50,ad_probe,ad_c(full_target_scalar_reference),0.009110592424775077,False,0.1083225917045918,2317363
quora,17,selection,50,3757,50,glob_probe,best_in_menu_on_eval,0.0,True,,2317363
quora,18,recalibration,50,3517,50,ad_probe,ad_c(full_target_scalar_reference),0.006139442029278297,False,0.06183024894668565,2318363
quora,18,selection,50,3517,50,glob_probe,best_in_menu_on_eval,0.02610411269867785,False,,2318363
quora,19,recalibration,50,3736,50,ad_probe,ad_c(full_target_scalar_reference),0.0038270002348322896,True,0.04779975599262232,2319363
quora,19,selection,50,3736,50,ad_probe,best_in_menu_on_eval,0.0,True,,2319363
quora,20,recalibration,50,3669,50,ad_probe,ad_c(full_target_scalar_reference),0.0005269956174479562,True,0.005334370194258642,2320363
quora,20,selection,50,3669,50,glob_probe,best_in_menu_on_eval,0.008172664488386494,True,,2320363
quora,21,recalibration,50,3516,50,ad_probe,ad_c(full_target_scalar_reference),0.008488340445786724,False,0.08491245039618855,2321363
quora,21,selection,50,3516,50,glob_probe,best_in_menu_on_eval,0.017182914430070362,False,,2321363
quora,22,recalibration,50,3646,50,ad_probe,ad_c(full_target_scalar_reference),0.004834443542009459,True,0.060747112284619376,2322363
quora,22,selection,50,3646,50,glob_probe,best_in_menu_on_eval,0.0006742008734150762,True,,2322363
quora,23,recalibration,50,3679,50,ad_probe,ad_c(full_target_scalar_reference),0.007298653031251212,False,0.0874599974051593,2323363
quora,23,selection,50,3679,50,ad_probe,best_in_menu_on_eval,0.0020590031940141973,True,,2323363
quora,24,recalibration,50,3527,50,ad_probe,ad_c(full_target_scalar_reference),0.009055086832560288,False,0.09323738455352559,2324363
quora,24,selection,50,3527,50,glob_probe,best_in_menu_on_eval,0.028975612249933058,False,,2324363
quora,25,recalibration,50,3717,50,ad_probe,ad_c(full_target_scalar_reference),0.0068276622688031585,False,0.08082334562469129,2325363
quora,25,selection,50,3717,50,glob_probe,best_in_menu_on_eval,0.0018352202650777638,True,,2325363
quora,26,recalibration,50,3809,50,ad_probe,ad_c(full_target_scalar_reference),0.007981039447453875,False,0.09402993779573598,2326363
quora,26,selection,50,3809,50,ad_probe,best_in_menu_on_eval,0.0027305255112652915,True,,2326363
quora,27,recalibration,50,3527,50,ad_probe,ad_c(full_target_scalar_reference),0.004237179031624683,True,0.044301103860250435,2327363
quora,27,selection,50,3527,50,ad_probe,best_in_menu_on_eval,0.0,True,,2327363
quora,28,recalibration,50,3625,50,ad_probe,ad_c(full_target_scalar_reference),0.0037636438511401415,True,0.038757170213939096,2328363
quora,28,selection,50,3625,50,ad_probe,best_in_menu_on_eval,0.0,True,,2328363
quora,29,recalibration,50,3554,50,ad_probe,ad_c(full_target_scalar_reference),0.007531145781741855,False,0.07656654396154072,2329363
quora,29,selection,50,3554,50,ad_probe,best_in_menu_on_eval,0.0,True,,2329363
quora,30,recalibration,50,3519,50,ad_probe,ad_c(full_target_scalar_reference),0.009154407347987004,False,0.1059952776217965,2330363
quora,30,selection,50,3519,50,ad_probe,best_in_menu_on_eval,0.0037270894787130304,True,,2330363
quora,31,recalibration,50,3802,50,ad_probe,ad_c(full_target_scalar_reference),0.008321068298615009,False,0.08356034537533286,2331363
quora,31,selection,50,3802,50,glob_probe,best_in_menu_on_eval,0.07132788477637342,False,,2331363
quora,32,recalibration,50,3808,50,ad_probe,ad_c(full_target_scalar_reference),0.014883405429590102,False,0.17240908385895193,2332363
quora,32,selection,50,3808,50,glob_probe,best_in_menu_on_eval,0.0,True,,2332363
quora,33,recalibration,50,3532,50,ad_probe,ad_c(full_target_scalar_reference),0.0035069491220837135,True,0.03615907467816948,2333363
quora,33,selection,50,3532,50,glob_probe,best_in_menu_on_eval,0.012217400409563539,False,,2333363
quora,34,recalibration,50,3612,50,ad_probe,ad_c(full_target_scalar_reference),0.005843515733351845,False,0.05703283923008351,2334363
quora,34,selection,50,3612,50,glob_probe,best_in_menu_on_eval,0.0113397894931897,False,,2334363
quora,35,recalibration,50,3543,50,ad_probe,ad_c(full_target_scalar_reference),0.002335728129807091,True,0.03280228167421284,2335363
quora,35,selection,50,3543,50,ad_probe,best_in_menu_on_eval,0.0,True,,2335363
quora,36,recalibration,50,3644,50,ad_probe,ad_c(full_target_scalar_reference),0.005523967051994316,False,0.054436519745404977,2336363
quora,36,selection,50,3644,50,glob_probe,best_in_menu_on_eval,0.01094877235845415,False,,2336363
quora,37,recalibration,50,3721,50,ad_probe,ad_c(full_target_scalar_reference),0.011096909303253133,False,0.12610505231037494,2337363
quora,37,selection,50,3721,50,ad_probe,best_in_menu_on_eval,0.002434752732409784,True,,2337363
quora,38,recalibration,50,3742,50,ad_probe,ad_c(full_target_scalar_reference),0.007074356947658567,False,0.08436107445959007,2338363
quora,38,selection,50,3742,50,glob_probe,best_in_menu_on_eval,0.012807064636640608,False,,2338363
quora,39,recalibration,50,3640,50,ad_probe,ad_c(full_target_scalar_reference),0.002370505189709826,True,0.033061584374133646,2339363
quora,39,selection,50,3640,50,glob_probe,best_in_menu_on_eval,0.021438359245680605,False,,2339363
quora,40,recalibration,50,3689,50,ad_probe,ad_c(full_target_scalar_reference),0.0052642570583973924,False,0.05259427677078876,2340363
quora,40,selection,50,3689,50,glob_probe,best_in_menu_on_eval,0.01084866657973782,False,,2340363
quora,41,recalibration,50,3649,50,ad_probe,ad_c(full_target_scalar_reference),0.0017849000935020731,True,0.019911846913867826,2341363
quora,41,selection,50,3649,50,glob_probe,best_in_menu_on_eval,0.021615992777221038,False,,2341363
quora,42,recalibration,50,3628,50,ad_probe,ad_c(full_target_scalar_reference),0.009133087443963128,False,0.0965045596822901,2342363
quora,42,selection,50,3628,50,ad_probe,best_in_menu_on_eval,0.0,True,,2342363
quora,43,recalibration,50,3717,50,ad_probe,ad_c(full_target_scalar_reference),0.001979843062314135,True,0.023793299135215884,2343363
quora,43,selection,50,3717,50,glob_probe,best_in_menu_on_eval,0.007518216207969997,True,,2343363
quora,44,recalibration,50,3721,50,ad_probe,ad_c(full_target_scalar_reference),0.00630661488991846,False,0.06269164174178699,2344363
quora,44,selection,50,3721,50,glob_probe,best_in_menu_on_eval,0.015188468012116707,False,,2344363
quora,45,recalibration,50,3707,50,ad_probe,ad_c(full_target_scalar_reference),0.000269703495834106,True,0.0018444505582265736,2345363
quora,45,selection,50,3707,50,glob_probe,best_in_menu_on_eval,0.019600652660314077,False,,2345363
quora,46,recalibration,50,3696,50,ad_probe,ad_c(full_target_scalar_reference),0.0026996386213057333,True,0.02889459071118694,2346363
quora,46,selection,50,3696,50,glob_probe,best_in_menu_on_eval,0.00820436735442287,True,,2346363
quora,47,recalibration,50,3623,50,ad_probe,ad_c(full_target_scalar_reference),0.006859031234845658,False,0.08037522096930494,2347363
quora,47,selection,50,3623,50,ad_probe,best_in_menu_on_eval,0.0014953178236484232,True,,2347363
quora,48,recalibration,50,3530,50,ad_probe,ad_c(full_target_scalar_reference),0.014017404750006235,False,0.14017276522439082,2348363
quora,48,selection,50,3530,50,glob_probe,best_in_menu_on_eval,0.03395504259152671,False,,2348363
quora,49,recalibration,50,3629,50,ad_probe,ad_c(full_target_scalar_reference),0.008363869905661181,False,0.0981189335109981,2349363
quora,49,selection,50,3629,50,glob_probe,best_in_menu_on_eval,0.02342316318984905,False,,2349363
quora,0,recalibration,100,7357,100,ad_probe,ad_c(full_target_scalar_reference),0.003816081686848216,True,0.03860159647714967,2400155
quora,0,selection,100,7357,100,glob_probe,best_in_menu_on_eval,0.009394707959662574,True,,2400155
quora,1,recalibration,100,7279,100,ad_probe,ad_c(full_target_scalar_reference),0.006114412756217935,False,0.059850919499569555,2401155
quora,1,selection,100,7279,100,glob_probe,best_in_menu_on_eval,0.038401524282218436,False,,2401155
quora,2,recalibration,100,7169,100,ad_probe,ad_c(full_target_scalar_reference),0.004279478866880959,True,0.0530726558039476,2402155
quora,2,selection,100,7169,100,glob_probe,best_in_menu_on_eval,0.001432133667707447,True,,2402155
quora,3,recalibration,100,7166,100,ad_probe,ad_c(full_target_scalar_reference),0.0017755492675279871,True,0.020582315850913857,2403155
quora,3,selection,100,7166,100,ad_probe,best_in_menu_on_eval,0.0,True,,2403155
quora,4,recalibration,100,7256,100,ad_probe,ad_c(full_target_scalar_reference),0.001123513691695499,True,0.015478835645240996,2404155
quora,4,selection,100,7256,100,glob_probe,best_in_menu_on_eval,0.007670484308507808,True,,2404155
quora,5,recalibration,100,7193,100,ad_probe,ad_c(full_target_scalar_reference),0.006581768304033231,False,0.06558743571405556,2405155
quora,5,selection,100,7193,100,glob_probe,best_in_menu_on_eval,0.012344033608971405,False,,2405155
quora,6,recalibration,100,7432,100,ad_probe,ad_c(full_target_scalar_reference),0.010602156599744061,False,0.12288087933512337,2406155
quora,6,selection,100,7432,100,glob_probe,best_in_menu_on_eval,0.0,True,,2406155
quora,7,recalibration,100,7519,100,ad_probe,ad_c(full_target_scalar_reference),0.004960611799208148,True,0.050758982558435806,2407155
quora,7,selection,100,7519,100,ad_probe,best_in_menu_on_eval,0.0,True,,2407155
quora,8,recalibration,100,7271,100,ad_probe,ad_c(full_target_scalar_reference),0.000577276259094428,True,0.006245738332057438,2408155
quora,8,selection,100,7271,100,glob_probe,best_in_menu_on_eval,0.005050652563022617,True,,2408155
quora,9,recalibration,100,7316,100,ad_probe,ad_c(full_target_scalar_reference),0.00541100342065437,False,0.06772522261613478,2409155
quora,9,selection,100,7316,100,glob_probe,best_in_menu_on_eval,1.0787972495318598e-06,True,,2409155
quora,10,recalibration,100,7181,100,ad_probe,ad_c(full_target_scalar_reference),0.004241102574914168,True,0.04506146269140354,2410155
quora,10,selection,100,7181,100,ad_probe,best_in_menu_on_eval,0.0,True,,2410155
quora,11,recalibration,100,7315,100,ad_probe,ad_c(full_target_scalar_reference),0.0017838549607324117,True,0.024780774613802015,2411155
quora,11,selection,100,7315,100,ad_probe,best_in_menu_on_eval,0.0,True,,2411155
quora,12,recalibration,100,7221,100,ad_probe,ad_c(full_target_scalar_reference),0.004576460036268437,True,0.04711867488492738,2412155
quora,12,selection,100,7221,100,ad_probe,best_in_menu_on_eval,0.0,True,,2412155
quora,13,recalibration,100,7270,100,ad_probe,ad_c(full_target_scalar_reference),0.00010023672768766367,True,0.002691000370087404,2413155
quora,13,selection,100,7270,100,glob_probe,best_in_menu_on_eval,0.005795826284132111,True,,2413155
quora,14,recalibration,100,7223,100,ad_probe,ad_c(full_target_scalar_reference),0.0033333925210621285,True,0.0446864236020138,2414155
quora,14,selection,100,7223,100,ad_probe,best_in_menu_on_eval,0.0,True,,2414155
quora,15,recalibration,100,7368,100,ad_probe,ad_c(full_target_scalar_reference),0.0002588657134112715,True,0.0027072588200105496,2415155
quora,15,selection,100,7368,100,ad_probe,best_in_menu_on_eval,0.0,True,,2415155
quora,16,recalibration,100,7406,100,ad_probe,ad_c(full_target_scalar_reference),0.01638870274706805,False,0.19077163322572688,2416155
quora,16,selection,100,7406,100,glob_probe,best_in_menu_on_eval,0.0,True,,2416155
quora,17,recalibration,100,7252,100,ad_probe,ad_c(full_target_scalar_reference),0.008494516906293659,False,0.0867742695805136,2417155
quora,17,selection,100,7252,100,ad_probe,best_in_menu_on_eval,0.0,True,,2417155
quora,18,recalibration,100,7415,100,ad_probe,ad_c(full_target_scalar_reference),0.0011792520050094568,True,0.017145351195394842,2418155
quora,18,selection,100,7415,100,glob_probe,best_in_menu_on_eval,0.007662949529309349,True,,2418155
quora,19,recalibration,100,7103,100,ad_probe,ad_c(full_target_scalar_reference),0.0020220550322658237,True,0.028657834050019093,2419155
quora,19,selection,100,7103,100,glob_probe,best_in_menu_on_eval,0.003664971258039662,True,,2419155
quora,20,recalibration,100,7237,100,ad_probe,ad_c(full_target_scalar_reference),0.004835008914835237,True,0.05887284034889362,2420155
quora,20,selection,100,7237,100,ad_probe,best_in_menu_on_eval,0.0,True,,2420155
quora,21,recalibration,100,7345,100,ad_probe,ad_c(full_target_scalar_reference),0.009050897533333657,False,0.10456765386007238,2421155
quora,21,selection,100,7345,100,ad_probe,best_in_menu_on_eval,0.0,True,,2421155
quora,22,recalibration,100,7431,100,ad_probe,ad_c(full_target_scalar_reference),0.0036665946724460108,True,0.046891390254953924,2422155
quora,22,selection,100,7431,100,glob_probe,best_in_menu_on_eval,0.0017929808979844086,True,,2422155
quora,23,recalibration,100,7391,100,ad_probe,ad_c(full_target_scalar_reference),0.008739778237365714,False,0.10230761581267023,2423155
quora,23,selection,100,7391,100,ad_probe,best_in_menu_on_eval,0.00028000922058124544,True,,2423155
quora,24,recalibration,100,7424,100,ad_probe,ad_c(full_target_scalar_reference),0.001626366239557031,True,0.016649357314559965,2424155
quora,24,selection,100,7424,100,glob_probe,best_in_menu_on_eval,0.010355293508023,False,,2424155
quora,25,recalibration,100,7270,100,ad_probe,ad_c(full_target_scalar_reference),0.002003310283167581,True,0.023998406773786063,2425155
quora,25,selection,100,7270,100,ad_probe,best_in_menu_on_eval,0.0,True,,2425155
quora,26,recalibration,100,7554,100,ad_probe,ad_c(full_target_scalar_reference),0.002469607199514945,True,0.035197308482269096,2426155
quora,26,selection,100,7554,100,ad_probe,best_in_menu_on_eval,0.0,True,,2426155
quora,27,recalibration,100,7167,100,ad_probe,ad_c(full_target_scalar_reference),0.004836039962515026,True,0.04822252759462342,2427155
quora,27,selection,100,7167,100,ad_probe,best_in_menu_on_eval,0.0,True,,2427155
quora,28,recalibration,100,7252,100,ad_probe,ad_c(full_target_scalar_reference),0.0034936531358682466,True,0.04564879564546265,2428155
quora,28,selection,100,7252,100,ad_probe,best_in_menu_on_eval,0.0,True,,2428155
quora,29,recalibration,100,7130,100,ad_probe,ad_c(full_target_scalar_reference),0.0004475563717989406,True,0.006863252122551233,2429155
quora,29,selection,100,7130,100,glob_probe,best_in_menu_on_eval,0.00596628350895656,True,,2429155
quora,30,recalibration,100,7573,100,ad_probe,ad_c(full_target_scalar_reference),0.0032714236257598284,True,0.043957297524221284,2430155
quora,30,selection,100,7573,100,ad_probe,best_in_menu_on_eval,0.0,True,,2430155
quora,31,recalibration,100,7201,100,ad_probe,ad_c(full_target_scalar_reference),0.007970259457793727,False,0.07995551938117129,2431155
quora,31,selection,100,7201,100,glob_probe,best_in_menu_on_eval,0.013554060690328606,False,,2431155
quora,32,recalibration,100,7286,100,ad_probe,ad_c(full_target_scalar_reference),0.001057193928406197,True,0.01622156203323155,2432155
quora,32,selection,100,7286,100,ad_probe,best_in_menu_on_eval,0.0,True,,2432155
quora,33,recalibration,100,7192,100,ad_probe,ad_c(full_target_scalar_reference),0.0004623171441353602,True,0.0048873172459561465,2433155
quora,33,selection,100,7192,100,ad_probe,best_in_menu_on_eval,0.0,True,,2433155
quora,34,recalibration,100,7469,100,ad_probe,ad_c(full_target_scalar_reference),0.012158167037678247,False,0.1391430296412045,2434155
quora,34,selection,100,7469,100,ad_probe,best_in_menu_on_eval,0.0,True,,2434155
quora,35,recalibration,100,7277,100,ad_probe,ad_c(full_target_scalar_reference),0.0007215800308493225,True,0.009440504964039476,2435155
quora,35,selection,100,7277,100,ad_probe,best_in_menu_on_eval,0.0,True,,2435155
quora,36,recalibration,100,7504,100,ad_probe,ad_c(full_target_scalar_reference),0.011308304524976553,False,0.1279236969087193,2436155
quora,36,selection,100,7504,100,ad_probe,best_in_menu_on_eval,0.005869298116024657,True,,2436155
quora,37,recalibration,100,7450,100,ad_probe,ad_c(full_target_scalar_reference),0.00021626267704699664,True,0.00419318593925444,2437155
quora,37,selection,100,7450,100,glob_probe,best_in_menu_on_eval,0.024151009483017183,False,,2437155
quora,38,recalibration,100,7427,100,ad_probe,ad_c(full_target_scalar_reference),0.0012086829127827547,True,0.013058262767443707,2438155
quora,38,selection,100,7427,100,ad_probe,best_in_menu_on_eval,0.0,True,,2438155
quora,39,recalibration,100,7251,100,ad_probe,ad_c(full_target_scalar_reference),0.005203892934812271,False,0.06465432589742193,2439155
quora,39,selection,100,7251,100,glob_probe,best_in_menu_on_eval,0.00034315235544080114,True,,2439155
quora,40,recalibration,100,7376,100,ad_probe,ad_c(full_target_scalar_reference),0.0013235398159638923,True,0.018937967546127865,2440155
quora,40,selection,100,7376,100,ad_probe,best_in_menu_on_eval,0.0,True,,2440155
quora,41,recalibration,100,7184,100,ad_probe,ad_c(full_target_scalar_reference),0.002780299848035961,True,0.02948318766371749,2441155
quora,41,selection,100,7184,100,ad_probe,best_in_menu_on_eval,0.0,True,,2441155
quora,42,recalibration,100,7291,100,ad_probe,ad_c(full_target_scalar_reference),0.01157997549779155,False,0.11733452361760244,2442155
quora,42,selection,100,7291,100,ad_probe,best_in_menu_on_eval,0.0,True,,2442155
quora,43,recalibration,100,7200,100,ad_probe,ad_c(full_target_scalar_reference),0.0020315292841642796,True,0.029294701062881567,2443155
quora,43,selection,100,7200,100,glob_probe,best_in_menu_on_eval,0.0036236542136922623,True,,2443155
quora,44,recalibration,100,7401,100,ad_probe,ad_c(full_target_scalar_reference),0.0006882617943223535,True,0.00988294575630333,2444155
quora,44,selection,100,7401,100,ad_probe,best_in_menu_on_eval,0.0,True,,2444155
quora,45,recalibration,100,7434,100,ad_probe,ad_c(full_target_scalar_reference),0.0012574577498820627,True,0.01848689477351184,2445155
quora,45,selection,100,7434,100,ad_probe,best_in_menu_on_eval,0.0,True,,2445155
quora,46,recalibration,100,7486,100,ad_probe,ad_c(full_target_scalar_reference),0.0060064222082582,False,0.07258043882278076,2446155
quora,46,selection,100,7486,100,ad_probe,best_in_menu_on_eval,0.0,True,,2446155
quora,47,recalibration,100,7330,100,ad_probe,ad_c(full_target_scalar_reference),0.012050014808313803,False,0.13875336643007452,2447155
quora,47,selection,100,7330,100,ad_probe,best_in_menu_on_eval,0.0036837594485482628,True,,2447155
quora,48,recalibration,100,7112,100,ad_probe,ad_c(full_target_scalar_reference),0.00023739560103208657,True,0.0018344921893557187,2448155
quora,48,selection,100,7112,100,glob_probe,best_in_menu_on_eval,0.005233579078493644,True,,2448155
quora,49,recalibration,100,7416,100,ad_probe,ad_c(full_target_scalar_reference),0.0022390591280578853,True,0.03111237022920521,2449155
quora,49,selection,100,7416,100,ad_probe,best_in_menu_on_eval,0.0,True,,2449155
nq,0,recalibration,5,426,5,ad_probe,ad_c(full_target_scalar_reference),0.00987860413447883,False,0.17254867576257976,2000386
nq,0,selection,5,426,5,glob_probe,best_in_menu_on_eval,0.042964144119408965,False,,2000386
nq,1,recalibration,5,418,5,ad_probe,ad_c(full_target_scalar_reference),0.0007350174887164052,True,0.05426641575647856,2001386
nq,1,selection,5,418,5,glob_probe,best_in_menu_on_eval,0.034445336552027805,False,,2001386
nq,2,recalibration,5,362,5,ad_probe,ad_c(full_target_scalar_reference),0.0005176978196995141,True,0.0341870076738815,2002386
nq,2,selection,5,362,5,glob_probe,best_in_menu_on_eval,0.03625003083598122,False,,2002386
nq,3,recalibration,5,379,5,ad_probe,ad_c(full_target_scalar_reference),0.0035987334072625776,True,0.06841583458863504,2003386
nq,3,selection,5,379,5,glob_probe,best_in_menu_on_eval,0.049315181149297255,False,,2003386
nq,4,recalibration,5,386,5,ad_probe,ad_c(full_target_scalar_reference),0.015631453299758236,False,0.3462966076594653,2004386
nq,4,selection,5,386,5,glob_probe,best_in_menu_on_eval,0.021378031472352288,False,,2004386
nq,5,recalibration,5,431,5,ad_probe,ad_c(full_target_scalar_reference),0.01673334297611162,False,0.40354999393042595,2005386
nq,5,selection,5,431,5,ad_probe,best_in_menu_on_eval,0.0,True,,2005386
nq,6,recalibration,5,404,5,ad_probe,ad_c(full_target_scalar_reference),0.008127661913562678,False,0.14709282467493395,2006386
nq,6,selection,5,404,5,glob_probe,best_in_menu_on_eval,0.05629353181658789,False,,2006386
nq,7,recalibration,5,396,5,ad_probe,ad_c(full_target_scalar_reference),0.0074956423520392,False,0.1427361089398082,2007386
nq,7,selection,5,396,5,glob_probe,best_in_menu_on_eval,0.044118187199127135,False,,2007386
nq,8,recalibration,5,386,5,ad_probe,ad_c(full_target_scalar_reference),0.010626067675676087,False,0.19277393119240022,2008386
nq,8,selection,5,386,5,trunc,best_in_menu_on_eval,0.05120689963347311,False,,2008386
nq,9,recalibration,5,314,5,ad_probe,ad_c(full_target_scalar_reference),0.0014196791829515498,True,0.08720606259020669,2009386
nq,9,selection,5,314,5,trunc,best_in_menu_on_eval,0.06332734562836573,False,,2009386
nq,10,recalibration,5,375,5,ad_probe,ad_c(full_target_scalar_reference),0.012807545096492012,False,0.24842716690559757,2010386
nq,10,selection,5,375,5,ad_probe,best_in_menu_on_eval,0.0,True,,2010386
nq,11,recalibration,5,378,5,ad_probe,ad_c(full_target_scalar_reference),0.0014834567489049322,True,0.07566224958546636,2011386
nq,11,selection,5,378,5,trunc,best_in_menu_on_eval,0.0633268851405249,False,,2011386
nq,12,recalibration,5,402,5,ad_probe,ad_c(full_target_scalar_reference),0.00123414444563269,True,0.06880985597616673,2012386
nq,12,selection,5,402,5,trunc,best_in_menu_on_eval,0.06307202605189724,False,,2012386
nq,13,recalibration,5,409,5,ad_probe,ad_c(full_target_scalar_reference),0.0005409524556608813,True,0.03715651869359948,2013386
nq,13,selection,5,409,5,glob_probe,best_in_menu_on_eval,0.06326403828579635,False,,2013386
nq,14,recalibration,5,340,5,ad_probe,ad_c(full_target_scalar_reference),0.0031971203859802455,True,0.11842965359279028,2014386
nq,14,selection,5,340,5,glob_probe,best_in_menu_on_eval,0.055791169783684424,False,,2014386
nq,15,recalibration,5,434,5,ad_probe,ad_c(full_target_scalar_reference),0.01210892868856317,False,0.22074944878712904,2015386
nq,15,selection,5,434,5,glob_probe,best_in_menu_on_eval,0.08398439124626969,False,,2015386
nq,16,recalibration,5,341,5,ad_probe,ad_c(full_target_scalar_reference),0.002431370969230018,True,0.11257155786756179,2016386
nq,16,selection,5,341,5,ad_probe,best_in_menu_on_eval,0.0,True,,2016386
nq,17,recalibration,5,388,5,ad_probe,ad_c(full_target_scalar_reference),0.0004177928895073846,True,0.04214857443952885,2017386
nq,17,selection,5,388,5,ad_probe,best_in_menu_on_eval,0.0,True,,2017386
nq,18,recalibration,5,392,5,ad_probe,ad_c(full_target_scalar_reference),0.005262685288794977,False,0.09812157893238432,2018386
nq,18,selection,5,392,5,glob_probe,best_in_menu_on_eval,0.028669553491649458,False,,2018386
nq,19,recalibration,5,402,5,ad_probe,ad_c(full_target_scalar_reference),0.003097862714921018,True,0.04874507104320719,2019386
nq,19,selection,5,402,5,glob_probe,best_in_menu_on_eval,0.045848170782896686,False,,2019386
nq,20,recalibration,5,384,5,ad_probe,ad_c(full_target_scalar_reference),0.004331097455553545,True,0.07393298029644751,2020386
nq,20,selection,5,384,5,trunc,best_in_menu_on_eval,0.05745774219566391,False,,2020386
nq,21,recalibration,5,410,5,ad_probe,ad_c(full_target_scalar_reference),0.010595884790836951,False,0.20801996890209867,2021386
nq,21,selection,5,410,5,glob_probe,best_in_menu_on_eval,0.033249015887640926,False,,2021386
nq,22,recalibration,5,406,5,ad_probe,ad_c(full_target_scalar_reference),0.0004969758668627033,True,0.03942007499660888,2022386
nq,22,selection,5,406,5,glob_probe,best_in_menu_on_eval,0.03200552567932202,False,,2022386
nq,23,recalibration,5,322,5,ad_probe,ad_c(full_target_scalar_reference),0.0013285235217350144,True,0.08893078220550249,2023386
nq,23,selection,5,322,5,glob_probe,best_in_menu_on_eval,0.03793895432788591,False,,2023386
nq,24,recalibration,5,453,5,ad_probe,ad_c(full_target_scalar_reference),0.004378506771892332,True,0.07852410066538779,2024386
nq,24,selection,5,453,5,glob_probe,best_in_menu_on_eval,0.09457503944013954,False,,2024386
nq,25,recalibration,5,390,5,ad_probe,ad_c(full_target_scalar_reference),0.005908548467295216,False,0.10914057079677247,2025386
nq,25,selection,5,390,5,glob_probe,best_in_menu_on_eval,0.09292757334532789,False,,2025386
nq,26,recalibration,5,341,5,ad_probe,ad_c(full_target_scalar_reference),0.002629150496861521,True,0.11369278931977245,2026386
nq,26,selection,5,341,5,ad_probe,best_in_menu_on_eval,0.0,True,,2026386
nq,27,recalibration,5,361,5,ad_probe,ad_c(full_target_scalar_reference),0.0013915894246616656,True,0.09072504170716078,2027386
nq,27,selection,5,361,5,glob_probe,best_in_menu_on_eval,0.05011520729536398,False,,2027386
nq,28,recalibration,5,407,5,ad_probe,ad_c(full_target_scalar_reference),0.0012244742009754894,True,0.06752211928665097,2028386
nq,28,selection,5,407,5,glob_probe,best_in_menu_on_eval,0.03495896887592992,False,,2028386
nq,29,recalibration,5,344,5,ad_probe,ad_c(full_target_scalar_reference),0.0030189115915834064,True,0.1169248689708981,2029386
nq,29,selection,5,344,5,trunc,best_in_menu_on_eval,0.0649157356414728,False,,2029386
nq,30,recalibration,5,423,5,ad_probe,ad_c(full_target_scalar_reference),0.011405568933854415,False,0.21367544760566143,2030386
nq,30,selection,5,423,5,glob_probe,best_in_menu_on_eval,0.0529350394241529,False,,2030386
nq,31,recalibration,5,431,5,ad_probe,ad_c(full_target_scalar_reference),0.0013634996663716703,True,0.08874327116954639,2031386
nq,31,selection,5,431,5,glob_probe,best_in_menu_on_eval,0.03806768100001945,False,,2031386
nq,32,recalibration,5,386,5,ad_probe,ad_c(full_target_scalar_reference),0.0010829160524548076,True,0.06054232855870312,2032386
nq,32,selection,5,386,5,glob_probe,best_in_menu_on_eval,0.037779233670667045,False,,2032386
nq,33,recalibration,5,376,5,ad_probe,ad_c(full_target_scalar_reference),0.00011619428503673035,True,0.04394689202850549,2033386
nq,33,selection,5,376,5,glob_probe,best_in_menu_on_eval,0.043485568813488945,False,,2033386
nq,34,recalibration,5,410,5,ad_probe,ad_c(full_target_scalar_reference),0.00042684324668662565,True,0.027436830668266077,2034386
nq,34,selection,5,410,5,glob_probe,best_in_menu_on_eval,0.14570324849522237,False,,2034386
nq,35,recalibration,5,382,5,ad_probe,ad_c(full_target_scalar_reference),0.002623294572815904,True,0.04158757059822099,2035386
nq,35,selection,5,382,5,glob_probe,best_in_menu_on_eval,0.06164317524281965,False,,2035386
nq,36,recalibration,5,416,5,ad_probe,ad_c(full_target_scalar_reference),0.0026891926369733143,True,0.02275813573081137,2036386
nq,36,selection,5,416,5,glob_probe,best_in_menu_on_eval,0.034026689884725014,False,,2036386
nq,37,recalibration,5,482,5,ad_probe,ad_c(full_target_scalar_reference),0.0005237759371788386,True,0.024015750805383596,2037386
nq,37,selection,5,482,5,glob_probe,best_in_menu_on_eval,0.06382489095804278,False,,2037386
nq,38,recalibration,5,423,5,ad_probe,ad_c(full_target_scalar_reference),0.00303984124697787,True,0.04790537105688436,2038386
nq,38,selection,5,423,5,glob_probe,best_in_menu_on_eval,0.04871904197404636,False,,2038386
nq,39,recalibration,5,400,5,ad_probe,ad_c(full_target_scalar_reference),0.002955364269550509,True,0.1170985913594868,2039386
nq,39,selection,5,400,5,glob_probe,best_in_menu_on_eval,0.09921530995847655,False,,2039386
nq,40,recalibration,5,417,5,ad_probe,ad_c(full_target_scalar_reference),0.010562038934536777,False,0.18863214513592758,2040386
nq,40,selection,5,417,5,glob_probe,best_in_menu_on_eval,0.053732813677105556,False,,2040386
nq,41,recalibration,5,399,5,ad_probe,ad_c(full_target_scalar_reference),0.008493519503093017,False,0.15011614799919776,2041386
nq,41,selection,5,399,5,glob_probe,best_in_menu_on_eval,0.07097146258331732,False,,2041386
nq,42,recalibration,5,371,5,ad_probe,ad_c(full_target_scalar_reference),0.0017132401814734521,True,0.09687998594514657,2042386
nq,42,selection,5,371,5,ad_probe,best_in_menu_on_eval,0.0,True,,2042386
nq,43,recalibration,5,397,5,ad_probe,ad_c(full_target_scalar_reference),0.003217777934923227,True,0.05664974630783903,2043386
nq,43,selection,5,397,5,glob_probe,best_in_menu_on_eval,0.04939610786207774,False,,2043386
nq,44,recalibration,5,387,5,ad_probe,ad_c(full_target_scalar_reference),0.0028323560525475577,True,0.045600330143958145,2044386
nq,44,selection,5,387,5,glob_probe,best_in_menu_on_eval,0.03396990919119458,False,,2044386
nq,45,recalibration,5,423,5,ad_probe,ad_c(full_target_scalar_reference),0.0010476050075701737,True,0.08302548761836265,2045386
nq,45,selection,5,423,5,glob_probe,best_in_menu_on_eval,0.03772319484319686,False,,2045386
nq,46,recalibration,5,393,5,ad_probe,ad_c(full_target_scalar_reference),0.002168311654821675,True,0.03583804629411369,2046386
nq,46,selection,5,393,5,glob_probe,best_in_menu_on_eval,0.12097955875153438,False,,2046386
nq,47,recalibration,5,397,5,ad_probe,ad_c(full_target_scalar_reference),0.0034671530319920207,True,0.05507779060823409,2047386
nq,47,selection,5,397,5,glob_probe,best_in_menu_on_eval,0.0491849596961863,False,,2047386
nq,48,recalibration,5,388,5,ad_probe,ad_c(full_target_scalar_reference),0.00039737202487422074,True,0.020907623814390153,2048386
nq,48,selection,5,388,5,glob_probe,best_in_menu_on_eval,0.24257449992872096,False,,2048386
nq,49,recalibration,5,389,5,ad_probe,ad_c(full_target_scalar_reference),0.016167327271612297,False,0.37829021586279793,2049386
nq,49,selection,5,389,5,ad_probe,best_in_menu_on_eval,0.0,True,,2049386
nq,0,recalibration,10,694,10,ad_probe,ad_c(full_target_scalar_reference),1.3805679116518643e-05,True,0.0188462735927174,852
nq,0,selection,10,694,10,glob_probe,best_in_menu_on_eval,0.03670768221687659,False,,852
nq,1,recalibration,10,710,10,ad_probe,ad_c(full_target_scalar_reference),0.00054611925617154,True,0.03314211476753165,1852
nq,1,selection,10,710,10,glob_probe,best_in_menu_on_eval,0.051496855201096925,False,,1852
nq,2,recalibration,10,747,10,ad_probe,ad_c(full_target_scalar_reference),0.00012033289197721508,True,0.01853627398215435,2852
nq,2,selection,10,747,10,trunc,best_in_menu_on_eval,0.06187447543973293,False,,2852
nq,3,recalibration,10,735,10,ad_probe,ad_c(full_target_scalar_reference),0.0010876333944317973,True,0.08433738019388431,3852
nq,3,selection,10,735,10,glob_probe,best_in_menu_on_eval,0.06553786500595063,False,,3852
nq,4,recalibration,10,763,10,ad_probe,ad_c(full_target_scalar_reference),0.001173869709604758,True,0.07422008303977085,4852
nq,4,selection,10,763,10,glob_probe,best_in_menu_on_eval,0.04490147834289046,False,,4852
nq,5,recalibration,10,801,10,ad_probe,ad_c(full_target_scalar_reference),0.0035703530764542024,True,0.059446529438105966,5852
nq,5,selection,10,801,10,glob_probe,best_in_menu_on_eval,0.03318987198785195,False,,5852
nq,6,recalibration,10,739,10,ad_probe,ad_c(full_target_scalar_reference),0.005104266899734644,False,0.12881007482074897,6852
nq,6,selection,10,739,10,trunc,best_in_menu_on_eval,0.06730751808951,False,,6852
nq,7,recalibration,10,683,10,ad_probe,ad_c(full_target_scalar_reference),0.0003577786407536476,True,0.043037549982319845,7852
nq,7,selection,10,683,10,ad_probe,best_in_menu_on_eval,0.0,True,,7852
nq,8,recalibration,10,790,10,ad_probe,ad_c(full_target_scalar_reference),0.002386481424831277,True,0.1114128966582632,8852
nq,8,selection,10,790,10,glob_probe,best_in_menu_on_eval,0.05111308731297112,False,,8852
nq,9,recalibration,10,797,10,ad_probe,ad_c(full_target_scalar_reference),0.0021714614393288922,True,0.03598946393687513,9852
nq,9,selection,10,797,10,ad_probe,best_in_menu_on_eval,0.0,True,,9852
nq,10,recalibration,10,817,10,ad_probe,ad_c(full_target_scalar_reference),0.0023825615923233623,True,0.10494911333560658,10852
nq,10,selection,10,817,10,glob_probe,best_in_menu_on_eval,0.03923759568378132,False,,10852
nq,11,recalibration,10,828,10,ad_probe,ad_c(full_target_scalar_reference),0.004417686709958624,True,0.0824566027186368,11852
nq,11,selection,10,828,10,glob_probe,best_in_menu_on_eval,0.03223575960143277,False,,11852
nq,12,recalibration,10,739,10,ad_probe,ad_c(full_target_scalar_reference),0.00228999162758603,True,0.015397525708447157,12852
nq,12,selection,10,739,10,glob_probe,best_in_menu_on_eval,0.03011999397634957,False,,12852
nq,13,recalibration,10,726,10,ad_probe,ad_c(full_target_scalar_reference),0.0009219313838721432,True,0.055386302523627695,13852
nq,13,selection,10,726,10,glob_probe,best_in_menu_on_eval,0.05272602663654383,False,,13852
nq,14,recalibration,10,778,10,ad_probe,ad_c(full_target_scalar_reference),0.001581532290422516,True,0.09581609663972451,14852
nq,14,selection,10,778,10,ad_probe,best_in_menu_on_eval,0.0,True,,14852
nq,15,recalibration,10,802,10,ad_probe,ad_c(full_target_scalar_reference),0.0022578928592874026,True,0.03410112489334377,15852
nq,15,selection,10,802,10,glob_probe,best_in_menu_on_eval,0.0617430829226297,False,,15852
nq,16,recalibration,10,821,10,ad_probe,ad_c(full_target_scalar_reference),0.010464419369125955,False,0.18595474977717613,16852
nq,16,selection,10,821,10,ad_probe,best_in_menu_on_eval,0.0,True,,16852
nq,17,recalibration,10,746,10,ad_probe,ad_c(full_target_scalar_reference),0.009345833648564672,False,0.16528849102145243,17852
nq,17,selection,10,746,10,ad_probe,best_in_menu_on_eval,0.0,True,,17852
nq,18,recalibration,10,737,10,ad_probe,ad_c(full_target_scalar_reference),0.0007936878796844238,True,0.06493257623016513,18852
nq,18,selection,10,737,10,glob_probe,best_in_menu_on_eval,0.0646858306649126,False,,18852
nq,19,recalibration,10,822,10,ad_probe,ad_c(full_target_scalar_reference),0.0067066254166776584,False,0.12329677043890014,19852
nq,19,selection,10,822,10,ad_probe,best_in_menu_on_eval,0.0,True,,19852
nq,20,recalibration,10,859,10,ad_probe,ad_c(full_target_scalar_reference),0.015569292876860319,False,0.34020996725539726,20852
nq,20,selection,10,859,10,glob_probe,best_in_menu_on_eval,0.037339610462664236,False,,20852
nq,21,recalibration,10,745,10,ad_probe,ad_c(full_target_scalar_reference),0.0009927189473964426,True,0.054118344512665895,21852
nq,21,selection,10,745,10,glob_probe,best_in_menu_on_eval,0.03771447873358702,False,,21852
nq,22,recalibration,10,785,10,ad_probe,ad_c(full_target_scalar_reference),0.005154810326222281,False,0.09665024984732334,22852
nq,22,selection,10,785,10,glob_probe,best_in_menu_on_eval,0.07432298958054281,False,,22852
nq,23,recalibration,10,821,10,ad_probe,ad_c(full_target_scalar_reference),0.007275721889318687,False,0.1358482025504743,23852
nq,23,selection,10,821,10,glob_probe,best_in_menu_on_eval,0.02964779398183548,False,,23852
nq,24,recalibration,10,814,10,ad_probe,ad_c(full_target_scalar_reference),0.0024092006515016307,True,0.01725598058828065,24852
nq,24,selection,10,814,10,ad_probe,best_in_menu_on_eval,0.0,True,,24852
nq,25,recalibration,10,805,10,ad_probe,ad_c(full_target_scalar_reference),0.0014528695528114866,True,0.09476436018738704,25852
nq,25,selection,10,805,10,ad_probe,best_in_menu_on_eval,0.0,True,,25852
nq,26,recalibration,10,805,10,ad_probe,ad_c(full_target_scalar_reference),0.003396727554194179,True,0.057706676962640424,26852
nq,26,selection,10,805,10,glob_probe,best_in_menu_on_eval,0.03329044547457416,False,,26852
nq,27,recalibration,10,772,10,ad_probe,ad_c(full_target_scalar_reference),0.0011090771840336355,True,0.08329885077059712,27852
nq,27,selection,10,772,10,glob_probe,best_in_menu_on_eval,0.10040005349418482,False,,27852
nq,28,recalibration,10,763,10,ad_probe,ad_c(full_target_scalar_reference),0.0021131380079665307,True,0.01435927919351615,28852
nq,28,selection,10,763,10,glob_probe,best_in_menu_on_eval,0.121315496112126,False,,28852
nq,29,recalibration,10,814,10,ad_probe,ad_c(full_target_scalar_reference),0.0005968465003909351,True,0.029841420880427794,29852
nq,29,selection,10,814,10,ad_probe,best_in_menu_on_eval,0.0,True,,29852
nq,30,recalibration,10,726,10,ad_probe,ad_c(full_target_scalar_reference),0.0019802023143103975,True,0.10890067573677081,30852
nq,30,selection,10,726,10,glob_probe,best_in_menu_on_eval,0.062160894177163806,False,,30852
nq,31,recalibration,10,778,10,ad_probe,ad_c(full_target_scalar_reference),0.0005138592442485712,True,0.041062816889754605,31852
nq,31,selection,10,778,10,glob_probe,best_in_menu_on_eval,0.033378587921517766,False,,31852
nq,32,recalibration,10,778,10,ad_probe,ad_c(full_target_scalar_reference),0.0024719115218824195,True,0.018012170812017114,32852
nq,32,selection,10,778,10,ad_probe,best_in_menu_on_eval,0.0,True,,32852
nq,33,recalibration,10,747,10,ad_probe,ad_c(full_target_scalar_reference),0.00269347638609696,True,0.02713731153833282,33852
nq,33,selection,10,747,10,ad_probe,best_in_menu_on_eval,0.0,True,,33852
nq,34,recalibration,10,822,10,ad_probe,ad_c(full_target_scalar_reference),0.01036682827792651,False,0.2052198208532891,34852
nq,34,selection,10,822,10,glob_probe,best_in_menu_on_eval,0.06908252553782179,False,,34852
nq,35,recalibration,10,794,10,ad_probe,ad_c(full_target_scalar_reference),0.001102662912657093,True,0.07245279141020117,35852
nq,35,selection,10,794,10,glob_probe,best_in_menu_on_eval,0.037925144140323386,False,,35852
nq,36,recalibration,10,734,10,ad_probe,ad_c(full_target_scalar_reference),0.002726491018181898,True,0.019912206971095026,36852
nq,36,selection,10,734,10,ad_probe,best_in_menu_on_eval,0.0,True,,36852
nq,37,recalibration,10,729,10,ad_probe,ad_c(full_target_scalar_reference),0.0003715714203801901,True,0.03824218554403047,37852
nq,37,selection,10,729,10,ad_probe,best_in_menu_on_eval,0.0,True,,37852
nq,38,recalibration,10,738,10,ad_probe,ad_c(full_target_scalar_reference),0.0009735390182805115,True,0.06282712845379251,38852
nq,38,selection,10,738,10,glob_probe,best_in_menu_on_eval,0.05276564419504576,False,,38852
nq,39,recalibration,10,799,10,ad_probe,ad_c(full_target_scalar_reference),0.015531478022078549,False,0.33794843073963615,39852
nq,39,selection,10,799,10,glob_probe,best_in_menu_on_eval,0.04860687754654261,False,,39852
nq,40,recalibration,10,859,10,ad_probe,ad_c(full_target_scalar_reference),0.004370592284595798,True,0.073002064797488,40852
nq,40,selection,10,859,10,glob_probe,best_in_menu_on_eval,0.06001828669695436,False,,40852
nq,41,recalibration,10,861,10,ad_probe,ad_c(full_target_scalar_reference),0.002634490243438481,True,0.028461111079714052,41852
nq,41,selection,10,861,10,glob_probe,best_in_menu_on_eval,0.061740353532201114,False,,41852
nq,42,recalibration,10,828,10,ad_probe,ad_c(full_target_scalar_reference),0.0007522256941199235,True,0.05269549484675723,42852
nq,42,selection,10,828,10,glob_probe,best_in_menu_on_eval,0.03737548719903372,False,,42852
nq,43,recalibration,10,791,10,ad_probe,ad_c(full_target_scalar_reference),0.000685819119869091,True,0.05360306795116809,43852
nq,43,selection,10,791,10,ad_probe,best_in_menu_on_eval,0.0,True,,43852
nq,44,recalibration,10,815,10,ad_probe,ad_c(full_target_scalar_reference),0.0005173888671854421,True,0.025492642643405228,44852
nq,44,selection,10,815,10,glob_probe,best_in_menu_on_eval,0.04827700706550214,False,,44852
nq,45,recalibration,10,740,10,ad_probe,ad_c(full_target_scalar_reference),0.0005433523155777831,True,0.03617306800346731,45852
nq,45,selection,10,740,10,ad_probe,best_in_menu_on_eval,0.0,True,,45852
nq,46,recalibration,10,794,10,ad_probe,ad_c(full_target_scalar_reference),0.005108925228042016,False,0.09637414421803031,46852
nq,46,selection,10,794,10,trunc,best_in_menu_on_eval,0.05680055459010028,False,,46852
nq,47,recalibration,10,722,10,ad_probe,ad_c(full_target_scalar_reference),0.002916350548541169,True,0.1145599089206864,47852
nq,47,selection,10,722,10,glob_probe,best_in_menu_on_eval,0.10197006170277526,False,,47852
nq,48,recalibration,10,821,10,ad_probe,ad_c(full_target_scalar_reference),0.00023829711511291762,True,0.03540503666809053,48852
nq,48,selection,10,821,10,glob_probe,best_in_menu_on_eval,0.05153351716396459,False,,48852
nq,49,recalibration,10,773,10,ad_probe,ad_c(full_target_scalar_reference),0.004341979603455504,True,0.07841925478597173,49852
nq,49,selection,10,773,10,glob_probe,best_in_menu_on_eval,0.0752243811824505,False,,49852
nq,0,recalibration,20,1487,20,ad_probe,ad_c(full_target_scalar_reference),0.0023343578850572033,True,0.017039696511843117,2200345
nq,0,selection,20,1487,20,glob_probe,best_in_menu_on_eval,0.04658024408898534,False,,2200345
nq,1,recalibration,20,1586,20,ad_probe,ad_c(full_target_scalar_reference),0.004887431591977021,True,0.09275943031485318,2201345
nq,1,selection,20,1586,20,glob_probe,best_in_menu_on_eval,0.02762901371397175,False,,2201345
nq,2,recalibration,20,1546,20,ad_probe,ad_c(full_target_scalar_reference),0.00011840011840008602,True,0.0035451054898518186,2202345
nq,2,selection,20,1546,20,ad_probe,best_in_menu_on_eval,0.0,True,,2202345
nq,3,recalibration,20,1524,20,ad_probe,ad_c(full_target_scalar_reference),0.0048636338409066004,True,0.09107520617500747,2203345
nq,3,selection,20,1524,20,ad_probe,best_in_menu_on_eval,0.0,True,,2203345
nq,4,recalibration,20,1559,20,ad_probe,ad_c(full_target_scalar_reference),0.004423312377857813,True,0.07616973047628378,2204345
nq,4,selection,20,1559,20,ad_probe,best_in_menu_on_eval,0.0,True,,2204345
nq,5,recalibration,20,1497,20,ad_probe,ad_c(full_target_scalar_reference),0.0004472379472379995,True,0.004365408006654692,2205345
nq,5,selection,20,1497,20,ad_probe,best_in_menu_on_eval,0.0,True,,2205345
nq,6,recalibration,20,1543,20,ad_probe,ad_c(full_target_scalar_reference),0.0005014604664954625,True,0.029975348755358178,2206345
nq,6,selection,20,1543,20,ad_probe,best_in_menu_on_eval,0.0,True,,2206345
nq,7,recalibration,20,1643,20,ad_probe,ad_c(full_target_scalar_reference),8.465860738587905e-05,True,0.011284606335980718,2207345
nq,7,selection,20,1643,20,glob_probe,best_in_menu_on_eval,0.03669225782939273,False,,2207345
nq,8,recalibration,20,1538,20,ad_probe,ad_c(full_target_scalar_reference),0.00042146890923111524,True,0.04225409056664542,2208345
nq,8,selection,20,1538,20,glob_probe,best_in_menu_on_eval,0.03365383397777477,False,,2208345
nq,9,recalibration,20,1373,20,ad_probe,ad_c(full_target_scalar_reference),0.0009942789663069385,True,0.08401096293438787,2209345
nq,9,selection,20,1373,20,ad_probe,best_in_menu_on_eval,0.0,True,,2209345
nq,10,recalibration,20,1479,20,ad_probe,ad_c(full_target_scalar_reference),0.0026237311639409344,True,0.04336182145437145,2210345
nq,10,selection,20,1479,20,ad_probe,best_in_menu_on_eval,0.0,True,,2210345
nq,11,recalibration,20,1579,20,ad_probe,ad_c(full_target_scalar_reference),0.0023253391260383838,True,0.01627711891974687,2211345
nq,11,selection,20,1579,20,ad_probe,best_in_menu_on_eval,0.0,True,,2211345
nq,12,recalibration,20,1519,20,ad_probe,ad_c(full_target_scalar_reference),0.005450778178050897,False,0.1019348535217906,2212345
nq,12,selection,20,1519,20,ad_probe,best_in_menu_on_eval,0.0,True,,2212345
nq,13,recalibration,20,1541,20,ad_probe,ad_c(full_target_scalar_reference),0.0005340360235465136,True,0.049787495731620945,2213345
nq,13,selection,20,1541,20,glob_probe,best_in_menu_on_eval,0.04927173157068265,False,,2213345
nq,14,recalibration,20,1548,20,ad_probe,ad_c(full_target_scalar_reference),0.0005188964105048433,True,0.024917716409027457,2214345
nq,14,selection,20,1548,20,glob_probe,best_in_menu_on_eval,0.09921123942102963,False,,2214345
nq,15,recalibration,20,1642,20,ad_probe,ad_c(full_target_scalar_reference),0.0005102689980311936,True,0.0279519499331366,2215345
nq,15,selection,20,1642,20,trunc,best_in_menu_on_eval,0.061393710138353624,False,,2215345
nq,16,recalibration,20,1441,20,ad_probe,ad_c(full_target_scalar_reference),0.0027303666289680284,True,0.10037250333551978,2216345
nq,16,selection,20,1441,20,trunc,best_in_menu_on_eval,0.06479689365517344,False,,2216345
nq,17,recalibration,20,1485,20,ad_probe,ad_c(full_target_scalar_reference),0.0044811459584186975,True,0.07508673641933211,2217345
nq,17,selection,20,1485,20,glob_probe,best_in_menu_on_eval,0.044368012200180024,False,,2217345
nq,18,recalibration,20,1545,20,ad_probe,ad_c(full_target_scalar_reference),0.0010799757740317384,True,0.06710847412965953,2218345
nq,18,selection,20,1545,20,ad_probe,best_in_menu_on_eval,0.0,True,,2218345
nq,19,recalibration,20,1559,20,ad_probe,ad_c(full_target_scalar_reference),0.0030878148011015405,True,0.04890542324758146,2219345
nq,19,selection,20,1559,20,glob_probe,best_in_menu_on_eval,0.03467529007815928,False,,2219345
nq,20,recalibration,20,1528,20,ad_probe,ad_c(full_target_scalar_reference),0.001829307380006695,True,0.011335291223236232,2220345
nq,20,selection,20,1528,20,ad_probe,best_in_menu_on_eval,0.0,True,,2220345
nq,21,recalibration,20,1637,20,ad_probe,ad_c(full_target_scalar_reference),0.0004287088203171474,True,0.027271700692579726,2221345
nq,21,selection,20,1637,20,trunc,best_in_menu_on_eval,0.06157954314761316,False,,2221345
nq,22,recalibration,20,1538,20,ad_probe,ad_c(full_target_scalar_reference),0.0027495086498583454,True,0.02321128949679091,2222345
nq,22,selection,20,1538,20,ad_probe,best_in_menu_on_eval,0.0,True,,2222345
nq,23,recalibration,20,1669,20,ad_probe,ad_c(full_target_scalar_reference),0.0037210474710475117,True,0.06984284974445315,2223345
nq,23,selection,20,1669,20,ad_probe,best_in_menu_on_eval,0.0,True,,2223345
nq,24,recalibration,20,1586,20,ad_probe,ad_c(full_target_scalar_reference),0.0024596405278223266,True,0.03818049545933816,2224345
nq,24,selection,20,1586,20,ad_probe,best_in_menu_on_eval,0.0,True,,2224345
nq,25,recalibration,20,1640,20,ad_probe,ad_c(full_target_scalar_reference),0.0006378673773778654,True,0.05218459481818455,2225345
nq,25,selection,20,1640,20,glob_probe,best_in_menu_on_eval,0.03346349424250816,False,,2225345
nq,26,recalibration,20,1456,20,ad_probe,ad_c(full_target_scalar_reference),0.0030478085110952624,True,0.05024125037544913,2226345
nq,26,selection,20,1456,20,ad_probe,best_in_menu_on_eval,0.0,True,,2226345
nq,27,recalibration,20,1648,20,ad_probe,ad_c(full_target_scalar_reference),3.5633558360836926e-05,True,0.008797914559707187,2227345
nq,27,selection,20,1648,20,ad_probe,best_in_menu_on_eval,0.0,True,,2227345
nq,28,recalibration,20,1561,20,ad_probe,ad_c(full_target_scalar_reference),0.004758414985687742,True,0.08905443296786414,2228345
nq,28,selection,20,1561,20,glob_probe,best_in_menu_on_eval,0.038983733959066263,False,,2228345
nq,29,recalibration,20,1611,20,ad_probe,ad_c(full_target_scalar_reference),0.0021368491648212085,True,0.014586089305487993,2229345
nq,29,selection,20,1611,20,glob_probe,best_in_menu_on_eval,0.04199365837127264,False,,2229345
nq,30,recalibration,20,1517,20,ad_probe,ad_c(full_target_scalar_reference),0.002076002862716142,True,0.03550380882396448,2230345
nq,30,selection,20,1517,20,trunc,best_in_menu_on_eval,0.06007127253969219,False,,2230345
nq,31,recalibration,20,1589,20,ad_probe,ad_c(full_target_scalar_reference),0.00016742516742512814,True,0.0019497044181946976,2231345
nq,31,selection,20,1589,20,glob_probe,best_in_menu_on_eval,0.06470274033734821,False,,2231345
nq,32,recalibration,20,1544,20,ad_probe,ad_c(full_target_scalar_reference),0.0005215792366141669,True,0.03140697782320706,2232345
nq,32,selection,20,1544,20,glob_probe,best_in_menu_on_eval,0.033373789947730714,False,,2232345
nq,33,recalibration,20,1569,20,ad_probe,ad_c(full_target_scalar_reference),0.002768429123324201,True,0.021510476158315306,2233345
nq,33,selection,20,1569,20,ad_probe,best_in_menu_on_eval,0.0,True,,2233345
nq,34,recalibration,20,1534,20,ad_probe,ad_c(full_target_scalar_reference),0.003966382943655644,True,0.07256319763672547,2234345
nq,34,selection,20,1534,20,ad_probe,best_in_menu_on_eval,0.0,True,,2234345
nq,35,recalibration,20,1520,20,ad_probe,ad_c(full_target_scalar_reference),0.0006031798426903157,True,0.05204582387491158,2235345
nq,35,selection,20,1520,20,ad_probe,best_in_menu_on_eval,0.0,True,,2235345
nq,36,recalibration,20,1570,20,ad_probe,ad_c(full_target_scalar_reference),0.001776674503947251,True,0.009538700564172276,2236345
nq,36,selection,20,1570,20,ad_probe,best_in_menu_on_eval,0.0,True,,2236345
nq,37,recalibration,20,1502,20,ad_probe,ad_c(full_target_scalar_reference),0.004383116883116878,True,0.08056573849915333,2237345
nq,37,selection,20,1502,20,ad_probe,best_in_menu_on_eval,0.0,True,,2237345
nq,38,recalibration,20,1544,20,ad_probe,ad_c(full_target_scalar_reference),0.0008251380191939828,True,0.0635160352583572,2238345
nq,38,selection,20,1544,20,glob_probe,best_in_menu_on_eval,0.03497833018863461,False,,2238345
nq,39,recalibration,20,1527,20,ad_probe,ad_c(full_target_scalar_reference),0.0004725541875891248,True,0.039769772984659835,2239345
nq,39,selection,20,1527,20,glob_probe,best_in_menu_on_eval,0.06357916073825165,False,,2239345
nq,40,recalibration,20,1562,20,ad_probe,ad_c(full_target_scalar_reference),6.240845401683792e-05,True,0.018782602379301017,2240345
nq,40,selection,20,1562,20,ad_probe,best_in_menu_on_eval,0.0,True,,2240345
nq,41,recalibration,20,1637,20,ad_probe,ad_c(full_target_scalar_reference),0.00024306501579229867,True,0.007610983029958052,2241345
nq,41,selection,20,1637,20,ad_probe,best_in_menu_on_eval,0.0,True,,2241345
nq,42,recalibration,20,1564,20,ad_probe,ad_c(full_target_scalar_reference),0.0043937333710061255,True,0.0729190798677572,2242345
nq,42,selection,20,1564,20,glob_probe,best_in_menu_on_eval,0.10774789669020435,False,,2242345
nq,43,recalibration,20,1520,20,ad_probe,ad_c(full_target_scalar_reference),0.0005597355247705105,True,0.029999588629550933,2243345
nq,43,selection,20,1520,20,ad_probe,best_in_menu_on_eval,0.0,True,,2243345
nq,44,recalibration,20,1565,20,ad_probe,ad_c(full_target_scalar_reference),0.000802748792259278,True,0.06113756967719702,2244345
nq,44,selection,20,1565,20,glob_probe,best_in_menu_on_eval,0.03762528397952958,False,,2244345
nq,45,recalibration,20,1761,20,ad_probe,ad_c(full_target_scalar_reference),0.0032140353818675416,True,0.051093087968420325,2245345
nq,45,selection,20,1761,20,trunc,best_in_menu_on_eval,0.058881902469203246,False,,2245345
nq,46,recalibration,20,1521,20,ad_probe,ad_c(full_target_scalar_reference),0.0025896306490711396,True,0.027888165742053772,2246345
nq,46,selection,20,1521,20,ad_probe,best_in_menu_on_eval,0.0,True,,2246345
nq,47,recalibration,20,1617,20,ad_probe,ad_c(full_target_scalar_reference),0.0001332001332001176,True,0.001457136084016264,2247345
nq,47,selection,20,1617,20,glob_probe,best_in_menu_on_eval,0.04382706225082117,False,,2247345
nq,48,recalibration,20,1590,20,ad_probe,ad_c(full_target_scalar_reference),0.0004720916871266412,True,0.03728154105364673,2248345
nq,48,selection,20,1590,20,ad_probe,best_in_menu_on_eval,0.0,True,,2248345
nq,49,recalibration,20,1574,20,ad_probe,ad_c(full_target_scalar_reference),6.49813149813383e-05,True,0.004414028038676576,2249345
nq,49,selection,20,1574,20,ad_probe,best_in_menu_on_eval,0.0,True,,2249345
nq,0,recalibration,50,3777,50,ad_probe,ad_c(full_target_scalar_reference),4.0613576768822046e-05,True,0.0053105240870004455,2300958
nq,0,selection,50,3777,50,glob_probe,best_in_menu_on_eval,0.060838571905591304,False,,2300958
nq,1,recalibration,50,3949,50,ad_probe,ad_c(full_target_scalar_reference),0.0002714265941778926,True,0.03078429322276316,2301958
nq,1,selection,50,3949,50,glob_probe,best_in_menu_on_eval,0.03671854166868943,False,,2301958
nq,2,recalibration,50,4043,50,ad_probe,ad_c(full_target_scalar_reference),8.398421096844633e-06,True,0.0020880901814349095,2302958
nq,2,selection,50,4043,50,ad_probe,best_in_menu_on_eval,0.0,True,,2302958
nq,3,recalibration,50,4116,50,ad_probe,ad_c(full_target_scalar_reference),0.003562075784297958,True,0.07042238184552069,2303958
nq,3,selection,50,4116,50,glob_probe,best_in_menu_on_eval,0.0334141931401693,False,,2303958
nq,4,recalibration,50,4062,50,ad_probe,ad_c(full_target_scalar_reference),0.0022270873681808356,True,0.036845845486715156,2304958
nq,4,selection,50,4062,50,ad_probe,best_in_menu_on_eval,0.0,True,,2304958
nq,5,recalibration,50,3998,50,ad_probe,ad_c(full_target_scalar_reference),0.0002491237940973057,True,0.018199953526929102,2305958
nq,5,selection,50,3998,50,ad_probe,best_in_menu_on_eval,0.0,True,,2305958
nq,6,recalibration,50,3933,50,ad_probe,ad_c(full_target_scalar_reference),0.0025502210246478585,True,0.02134083133871162,2306958
nq,6,selection,50,3933,50,ad_probe,best_in_menu_on_eval,0.0,True,,2306958
nq,7,recalibration,50,3830,50,ad_probe,ad_c(full_target_scalar_reference),0.003466060035724916,True,0.057656362705745534,2307958
nq,7,selection,50,3830,50,glob_probe,best_in_menu_on_eval,0.045969237503629024,False,,2307958
nq,8,recalibration,50,3857,50,ad_probe,ad_c(full_target_scalar_reference),0.002685571336364989,True,0.023567794713035495,2308958
nq,8,selection,50,3857,50,ad_probe,best_in_menu_on_eval,0.0,True,,2308958
nq,9,recalibration,50,3905,50,ad_probe,ad_c(full_target_scalar_reference),0.003745208022103985,True,0.07180950051247387,2309958
nq,9,selection,50,3905,50,ad_probe,best_in_menu_on_eval,0.0,True,,2309958
nq,10,recalibration,50,3848,50,ad_probe,ad_c(full_target_scalar_reference),0.002566720952964341,True,0.026779807190913718,2310958
nq,10,selection,50,3848,50,ad_probe,best_in_menu_on_eval,0.0,True,,2310958
nq,11,recalibration,50,4072,50,ad_probe,ad_c(full_target_scalar_reference),0.0027377433462090206,True,0.026258987183589932,2311958
nq,11,selection,50,4072,50,ad_probe,best_in_menu_on_eval,0.0,True,,2311958
nq,12,recalibration,50,4092,50,ad_probe,ad_c(full_target_scalar_reference),0.002607567819208012,True,0.02777163435105262,2312958
nq,12,selection,50,4092,50,ad_probe,best_in_menu_on_eval,0.0,True,,2312958
nq,13,recalibration,50,3973,50,ad_probe,ad_c(full_target_scalar_reference),0.003529748062375937,True,0.060210626595904704,2313958
nq,13,selection,50,3973,50,glob_probe,best_in_menu_on_eval,0.030680364560953854,False,,2313958
nq,14,recalibration,50,3899,50,ad_probe,ad_c(full_target_scalar_reference),0.0021797426559331257,True,0.014867593268927726,2314958
nq,14,selection,50,3899,50,ad_probe,best_in_menu_on_eval,0.0,True,,2314958
nq,15,recalibration,50,3933,50,ad_probe,ad_c(full_target_scalar_reference),0.0026164752355228305,True,0.020955246563389818,2315958
nq,15,selection,50,3933,50,glob_probe,best_in_menu_on_eval,0.062440964357234424,False,,2315958
nq,16,recalibration,50,3859,50,ad_probe,ad_c(full_target_scalar_reference),0.0002661539257658996,True,0.02194188289949911,2316958
nq,16,selection,50,3859,50,glob_probe,best_in_menu_on_eval,0.033968220802954696,False,,2316958
nq,17,recalibration,50,3837,50,ad_probe,ad_c(full_target_scalar_reference),0.00012535638637928281,True,0.04530650817029408,2317958
nq,17,selection,50,3837,50,ad_probe,best_in_menu_on_eval,0.0,True,,2317958
nq,18,recalibration,50,3914,50,ad_probe,ad_c(full_target_scalar_reference),0.0020843142095346434,True,0.03588064284334308,2318958
nq,18,selection,50,3914,50,glob_probe,best_in_menu_on_eval,0.03192029159453169,False,,2318958
nq,19,recalibration,50,3970,50,ad_probe,ad_c(full_target_scalar_reference),6.998684247361275e-05,True,0.00026773539607621855,2319958
nq,19,selection,50,3970,50,glob_probe,best_in_menu_on_eval,0.04429830014202166,False,,2319958
nq,20,recalibration,50,3895,50,ad_probe,ad_c(full_target_scalar_reference),0.00026825353104015237,True,0.020683679427046353,2320958
nq,20,selection,50,3895,50,ad_probe,best_in_menu_on_eval,0.0,True,,2320958
nq,21,recalibration,50,3972,50,ad_probe,ad_c(full_target_scalar_reference),0.0023458447620705036,True,0.016053632431241305,2321958
nq,21,selection,50,3972,50,ad_probe,best_in_menu_on_eval,0.0,True,,2321958
nq,22,recalibration,50,3979,50,ad_probe,ad_c(full_target_scalar_reference),3.357247625324078e-05,True,0.011971562463247543,2322958
nq,22,selection,50,3979,50,ad_probe,best_in_menu_on_eval,0.0,True,,2322958
nq,23,recalibration,50,3778,50,ad_probe,ad_c(full_target_scalar_reference),0.00018919776415365908,True,0.0025374185087257417,2323958
nq,23,selection,50,3778,50,ad_probe,best_in_menu_on_eval,0.0,True,,2323958
nq,24,recalibration,50,3909,50,ad_probe,ad_c(full_target_scalar_reference),0.001838906733086676,True,0.011258735433711087,2324958
nq,24,selection,50,3909,50,glob_probe,best_in_menu_on_eval,0.0366069070486022,False,,2324958
nq,25,recalibration,50,3935,50,ad_probe,ad_c(full_target_scalar_reference),0.00078491793659341,True,0.027979225284126163,2325958
nq,25,selection,50,3935,50,ad_probe,best_in_menu_on_eval,0.0,True,,2325958
nq,26,recalibration,50,3910,50,ad_probe,ad_c(full_target_scalar_reference),0.002695369494311317,True,0.023095733398255713,2326958
nq,26,selection,50,3910,50,glob_probe,best_in_menu_on_eval,0.09816897290442264,False,,2326958
nq,27,recalibration,50,3813,50,ad_probe,ad_c(full_target_scalar_reference),0.00261316676660589,True,0.02684944496389513,2327958
nq,27,selection,50,3813,50,glob_probe,best_in_menu_on_eval,0.04667235892985455,False,,2327958
nq,28,recalibration,50,3826,50,ad_probe,ad_c(full_target_scalar_reference),0.0004905066192544272,True,0.04153635168659037,2328958
nq,28,selection,50,3826,50,ad_probe,best_in_menu_on_eval,0.0,True,,2328958
nq,29,recalibration,50,3884,50,ad_probe,ad_c(full_target_scalar_reference),0.0001245765796030751,True,0.007807378032511136,2329958
nq,29,selection,50,3884,50,ad_probe,best_in_menu_on_eval,0.0,True,,2329958
nq,30,recalibration,50,3886,50,ad_probe,ad_c(full_target_scalar_reference),0.0006075967275261385,True,0.03766471360718948,2330958
nq,30,selection,50,3886,50,glob_probe,best_in_menu_on_eval,0.06420561116328316,False,,2330958
nq,31,recalibration,50,3984,50,ad_probe,ad_c(full_target_scalar_reference),0.00013950710599741623,True,0.0016575322719679098,2331958
nq,31,selection,50,3984,50,ad_probe,best_in_menu_on_eval,0.0,True,,2331958
nq,32,recalibration,50,3908,50,ad_probe,ad_c(full_target_scalar_reference),0.0023463113410203684,True,0.015460025934768196,2332958
nq,32,selection,50,3908,50,glob_probe,best_in_menu_on_eval,0.03058121839532063,False,,2332958
nq,33,recalibration,50,3840,50,ad_probe,ad_c(full_target_scalar_reference),0.0034730016211497183,True,0.06681661508537545,2333958
nq,33,selection,50,3840,50,ad_probe,best_in_menu_on_eval,0.0,True,,2333958
nq,34,recalibration,50,4013,50,ad_probe,ad_c(full_target_scalar_reference),0.003116401529099977,True,0.051545548072726155,2334958
nq,34,selection,50,4013,50,glob_probe,best_in_menu_on_eval,0.05821139961351601,False,,2334958
nq,35,recalibration,50,3833,50,ad_probe,ad_c(full_target_scalar_reference),0.0007664358634376089,True,0.06148223981161838,2335958
nq,35,selection,50,3833,50,glob_probe,best_in_menu_on_eval,0.03815834241837979,False,,2335958
nq,36,recalibration,50,4037,50,ad_probe,ad_c(full_target_scalar_reference),4.3362477224917484e-05,True,0.018456404442149632,2336958
nq,36,selection,50,4037,50,ad_probe,best_in_menu_on_eval,0.0,True,,2336958
nq,37,recalibration,50,4006,50,ad_probe,ad_c(full_target_scalar_reference),0.0002071822618559538,True,0.00489340851185488,2337958
nq,37,selection,50,4006,50,ad_probe,best_in_menu_on_eval,0.0,True,,2337958
nq,38,recalibration,50,3987,50,ad_probe,ad_c(full_target_scalar_reference),0.0001924850249365173,True,0.010254069060789905,2338958
nq,38,selection,50,3987,50,ad_probe,best_in_menu_on_eval,0.0,True,,2338958
nq,39,recalibration,50,3917,50,ad_probe,ad_c(full_target_scalar_reference),0.00059019300641866,True,0.023574487686858825,2339958
nq,39,selection,50,3917,50,glob_probe,best_in_menu_on_eval,0.032207627781871195,False,,2339958
nq,40,recalibration,50,3879,50,ad_probe,ad_c(full_target_scalar_reference),0.003545420873463212,True,0.055232378777794855,2340958
nq,40,selection,50,3879,50,ad_probe,best_in_menu_on_eval,0.0,True,,2340958
nq,41,recalibration,50,4061,50,ad_probe,ad_c(full_target_scalar_reference),0.00310128012949884,True,0.04733133045852722,2341958
nq,41,selection,50,4061,50,ad_probe,best_in_menu_on_eval,0.0,True,,2341958
nq,42,recalibration,50,3760,50,ad_probe,ad_c(full_target_scalar_reference),0.0010290186657029854,True,0.007289524251846535,2342958
nq,42,selection,50,3760,50,ad_probe,best_in_menu_on_eval,0.0,True,,2342958
nq,43,recalibration,50,3940,50,ad_probe,ad_c(full_target_scalar_reference),0.002695751240724742,True,0.029191816045245178,2343958
nq,43,selection,50,3940,50,ad_probe,best_in_menu_on_eval,0.0,True,,2343958
nq,44,recalibration,50,3707,50,ad_probe,ad_c(full_target_scalar_reference),0.0004554822015139237,True,0.04989985165682376,2344958
nq,44,selection,50,3707,50,ad_probe,best_in_menu_on_eval,0.0,True,,2344958
nq,45,recalibration,50,3948,50,ad_probe,ad_c(full_target_scalar_reference),0.0005803018589614628,True,0.033076453831721864,2345958
nq,45,selection,50,3948,50,glob_probe,best_in_menu_on_eval,0.05187321823124294,False,,2345958
nq,46,recalibration,50,3939,50,ad_probe,ad_c(full_target_scalar_reference),0.0036572790981961867,True,0.07016243286313101,2346958
nq,46,selection,50,3939,50,glob_probe,best_in_menu_on_eval,0.029153605900688717,False,,2346958
nq,47,recalibration,50,4113,50,ad_probe,ad_c(full_target_scalar_reference),0.0023397661845633855,True,0.037204882211879176,2347958
nq,47,selection,50,4113,50,ad_probe,best_in_menu_on_eval,0.0,True,,2347958
nq,48,recalibration,50,3961,50,ad_probe,ad_c(full_target_scalar_reference),0.0023530277939449173,True,0.03455153461036592,2348958
nq,48,selection,50,3961,50,ad_probe,best_in_menu_on_eval,0.0,True,,2348958
nq,49,recalibration,50,4188,50,ad_probe,ad_c(full_target_scalar_reference),0.00243214881662851,True,0.0367684109682222,2349958
nq,49,selection,50,4188,50,ad_probe,best_in_menu_on_eval,0.0,True,,2349958
nq,0,recalibration,100,7690,100,ad_probe,ad_c(full_target_scalar_reference),0.00015770989816338288,True,0.006687941570116596,2400498
nq,0,selection,100,7690,100,ad_probe,best_in_menu_on_eval,0.0,True,,2400498
nq,1,recalibration,100,7706,100,ad_probe,ad_c(full_target_scalar_reference),8.121188013787695e-05,True,0.000959873390688426,2401498
nq,1,selection,100,7706,100,ad_probe,best_in_menu_on_eval,0.0,True,,2401498
nq,2,recalibration,100,7589,100,ad_probe,ad_c(full_target_scalar_reference),0.0020460231229921244,True,0.013817544157840811,2402498
nq,2,selection,100,7589,100,ad_probe,best_in_menu_on_eval,0.0,True,,2402498
nq,3,recalibration,100,7897,100,ad_probe,ad_c(full_target_scalar_reference),0.00248354469714851,True,0.029340572401177545,2403498
nq,3,selection,100,7897,100,ad_probe,best_in_menu_on_eval,0.0,True,,2403498
nq,4,recalibration,100,7925,100,ad_probe,ad_c(full_target_scalar_reference),0.00245092848016476,True,0.042877608961175706,2404498
nq,4,selection,100,7925,100,ad_probe,best_in_menu_on_eval,0.0,True,,2404498
nq,5,recalibration,100,7625,100,ad_probe,ad_c(full_target_scalar_reference),0.0002575835063901577,True,0.013465220888462748,2405498
nq,5,selection,100,7625,100,glob_probe,best_in_menu_on_eval,0.03333135017169592,False,,2405498
nq,6,recalibration,100,7760,100,ad_probe,ad_c(full_target_scalar_reference),4.1219387878099756e-05,True,0.005413931358459634,2406498
nq,6,selection,100,7760,100,ad_probe,best_in_menu_on_eval,0.0,True,,2406498
nq,7,recalibration,100,8256,100,ad_probe,ad_c(full_target_scalar_reference),0.0026851430192719183,True,0.02167459787845394,2407498
nq,7,selection,100,8256,100,ad_probe,best_in_menu_on_eval,0.0,True,,2407498
nq,8,recalibration,100,7935,100,ad_probe,ad_c(full_target_scalar_reference),0.0008588749489704672,True,0.028947067265726878,2408498
nq,8,selection,100,7935,100,ad_probe,best_in_menu_on_eval,0.0,True,,2408498
nq,9,recalibration,100,7641,100,ad_probe,ad_c(full_target_scalar_reference),0.0008898817968030492,True,0.0551025731031593,2409498
nq,9,selection,100,7641,100,ad_probe,best_in_menu_on_eval,0.0,True,,2409498
nq,10,recalibration,100,7768,100,ad_probe,ad_c(full_target_scalar_reference),0.003166466919450217,True,0.05278748076709866,2410498
nq,10,selection,100,7768,100,ad_probe,best_in_menu_on_eval,0.0,True,,2410498
nq,11,recalibration,100,7993,100,ad_probe,ad_c(full_target_scalar_reference),0.0001974954242257576,True,0.01740114523470726,2411498
nq,11,selection,100,7993,100,ad_probe,best_in_menu_on_eval,0.0,True,,2411498
nq,12,recalibration,100,7699,100,ad_probe,ad_c(full_target_scalar_reference),0.00039608528570345136,True,0.02186957092725461,2412498
nq,12,selection,100,7699,100,ad_probe,best_in_menu_on_eval,0.0,True,,2412498
nq,13,recalibration,100,7874,100,ad_probe,ad_c(full_target_scalar_reference),0.003005005138060013,True,0.04650643068385668,2413498
nq,13,selection,100,7874,100,ad_probe,best_in_menu_on_eval,0.0,True,,2413498
nq,14,recalibration,100,8094,100,ad_probe,ad_c(full_target_scalar_reference),0.0004778005076334635,True,0.004699431116705732,2414498
nq,14,selection,100,8094,100,ad_probe,best_in_menu_on_eval,0.0,True,,2414498
nq,15,recalibration,100,7853,100,ad_probe,ad_c(full_target_scalar_reference),9.35454097745203e-05,True,0.009277105267968766,2415498
nq,15,selection,100,7853,100,ad_probe,best_in_menu_on_eval,0.0,True,,2415498
nq,16,recalibration,100,7855,100,ad_probe,ad_c(full_target_scalar_reference),0.0024839188920334765,True,0.02155376941795334,2416498
nq,16,selection,100,7855,100,ad_probe,best_in_menu_on_eval,0.0,True,,2416498
nq,17,recalibration,100,7849,100,ad_probe,ad_c(full_target_scalar_reference),0.0001562892821843076,True,0.0061179079822622495,2417498
nq,17,selection,100,7849,100,ad_probe,best_in_menu_on_eval,0.0,True,,2417498
nq,18,recalibration,100,7896,100,ad_probe,ad_c(full_target_scalar_reference),0.0018921661075598784,True,0.013105076938278837,2418498
nq,18,selection,100,7896,100,glob_probe,best_in_menu_on_eval,0.0510828918495983,False,,2418498
nq,19,recalibration,100,7846,100,ad_probe,ad_c(full_target_scalar_reference),0.00011057127703906211,True,0.0036332530760906923,2419498
nq,19,selection,100,7846,100,ad_probe,best_in_menu_on_eval,0.0,True,,2419498
nq,20,recalibration,100,7868,100,ad_probe,ad_c(full_target_scalar_reference),0.00036994628283409936,True,0.03135528433909862,2420498
nq,20,selection,100,7868,100,ad_probe,best_in_menu_on_eval,0.0,True,,2420498
nq,21,recalibration,100,7831,100,ad_probe,ad_c(full_target_scalar_reference),0.000710256661927311,True,0.023167128013619365,2421498
nq,21,selection,100,7831,100,ad_probe,best_in_menu_on_eval,0.0,True,,2421498
nq,22,recalibration,100,7779,100,ad_probe,ad_c(full_target_scalar_reference),0.0005158905666065028,True,0.02059091124238477,2422498
nq,22,selection,100,7779,100,ad_probe,best_in_menu_on_eval,0.0,True,,2422498
nq,23,recalibration,100,8096,100,ad_probe,ad_c(full_target_scalar_reference),0.0033250526985610374,True,0.05144666126292935,2423498
nq,23,selection,100,8096,100,ad_probe,best_in_menu_on_eval,0.0,True,,2423498
nq,24,recalibration,100,7704,100,ad_probe,ad_c(full_target_scalar_reference),0.0,True,3.927310391038663e-05,2424498
nq,24,selection,100,7704,100,ad_probe,best_in_menu_on_eval,0.0,True,,2424498
nq,25,recalibration,100,7839,100,ad_probe,ad_c(full_target_scalar_reference),0.001017715710436462,True,0.05871829057799388,2425498
nq,25,selection,100,7839,100,ad_probe,best_in_menu_on_eval,0.0,True,,2425498
nq,26,recalibration,100,7725,100,ad_probe,ad_c(full_target_scalar_reference),0.0026477334651558992,True,0.024652892256875003,2426498
nq,26,selection,100,7725,100,ad_probe,best_in_menu_on_eval,0.0,True,,2426498
nq,27,recalibration,100,7635,100,ad_probe,ad_c(full_target_scalar_reference),0.0001067531646290476,True,0.02235735003006306,2427498
nq,27,selection,100,7635,100,ad_probe,best_in_menu_on_eval,0.0,True,,2427498
nq,28,recalibration,100,7738,100,ad_probe,ad_c(full_target_scalar_reference),0.0001105712770390066,True,0.003612524167625253,2428498
nq,28,selection,100,7738,100,ad_probe,best_in_menu_on_eval,0.0,True,,2428498
nq,29,recalibration,100,7643,100,ad_probe,ad_c(full_target_scalar_reference),0.000477800507633408,True,0.004243223832419485,2429498
nq,29,selection,100,7643,100,ad_probe,best_in_menu_on_eval,0.0,True,,2429498
nq,30,recalibration,100,7854,100,ad_probe,ad_c(full_target_scalar_reference),0.00044618600704521283,True,0.029998012323731726,2430498
nq,30,selection,100,7854,100,ad_probe,best_in_menu_on_eval,0.0,True,,2430498
nq,31,recalibration,100,7834,100,ad_probe,ad_c(full_target_scalar_reference),0.00045283707276549956,True,0.0279584989857124,2431498
nq,31,selection,100,7834,100,ad_probe,best_in_menu_on_eval,0.0,True,,2431498
nq,32,recalibration,100,7759,100,ad_probe,ad_c(full_target_scalar_reference),0.0002715744213357407,True,0.0033781234180990105,2432498
nq,32,selection,100,7759,100,ad_probe,best_in_menu_on_eval,0.0,True,,2432498
nq,33,recalibration,100,7701,100,ad_probe,ad_c(full_target_scalar_reference),0.0022695416490166043,True,0.03583885365146472,2433498
nq,33,selection,100,7701,100,ad_probe,best_in_menu_on_eval,0.0,True,,2433498
nq,34,recalibration,100,7887,100,ad_probe,ad_c(full_target_scalar_reference),6.700572034706864e-05,True,0.0006434990146014785,2434498
nq,34,selection,100,7887,100,ad_probe,best_in_menu_on_eval,0.0,True,,2434498
nq,35,recalibration,100,7843,100,ad_probe,ad_c(full_target_scalar_reference),0.0021237049876667857,True,0.014480343779830929,2435498
nq,35,selection,100,7843,100,ad_probe,best_in_menu_on_eval,0.0,True,,2435498
nq,36,recalibration,100,7960,100,ad_probe,ad_c(full_target_scalar_reference),0.0024532961734632375,True,0.041786784906833574,2436498
nq,36,selection,100,7960,100,ad_probe,best_in_menu_on_eval,0.0,True,,2436498
nq,37,recalibration,100,7956,100,ad_probe,ad_c(full_target_scalar_reference),0.003162693511738923,True,0.0500743330423129,2437498
nq,37,selection,100,7956,100,ad_probe,best_in_menu_on_eval,0.0,True,,2437498
nq,38,recalibration,100,7762,100,ad_probe,ad_c(full_target_scalar_reference),0.00020278713596139086,True,0.04020997823764261,2438498
nq,38,selection,100,7762,100,ad_probe,best_in_menu_on_eval,0.0,True,,2438498
nq,39,recalibration,100,7783,100,ad_probe,ad_c(full_target_scalar_reference),0.0027961447860015975,True,0.020578904671728404,2439498
nq,39,selection,100,7783,100,ad_probe,best_in_menu_on_eval,0.0,True,,2439498
nq,40,recalibration,100,7752,100,ad_probe,ad_c(full_target_scalar_reference),0.0004030625301508217,True,0.048386531418949275,2440498
nq,40,selection,100,7752,100,ad_probe,best_in_menu_on_eval,0.0,True,,2440498
nq,41,recalibration,100,7858,100,ad_probe,ad_c(full_target_scalar_reference),0.002110725723494189,True,0.016739704906119146,2441498
nq,41,selection,100,7858,100,ad_probe,best_in_menu_on_eval,0.0,True,,2441498
nq,42,recalibration,100,7752,100,ad_probe,ad_c(full_target_scalar_reference),0.0006676597070391366,True,0.026733412261715328,2442498
nq,42,selection,100,7752,100,ad_probe,best_in_menu_on_eval,0.0,True,,2442498
nq,43,recalibration,100,7856,100,ad_probe,ad_c(full_target_scalar_reference),9.731219456754481e-05,True,0.0023501202550744726,2443498
nq,43,selection,100,7856,100,ad_probe,best_in_menu_on_eval,0.0,True,,2443498
nq,44,recalibration,100,7746,100,ad_probe,ad_c(full_target_scalar_reference),0.0006444347882295087,True,0.03733461661411669,2444498
nq,44,selection,100,7746,100,ad_probe,best_in_menu_on_eval,0.0,True,,2444498
nq,45,recalibration,100,7906,100,ad_probe,ad_c(full_target_scalar_reference),0.00012051558889264458,True,0.0033474212464144615,2445498
nq,45,selection,100,7906,100,ad_probe,best_in_menu_on_eval,0.0,True,,2445498
nq,46,recalibration,100,7990,100,ad_probe,ad_c(full_target_scalar_reference),0.0018355070413543229,True,0.03524048791528739,2446498
nq,46,selection,100,7990,100,ad_probe,best_in_menu_on_eval,0.0,True,,2446498
nq,47,recalibration,100,7843,100,ad_probe,ad_c(full_target_scalar_reference),6.489632086287278e-05,True,0.013690172349292151,2447498
nq,47,selection,100,7843,100,ad_probe,best_in_menu_on_eval,0.0,True,,2447498
nq,48,recalibration,100,8027,100,ad_probe,ad_c(full_target_scalar_reference),0.003361967189532855,True,0.05724751864457189,2448498
nq,48,selection,100,8027,100,ad_probe,best_in_menu_on_eval,0.0,True,,2448498
nq,49,recalibration,100,7885,100,ad_probe,ad_c(full_target_scalar_reference),0.002884689892446446,True,0.044483170226795654,2449498
nq,49,selection,100,7885,100,ad_probe,best_in_menu_on_eval,0.0,True,,2449498
hotpotqa,0,recalibration,5,495,5,ad_probe,ad_c(full_target_scalar_reference),0.008287539081656803,False,0.5476159649874586,2000801
hotpotqa,0,selection,5,495,5,glob_probe,best_in_menu_on_eval,0.039639173006355666,False,,2000801
hotpotqa,1,recalibration,5,548,5,ad_probe,ad_c(full_target_scalar_reference),0.006273572094005586,False,0.3269667230461277,2001801
hotpotqa,1,selection,5,548,5,ad_probe,best_in_menu_on_eval,0.0,True,,2001801
hotpotqa,2,recalibration,5,529,5,ad_probe,ad_c(full_target_scalar_reference),0.0005790110790110381,True,0.025882613414159872,2002801
hotpotqa,2,selection,5,529,5,glob_probe,best_in_menu_on_eval,0.04303731218245288,False,,2002801
hotpotqa,3,recalibration,5,546,5,ad_probe,ad_c(full_target_scalar_reference),0.004300562706522459,True,0.31274010731897417,2003801
hotpotqa,3,selection,5,546,5,glob_probe,best_in_menu_on_eval,0.0399128436577047,False,,2003801
hotpotqa,4,recalibration,5,502,5,ad_probe,ad_c(full_target_scalar_reference),0.004455656111615913,True,0.3210358174975696,2004801
hotpotqa,4,selection,5,502,5,ad_probe,best_in_menu_on_eval,0.0,True,,2004801
hotpotqa,5,recalibration,5,510,5,ad_probe,ad_c(full_target_scalar_reference),0.0009402068299126931,True,0.04754438075072076,2005801
hotpotqa,5,selection,5,510,5,trunc,best_in_menu_on_eval,0.12612931125852578,False,,2005801
hotpotqa,6,recalibration,5,465,5,ad_probe,ad_c(full_target_scalar_reference),0.011398889735577122,False,0.5339803337641047,2006801
hotpotqa,6,selection,5,465,5,glob_probe,best_in_menu_on_eval,0.018543898877442955,False,,2006801
hotpotqa,7,recalibration,5,508,5,ad_probe,ad_c(full_target_scalar_reference),0.002967846623806225,True,0.22362225162649163,2007801
hotpotqa,7,selection,5,508,5,glob_probe,best_in_menu_on_eval,0.03292575750194848,False,,2007801
hotpotqa,8,recalibration,5,532,5,ad_probe,ad_c(full_target_scalar_reference),0.0043143979703577084,True,0.31343058625914355,2008801
hotpotqa,8,selection,5,532,5,glob_probe,best_in_menu_on_eval,0.034246247072438285,False,,2008801
hotpotqa,9,recalibration,5,505,5,ad_probe,ad_c(full_target_scalar_reference),0.0014608049809456958,True,0.07976593133809495,2009801
hotpotqa,9,selection,5,505,5,ad_probe,best_in_menu_on_eval,0.0,True,,2009801
hotpotqa,10,recalibration,5,531,5,ad_probe,ad_c(full_target_scalar_reference),0.002034319789754546,True,0.11169189320047734,2010801
hotpotqa,10,selection,5,531,5,glob_probe,best_in_menu_on_eval,0.062068123392022945,False,,2010801
hotpotqa,11,recalibration,5,498,5,ad_probe,ad_c(full_target_scalar_reference),0.0009817108768515048,True,0.05410350583719947,2011801
hotpotqa,11,selection,5,498,5,ad_probe,best_in_menu_on_eval,0.0,True,,2011801
hotpotqa,12,recalibration,5,492,5,ad_probe,ad_c(full_target_scalar_reference),0.012965334138708762,False,0.6294054574439019,2012801
hotpotqa,12,selection,5,492,5,ad_probe,best_in_menu_on_eval,0.0,True,,2012801
hotpotqa,13,recalibration,5,433,5,ad_probe,ad_c(full_target_scalar_reference),0.0023674507734104955,True,0.18352987640681695,2013801
hotpotqa,13,selection,5,433,5,ad_probe,best_in_menu_on_eval,0.0,True,,2013801
hotpotqa,14,recalibration,5,534,5,ad_probe,ad_c(full_target_scalar_reference),0.008595836932524303,False,0.42561075750884103,2014801
hotpotqa,14,selection,5,534,5,glob_probe,best_in_menu_on_eval,0.02273777897415674,False,,2014801
hotpotqa,15,recalibration,5,520,5,ad_probe,ad_c(full_target_scalar_reference),0.0025911579971177323,True,0.19211586679552806,2015801
hotpotqa,15,selection,5,520,5,glob_probe,best_in_menu_on_eval,0.1122090431811793,False,,2015801
hotpotqa,16,recalibration,5,506,5,ad_probe,ad_c(full_target_scalar_reference),0.00101131190645265,True,0.0560760362139876,2016801
hotpotqa,16,selection,5,506,5,glob_probe,best_in_menu_on_eval,0.030344826522750834,False,,2016801
hotpotqa,17,recalibration,5,531,5,ad_probe,ad_c(full_target_scalar_reference),0.003408364814324494,True,0.26772794716943005,2017801
hotpotqa,17,selection,5,531,5,glob_probe,best_in_menu_on_eval,0.03475549423451901,False,,2017801
hotpotqa,18,recalibration,5,530,5,ad_probe,ad_c(full_target_scalar_reference),0.010837208438601642,False,0.5195590957137888,2018801
hotpotqa,18,selection,5,530,5,glob_probe,best_in_menu_on_eval,0.019087562156400395,False,,2018801
hotpotqa,19,recalibration,5,510,5,ad_probe,ad_c(full_target_scalar_reference),0.002608763514723389,True,0.18963273061755825,2019801
hotpotqa,19,selection,5,510,5,glob_probe,best_in_menu_on_eval,0.032563135139326405,False,,2019801
hotpotqa,20,recalibration,5,501,5,ad_probe,ad_c(full_target_scalar_reference),0.005651782945900519,False,0.4122855524671194,2020801
hotpotqa,20,selection,5,501,5,ad_probe,best_in_menu_on_eval,0.0,True,,2020801
hotpotqa,21,recalibration,5,540,5,ad_probe,ad_c(full_target_scalar_reference),0.013827257153495531,False,0.6741997671533635,2021801
hotpotqa,21,selection,5,540,5,glob_probe,best_in_menu_on_eval,0.07176063237402247,False,,2021801
hotpotqa,22,recalibration,5,518,5,ad_probe,ad_c(full_target_scalar_reference),0.013562470999003595,False,0.6527347685475753,2022801
hotpotqa,22,selection,5,518,5,ad_probe,best_in_menu_on_eval,0.0,True,,2022801
hotpotqa,23,recalibration,5,521,5,ad_probe,ad_c(full_target_scalar_reference),0.006170416990850469,False,0.31963720709867993,2023801
hotpotqa,23,selection,5,521,5,ad_probe,best_in_menu_on_eval,0.0,True,,2023801
hotpotqa,24,recalibration,5,510,5,ad_probe,ad_c(full_target_scalar_reference),0.007310958605076245,False,0.48978381713194663,2024801
hotpotqa,24,selection,5,510,5,trunc,best_in_menu_on_eval,0.13248783952146587,False,,2024801
hotpotqa,25,recalibration,5,468,5,ad_probe,ad_c(full_target_scalar_reference),0.0005631302082709233,True,0.03117536371472407,2025801
hotpotqa,25,selection,5,468,5,glob_probe,best_in_menu_on_eval,0.030795260473184705,False,,2025801
hotpotqa,26,recalibration,5,503,5,ad_probe,ad_c(full_target_scalar_reference),0.004292601370017635,True,0.22910254499756966,2026801
hotpotqa,26,selection,5,503,5,ad_probe,best_in_menu_on_eval,0.0,True,,2026801
hotpotqa,27,recalibration,5,485,5,ad_probe,ad_c(full_target_scalar_reference),0.007515913560031229,False,0.49758975137533823,2027801
hotpotqa,27,selection,5,485,5,glob_probe,best_in_menu_on_eval,0.03886304298022558,False,,2027801
hotpotqa,28,recalibration,5,502,5,ad_probe,ad_c(full_target_scalar_reference),0.002991763397723113,True,0.21859495459751765,2028801
hotpotqa,28,selection,5,502,5,glob_probe,best_in_menu_on_eval,0.08848891933450753,False,,2028801
hotpotqa,29,recalibration,5,509,5,ad_probe,ad_c(full_target_scalar_reference),0.0017349332550740115,True,0.09691276867595833,2029801
hotpotqa,29,selection,5,509,5,ad_probe,best_in_menu_on_eval,0.0,True,,2029801
hotpotqa,30,recalibration,5,523,5,ad_probe,ad_c(full_target_scalar_reference),0.002025310780745526,True,0.11107828515201645,2030801
hotpotqa,30,selection,5,523,5,ad_probe,best_in_menu_on_eval,0.0,True,,2030801
hotpotqa,31,recalibration,5,529,5,ad_probe,ad_c(full_target_scalar_reference),0.0018025008226415506,True,0.09691276867595833,2031801
hotpotqa,31,selection,5,529,5,glob_probe,best_in_menu_on_eval,0.02814929679938749,False,,2031801
hotpotqa,32,recalibration,5,544,5,ad_probe,ad_c(full_target_scalar_reference),0.005048736454696168,False,0.36075195921846626,2032801
hotpotqa,32,selection,5,544,5,ad_probe,best_in_menu_on_eval,0.0,True,,2032801
hotpotqa,33,recalibration,5,501,5,ad_probe,ad_c(full_target_scalar_reference),0.01199622911232806,False,0.5750559852285166,2033801
hotpotqa,33,selection,5,501,5,glob_probe,best_in_menu_on_eval,0.02355298877579093,False,,2033801
hotpotqa,34,recalibration,5,463,5,ad_probe,ad_c(full_target_scalar_reference),0.0076143594084771005,False,0.5141438014274036,2034801
hotpotqa,34,selection,5,463,5,ad_probe,best_in_menu_on_eval,0.0,True,,2034801
hotpotqa,35,recalibration,5,471,5,ad_probe,ad_c(full_target_scalar_reference),0.003952887515597747,True,0.21149700854858122,2035801
hotpotqa,35,selection,5,471,5,ad_probe,best_in_menu_on_eval,0.0,True,,2035801
hotpotqa,36,recalibration,5,515,5,ad_probe,ad_c(full_target_scalar_reference),0.014423674999913483,False,0.6945190380634727,2036801
hotpotqa,36,selection,5,515,5,glob_probe,best_in_menu_on_eval,0.016973003969830536,False,,2036801
hotpotqa,37,recalibration,5,506,5,ad_probe,ad_c(full_target_scalar_reference),0.00626070208113555,False,0.3266105564414208,2037801
hotpotqa,37,selection,5,506,5,ad_probe,best_in_menu_on_eval,0.0,True,,2037801
hotpotqa,38,recalibration,5,491,5,ad_probe,ad_c(full_target_scalar_reference),0.005828110648544105,False,0.3077405160252511,2038801
hotpotqa,38,selection,5,491,5,glob_probe,best_in_menu_on_eval,0.03663726896197622,False,,2038801
hotpotqa,39,recalibration,5,514,5,ad_probe,ad_c(full_target_scalar_reference),0.003385351791311497,True,0.24536941018646563,2039801
hotpotqa,39,selection,5,514,5,glob_probe,best_in_menu_on_eval,0.06752383100912512,False,,2039801
hotpotqa,40,recalibration,5,504,5,ad_probe,ad_c(full_target_scalar_reference),0.007302087012226344,False,0.3558316976186273,2040801
hotpotqa,40,selection,5,504,5,glob_probe,best_in_menu_on_eval,0.028265148893910796,False,,2040801
hotpotqa,41,recalibration,5,522,5,ad_probe,ad_c(full_target_scalar_reference),0.003146853194857635,True,0.1631192373733208,2041801
hotpotqa,41,selection,5,522,5,glob_probe,best_in_menu_on_eval,0.03240686919776603,False,,2041801
hotpotqa,42,recalibration,5,464,5,ad_probe,ad_c(full_target_scalar_reference),0.012929152712821468,False,0.6251288541046931,2042801
hotpotqa,42,selection,5,464,5,glob_probe,best_in_menu_on_eval,0.029520139381611354,False,,2042801
hotpotqa,43,recalibration,5,524,5,ad_probe,ad_c(full_target_scalar_reference),0.00116093730064315,True,0.05375175309218827,2043801
hotpotqa,43,selection,5,524,5,glob_probe,best_in_menu_on_eval,0.031110804420741767,False,,2043801
hotpotqa,44,recalibration,5,534,5,ad_probe,ad_c(full_target_scalar_reference),0.016303387739920294,False,0.7865587537772909,2044801
hotpotqa,44,selection,5,534,5,ad_probe,best_in_menu_on_eval,0.0,True,,2044801
hotpotqa,45,recalibration,5,538,5,ad_probe,ad_c(full_target_scalar_reference),0.007526950571068336,False,0.5155222498747192,2045801
hotpotqa,45,selection,5,538,5,ad_probe,best_in_menu_on_eval,0.0,True,,2045801
hotpotqa,46,recalibration,5,500,5,ad_probe,ad_c(full_target_scalar_reference),0.01762441934036363,False,0.8541194864068655,2046801
hotpotqa,46,selection,5,500,5,glob_probe,best_in_menu_on_eval,0.012286837741124823,False,,2046801
hotpotqa,47,recalibration,5,496,5,ad_probe,ad_c(full_target_scalar_reference),0.00581911936323698,False,0.4204599536499045,2047801
hotpotqa,47,selection,5,496,5,ad_probe,best_in_menu_on_eval,0.0,True,,2047801
hotpotqa,48,recalibration,5,462,5,ad_probe,ad_c(full_target_scalar_reference),0.0010550814447874979,True,0.052547533128423085,2048801
hotpotqa,48,selection,5,462,5,ad_probe,best_in_menu_on_eval,0.0,True,,2048801
hotpotqa,49,recalibration,5,479,5,ad_probe,ad_c(full_target_scalar_reference),0.011909923079040707,False,0.693484048133314,2049801
hotpotqa,49,selection,5,479,5,ad_probe,best_in_menu_on_eval,0.0,True,,2049801
hotpotqa,0,recalibration,10,970,10,ad_probe,ad_c(full_target_scalar_reference),0.004952087219873391,True,0.3431688147790275,739
hotpotqa,0,selection,10,970,10,glob_probe,best_in_menu_on_eval,0.03636741876241001,False,,739
hotpotqa,1,recalibration,10,1049,10,ad_probe,ad_c(full_target_scalar_reference),0.0006914864317217884,True,0.04452837067345672,1739
hotpotqa,1,selection,10,1049,10,ad_probe,best_in_menu_on_eval,0.0,True,,1739
hotpotqa,2,recalibration,10,1004,10,ad_probe,ad_c(full_target_scalar_reference),0.008300126198034385,False,0.3908763908840347,2739
hotpotqa,2,selection,10,1004,10,ad_probe,best_in_menu_on_eval,0.0,True,,2739
hotpotqa,3,recalibration,10,1033,10,ad_probe,ad_c(full_target_scalar_reference),0.0096035415631745,False,0.46739413170593935,3739
hotpotqa,3,selection,10,1033,10,glob_probe,best_in_menu_on_eval,0.025976268743866215,False,,3739
hotpotqa,4,recalibration,10,1008,10,ad_probe,ad_c(full_target_scalar_reference),0.0018466738534644866,True,0.09967982065990566,4739
hotpotqa,4,selection,10,1008,10,glob_probe,best_in_menu_on_eval,0.04062713400560913,False,,4739
hotpotqa,5,recalibration,10,936,10,ad_probe,ad_c(full_target_scalar_reference),0.006898407023690378,False,0.46969009297656616,5739
hotpotqa,5,selection,10,936,10,ad_probe,best_in_menu_on_eval,0.0,True,,5739
hotpotqa,6,recalibration,10,989,10,ad_probe,ad_c(full_target_scalar_reference),0.0008516965717777492,True,0.03770185321635311,6739
hotpotqa,6,selection,10,989,10,glob_probe,best_in_menu_on_eval,0.04343593940944063,False,,6739
hotpotqa,7,recalibration,10,978,10,ad_probe,ad_c(full_target_scalar_reference),0.004591524375716638,True,0.3265127149815188,7739
hotpotqa,7,selection,10,978,10,glob_probe,best_in_menu_on_eval,0.047108153961182064,False,,7739
hotpotqa,8,recalibration,10,994,10,ad_probe,ad_c(full_target_scalar_reference),0.0040030943565841914,True,0.21084574724851257,8739
hotpotqa,8,selection,10,994,10,glob_probe,best_in_menu_on_eval,0.03161459107960962,False,,8739
hotpotqa,9,recalibration,10,926,10,ad_probe,ad_c(full_target_scalar_reference),0.004003103706160083,True,0.29179496313251607,9739
hotpotqa,9,selection,10,926,10,glob_probe,best_in_menu_on_eval,0.06824998654493947,False,,9739
hotpotqa,10,recalibration,10,978,10,ad_probe,ad_c(full_target_scalar_reference),0.0045595076322433314,True,0.2380509270788831,10739
hotpotqa,10,selection,10,978,10,glob_probe,best_in_menu_on_eval,0.03103596202108566,False,,10739
hotpotqa,11,recalibration,10,1001,10,ad_probe,ad_c(full_target_scalar_reference),0.011934280995691826,False,0.570412368523342,11739
hotpotqa,11,selection,10,1001,10,glob_probe,best_in_menu_on_eval,0.0305823485897736,False,,11739
hotpotqa,12,recalibration,10,992,10,ad_probe,ad_c(full_target_scalar_reference),0.0005108429246359902,True,0.022099111685371042,12739
hotpotqa,12,selection,10,992,10,ad_probe,best_in_menu_on_eval,0.0,True,,12739
hotpotqa,13,recalibration,10,1031,10,ad_probe,ad_c(full_target_scalar_reference),0.004113440664878065,True,0.21586214396840853,13739
hotpotqa,13,selection,10,1031,10,ad_probe,best_in_menu_on_eval,0.0,True,,13739
hotpotqa,14,recalibration,10,975,10,ad_probe,ad_c(full_target_scalar_reference),0.002618469258645284,True,0.19172069363900301,14739
hotpotqa,14,selection,10,975,10,glob_probe,best_in_menu_on_eval,0.06684334120320279,False,,14739
hotpotqa,15,recalibration,10,1040,10,ad_probe,ad_c(full_target_scalar_reference),0.006923840510210777,False,0.3421943948970101,15739
hotpotqa,15,selection,10,1040,10,ad_probe,best_in_menu_on_eval,0.0,True,,15739
hotpotqa,16,recalibration,10,1065,10,ad_probe,ad_c(full_target_scalar_reference),0.002907504983939435,True,0.14792402314504938,16739
hotpotqa,16,selection,10,1065,10,ad_probe,best_in_menu_on_eval,0.0,True,,16739
hotpotqa,17,recalibration,10,994,10,ad_probe,ad_c(full_target_scalar_reference),0.0026518105698771777,True,0.2001905003882707,17739
hotpotqa,17,selection,10,994,10,glob_probe,best_in_menu_on_eval,0.04516566627832935,False,,17739
hotpotqa,18,recalibration,10,1020,10,ad_probe,ad_c(full_target_scalar_reference),0.0008118798788169235,True,0.03836025083162675,18739
hotpotqa,18,selection,10,1020,10,glob_probe,best_in_menu_on_eval,0.030761391134577376,False,,18739
hotpotqa,19,recalibration,10,1066,10,ad_probe,ad_c(full_target_scalar_reference),0.012475094325551883,False,0.594334245416418,19739
hotpotqa,19,selection,10,1066,10,glob_probe,best_in_menu_on_eval,0.06434458741024202,False,,19739
hotpotqa,20,recalibration,10,987,10,ad_probe,ad_c(full_target_scalar_reference),0.005041486964445507,False,0.34869368351973096,20739
hotpotqa,20,selection,10,987,10,glob_probe,best_in_menu_on_eval,0.034995505770352375,False,,20739
hotpotqa,21,recalibration,10,1026,10,ad_probe,ad_c(full_target_scalar_reference),0.004443169909414624,True,0.23457845221153995,21739
hotpotqa,21,selection,10,1026,10,ad_probe,best_in_menu_on_eval,0.0,True,,21739
hotpotqa,22,recalibration,10,1042,10,ad_probe,ad_c(full_target_scalar_reference),0.0034042299632701667,True,0.26747983298650424,22739
hotpotqa,22,selection,10,1042,10,glob_probe,best_in_menu_on_eval,0.033403968206377255,False,,22739
hotpotqa,23,recalibration,10,949,10,ad_probe,ad_c(full_target_scalar_reference),0.0016714945895610622,True,0.13843707208618983,23739
hotpotqa,23,selection,10,949,10,ad_probe,best_in_menu_on_eval,0.0,True,,23739
hotpotqa,24,recalibration,10,981,10,ad_probe,ad_c(full_target_scalar_reference),0.006812656248284421,False,0.4726612326739934,24739
hotpotqa,24,selection,10,981,10,glob_probe,best_in_menu_on_eval,0.04936083868477531,False,,24739
hotpotqa,25,recalibration,10,1003,10,ad_probe,ad_c(full_target_scalar_reference),0.0005805468469725072,True,0.030136262417228332,25739
hotpotqa,25,selection,10,1003,10,ad_probe,best_in_menu_on_eval,0.0,True,,25739
hotpotqa,26,recalibration,10,982,10,ad_probe,ad_c(full_target_scalar_reference),0.0013068890082373885,True,0.07044844269374817,26739
hotpotqa,26,selection,10,982,10,ad_probe,best_in_menu_on_eval,0.0,True,,26739
hotpotqa,27,recalibration,10,987,10,ad_probe,ad_c(full_target_scalar_reference),0.0029036352233245966,True,0.22263369544108147,27739
hotpotqa,27,selection,10,987,10,ad_probe,best_in_menu_on_eval,0.0,True,,27739
hotpotqa,28,recalibration,10,1039,10,ad_probe,ad_c(full_target_scalar_reference),0.0017447989427843424,True,0.11448548146307136,28739
hotpotqa,28,selection,10,1039,10,ad_probe,best_in_menu_on_eval,0.0,True,,28739
hotpotqa,29,recalibration,10,1049,10,ad_probe,ad_c(full_target_scalar_reference),0.008287757828667974,False,0.40754064848844407,29739
hotpotqa,29,selection,10,1049,10,ad_probe,best_in_menu_on_eval,0.0,True,,29739
hotpotqa,30,recalibration,10,960,10,ad_probe,ad_c(full_target_scalar_reference),0.0028951109551652587,True,0.21150062201276665,30739
hotpotqa,30,selection,10,960,10,glob_probe,best_in_menu_on_eval,0.1126230556783373,False,,30739
hotpotqa,31,recalibration,10,989,10,ad_probe,ad_c(full_target_scalar_reference),0.004864089234999369,True,0.2464382396459912,31739
hotpotqa,31,selection,10,989,10,glob_probe,best_in_menu_on_eval,0.02648620479828062,False,,31739
hotpotqa,32,recalibration,10,964,10,ad_probe,ad_c(full_target_scalar_reference),0.002610296228159892,True,0.1926128051262621,32739
hotpotqa,32,selection,10,964,10,ad_probe,best_in_menu_on_eval,0.0,True,,32739
hotpotqa,33,recalibration,10,1027,10,ad_probe,ad_c(full_target_scalar_reference),0.001159993583799035,True,0.06121111911408561,33739
hotpotqa,33,selection,10,1027,10,glob_probe,best_in_menu_on_eval,0.0344441692019552,False,,33739
hotpotqa,34,recalibration,10,1015,10,ad_probe,ad_c(full_target_scalar_reference),0.00310712506185562,True,0.15729568419065365,34739
hotpotqa,34,selection,10,1015,10,glob_probe,best_in_menu_on_eval,0.02687007543051889,False,,34739
hotpotqa,35,recalibration,10,1020,10,ad_probe,ad_c(full_target_scalar_reference),0.005618606040675989,False,0.2979734808433647,35739
hotpotqa,35,selection,10,1020,10,ad_probe,best_in_menu_on_eval,0.0,True,,35739
hotpotqa,36,recalibration,10,1055,10,ad_probe,ad_c(full_target_scalar_reference),0.0010371091809957544,True,0.05575485869272545,36739
hotpotqa,36,selection,10,1055,10,glob_probe,best_in_menu_on_eval,0.03458572774107971,False,,36739
hotpotqa,37,recalibration,10,1025,10,ad_probe,ad_c(full_target_scalar_reference),0.0009554561784501647,True,0.051514871490977,37739
hotpotqa,37,selection,10,1025,10,ad_probe,best_in_menu_on_eval,0.0,True,,37739
hotpotqa,38,recalibration,10,900,10,ad_probe,ad_c(full_target_scalar_reference),0.0040032110287826494,True,0.29136848713255703,38739
hotpotqa,38,selection,10,900,10,glob_probe,best_in_menu_on_eval,0.03542079634639245,False,,38739
hotpotqa,39,recalibration,10,882,10,ad_probe,ad_c(full_target_scalar_reference),0.00701581797274442,False,0.4767169739303869,39739
hotpotqa,39,selection,10,882,10,glob_probe,best_in_menu_on_eval,0.11678412575859187,False,,39739
hotpotqa,40,recalibration,10,1096,10,ad_probe,ad_c(full_target_scalar_reference),0.00397594259395917,True,0.20128611629809678,40739
hotpotqa,40,selection,10,1096,10,ad_probe,best_in_menu_on_eval,0.0,True,,40739
hotpotqa,41,recalibration,10,1062,10,ad_probe,ad_c(full_target_scalar_reference),0.0017442720862735905,True,0.11213211467949846,41739
hotpotqa,41,selection,10,1062,10,glob_probe,best_in_menu_on_eval,0.031740790650704676,False,,41739
hotpotqa,42,recalibration,10,920,10,ad_probe,ad_c(full_target_scalar_reference),0.00042128307716104985,True,0.01970191176593672,42739
hotpotqa,42,selection,10,920,10,ad_probe,best_in_menu_on_eval,0.0,True,,42739
hotpotqa,43,recalibration,10,1018,10,ad_probe,ad_c(full_target_scalar_reference),0.0037396296698666287,True,0.27666872540696996,43739
hotpotqa,43,selection,10,1018,10,glob_probe,best_in_menu_on_eval,0.046240482829819296,False,,43739
hotpotqa,44,recalibration,10,1072,10,ad_probe,ad_c(full_target_scalar_reference),0.009512210011396793,False,0.46450107551772546,44739
hotpotqa,44,selection,10,1072,10,glob_probe,best_in_menu_on_eval,0.021901189723934067,False,,44739
hotpotqa,45,recalibration,10,1009,10,ad_probe,ad_c(full_target_scalar_reference),0.004019622040454585,True,0.21033098802046912,45739
hotpotqa,45,selection,10,1009,10,glob_probe,best_in_menu_on_eval,0.02737123994414392,False,,45739
hotpotqa,46,recalibration,10,962,10,ad_probe,ad_c(full_target_scalar_reference),0.001686949047206343,True,0.13924330630140758,46739
hotpotqa,46,selection,10,962,10,ad_probe,best_in_menu_on_eval,0.0,True,,46739
hotpotqa,47,recalibration,10,1026,10,ad_probe,ad_c(full_target_scalar_reference),0.0027228776591997628,True,0.19721502899289622,47739
hotpotqa,47,selection,10,1026,10,glob_probe,best_in_menu_on_eval,0.03270587357319127,False,,47739
hotpotqa,48,recalibration,10,1010,10,ad_probe,ad_c(full_target_scalar_reference),0.0015905865803148567,True,0.0915444770620828,48739
hotpotqa,48,selection,10,1010,10,ad_probe,best_in_menu_on_eval,0.0,True,,48739
hotpotqa,49,recalibration,10,1020,10,ad_probe,ad_c(full_target_scalar_reference),0.0017601363212049748,True,0.1196999584355356,49739
hotpotqa,49,selection,10,1020,10,glob_probe,best_in_menu_on_eval,0.04429930365740281,False,,49739
hotpotqa,0,recalibration,20,1988,20,ad_probe,ad_c(full_target_scalar_reference),0.0015314397171499738,True,0.08345406042158765,2200822
hotpotqa,0,selection,20,1988,20,ad_probe,best_in_menu_on_eval,0.0,True,,2200822
hotpotqa,1,recalibration,20,1988,20,ad_probe,ad_c(full_target_scalar_reference),0.0012680357773751094,True,0.07070032924264091,2201822
hotpotqa,1,selection,20,1988,20,ad_probe,best_in_menu_on_eval,0.0,True,,2201822
hotpotqa,2,recalibration,20,2100,20,ad_probe,ad_c(full_target_scalar_reference),0.0010495942430707172,True,0.051925178791488724,2202822
hotpotqa,2,selection,20,2100,20,ad_probe,best_in_menu_on_eval,0.0,True,,2202822
hotpotqa,3,recalibration,20,2139,20,ad_probe,ad_c(full_target_scalar_reference),0.009111563565386949,False,0.44254334028937925,2203822
hotpotqa,3,selection,20,2139,20,ad_probe,best_in_menu_on_eval,0.0,True,,2203822
hotpotqa,4,recalibration,20,1964,20,ad_probe,ad_c(full_target_scalar_reference),0.0017520953240793835,True,0.12115549329713238,2204822
hotpotqa,4,selection,20,1964,20,ad_probe,best_in_menu_on_eval,0.0,True,,2204822
hotpotqa,5,recalibration,20,1953,20,ad_probe,ad_c(full_target_scalar_reference),0.002854002143657164,True,0.21555835389270306,2205822
hotpotqa,5,selection,20,1953,20,glob_probe,best_in_menu_on_eval,0.034324769219120366,False,,2205822
hotpotqa,6,recalibration,20,2057,20,ad_probe,ad_c(full_target_scalar_reference),0.0018014836097574038,True,0.14352159473729986,2206822
hotpotqa,6,selection,20,2057,20,ad_probe,best_in_menu_on_eval,0.0,True,,2206822
hotpotqa,7,recalibration,20,2075,20,ad_probe,ad_c(full_target_scalar_reference),0.0017621093828408263,True,0.11355804570559447,2207822
hotpotqa,7,selection,20,2075,20,glob_probe,best_in_menu_on_eval,0.03753280583842139,False,,2207822
hotpotqa,8,recalibration,20,1974,20,ad_probe,ad_c(full_target_scalar_reference),0.0017601749597824234,True,0.11272834050394143,2208822
hotpotqa,8,selection,20,1974,20,glob_probe,best_in_menu_on_eval,0.04435436518755992,False,,2208822
hotpotqa,9,recalibration,20,2001,20,ad_probe,ad_c(full_target_scalar_reference),0.001688904170840888,True,0.12096072050479711,2209822
hotpotqa,9,selection,20,2001,20,ad_probe,best_in_menu_on_eval,0.0,True,,2209822
hotpotqa,10,recalibration,20,2061,20,ad_probe,ad_c(full_target_scalar_reference),0.0018985022153902298,True,0.10426921408604062,2210822
hotpotqa,10,selection,20,2061,20,ad_probe,best_in_menu_on_eval,0.0,True,,2210822
hotpotqa,11,recalibration,20,2059,20,ad_probe,ad_c(full_target_scalar_reference),0.001051528666129009,True,0.051552984910626654,2211822
hotpotqa,11,selection,20,2059,20,glob_probe,best_in_menu_on_eval,0.03669294118064498,False,,2211822
hotpotqa,12,recalibration,20,1990,20,ad_probe,ad_c(full_target_scalar_reference),0.007705218821834614,False,0.3658228300077855,2212822
hotpotqa,12,selection,20,1990,20,ad_probe,best_in_menu_on_eval,0.0,True,,2212822
hotpotqa,13,recalibration,20,2027,20,ad_probe,ad_c(full_target_scalar_reference),0.004325839488043881,True,0.2250388524728153,2213822
hotpotqa,13,selection,20,2027,20,glob_probe,best_in_menu_on_eval,0.03132266591101934,False,,2213822
hotpotqa,14,recalibration,20,1911,20,ad_probe,ad_c(full_target_scalar_reference),0.002867311635639691,True,0.20837231825882374,2214822
hotpotqa,14,selection,20,1911,20,ad_probe,best_in_menu_on_eval,0.0,True,,2214822
hotpotqa,15,recalibration,20,1948,20,ad_probe,ad_c(full_target_scalar_reference),0.0008438225432132462,True,0.037477519513891444,2215822
hotpotqa,15,selection,20,1948,20,ad_probe,best_in_menu_on_eval,0.0,True,,2215822
hotpotqa,16,recalibration,20,2058,20,ad_probe,ad_c(full_target_scalar_reference),0.008895507147570259,False,0.43544711399210523,2216822
hotpotqa,16,selection,20,2058,20,ad_probe,best_in_menu_on_eval,0.0,True,,2216822
hotpotqa,17,recalibration,20,1988,20,ad_probe,ad_c(full_target_scalar_reference),0.003239720532236978,True,0.17374624406021844,2217822
hotpotqa,17,selection,20,1988,20,ad_probe,best_in_menu_on_eval,0.0,True,,2217822
hotpotqa,18,recalibration,20,2105,20,ad_probe,ad_c(full_target_scalar_reference),0.005981027493716373,False,0.31471124109513027,2218822
hotpotqa,18,selection,20,2105,20,ad_probe,best_in_menu_on_eval,0.0,True,,2218822
hotpotqa,19,recalibration,20,2092,20,ad_probe,ad_c(full_target_scalar_reference),0.0035311011947991577,True,0.186988132309575,2219822
hotpotqa,19,selection,20,2092,20,ad_probe,best_in_menu_on_eval,0.0,True,,2219822
hotpotqa,20,recalibration,20,1924,20,ad_probe,ad_c(full_target_scalar_reference),0.0013760410647981614,True,0.072297602237269,2220822
hotpotqa,20,selection,20,1924,20,ad_probe,best_in_menu_on_eval,0.0,True,,2220822
hotpotqa,21,recalibration,20,1989,20,ad_probe,ad_c(full_target_scalar_reference),0.0019303444427483107,True,0.15416481491366496,2221822
hotpotqa,21,selection,20,1989,20,glob_probe,best_in_menu_on_eval,0.03344495844086681,False,,2221822
hotpotqa,22,recalibration,20,1968,20,ad_probe,ad_c(full_target_scalar_reference),8.496731584095585e-06,True,0.006319223741254154,2222822
hotpotqa,22,selection,20,1968,20,glob_probe,best_in_menu_on_eval,0.0299663221206502,False,,2222822
hotpotqa,23,recalibration,20,1910,20,ad_probe,ad_c(full_target_scalar_reference),0.0016601564948353076,True,0.09642983378243764,2223822
hotpotqa,23,selection,20,1910,20,ad_probe,best_in_menu_on_eval,0.0,True,,2223822
hotpotqa,24,recalibration,20,1951,20,ad_probe,ad_c(full_target_scalar_reference),0.003687413071854828,True,0.27504508382620974,2224822
hotpotqa,24,selection,20,1951,20,ad_probe,best_in_menu_on_eval,0.0,True,,2224822
hotpotqa,25,recalibration,20,1997,20,ad_probe,ad_c(full_target_scalar_reference),0.008013255292203258,False,0.38337710201745234,2225822
hotpotqa,25,selection,20,1997,20,glob_probe,best_in_menu_on_eval,0.027622414695890773,False,,2225822
hotpotqa,26,recalibration,20,2020,20,ad_probe,ad_c(full_target_scalar_reference),0.0005425519540672719,True,0.03524792098331919,2226822
hotpotqa,26,selection,20,2020,20,glob_probe,best_in_menu_on_eval,0.042087317632341414,False,,2226822
hotpotqa,27,recalibration,20,1862,20,ad_probe,ad_c(full_target_scalar_reference),4.513653802751261e-05,True,0.001446729658244772,2227822
hotpotqa,27,selection,20,1862,20,glob_probe,best_in_menu_on_eval,0.08575796949571513,False,,2227822
hotpotqa,28,recalibration,20,1956,20,ad_probe,ad_c(full_target_scalar_reference),0.0016563481464093588,True,0.13858696952393657,2228822
hotpotqa,28,selection,20,1956,20,glob_probe,best_in_menu_on_eval,0.033235442913138624,False,,2228822
hotpotqa,29,recalibration,20,1875,20,ad_probe,ad_c(full_target_scalar_reference),0.0038832001329094368,True,0.2866569561833676,2229822
hotpotqa,29,selection,20,1875,20,glob_probe,best_in_menu_on_eval,0.046534133437064196,False,,2229822
hotpotqa,30,recalibration,20,2055,20,ad_probe,ad_c(full_target_scalar_reference),0.010409686080005587,False,0.5006111401149,2230822
hotpotqa,30,selection,20,2055,20,glob_probe,best_in_menu_on_eval,0.019542336039885533,False,,2230822
hotpotqa,31,recalibration,20,1876,20,ad_probe,ad_c(full_target_scalar_reference),0.0034615966104256657,True,0.25954419567051445,2231822
hotpotqa,31,selection,20,1876,20,ad_probe,best_in_menu_on_eval,0.0,True,,2231822
hotpotqa,32,recalibration,20,2127,20,ad_probe,ad_c(full_target_scalar_reference),0.0006232134125215838,True,0.043482727565058665,2232822
hotpotqa,32,selection,20,2127,20,ad_probe,best_in_menu_on_eval,0.0,True,,2232822
hotpotqa,33,recalibration,20,1990,20,ad_probe,ad_c(full_target_scalar_reference),3.7744546884654895e-05,True,0.007887045018450944,2233822
hotpotqa,33,selection,20,1990,20,ad_probe,best_in_menu_on_eval,0.0,True,,2233822
hotpotqa,34,recalibration,20,1880,20,ad_probe,ad_c(full_target_scalar_reference),0.0005801657357569212,True,0.039706533260644106,2234822
hotpotqa,34,selection,20,1880,20,ad_probe,best_in_menu_on_eval,0.0,True,,2234822
hotpotqa,35,recalibration,20,1937,20,ad_probe,ad_c(full_target_scalar_reference),0.0018074768637011962,True,0.09875755235432737,2235822
hotpotqa,35,selection,20,1937,20,ad_probe,best_in_menu_on_eval,0.0,True,,2235822
hotpotqa,36,recalibration,20,1954,20,ad_probe,ad_c(full_target_scalar_reference),0.005007826653608993,False,0.35144894893794465,2236822
hotpotqa,36,selection,20,1954,20,glob_probe,best_in_menu_on_eval,0.04072539434957895,False,,2236822
hotpotqa,37,recalibration,20,2003,20,ad_probe,ad_c(full_target_scalar_reference),0.001902601178715213,True,0.15102425940517406,2237822
hotpotqa,37,selection,20,2003,20,ad_probe,best_in_menu_on_eval,0.0,True,,2237822
hotpotqa,38,recalibration,20,1981,20,ad_probe,ad_c(full_target_scalar_reference),0.0005258795022122786,True,0.027533989009964843,2238822
hotpotqa,38,selection,20,1981,20,ad_probe,best_in_menu_on_eval,0.0,True,,2238822
hotpotqa,39,recalibration,20,2133,20,ad_probe,ad_c(full_target_scalar_reference),0.0023054217082947304,True,0.12995797164271772,2239822
hotpotqa,39,selection,20,2133,20,glob_probe,best_in_menu_on_eval,0.040295861404029854,False,,2239822
hotpotqa,40,recalibration,20,2013,20,ad_probe,ad_c(full_target_scalar_reference),0.00046270788860058865,True,0.02062048467348432,2240822
hotpotqa,40,selection,20,2013,20,ad_probe,best_in_menu_on_eval,0.0,True,,2240822
hotpotqa,41,recalibration,20,2045,20,ad_probe,ad_c(full_target_scalar_reference),0.0013360024665428627,True,0.0733147159426768,2241822
hotpotqa,41,selection,20,2045,20,glob_probe,best_in_menu_on_eval,0.03431753739253118,False,,2241822
hotpotqa,42,recalibration,20,1963,20,ad_probe,ad_c(full_target_scalar_reference),0.003396695739837585,True,0.2589649921903876,2242822
hotpotqa,42,selection,20,1963,20,glob_probe,best_in_menu_on_eval,0.04600206263417411,False,,2242822
hotpotqa,43,recalibration,20,1968,20,ad_probe,ad_c(full_target_scalar_reference),0.004558351732231625,True,0.3291941776341336,2243822
hotpotqa,43,selection,20,1968,20,ad_probe,best_in_menu_on_eval,0.0,True,,2243822
hotpotqa,44,recalibration,20,2001,20,ad_probe,ad_c(full_target_scalar_reference),0.0028920457971374214,True,0.21550611340580095,2244822
hotpotqa,44,selection,20,2001,20,glob_probe,best_in_menu_on_eval,0.04544109948688729,False,,2244822
hotpotqa,45,recalibration,20,2010,20,ad_probe,ad_c(full_target_scalar_reference),0.0016962657252572733,True,0.09615307241744175,2245822
hotpotqa,45,selection,20,2010,20,ad_probe,best_in_menu_on_eval,0.0,True,,2245822
hotpotqa,46,recalibration,20,2044,20,ad_probe,ad_c(full_target_scalar_reference),0.0034591798512222383,True,0.1818791319631703,2246822
hotpotqa,46,selection,20,2044,20,ad_probe,best_in_menu_on_eval,0.0,True,,2246822
hotpotqa,47,recalibration,20,2088,20,ad_probe,ad_c(full_target_scalar_reference),0.0015750081760970147,True,0.08973179404244269,2247822
hotpotqa,47,selection,20,2088,20,glob_probe,best_in_menu_on_eval,0.0340479198514172,False,,2247822
hotpotqa,48,recalibration,20,1944,20,ad_probe,ad_c(full_target_scalar_reference),0.0022133143127188726,True,0.17803764367620212,2248822
hotpotqa,48,selection,20,1944,20,ad_probe,best_in_menu_on_eval,0.0,True,,2248822
hotpotqa,49,recalibration,20,1899,20,ad_probe,ad_c(full_target_scalar_reference),0.003598698533892719,True,0.1925966185790211,2249822
hotpotqa,49,selection,20,1899,20,ad_probe,best_in_menu_on_eval,0.0,True,,2249822
hotpotqa,0,recalibration,50,4918,50,ad_probe,ad_c(full_target_scalar_reference),0.00045774227283390534,True,0.021343503939490027,2300473
hotpotqa,0,selection,50,4918,50,ad_probe,best_in_menu_on_eval,0.0,True,,2300473
hotpotqa,1,recalibration,50,5024,50,ad_probe,ad_c(full_target_scalar_reference),0.003519994025964035,True,0.18652115184707685,2301473
hotpotqa,1,selection,50,5024,50,ad_probe,best_in_menu_on_eval,0.0,True,,2301473
hotpotqa,2,recalibration,50,4961,50,ad_probe,ad_c(full_target_scalar_reference),0.0016967807286096814,True,0.13033500699807665,2302473
hotpotqa,2,selection,50,4961,50,glob_probe,best_in_menu_on_eval,0.06621517703314805,False,,2302473
hotpotqa,3,recalibration,50,5106,50,ad_probe,ad_c(full_target_scalar_reference),0.0015814324106696587,True,0.08970658659223552,2303473
hotpotqa,3,selection,50,5106,50,ad_probe,best_in_menu_on_eval,0.0,True,,2303473
hotpotqa,4,recalibration,50,5046,50,ad_probe,ad_c(full_target_scalar_reference),0.005264479285265078,False,0.27106321343578954,2304473
hotpotqa,4,selection,50,5046,50,ad_probe,best_in_menu_on_eval,0.0,True,,2304473
hotpotqa,5,recalibration,50,5015,50,ad_probe,ad_c(full_target_scalar_reference),0.0004705665208725174,True,0.021336457411289755,2305473
hotpotqa,5,selection,50,5015,50,glob_probe,best_in_menu_on_eval,0.030620440234269297,False,,2305473
hotpotqa,6,recalibration,50,5128,50,ad_probe,ad_c(full_target_scalar_reference),0.003227377701236711,True,0.16890879746577814,2306473
hotpotqa,6,selection,50,5128,50,ad_probe,best_in_menu_on_eval,0.0,True,,2306473
hotpotqa,7,recalibration,50,4992,50,ad_probe,ad_c(full_target_scalar_reference),0.0025703134954122575,True,0.19949473700569298,2307473
hotpotqa,7,selection,50,4992,50,ad_probe,best_in_menu_on_eval,0.0,True,,2307473
hotpotqa,8,recalibration,50,5047,50,ad_probe,ad_c(full_target_scalar_reference),0.0011682444957823446,True,0.06366228583647149,2308473
hotpotqa,8,selection,50,5047,50,glob_probe,best_in_menu_on_eval,0.030460686105368673,False,,2308473
hotpotqa,9,recalibration,50,5063,50,ad_probe,ad_c(full_target_scalar_reference),0.002023880397805322,True,0.11520647384010485,2309473
hotpotqa,9,selection,50,5063,50,ad_probe,best_in_menu_on_eval,0.0,True,,2309473
hotpotqa,10,recalibration,50,5063,50,ad_probe,ad_c(full_target_scalar_reference),0.0016708126638924625,True,0.09966686244993483,2310473
hotpotqa,10,selection,50,5063,50,ad_probe,best_in_menu_on_eval,0.0,True,,2310473
hotpotqa,11,recalibration,50,4991,50,ad_probe,ad_c(full_target_scalar_reference),0.0010565448803437905,True,0.05756027588240875,2311473
hotpotqa,11,selection,50,4991,50,ad_probe,best_in_menu_on_eval,0.0,True,,2311473
hotpotqa,12,recalibration,50,5059,50,ad_probe,ad_c(full_target_scalar_reference),0.0007261180747301088,True,0.046420983176062025,2312473
hotpotqa,12,selection,50,5059,50,ad_probe,best_in_menu_on_eval,0.0,True,,2312473
hotpotqa,13,recalibration,50,5105,50,ad_probe,ad_c(full_target_scalar_reference),0.00039109442103568703,True,0.01853145786197774,2313473
hotpotqa,13,selection,50,5105,50,ad_probe,best_in_menu_on_eval,0.0,True,,2313473
hotpotqa,14,recalibration,50,4940,50,ad_probe,ad_c(full_target_scalar_reference),0.0035432214217270275,True,0.18980217570674252,2314473
hotpotqa,14,selection,50,4940,50,ad_probe,best_in_menu_on_eval,0.0,True,,2314473
hotpotqa,15,recalibration,50,5024,50,ad_probe,ad_c(full_target_scalar_reference),0.0031516471020526238,True,0.16574818435571825,2315473
hotpotqa,15,selection,50,5024,50,ad_probe,best_in_menu_on_eval,0.0,True,,2315473
hotpotqa,16,recalibration,50,4945,50,ad_probe,ad_c(full_target_scalar_reference),0.0019440131391480486,True,0.10064747597545387,2316473
hotpotqa,16,selection,50,4945,50,ad_probe,best_in_menu_on_eval,0.0,True,,2316473
hotpotqa,17,recalibration,50,5005,50,ad_probe,ad_c(full_target_scalar_reference),0.0016389263539640098,True,0.10445520597720548,2317473
hotpotqa,17,selection,50,5005,50,ad_probe,best_in_menu_on_eval,0.0,True,,2317473
hotpotqa,18,recalibration,50,5088,50,ad_probe,ad_c(full_target_scalar_reference),0.0026293480479887554,True,0.19306315464000767,2318473
hotpotqa,18,selection,50,5088,50,ad_probe,best_in_menu_on_eval,0.0,True,,2318473
hotpotqa,19,recalibration,50,5045,50,ad_probe,ad_c(full_target_scalar_reference),0.0017787397092769996,True,0.10764247813713701,2319473
hotpotqa,19,selection,50,5045,50,ad_probe,best_in_menu_on_eval,0.0,True,,2319473
hotpotqa,20,recalibration,50,4968,50,ad_probe,ad_c(full_target_scalar_reference),0.0017675506566195986,True,0.12015300648039084,2320473
hotpotqa,20,selection,50,4968,50,ad_probe,best_in_menu_on_eval,0.0,True,,2320473
hotpotqa,21,recalibration,50,5101,50,ad_probe,ad_c(full_target_scalar_reference),0.003424325286515595,True,0.18342733964286517,2321473
hotpotqa,21,selection,50,5101,50,ad_probe,best_in_menu_on_eval,0.0,True,,2321473
hotpotqa,22,recalibration,50,5010,50,ad_probe,ad_c(full_target_scalar_reference),0.0008270760888027251,True,0.036926495495660516,2322473
hotpotqa,22,selection,50,5010,50,glob_probe,best_in_menu_on_eval,0.030962398298864935,False,,2322473
hotpotqa,23,recalibration,50,5068,50,ad_probe,ad_c(full_target_scalar_reference),0.0014042532939936292,True,0.07586631625263984,2323473
hotpotqa,23,selection,50,5068,50,ad_probe,best_in_menu_on_eval,0.0,True,,2323473
hotpotqa,24,recalibration,50,5126,50,ad_probe,ad_c(full_target_scalar_reference),0.0009585843214426903,True,0.04730353197262249,2324473
hotpotqa,24,selection,50,5126,50,ad_probe,best_in_menu_on_eval,0.0,True,,2324473
hotpotqa,25,recalibration,50,5055,50,ad_probe,ad_c(full_target_scalar_reference),2.9246378668523754e-05,True,0.009221004854782278,2325473
hotpotqa,25,selection,50,5055,50,ad_probe,best_in_menu_on_eval,0.0,True,,2325473
hotpotqa,26,recalibration,50,5078,50,ad_probe,ad_c(full_target_scalar_reference),0.001348573646199891,True,0.07279462102654288,2326473
hotpotqa,26,selection,50,5078,50,ad_probe,best_in_menu_on_eval,0.0,True,,2326473
hotpotqa,27,recalibration,50,4982,50,ad_probe,ad_c(full_target_scalar_reference),0.00023878681934419443,True,0.005217267855108121,2327473
hotpotqa,27,selection,50,4982,50,ad_probe,best_in_menu_on_eval,0.0,True,,2327473
hotpotqa,28,recalibration,50,5043,50,ad_probe,ad_c(full_target_scalar_reference),0.00045963151880457076,True,0.025767658968139484,2328473
hotpotqa,28,selection,50,5043,50,ad_probe,best_in_menu_on_eval,0.0,True,,2328473
hotpotqa,29,recalibration,50,4929,50,ad_probe,ad_c(full_target_scalar_reference),0.003399511489804108,True,0.23447542479678596,2329473
hotpotqa,29,selection,50,4929,50,ad_probe,best_in_menu_on_eval,0.0,True,,2329473
hotpotqa,30,recalibration,50,5007,50,ad_probe,ad_c(full_target_scalar_reference),0.0019518142365323454,True,0.15544962998747835,2330473
hotpotqa,30,selection,50,5007,50,ad_probe,best_in_menu_on_eval,0.0,True,,2330473
hotpotqa,31,recalibration,50,5057,50,ad_probe,ad_c(full_target_scalar_reference),0.001233464040947485,True,0.0679659616750341,2331473
hotpotqa,31,selection,50,5057,50,ad_probe,best_in_menu_on_eval,0.0,True,,2331473
hotpotqa,32,recalibration,50,5041,50,ad_probe,ad_c(full_target_scalar_reference),0.0023672676548567306,True,0.1264138479953434,2332473
hotpotqa,32,selection,50,5041,50,ad_probe,best_in_menu_on_eval,0.0,True,,2332473
hotpotqa,33,recalibration,50,5089,50,ad_probe,ad_c(full_target_scalar_reference),0.0012934599405083347,True,0.07080720895700554,2333473
hotpotqa,33,selection,50,5089,50,ad_probe,best_in_menu_on_eval,0.0,True,,2333473
hotpotqa,34,recalibration,50,4858,50,ad_probe,ad_c(full_target_scalar_reference),0.0013291131851934646,True,0.07865867435496532,2334473
hotpotqa,34,selection,50,4858,50,ad_probe,best_in_menu_on_eval,0.0,True,,2334473
hotpotqa,35,recalibration,50,5019,50,ad_probe,ad_c(full_target_scalar_reference),0.0017989077369146012,True,0.09806968613302813,2335473
hotpotqa,35,selection,50,5019,50,ad_probe,best_in_menu_on_eval,0.0,True,,2335473
hotpotqa,36,recalibration,50,4849,50,ad_probe,ad_c(full_target_scalar_reference),0.0016691597356590648,True,0.10499069329473065,2336473
hotpotqa,36,selection,50,4849,50,ad_probe,best_in_menu_on_eval,0.0,True,,2336473
hotpotqa,37,recalibration,50,4995,50,ad_probe,ad_c(full_target_scalar_reference),0.0012414834646610196,True,0.06995921016149675,2337473
hotpotqa,37,selection,50,4995,50,glob_probe,best_in_menu_on_eval,0.044095842284219144,False,,2337473
hotpotqa,38,recalibration,50,4968,50,ad_probe,ad_c(full_target_scalar_reference),0.003472426104000892,True,0.17771520477804725,2338473
hotpotqa,38,selection,50,4968,50,ad_probe,best_in_menu_on_eval,0.0,True,,2338473
hotpotqa,39,recalibration,50,4891,50,ad_probe,ad_c(full_target_scalar_reference),0.002355937493968341,True,0.13092828194758055,2339473
hotpotqa,39,selection,50,4891,50,glob_probe,best_in_menu_on_eval,0.06222869667422448,False,,2339473
hotpotqa,40,recalibration,50,4824,50,ad_probe,ad_c(full_target_scalar_reference),0.004969644013869456,True,0.34757967874829876,2340473
hotpotqa,40,selection,50,4824,50,ad_probe,best_in_menu_on_eval,0.0,True,,2340473
hotpotqa,41,recalibration,50,4757,50,ad_probe,ad_c(full_target_scalar_reference),0.0047623374243499494,True,0.33845232097606837,2341473
hotpotqa,41,selection,50,4757,50,ad_probe,best_in_menu_on_eval,0.0,True,,2341473
hotpotqa,42,recalibration,50,5093,50,ad_probe,ad_c(full_target_scalar_reference),0.003274977204988594,True,0.17289535403654965,2342473
hotpotqa,42,selection,50,5093,50,ad_probe,best_in_menu_on_eval,0.0,True,,2342473
hotpotqa,43,recalibration,50,4874,50,ad_probe,ad_c(full_target_scalar_reference),0.0021410984774822284,True,0.1645632242579087,2343473
hotpotqa,43,selection,50,4874,50,ad_probe,best_in_menu_on_eval,0.0,True,,2343473
hotpotqa,44,recalibration,50,5002,50,ad_probe,ad_c(full_target_scalar_reference),0.0011574654312688226,True,0.0548640470725108,2344473
hotpotqa,44,selection,50,5002,50,ad_probe,best_in_menu_on_eval,0.0,True,,2344473
hotpotqa,45,recalibration,50,5096,50,ad_probe,ad_c(full_target_scalar_reference),0.0013402011228619282,True,0.0666100169691548,2345473
hotpotqa,45,selection,50,5096,50,glob_probe,best_in_menu_on_eval,0.031556074249640964,False,,2345473
hotpotqa,46,recalibration,50,4958,50,ad_probe,ad_c(full_target_scalar_reference),0.0006665439906828885,True,0.043811952790771214,2346473
hotpotqa,46,selection,50,4958,50,ad_probe,best_in_menu_on_eval,0.0,True,,2346473
hotpotqa,47,recalibration,50,5059,50,ad_probe,ad_c(full_target_scalar_reference),0.0005237368016486332,True,0.03354977526217229,2347473
hotpotqa,47,selection,50,5059,50,ad_probe,best_in_menu_on_eval,0.0,True,,2347473
hotpotqa,48,recalibration,50,5006,50,ad_probe,ad_c(full_target_scalar_reference),0.0006922588906328464,True,0.04460665376070483,2348473
hotpotqa,48,selection,50,5006,50,ad_probe,best_in_menu_on_eval,0.0,True,,2348473
hotpotqa,49,recalibration,50,5171,50,ad_probe,ad_c(full_target_scalar_reference),0.0032161554466426656,True,0.16910801890207883,2349473
hotpotqa,49,selection,50,5171,50,glob_probe,best_in_menu_on_eval,0.02704633319921962,False,,2349473
hotpotqa,0,recalibration,100,10020,100,ad_probe,ad_c(full_target_scalar_reference),0.0010407605375492013,True,0.05541870540398919,2400938
hotpotqa,0,selection,100,10020,100,ad_probe,best_in_menu_on_eval,0.0,True,,2400938
hotpotqa,1,recalibration,100,10182,100,ad_probe,ad_c(full_target_scalar_reference),0.0012950518633572106,True,0.06689593102150226,2401938
hotpotqa,1,selection,100,10182,100,ad_probe,best_in_menu_on_eval,0.0,True,,2401938
hotpotqa,2,recalibration,100,10036,100,ad_probe,ad_c(full_target_scalar_reference),0.00011277337766057993,True,0.0025082176039619153,2402938
hotpotqa,2,selection,100,10036,100,ad_probe,best_in_menu_on_eval,0.0,True,,2402938
hotpotqa,3,recalibration,100,10043,100,ad_probe,ad_c(full_target_scalar_reference),0.0014940072163166507,True,0.08142251611522777,2403938
hotpotqa,3,selection,100,10043,100,ad_probe,best_in_menu_on_eval,0.0,True,,2403938
hotpotqa,4,recalibration,100,10095,100,ad_probe,ad_c(full_target_scalar_reference),0.0014297171585386792,True,0.08595393952839792,2404938
hotpotqa,4,selection,100,10095,100,ad_probe,best_in_menu_on_eval,0.0,True,,2404938
hotpotqa,5,recalibration,100,9873,100,ad_probe,ad_c(full_target_scalar_reference),0.0011577827092986714,True,0.0539668830558615,2405938
hotpotqa,5,selection,100,9873,100,glob_probe,best_in_menu_on_eval,0.04423603955539129,False,,2405938
hotpotqa,6,recalibration,100,10125,100,ad_probe,ad_c(full_target_scalar_reference),1.4015188553151425e-05,True,0.0009462686642234264,2406938
hotpotqa,6,selection,100,10125,100,ad_probe,best_in_menu_on_eval,0.0,True,,2406938
hotpotqa,7,recalibration,100,10215,100,ad_probe,ad_c(full_target_scalar_reference),0.003227412988567324,True,0.17045810989959143,2407938
hotpotqa,7,selection,100,10215,100,ad_probe,best_in_menu_on_eval,0.0,True,,2407938
hotpotqa,8,recalibration,100,9949,100,ad_probe,ad_c(full_target_scalar_reference),0.0011690817760392491,True,0.060259751657649074,2408938
hotpotqa,8,selection,100,9949,100,ad_probe,best_in_menu_on_eval,0.0,True,,2408938
hotpotqa,9,recalibration,100,10160,100,ad_probe,ad_c(full_target_scalar_reference),0.0004061183321963924,True,0.018998087462017255,2409938
hotpotqa,9,selection,100,10160,100,ad_probe,best_in_menu_on_eval,0.0,True,,2409938
hotpotqa,10,recalibration,100,9948,100,ad_probe,ad_c(full_target_scalar_reference),0.0005098297602117441,True,0.03225495639114473,2410938
hotpotqa,10,selection,100,9948,100,ad_probe,best_in_menu_on_eval,0.0,True,,2410938
hotpotqa,11,recalibration,100,10068,100,ad_probe,ad_c(full_target_scalar_reference),4.769889780165126e-05,True,0.009741422262881771,2411938
hotpotqa,11,selection,100,10068,100,ad_probe,best_in_menu_on_eval,0.0,True,,2411938
hotpotqa,12,recalibration,100,10029,100,ad_probe,ad_c(full_target_scalar_reference),0.00024134470746373093,True,0.009553921442631674,2412938
hotpotqa,12,selection,100,10029,100,ad_probe,best_in_menu_on_eval,0.0,True,,2412938
hotpotqa,13,recalibration,100,10107,100,ad_probe,ad_c(full_target_scalar_reference),0.0008604801943369322,True,0.043326976883251156,2413938
hotpotqa,13,selection,100,10107,100,ad_probe,best_in_menu_on_eval,0.0,True,,2413938
hotpotqa,14,recalibration,100,9893,100,ad_probe,ad_c(full_target_scalar_reference),0.001847185345351332,True,0.15169570936253574,2414938
hotpotqa,14,selection,100,9893,100,ad_probe,best_in_menu_on_eval,0.0,True,,2414938
hotpotqa,15,recalibration,100,9978,100,ad_probe,ad_c(full_target_scalar_reference),0.001225033885379312,True,0.05886408192496195,2415938
hotpotqa,15,selection,100,9978,100,ad_probe,best_in_menu_on_eval,0.0,True,,2415938
hotpotqa,16,recalibration,100,9921,100,ad_probe,ad_c(full_target_scalar_reference),0.001207097604609353,True,0.06317198028798554,2416938
hotpotqa,16,selection,100,9921,100,ad_probe,best_in_menu_on_eval,0.0,True,,2416938
hotpotqa,17,recalibration,100,10027,100,ad_probe,ad_c(full_target_scalar_reference),0.0003723781533797599,True,0.01670927101110542,2417938
hotpotqa,17,selection,100,10027,100,ad_probe,best_in_menu_on_eval,0.0,True,,2417938
hotpotqa,18,recalibration,100,10083,100,ad_probe,ad_c(full_target_scalar_reference),0.0006989952780506181,True,0.03419951021375778,2418938
hotpotqa,18,selection,100,10083,100,ad_probe,best_in_menu_on_eval,0.0,True,,2418938
hotpotqa,19,recalibration,100,9970,100,ad_probe,ad_c(full_target_scalar_reference),0.0010394567990791304,True,0.05544137360288981,2419938
hotpotqa,19,selection,100,9970,100,ad_probe,best_in_menu_on_eval,0.0,True,,2419938
hotpotqa,20,recalibration,100,10044,100,ad_probe,ad_c(full_target_scalar_reference),0.0007643235362660983,True,0.04560809267066346,2420938
hotpotqa,20,selection,100,10044,100,ad_probe,best_in_menu_on_eval,0.0,True,,2420938
hotpotqa,21,recalibration,100,9997,100,ad_probe,ad_c(full_target_scalar_reference),0.0016421044729192369,True,0.10444577243591646,2421938
hotpotqa,21,selection,100,9997,100,ad_probe,best_in_menu_on_eval,0.0,True,,2421938
hotpotqa,22,recalibration,100,9864,100,ad_probe,ad_c(full_target_scalar_reference),0.0010957447198434167,True,0.058704991207517265,2422938
hotpotqa,22,selection,100,9864,100,ad_probe,best_in_menu_on_eval,0.0,True,,2422938
hotpotqa,23,recalibration,100,10057,100,ad_probe,ad_c(full_target_scalar_reference),0.0002723084961278044,True,0.01204855659236137,2423938
hotpotqa,23,selection,100,10057,100,ad_probe,best_in_menu_on_eval,0.0,True,,2423938
hotpotqa,24,recalibration,100,9990,100,ad_probe,ad_c(full_target_scalar_reference),0.0004888522944946905,True,0.023949048289816366,2424938
hotpotqa,24,selection,100,9990,100,ad_probe,best_in_menu_on_eval,0.0,True,,2424938
hotpotqa,25,recalibration,100,9982,100,ad_probe,ad_c(full_target_scalar_reference),0.001745867163951087,True,0.1410485836262818,2425938
hotpotqa,25,selection,100,9982,100,ad_probe,best_in_menu_on_eval,0.0,True,,2425938
hotpotqa,26,recalibration,100,10030,100,ad_probe,ad_c(full_target_scalar_reference),0.0006041612201775903,True,0.023489955756155867,2426938
hotpotqa,26,selection,100,10030,100,ad_probe,best_in_menu_on_eval,0.0,True,,2426938
hotpotqa,27,recalibration,100,10148,100,ad_probe,ad_c(full_target_scalar_reference),0.0017080519105300285,True,0.12146646178432174,2427938
hotpotqa,27,selection,100,10148,100,glob_probe,best_in_menu_on_eval,0.03210187151170246,False,,2427938
hotpotqa,28,recalibration,100,9972,100,ad_probe,ad_c(full_target_scalar_reference),0.0016586184935400983,True,0.12497473277865301,2428938
hotpotqa,28,selection,100,9972,100,ad_probe,best_in_menu_on_eval,0.0,True,,2428938
hotpotqa,29,recalibration,100,9958,100,ad_probe,ad_c(full_target_scalar_reference),0.00029936106938166507,True,0.010803789702386934,2429938
hotpotqa,29,selection,100,9958,100,ad_probe,best_in_menu_on_eval,0.0,True,,2429938
hotpotqa,30,recalibration,100,10249,100,ad_probe,ad_c(full_target_scalar_reference),0.0014293023326618082,True,0.07548330658629943,2430938
hotpotqa,30,selection,100,10249,100,ad_probe,best_in_menu_on_eval,0.0,True,,2430938
hotpotqa,31,recalibration,100,10119,100,ad_probe,ad_c(full_target_scalar_reference),0.0011115426719862098,True,0.061885772224699265,2431938
hotpotqa,31,selection,100,10119,100,ad_probe,best_in_menu_on_eval,0.0,True,,2431938
hotpotqa,32,recalibration,100,9900,100,ad_probe,ad_c(full_target_scalar_reference),0.0004729182141912647,True,0.020532060082441905,2432938
hotpotqa,32,selection,100,9900,100,ad_probe,best_in_menu_on_eval,0.0,True,,2432938
hotpotqa,33,recalibration,100,10192,100,ad_probe,ad_c(full_target_scalar_reference),0.001841956715892712,True,0.09907228742528118,2433938
hotpotqa,33,selection,100,10192,100,ad_probe,best_in_menu_on_eval,0.0,True,,2433938
hotpotqa,34,recalibration,100,10122,100,ad_probe,ad_c(full_target_scalar_reference),0.0008079592473844155,True,0.03823209115762327,2434938
hotpotqa,34,selection,100,10122,100,ad_probe,best_in_menu_on_eval,0.0,True,,2434938
hotpotqa,35,recalibration,100,10051,100,ad_probe,ad_c(full_target_scalar_reference),0.001598582324674247,True,0.08681884899564163,2435938
hotpotqa,35,selection,100,10051,100,ad_probe,best_in_menu_on_eval,0.0,True,,2435938
hotpotqa,36,recalibration,100,10126,100,ad_probe,ad_c(full_target_scalar_reference),0.0031496262988710555,True,0.15845576187300403,2436938
hotpotqa,36,selection,100,10126,100,ad_probe,best_in_menu_on_eval,0.0,True,,2436938
hotpotqa,37,recalibration,100,10014,100,ad_probe,ad_c(full_target_scalar_reference),0.0007087991686268724,True,0.0448482547034208,2437938
hotpotqa,37,selection,100,10014,100,ad_probe,best_in_menu_on_eval,0.0,True,,2437938
hotpotqa,38,recalibration,100,9972,100,ad_probe,ad_c(full_target_scalar_reference),0.0015831646295851876,True,0.08866992497970605,2438938
hotpotqa,38,selection,100,9972,100,ad_probe,best_in_menu_on_eval,0.0,True,,2438938
hotpotqa,39,recalibration,100,10151,100,ad_probe,ad_c(full_target_scalar_reference),0.0007250039692258126,True,0.04647659509951274,2439938
hotpotqa,39,selection,100,10151,100,ad_probe,best_in_menu_on_eval,0.0,True,,2439938
hotpotqa,40,recalibration,100,10182,100,ad_probe,ad_c(full_target_scalar_reference),0.0034315696198286005,True,0.18212080811473075,2440938
hotpotqa,40,selection,100,10182,100,ad_probe,best_in_menu_on_eval,0.0,True,,2440938
hotpotqa,41,recalibration,100,10030,100,ad_probe,ad_c(full_target_scalar_reference),0.0017766265786940405,True,0.11092630800751335,2441938
hotpotqa,41,selection,100,10030,100,ad_probe,best_in_menu_on_eval,0.0,True,,2441938
hotpotqa,42,recalibration,100,9855,100,ad_probe,ad_c(full_target_scalar_reference),0.0015939747943995997,True,0.12325645498199234,2442938
hotpotqa,42,selection,100,9855,100,ad_probe,best_in_menu_on_eval,0.0,True,,2442938
hotpotqa,43,recalibration,100,10266,100,ad_probe,ad_c(full_target_scalar_reference),0.00022673197211187102,True,0.005311088873053427,2443938
hotpotqa,43,selection,100,10266,100,ad_probe,best_in_menu_on_eval,0.0,True,,2443938
hotpotqa,44,recalibration,100,10057,100,ad_probe,ad_c(full_target_scalar_reference),0.0014401539040883593,True,0.08370870144259324,2444938
hotpotqa,44,selection,100,10057,100,ad_probe,best_in_menu_on_eval,0.0,True,,2444938
hotpotqa,45,recalibration,100,10151,100,ad_probe,ad_c(full_target_scalar_reference),0.0004872226214071018,True,0.02185851786684645,2445938
hotpotqa,45,selection,100,10151,100,ad_probe,best_in_menu_on_eval,0.0,True,,2445938
hotpotqa,46,recalibration,100,10047,100,ad_probe,ad_c(full_target_scalar_reference),0.0011450398615409085,True,0.061973616100906126,2446938
hotpotqa,46,selection,100,10047,100,ad_probe,best_in_menu_on_eval,0.0,True,,2446938
hotpotqa,47,recalibration,100,9923,100,ad_probe,ad_c(full_target_scalar_reference),0.0022029473864132454,True,0.12401811591098588,2447938
hotpotqa,47,selection,100,9923,100,ad_probe,best_in_menu_on_eval,0.0,True,,2447938
hotpotqa,48,recalibration,100,9941,100,ad_probe,ad_c(full_target_scalar_reference),0.002180673200723904,True,0.1745578488172268,2448938
hotpotqa,48,selection,100,9941,100,ad_probe,best_in_menu_on_eval,0.0,True,,2448938
hotpotqa,49,recalibration,100,9931,100,ad_probe,ad_c(full_target_scalar_reference),0.0015690951185958202,True,0.12528838991810254,2449938
hotpotqa,49,selection,100,9931,100,ad_probe,best_in_menu_on_eval,0.0,True,,2449938
fever,0,recalibration,5,438,5,ad_probe,ad_c(full_target_scalar_reference),0.003986150465658089,True,0.04372255195005437,2000105
fever,0,selection,5,438,5,glob_probe,best_in_menu_on_eval,0.04750062028248481,False,,2000105
fever,1,recalibration,5,436,5,ad_probe,ad_c(full_target_scalar_reference),0.010100749306574341,False,0.10339179780128294,2001105
fever,1,selection,5,436,5,glob_probe,best_in_menu_on_eval,0.04863294639604504,False,,2001105
fever,2,recalibration,5,458,5,ad_probe,ad_c(full_target_scalar_reference),0.013196952507866788,False,0.137258168118503,2002105
fever,2,selection,5,458,5,glob_probe,best_in_menu_on_eval,0.10731223878230922,False,,2002105
fever,3,recalibration,5,473,5,ad_probe,ad_c(full_target_scalar_reference),0.0025535991306896433,True,0.024250682230379073,2003105
fever,3,selection,5,473,5,glob_probe,best_in_menu_on_eval,0.11228139864605863,False,,2003105
fever,4,recalibration,5,453,5,ad_probe,ad_c(full_target_scalar_reference),0.015098863837791798,False,0.14767692270987637,2004105
fever,4,selection,5,453,5,glob_probe,best_in_menu_on_eval,0.06712279249643821,False,,2004105
fever,5,recalibration,5,414,5,ad_probe,ad_c(full_target_scalar_reference),0.0021061950276783925,True,0.020185894439818663,2005105
fever,5,selection,5,414,5,glob_probe,best_in_menu_on_eval,0.11192407110812769,False,,2005105
fever,6,recalibration,5,439,5,ad_probe,ad_c(full_target_scalar_reference),0.016689133315765936,False,0.16188955933624305,2006105
fever,6,selection,5,439,5,glob_probe,best_in_menu_on_eval,0.06044993073106669,False,,2006105
fever,7,recalibration,5,464,5,ad_probe,ad_c(full_target_scalar_reference),0.0060007385863311,False,0.058384669289203606,2007105
fever,7,selection,5,464,5,ad_probe,best_in_menu_on_eval,0.0,True,,2007105
fever,8,recalibration,5,474,5,ad_probe,ad_c(full_target_scalar_reference),0.003923973335868136,True,0.03821772269833579,2008105
fever,8,selection,5,474,5,glob_probe,best_in_menu_on_eval,0.05533568027977753,False,,2008105
fever,9,recalibration,5,482,5,ad_probe,ad_c(full_target_scalar_reference),0.017817867048463,False,0.18919415793838923,2009105
fever,9,selection,5,482,5,glob_probe,best_in_menu_on_eval,0.03359383989544629,False,,2009105
fever,10,recalibration,5,451,5,ad_probe,ad_c(full_target_scalar_reference),0.013842163774606342,False,0.13472507486783536,2010105
fever,10,selection,5,451,5,glob_probe,best_in_menu_on_eval,0.05498929584652451,False,,2010105
fever,11,recalibration,5,487,5,ad_probe,ad_c(full_target_scalar_reference),0.0035354318570051113,True,0.03833098677458979,2011105
fever,11,selection,5,487,5,glob_probe,best_in_menu_on_eval,0.08445820581008417,False,,2011105
fever,12,recalibration,5,444,5,ad_probe,ad_c(full_target_scalar_reference),0.0015054462960182313,True,0.01550784851321274,2012105
fever,12,selection,5,444,5,ad_probe,best_in_menu_on_eval,0.0,True,,2012105
fever,13,recalibration,5,471,5,ad_probe,ad_c(full_target_scalar_reference),0.018784265826752078,False,0.18692936902272073,2013105
fever,13,selection,5,471,5,ad_probe,best_in_menu_on_eval,0.0,True,,2013105
fever,14,recalibration,5,424,5,ad_probe,ad_c(full_target_scalar_reference),0.011820911077779384,False,0.11461583566519395,2014105
fever,14,selection,5,424,5,glob_probe,best_in_menu_on_eval,0.08512230984082059,False,,2014105
fever,15,recalibration,5,426,5,ad_probe,ad_c(full_target_scalar_reference),0.011650848942546976,False,0.11101968133532303,2015105
fever,15,selection,5,426,5,ad_probe,best_in_menu_on_eval,0.0,True,,2015105
fever,16,recalibration,5,476,5,ad_probe,ad_c(full_target_scalar_reference),0.004288092360848927,True,0.041877397628941715,2016105
fever,16,selection,5,476,5,ad_probe,best_in_menu_on_eval,0.0,True,,2016105
fever,17,recalibration,5,456,5,ad_probe,ad_c(full_target_scalar_reference),0.0120374046211007,False,0.11546732157676831,2017105
fever,17,selection,5,456,5,glob_probe,best_in_menu_on_eval,0.05315951542494107,False,,2017105
fever,18,recalibration,5,447,5,ad_probe,ad_c(full_target_scalar_reference),0.018814291348445367,False,0.18736925758093298,2018105
fever,18,selection,5,447,5,glob_probe,best_in_menu_on_eval,0.09214786031330091,False,,2018105
fever,19,recalibration,5,438,5,ad_probe,ad_c(full_target_scalar_reference),0.013375446718788542,False,0.12609996153167669,2019105
fever,19,selection,5,438,5,ad_probe,best_in_menu_on_eval,0.0,True,,2019105
fever,20,recalibration,5,449,5,ad_probe,ad_c(full_target_scalar_reference),0.0028711126068879933,True,0.029601094353684965,2020105
fever,20,selection,5,449,5,glob_probe,best_in_menu_on_eval,0.0851759037654341,False,,2020105
fever,21,recalibration,5,443,5,ad_probe,ad_c(full_target_scalar_reference),0.018896504086415522,False,0.18771827935692492,2021105
fever,21,selection,5,443,5,glob_probe,best_in_menu_on_eval,0.06101515375648381,False,,2021105
fever,22,recalibration,5,446,5,ad_probe,ad_c(full_target_scalar_reference),0.005961140895835326,False,0.06110221026810203,2022105
fever,22,selection,5,446,5,glob_probe,best_in_menu_on_eval,0.05264744846639463,False,,2022105
fever,23,recalibration,5,461,5,ad_probe,ad_c(full_target_scalar_reference),0.009956194200301693,False,0.09535560150536371,2023105
fever,23,selection,5,461,5,glob_probe,best_in_menu_on_eval,0.14568919337347508,False,,2023105
fever,24,recalibration,5,481,5,ad_probe,ad_c(full_target_scalar_reference),0.004989760207089744,True,0.04642198669406916,2024105
fever,24,selection,5,481,5,ad_probe,best_in_menu_on_eval,0.0,True,,2024105
fever,25,recalibration,5,491,5,ad_probe,ad_c(full_target_scalar_reference),0.018552419989891766,False,0.1960790934175375,2025105
fever,25,selection,5,491,5,glob_probe,best_in_menu_on_eval,0.04929997260310076,False,,2025105
fever,26,recalibration,5,458,5,ad_probe,ad_c(full_target_scalar_reference),0.007429889332006057,False,0.07428454635170667,2026105
fever,26,selection,5,458,5,glob_probe,best_in_menu_on_eval,0.06044252027544872,False,,2026105
fever,27,recalibration,5,477,5,ad_probe,ad_c(full_target_scalar_reference),0.01761662456377966,False,0.18150463126853422,2027105
fever,27,selection,5,477,5,glob_probe,best_in_menu_on_eval,0.09217623024859178,False,,2027105
fever,28,recalibration,5,410,5,ad_probe,ad_c(full_target_scalar_reference),0.01642368749034412,False,0.17120126917625345,2028105
fever,28,selection,5,410,5,ad_probe,best_in_menu_on_eval,0.0,True,,2028105
fever,29,recalibration,5,476,5,ad_probe,ad_c(full_target_scalar_reference),0.032561306814421986,False,0.38547521737370316,2029105
fever,29,selection,5,476,5,ad_probe,best_in_menu_on_eval,0.0,True,,2029105
fever,30,recalibration,5,418,5,ad_probe,ad_c(full_target_scalar_reference),0.020939655600367313,False,0.23576096800144364,2030105
fever,30,selection,5,418,5,glob_probe,best_in_menu_on_eval,0.05232170913374934,False,,2030105
fever,31,recalibration,5,480,5,ad_probe,ad_c(full_target_scalar_reference),0.005297492379011781,False,0.05374813776098897,2031105
fever,31,selection,5,480,5,glob_probe,best_in_menu_on_eval,0.0368404594121452,False,,2031105
fever,32,recalibration,5,428,5,ad_probe,ad_c(full_target_scalar_reference),0.0131165361686304,False,0.12407747167485778,2032105
fever,32,selection,5,428,5,glob_probe,best_in_menu_on_eval,0.07174013829170711,False,,2032105
fever,33,recalibration,5,407,5,ad_probe,ad_c(full_target_scalar_reference),0.013300382914555042,False,0.12794342547038084,2033105
fever,33,selection,5,407,5,glob_probe,best_in_menu_on_eval,0.06538686474339611,False,,2033105
fever,34,recalibration,5,410,5,ad_probe,ad_c(full_target_scalar_reference),0.014064495613812511,False,0.13867571669120587,2034105
fever,34,selection,5,410,5,glob_probe,best_in_menu_on_eval,0.06613382000168588,False,,2034105
fever,35,recalibration,5,416,5,ad_probe,ad_c(full_target_scalar_reference),0.01823510856689059,False,0.1780431721798188,2035105
fever,35,selection,5,416,5,trunc,best_in_menu_on_eval,0.1859642501002821,False,,2035105
fever,36,recalibration,5,446,5,ad_probe,ad_c(full_target_scalar_reference),0.00928272074535863,False,0.0879668471113203,2036105
fever,36,selection,5,446,5,glob_probe,best_in_menu_on_eval,0.05146642571242943,False,,2036105
fever,37,recalibration,5,433,5,ad_probe,ad_c(full_target_scalar_reference),0.024702435215120888,False,0.28627698769806365,2037105
fever,37,selection,5,433,5,trunc,best_in_menu_on_eval,0.14303087652961677,False,,2037105
fever,38,recalibration,5,412,5,ad_probe,ad_c(full_target_scalar_reference),0.02099614592483523,False,0.20342508881356947,2038105
fever,38,selection,5,412,5,ad_probe,best_in_menu_on_eval,0.0,True,,2038105
fever,39,recalibration,5,445,5,ad_probe,ad_c(full_target_scalar_reference),0.016172871566205838,False,0.1663039101214916,2039105
fever,39,selection,5,445,5,glob_probe,best_in_menu_on_eval,0.027700521555445334,False,,2039105
fever,40,recalibration,5,484,5,ad_probe,ad_c(full_target_scalar_reference),0.007511625474393768,False,0.07542157015637141,2040105
fever,40,selection,5,484,5,glob_probe,best_in_menu_on_eval,0.06039295433487546,False,,2040105
fever,41,recalibration,5,406,5,ad_probe,ad_c(full_target_scalar_reference),0.009552235547225951,False,0.09009539767454611,2041105
fever,41,selection,5,406,5,glob_probe,best_in_menu_on_eval,0.11930505633067284,False,,2041105
fever,42,recalibration,5,468,5,ad_probe,ad_c(full_target_scalar_reference),0.005217435152880201,False,0.05165828978410547,2042105
fever,42,selection,5,468,5,ad_probe,best_in_menu_on_eval,0.0,True,,2042105
fever,43,recalibration,5,421,5,ad_probe,ad_c(full_target_scalar_reference),0.00388393930694364,True,0.03800632978758234,2043105
fever,43,selection,5,421,5,glob_probe,best_in_menu_on_eval,0.04949237647185317,False,,2043105
fever,44,recalibration,5,464,5,ad_probe,ad_c(full_target_scalar_reference),0.02440789914517577,False,0.28423799644078307,2044105
fever,44,selection,5,464,5,ad_probe,best_in_menu_on_eval,0.0,True,,2044105
fever,45,recalibration,5,499,5,ad_probe,ad_c(full_target_scalar_reference),0.015881317551487195,False,0.16028707639792417,2045105
fever,45,selection,5,499,5,glob_probe,best_in_menu_on_eval,0.05209832606201564,False,,2045105
fever,46,recalibration,5,435,5,ad_probe,ad_c(full_target_scalar_reference),0.005799853548334566,False,0.05701336598524365,2046105
fever,46,selection,5,435,5,glob_probe,best_in_menu_on_eval,0.1415211761297382,False,,2046105
fever,47,recalibration,5,470,5,ad_probe,ad_c(full_target_scalar_reference),0.0031332035160289706,True,0.03446092875208506,2047105
fever,47,selection,5,470,5,ad_probe,best_in_menu_on_eval,0.0,True,,2047105
fever,48,recalibration,5,482,5,ad_probe,ad_c(full_target_scalar_reference),0.0003190807424405806,True,0.006202271006657156,2048105
fever,48,selection,5,482,5,glob_probe,best_in_menu_on_eval,0.07358044547655712,False,,2048105
fever,49,recalibration,5,438,5,ad_probe,ad_c(full_target_scalar_reference),0.01082455135149929,False,0.10604496636661981,2049105
fever,49,selection,5,438,5,glob_probe,best_in_menu_on_eval,0.054680072138809155,False,,2049105
fever,0,recalibration,10,841,10,ad_probe,ad_c(full_target_scalar_reference),0.01285118710749722,False,0.12076529590986429,489
fever,0,selection,10,841,10,glob_probe,best_in_menu_on_eval,0.0999903787952166,False,,489
fever,1,recalibration,10,954,10,ad_probe,ad_c(full_target_scalar_reference),0.018399520401473468,False,0.2022596053083079,1489
fever,1,selection,10,954,10,ad_probe,best_in_menu_on_eval,0.0,True,,1489
fever,2,recalibration,10,996,10,ad_probe,ad_c(full_target_scalar_reference),0.004063191916256814,True,0.04502437560040584,2489
fever,2,selection,10,996,10,glob_probe,best_in_menu_on_eval,0.03814504722707851,False,,2489
fever,3,recalibration,10,890,10,ad_probe,ad_c(full_target_scalar_reference),0.0011626828033077796,True,0.0079387865686531,3489
fever,3,selection,10,890,10,glob_probe,best_in_menu_on_eval,0.04446081812482994,False,,3489
fever,4,recalibration,10,892,10,ad_probe,ad_c(full_target_scalar_reference),0.016025479678574706,False,0.16489536903060253,4489
fever,4,selection,10,892,10,ad_probe,best_in_menu_on_eval,0.0,True,,4489
fever,5,recalibration,10,948,10,ad_probe,ad_c(full_target_scalar_reference),0.02352038778195631,False,0.27113440207385475,5489
fever,5,selection,10,948,10,glob_probe,best_in_menu_on_eval,0.11231290494361401,False,,5489
fever,6,recalibration,10,812,10,ad_probe,ad_c(full_target_scalar_reference),0.023004283543646586,False,0.22468630193980876,6489
fever,6,selection,10,812,10,glob_probe,best_in_menu_on_eval,0.06522516195743361,False,,6489
fever,7,recalibration,10,939,10,ad_probe,ad_c(full_target_scalar_reference),0.01642100095750937,False,0.17040682649004957,7489
fever,7,selection,10,939,10,ad_probe,best_in_menu_on_eval,0.0,True,,7489
fever,8,recalibration,10,911,10,ad_probe,ad_c(full_target_scalar_reference),0.003032471001220838,True,0.029703917930739232,8489
fever,8,selection,10,911,10,glob_probe,best_in_menu_on_eval,0.09107718561968275,False,,8489
fever,9,recalibration,10,953,10,ad_probe,ad_c(full_target_scalar_reference),0.005417013875547605,False,0.054717919800413184,9489
fever,9,selection,10,953,10,glob_probe,best_in_menu_on_eval,0.040208156390197036,False,,9489
fever,10,recalibration,10,861,10,ad_probe,ad_c(full_target_scalar_reference),0.00176055498321126,True,0.017737124358303102,10489
fever,10,selection,10,861,10,ad_probe,best_in_menu_on_eval,0.0,True,,10489
fever,11,recalibration,10,929,10,ad_probe,ad_c(full_target_scalar_reference),0.015743730178075066,False,0.16294193334252904,11489
fever,11,selection,10,929,10,glob_probe,best_in_menu_on_eval,0.10478741492821109,False,,11489
fever,12,recalibration,10,924,10,ad_probe,ad_c(full_target_scalar_reference),0.009429322110005911,False,0.08478014230628439,12489
fever,12,selection,10,924,10,ad_probe,best_in_menu_on_eval,0.0,True,,12489
fever,13,recalibration,10,904,10,ad_probe,ad_c(full_target_scalar_reference),0.02173840240622088,False,0.2495182623973755,13489
fever,13,selection,10,904,10,ad_probe,best_in_menu_on_eval,0.0,True,,13489
fever,14,recalibration,10,896,10,ad_probe,ad_c(full_target_scalar_reference),0.011353175070122179,False,0.11971240361230673,14489
fever,14,selection,10,896,10,ad_probe,best_in_menu_on_eval,0.0,True,,14489
fever,15,recalibration,10,905,10,ad_probe,ad_c(full_target_scalar_reference),0.007154473561118868,False,0.06862892557164568,15489
fever,15,selection,10,905,10,glob_probe,best_in_menu_on_eval,0.07516670166155853,False,,15489
fever,16,recalibration,10,982,10,ad_probe,ad_c(full_target_scalar_reference),0.012668754022419904,False,0.13195020115853973,16489
fever,16,selection,10,982,10,glob_probe,best_in_menu_on_eval,0.03304477189808663,False,,16489
fever,17,recalibration,10,866,10,ad_probe,ad_c(full_target_scalar_reference),0.010734549571689067,False,0.10373366425118824,17489
fever,17,selection,10,866,10,glob_probe,best_in_menu_on_eval,0.18149158825616163,False,,17489
fever,18,recalibration,10,926,10,ad_probe,ad_c(full_target_scalar_reference),0.00044404380341889205,True,0.008002188043957803,18489
fever,18,selection,10,926,10,glob_probe,best_in_menu_on_eval,0.04611178217813772,False,,18489
fever,19,recalibration,10,866,10,ad_probe,ad_c(full_target_scalar_reference),0.014309382691293782,False,0.14581609846402444,19489
fever,19,selection,10,866,10,glob_probe,best_in_menu_on_eval,0.18511650150397152,False,,19489
fever,20,recalibration,10,934,10,ad_probe,ad_c(full_target_scalar_reference),0.01424976349104956,False,0.14303475361584334,20489
fever,20,selection,10,934,10,glob_probe,best_in_menu_on_eval,0.05653026110508075,False,,20489
fever,21,recalibration,10,930,10,ad_probe,ad_c(full_target_scalar_reference),0.011758247928620458,False,0.11310713241008719,21489
fever,21,selection,10,930,10,glob_probe,best_in_menu_on_eval,0.07046595231691388,False,,21489
fever,22,recalibration,10,883,10,ad_probe,ad_c(full_target_scalar_reference),0.012672569651235477,False,0.13239551238051717,22489
fever,22,selection,10,883,10,glob_probe,best_in_menu_on_eval,0.028402908856634823,False,,22489
fever,23,recalibration,10,922,10,ad_probe,ad_c(full_target_scalar_reference),0.0010004101800976661,True,0.012991575275656642,23489
fever,23,selection,10,922,10,glob_probe,best_in_menu_on_eval,0.07429176892818723,False,,23489
fever,24,recalibration,10,951,10,ad_probe,ad_c(full_target_scalar_reference),0.00035437652625158744,True,0.006487097821016974,24489
fever,24,selection,10,951,10,glob_probe,best_in_menu_on_eval,0.06827491029671567,False,,24489
fever,25,recalibration,10,840,10,ad_probe,ad_c(full_target_scalar_reference),0.009001494729053539,False,0.08191933301475529,25489
fever,25,selection,10,840,10,ad_probe,best_in_menu_on_eval,0.0,True,,25489
fever,26,recalibration,10,1006,10,ad_probe,ad_c(full_target_scalar_reference),0.008219343923971278,False,0.08428491354922008,26489
fever,26,selection,10,1006,10,ad_probe,best_in_menu_on_eval,0.0,True,,26489
fever,27,recalibration,10,810,10,ad_probe,ad_c(full_target_scalar_reference),0.008462362624021225,False,0.08606535553475547,27489
fever,27,selection,10,810,10,glob_probe,best_in_menu_on_eval,0.04295412286698341,False,,27489
fever,28,recalibration,10,929,10,ad_probe,ad_c(full_target_scalar_reference),0.006036446526230255,False,0.06011906658466093,28489
fever,28,selection,10,929,10,glob_probe,best_in_menu_on_eval,0.03794502456501353,False,,28489
fever,29,recalibration,10,904,10,ad_probe,ad_c(full_target_scalar_reference),0.006899017115363226,False,0.07147330992437784,29489
fever,29,selection,10,904,10,ad_probe,best_in_menu_on_eval,0.0,True,,29489
fever,30,recalibration,10,931,10,ad_probe,ad_c(full_target_scalar_reference),0.008811071003473558,False,0.07983630656057994,30489
fever,30,selection,10,931,10,glob_probe,best_in_menu_on_eval,0.054448761301269466,False,,30489
fever,31,recalibration,10,918,10,ad_probe,ad_c(full_target_scalar_reference),0.0033935707388230707,True,0.0375426654257458,31489
fever,31,selection,10,918,10,ad_probe,best_in_menu_on_eval,0.0,True,,31489
fever,32,recalibration,10,922,10,ad_probe,ad_c(full_target_scalar_reference),0.004452266817050576,True,0.04760260759968937,32489
fever,32,selection,10,922,10,ad_probe,best_in_menu_on_eval,0.0,True,,32489
fever,33,recalibration,10,911,10,ad_probe,ad_c(full_target_scalar_reference),0.008234367962432931,False,0.08433692071845811,33489
fever,33,selection,10,911,10,glob_probe,best_in_menu_on_eval,0.0328435136578164,False,,33489
fever,34,recalibration,10,879,10,ad_probe,ad_c(full_target_scalar_reference),0.002775292115736794,True,0.026868279939956774,34489
fever,34,selection,10,879,10,glob_probe,best_in_menu_on_eval,0.04496564549899884,False,,34489
fever,35,recalibration,10,879,10,ad_probe,ad_c(full_target_scalar_reference),0.005295300916189016,False,0.050262332570721324,35489
fever,35,selection,10,879,10,ad_probe,best_in_menu_on_eval,0.0,True,,35489
fever,36,recalibration,10,935,10,ad_probe,ad_c(full_target_scalar_reference),0.00034769917582422316,True,0.0027894444008189634,36489
fever,36,selection,10,935,10,glob_probe,best_in_menu_on_eval,0.08688914876189519,False,,36489
fever,37,recalibration,10,911,10,ad_probe,ad_c(full_target_scalar_reference),0.002257909191502927,True,0.02075705713895082,37489
fever,37,selection,10,911,10,ad_probe,best_in_menu_on_eval,0.0,True,,37489
fever,38,recalibration,10,961,10,ad_probe,ad_c(full_target_scalar_reference),0.012497766156119527,False,0.13039130771138208,38489
fever,38,selection,10,961,10,glob_probe,best_in_menu_on_eval,0.07455378530724083,False,,38489
fever,39,recalibration,10,917,10,ad_probe,ad_c(full_target_scalar_reference),0.0009971907432845262,True,0.005818701651036373,39489
fever,39,selection,10,917,10,glob_probe,best_in_menu_on_eval,0.07252668288575737,False,,39489
fever,40,recalibration,10,885,10,ad_probe,ad_c(full_target_scalar_reference),0.025353580630774142,False,0.29920500934338856,40489
fever,40,selection,10,885,10,ad_probe,best_in_menu_on_eval,0.0,True,,40489
fever,41,recalibration,10,923,10,ad_probe,ad_c(full_target_scalar_reference),0.008974860109175142,False,0.09026422346220153,41489
fever,41,selection,10,923,10,trunc,best_in_menu_on_eval,0.15888397626830747,False,,41489
fever,42,recalibration,10,852,10,ad_probe,ad_c(full_target_scalar_reference),0.011303078265217703,False,0.10996740393355608,42489
fever,42,selection,10,852,10,ad_probe,best_in_menu_on_eval,0.0,True,,42489
fever,43,recalibration,10,935,10,ad_probe,ad_c(full_target_scalar_reference),0.003585663802009975,True,0.039237999683941926,43489
fever,43,selection,10,935,10,glob_probe,best_in_menu_on_eval,0.03877997002997002,False,,43489
fever,44,recalibration,10,942,10,ad_probe,ad_c(full_target_scalar_reference),0.001987238022394311,True,0.01787928967895147,44489
fever,44,selection,10,942,10,glob_probe,best_in_menu_on_eval,0.06595332779935181,False,,44489
fever,45,recalibration,10,902,10,ad_probe,ad_c(full_target_scalar_reference),0.0028014878751055905,True,0.029214978430104344,45489
fever,45,selection,10,902,10,glob_probe,best_in_menu_on_eval,0.0843752639087676,False,,45489
fever,46,recalibration,10,847,10,ad_probe,ad_c(full_target_scalar_reference),0.007029225448696552,False,0.07178952712356801,46489
fever,46,selection,10,847,10,ad_probe,best_in_menu_on_eval,0.0,True,,46489
fever,47,recalibration,10,880,10,ad_probe,ad_c(full_target_scalar_reference),0.005028564614296571,False,0.04661232171622487,47489
fever,47,selection,10,880,10,ad_probe,best_in_menu_on_eval,0.0,True,,47489
fever,48,recalibration,10,872,10,ad_probe,ad_c(full_target_scalar_reference),0.005308994724559701,False,0.05184461729458645,48489
fever,48,selection,10,872,10,glob_probe,best_in_menu_on_eval,0.03578391093415123,False,,48489
fever,49,recalibration,10,892,10,ad_probe,ad_c(full_target_scalar_reference),0.007388252272567231,False,0.07376067896792426,49489
fever,49,selection,10,892,10,glob_probe,best_in_menu_on_eval,0.033777269572041135,False,,49489
fever,0,recalibration,20,1848,20,ad_probe,ad_c(full_target_scalar_reference),0.002239094873762393,True,0.020376967427579995,2200184
fever,0,selection,20,1848,20,ad_probe,best_in_menu_on_eval,0.0,True,,2200184
fever,1,recalibration,20,1811,20,ad_probe,ad_c(full_target_scalar_reference),0.0076895012198400226,False,0.07250801533748963,2201184
fever,1,selection,20,1811,20,glob_probe,best_in_menu_on_eval,0.05159217644099956,False,,2201184
fever,2,recalibration,20,1818,20,ad_probe,ad_c(full_target_scalar_reference),0.0018245847842597307,True,0.01415117062109783,2202184
fever,2,selection,20,1818,20,ad_probe,best_in_menu_on_eval,0.0,True,,2202184
fever,3,recalibration,20,1830,20,ad_probe,ad_c(full_target_scalar_reference),0.0011115410152424676,True,0.007568616937919881,2203184
fever,3,selection,20,1830,20,ad_probe,best_in_menu_on_eval,0.0,True,,2203184
fever,4,recalibration,20,1922,20,ad_probe,ad_c(full_target_scalar_reference),0.005098448380121523,False,0.050932939871751515,2204184
fever,4,selection,20,1922,20,glob_probe,best_in_menu_on_eval,0.03885641242587484,False,,2204184
fever,5,recalibration,20,1866,20,ad_probe,ad_c(full_target_scalar_reference),0.0011552479352660017,True,0.014678940346782632,2205184
fever,5,selection,20,1866,20,glob_probe,best_in_menu_on_eval,0.04517196716905525,False,,2205184
fever,6,recalibration,20,1801,20,ad_probe,ad_c(full_target_scalar_reference),0.0028367885499994694,True,0.02722533722809839,2206184
fever,6,selection,20,1801,20,ad_probe,best_in_menu_on_eval,0.0,True,,2206184
fever,7,recalibration,20,1874,20,ad_probe,ad_c(full_target_scalar_reference),0.001863514991712334,True,0.018892322587862553,2207184
fever,7,selection,20,1874,20,ad_probe,best_in_menu_on_eval,0.0,True,,2207184
fever,8,recalibration,20,1832,20,ad_probe,ad_c(full_target_scalar_reference),0.004314011393853567,True,0.04009604611680495,2208184
fever,8,selection,20,1832,20,ad_probe,best_in_menu_on_eval,0.0,True,,2208184
fever,9,recalibration,20,1760,20,ad_probe,ad_c(full_target_scalar_reference),0.005877429418300828,False,0.0577243932265703,2209184
fever,9,selection,20,1760,20,glob_probe,best_in_menu_on_eval,0.058163271466985855,False,,2209184
fever,10,recalibration,20,1814,20,ad_probe,ad_c(full_target_scalar_reference),0.00384254986310828,True,0.037623936168091676,2210184
fever,10,selection,20,1814,20,ad_probe,best_in_menu_on_eval,0.0,True,,2210184
fever,11,recalibration,20,1750,20,ad_probe,ad_c(full_target_scalar_reference),0.01465933087209037,False,0.1466848751646127,2211184
fever,11,selection,20,1750,20,glob_probe,best_in_menu_on_eval,0.056963322062629884,False,,2211184
fever,12,recalibration,20,1751,20,ad_probe,ad_c(full_target_scalar_reference),0.016057355223771053,False,0.1530488118469442,2212184
fever,12,selection,20,1751,20,glob_probe,best_in_menu_on_eval,0.05721173366373483,False,,2212184
fever,13,recalibration,20,1723,20,ad_probe,ad_c(full_target_scalar_reference),0.005167848765897598,False,0.04946253493257413,2213184
fever,13,selection,20,1723,20,ad_probe,best_in_menu_on_eval,0.0,True,,2213184
fever,14,recalibration,20,1879,20,ad_probe,ad_c(full_target_scalar_reference),0.0038049254720936565,True,0.04222224888717596,2214184
fever,14,selection,20,1879,20,glob_probe,best_in_menu_on_eval,0.054986098764311264,False,,2214184
fever,15,recalibration,20,1806,20,ad_probe,ad_c(full_target_scalar_reference),0.0022947327190481204,True,0.022858251629530812,2215184
fever,15,selection,20,1806,20,ad_probe,best_in_menu_on_eval,0.0,True,,2215184
fever,16,recalibration,20,1888,20,ad_probe,ad_c(full_target_scalar_reference),0.01419808248727894,False,0.14694246018492518,2216184
fever,16,selection,20,1888,20,ad_probe,best_in_menu_on_eval,0.0,True,,2216184
fever,17,recalibration,20,1885,20,ad_probe,ad_c(full_target_scalar_reference),0.005536342648891468,False,0.05456541281864413,2217184
fever,17,selection,20,1885,20,ad_probe,best_in_menu_on_eval,0.0,True,,2217184
fever,18,recalibration,20,1815,20,ad_probe,ad_c(full_target_scalar_reference),0.015092581625082369,False,0.15183102280129268,2218184
fever,18,selection,20,1815,20,ad_probe,best_in_menu_on_eval,0.0,True,,2218184
fever,19,recalibration,20,1730,20,ad_probe,ad_c(full_target_scalar_reference),0.005203435274550472,False,0.04800496401860177,2219184
fever,19,selection,20,1730,20,ad_probe,best_in_menu_on_eval,0.0,True,,2219184
fever,20,recalibration,20,1890,20,ad_probe,ad_c(full_target_scalar_reference),0.0035004209018653087,True,0.03946410126171496,2220184
fever,20,selection,20,1890,20,ad_probe,best_in_menu_on_eval,0.0,True,,2220184
fever,21,recalibration,20,1803,20,ad_probe,ad_c(full_target_scalar_reference),0.013555734064310598,False,0.14078151206459222,2221184
fever,21,selection,20,1803,20,ad_probe,best_in_menu_on_eval,0.0,True,,2221184
fever,22,recalibration,20,1820,20,ad_probe,ad_c(full_target_scalar_reference),0.00947205093347614,False,0.08744900869821359,2222184
fever,22,selection,20,1820,20,glob_probe,best_in_menu_on_eval,0.08289590029774085,False,,2222184
fever,23,recalibration,20,1843,20,ad_probe,ad_c(full_target_scalar_reference),0.008440997525052896,False,0.07781907610938266,2223184
fever,23,selection,20,1843,20,ad_probe,best_in_menu_on_eval,0.0,True,,2223184
fever,24,recalibration,20,1857,20,ad_probe,ad_c(full_target_scalar_reference),0.005686331423617075,False,0.058235288825690956,2224184
fever,24,selection,20,1857,20,ad_probe,best_in_menu_on_eval,0.0,True,,2224184
fever,25,recalibration,20,1839,20,ad_probe,ad_c(full_target_scalar_reference),0.002582511279471844,True,0.02680804016322824,2225184
fever,25,selection,20,1839,20,ad_probe,best_in_menu_on_eval,0.0,True,,2225184
fever,26,recalibration,20,1902,20,ad_probe,ad_c(full_target_scalar_reference),0.0005140936904401983,True,0.00850336818311237,2226184
fever,26,selection,20,1902,20,ad_probe,best_in_menu_on_eval,0.0,True,,2226184
fever,27,recalibration,20,1876,20,ad_probe,ad_c(full_target_scalar_reference),0.007467556685131216,False,0.07621697435313912,2227184
fever,27,selection,20,1876,20,ad_probe,best_in_menu_on_eval,0.0,True,,2227184
fever,28,recalibration,20,1902,20,ad_probe,ad_c(full_target_scalar_reference),0.006252122171472085,False,0.06212318349089507,2228184
fever,28,selection,20,1902,20,ad_probe,best_in_menu_on_eval,0.0,True,,2228184
fever,29,recalibration,20,1701,20,ad_probe,ad_c(full_target_scalar_reference),0.0009363550817056421,True,0.005636813932283324,2229184
fever,29,selection,20,1701,20,glob_probe,best_in_menu_on_eval,0.05787926922443931,False,,2229184
fever,30,recalibration,20,1722,20,ad_probe,ad_c(full_target_scalar_reference),0.005203793527993383,False,0.04736345962463484,2230184
fever,30,selection,20,1722,20,ad_probe,best_in_menu_on_eval,0.0,True,,2230184
fever,31,recalibration,20,1905,20,ad_probe,ad_c(full_target_scalar_reference),0.01616244248278559,False,0.16539393627221366,2231184
fever,31,selection,20,1905,20,ad_probe,best_in_menu_on_eval,0.0,True,,2231184
fever,32,recalibration,20,1903,20,ad_probe,ad_c(full_target_scalar_reference),0.013051790888083392,False,0.13579587726025122,2232184
fever,32,selection,20,1903,20,ad_probe,best_in_menu_on_eval,0.0,True,,2232184
fever,33,recalibration,20,1836,20,ad_probe,ad_c(full_target_scalar_reference),0.005367366441696886,False,0.052750306523686286,2233184
fever,33,selection,20,1836,20,ad_probe,best_in_menu_on_eval,0.0,True,,2233184
fever,34,recalibration,20,1727,20,ad_probe,ad_c(full_target_scalar_reference),0.0016834329277903848,True,0.012380333576070157,2234184
fever,34,selection,20,1727,20,ad_probe,best_in_menu_on_eval,0.0,True,,2234184
fever,35,recalibration,20,1754,20,ad_probe,ad_c(full_target_scalar_reference),0.0008682869275707938,True,0.0053746920061017445,2235184
fever,35,selection,20,1754,20,ad_probe,best_in_menu_on_eval,0.0,True,,2235184
fever,36,recalibration,20,1906,20,ad_probe,ad_c(full_target_scalar_reference),0.003395333225306052,True,0.03757661219057473,2236184
fever,36,selection,20,1906,20,ad_probe,best_in_menu_on_eval,0.0,True,,2236184
fever,37,recalibration,20,1736,20,ad_probe,ad_c(full_target_scalar_reference),0.002710132178985525,True,0.033296779225704065,2237184
fever,37,selection,20,1736,20,glob_probe,best_in_menu_on_eval,0.07090430801685699,False,,2237184
fever,38,recalibration,20,1876,20,ad_probe,ad_c(full_target_scalar_reference),0.0013834553783395043,True,0.015134805500324977,2238184
fever,38,selection,20,1876,20,glob_probe,best_in_menu_on_eval,0.04266358077673155,False,,2238184
fever,39,recalibration,20,1807,20,ad_probe,ad_c(full_target_scalar_reference),0.004648272712165391,True,0.044337779603143446,2239184
fever,39,selection,20,1807,20,ad_probe,best_in_menu_on_eval,0.0,True,,2239184
fever,40,recalibration,20,1869,20,ad_probe,ad_c(full_target_scalar_reference),0.009211078485830249,False,0.09324798899039055,2240184
fever,40,selection,20,1869,20,glob_probe,best_in_menu_on_eval,0.04235929667016031,False,,2240184
fever,41,recalibration,20,1860,20,ad_probe,ad_c(full_target_scalar_reference),0.0027794679991489657,True,0.026823745376416852,2241184
fever,41,selection,20,1860,20,glob_probe,best_in_menu_on_eval,0.09112740947301001,False,,2241184
fever,42,recalibration,20,1927,20,ad_probe,ad_c(full_target_scalar_reference),0.00044471194034834127,True,0.008103026821986714,2242184
fever,42,selection,20,1927,20,ad_probe,best_in_menu_on_eval,0.0,True,,2242184
fever,43,recalibration,20,1835,20,ad_probe,ad_c(full_target_scalar_reference),0.001718900018629177,True,0.013303923935457207,2243184
fever,43,selection,20,1835,20,ad_probe,best_in_menu_on_eval,0.0,True,,2243184
fever,44,recalibration,20,1731,20,ad_probe,ad_c(full_target_scalar_reference),0.00531091130739525,False,0.055011935248930666,2244184
fever,44,selection,20,1731,20,glob_probe,best_in_menu_on_eval,0.07882790656679195,False,,2244184
fever,45,recalibration,20,1733,20,ad_probe,ad_c(full_target_scalar_reference),0.006103009669460313,False,0.060031377359322846,2245184
fever,45,selection,20,1733,20,glob_probe,best_in_menu_on_eval,0.09356569870076209,False,,2245184
fever,46,recalibration,20,1845,20,ad_probe,ad_c(full_target_scalar_reference),0.002692853339859025,True,0.02743167606229102,2246184
fever,46,selection,20,1845,20,ad_probe,best_in_menu_on_eval,0.0,True,,2246184
fever,47,recalibration,20,1899,20,ad_probe,ad_c(full_target_scalar_reference),0.005033246253529189,False,0.05065082470678928,2247184
fever,47,selection,20,1899,20,glob_probe,best_in_menu_on_eval,0.03615659927727333,False,,2247184
fever,48,recalibration,20,1851,20,ad_probe,ad_c(full_target_scalar_reference),0.0028797789631372916,True,0.027114248105125638,2248184
fever,48,selection,20,1851,20,ad_probe,best_in_menu_on_eval,0.0,True,,2248184
fever,49,recalibration,20,1747,20,ad_probe,ad_c(full_target_scalar_reference),0.0059453378066076645,False,0.059333382610515795,2249184
fever,49,selection,20,1747,20,ad_probe,best_in_menu_on_eval,0.0,True,,2249184
fever,0,recalibration,50,4565,50,ad_probe,ad_c(full_target_scalar_reference),0.0036523272844313226,True,0.03885929905318464,2300127
fever,0,selection,50,4565,50,ad_probe,best_in_menu_on_eval,0.0,True,,2300127
fever,1,recalibration,50,4266,50,ad_probe,ad_c(full_target_scalar_reference),0.007749560425290736,False,0.0724733861555551,2301127
fever,1,selection,50,4266,50,ad_probe,best_in_menu_on_eval,0.0,True,,2301127
fever,2,recalibration,50,4507,50,ad_probe,ad_c(full_target_scalar_reference),0.0024119018828814287,True,0.023506535422361363,2302127
fever,2,selection,50,4507,50,glob_probe,best_in_menu_on_eval,0.0438427428073741,False,,2302127
fever,3,recalibration,50,4422,50,ad_probe,ad_c(full_target_scalar_reference),0.004224050264351353,True,0.04148119632473435,2303127
fever,3,selection,50,4422,50,ad_probe,best_in_menu_on_eval,0.0,True,,2303127
fever,4,recalibration,50,4581,50,ad_probe,ad_c(full_target_scalar_reference),0.005020820000056769,False,0.04691116962098585,2304127
fever,4,selection,50,4581,50,ad_probe,best_in_menu_on_eval,0.0,True,,2304127
fever,5,recalibration,50,4463,50,ad_probe,ad_c(full_target_scalar_reference),0.006769906165311257,False,0.0679230404184743,2305127
fever,5,selection,50,4463,50,ad_probe,best_in_menu_on_eval,0.0,True,,2305127
fever,6,recalibration,50,4635,50,ad_probe,ad_c(full_target_scalar_reference),0.007808753788197675,False,0.08033489923062298,2306127
fever,6,selection,50,4635,50,ad_probe,best_in_menu_on_eval,0.0,True,,2306127
fever,7,recalibration,50,4521,50,ad_probe,ad_c(full_target_scalar_reference),0.0050762412011855496,False,0.04704639430922486,2307127
fever,7,selection,50,4521,50,glob_probe,best_in_menu_on_eval,0.04925524522641789,False,,2307127
fever,8,recalibration,50,4685,50,ad_probe,ad_c(full_target_scalar_reference),0.004917156436201164,True,0.05003345774607926,2308127
fever,8,selection,50,4685,50,ad_probe,best_in_menu_on_eval,0.0,True,,2308127
fever,9,recalibration,50,4509,50,ad_probe,ad_c(full_target_scalar_reference),0.003449356132246062,True,0.036841177901749234,2309127
fever,9,selection,50,4509,50,ad_probe,best_in_menu_on_eval,0.0,True,,2309127
fever,10,recalibration,50,4400,50,ad_probe,ad_c(full_target_scalar_reference),0.007048379804219018,False,0.06645860789365843,2310127
fever,10,selection,50,4400,50,ad_probe,best_in_menu_on_eval,0.0,True,,2310127
fever,11,recalibration,50,4554,50,ad_probe,ad_c(full_target_scalar_reference),0.003426397765877831,True,0.03336881957704052,2311127
fever,11,selection,50,4554,50,ad_probe,best_in_menu_on_eval,0.0,True,,2311127
fever,12,recalibration,50,4438,50,ad_probe,ad_c(full_target_scalar_reference),0.0005110266597569968,True,0.008374241856988318,2312127
fever,12,selection,50,4438,50,ad_probe,best_in_menu_on_eval,0.0,True,,2312127
fever,13,recalibration,50,4576,50,ad_probe,ad_c(full_target_scalar_reference),0.0021507504654421084,True,0.020871396826398714,2313127
fever,13,selection,50,4576,50,ad_probe,best_in_menu_on_eval,0.0,True,,2313127
fever,14,recalibration,50,4560,50,ad_probe,ad_c(full_target_scalar_reference),0.00035651906873190864,True,0.0066490692536036455,2314127
fever,14,selection,50,4560,50,ad_probe,best_in_menu_on_eval,0.0,True,,2314127
fever,15,recalibration,50,4531,50,ad_probe,ad_c(full_target_scalar_reference),0.006956610932220331,False,0.06771206359267812,2315127
fever,15,selection,50,4531,50,ad_probe,best_in_menu_on_eval,0.0,True,,2315127
fever,16,recalibration,50,4511,50,ad_probe,ad_c(full_target_scalar_reference),0.0004076217347075417,True,0.004596219924754674,2316127
fever,16,selection,50,4511,50,ad_probe,best_in_menu_on_eval,0.0,True,,2316127
fever,17,recalibration,50,4683,50,ad_probe,ad_c(full_target_scalar_reference),0.007171769853148269,False,0.07289652688205672,2317127
fever,17,selection,50,4683,50,glob_probe,best_in_menu_on_eval,0.035631382925820576,False,,2317127
fever,18,recalibration,50,4757,50,ad_probe,ad_c(full_target_scalar_reference),0.0028231869903575513,True,0.03342310880171562,2318127
fever,18,selection,50,4757,50,ad_probe,best_in_menu_on_eval,0.0,True,,2318127
fever,19,recalibration,50,4443,50,ad_probe,ad_c(full_target_scalar_reference),0.006375359995372087,False,0.0644887427504226,2319127
fever,19,selection,50,4443,50,ad_probe,best_in_menu_on_eval,0.0,True,,2319127
fever,20,recalibration,50,4609,50,ad_probe,ad_c(full_target_scalar_reference),0.002316785055600179,True,0.019522766277586312,2320127
fever,20,selection,50,4609,50,ad_probe,best_in_menu_on_eval,0.0,True,,2320127
fever,21,recalibration,50,4594,50,ad_probe,ad_c(full_target_scalar_reference),0.003634450256673971,True,0.035784759956076106,2321127
fever,21,selection,50,4594,50,ad_probe,best_in_menu_on_eval,0.0,True,,2321127
fever,22,recalibration,50,4636,50,ad_probe,ad_c(full_target_scalar_reference),0.002938144919704788,True,0.02941437545690473,2322127
fever,22,selection,50,4636,50,ad_probe,best_in_menu_on_eval,0.0,True,,2322127
fever,23,recalibration,50,4759,50,ad_probe,ad_c(full_target_scalar_reference),0.006425742905489029,False,0.06664302999624483,2323127
fever,23,selection,50,4759,50,ad_probe,best_in_menu_on_eval,0.0,True,,2323127
fever,24,recalibration,50,4598,50,ad_probe,ad_c(full_target_scalar_reference),0.0026161741321958365,True,0.024595392796274318,2324127
fever,24,selection,50,4598,50,ad_probe,best_in_menu_on_eval,0.0,True,,2324127
fever,25,recalibration,50,4521,50,ad_probe,ad_c(full_target_scalar_reference),0.0003530402487477158,True,0.004097663462660384,2325127
fever,25,selection,50,4521,50,ad_probe,best_in_menu_on_eval,0.0,True,,2325127
fever,26,recalibration,50,4549,50,ad_probe,ad_c(full_target_scalar_reference),0.0039355481242770995,True,0.03835759640351666,2326127
fever,26,selection,50,4549,50,ad_probe,best_in_menu_on_eval,0.0,True,,2326127
fever,27,recalibration,50,4451,50,ad_probe,ad_c(full_target_scalar_reference),0.004614499097570501,True,0.04851576997015927,2327127
fever,27,selection,50,4451,50,ad_probe,best_in_menu_on_eval,0.0,True,,2327127
fever,28,recalibration,50,4560,50,ad_probe,ad_c(full_target_scalar_reference),0.003771076095743564,True,0.04169777882061276,2328127
fever,28,selection,50,4560,50,ad_probe,best_in_menu_on_eval,0.0,True,,2328127
fever,29,recalibration,50,4704,50,ad_probe,ad_c(full_target_scalar_reference),0.006077261110513987,False,0.0608321126361262,2329127
fever,29,selection,50,4704,50,ad_probe,best_in_menu_on_eval,0.0,True,,2329127
fever,30,recalibration,50,4478,50,ad_probe,ad_c(full_target_scalar_reference),0.0012100186525821899,True,0.008650774319565402,2330127
fever,30,selection,50,4478,50,ad_probe,best_in_menu_on_eval,0.0,True,,2330127
fever,31,recalibration,50,4539,50,ad_probe,ad_c(full_target_scalar_reference),0.0040067852341130195,True,0.04310308459341017,2331127
fever,31,selection,50,4539,50,ad_probe,best_in_menu_on_eval,0.0,True,,2331127
fever,32,recalibration,50,4456,50,ad_probe,ad_c(full_target_scalar_reference),0.005997528700465771,False,0.05975209366518275,2332127
fever,32,selection,50,4456,50,ad_probe,best_in_menu_on_eval,0.0,True,,2332127
fever,33,recalibration,50,4679,50,ad_probe,ad_c(full_target_scalar_reference),0.0022106210664251114,True,0.019997181965,2333127
fever,33,selection,50,4679,50,ad_probe,best_in_menu_on_eval,0.0,True,,2333127
fever,34,recalibration,50,4458,50,ad_probe,ad_c(full_target_scalar_reference),0.0007045210264678969,True,0.01002930614414177,2334127
fever,34,selection,50,4458,50,ad_probe,best_in_menu_on_eval,0.0,True,,2334127
fever,35,recalibration,50,4726,50,ad_probe,ad_c(full_target_scalar_reference),0.005318409422097492,False,0.05372745165058945,2335127
fever,35,selection,50,4726,50,glob_probe,best_in_menu_on_eval,0.04705049303203085,False,,2335127
fever,36,recalibration,50,4655,50,ad_probe,ad_c(full_target_scalar_reference),0.002805600787765261,True,0.02892046522830294,2336127
fever,36,selection,50,4655,50,ad_probe,best_in_menu_on_eval,0.0,True,,2336127
fever,37,recalibration,50,4561,50,ad_probe,ad_c(full_target_scalar_reference),0.001893808529237928,True,0.017376692009757222,2337127
fever,37,selection,50,4561,50,ad_probe,best_in_menu_on_eval,0.0,True,,2337127
fever,38,recalibration,50,4671,50,ad_probe,ad_c(full_target_scalar_reference),0.0003292883054067941,True,0.0017499504435781743,2338127
fever,38,selection,50,4671,50,ad_probe,best_in_menu_on_eval,0.0,True,,2338127
fever,39,recalibration,50,4617,50,ad_probe,ad_c(full_target_scalar_reference),0.0028739297784038387,True,0.03149471639417811,2339127
fever,39,selection,50,4617,50,ad_probe,best_in_menu_on_eval,0.0,True,,2339127
fever,40,recalibration,50,4650,50,ad_probe,ad_c(full_target_scalar_reference),0.0006339849523041563,True,0.010909045800307937,2340127
fever,40,selection,50,4650,50,ad_probe,best_in_menu_on_eval,0.0,True,,2340127
fever,41,recalibration,50,4493,50,ad_probe,ad_c(full_target_scalar_reference),0.00393842714771242,True,0.037355753518380164,2341127
fever,41,selection,50,4493,50,ad_probe,best_in_menu_on_eval,0.0,True,,2341127
fever,42,recalibration,50,4496,50,ad_probe,ad_c(full_target_scalar_reference),0.0028234638195341333,True,0.030406549158013108,2342127
fever,42,selection,50,4496,50,ad_probe,best_in_menu_on_eval,0.0,True,,2342127
fever,43,recalibration,50,4483,50,ad_probe,ad_c(full_target_scalar_reference),0.0036216255159168265,True,0.035436772004992956,2343127
fever,43,selection,50,4483,50,ad_probe,best_in_menu_on_eval,0.0,True,,2343127
fever,44,recalibration,50,4713,50,ad_probe,ad_c(full_target_scalar_reference),0.004207615838908385,True,0.039853918422759316,2344127
fever,44,selection,50,4713,50,ad_probe,best_in_menu_on_eval,0.0,True,,2344127
fever,45,recalibration,50,4561,50,ad_probe,ad_c(full_target_scalar_reference),0.002654681070642484,True,0.026582805009271793,2345127
fever,45,selection,50,4561,50,ad_probe,best_in_menu_on_eval,0.0,True,,2345127
fever,46,recalibration,50,4505,50,ad_probe,ad_c(full_target_scalar_reference),0.001031650064298284,True,0.013185606684519957,2346127
fever,46,selection,50,4505,50,glob_probe,best_in_menu_on_eval,0.052996734556589487,False,,2346127
fever,47,recalibration,50,4609,50,ad_probe,ad_c(full_target_scalar_reference),0.002173193761766834,True,0.01861250972035433,2347127
fever,47,selection,50,4609,50,ad_probe,best_in_menu_on_eval,0.0,True,,2347127
fever,48,recalibration,50,4577,50,ad_probe,ad_c(full_target_scalar_reference),0.0018971564845204902,True,0.018531826286870112,2348127
fever,48,selection,50,4577,50,ad_probe,best_in_menu_on_eval,0.0,True,,2348127
fever,49,recalibration,50,4526,50,ad_probe,ad_c(full_target_scalar_reference),0.0021964549624767793,True,0.022208355851977446,2349127
fever,49,selection,50,4526,50,ad_probe,best_in_menu_on_eval,0.0,True,,2349127
fever,0,recalibration,100,9033,100,ad_probe,ad_c(full_target_scalar_reference),0.002933117919410866,True,0.028980251723600303,2400428
fever,0,selection,100,9033,100,ad_probe,best_in_menu_on_eval,0.0,True,,2400428
fever,1,recalibration,100,9075,100,ad_probe,ad_c(full_target_scalar_reference),0.0014503527068254751,True,0.01562339946244351,2401428
fever,1,selection,100,9075,100,ad_probe,best_in_menu_on_eval,0.0,True,,2401428
fever,2,recalibration,100,9048,100,ad_probe,ad_c(full_target_scalar_reference),0.0003655193420651903,True,0.0018242050651774422,2402428
fever,2,selection,100,9048,100,ad_probe,best_in_menu_on_eval,0.0,True,,2402428
fever,3,recalibration,100,9183,100,ad_probe,ad_c(full_target_scalar_reference),0.0023257135121284023,True,0.022550548843800478,2403428
fever,3,selection,100,9183,100,ad_probe,best_in_menu_on_eval,0.0,True,,2403428
fever,4,recalibration,100,9091,100,ad_probe,ad_c(full_target_scalar_reference),0.00530187567196394,False,0.053046009209507305,2404428
fever,4,selection,100,9091,100,ad_probe,best_in_menu_on_eval,0.0,True,,2404428
fever,5,recalibration,100,9018,100,ad_probe,ad_c(full_target_scalar_reference),0.00020560462991170425,True,0.0011998056320825512,2405428
fever,5,selection,100,9018,100,ad_probe,best_in_menu_on_eval,0.0,True,,2405428
fever,6,recalibration,100,9143,100,ad_probe,ad_c(full_target_scalar_reference),0.0005711239719768946,True,0.00832141829255173,2406428
fever,6,selection,100,9143,100,ad_probe,best_in_menu_on_eval,0.0,True,,2406428
fever,7,recalibration,100,9293,100,ad_probe,ad_c(full_target_scalar_reference),0.010735309128546977,False,0.1131307018678509,2407428
fever,7,selection,100,9293,100,ad_probe,best_in_menu_on_eval,0.0,True,,2407428
fever,8,recalibration,100,8932,100,ad_probe,ad_c(full_target_scalar_reference),0.005299348598561404,False,0.05084681984665185,2408428
fever,8,selection,100,8932,100,ad_probe,best_in_menu_on_eval,0.0,True,,2408428
fever,9,recalibration,100,9229,100,ad_probe,ad_c(full_target_scalar_reference),0.004837175549938344,True,0.045477606032259255,2409428
fever,9,selection,100,9229,100,ad_probe,best_in_menu_on_eval,0.0,True,,2409428
fever,10,recalibration,100,9183,100,ad_probe,ad_c(full_target_scalar_reference),0.010536158937011764,False,0.10684200434767444,2410428
fever,10,selection,100,9183,100,ad_probe,best_in_menu_on_eval,0.0,True,,2410428
fever,11,recalibration,100,9040,100,ad_probe,ad_c(full_target_scalar_reference),0.0003655193420651903,True,0.0023362395632635646,2411428
fever,11,selection,100,9040,100,ad_probe,best_in_menu_on_eval,0.0,True,,2411428
fever,12,recalibration,100,9316,100,ad_probe,ad_c(full_target_scalar_reference),0.001734645528431722,True,0.016391791073293804,2412428
fever,12,selection,100,9316,100,ad_probe,best_in_menu_on_eval,0.0,True,,2412428
fever,13,recalibration,100,9072,100,ad_probe,ad_c(full_target_scalar_reference),0.006421732563980487,False,0.06652113414186933,2413428
fever,13,selection,100,9072,100,ad_probe,best_in_menu_on_eval,0.0,True,,2413428
fever,14,recalibration,100,9125,100,ad_probe,ad_c(full_target_scalar_reference),0.0002732933969606943,True,0.0073041987645805495,2414428
fever,14,selection,100,9125,100,ad_probe,best_in_menu_on_eval,0.0,True,,2414428
fever,15,recalibration,100,8972,100,ad_probe,ad_c(full_target_scalar_reference),0.0029334061545454038,True,0.03156800090844247,2415428
fever,15,selection,100,8972,100,ad_probe,best_in_menu_on_eval,0.0,True,,2415428
fever,16,recalibration,100,9133,100,ad_probe,ad_c(full_target_scalar_reference),0.002212224942959029,True,0.019983400621911507,2416428
fever,16,selection,100,9133,100,ad_probe,best_in_menu_on_eval,0.0,True,,2416428
fever,17,recalibration,100,8755,100,ad_probe,ad_c(full_target_scalar_reference),0.004676853687306193,True,0.04458074232872278,2417428
fever,17,selection,100,8755,100,ad_probe,best_in_menu_on_eval,0.0,True,,2417428
fever,18,recalibration,100,9078,100,ad_probe,ad_c(full_target_scalar_reference),0.001064889353040499,True,0.01392379458501325,2418428
fever,18,selection,100,9078,100,ad_probe,best_in_menu_on_eval,0.0,True,,2418428
fever,19,recalibration,100,9153,100,ad_probe,ad_c(full_target_scalar_reference),0.002809102428353083,True,0.026762489701694703,2419428
fever,19,selection,100,9153,100,ad_probe,best_in_menu_on_eval,0.0,True,,2419428
fever,20,recalibration,100,9168,100,ad_probe,ad_c(full_target_scalar_reference),0.0019280420057149472,True,0.015837025932155413,2420428
fever,20,selection,100,9168,100,ad_probe,best_in_menu_on_eval,0.0,True,,2420428
fever,21,recalibration,100,8771,100,ad_probe,ad_c(full_target_scalar_reference),0.00224871753961009,True,0.020815826204851562,2421428
fever,21,selection,100,8771,100,ad_probe,best_in_menu_on_eval,0.0,True,,2421428
fever,22,recalibration,100,9315,100,ad_probe,ad_c(full_target_scalar_reference),0.00031934593311389037,True,0.004699888466266566,2422428
fever,22,selection,100,9315,100,ad_probe,best_in_menu_on_eval,0.0,True,,2422428
fever,23,recalibration,100,9147,100,ad_probe,ad_c(full_target_scalar_reference),0.004778749456274656,True,0.045034550599738266,2423428
fever,23,selection,100,9147,100,ad_probe,best_in_menu_on_eval,0.0,True,,2423428
fever,24,recalibration,100,9021,100,ad_probe,ad_c(full_target_scalar_reference),0.0006591193691406483,True,0.01042678604659697,2424428
fever,24,selection,100,9021,100,ad_probe,best_in_menu_on_eval,0.0,True,,2424428
fever,25,recalibration,100,9213,100,ad_probe,ad_c(full_target_scalar_reference),0.003168122533032669,True,0.03632949554847764,2425428
fever,25,selection,100,9213,100,ad_probe,best_in_menu_on_eval,0.0,True,,2425428
fever,26,recalibration,100,9223,100,ad_probe,ad_c(full_target_scalar_reference),0.0027256630058946074,True,0.02688954253039777,2426428
fever,26,selection,100,9223,100,ad_probe,best_in_menu_on_eval,0.0,True,,2426428
fever,27,recalibration,100,9211,100,ad_probe,ad_c(full_target_scalar_reference),0.0003317958313389102,True,0.0016667052689129935,2427428
fever,27,selection,100,9211,100,ad_probe,best_in_menu_on_eval,0.0,True,,2427428
fever,28,recalibration,100,9027,100,ad_probe,ad_c(full_target_scalar_reference),0.0011024698048761605,True,0.007999619216848552,2428428
fever,28,selection,100,9027,100,ad_probe,best_in_menu_on_eval,0.0,True,,2428428
fever,29,recalibration,100,9254,100,ad_probe,ad_c(full_target_scalar_reference),0.0010007058971420735,True,0.0058372886317317185,2429428
fever,29,selection,100,9254,100,ad_probe,best_in_menu_on_eval,0.0,True,,2429428
fever,30,recalibration,100,9392,100,ad_probe,ad_c(full_target_scalar_reference),0.0027837656302475144,True,0.0320010701991742,2430428
fever,30,selection,100,9392,100,ad_probe,best_in_menu_on_eval,0.0,True,,2430428
fever,31,recalibration,100,8958,100,ad_probe,ad_c(full_target_scalar_reference),0.006264880511397619,False,0.06126128268547104,2431428
fever,31,selection,100,8958,100,ad_probe,best_in_menu_on_eval,0.0,True,,2431428
fever,32,recalibration,100,9037,100,ad_probe,ad_c(full_target_scalar_reference),0.00036733243403963556,True,0.002090251434432977,2432428
fever,32,selection,100,9037,100,ad_probe,best_in_menu_on_eval,0.0,True,,2432428
fever,33,recalibration,100,8994,100,ad_probe,ad_c(full_target_scalar_reference),0.0036396847777645513,True,0.03508479733790437,2433428
fever,33,selection,100,8994,100,ad_probe,best_in_menu_on_eval,0.0,True,,2433428
fever,34,recalibration,100,9187,100,ad_probe,ad_c(full_target_scalar_reference),0.00036588196046005717,True,0.0036991266299324366,2434428
fever,34,selection,100,9187,100,glob_probe,best_in_menu_on_eval,0.05261401542242239,False,,2434428
fever,35,recalibration,100,9134,100,ad_probe,ad_c(full_target_scalar_reference),0.0009379729148233373,True,0.01352890630301995,2435428
fever,35,selection,100,9134,100,ad_probe,best_in_menu_on_eval,0.0,True,,2435428
fever,36,recalibration,100,9003,100,ad_probe,ad_c(full_target_scalar_reference),0.0013495447930415017,True,0.015061542826128038,2436428
fever,36,selection,100,9003,100,ad_probe,best_in_menu_on_eval,0.0,True,,2436428
fever,37,recalibration,100,9050,100,ad_probe,ad_c(full_target_scalar_reference),0.0030486537187726093,True,0.029710514436205315,2437428
fever,37,selection,100,9050,100,ad_probe,best_in_menu_on_eval,0.0,True,,2437428
fever,38,recalibration,100,9100,100,ad_probe,ad_c(full_target_scalar_reference),0.000730192574542321,True,0.010705427063484652,2438428
fever,38,selection,100,9100,100,ad_probe,best_in_menu_on_eval,0.0,True,,2438428
fever,39,recalibration,100,9296,100,ad_probe,ad_c(full_target_scalar_reference),0.004510392981303624,True,0.04845111272149394,2439428
fever,39,selection,100,9296,100,ad_probe,best_in_menu_on_eval,0.0,True,,2439428
fever,40,recalibration,100,9104,100,ad_probe,ad_c(full_target_scalar_reference),0.0002842928216062468,True,0.0013751730073139345,2440428
fever,40,selection,100,9104,100,ad_probe,best_in_menu_on_eval,0.0,True,,2440428
fever,41,recalibration,100,8932,100,ad_probe,ad_c(full_target_scalar_reference),0.0050075616634603914,False,0.05455918236755375,2441428
fever,41,selection,100,8932,100,ad_probe,best_in_menu_on_eval,0.0,True,,2441428
fever,42,recalibration,100,8703,100,ad_probe,ad_c(full_target_scalar_reference),0.006039936233757648,False,0.06042633204329939,2442428
fever,42,selection,100,8703,100,ad_probe,best_in_menu_on_eval,0.0,True,,2442428
fever,43,recalibration,100,9012,100,ad_probe,ad_c(full_target_scalar_reference),0.0009053372592817688,True,0.012585999645792545,2443428
fever,43,selection,100,9012,100,ad_probe,best_in_menu_on_eval,0.0,True,,2443428
fever,44,recalibration,100,9244,100,ad_probe,ad_c(full_target_scalar_reference),0.0025875053974353524,True,0.025080263638933786,2444428
fever,44,selection,100,9244,100,ad_probe,best_in_menu_on_eval,0.0,True,,2444428
fever,45,recalibration,100,9057,100,ad_probe,ad_c(full_target_scalar_reference),0.0035094563270012813,True,0.04047688592459919,2445428
fever,45,selection,100,9057,100,ad_probe,best_in_menu_on_eval,0.0,True,,2445428
fever,46,recalibration,100,9008,100,ad_probe,ad_c(full_target_scalar_reference),0.0015518748689629103,True,0.011172203448894913,2446428
fever,46,selection,100,9008,100,ad_probe,best_in_menu_on_eval,0.0,True,,2446428
fever,47,recalibration,100,9160,100,ad_probe,ad_c(full_target_scalar_reference),0.005257024256415055,False,0.05085203317439024,2447428
fever,47,selection,100,9160,100,ad_probe,best_in_menu_on_eval,0.0,True,,2447428
fever,48,recalibration,100,9318,100,ad_probe,ad_c(full_target_scalar_reference),0.001127853092519726,True,0.0076703732118397205,2448428
fever,48,selection,100,9318,100,ad_probe,best_in_menu_on_eval,0.0,True,,2448428
fever,49,recalibration,100,9246,100,ad_probe,ad_c(full_target_scalar_reference),0.0023494045805955155,True,0.023359639577680724,2449428
fever,49,selection,100,9246,100,ad_probe,best_in_menu_on_eval,0.0,True,,2449428
climate-fever,0,recalibration,5,479,5,ad_probe,ad_c(full_target_scalar_reference),0.0015925142395730452,True,0.4829568624333387,2000264
climate-fever,0,selection,5,479,5,trunc,best_in_menu_on_eval,0.011617392385606662,False,,2000264
climate-fever,1,recalibration,5,463,5,ad_probe,ad_c(full_target_scalar_reference),0.001051762326272132,True,0.46553684451711463,2001264
climate-fever,1,selection,5,463,5,trunc,best_in_menu_on_eval,0.011716176438639064,False,,2001264
climate-fever,2,recalibration,5,493,5,ad_probe,ad_c(full_target_scalar_reference),0.0002235709098454275,True,0.011754259912968301,2002264
climate-fever,2,selection,5,493,5,trunc,best_in_menu_on_eval,0.012981826789256745,False,,2002264
climate-fever,3,recalibration,5,465,5,ad_probe,ad_c(full_target_scalar_reference),0.0008376953474992788,True,0.05072557396690769,2003264
climate-fever,3,selection,5,465,5,trunc,best_in_menu_on_eval,0.011953240270474175,False,,2003264
climate-fever,4,recalibration,5,480,5,ad_probe,ad_c(full_target_scalar_reference),0.0004949589263314735,True,0.036580540236498926,2004264
climate-fever,4,selection,5,480,5,glob_probe,best_in_menu_on_eval,0.015280326064639804,False,,2004264
climate-fever,5,recalibration,5,438,5,ad_probe,ad_c(full_target_scalar_reference),0.0007553666377196067,True,0.8295912937453185,2005264
climate-fever,5,selection,5,438,5,glob_probe,best_in_menu_on_eval,0.027953844516887094,False,,2005264
climate-fever,6,recalibration,5,478,5,ad_probe,ad_c(full_target_scalar_reference),0.0006594639927973156,True,0.5499080063382076,2006264
climate-fever,6,selection,5,478,5,trunc,best_in_menu_on_eval,0.013338354792843538,False,,2006264
climate-fever,7,recalibration,5,473,5,ad_probe,ad_c(full_target_scalar_reference),0.004597793274263823,True,1.3503446536536714,2007264
climate-fever,7,selection,5,473,5,trunc,best_in_menu_on_eval,0.00816185917517151,True,,2007264
climate-fever,8,recalibration,5,479,5,ad_probe,ad_c(full_target_scalar_reference),0.0007684436115808491,True,0.6400255742566752,2008264
climate-fever,8,selection,5,479,5,glob_probe,best_in_menu_on_eval,0.05440828960436807,False,,2008264
climate-fever,9,recalibration,5,474,5,ad_probe,ad_c(full_target_scalar_reference),0.0019720983446473717,True,0.8248709453309004,2009264
climate-fever,9,selection,5,474,5,ad_probe,best_in_menu_on_eval,0.0,True,,2009264
climate-fever,10,recalibration,5,475,5,ad_probe,ad_c(full_target_scalar_reference),0.000616010714049875,True,0.2009721147704897,2010264
climate-fever,10,selection,5,475,5,glob_probe,best_in_menu_on_eval,0.06179190816445715,False,,2010264
climate-fever,11,recalibration,5,460,5,ad_probe,ad_c(full_target_scalar_reference),0.0014581642032622244,True,0.4878156684117818,2011264
climate-fever,11,selection,5,460,5,trunc,best_in_menu_on_eval,0.011331913521696435,False,,2011264
climate-fever,12,recalibration,5,480,5,ad_probe,ad_c(full_target_scalar_reference),0.0011667453824316665,True,0.4960303969723723,2012264
climate-fever,12,selection,5,480,5,glob_probe,best_in_menu_on_eval,0.013535810594634129,False,,2012264
climate-fever,13,recalibration,5,445,5,ad_probe,ad_c(full_target_scalar_reference),0.0006569900687548036,True,0.22941130777493957,2013264
climate-fever,13,selection,5,445,5,trunc,best_in_menu_on_eval,0.013479615130182365,False,,2013264
climate-fever,14,recalibration,5,462,5,ad_probe,ad_c(full_target_scalar_reference),0.0005540864364394216,True,1.0692110394386616,2014264
climate-fever,14,selection,5,462,5,glob_probe,best_in_menu_on_eval,0.05600867269962273,False,,2014264
climate-fever,15,recalibration,5,471,5,ad_probe,ad_c(full_target_scalar_reference),0.0014684444096208504,True,0.5224579630787582,2015264
climate-fever,15,selection,5,471,5,glob_probe,best_in_menu_on_eval,0.05498915065645599,False,,2015264
climate-fever,16,recalibration,5,497,5,ad_probe,ad_c(full_target_scalar_reference),0.0008949329537564776,True,0.3875456971721547,2016264
climate-fever,16,selection,5,497,5,ad_probe,best_in_menu_on_eval,0.0,True,,2016264
climate-fever,17,recalibration,5,478,5,ad_probe,ad_c(full_target_scalar_reference),0.00040531364060775177,True,0.17244905818546874,2017264
climate-fever,17,selection,5,478,5,ad_probe,best_in_menu_on_eval,0.0,True,,2017264
climate-fever,18,recalibration,5,439,5,ad_probe,ad_c(full_target_scalar_reference),0.0006079178628198567,True,0.14529327652358104,2018264
climate-fever,18,selection,5,439,5,glob_probe,best_in_menu_on_eval,0.011448841858299752,False,,2018264
climate-fever,19,recalibration,5,508,5,ad_probe,ad_c(full_target_scalar_reference),0.0016651503906405796,True,0.5585483271261129,2019264
climate-fever,19,selection,5,508,5,glob_probe,best_in_menu_on_eval,0.010612147474892558,False,,2019264
climate-fever,20,recalibration,5,466,5,ad_probe,ad_c(full_target_scalar_reference),0.0004488866253572199,True,0.1760831933391258,2020264
climate-fever,20,selection,5,466,5,trunc,best_in_menu_on_eval,0.01336488236839073,False,,2020264
climate-fever,21,recalibration,5,445,5,ad_probe,ad_c(full_target_scalar_reference),0.0007076402174441554,True,0.33630847365531635,2021264
climate-fever,21,selection,5,445,5,glob_probe,best_in_menu_on_eval,0.01267553818303535,False,,2021264
climate-fever,22,recalibration,5,463,5,ad_probe,ad_c(full_target_scalar_reference),0.0005524431995019841,True,0.03520981319559846,2022264
climate-fever,22,selection,5,463,5,glob_probe,best_in_menu_on_eval,0.0062380829047496145,True,,2022264
climate-fever,23,recalibration,5,480,5,ad_probe,ad_c(full_target_scalar_reference),0.0011449806547845776,True,0.6651682201564473,2023264
climate-fever,23,selection,5,480,5,ad_probe,best_in_menu_on_eval,0.0,True,,2023264
climate-fever,24,recalibration,5,490,5,ad_probe,ad_c(full_target_scalar_reference),0.0011663572447886128,True,0.5983078838473173,2024264
climate-fever,24,selection,5,490,5,glob_probe,best_in_menu_on_eval,0.005696790500712062,True,,2024264
climate-fever,25,recalibration,5,484,5,ad_probe,ad_c(full_target_scalar_reference),0.0005195276763904633,True,0.22425631099001375,2025264
climate-fever,25,selection,5,484,5,glob_probe,best_in_menu_on_eval,0.007306422698579562,True,,2025264
climate-fever,26,recalibration,5,476,5,ad_probe,ad_c(full_target_scalar_reference),0.001288257856885272,True,0.5935767305175341,2026264
climate-fever,26,selection,5,476,5,trunc,best_in_menu_on_eval,0.011448088673991275,False,,2026264
climate-fever,27,recalibration,5,441,5,ad_probe,ad_c(full_target_scalar_reference),0.0005670146846617763,True,0.2653995876976123,2027264
climate-fever,27,selection,5,441,5,glob_probe,best_in_menu_on_eval,0.0570926626129091,False,,2027264
climate-fever,28,recalibration,5,445,5,ad_probe,ad_c(full_target_scalar_reference),0.001208686012607596,True,0.7457222776686414,2028264
climate-fever,28,selection,5,445,5,trunc,best_in_menu_on_eval,0.014054454021053542,False,,2028264
climate-fever,29,recalibration,5,415,5,ad_probe,ad_c(full_target_scalar_reference),0.001226090539816066,True,0.6046700508561349,2029264
climate-fever,29,selection,5,415,5,glob_probe,best_in_menu_on_eval,0.026032596308229156,False,,2029264
climate-fever,30,recalibration,5,470,5,ad_probe,ad_c(full_target_scalar_reference),0.0013610064590456605,True,0.6100731194411608,2030264
climate-fever,30,selection,5,470,5,ad_probe,best_in_menu_on_eval,0.0,True,,2030264
climate-fever,31,recalibration,5,459,5,ad_probe,ad_c(full_target_scalar_reference),4.8430146469324864e-05,True,0.08107858734391371,2031264
climate-fever,31,selection,5,459,5,glob_probe,best_in_menu_on_eval,0.024057891999068493,False,,2031264
climate-fever,32,recalibration,5,494,5,ad_probe,ad_c(full_target_scalar_reference),0.0006655182145378635,True,0.3287982511211385,2032264
climate-fever,32,selection,5,494,5,ad_probe,best_in_menu_on_eval,0.0,True,,2032264
climate-fever,33,recalibration,5,433,5,ad_probe,ad_c(full_target_scalar_reference),0.00028582528582526967,True,0.912337850030019,2033264
climate-fever,33,selection,5,433,5,trunc,best_in_menu_on_eval,0.012918172215798218,False,,2033264
climate-fever,34,recalibration,5,512,5,ad_probe,ad_c(full_target_scalar_reference),0.0007147028715656367,True,0.3322600836220615,2034264
climate-fever,34,selection,5,512,5,glob_probe,best_in_menu_on_eval,0.011604611800690223,False,,2034264
climate-fever,35,recalibration,5,461,5,ad_probe,ad_c(full_target_scalar_reference),0.00043262474635019643,True,0.8172468643219872,2035264
climate-fever,35,selection,5,461,5,trunc,best_in_menu_on_eval,0.013047712247299031,False,,2035264
climate-fever,36,recalibration,5,457,5,ad_probe,ad_c(full_target_scalar_reference),0.0006735893010402783,True,0.22716429273375027,2036264
climate-fever,36,selection,5,457,5,trunc,best_in_menu_on_eval,0.013345783819880469,False,,2036264
climate-fever,37,recalibration,5,464,5,ad_probe,ad_c(full_target_scalar_reference),0.0012790477496359698,True,0.6202132121096469,2037264
climate-fever,37,selection,5,464,5,glob_probe,best_in_menu_on_eval,0.005433150727268382,True,,2037264
climate-fever,38,recalibration,5,449,5,ad_probe,ad_c(full_target_scalar_reference),0.0005191903231118733,True,0.36119955338070797,2038264
climate-fever,38,selection,5,449,5,glob_probe,best_in_menu_on_eval,0.0061696654833910125,True,,2038264
climate-fever,39,recalibration,5,479,5,ad_probe,ad_c(full_target_scalar_reference),0.0003958822586273558,True,0.0678145668149881,2039264
climate-fever,39,selection,5,479,5,glob_probe,best_in_menu_on_eval,0.007108080735531708,True,,2039264
climate-fever,40,recalibration,5,493,5,ad_probe,ad_c(full_target_scalar_reference),0.0011227806325845302,True,0.568957124609595,2040264
climate-fever,40,selection,5,493,5,glob_probe,best_in_menu_on_eval,0.028303960994454536,False,,2040264
climate-fever,41,recalibration,5,482,5,ad_probe,ad_c(full_target_scalar_reference),0.001888583457210935,True,0.8276695122111262,2041264
climate-fever,41,selection,5,482,5,trunc,best_in_menu_on_eval,0.010887827832512686,False,,2041264
climate-fever,42,recalibration,5,472,5,ad_probe,ad_c(full_target_scalar_reference),0.0028897101446121176,True,0.9019496785290411,2042264
climate-fever,42,selection,5,472,5,glob_probe,best_in_menu_on_eval,0.05380364589251986,False,,2042264
climate-fever,43,recalibration,5,497,5,ad_probe,ad_c(full_target_scalar_reference),0.002802564175113209,True,0.9029817366043353,2043264
climate-fever,43,selection,5,497,5,trunc,best_in_menu_on_eval,0.009848137044313782,True,,2043264
climate-fever,44,recalibration,5,496,5,ad_probe,ad_c(full_target_scalar_reference),0.003169981797432775,True,1.040421697318136,2044264
climate-fever,44,selection,5,496,5,trunc,best_in_menu_on_eval,0.009589830260005261,True,,2044264
climate-fever,45,recalibration,5,501,5,ad_probe,ad_c(full_target_scalar_reference),0.0009612863534432248,True,0.2834876885233668,2045264
climate-fever,45,selection,5,501,5,ad_probe,best_in_menu_on_eval,0.0,True,,2045264
climate-fever,46,recalibration,5,470,5,ad_probe,ad_c(full_target_scalar_reference),0.0007657701775348469,True,0.35646993741489164,2046264
climate-fever,46,selection,5,470,5,glob_probe,best_in_menu_on_eval,0.05736252045929234,False,,2046264
climate-fever,47,recalibration,5,465,5,ad_probe,ad_c(full_target_scalar_reference),0.0014747634355477546,True,0.4878156684117818,2047264
climate-fever,47,selection,5,465,5,trunc,best_in_menu_on_eval,0.011366588360292806,False,,2047264
climate-fever,48,recalibration,5,507,5,ad_probe,ad_c(full_target_scalar_reference),0.003184912400598705,True,0.9916530520747129,2048264
climate-fever,48,selection,5,507,5,glob_probe,best_in_menu_on_eval,0.0036128758677778094,True,,2048264
climate-fever,49,recalibration,5,456,5,ad_probe,ad_c(full_target_scalar_reference),0.0012260905398160382,True,0.6046700508561349,2049264
climate-fever,49,selection,5,456,5,glob_probe,best_in_menu_on_eval,0.05236862629019491,False,,2049264
climate-fever,0,recalibration,10,889,10,ad_probe,ad_c(full_target_scalar_reference),9.28288469271843e-05,True,0.3001181478310011,821
climate-fever,0,selection,10,889,10,glob_probe,best_in_menu_on_eval,0.007024938631496003,True,,821
climate-fever,1,recalibration,10,952,10,ad_probe,ad_c(full_target_scalar_reference),0.0008781236977958295,True,0.5406465510914882,1821
climate-fever,1,selection,10,952,10,glob_probe,best_in_menu_on_eval,0.015826461334658037,False,,1821
climate-fever,2,recalibration,10,917,10,ad_probe,ad_c(full_target_scalar_reference),0.0006354774551495801,True,0.20413405557391906,2821
climate-fever,2,selection,10,917,10,glob_probe,best_in_menu_on_eval,0.014466386072943427,False,,2821
climate-fever,3,recalibration,10,922,10,ad_probe,ad_c(full_target_scalar_reference),9.54892102433269e-05,True,0.09126462727822737,3821
climate-fever,3,selection,10,922,10,glob_probe,best_in_menu_on_eval,0.007071693333988438,True,,3821
climate-fever,4,recalibration,10,897,10,ad_probe,ad_c(full_target_scalar_reference),0.001080049276770606,True,0.539285433634086,4821
climate-fever,4,selection,10,897,10,ad_probe,best_in_menu_on_eval,0.0,True,,4821
climate-fever,5,recalibration,10,928,10,ad_probe,ad_c(full_target_scalar_reference),0.0020393122360335414,True,0.8451089823154745,5821
climate-fever,5,selection,10,928,10,trunc,best_in_menu_on_eval,0.010641596264788278,False,,5821
climate-fever,6,recalibration,10,969,10,ad_probe,ad_c(full_target_scalar_reference),0.0005574643935299661,True,0.44888758029968434,6821
climate-fever,6,selection,10,969,10,ad_probe,best_in_menu_on_eval,0.0,True,,6821
climate-fever,7,recalibration,10,945,10,ad_probe,ad_c(full_target_scalar_reference),0.0003335935467082829,True,0.020044024409792804,7821
climate-fever,7,selection,10,945,10,glob_probe,best_in_menu_on_eval,0.0609627348971611,False,,7821
climate-fever,8,recalibration,10,977,10,ad_probe,ad_c(full_target_scalar_reference),0.0007888250183331891,True,0.10029106754240802,8821
climate-fever,8,selection,10,977,10,ad_probe,best_in_menu_on_eval,0.0,True,,8821
climate-fever,9,recalibration,10,914,10,ad_probe,ad_c(full_target_scalar_reference),0.0009773141248550499,True,0.06820820909143155,9821
climate-fever,9,selection,10,914,10,glob_probe,best_in_menu_on_eval,0.013908572302014949,False,,9821
climate-fever,10,recalibration,10,978,10,ad_probe,ad_c(full_target_scalar_reference),0.0016275272996584544,True,0.6715779214008228,10821
climate-fever,10,selection,10,978,10,trunc,best_in_menu_on_eval,0.011489498817608856,False,,10821
climate-fever,11,recalibration,10,917,10,ad_probe,ad_c(full_target_scalar_reference),0.0006903697395501118,True,0.22830307541915884,11821
climate-fever,11,selection,10,917,10,glob_probe,best_in_menu_on_eval,0.015529417758925995,False,,11821
climate-fever,12,recalibration,10,903,10,ad_probe,ad_c(full_target_scalar_reference),0.0011782825553317,True,0.5281071988235673,12821
climate-fever,12,selection,10,903,10,glob_probe,best_in_menu_on_eval,0.013435904928672499,False,,12821
climate-fever,13,recalibration,10,923,10,ad_probe,ad_c(full_target_scalar_reference),0.0010209826603269356,True,0.0898104720189008,13821
climate-fever,13,selection,10,923,10,ad_probe,best_in_menu_on_eval,0.0,True,,13821
climate-fever,14,recalibration,10,941,10,ad_probe,ad_c(full_target_scalar_reference),0.0018258826783416893,True,0.4392425325033593,14821
climate-fever,14,selection,10,941,10,glob_probe,best_in_menu_on_eval,0.02920343196253461,False,,14821
climate-fever,15,recalibration,10,956,10,ad_probe,ad_c(full_target_scalar_reference),0.0022834396932757683,True,0.8631682621255021,15821
climate-fever,15,selection,10,956,10,glob_probe,best_in_menu_on_eval,0.009645367597151566,True,,15821
climate-fever,16,recalibration,10,965,10,ad_probe,ad_c(full_target_scalar_reference),0.0013806703314900304,True,0.49468464325647465,16821
climate-fever,16,selection,10,965,10,glob_probe,best_in_menu_on_eval,0.025855753604248743,False,,16821
climate-fever,17,recalibration,10,870,10,ad_probe,ad_c(full_target_scalar_reference),0.0008339019814429527,True,0.16765959525808105,17821
climate-fever,17,selection,10,870,10,glob_probe,best_in_menu_on_eval,0.053061958078351554,False,,17821
climate-fever,18,recalibration,10,961,10,ad_probe,ad_c(full_target_scalar_reference),0.0008431459251131423,True,0.2588353287437215,18821
climate-fever,18,selection,10,961,10,glob_probe,best_in_menu_on_eval,0.0058858554924128,True,,18821
climate-fever,19,recalibration,10,957,10,ad_probe,ad_c(full_target_scalar_reference),0.00010366682497828239,True,0.9076698955123053,19821
climate-fever,19,selection,10,957,10,ad_probe,best_in_menu_on_eval,0.0,True,,19821
climate-fever,20,recalibration,10,902,10,ad_probe,ad_c(full_target_scalar_reference),0.0010090492385574634,True,0.22858578026626786,20821
climate-fever,20,selection,10,902,10,glob_probe,best_in_menu_on_eval,0.010927910191169593,False,,20821
climate-fever,21,recalibration,10,877,10,ad_probe,ad_c(full_target_scalar_reference),0.0009309961441109071,True,0.07914861444503396,21821
climate-fever,21,selection,10,877,10,glob_probe,best_in_menu_on_eval,0.048276339325519654,False,,21821
climate-fever,22,recalibration,10,962,10,ad_probe,ad_c(full_target_scalar_reference),0.001875501547632663,True,0.7352430013398221,22821
climate-fever,22,selection,10,962,10,trunc,best_in_menu_on_eval,0.010843171833434417,False,,22821
climate-fever,23,recalibration,10,975,10,ad_probe,ad_c(full_target_scalar_reference),0.00046780905797297323,True,0.44027348325467974,23821
climate-fever,23,selection,10,975,10,glob_probe,best_in_menu_on_eval,0.011849742243184858,False,,23821
climate-fever,24,recalibration,10,960,10,ad_probe,ad_c(full_target_scalar_reference),0.000653128292472549,True,0.32822090751965227,24821
climate-fever,24,selection,10,960,10,ad_probe,best_in_menu_on_eval,0.0,True,,24821
climate-fever,25,recalibration,10,912,10,ad_probe,ad_c(full_target_scalar_reference),0.0004273649847420513,True,0.02230172374373618,25821
climate-fever,25,selection,10,912,10,glob_probe,best_in_menu_on_eval,0.00722880034355447,True,,25821
climate-fever,26,recalibration,10,933,10,ad_probe,ad_c(full_target_scalar_reference),0.0011351053318266469,True,0.7376342179787065,26821
climate-fever,26,selection,10,933,10,ad_probe,best_in_menu_on_eval,0.0,True,,26821
climate-fever,27,recalibration,10,918,10,ad_probe,ad_c(full_target_scalar_reference),0.0005881222602534264,True,0.3057090833937912,27821
climate-fever,27,selection,10,918,10,glob_probe,best_in_menu_on_eval,0.011550842814102208,False,,27821
climate-fever,28,recalibration,10,983,10,ad_probe,ad_c(full_target_scalar_reference),4.407978178469496e-05,True,0.14133002501707503,28821
climate-fever,28,selection,10,983,10,ad_probe,best_in_menu_on_eval,0.0,True,,28821
climate-fever,29,recalibration,10,980,10,ad_probe,ad_c(full_target_scalar_reference),0.00024931352800205975,True,0.16463854158068392,29821
climate-fever,29,selection,10,980,10,ad_probe,best_in_menu_on_eval,0.0,True,,29821
climate-fever,30,recalibration,10,950,10,ad_probe,ad_c(full_target_scalar_reference),0.000975225139159569,True,0.46247708126977427,30821
climate-fever,30,selection,10,950,10,glob_probe,best_in_menu_on_eval,0.026404123267372542,False,,30821
climate-fever,31,recalibration,10,895,10,ad_probe,ad_c(full_target_scalar_reference),0.0011243801735605075,True,0.560321342830296,31821
climate-fever,31,selection,10,895,10,glob_probe,best_in_menu_on_eval,0.02511410629443414,False,,31821
climate-fever,32,recalibration,10,965,10,ad_probe,ad_c(full_target_scalar_reference),0.0019155744073776626,True,0.7444429129057566,32821
climate-fever,32,selection,10,965,10,glob_probe,best_in_menu_on_eval,0.02554051692835635,False,,32821
climate-fever,33,recalibration,10,958,10,ad_probe,ad_c(full_target_scalar_reference),0.0034389472094390194,True,1.026834170057794,33821
climate-fever,33,selection,10,958,10,glob_probe,best_in_menu_on_eval,0.024064342829231422,False,,33821
climate-fever,34,recalibration,10,863,10,ad_probe,ad_c(full_target_scalar_reference),0.0009349120824530266,True,0.3586441789014778,34821
climate-fever,34,selection,10,863,10,glob_probe,best_in_menu_on_eval,0.015748884994786633,False,,34821
climate-fever,35,recalibration,10,904,10,ad_probe,ad_c(full_target_scalar_reference),0.0005533118975741547,True,0.31685199346400816,35821
climate-fever,35,selection,10,904,10,glob_probe,best_in_menu_on_eval,0.024993207157141595,False,,35821
climate-fever,36,recalibration,10,909,10,ad_probe,ad_c(full_target_scalar_reference),5.757812315190791e-05,True,0.09956742998290125,36821
climate-fever,36,selection,10,909,10,trunc,best_in_menu_on_eval,0.012698413764228728,False,,36821
climate-fever,37,recalibration,10,922,10,ad_probe,ad_c(full_target_scalar_reference),0.0010324684423044794,True,0.22553050495231775,37821
climate-fever,37,selection,10,922,10,glob_probe,best_in_menu_on_eval,0.055851328032469214,False,,37821
climate-fever,38,recalibration,10,965,10,ad_probe,ad_c(full_target_scalar_reference),0.001508174885224034,True,0.49599470227704634,38821
climate-fever,38,selection,10,965,10,trunc,best_in_menu_on_eval,0.011565561188753237,False,,38821
climate-fever,39,recalibration,10,942,10,ad_probe,ad_c(full_target_scalar_reference),0.003896482388285688,True,1.2601180843598327,39821
climate-fever,39,selection,10,942,10,glob_probe,best_in_menu_on_eval,0.0027206272780043173,True,,39821
climate-fever,40,recalibration,10,950,10,ad_probe,ad_c(full_target_scalar_reference),0.0007760509071984556,True,0.060563403347711375,40821
climate-fever,40,selection,10,950,10,glob_probe,best_in_menu_on_eval,0.013344968328574874,False,,40821
climate-fever,41,recalibration,10,926,10,ad_probe,ad_c(full_target_scalar_reference),0.0009751851063326544,True,0.07972448957892198,41821
climate-fever,41,selection,10,926,10,glob_probe,best_in_menu_on_eval,0.048087992153565934,False,,41821
climate-fever,42,recalibration,10,919,10,ad_probe,ad_c(full_target_scalar_reference),0.0034690992068041604,True,0.9605140791940143,42821
climate-fever,42,selection,10,919,10,glob_probe,best_in_menu_on_eval,0.008648368239496523,True,,42821
climate-fever,43,recalibration,10,969,10,ad_probe,ad_c(full_target_scalar_reference),0.000267302824679877,True,0.3905508489609786,43821
climate-fever,43,selection,10,969,10,ad_probe,best_in_menu_on_eval,0.0,True,,43821
climate-fever,44,recalibration,10,938,10,ad_probe,ad_c(full_target_scalar_reference),0.0007216899675915878,True,0.13392183422776327,44821
climate-fever,44,selection,10,938,10,glob_probe,best_in_menu_on_eval,0.011695215531281083,False,,44821
climate-fever,45,recalibration,10,944,10,ad_probe,ad_c(full_target_scalar_reference),0.0002638636409127981,True,0.9137661654116189,45821
climate-fever,45,selection,10,944,10,trunc,best_in_menu_on_eval,0.012870351116493928,False,,45821
climate-fever,46,recalibration,10,877,10,ad_probe,ad_c(full_target_scalar_reference),0.0006587110521536488,True,0.41662620466743405,46821
climate-fever,46,selection,10,877,10,glob_probe,best_in_menu_on_eval,0.026445071390287844,False,,46821
climate-fever,47,recalibration,10,929,10,ad_probe,ad_c(full_target_scalar_reference),0.0018727683973585318,True,0.42240071744742,47821
climate-fever,47,selection,10,929,10,glob_probe,best_in_menu_on_eval,0.058533423044158664,False,,47821
climate-fever,48,recalibration,10,965,10,ad_probe,ad_c(full_target_scalar_reference),0.0011351817581326251,True,0.395891521296013,48821
climate-fever,48,selection,10,965,10,glob_probe,best_in_menu_on_eval,0.05784637298142982,False,,48821
climate-fever,49,recalibration,10,953,10,ad_probe,ad_c(full_target_scalar_reference),0.0005693832579078406,True,0.20140125696092648,49821
climate-fever,49,selection,10,953,10,trunc,best_in_menu_on_eval,0.012341393735077505,False,,49821
climate-fever,0,recalibration,20,1856,20,ad_probe,ad_c(full_target_scalar_reference),0.0007082319953607419,True,0.16308341075512756,2200249
climate-fever,0,selection,20,1856,20,glob_probe,best_in_menu_on_eval,0.01151514440390386,False,,2200249
climate-fever,1,recalibration,20,1757,20,ad_probe,ad_c(full_target_scalar_reference),0.0015970534782415724,True,0.44142360693768046,2201249
climate-fever,1,selection,20,1757,20,glob_probe,best_in_menu_on_eval,0.016795360854766822,False,,2201249
climate-fever,2,recalibration,20,1857,20,ad_probe,ad_c(full_target_scalar_reference),0.0009144467560309177,True,0.6273830681643098,2202249
climate-fever,2,selection,20,1857,20,glob_probe,best_in_menu_on_eval,0.015760671305225737,False,,2202249
climate-fever,3,recalibration,20,1908,20,ad_probe,ad_c(full_target_scalar_reference),0.0010277218198009863,True,0.09464942825301881,2203249
climate-fever,3,selection,20,1908,20,ad_probe,best_in_menu_on_eval,0.0,True,,2203249
climate-fever,4,recalibration,20,1878,20,ad_probe,ad_c(full_target_scalar_reference),0.0007266807266806952,True,0.18160645367946593,2204249
climate-fever,4,selection,20,1878,20,glob_probe,best_in_menu_on_eval,0.011829856978371828,False,,2204249
climate-fever,5,recalibration,20,1904,20,ad_probe,ad_c(full_target_scalar_reference),0.0007690769076907911,True,0.2638316136512042,2205249
climate-fever,5,selection,20,1904,20,glob_probe,best_in_menu_on_eval,0.028167203936170643,False,,2205249
climate-fever,6,recalibration,20,1871,20,ad_probe,ad_c(full_target_scalar_reference),0.0008294052848507871,True,0.3856812531211653,2206249
climate-fever,6,selection,20,1871,20,ad_probe,best_in_menu_on_eval,0.0,True,,2206249
climate-fever,7,recalibration,20,1819,20,ad_probe,ad_c(full_target_scalar_reference),0.0007506464932207912,True,0.04659310304738051,2207249
climate-fever,7,selection,20,1819,20,glob_probe,best_in_menu_on_eval,0.006156450809916114,True,,2207249
climate-fever,8,recalibration,20,1870,20,ad_probe,ad_c(full_target_scalar_reference),0.00022578448321022848,True,0.0114663455474604,2208249
climate-fever,8,selection,20,1870,20,glob_probe,best_in_menu_on_eval,0.007046873185487024,True,,2208249
climate-fever,9,recalibration,20,1880,20,ad_probe,ad_c(full_target_scalar_reference),0.0012254668690312442,True,0.6933732005183484,2209249
climate-fever,9,selection,20,1880,20,glob_probe,best_in_menu_on_eval,0.026336346880472206,False,,2209249
climate-fever,10,recalibration,20,1886,20,ad_probe,ad_c(full_target_scalar_reference),0.0012647345320612458,True,0.36582033911071865,2210249
climate-fever,10,selection,20,1886,20,ad_probe,best_in_menu_on_eval,0.0,True,,2210249
climate-fever,11,recalibration,20,1857,20,ad_probe,ad_c(full_target_scalar_reference),0.0007025830788206788,True,0.18154719841367628,2211249
climate-fever,11,selection,20,1857,20,glob_probe,best_in_menu_on_eval,0.01203463936137203,False,,2211249
climate-fever,12,recalibration,20,1820,20,ad_probe,ad_c(full_target_scalar_reference),0.0007451111411507227,True,0.3426856166573471,2212249
climate-fever,12,selection,20,1820,20,ad_probe,best_in_menu_on_eval,0.0,True,,2212249
climate-fever,13,recalibration,20,1819,20,ad_probe,ad_c(full_target_scalar_reference),0.00015768243491015577,True,0.0064074541540914964,2213249
climate-fever,13,selection,20,1819,20,glob_probe,best_in_menu_on_eval,0.027908075674712707,False,,2213249
climate-fever,14,recalibration,20,1917,20,ad_probe,ad_c(full_target_scalar_reference),0.001142674707031166,True,0.3960661036552713,2214249
climate-fever,14,selection,20,1917,20,glob_probe,best_in_menu_on_eval,0.013689702519056074,False,,2214249
climate-fever,15,recalibration,20,1908,20,ad_probe,ad_c(full_target_scalar_reference),0.0006651544275306509,True,0.41395151479954295,2215249
climate-fever,15,selection,20,1908,20,glob_probe,best_in_menu_on_eval,0.0063722892435763845,True,,2215249
climate-fever,16,recalibration,20,1833,20,ad_probe,ad_c(full_target_scalar_reference),0.0007033120894506528,True,0.2855411261940395,2216249
climate-fever,16,selection,20,1833,20,trunc,best_in_menu_on_eval,0.013529985185246396,False,,2216249
climate-fever,17,recalibration,20,1893,20,ad_probe,ad_c(full_target_scalar_reference),0.0015012233824114873,True,0.5261305072257976,2217249
climate-fever,17,selection,20,1893,20,ad_probe,best_in_menu_on_eval,0.0,True,,2217249
climate-fever,18,recalibration,20,1869,20,ad_probe,ad_c(full_target_scalar_reference),0.0005139085337104998,True,0.030432913150664653,2218249
climate-fever,18,selection,20,1869,20,glob_probe,best_in_menu_on_eval,0.006277320039696277,True,,2218249
climate-fever,19,recalibration,20,1853,20,ad_probe,ad_c(full_target_scalar_reference),0.0009428488636409049,True,0.336071314086436,2219249
climate-fever,19,selection,20,1853,20,trunc,best_in_menu_on_eval,0.012221992502763374,False,,2219249
climate-fever,20,recalibration,20,1855,20,ad_probe,ad_c(full_target_scalar_reference),0.0007630323471907452,True,0.2692821267562424,2220249
climate-fever,20,selection,20,1855,20,glob_probe,best_in_menu_on_eval,0.013221084013163215,False,,2220249
climate-fever,21,recalibration,20,1891,20,ad_probe,ad_c(full_target_scalar_reference),0.00045075936165042685,True,0.18928565726604107,2221249
climate-fever,21,selection,20,1891,20,trunc,best_in_menu_on_eval,0.013287186934294426,False,,2221249
climate-fever,22,recalibration,20,1786,20,ad_probe,ad_c(full_target_scalar_reference),0.00014286043989014674,True,0.2724124209348697,2222249
climate-fever,22,selection,20,1786,20,ad_probe,best_in_menu_on_eval,0.0,True,,2222249
climate-fever,23,recalibration,20,1825,20,ad_probe,ad_c(full_target_scalar_reference),0.000766190172130754,True,0.21540253045889868,2223249
climate-fever,23,selection,20,1825,20,glob_probe,best_in_menu_on_eval,0.026455501845901258,False,,2223249
climate-fever,24,recalibration,20,1847,20,ad_probe,ad_c(full_target_scalar_reference),0.0007710771077107381,True,0.05734941558603701,2224249
climate-fever,24,selection,20,1847,20,glob_probe,best_in_menu_on_eval,0.011787094675854148,False,,2224249
climate-fever,25,recalibration,20,1913,20,ad_probe,ad_c(full_target_scalar_reference),3.589369926007557e-05,True,0.08804159666956268,2225249
climate-fever,25,selection,20,1913,20,trunc,best_in_menu_on_eval,0.01279783396969389,False,,2225249
climate-fever,26,recalibration,20,1853,20,ad_probe,ad_c(full_target_scalar_reference),0.000521821412910517,True,0.2474276628261629,2226249
climate-fever,26,selection,20,1853,20,trunc,best_in_menu_on_eval,0.01254629098235105,False,,2226249
climate-fever,27,recalibration,20,1873,20,ad_probe,ad_c(full_target_scalar_reference),0.0003917461343203865,True,0.35552043285544954,2227249
climate-fever,27,selection,20,1873,20,glob_probe,best_in_menu_on_eval,0.027239953917482046,False,,2227249
climate-fever,28,recalibration,20,1886,20,ad_probe,ad_c(full_target_scalar_reference),0.0006485813416506336,True,0.44852252318384567,2228249
climate-fever,28,selection,20,1886,20,glob_probe,best_in_menu_on_eval,0.02378118764257381,False,,2228249
climate-fever,29,recalibration,20,1973,20,ad_probe,ad_c(full_target_scalar_reference),0.0010237617168310231,True,0.6142781632273402,2229249
climate-fever,29,selection,20,1973,20,glob_probe,best_in_menu_on_eval,0.010952128395343319,False,,2229249
climate-fever,30,recalibration,20,1845,20,ad_probe,ad_c(full_target_scalar_reference),0.001568596420081586,True,0.6415378578551243,2230249
climate-fever,30,selection,20,1845,20,glob_probe,best_in_menu_on_eval,0.010737421943013054,False,,2230249
climate-fever,31,recalibration,20,1800,20,ad_probe,ad_c(full_target_scalar_reference),0.0011137853712111234,True,0.23957970509438598,2231249
climate-fever,31,selection,20,1800,20,glob_probe,best_in_menu_on_eval,0.023436948090413412,False,,2231249
climate-fever,32,recalibration,20,1837,20,ad_probe,ad_c(full_target_scalar_reference),0.000476285723810449,True,0.03503788787234763,2232249
climate-fever,32,selection,20,1837,20,glob_probe,best_in_menu_on_eval,0.007175838462967182,True,,2232249
climate-fever,33,recalibration,20,1834,20,ad_probe,ad_c(full_target_scalar_reference),7.410631173007665e-05,True,0.27333707682961395,2233249
climate-fever,33,selection,20,1834,20,trunc,best_in_menu_on_eval,0.01318061385085384,False,,2233249
climate-fever,34,recalibration,20,1813,20,ad_probe,ad_c(full_target_scalar_reference),3.489359925001878e-05,True,0.1565909868615054,2234249
climate-fever,34,selection,20,1813,20,glob_probe,best_in_menu_on_eval,0.015021656011755036,False,,2234249
climate-fever,35,recalibration,20,1860,20,ad_probe,ad_c(full_target_scalar_reference),4.890965287004945e-05,True,0.08134886704516431,2235249
climate-fever,35,selection,20,1860,20,ad_probe,best_in_menu_on_eval,0.0,True,,2235249
climate-fever,36,recalibration,20,1834,20,ad_probe,ad_c(full_target_scalar_reference),9.434276761008387e-05,True,0.07867424918792931,2236249
climate-fever,36,selection,20,1834,20,glob_probe,best_in_menu_on_eval,0.015322510273005324,False,,2236249
climate-fever,37,recalibration,20,1861,20,ad_probe,ad_c(full_target_scalar_reference),0.00043841746812045557,True,0.35903689861214527,2237249
climate-fever,37,selection,20,1861,20,glob_probe,best_in_menu_on_eval,0.011998536850021974,False,,2237249
climate-fever,38,recalibration,20,1855,20,ad_probe,ad_c(full_target_scalar_reference),0.0015533238305515673,True,0.5022169366050995,2238249
climate-fever,38,selection,20,1855,20,trunc,best_in_menu_on_eval,0.01138692364789251,False,,2238249
climate-fever,39,recalibration,20,1941,20,ad_probe,ad_c(full_target_scalar_reference),0.0008304090482308402,True,0.2928202447069945,2239249
climate-fever,39,selection,20,1941,20,trunc,best_in_menu_on_eval,0.012249271787468374,False,,2239249
climate-fever,40,recalibration,20,1815,20,ad_probe,ad_c(full_target_scalar_reference),0.001325502513621346,True,0.5099869690888497,2240249
climate-fever,40,selection,20,1815,20,glob_probe,best_in_menu_on_eval,0.016590340352716587,False,,2240249
climate-fever,41,recalibration,20,1878,20,ad_probe,ad_c(full_target_scalar_reference),0.0006667333400006414,True,0.12269662942136472,2241249
climate-fever,41,selection,20,1878,20,ad_probe,best_in_menu_on_eval,0.0,True,,2241249
climate-fever,42,recalibration,20,1853,20,ad_probe,ad_c(full_target_scalar_reference),0.0005948213869005903,True,0.23994367027610863,2242249
climate-fever,42,selection,20,1853,20,trunc,best_in_menu_on_eval,0.013372314494669468,False,,2242249
climate-fever,43,recalibration,20,1882,20,ad_probe,ad_c(full_target_scalar_reference),0.0007502545126307492,True,0.18158133878380767,2243249
climate-fever,43,selection,20,1882,20,glob_probe,best_in_menu_on_eval,0.03597555359931598,False,,2243249
climate-fever,44,recalibration,20,1864,20,ad_probe,ad_c(full_target_scalar_reference),0.0012381457926011752,True,0.5743943256849857,2244249
climate-fever,44,selection,20,1864,20,ad_probe,best_in_menu_on_eval,0.0,True,,2244249
climate-fever,45,recalibration,20,1870,20,ad_probe,ad_c(full_target_scalar_reference),0.00034008162721035906,True,0.018290270118249463,2245249
climate-fever,45,selection,20,1870,20,glob_probe,best_in_menu_on_eval,0.007440260509567476,True,,2245249
climate-fever,46,recalibration,20,1851,20,ad_probe,ad_c(full_target_scalar_reference),0.00025040599298020716,True,0.015848081522292556,2246249
climate-fever,46,selection,20,1851,20,ad_probe,best_in_menu_on_eval,0.0,True,,2246249
climate-fever,47,recalibration,20,1789,20,ad_probe,ad_c(full_target_scalar_reference),0.00036497422636033727,True,0.14190795925263133,2247249
climate-fever,47,selection,20,1789,20,trunc,best_in_menu_on_eval,0.01337616286485449,False,,2247249
climate-fever,48,recalibration,20,1849,20,ad_probe,ad_c(full_target_scalar_reference),0.0006291288469506551,True,0.15515038853162055,2248249
climate-fever,48,selection,20,1849,20,trunc,best_in_menu_on_eval,0.012100645203198174,False,,2248249
climate-fever,49,recalibration,20,1867,20,ad_probe,ad_c(full_target_scalar_reference),0.0008119383366908262,True,0.06893431580853582,2249249
climate-fever,49,selection,20,1867,20,glob_probe,best_in_menu_on_eval,0.01161839627186162,False,,2249249
climate-fever,0,recalibration,50,4637,50,ad_probe,ad_c(full_target_scalar_reference),0.00023428498175970258,True,0.29475547643271316,2300950
climate-fever,0,selection,50,4637,50,ad_probe,best_in_menu_on_eval,0.0,True,,2300950
climate-fever,1,recalibration,50,4711,50,ad_probe,ad_c(full_target_scalar_reference),0.00015105358539707625,True,0.10066285379877549,2301950
climate-fever,1,selection,50,4711,50,ad_probe,best_in_menu_on_eval,0.0,True,,2301950
climate-fever,2,recalibration,50,4742,50,ad_probe,ad_c(full_target_scalar_reference),0.00046657046657050394,True,0.02832093703929983,2302950
climate-fever,2,selection,50,4742,50,ad_probe,best_in_menu_on_eval,0.0,True,,2302950
climate-fever,3,recalibration,50,4746,50,ad_probe,ad_c(full_target_scalar_reference),0.0005242905242905105,True,0.031034621853522015,2303950
climate-fever,3,selection,50,4746,50,glob_probe,best_in_menu_on_eval,0.006734956027885347,True,,2303950
climate-fever,4,recalibration,50,4693,50,ad_probe,ad_c(full_target_scalar_reference),0.0008016188824269965,True,0.057426910708268775,2304950
climate-fever,4,selection,50,4693,50,trunc,best_in_menu_on_eval,0.012291699844928283,False,,2304950
climate-fever,5,recalibration,50,4870,50,ad_probe,ad_c(full_target_scalar_reference),0.000811324851728884,True,0.21194041081273918,2305950
climate-fever,5,selection,50,4870,50,ad_probe,best_in_menu_on_eval,0.0,True,,2305950
climate-fever,6,recalibration,50,4764,50,ad_probe,ad_c(full_target_scalar_reference),0.00025148065552108023,True,0.10447798689095977,2306950
climate-fever,6,selection,50,4764,50,ad_probe,best_in_menu_on_eval,0.0,True,,2306950
climate-fever,7,recalibration,50,4665,50,ad_probe,ad_c(full_target_scalar_reference),0.0005409069045432535,True,0.041960891122717836,2307950
climate-fever,7,selection,50,4665,50,ad_probe,best_in_menu_on_eval,0.0,True,,2307950
climate-fever,8,recalibration,50,4683,50,ad_probe,ad_c(full_target_scalar_reference),0.0011692946036380436,True,0.5059944381540595,2308950
climate-fever,8,selection,50,4683,50,trunc,best_in_menu_on_eval,0.012275082541323507,False,,2308950
climate-fever,9,recalibration,50,4645,50,ad_probe,ad_c(full_target_scalar_reference),0.0006237458762711479,True,0.05048553747967999,2309950
climate-fever,9,selection,50,4645,50,ad_probe,best_in_menu_on_eval,0.0,True,,2309950
climate-fever,10,recalibration,50,4655,50,ad_probe,ad_c(full_target_scalar_reference),0.0013852589610165167,True,0.5369879170525111,2310950
climate-fever,10,selection,50,4655,50,glob_probe,best_in_menu_on_eval,0.014072033465972855,False,,2310950
climate-fever,11,recalibration,50,4761,50,ad_probe,ad_c(full_target_scalar_reference),0.0005215697134889064,True,0.03793681804554838,2311950
climate-fever,11,selection,50,4761,50,ad_probe,best_in_menu_on_eval,0.0,True,,2311950
climate-fever,12,recalibration,50,4771,50,ad_probe,ad_c(full_target_scalar_reference),0.0009603004552499461,True,0.08618936485539663,2312950
climate-fever,12,selection,50,4771,50,ad_probe,best_in_menu_on_eval,0.0,True,,2312950
climate-fever,13,recalibration,50,4687,50,ad_probe,ad_c(full_target_scalar_reference),7.194451638908861e-06,True,0.28072986058971505,2313950
climate-fever,13,selection,50,4687,50,ad_probe,best_in_menu_on_eval,0.0,True,,2313950
climate-fever,14,recalibration,50,4679,50,ad_probe,ad_c(full_target_scalar_reference),5.4707731475395205e-05,True,0.11297994866734795,2314950
climate-fever,14,selection,50,4679,50,glob_probe,best_in_menu_on_eval,0.0071339920834870285,True,,2314950
climate-fever,15,recalibration,50,4632,50,ad_probe,ad_c(full_target_scalar_reference),0.0001749578517255268,True,0.10812363595851071,2315950
climate-fever,15,selection,50,4632,50,glob_probe,best_in_menu_on_eval,0.012541767996313458,False,,2315950
climate-fever,16,recalibration,50,4687,50,ad_probe,ad_c(full_target_scalar_reference),0.0006594079321352586,True,0.144107424304726,2316950
climate-fever,16,selection,50,4687,50,ad_probe,best_in_menu_on_eval,0.0,True,,2316950
climate-fever,17,recalibration,50,4665,50,ad_probe,ad_c(full_target_scalar_reference),0.0003763277500651585,True,0.1636528623924196,2317950
climate-fever,17,selection,50,4665,50,glob_probe,best_in_menu_on_eval,0.02515921414911318,False,,2317950
climate-fever,18,recalibration,50,4650,50,ad_probe,ad_c(full_target_scalar_reference),0.00018838251161482078,True,0.09470368196560353,2318950
climate-fever,18,selection,50,4650,50,glob_probe,best_in_menu_on_eval,0.007333257838308349,True,,2318950
climate-fever,19,recalibration,50,4683,50,ad_probe,ad_c(full_target_scalar_reference),0.0008256689064769784,True,0.055903195092047664,2319950
climate-fever,19,selection,50,4683,50,ad_probe,best_in_menu_on_eval,0.0,True,,2319950
climate-fever,20,recalibration,50,4681,50,ad_probe,ad_c(full_target_scalar_reference),0.0004388764994825989,True,0.0226893735687006,2320950
climate-fever,20,selection,50,4681,50,glob_probe,best_in_menu_on_eval,0.007518370144632774,True,,2320950
climate-fever,21,recalibration,50,4615,50,ad_probe,ad_c(full_target_scalar_reference),0.0005691839025172285,True,0.034730134465087215,2321950
climate-fever,21,selection,50,4615,50,trunc,best_in_menu_on_eval,0.013148229211558726,False,,2321950
climate-fever,22,recalibration,50,4765,50,ad_probe,ad_c(full_target_scalar_reference),0.001133598911376682,True,0.31057445142243933,2322950
climate-fever,22,selection,50,4765,50,ad_probe,best_in_menu_on_eval,0.0,True,,2322950
climate-fever,23,recalibration,50,4782,50,ad_probe,ad_c(full_target_scalar_reference),0.0009379434631960337,True,0.31573551183589954,2323950
climate-fever,23,selection,50,4782,50,trunc,best_in_menu_on_eval,0.01244921480636485,False,,2323950
climate-fever,24,recalibration,50,4763,50,ad_probe,ad_c(full_target_scalar_reference),0.001023002437143844,True,0.4823296554955441,2324950
climate-fever,24,selection,50,4763,50,trunc,best_in_menu_on_eval,0.012168509727679966,False,,2324950
climate-fever,25,recalibration,50,4575,50,ad_probe,ad_c(full_target_scalar_reference),0.000984884924278867,True,0.08344217167949486,2325950
climate-fever,25,selection,50,4575,50,ad_probe,best_in_menu_on_eval,0.0,True,,2325950
climate-fever,26,recalibration,50,4807,50,ad_probe,ad_c(full_target_scalar_reference),0.0009487743831178286,True,0.17466350914672146,2326950
climate-fever,26,selection,50,4807,50,glob_probe,best_in_menu_on_eval,0.0069567133203496945,True,,2326950
climate-fever,27,recalibration,50,4836,50,ad_probe,ad_c(full_target_scalar_reference),0.0009057310067410729,True,0.41577782446815403,2327950
climate-fever,27,selection,50,4836,50,trunc,best_in_menu_on_eval,0.012865070929291705,False,,2327950
climate-fever,28,recalibration,50,4694,50,ad_probe,ad_c(full_target_scalar_reference),0.0006850127052147326,True,0.11762440321257417,2328950
climate-fever,28,selection,50,4694,50,glob_probe,best_in_menu_on_eval,0.006207070146464044,True,,2328950
climate-fever,29,recalibration,50,4719,50,ad_probe,ad_c(full_target_scalar_reference),0.0010484838767667037,True,0.08873971582748164,2329950
climate-fever,29,selection,50,4719,50,trunc,best_in_menu_on_eval,0.012430851693902872,False,,2329950
climate-fever,30,recalibration,50,4517,50,ad_probe,ad_c(full_target_scalar_reference),0.0009603004552499739,True,0.08664151617405347,2330950
climate-fever,30,selection,50,4517,50,glob_probe,best_in_menu_on_eval,0.014487857821191163,False,,2330950
climate-fever,31,recalibration,50,4678,50,ad_probe,ad_c(full_target_scalar_reference),0.00016086793864572568,True,0.006919858826504477,2331950
climate-fever,31,selection,50,4678,50,ad_probe,best_in_menu_on_eval,0.0,True,,2331950
climate-fever,32,recalibration,50,4661,50,ad_probe,ad_c(full_target_scalar_reference),0.0008632631864955165,True,0.16840067359275457,2332950
climate-fever,32,selection,50,4661,50,ad_probe,best_in_menu_on_eval,0.0,True,,2332950
climate-fever,33,recalibration,50,4766,50,ad_probe,ad_c(full_target_scalar_reference),0.0005305992174678975,True,0.3410519837206589,2333950
climate-fever,33,selection,50,4766,50,ad_probe,best_in_menu_on_eval,0.0,True,,2333950
climate-fever,34,recalibration,50,4648,50,ad_probe,ad_c(full_target_scalar_reference),0.00039398312125582535,True,0.022187047608858812,2334950
climate-fever,34,selection,50,4648,50,ad_probe,best_in_menu_on_eval,0.0,True,,2334950
climate-fever,35,recalibration,50,4588,50,ad_probe,ad_c(full_target_scalar_reference),0.0005095091963779053,True,0.33839514026799455,2335950
climate-fever,35,selection,50,4588,50,ad_probe,best_in_menu_on_eval,0.0,True,,2335950
climate-fever,36,recalibration,50,4625,50,ad_probe,ad_c(full_target_scalar_reference),0.0006276215367124749,True,0.3838083125292804,2336950
climate-fever,36,selection,50,4625,50,ad_probe,best_in_menu_on_eval,0.0,True,,2336950
climate-fever,37,recalibration,50,4664,50,ad_probe,ad_c(full_target_scalar_reference),4.0423474766931866e-05,True,0.10189644291019961,2337950
climate-fever,37,selection,50,4664,50,ad_probe,best_in_menu_on_eval,0.0,True,,2337950
climate-fever,38,recalibration,50,4730,50,ad_probe,ad_c(full_target_scalar_reference),0.0009754480461551251,True,0.21492632231779085,2338950
climate-fever,38,selection,50,4730,50,ad_probe,best_in_menu_on_eval,0.0,True,,2338950
climate-fever,39,recalibration,50,4661,50,ad_probe,ad_c(full_target_scalar_reference),0.0005355624547543902,True,0.04750286271173376,2339950
climate-fever,39,selection,50,4661,50,ad_probe,best_in_menu_on_eval,0.0,True,,2339950
climate-fever,40,recalibration,50,4644,50,ad_probe,ad_c(full_target_scalar_reference),5.266712337420598e-05,True,0.12113026185554032,2340950
climate-fever,40,selection,50,4644,50,glob_probe,best_in_menu_on_eval,0.012718572112511511,False,,2340950
climate-fever,41,recalibration,50,4764,50,ad_probe,ad_c(full_target_scalar_reference),0.0006799485587364595,True,0.17261003627845062,2341950
climate-fever,41,selection,50,4764,50,ad_probe,best_in_menu_on_eval,0.0,True,,2341950
climate-fever,42,recalibration,50,4735,50,ad_probe,ad_c(full_target_scalar_reference),0.0006151162716819536,True,0.14607858794686557,2342950
climate-fever,42,selection,50,4735,50,glob_probe,best_in_menu_on_eval,0.012999835929128872,False,,2342950
climate-fever,43,recalibration,50,4557,50,ad_probe,ad_c(full_target_scalar_reference),0.0007995782743257518,True,0.055224670097735906,2343950
climate-fever,43,selection,50,4557,50,glob_probe,best_in_menu_on_eval,0.007920986607855285,True,,2343950
climate-fever,44,recalibration,50,4497,50,ad_probe,ad_c(full_target_scalar_reference),0.0009336305295901404,True,0.19768467353699348,2344950
climate-fever,44,selection,50,4497,50,glob_probe,best_in_menu_on_eval,0.016255902720549192,False,,2344950
climate-fever,45,recalibration,50,4715,50,ad_probe,ad_c(full_target_scalar_reference),1.3809609769155351e-05,True,0.16231000744329416,2345950
climate-fever,45,selection,50,4715,50,glob_probe,best_in_menu_on_eval,0.016002553376290723,False,,2345950
climate-fever,46,recalibration,50,4746,50,ad_probe,ad_c(full_target_scalar_reference),0.0008033567629527616,True,0.21087738898724195,2346950
climate-fever,46,selection,50,4746,50,glob_probe,best_in_menu_on_eval,0.012120263047179225,False,,2346950
climate-fever,47,recalibration,50,4764,50,ad_probe,ad_c(full_target_scalar_reference),0.00045280196795347005,True,0.206015338387052,2347950
climate-fever,47,selection,50,4764,50,ad_probe,best_in_menu_on_eval,0.0,True,,2347950
climate-fever,48,recalibration,50,4619,50,ad_probe,ad_c(full_target_scalar_reference),0.0008390300309492338,True,0.06213473201942987,2348950
climate-fever,48,selection,50,4619,50,glob_probe,best_in_menu_on_eval,0.03660194276355894,False,,2348950
climate-fever,49,recalibration,50,4623,50,ad_probe,ad_c(full_target_scalar_reference),0.0009009770625932056,True,0.1061161952120604,2349950
climate-fever,49,selection,50,4623,50,ad_probe,best_in_menu_on_eval,0.0,True,,2349950
climate-fever,0,recalibration,100,9395,100,ad_probe,ad_c(full_target_scalar_reference),0.0003450633764222888,True,0.21330082678043594,2400254
climate-fever,0,selection,100,9395,100,ad_probe,best_in_menu_on_eval,0.0,True,,2400254
climate-fever,1,recalibration,100,9475,100,ad_probe,ad_c(full_target_scalar_reference),0.0008461302537957627,True,0.22990453564152658,2401254
climate-fever,1,selection,100,9475,100,ad_probe,best_in_menu_on_eval,0.0,True,,2401254
climate-fever,2,recalibration,100,9172,100,ad_probe,ad_c(full_target_scalar_reference),0.0012218134169353634,True,0.4803257714325011,2402254
climate-fever,2,selection,100,9172,100,ad_probe,best_in_menu_on_eval,0.0,True,,2402254
climate-fever,3,recalibration,100,9432,100,ad_probe,ad_c(full_target_scalar_reference),0.0009230684143576029,True,0.0632003481184249,2403254
climate-fever,3,selection,100,9432,100,glob_probe,best_in_menu_on_eval,0.006656688259475713,True,,2403254
climate-fever,4,recalibration,100,9282,100,ad_probe,ad_c(full_target_scalar_reference),0.00043868249443160257,True,0.020269221548617544,2404254
climate-fever,4,selection,100,9282,100,ad_probe,best_in_menu_on_eval,0.0,True,,2404254
climate-fever,5,recalibration,100,9245,100,ad_probe,ad_c(full_target_scalar_reference),0.000391772377835109,True,0.1731392753801244,2405254
climate-fever,5,selection,100,9245,100,trunc,best_in_menu_on_eval,0.01389352727357454,False,,2405254
climate-fever,6,recalibration,100,9430,100,ad_probe,ad_c(full_target_scalar_reference),0.0005429607171767714,True,0.1117654379840709,2406254
climate-fever,6,selection,100,9430,100,ad_probe,best_in_menu_on_eval,0.0,True,,2406254
climate-fever,7,recalibration,100,9334,100,ad_probe,ad_c(full_target_scalar_reference),0.000792494381344544,True,0.057010140721658775,2407254
climate-fever,7,selection,100,9334,100,ad_probe,best_in_menu_on_eval,0.0,True,,2407254
climate-fever,8,recalibration,100,9398,100,ad_probe,ad_c(full_target_scalar_reference),0.0007791202216289317,True,0.10786711946936922,2408254
climate-fever,8,selection,100,9398,100,ad_probe,best_in_menu_on_eval,0.0,True,,2408254
climate-fever,9,recalibration,100,9400,100,ad_probe,ad_c(full_target_scalar_reference),0.0009572579955855198,True,0.08549680995338038,2409254
climate-fever,9,selection,100,9400,100,ad_probe,best_in_menu_on_eval,0.0,True,,2409254
climate-fever,10,recalibration,100,9196,100,ad_probe,ad_c(full_target_scalar_reference),0.0002383717714728173,True,0.012339019944675567,2410254
climate-fever,10,selection,100,9196,100,ad_probe,best_in_menu_on_eval,0.0,True,,2410254
climate-fever,11,recalibration,100,9289,100,ad_probe,ad_c(full_target_scalar_reference),0.0008037452288323366,True,0.17522540320651503,2411254
climate-fever,11,selection,100,9289,100,ad_probe,best_in_menu_on_eval,0.0,True,,2411254
climate-fever,12,recalibration,100,9505,100,ad_probe,ad_c(full_target_scalar_reference),0.0007603159519536107,True,0.12297274427218863,2412254
climate-fever,12,selection,100,9505,100,trunc,best_in_menu_on_eval,0.012762383073747136,False,,2412254
climate-fever,13,recalibration,100,9314,100,ad_probe,ad_c(full_target_scalar_reference),0.0005129442760104796,True,0.23674493516166395,2413254
climate-fever,13,selection,100,9314,100,ad_probe,best_in_menu_on_eval,0.0,True,,2413254
climate-fever,14,recalibration,100,9289,100,ad_probe,ad_c(full_target_scalar_reference),0.0006825385222598013,True,0.320909744737512,2414254
climate-fever,14,selection,100,9289,100,glob_probe,best_in_menu_on_eval,0.016686205780282487,False,,2414254
climate-fever,15,recalibration,100,9262,100,ad_probe,ad_c(full_target_scalar_reference),3.931801841208782e-05,True,0.10033579193106901,2415254
climate-fever,15,selection,100,9262,100,ad_probe,best_in_menu_on_eval,0.0,True,,2415254
climate-fever,16,recalibration,100,9406,100,ad_probe,ad_c(full_target_scalar_reference),0.00011830600680776127,True,0.09722897968356659,2416254
climate-fever,16,selection,100,9406,100,glob_probe,best_in_menu_on_eval,0.007440395454332754,True,,2416254
climate-fever,17,recalibration,100,9281,100,ad_probe,ad_c(full_target_scalar_reference),0.0002881477794369758,True,0.013361700275932531,2417254
climate-fever,17,selection,100,9281,100,ad_probe,best_in_menu_on_eval,0.0,True,,2417254
climate-fever,18,recalibration,100,9402,100,ad_probe,ad_c(full_target_scalar_reference),8.13008130081394e-05,True,0.0016315377291342692,2418254
climate-fever,18,selection,100,9402,100,ad_probe,best_in_menu_on_eval,0.0,True,,2418254
climate-fever,19,recalibration,100,9374,100,ad_probe,ad_c(full_target_scalar_reference),0.0008106953054688171,True,0.1319989798515948,2419254
climate-fever,19,selection,100,9374,100,ad_probe,best_in_menu_on_eval,0.0,True,,2419254
climate-fever,20,recalibration,100,9394,100,ad_probe,ad_c(full_target_scalar_reference),0.0008975770648244619,True,0.06498272886159695,2420254
climate-fever,20,selection,100,9394,100,ad_probe,best_in_menu_on_eval,0.0,True,,2420254
climate-fever,21,recalibration,100,9374,100,ad_probe,ad_c(full_target_scalar_reference),0.0006952745280271455,True,0.15780552337768716,2421254
climate-fever,21,selection,100,9374,100,glob_probe,best_in_menu_on_eval,0.028607019119397614,False,,2421254
climate-fever,22,recalibration,100,9359,100,ad_probe,ad_c(full_target_scalar_reference),0.000792494381344544,True,0.045941265965570466,2422254
climate-fever,22,selection,100,9359,100,ad_probe,best_in_menu_on_eval,0.0,True,,2422254
climate-fever,23,recalibration,100,9345,100,ad_probe,ad_c(full_target_scalar_reference),0.0007606060219300659,True,0.19473707878387847,2423254
climate-fever,23,selection,100,9345,100,glob_probe,best_in_menu_on_eval,0.006420439800230743,True,,2423254
climate-fever,24,recalibration,100,9276,100,ad_probe,ad_c(full_target_scalar_reference),0.0010104916376693363,True,0.22744443901049127,2424254
climate-fever,24,selection,100,9276,100,ad_probe,best_in_menu_on_eval,0.0,True,,2424254
climate-fever,25,recalibration,100,9384,100,ad_probe,ad_c(full_target_scalar_reference),0.0008677307980443916,True,0.16173073641439872,2425254
climate-fever,25,selection,100,9384,100,ad_probe,best_in_menu_on_eval,0.0,True,,2425254
climate-fever,26,recalibration,100,9285,100,ad_probe,ad_c(full_target_scalar_reference),0.0005791111714456842,True,0.04693858660003558,2426254
climate-fever,26,selection,100,9285,100,ad_probe,best_in_menu_on_eval,0.0,True,,2426254
climate-fever,27,recalibration,100,9374,100,ad_probe,ad_c(full_target_scalar_reference),0.0005030896320095124,True,0.14437502728344365,2427254
climate-fever,27,selection,100,9374,100,ad_probe,best_in_menu_on_eval,0.0,True,,2427254
climate-fever,28,recalibration,100,9397,100,ad_probe,ad_c(full_target_scalar_reference),0.0002643659089651973,True,0.016627224972367127,2428254
climate-fever,28,selection,100,9397,100,ad_probe,best_in_menu_on_eval,0.0,True,,2428254
climate-fever,29,recalibration,100,9372,100,ad_probe,ad_c(full_target_scalar_reference),6.581494386373454e-05,True,0.0038315438804281676,2429254
climate-fever,29,selection,100,9372,100,ad_probe,best_in_menu_on_eval,0.0,True,,2429254
climate-fever,30,recalibration,100,9353,100,ad_probe,ad_c(full_target_scalar_reference),0.00031389052294977793,True,0.1302577780987222,2430254
climate-fever,30,selection,100,9353,100,ad_probe,best_in_menu_on_eval,0.0,True,,2430254
climate-fever,31,recalibration,100,9466,100,ad_probe,ad_c(full_target_scalar_reference),0.0006448448957159791,True,0.15149986190255582,2431254
climate-fever,31,selection,100,9466,100,glob_probe,best_in_menu_on_eval,0.012214614881144892,False,,2431254
climate-fever,32,recalibration,100,9462,100,ad_probe,ad_c(full_target_scalar_reference),0.0006549199928991278,True,0.19776239362462844,2432254
climate-fever,32,selection,100,9462,100,ad_probe,best_in_menu_on_eval,0.0,True,,2432254
climate-fever,33,recalibration,100,9320,100,ad_probe,ad_c(full_target_scalar_reference),0.0002726619102925987,True,0.0159941092187168,2433254
climate-fever,33,selection,100,9320,100,ad_probe,best_in_menu_on_eval,0.0,True,,2433254
climate-fever,34,recalibration,100,9280,100,ad_probe,ad_c(full_target_scalar_reference),0.0009042138658863219,True,0.07239671675580661,2434254
climate-fever,34,selection,100,9280,100,ad_probe,best_in_menu_on_eval,0.0,True,,2434254
climate-fever,35,recalibration,100,9542,100,ad_probe,ad_c(full_target_scalar_reference),0.0001664730933023384,True,0.007733928094247666,2435254
climate-fever,35,selection,100,9542,100,ad_probe,best_in_menu_on_eval,0.0,True,,2435254
climate-fever,36,recalibration,100,9277,100,ad_probe,ad_c(full_target_scalar_reference),0.00014396366312741105,True,0.1422268694180775,2436254
climate-fever,36,selection,100,9277,100,ad_probe,best_in_menu_on_eval,0.0,True,,2436254
climate-fever,37,recalibration,100,9345,100,ad_probe,ad_c(full_target_scalar_reference),6.194347657761945e-05,True,0.005158156207139886,2437254
climate-fever,37,selection,100,9345,100,ad_probe,best_in_menu_on_eval,0.0,True,,2437254
climate-fever,38,recalibration,100,9255,100,ad_probe,ad_c(full_target_scalar_reference),0.000644260888163356,True,0.24053598957562938,2438254
climate-fever,38,selection,100,9255,100,glob_probe,best_in_menu_on_eval,0.012308233999154233,False,,2438254
climate-fever,39,recalibration,100,9353,100,ad_probe,ad_c(full_target_scalar_reference),5.4653051168723765e-05,True,0.12704051529636162,2439254
climate-fever,39,selection,100,9353,100,ad_probe,best_in_menu_on_eval,0.0,True,,2439254
climate-fever,40,recalibration,100,9297,100,ad_probe,ad_c(full_target_scalar_reference),0.0006413756587972941,True,0.1879552105386928,2440254
climate-fever,40,selection,100,9297,100,trunc,best_in_menu_on_eval,0.012660335378361726,False,,2440254
climate-fever,41,recalibration,100,9433,100,ad_probe,ad_c(full_target_scalar_reference),0.00041314086610255707,True,0.02658040501093195,2441254
climate-fever,41,selection,100,9433,100,ad_probe,best_in_menu_on_eval,0.0,True,,2441254
climate-fever,42,recalibration,100,9258,100,ad_probe,ad_c(full_target_scalar_reference),0.0004386824944316303,True,0.02133914474728371,2442254
climate-fever,42,selection,100,9258,100,trunc,best_in_menu_on_eval,0.013681609612546303,False,,2442254
climate-fever,43,recalibration,100,9432,100,ad_probe,ad_c(full_target_scalar_reference),0.0002881477794369758,True,0.013926706267821665,2443254
climate-fever,43,selection,100,9432,100,ad_probe,best_in_menu_on_eval,0.0,True,,2443254
climate-fever,44,recalibration,100,9477,100,ad_probe,ad_c(full_target_scalar_reference),0.00015098722415796129,True,0.005349783749595272,2444254
climate-fever,44,selection,100,9477,100,ad_probe,best_in_menu_on_eval,0.0,True,,2444254
climate-fever,45,recalibration,100,9168,100,ad_probe,ad_c(full_target_scalar_reference),0.0006683057554137672,True,0.1828394706098524,2445254
climate-fever,45,selection,100,9168,100,trunc,best_in_menu_on_eval,0.014507785825935177,False,,2445254
climate-fever,46,recalibration,100,9184,100,ad_probe,ad_c(full_target_scalar_reference),0.0008171812701429915,True,0.22408494047288618,2446254
climate-fever,46,selection,100,9184,100,glob_probe,best_in_menu_on_eval,0.007811340807856504,True,,2446254
climate-fever,47,recalibration,100,9378,100,ad_probe,ad_c(full_target_scalar_reference),0.0004596990311275806,True,0.028618345488456765,2447254
climate-fever,47,selection,100,9378,100,ad_probe,best_in_menu_on_eval,0.0,True,,2447254
climate-fever,48,recalibration,100,9331,100,ad_probe,ad_c(full_target_scalar_reference),0.0004928830364370473,True,0.026195985862785154,2448254
climate-fever,48,selection,100,9331,100,glob_probe,best_in_menu_on_eval,0.0077545064304646305,True,,2448254
climate-fever,49,recalibration,100,9366,100,ad_probe,ad_c(full_target_scalar_reference),0.0006533110714295465,True,0.1703569374289864,2449254
climate-fever,49,selection,100,9366,100,glob_probe,best_in_menu_on_eval,0.012116725933081773,False,,2449254
