collection,repeat_id,decision,final_T,final_B_pool,k_requested,selected_policy,reference_policy,loss,success,param_error,seed
nfcorpus,0,recalibration,10,879,10,ad_probe,ad_c(full_target_scalar_reference),0.0012575526284022143,True,6.581523117940094,733
nfcorpus,0,selection,10,879,10,glob_probe,best_in_menu_on_eval,0.0025252181574807464,True,,733
nfcorpus,1,recalibration,10,890,10,ad_probe,ad_c(full_target_scalar_reference),0.001864408378730087,True,4.090138586079382,1733
nfcorpus,1,selection,10,890,10,glob_probe,best_in_menu_on_eval,0.0,True,,1733
nfcorpus,2,recalibration,10,899,10,ad_probe,ad_c(full_target_scalar_reference),0.0021077682932574004,True,11.731229979345022,2733
nfcorpus,2,selection,10,899,10,ad_probe,best_in_menu_on_eval,0.006674646118123545,True,,2733
nfcorpus,3,recalibration,10,864,10,ad_probe,ad_c(full_target_scalar_reference),0.0012981149136168935,True,9.820293598526362,3733
nfcorpus,3,selection,10,864,10,glob_probe,best_in_menu_on_eval,0.05140914766755064,False,,3733
nfcorpus,4,recalibration,10,947,10,ad_probe,ad_c(full_target_scalar_reference),0.00043417447410182275,True,3.261612934715304,4733
nfcorpus,4,selection,10,947,10,glob_probe,best_in_menu_on_eval,0.0012083991940571859,True,,4733
nfcorpus,5,recalibration,10,873,10,ad_probe,ad_c(full_target_scalar_reference),0.0011907757126938256,True,0.9628273042156277,5733
nfcorpus,5,selection,10,873,10,glob_probe,best_in_menu_on_eval,0.0,True,,5733
nfcorpus,6,recalibration,10,865,10,ad_probe,ad_c(full_target_scalar_reference),0.0012968892405738897,True,1.085293069032895,6733
nfcorpus,6,selection,10,865,10,glob_probe,best_in_menu_on_eval,0.04211396217667923,False,,6733
nfcorpus,7,recalibration,10,854,10,ad_probe,ad_c(full_target_scalar_reference),0.000533948302091164,True,2.865682351123356,7733
nfcorpus,7,selection,10,854,10,glob_probe,best_in_menu_on_eval,0.0,True,,7733
nfcorpus,8,recalibration,10,926,10,ad_probe,ad_c(full_target_scalar_reference),0.000724844522999285,True,1.7893694775812055,8733
nfcorpus,8,selection,10,926,10,glob_probe,best_in_menu_on_eval,0.0,True,,8733
nfcorpus,9,recalibration,10,833,10,ad_probe,ad_c(full_target_scalar_reference),0.00033581494218415386,True,0.8210865946822761,9733
nfcorpus,9,selection,10,833,10,glob_probe,best_in_menu_on_eval,0.0,True,,9733
nfcorpus,10,recalibration,10,879,10,ad_probe,ad_c(full_target_scalar_reference),0.0004098935500659595,True,5.302924196660198,10733
nfcorpus,10,selection,10,879,10,glob_probe,best_in_menu_on_eval,0.0,True,,10733
nfcorpus,11,recalibration,10,915,10,ad_probe,ad_c(full_target_scalar_reference),0.00033113151835753585,True,2.859600255832804,11733
nfcorpus,11,selection,10,915,10,glob_probe,best_in_menu_on_eval,0.0015617172665088885,True,,11733
nfcorpus,12,recalibration,10,947,10,ad_probe,ad_c(full_target_scalar_reference),0.0001883281154453076,True,1.883401652254605,12733
nfcorpus,12,selection,10,947,10,glob_probe,best_in_menu_on_eval,0.007586684388840942,True,,12733
nfcorpus,13,recalibration,10,920,10,ad_probe,ad_c(full_target_scalar_reference),0.000419671116186765,True,5.218451624869159,13733
nfcorpus,13,selection,10,920,10,glob_probe,best_in_menu_on_eval,0.0,True,,13733
nfcorpus,14,recalibration,10,939,10,ad_probe,ad_c(full_target_scalar_reference),0.0035095600596380394,True,13.36805670346227,14733
nfcorpus,14,selection,10,939,10,ad_probe,best_in_menu_on_eval,0.0028301709278449882,True,,14733
nfcorpus,15,recalibration,10,875,10,ad_probe,ad_c(full_target_scalar_reference),0.0004493107762091053,True,6.983023595827438,15733
nfcorpus,15,selection,10,875,10,glob_probe,best_in_menu_on_eval,0.0009171223118770722,True,,15733
nfcorpus,16,recalibration,10,879,10,ad_probe,ad_c(full_target_scalar_reference),0.001654530065399673,True,6.061605684932516,16733
nfcorpus,16,selection,10,879,10,glob_probe,best_in_menu_on_eval,0.0,True,,16733
nfcorpus,17,recalibration,10,792,10,ad_probe,ad_c(full_target_scalar_reference),0.0007740319427816389,True,7.848204313060817,17733
nfcorpus,17,selection,10,792,10,glob_probe,best_in_menu_on_eval,0.0,True,,17733
nfcorpus,18,recalibration,10,892,10,ad_probe,ad_c(full_target_scalar_reference),5.6449036376332584e-05,True,1.1147571339637405,18733
nfcorpus,18,selection,10,892,10,glob_probe,best_in_menu_on_eval,0.007600948921049677,True,,18733
nfcorpus,19,recalibration,10,817,10,ad_probe,ad_c(full_target_scalar_reference),0.0007245661972501982,True,3.77495221110245,19733
nfcorpus,19,selection,10,817,10,trunc,best_in_menu_on_eval,0.016857586233358812,False,,19733
nfcorpus,20,recalibration,10,949,10,ad_probe,ad_c(full_target_scalar_reference),0.00010267172327899088,True,0.2509817773124343,20733
nfcorpus,20,selection,10,949,10,glob_probe,best_in_menu_on_eval,0.0,True,,20733
nfcorpus,21,recalibration,10,887,10,ad_probe,ad_c(full_target_scalar_reference),3.219243365865099e-05,True,0.9745396074555277,21733
nfcorpus,21,selection,10,887,10,trunc,best_in_menu_on_eval,0.015831789148558068,False,,21733
nfcorpus,22,recalibration,10,932,10,ad_probe,ad_c(full_target_scalar_reference),0.0006871752733409175,True,8.132646404799038,22733
nfcorpus,22,selection,10,932,10,glob_probe,best_in_menu_on_eval,0.0,True,,22733
nfcorpus,23,recalibration,10,880,10,ad_probe,ad_c(full_target_scalar_reference),9.304320361955276e-05,True,0.4863014893898896,23733
nfcorpus,23,selection,10,880,10,trunc,best_in_menu_on_eval,0.01740563405520762,False,,23733
nfcorpus,24,recalibration,10,866,10,ad_probe,ad_c(full_target_scalar_reference),0.000681841490953794,True,8.800870857030807,24733
nfcorpus,24,selection,10,866,10,trunc,best_in_menu_on_eval,0.01484452990179419,False,,24733
nfcorpus,25,recalibration,10,882,10,ad_probe,ad_c(full_target_scalar_reference),3.7227600023503893e-06,True,0.5211901326802284,25733
nfcorpus,25,selection,10,882,10,trunc,best_in_menu_on_eval,0.014977786972762003,False,,25733
nfcorpus,26,recalibration,10,814,10,ad_probe,ad_c(full_target_scalar_reference),0.0004943031483277682,True,2.0605198480385933,26733
nfcorpus,26,selection,10,814,10,glob_probe,best_in_menu_on_eval,0.0,True,,26733
nfcorpus,27,recalibration,10,826,10,ad_probe,ad_c(full_target_scalar_reference),0.0005101094647977922,True,2.1159187172584435,27733
nfcorpus,27,selection,10,826,10,glob_probe,best_in_menu_on_eval,0.039791910039643344,False,,27733
nfcorpus,28,recalibration,10,857,10,ad_probe,ad_c(full_target_scalar_reference),0.001150621591881451,True,5.81022417112993,28733
nfcorpus,28,selection,10,857,10,glob_probe,best_in_menu_on_eval,0.0011035577175021738,True,,28733
nfcorpus,29,recalibration,10,838,10,ad_probe,ad_c(full_target_scalar_reference),0.000770730422564786,True,2.8095553478693986,29733
nfcorpus,29,selection,10,838,10,glob_probe,best_in_menu_on_eval,0.0,True,,29733
nfcorpus,30,recalibration,10,882,10,ad_probe,ad_c(full_target_scalar_reference),0.0027114624633115814,True,16.700774173424733,30733
nfcorpus,30,selection,10,882,10,ad_probe,best_in_menu_on_eval,0.004898473767935674,True,,30733
nfcorpus,31,recalibration,10,956,10,ad_probe,ad_c(full_target_scalar_reference),6.521396463005091e-05,True,5.815411735851015,31733
nfcorpus,31,selection,10,956,10,ad_probe,best_in_menu_on_eval,0.0,True,,31733
nfcorpus,32,recalibration,10,929,10,ad_probe,ad_c(full_target_scalar_reference),0.00020084948103887834,True,10.66021964444884,32733
nfcorpus,32,selection,10,929,10,glob_probe,best_in_menu_on_eval,0.0,True,,32733
nfcorpus,33,recalibration,10,795,10,ad_probe,ad_c(full_target_scalar_reference),5.047868830157509e-05,True,5.770942738507207,33733
nfcorpus,33,selection,10,795,10,glob_probe,best_in_menu_on_eval,0.0016004971400496726,True,,33733
nfcorpus,34,recalibration,10,884,10,ad_probe,ad_c(full_target_scalar_reference),0.0015829488026407879,True,9.752135536618217,34733
nfcorpus,34,selection,10,884,10,glob_probe,best_in_menu_on_eval,0.01547208858445387,False,,34733
nfcorpus,35,recalibration,10,961,10,ad_probe,ad_c(full_target_scalar_reference),0.0012221852775345932,True,4.4108053729067525,35733
nfcorpus,35,selection,10,961,10,trunc,best_in_menu_on_eval,0.022065071227401423,False,,35733
nfcorpus,36,recalibration,10,931,10,ad_probe,ad_c(full_target_scalar_reference),0.0002465297992305382,True,3.0291408847971297,36733
nfcorpus,36,selection,10,931,10,glob_probe,best_in_menu_on_eval,0.0,True,,36733
nfcorpus,37,recalibration,10,879,10,ad_probe,ad_c(full_target_scalar_reference),0.0007077484277523971,True,4.131047673870496,37733
nfcorpus,37,selection,10,879,10,ad_probe,best_in_menu_on_eval,0.0004684562016549487,True,,37733
nfcorpus,38,recalibration,10,825,10,ad_probe,ad_c(full_target_scalar_reference),0.0005962520267077942,True,2.9730591376456577,38733
nfcorpus,38,selection,10,825,10,glob_probe,best_in_menu_on_eval,0.0,True,,38733
nfcorpus,39,recalibration,10,890,10,ad_probe,ad_c(full_target_scalar_reference),0.00013211399673737634,True,0.3372607339888898,39733
nfcorpus,39,selection,10,890,10,ad_probe,best_in_menu_on_eval,0.0,True,,39733
nfcorpus,40,recalibration,10,935,10,ad_probe,ad_c(full_target_scalar_reference),0.004671154322694243,True,12.043731827433284,40733
nfcorpus,40,selection,10,935,10,trunc,best_in_menu_on_eval,0.016019421280795365,False,,40733
nfcorpus,41,recalibration,10,843,10,ad_probe,ad_c(full_target_scalar_reference),0.00138033852371508,True,10.237906834530362,41733
nfcorpus,41,selection,10,843,10,ad_probe,best_in_menu_on_eval,0.008219859750688091,True,,41733
nfcorpus,42,recalibration,10,802,10,ad_probe,ad_c(full_target_scalar_reference),0.0007832281213105974,True,5.400570140827623,42733
nfcorpus,42,selection,10,802,10,glob_probe,best_in_menu_on_eval,0.0,True,,42733
nfcorpus,43,recalibration,10,941,10,ad_probe,ad_c(full_target_scalar_reference),0.00021261785137507982,True,0.7960319891301513,43733
nfcorpus,43,selection,10,941,10,glob_probe,best_in_menu_on_eval,0.006772325292469378,True,,43733
nfcorpus,44,recalibration,10,803,10,ad_probe,ad_c(full_target_scalar_reference),0.0036068883558164344,True,21.585417661974958,44733
nfcorpus,44,selection,10,803,10,glob_probe,best_in_menu_on_eval,0.0,True,,44733
nfcorpus,45,recalibration,10,853,10,ad_probe,ad_c(full_target_scalar_reference),0.0016122772009376507,True,9.751729562656255,45733
nfcorpus,45,selection,10,853,10,glob_probe,best_in_menu_on_eval,0.01542096179023364,False,,45733
nfcorpus,46,recalibration,10,869,10,ad_probe,ad_c(full_target_scalar_reference),0.0010633846639824251,True,10.021479539027997,46733
nfcorpus,46,selection,10,869,10,glob_probe,best_in_menu_on_eval,0.0058519375449350985,True,,46733
nfcorpus,47,recalibration,10,870,10,ad_probe,ad_c(full_target_scalar_reference),0.003253455910004588,True,15.749796044871742,47733
nfcorpus,47,selection,10,870,10,ad_probe,best_in_menu_on_eval,0.0028565825474355377,True,,47733
nfcorpus,48,recalibration,10,1009,10,ad_probe,ad_c(full_target_scalar_reference),0.0016256459315075467,True,6.169562300275869,48733
nfcorpus,48,selection,10,1009,10,glob_probe,best_in_menu_on_eval,0.002066024831330837,True,,48733
nfcorpus,49,recalibration,10,908,10,ad_probe,ad_c(full_target_scalar_reference),0.000628370511713161,True,6.665853457189874,49733
nfcorpus,49,selection,10,908,10,ad_probe,best_in_menu_on_eval,0.0,True,,49733
nfcorpus,0,recalibration,30,2646,30,ad_probe,ad_c(full_target_scalar_reference),5.967847998361586e-06,True,7.437516929826135,2100629
nfcorpus,0,selection,30,2646,30,glob_probe,best_in_menu_on_eval,0.0,True,,2100629
nfcorpus,1,recalibration,30,2478,30,ad_probe,ad_c(full_target_scalar_reference),0.0010095991943908922,True,4.891670604385885,2101629
nfcorpus,1,selection,30,2478,30,trunc,best_in_menu_on_eval,0.02552112132398654,False,,2101629
nfcorpus,2,recalibration,30,2458,30,ad_probe,ad_c(full_target_scalar_reference),9.41018488435641e-05,True,0.08189577232004375,2102629
nfcorpus,2,selection,30,2458,30,glob_probe,best_in_menu_on_eval,0.0,True,,2102629
nfcorpus,3,recalibration,30,2711,30,ad_probe,ad_c(full_target_scalar_reference),0.001428722039738567,True,1.4264482767599471,2103629
nfcorpus,3,selection,30,2711,30,glob_probe,best_in_menu_on_eval,0.0011543033647130885,True,,2103629
nfcorpus,4,recalibration,30,2673,30,ad_probe,ad_c(full_target_scalar_reference),0.0020197647168460064,True,11.613440120377765,2104629
nfcorpus,4,selection,30,2673,30,ad_probe,best_in_menu_on_eval,0.0013245269351824795,True,,2104629
nfcorpus,5,recalibration,30,2557,30,ad_probe,ad_c(full_target_scalar_reference),0.000150452249121108,True,0.4863014893898896,2105629
nfcorpus,5,selection,30,2557,30,ad_probe,best_in_menu_on_eval,0.0,True,,2105629
nfcorpus,6,recalibration,30,2634,30,ad_probe,ad_c(full_target_scalar_reference),0.0012751016851939578,True,1.5647304404416698,2106629
nfcorpus,6,selection,30,2634,30,glob_probe,best_in_menu_on_eval,0.002128723214975786,True,,2106629
nfcorpus,7,recalibration,30,2560,30,ad_probe,ad_c(full_target_scalar_reference),0.000472826037416163,True,0.6727243977396018,2107629
nfcorpus,7,selection,30,2560,30,glob_probe,best_in_menu_on_eval,0.0,True,,2107629
nfcorpus,8,recalibration,30,2525,30,ad_probe,ad_c(full_target_scalar_reference),0.00014127503414332332,True,0.48709079130387245,2108629
nfcorpus,8,selection,30,2525,30,glob_probe,best_in_menu_on_eval,0.0033757536146316325,True,,2108629
nfcorpus,9,recalibration,30,2704,30,ad_probe,ad_c(full_target_scalar_reference),0.00038234659180172437,True,0.160582460494604,2109629
nfcorpus,9,selection,30,2704,30,glob_probe,best_in_menu_on_eval,0.0,True,,2109629
nfcorpus,10,recalibration,30,2601,30,ad_probe,ad_c(full_target_scalar_reference),1.874347872840576e-05,True,0.4467972259792905,2110629
nfcorpus,10,selection,30,2601,30,glob_probe,best_in_menu_on_eval,0.0,True,,2110629
nfcorpus,11,recalibration,30,2553,30,ad_probe,ad_c(full_target_scalar_reference),0.0006617177920029971,True,0.7463755111886758,2111629
nfcorpus,11,selection,30,2553,30,ad_probe,best_in_menu_on_eval,0.0,True,,2111629
nfcorpus,12,recalibration,30,2656,30,ad_probe,ad_c(full_target_scalar_reference),0.00024009466170860083,True,0.36696514740388686,2112629
nfcorpus,12,selection,30,2656,30,glob_probe,best_in_menu_on_eval,0.018992381303337497,False,,2112629
nfcorpus,13,recalibration,30,2704,30,ad_probe,ad_c(full_target_scalar_reference),0.00031523764934390797,True,2.063902187682457,2113629
nfcorpus,13,selection,30,2704,30,glob_probe,best_in_menu_on_eval,0.0,True,,2113629
nfcorpus,14,recalibration,30,2455,30,ad_probe,ad_c(full_target_scalar_reference),1.572927518184164e-05,True,5.617312618819872,2114629
nfcorpus,14,selection,30,2455,30,glob_probe,best_in_menu_on_eval,0.0011546536984641531,True,,2114629
nfcorpus,15,recalibration,30,2846,30,ad_probe,ad_c(full_target_scalar_reference),0.0011583879968382615,True,1.8504828364634758,2115629
nfcorpus,15,selection,30,2846,30,glob_probe,best_in_menu_on_eval,0.0,True,,2115629
nfcorpus,16,recalibration,30,2693,30,ad_probe,ad_c(full_target_scalar_reference),1.4092442464058719e-05,True,0.09159950675896589,2116629
nfcorpus,16,selection,30,2693,30,glob_probe,best_in_menu_on_eval,0.0031468504605078884,True,,2116629
nfcorpus,17,recalibration,30,2704,30,ad_probe,ad_c(full_target_scalar_reference),0.0010701488919143687,True,4.372761970340331,2117629
nfcorpus,17,selection,30,2704,30,glob_probe,best_in_menu_on_eval,0.0013605020512755528,True,,2117629
nfcorpus,18,recalibration,30,2523,30,ad_probe,ad_c(full_target_scalar_reference),0.0002425755629225923,True,6.500010496768278,2118629
nfcorpus,18,selection,30,2523,30,glob_probe,best_in_menu_on_eval,0.0010604153895287793,True,,2118629
nfcorpus,19,recalibration,30,2506,30,ad_probe,ad_c(full_target_scalar_reference),0.00038392885001986565,True,1.8760196583064008,2119629
nfcorpus,19,selection,30,2506,30,glob_probe,best_in_menu_on_eval,0.0,True,,2119629
nfcorpus,20,recalibration,30,2669,30,ad_probe,ad_c(full_target_scalar_reference),0.0006995454858965411,True,2.9253593968697498,2120629
nfcorpus,20,selection,30,2669,30,glob_probe,best_in_menu_on_eval,0.0013318390373715794,True,,2120629
nfcorpus,21,recalibration,30,2522,30,ad_probe,ad_c(full_target_scalar_reference),0.000649995652781149,True,6.595368033894202,2121629
nfcorpus,21,selection,30,2522,30,ad_probe,best_in_menu_on_eval,0.0,True,,2121629
nfcorpus,22,recalibration,30,2753,30,ad_probe,ad_c(full_target_scalar_reference),9.307937915353781e-05,True,2.9644525290575583,2122629
nfcorpus,22,selection,30,2753,30,trunc,best_in_menu_on_eval,0.01694234445649284,False,,2122629
nfcorpus,23,recalibration,30,2574,30,ad_probe,ad_c(full_target_scalar_reference),0.00028288639085111145,True,5.100970095861639,2123629
nfcorpus,23,selection,30,2574,30,ad_probe,best_in_menu_on_eval,0.0,True,,2123629
nfcorpus,24,recalibration,30,2712,30,ad_probe,ad_c(full_target_scalar_reference),0.00038492061007541767,True,0.8172509798671204,2124629
nfcorpus,24,selection,30,2712,30,glob_probe,best_in_menu_on_eval,0.0,True,,2124629
nfcorpus,25,recalibration,30,2664,30,ad_probe,ad_c(full_target_scalar_reference),0.0013072436867866966,True,0.9996580416226024,2125629
nfcorpus,25,selection,30,2664,30,glob_probe,best_in_menu_on_eval,0.0,True,,2125629
nfcorpus,26,recalibration,30,2582,30,ad_probe,ad_c(full_target_scalar_reference),0.0002745665232602723,True,0.1028752428633748,2126629
nfcorpus,26,selection,30,2582,30,glob_probe,best_in_menu_on_eval,0.0019847606088522762,True,,2126629
nfcorpus,27,recalibration,30,2695,30,ad_probe,ad_c(full_target_scalar_reference),9.024676961566502e-07,True,1.044961226589118,2127629
nfcorpus,27,selection,30,2695,30,glob_probe,best_in_menu_on_eval,0.0,True,,2127629
nfcorpus,28,recalibration,30,2638,30,ad_probe,ad_c(full_target_scalar_reference),0.0008610537316667277,True,4.414344259921448,2128629
nfcorpus,28,selection,30,2638,30,ad_probe,best_in_menu_on_eval,0.0,True,,2128629
nfcorpus,29,recalibration,30,2597,30,ad_probe,ad_c(full_target_scalar_reference),0.0003005245242597987,True,5.52981958425058,2129629
nfcorpus,29,selection,30,2597,30,glob_probe,best_in_menu_on_eval,0.0,True,,2129629
nfcorpus,30,recalibration,30,2527,30,ad_probe,ad_c(full_target_scalar_reference),0.00014614100809304253,True,5.808798593645328,2130629
nfcorpus,30,selection,30,2527,30,ad_probe,best_in_menu_on_eval,0.0,True,,2130629
nfcorpus,31,recalibration,30,2570,30,ad_probe,ad_c(full_target_scalar_reference),0.00020352525917988196,True,0.5580135274810285,2131629
nfcorpus,31,selection,30,2570,30,glob_probe,best_in_menu_on_eval,0.0007359457993733609,True,,2131629
nfcorpus,32,recalibration,30,2540,30,ad_probe,ad_c(full_target_scalar_reference),0.0009587675667156181,True,8.25081239941938,2132629
nfcorpus,32,selection,30,2540,30,glob_probe,best_in_menu_on_eval,0.014216219369726807,False,,2132629
nfcorpus,33,recalibration,30,2554,30,ad_probe,ad_c(full_target_scalar_reference),0.0005169290674013061,True,0.3421658405019734,2133629
nfcorpus,33,selection,30,2554,30,glob_probe,best_in_menu_on_eval,0.0,True,,2133629
nfcorpus,34,recalibration,30,2585,30,ad_probe,ad_c(full_target_scalar_reference),0.0023643509679425745,True,9.762404122205082,2134629
nfcorpus,34,selection,30,2585,30,glob_probe,best_in_menu_on_eval,0.0,True,,2134629
nfcorpus,35,recalibration,30,2603,30,ad_probe,ad_c(full_target_scalar_reference),0.0015251916787544784,True,4.102515293639444,2135629
nfcorpus,35,selection,30,2603,30,glob_probe,best_in_menu_on_eval,0.0,True,,2135629
nfcorpus,36,recalibration,30,2608,30,ad_probe,ad_c(full_target_scalar_reference),7.078990611919522e-05,True,1.8939528501416145,2136629
nfcorpus,36,selection,30,2608,30,glob_probe,best_in_menu_on_eval,0.0007099238062015234,True,,2136629
nfcorpus,37,recalibration,30,2677,30,ad_probe,ad_c(full_target_scalar_reference),1.4092442464086474e-05,True,0.11252625312494757,2137629
nfcorpus,37,selection,30,2677,30,glob_probe,best_in_menu_on_eval,0.0009645728365180462,True,,2137629
nfcorpus,38,recalibration,30,2623,30,ad_probe,ad_c(full_target_scalar_reference),0.001530291383722071,True,3.2582855762470526,2138629
nfcorpus,38,selection,30,2623,30,ad_probe,best_in_menu_on_eval,0.0,True,,2138629
nfcorpus,39,recalibration,30,2575,30,ad_probe,ad_c(full_target_scalar_reference),0.0004320879155581825,True,0.3140913193751338,2139629
nfcorpus,39,selection,30,2575,30,glob_probe,best_in_menu_on_eval,0.0,True,,2139629
nfcorpus,40,recalibration,30,2533,30,ad_probe,ad_c(full_target_scalar_reference),0.0001569648269482693,True,0.7829480084346496,2140629
nfcorpus,40,selection,30,2533,30,glob_probe,best_in_menu_on_eval,0.0,True,,2140629
nfcorpus,41,recalibration,30,2514,30,ad_probe,ad_c(full_target_scalar_reference),0.0010652470642731615,True,1.0591525813945122,2141629
nfcorpus,41,selection,30,2514,30,ad_probe,best_in_menu_on_eval,0.00046646636320482604,True,,2141629
nfcorpus,42,recalibration,30,2448,30,ad_probe,ad_c(full_target_scalar_reference),0.001010262093877612,True,2.422095971599566,2142629
nfcorpus,42,selection,30,2448,30,ad_probe,best_in_menu_on_eval,0.006245220748151176,True,,2142629
nfcorpus,43,recalibration,30,2678,30,ad_probe,ad_c(full_target_scalar_reference),0.00032291059935501965,True,2.4811450717452264,2143629
nfcorpus,43,selection,30,2678,30,ad_probe,best_in_menu_on_eval,0.0,True,,2143629
nfcorpus,44,recalibration,30,2668,30,ad_probe,ad_c(full_target_scalar_reference),0.0007215713914477673,True,3.613214542190457,2144629
nfcorpus,44,selection,30,2668,30,ad_probe,best_in_menu_on_eval,0.0013310103037561527,True,,2144629
nfcorpus,45,recalibration,30,2537,30,ad_probe,ad_c(full_target_scalar_reference),0.000607932746688078,True,2.3756438016668984,2145629
nfcorpus,45,selection,30,2537,30,glob_probe,best_in_menu_on_eval,0.0019105247220279065,True,,2145629
nfcorpus,46,recalibration,30,2625,30,ad_probe,ad_c(full_target_scalar_reference),0.0003832990279587223,True,3.5187401871438,2146629
nfcorpus,46,selection,30,2625,30,glob_probe,best_in_menu_on_eval,0.0,True,,2146629
nfcorpus,47,recalibration,30,2677,30,ad_probe,ad_c(full_target_scalar_reference),0.00045398423490791706,True,2.4494229951649036,2147629
nfcorpus,47,selection,30,2677,30,glob_probe,best_in_menu_on_eval,0.00021967608077341771,True,,2147629
nfcorpus,48,recalibration,30,2562,30,ad_probe,ad_c(full_target_scalar_reference),0.00023730920026410196,True,0.8415412431122284,2148629
nfcorpus,48,selection,30,2562,30,glob_probe,best_in_menu_on_eval,0.0,True,,2148629
nfcorpus,49,recalibration,30,2632,30,ad_probe,ad_c(full_target_scalar_reference),0.0007656438805134225,True,0.30647225065125205,2149629
nfcorpus,49,selection,30,2632,30,glob_probe,best_in_menu_on_eval,0.0,True,,2149629
nfcorpus,0,recalibration,50,4334,50,ad_probe,ad_c(full_target_scalar_reference),0.0002668812058275738,True,3.7813437088628437,2200315
nfcorpus,0,selection,50,4334,50,glob_probe,best_in_menu_on_eval,0.0,True,,2200315
nfcorpus,1,recalibration,50,4255,50,ad_probe,ad_c(full_target_scalar_reference),0.0005523662562216813,True,0.8379691662104012,2201315
nfcorpus,1,selection,50,4255,50,glob_probe,best_in_menu_on_eval,0.001163619487731915,True,,2201315
nfcorpus,2,recalibration,50,4379,50,ad_probe,ad_c(full_target_scalar_reference),0.00046221844355012753,True,1.0173334995601628,2202315
nfcorpus,2,selection,50,4379,50,glob_probe,best_in_menu_on_eval,0.0008868552588783551,True,,2202315
nfcorpus,3,recalibration,50,4401,50,ad_probe,ad_c(full_target_scalar_reference),0.0005570065762447451,True,3.252263152248352,2203315
nfcorpus,3,selection,50,4401,50,glob_probe,best_in_menu_on_eval,0.0,True,,2203315
nfcorpus,4,recalibration,50,4237,50,ad_probe,ad_c(full_target_scalar_reference),0.0007429768924908653,True,5.500393121781462,2204315
nfcorpus,4,selection,50,4237,50,glob_probe,best_in_menu_on_eval,0.0,True,,2204315
nfcorpus,5,recalibration,50,4426,50,ad_probe,ad_c(full_target_scalar_reference),0.000556364238975704,True,1.0288983724138827,2205315
nfcorpus,5,selection,50,4426,50,glob_probe,best_in_menu_on_eval,0.0,True,,2205315
nfcorpus,6,recalibration,50,4385,50,ad_probe,ad_c(full_target_scalar_reference),0.0008996149145058252,True,6.866782028546369,2206315
nfcorpus,6,selection,50,4385,50,glob_probe,best_in_menu_on_eval,0.0009693968631784566,True,,2206315
nfcorpus,7,recalibration,50,4294,50,ad_probe,ad_c(full_target_scalar_reference),0.0009753821650454186,True,2.030208617822991,2207315
nfcorpus,7,selection,50,4294,50,glob_probe,best_in_menu_on_eval,0.005171428181684978,True,,2207315
nfcorpus,8,recalibration,50,4335,50,ad_probe,ad_c(full_target_scalar_reference),0.0004638820815190403,True,5.772487091532492,2208315
nfcorpus,8,selection,50,4335,50,ad_probe,best_in_menu_on_eval,0.0016489811706081603,True,,2208315
nfcorpus,9,recalibration,50,4350,50,ad_probe,ad_c(full_target_scalar_reference),0.0011217404748248838,True,1.5695336499626418,2209315
nfcorpus,9,selection,50,4350,50,ad_probe,best_in_menu_on_eval,0.0,True,,2209315
nfcorpus,10,recalibration,50,4336,50,ad_probe,ad_c(full_target_scalar_reference),0.00010546362021010558,True,1.145801840959944,2210315
nfcorpus,10,selection,50,4336,50,glob_probe,best_in_menu_on_eval,0.0,True,,2210315
nfcorpus,11,recalibration,50,4260,50,ad_probe,ad_c(full_target_scalar_reference),0.00118985061187038,True,5.233231819883409,2211315
nfcorpus,11,selection,50,4260,50,glob_probe,best_in_menu_on_eval,0.001132229604628554,True,,2211315
nfcorpus,12,recalibration,50,4342,50,ad_probe,ad_c(full_target_scalar_reference),0.0006049927685176648,True,1.6710944100559537,2212315
nfcorpus,12,selection,50,4342,50,glob_probe,best_in_menu_on_eval,0.0,True,,2212315
nfcorpus,13,recalibration,50,4404,50,ad_probe,ad_c(full_target_scalar_reference),0.0011601955051848967,True,3.8850359761522917,2213315
nfcorpus,13,selection,50,4404,50,ad_probe,best_in_menu_on_eval,0.007446868885279234,True,,2213315
nfcorpus,14,recalibration,50,4193,50,ad_probe,ad_c(full_target_scalar_reference),0.00023227861634050884,True,0.515671124815908,2214315
nfcorpus,14,selection,50,4193,50,glob_probe,best_in_menu_on_eval,0.0,True,,2214315
nfcorpus,15,recalibration,50,4340,50,ad_probe,ad_c(full_target_scalar_reference),0.00014868779682780664,True,0.6119964019947908,2215315
nfcorpus,15,selection,50,4340,50,glob_probe,best_in_menu_on_eval,0.013669150474066888,False,,2215315
nfcorpus,16,recalibration,50,4209,50,ad_probe,ad_c(full_target_scalar_reference),0.0006607999401696818,True,4.97185020395426,2216315
nfcorpus,16,selection,50,4209,50,glob_probe,best_in_menu_on_eval,0.0,True,,2216315
nfcorpus,17,recalibration,50,4321,50,ad_probe,ad_c(full_target_scalar_reference),0.00033451061971703777,True,3.240411842618693,2217315
nfcorpus,17,selection,50,4321,50,ad_probe,best_in_menu_on_eval,0.00701971716572361,True,,2217315
nfcorpus,18,recalibration,50,4349,50,ad_probe,ad_c(full_target_scalar_reference),0.0012323889016080114,True,5.189638792269411,2218315
nfcorpus,18,selection,50,4349,50,ad_probe,best_in_menu_on_eval,0.0,True,,2218315
nfcorpus,19,recalibration,50,4416,50,ad_probe,ad_c(full_target_scalar_reference),0.00041858245576945063,True,2.8423034710173685,2219315
nfcorpus,19,selection,50,4416,50,glob_probe,best_in_menu_on_eval,0.0,True,,2219315
nfcorpus,20,recalibration,50,4385,50,ad_probe,ad_c(full_target_scalar_reference),0.00010134404153430698,True,0.05670850195510546,2220315
nfcorpus,20,selection,50,4385,50,glob_probe,best_in_menu_on_eval,0.0021915804896855684,True,,2220315
nfcorpus,21,recalibration,50,4257,50,ad_probe,ad_c(full_target_scalar_reference),2.107454777988682e-05,True,5.100970095861639,2221315
nfcorpus,21,selection,50,4257,50,glob_probe,best_in_menu_on_eval,0.0,True,,2221315
nfcorpus,22,recalibration,50,4279,50,ad_probe,ad_c(full_target_scalar_reference),5.5262224092078593e-05,True,1.9164763442614952,2222315
nfcorpus,22,selection,50,4279,50,glob_probe,best_in_menu_on_eval,0.008595659694928232,True,,2222315
nfcorpus,23,recalibration,50,4297,50,ad_probe,ad_c(full_target_scalar_reference),0.0001009468367394184,True,0.07780712599965156,2223315
nfcorpus,23,selection,50,4297,50,glob_probe,best_in_menu_on_eval,0.006554515816868722,True,,2223315
nfcorpus,24,recalibration,50,4388,50,ad_probe,ad_c(full_target_scalar_reference),0.0004541514665825641,True,0.8172509798671204,2224315
nfcorpus,24,selection,50,4388,50,glob_probe,best_in_menu_on_eval,0.0017654075441969619,True,,2224315
nfcorpus,25,recalibration,50,4412,50,ad_probe,ad_c(full_target_scalar_reference),5.7287709523012875e-05,True,4.663339037338533,2225315
nfcorpus,25,selection,50,4412,50,glob_probe,best_in_menu_on_eval,0.001083392836806002,True,,2225315
nfcorpus,26,recalibration,50,4206,50,ad_probe,ad_c(full_target_scalar_reference),0.00046080814448645757,True,1.4733346072105515,2226315
nfcorpus,26,selection,50,4206,50,glob_probe,best_in_menu_on_eval,0.000721589392505384,True,,2226315
nfcorpus,27,recalibration,50,4426,50,ad_probe,ad_c(full_target_scalar_reference),1.5124855831410988e-05,True,0.039180447540386965,2227315
nfcorpus,27,selection,50,4426,50,glob_probe,best_in_menu_on_eval,0.0007144316221664171,True,,2227315
nfcorpus,28,recalibration,50,4269,50,ad_probe,ad_c(full_target_scalar_reference),0.0012208671224168133,True,10.129149735046274,2228315
nfcorpus,28,selection,50,4269,50,ad_probe,best_in_menu_on_eval,0.009126097947482925,True,,2228315
nfcorpus,29,recalibration,50,4328,50,ad_probe,ad_c(full_target_scalar_reference),0.001470951564305989,True,1.5657338584047107,2229315
nfcorpus,29,selection,50,4328,50,glob_probe,best_in_menu_on_eval,0.0,True,,2229315
nfcorpus,30,recalibration,50,4357,50,ad_probe,ad_c(full_target_scalar_reference),0.0007264755193893413,True,0.38176173161178717,2230315
nfcorpus,30,selection,50,4357,50,glob_probe,best_in_menu_on_eval,0.0019749962053593195,True,,2230315
nfcorpus,31,recalibration,50,4302,50,ad_probe,ad_c(full_target_scalar_reference),1.5124855831383233e-05,True,0.06928285409813562,2231315
nfcorpus,31,selection,50,4302,50,glob_probe,best_in_menu_on_eval,0.0,True,,2231315
nfcorpus,32,recalibration,50,4344,50,ad_probe,ad_c(full_target_scalar_reference),0.0004843569930321201,True,1.0606232918240952,2232315
nfcorpus,32,selection,50,4344,50,glob_probe,best_in_menu_on_eval,0.0,True,,2232315
nfcorpus,33,recalibration,50,4345,50,ad_probe,ad_c(full_target_scalar_reference),0.0002699926724353541,True,0.23095889244258494,2233315
nfcorpus,33,selection,50,4345,50,glob_probe,best_in_menu_on_eval,0.0016682292054110426,True,,2233315
nfcorpus,34,recalibration,50,4352,50,ad_probe,ad_c(full_target_scalar_reference),4.0186423408389293e-05,True,2.1358180413799417,2234315
nfcorpus,34,selection,50,4352,50,glob_probe,best_in_menu_on_eval,0.0029015644359177972,True,,2234315
nfcorpus,35,recalibration,50,4433,50,ad_probe,ad_c(full_target_scalar_reference),0.0003936598593844709,True,0.8950410309717238,2235315
nfcorpus,35,selection,50,4433,50,ad_probe,best_in_menu_on_eval,0.007933296892164793,True,,2235315
nfcorpus,36,recalibration,50,4423,50,ad_probe,ad_c(full_target_scalar_reference),0.00016445684981750142,True,1.9511781860273434,2236315
nfcorpus,36,selection,50,4423,50,glob_probe,best_in_menu_on_eval,0.0,True,,2236315
nfcorpus,37,recalibration,50,4439,50,ad_probe,ad_c(full_target_scalar_reference),0.0005344533696060305,True,0.8188826221235193,2237315
nfcorpus,37,selection,50,4439,50,glob_probe,best_in_menu_on_eval,0.0,True,,2237315
nfcorpus,38,recalibration,50,4206,50,ad_probe,ad_c(full_target_scalar_reference),0.0013938254808703587,True,5.502208357105564,2238315
nfcorpus,38,selection,50,4206,50,glob_probe,best_in_menu_on_eval,0.0007983344256000391,True,,2238315
nfcorpus,39,recalibration,50,4278,50,ad_probe,ad_c(full_target_scalar_reference),0.0006491630980377805,True,3.113044037265011,2239315
nfcorpus,39,selection,50,4278,50,glob_probe,best_in_menu_on_eval,0.0,True,,2239315
nfcorpus,40,recalibration,50,4349,50,ad_probe,ad_c(full_target_scalar_reference),0.000282689274459319,True,4.081674960287591,2240315
nfcorpus,40,selection,50,4349,50,ad_probe,best_in_menu_on_eval,0.0017912109205627524,True,,2240315
nfcorpus,41,recalibration,50,4315,50,ad_probe,ad_c(full_target_scalar_reference),6.970048209400947e-05,True,0.45808861459122596,2241315
nfcorpus,41,selection,50,4315,50,glob_probe,best_in_menu_on_eval,0.0,True,,2241315
nfcorpus,42,recalibration,50,4300,50,ad_probe,ad_c(full_target_scalar_reference),0.00045573727540784703,True,0.32848825267540427,2242315
nfcorpus,42,selection,50,4300,50,glob_probe,best_in_menu_on_eval,0.0,True,,2242315
nfcorpus,43,recalibration,50,4413,50,ad_probe,ad_c(full_target_scalar_reference),8.140008140006261e-05,True,0.013792380759314327,2243315
nfcorpus,43,selection,50,4413,50,glob_probe,best_in_menu_on_eval,0.008518820349240536,True,,2243315
nfcorpus,44,recalibration,50,4261,50,ad_probe,ad_c(full_target_scalar_reference),7.139234365363678e-05,True,1.0632013438463535,2244315
nfcorpus,44,selection,50,4261,50,glob_probe,best_in_menu_on_eval,0.0,True,,2244315
nfcorpus,45,recalibration,50,4156,50,ad_probe,ad_c(full_target_scalar_reference),0.00019090184487904893,True,0.6996870025286803,2245315
nfcorpus,45,selection,50,4156,50,glob_probe,best_in_menu_on_eval,0.0,True,,2245315
nfcorpus,46,recalibration,50,4330,50,ad_probe,ad_c(full_target_scalar_reference),7.422413282862084e-05,True,5.158040587045006,2246315
nfcorpus,46,selection,50,4330,50,glob_probe,best_in_menu_on_eval,0.0,True,,2246315
nfcorpus,47,recalibration,50,4326,50,ad_probe,ad_c(full_target_scalar_reference),0.0016052004571538714,True,1.8100265181315134,2247315
nfcorpus,47,selection,50,4326,50,glob_probe,best_in_menu_on_eval,0.0,True,,2247315
nfcorpus,48,recalibration,50,4338,50,ad_probe,ad_c(full_target_scalar_reference),0.0006516317304929298,True,1.2434358170102175,2248315
nfcorpus,48,selection,50,4338,50,glob_probe,best_in_menu_on_eval,0.0,True,,2248315
nfcorpus,49,recalibration,50,4510,50,ad_probe,ad_c(full_target_scalar_reference),0.00010608123119701385,True,0.2536903485874493,2249315
nfcorpus,49,selection,50,4510,50,glob_probe,best_in_menu_on_eval,0.0036277710519667106,True,,2249315
scifact,0,recalibration,10,835,10,ad_probe,ad_c(full_target_scalar_reference),0.00034482758620696385,True,0.0014537759551600526,9
scifact,0,selection,10,835,10,glob_probe,best_in_menu_on_eval,0.0,True,,9
scifact,1,recalibration,10,748,10,ad_probe,ad_c(full_target_scalar_reference),0.012175697865353052,False,0.05078240730913097,1009
scifact,1,selection,10,748,10,glob_probe,best_in_menu_on_eval,0.0,True,,1009
scifact,2,recalibration,10,800,10,ad_probe,ad_c(full_target_scalar_reference),0.011059113300492585,False,0.033915390785800414,2009
scifact,2,selection,10,800,10,glob_probe,best_in_menu_on_eval,0.0,True,,2009
scifact,3,recalibration,10,784,10,ad_probe,ad_c(full_target_scalar_reference),0.017739214808180415,False,0.05018022199960348,3009
scifact,3,selection,10,784,10,ad_probe,best_in_menu_on_eval,0.0,True,,3009
scifact,4,recalibration,10,856,10,ad_probe,ad_c(full_target_scalar_reference),0.00016967706622877943,True,0.008646727263337706,4009
scifact,4,selection,10,856,10,glob_probe,best_in_menu_on_eval,0.0029723341792308178,True,,4009
scifact,5,recalibration,10,897,10,ad_probe,ad_c(full_target_scalar_reference),0.006141215106732378,False,0.017980560409639135,5009
scifact,5,selection,10,897,10,glob_probe,best_in_menu_on_eval,0.0,True,,5009
scifact,6,recalibration,10,894,10,ad_probe,ad_c(full_target_scalar_reference),0.016244961934617053,False,0.04788944410244067,6009
scifact,6,selection,10,894,10,ad_probe,best_in_menu_on_eval,0.0305655072896453,False,,6009
scifact,7,recalibration,10,844,10,ad_probe,ad_c(full_target_scalar_reference),0.016080758322137678,False,0.04880239189382718,7009
scifact,7,selection,10,844,10,glob_probe,best_in_menu_on_eval,0.025416422657801974,False,,7009
scifact,8,recalibration,10,817,10,ad_probe,ad_c(full_target_scalar_reference),6.294471811718605e-05,True,0.015332368991385792,8009
scifact,8,selection,10,817,10,glob_probe,best_in_menu_on_eval,0.0,True,,8009
scifact,9,recalibration,10,879,10,ad_probe,ad_c(full_target_scalar_reference),0.022911628601283762,False,0.0740258488247848,9009
scifact,9,selection,10,879,10,ad_probe,best_in_menu_on_eval,0.0,True,,9009
scifact,10,recalibration,10,889,10,ad_probe,ad_c(full_target_scalar_reference),0.006592775041050825,False,0.01920242083109558,10009
scifact,10,selection,10,889,10,glob_probe,best_in_menu_on_eval,0.0,True,,10009
scifact,11,recalibration,10,837,10,ad_probe,ad_c(full_target_scalar_reference),0.005977011494252948,False,0.01528685513010486,11009
scifact,11,selection,10,837,10,glob_probe,best_in_menu_on_eval,0.0,True,,11009
scifact,12,recalibration,10,851,10,ad_probe,ad_c(full_target_scalar_reference),0.005779967159277477,False,0.028881249949848975,12009
scifact,12,selection,10,851,10,glob_probe,best_in_menu_on_eval,0.0036788498857464047,True,,12009
scifact,13,recalibration,10,871,10,ad_probe,ad_c(full_target_scalar_reference),0.004417077175697781,True,0.011760285082033972,13009
scifact,13,selection,10,871,10,glob_probe,best_in_menu_on_eval,0.010432651639548152,False,,13009
scifact,14,recalibration,10,777,10,ad_probe,ad_c(full_target_scalar_reference),0.008013136288998302,False,0.033572360032879334,14009
scifact,14,selection,10,777,10,glob_probe,best_in_menu_on_eval,0.0,True,,14009
scifact,15,recalibration,10,882,10,ad_probe,ad_c(full_target_scalar_reference),0.021420112454595186,False,0.07035367748309573,15009
scifact,15,selection,10,882,10,glob_probe,best_in_menu_on_eval,0.0,True,,15009
scifact,16,recalibration,10,835,10,ad_probe,ad_c(full_target_scalar_reference),0.007129173508483855,False,0.024804663563374074,16009
scifact,16,selection,10,835,10,glob_probe,best_in_menu_on_eval,0.0,True,,16009
scifact,17,recalibration,10,773,10,ad_probe,ad_c(full_target_scalar_reference),0.01739438722197345,False,0.05090034275037447,17009
scifact,17,selection,10,773,10,glob_probe,best_in_menu_on_eval,0.0,True,,17009
scifact,18,recalibration,10,843,10,ad_probe,ad_c(full_target_scalar_reference),0.02112180922525747,False,0.057822006662612724,18009
scifact,18,selection,10,843,10,glob_probe,best_in_menu_on_eval,0.0,True,,18009
scifact,19,recalibration,10,805,10,ad_probe,ad_c(full_target_scalar_reference),0.013319649698960101,False,0.033877248557565354,19009
scifact,19,selection,10,805,10,glob_probe,best_in_menu_on_eval,0.01715131611683346,False,,19009
scifact,20,recalibration,10,803,10,ad_probe,ad_c(full_target_scalar_reference),0.004991789819376036,True,0.017064585433858026,20009
scifact,20,selection,10,803,10,glob_probe,best_in_menu_on_eval,0.0,True,,20009
scifact,21,recalibration,10,874,10,ad_probe,ad_c(full_target_scalar_reference),6.020799124240028e-05,True,0.009492237007921789,21009
scifact,21,selection,10,874,10,ad_probe,best_in_menu_on_eval,0.047324973876698095,False,,21009
scifact,22,recalibration,10,784,10,ad_probe,ad_c(full_target_scalar_reference),0.004417077175697892,True,0.01411022273540774,22009
scifact,22,selection,10,784,10,ad_probe,best_in_menu_on_eval,0.0,True,,22009
scifact,23,recalibration,10,752,10,ad_probe,ad_c(full_target_scalar_reference),0.0,True,0.00011529799974063781,23009
scifact,23,selection,10,752,10,glob_probe,best_in_menu_on_eval,0.0,True,,23009
scifact,24,recalibration,10,825,10,ad_probe,ad_c(full_target_scalar_reference),0.012577996715927797,False,0.05031217702929136,24009
scifact,24,selection,10,825,10,glob_probe,best_in_menu_on_eval,0.0,True,,24009
scifact,25,recalibration,10,854,10,ad_probe,ad_c(full_target_scalar_reference),0.0202706871672389,False,0.06229993832378544,25009
scifact,25,selection,10,854,10,ad_probe,best_in_menu_on_eval,0.028061402199333285,False,,25009
scifact,26,recalibration,10,799,10,ad_probe,ad_c(full_target_scalar_reference),0.018371647509578592,False,0.07055470820035437,26009
scifact,26,selection,10,799,10,glob_probe,best_in_menu_on_eval,0.0,True,,26009
scifact,27,recalibration,10,866,10,ad_probe,ad_c(full_target_scalar_reference),0.016244961934617164,False,0.04756067396678976,27009
scifact,27,selection,10,866,10,glob_probe,best_in_menu_on_eval,0.0,True,,27009
scifact,28,recalibration,10,833,10,ad_probe,ad_c(full_target_scalar_reference),0.003251231527093612,True,0.022055208703667062,28009
scifact,28,selection,10,833,10,glob_probe,best_in_menu_on_eval,0.004935007521214396,True,,28009
scifact,29,recalibration,10,783,10,ad_probe,ad_c(full_target_scalar_reference),0.01962755635169422,False,0.06081922917847038,29009
scifact,29,selection,10,783,10,glob_probe,best_in_menu_on_eval,0.027482211275314694,False,,29009
scifact,30,recalibration,10,869,10,ad_probe,ad_c(full_target_scalar_reference),0.001978653530377683,True,0.01467425052666127,30009
scifact,30,selection,10,869,10,glob_probe,best_in_menu_on_eval,0.0,True,,30009
scifact,31,recalibration,10,858,10,ad_probe,ad_c(full_target_scalar_reference),0.023598795840175102,False,0.12042732282838009,31009
scifact,31,selection,10,858,10,glob_probe,best_in_menu_on_eval,0.0,True,,31009
scifact,32,recalibration,10,868,10,ad_probe,ad_c(full_target_scalar_reference),0.009198139025725305,False,0.027726797461622654,32009
scifact,32,selection,10,868,10,glob_probe,best_in_menu_on_eval,0.0,True,,32009
scifact,33,recalibration,10,860,10,ad_probe,ad_c(full_target_scalar_reference),0.003004926108374384,True,0.022346604105859647,33009
scifact,33,selection,10,860,10,glob_probe,best_in_menu_on_eval,0.0035556971763869294,True,,33009
scifact,34,recalibration,10,860,10,ad_probe,ad_c(full_target_scalar_reference),0.006937602627257788,False,0.02354552847736424,34009
scifact,34,selection,10,860,10,glob_probe,best_in_menu_on_eval,0.0,True,,34009
scifact,35,recalibration,10,769,10,ad_probe,ad_c(full_target_scalar_reference),0.014244663382594447,False,0.05090581833509966,35009
scifact,35,selection,10,769,10,ad_probe,best_in_menu_on_eval,0.06025053490570731,False,,35009
scifact,36,recalibration,10,824,10,ad_probe,ad_c(full_target_scalar_reference),0.008768472906403924,False,0.038125279294486836,36009
scifact,36,selection,10,824,10,glob_probe,best_in_menu_on_eval,0.0,True,,36009
scifact,37,recalibration,10,831,10,ad_probe,ad_c(full_target_scalar_reference),0.0010426929392446938,True,0.004805832752474148,37009
scifact,37,selection,10,831,10,ad_probe,best_in_menu_on_eval,0.0,True,,37009
scifact,38,recalibration,10,827,10,ad_probe,ad_c(full_target_scalar_reference),0.012170224411603647,False,0.03639914382172904,38009
scifact,38,selection,10,827,10,glob_probe,best_in_menu_on_eval,0.0,True,,38009
scifact,39,recalibration,10,775,10,ad_probe,ad_c(full_target_scalar_reference),0.018199233716474972,False,0.06773349578334265,39009
scifact,39,selection,10,775,10,glob_probe,best_in_menu_on_eval,0.0,True,,39009
scifact,40,recalibration,10,809,10,ad_probe,ad_c(full_target_scalar_reference),0.0029638752052545403,True,0.023907328123233373,40009
scifact,40,selection,10,809,10,glob_probe,best_in_menu_on_eval,0.003971239488480827,True,,40009
scifact,41,recalibration,10,831,10,ad_probe,ad_c(full_target_scalar_reference),0.010262725779967063,False,0.03812251547983103,41009
scifact,41,selection,10,831,10,ad_probe,best_in_menu_on_eval,0.05780116435288851,False,,41009
scifact,42,recalibration,10,822,10,ad_probe,ad_c(full_target_scalar_reference),0.006141215106732267,False,0.01665152668655767,42009
scifact,42,selection,10,822,10,glob_probe,best_in_menu_on_eval,0.0,True,,42009
scifact,43,recalibration,10,831,10,ad_probe,ad_c(full_target_scalar_reference),0.015106732348111773,False,0.058414892911223926,43009
scifact,43,selection,10,831,10,glob_probe,best_in_menu_on_eval,0.0,True,,43009
scifact,44,recalibration,10,842,10,ad_probe,ad_c(full_target_scalar_reference),0.013946111359904478,False,0.041812362360027056,44009
scifact,44,selection,10,842,10,glob_probe,best_in_menu_on_eval,0.0,True,,44009
scifact,45,recalibration,10,880,10,ad_probe,ad_c(full_target_scalar_reference),0.0010892172961138868,True,0.014011892908287304,45009
scifact,45,selection,10,880,10,glob_probe,best_in_menu_on_eval,0.002627506593023854,True,,45009
scifact,46,recalibration,10,863,10,ad_probe,ad_c(full_target_scalar_reference),0.0023125342090858925,True,0.020809357268976036,46009
scifact,46,selection,10,863,10,glob_probe,best_in_menu_on_eval,0.004392695427178239,True,,46009
scifact,47,recalibration,10,789,10,ad_probe,ad_c(full_target_scalar_reference),0.006141215106732378,False,0.017947047363497948,47009
scifact,47,selection,10,789,10,glob_probe,best_in_menu_on_eval,0.0,True,,47009
scifact,48,recalibration,10,847,10,ad_probe,ad_c(full_target_scalar_reference),0.009113300492610832,False,0.03855598662094417,48009
scifact,48,selection,10,847,10,glob_probe,best_in_menu_on_eval,0.0,True,,48009
scifact,49,recalibration,10,798,10,ad_probe,ad_c(full_target_scalar_reference),0.013557744937055194,False,0.0408635510948987,49009
scifact,49,selection,10,798,10,glob_probe,best_in_menu_on_eval,0.017849181469871134,False,,49009
scifact,0,recalibration,30,2638,30,ad_probe,ad_c(full_target_scalar_reference),0.005608465608465674,False,0.017294645907026007,2100922
scifact,0,selection,30,2638,30,glob_probe,best_in_menu_on_eval,0.0,True,,2100922
scifact,1,recalibration,30,2352,30,ad_probe,ad_c(full_target_scalar_reference),0.013924162257495709,False,0.03399601509624306,2101922
scifact,1,selection,30,2352,30,glob_probe,best_in_menu_on_eval,0.02547158602714167,False,,2101922
scifact,2,recalibration,30,2482,30,ad_probe,ad_c(full_target_scalar_reference),0.0068253968253967345,False,0.031011060692784254,2102922
scifact,2,selection,30,2482,30,glob_probe,best_in_menu_on_eval,0.0,True,,2102922
scifact,3,recalibration,30,2628,30,ad_probe,ad_c(full_target_scalar_reference),0.003950617283950519,True,0.010169150843805541,2103922
scifact,3,selection,30,2628,30,glob_probe,best_in_menu_on_eval,0.0,True,,2103922
scifact,4,recalibration,30,2610,30,ad_probe,ad_c(full_target_scalar_reference),0.014438565549676652,False,0.04111854814847904,2104922
scifact,4,selection,30,2610,30,glob_probe,best_in_menu_on_eval,0.0,True,,2104922
scifact,5,recalibration,30,2569,30,ad_probe,ad_c(full_target_scalar_reference),0.006216931216931176,False,0.020727514372808398,2105922
scifact,5,selection,30,2569,30,ad_probe,best_in_menu_on_eval,0.0,True,,2105922
scifact,6,recalibration,30,2464,30,ad_probe,ad_c(full_target_scalar_reference),0.0011199294532628357,True,0.004853976705975427,2106922
scifact,6,selection,30,2464,30,glob_probe,best_in_menu_on_eval,0.0,True,,2106922
scifact,7,recalibration,30,2526,30,ad_probe,ad_c(full_target_scalar_reference),0.010035273368606712,False,0.04579408079267555,2107922
scifact,7,selection,30,2526,30,glob_probe,best_in_menu_on_eval,0.0,True,,2107922
scifact,8,recalibration,30,2560,30,ad_probe,ad_c(full_target_scalar_reference),0.013815135481802132,False,0.042509936086987055,2108922
scifact,8,selection,30,2560,30,glob_probe,best_in_menu_on_eval,0.023521457965902437,False,,2108922
scifact,9,recalibration,30,2492,30,ad_probe,ad_c(full_target_scalar_reference),0.00703997648442084,False,0.025046237730512066,2109922
scifact,9,selection,30,2492,30,glob_probe,best_in_menu_on_eval,0.0,True,,2109922
scifact,10,recalibration,30,2438,30,ad_probe,ad_c(full_target_scalar_reference),0.007081128747795484,False,0.01928498186149108,2110922
scifact,10,selection,30,2438,30,glob_probe,best_in_menu_on_eval,0.01955053177275401,False,,2110922
scifact,11,recalibration,30,2489,30,ad_probe,ad_c(full_target_scalar_reference),0.0,True,0.0005523134498601756,2111922
scifact,11,selection,30,2489,30,glob_probe,best_in_menu_on_eval,0.0,True,,2111922
scifact,12,recalibration,30,2436,30,ad_probe,ad_c(full_target_scalar_reference),0.00880070546737205,False,0.02747443930541693,2112922
scifact,12,selection,30,2436,30,glob_probe,best_in_menu_on_eval,0.00018251296029075936,True,,2112922
scifact,13,recalibration,30,2486,30,ad_probe,ad_c(full_target_scalar_reference),0.001992945326278639,True,0.012289711520376168,2113922
scifact,13,selection,30,2486,30,glob_probe,best_in_menu_on_eval,0.0,True,,2113922
scifact,14,recalibration,30,2426,30,ad_probe,ad_c(full_target_scalar_reference),0.0012345679012345512,True,0.0013928046028126584,2114922
scifact,14,selection,30,2426,30,glob_probe,best_in_menu_on_eval,0.0,True,,2114922
scifact,15,recalibration,30,2537,30,ad_probe,ad_c(full_target_scalar_reference),0.011343327454438557,False,0.035428043514824537,2115922
scifact,15,selection,30,2537,30,ad_probe,best_in_menu_on_eval,0.03634787023675912,False,,2115922
scifact,16,recalibration,30,2512,30,ad_probe,ad_c(full_target_scalar_reference),0.003703703703703709,True,0.006638339006587501,2116922
scifact,16,selection,30,2512,30,glob_probe,best_in_menu_on_eval,0.0,True,,2116922
scifact,17,recalibration,30,2548,30,ad_probe,ad_c(full_target_scalar_reference),0.0,True,0.00043335679287448414,2117922
scifact,17,selection,30,2548,30,glob_probe,best_in_menu_on_eval,0.008801445468112068,True,,2117922
scifact,18,recalibration,30,2477,30,ad_probe,ad_c(full_target_scalar_reference),0.01400352733686061,False,0.05857886154341696,2118922
scifact,18,selection,30,2477,30,glob_probe,best_in_menu_on_eval,0.0,True,,2118922
scifact,19,recalibration,30,2519,30,ad_probe,ad_c(full_target_scalar_reference),0.0,True,0.00046987346209270697,2119922
scifact,19,selection,30,2519,30,glob_probe,best_in_menu_on_eval,0.005720431831542916,True,,2119922
scifact,20,recalibration,30,2558,30,ad_probe,ad_c(full_target_scalar_reference),6.466784244574253e-05,True,0.009848258501251816,2120922
scifact,20,selection,30,2558,30,glob_probe,best_in_menu_on_eval,0.0,True,,2120922
scifact,21,recalibration,30,2643,30,ad_probe,ad_c(full_target_scalar_reference),0.012880391213724529,False,0.04302104346811175,2121922
scifact,21,selection,30,2643,30,glob_probe,best_in_menu_on_eval,0.0,True,,2121922
scifact,22,recalibration,30,2534,30,ad_probe,ad_c(full_target_scalar_reference),0.0012345679012346067,True,0.004687931220721975,2122922
scifact,22,selection,30,2534,30,glob_probe,best_in_menu_on_eval,0.009057444613000176,True,,2122922
scifact,23,recalibration,30,2470,30,ad_probe,ad_c(full_target_scalar_reference),0.008274544385655502,False,0.02499048097197165,2123922
scifact,23,selection,30,2470,30,ad_probe,best_in_menu_on_eval,0.041226551226551056,False,,2123922
scifact,24,recalibration,30,2426,30,ad_probe,ad_c(full_target_scalar_reference),0.0005526161081716996,True,0.009994402639730615,2124922
scifact,24,selection,30,2426,30,glob_probe,best_in_menu_on_eval,0.0,True,,2124922
scifact,25,recalibration,30,2549,30,ad_probe,ad_c(full_target_scalar_reference),0.0003439153439153686,True,0.02113048325739353,2125922
scifact,25,selection,30,2549,30,glob_probe,best_in_menu_on_eval,0.0,True,,2125922
scifact,26,recalibration,30,2414,30,ad_probe,ad_c(full_target_scalar_reference),0.003333333333333355,True,0.010018402816945104,2126922
scifact,26,selection,30,2414,30,glob_probe,best_in_menu_on_eval,0.0,True,,2126922
scifact,27,recalibration,30,2570,30,ad_probe,ad_c(full_target_scalar_reference),0.013027630805408641,False,0.04092525602649766,2127922
scifact,27,selection,30,2570,30,ad_probe,best_in_menu_on_eval,0.0,True,,2127922
scifact,28,recalibration,30,2487,30,ad_probe,ad_c(full_target_scalar_reference),0.01234861845972951,False,0.03180833672723482,2128922
scifact,28,selection,30,2487,30,ad_probe,best_in_menu_on_eval,0.03520469242691471,False,,2128922
scifact,29,recalibration,30,2401,30,ad_probe,ad_c(full_target_scalar_reference),0.009126984126984095,False,0.04672902149020097,2129922
scifact,29,selection,30,2401,30,glob_probe,best_in_menu_on_eval,0.0,True,,2129922
scifact,30,recalibration,30,2479,30,ad_probe,ad_c(full_target_scalar_reference),0.009262198706643188,False,0.02531430780159627,2130922
scifact,30,selection,30,2479,30,ad_probe,best_in_menu_on_eval,0.04020335631446742,False,,2130922
scifact,31,recalibration,30,2525,30,ad_probe,ad_c(full_target_scalar_reference),0.009509112286889998,False,0.02531430780159627,2131922
scifact,31,selection,30,2525,30,glob_probe,best_in_menu_on_eval,0.0,True,,2131922
scifact,32,recalibration,30,2485,30,ad_probe,ad_c(full_target_scalar_reference),0.008644914756025912,False,0.026757686267238956,2132922
scifact,32,selection,30,2485,30,glob_probe,best_in_menu_on_eval,0.0,True,,2132922
scifact,33,recalibration,30,2547,30,ad_probe,ad_c(full_target_scalar_reference),0.005670194003527362,False,0.019199504178980087,2133922
scifact,33,selection,30,2547,30,glob_probe,best_in_menu_on_eval,0.0,True,,2133922
scifact,34,recalibration,30,2589,30,ad_probe,ad_c(full_target_scalar_reference),0.007657260435038227,False,0.024367053128147464,2134922
scifact,34,selection,30,2589,30,glob_probe,best_in_menu_on_eval,0.0,True,,2134922
scifact,35,recalibration,30,2521,30,ad_probe,ad_c(full_target_scalar_reference),0.006216931216931232,False,0.02154903902359173,2135922
scifact,35,selection,30,2521,30,glob_probe,best_in_menu_on_eval,0.0,True,,2135922
scifact,36,recalibration,30,2508,30,ad_probe,ad_c(full_target_scalar_reference),0.0005526161081716441,True,0.0096764668301208,2136922
scifact,36,selection,30,2508,30,glob_probe,best_in_menu_on_eval,0.0,True,,2136922
scifact,37,recalibration,30,2512,30,ad_probe,ad_c(full_target_scalar_reference),0.0003615520282187479,True,0.007300639379814955,2137922
scifact,37,selection,30,2512,30,glob_probe,best_in_menu_on_eval,0.0,True,,2137922
scifact,38,recalibration,30,2474,30,ad_probe,ad_c(full_target_scalar_reference),0.006349206349206438,False,0.018100214226690614,2138922
scifact,38,selection,30,2474,30,ad_probe,best_in_menu_on_eval,0.0,True,,2138922
scifact,39,recalibration,30,2472,30,ad_probe,ad_c(full_target_scalar_reference),0.00198118753674309,True,0.018966525999429606,2139922
scifact,39,selection,30,2472,30,ad_probe,best_in_menu_on_eval,0.05443161776495109,False,,2139922
scifact,40,recalibration,30,2513,30,ad_probe,ad_c(full_target_scalar_reference),0.0005526161081716441,True,0.010489153983491484,2140922
scifact,40,selection,30,2513,30,glob_probe,best_in_menu_on_eval,0.0,True,,2140922
scifact,41,recalibration,30,2623,30,ad_probe,ad_c(full_target_scalar_reference),0.015296616963283605,False,0.049299273904951035,2141922
scifact,41,selection,30,2623,30,glob_probe,best_in_menu_on_eval,0.029633576300243047,False,,2141922
scifact,42,recalibration,30,2589,30,ad_probe,ad_c(full_target_scalar_reference),0.009047619047619082,False,0.037529647362390506,2142922
scifact,42,selection,30,2589,30,glob_probe,best_in_menu_on_eval,0.0,True,,2142922
scifact,43,recalibration,30,2420,30,ad_probe,ad_c(full_target_scalar_reference),0.0010376249265138249,True,0.013840819022208461,2143922
scifact,43,selection,30,2420,30,ad_probe,best_in_menu_on_eval,0.05216797605686496,False,,2143922
scifact,44,recalibration,30,2460,30,ad_probe,ad_c(full_target_scalar_reference),0.00952380952380949,False,0.03993045169550424,2144922
scifact,44,selection,30,2460,30,glob_probe,best_in_menu_on_eval,0.0,True,,2144922
scifact,45,recalibration,30,2457,30,ad_probe,ad_c(full_target_scalar_reference),0.007795414462081096,False,0.027819422944653005,2145922
scifact,45,selection,30,2457,30,glob_probe,best_in_menu_on_eval,0.0,True,,2145922
scifact,46,recalibration,30,2522,30,ad_probe,ad_c(full_target_scalar_reference),0.002351557907113444,True,0.019219115672412634,2146922
scifact,46,selection,30,2522,30,glob_probe,best_in_menu_on_eval,0.0,True,,2146922
scifact,47,recalibration,30,2443,30,ad_probe,ad_c(full_target_scalar_reference),0.009673721340387964,False,0.040019127480562355,2147922
scifact,47,selection,30,2443,30,glob_probe,best_in_menu_on_eval,0.0,True,,2147922
scifact,48,recalibration,30,2563,30,ad_probe,ad_c(full_target_scalar_reference),0.0,True,4.889622364623314e-05,2148922
scifact,48,selection,30,2563,30,glob_probe,best_in_menu_on_eval,0.0,True,,2148922
scifact,49,recalibration,30,2403,30,ad_probe,ad_c(full_target_scalar_reference),0.020825984714873624,False,0.08492874466363487,2149922
scifact,49,selection,30,2403,30,glob_probe,best_in_menu_on_eval,0.0,True,,2149922
scifact,0,recalibration,50,4256,50,ad_probe,ad_c(full_target_scalar_reference),0.0007365079365079241,True,0.012423112200623865,2200564
scifact,0,selection,50,4256,50,glob_probe,best_in_menu_on_eval,0.0,True,,2200564
scifact,1,recalibration,50,4191,50,ad_probe,ad_c(full_target_scalar_reference),0.00039047619047616333,True,0.008444270040572244,2201564
scifact,1,selection,50,4191,50,glob_probe,best_in_menu_on_eval,0.0,True,,2201564
scifact,2,recalibration,50,4230,50,ad_probe,ad_c(full_target_scalar_reference),0.006714285714285728,False,0.020508479188149575,2202564
scifact,2,selection,50,4230,50,glob_probe,best_in_menu_on_eval,0.0,True,,2202564
scifact,3,recalibration,50,4072,50,ad_probe,ad_c(full_target_scalar_reference),0.009847619047618994,False,0.03050626132910772,2203564
scifact,3,selection,50,4072,50,glob_probe,best_in_menu_on_eval,0.024914574314574278,False,,2203564
scifact,4,recalibration,50,4171,50,ad_probe,ad_c(full_target_scalar_reference),0.01318412698412702,False,0.0358537799549421,2204564
scifact,4,selection,50,4171,50,glob_probe,best_in_menu_on_eval,0.0,True,,2204564
scifact,5,recalibration,50,3994,50,ad_probe,ad_c(full_target_scalar_reference),0.002152380952380961,True,0.013416554156118865,2205564
scifact,5,selection,50,3994,50,glob_probe,best_in_menu_on_eval,0.006908225108225197,True,,2205564
scifact,6,recalibration,50,4283,50,ad_probe,ad_c(full_target_scalar_reference),0.00039999999999995595,True,0.003335639341924379,2206564
scifact,6,selection,50,4283,50,glob_probe,best_in_menu_on_eval,0.0,True,,2206564
scifact,7,recalibration,50,4112,50,ad_probe,ad_c(full_target_scalar_reference),0.005599999999999994,False,0.01622330464335242,2207564
scifact,7,selection,50,4112,50,glob_probe,best_in_menu_on_eval,0.0,True,,2207564
scifact,8,recalibration,50,4077,50,ad_probe,ad_c(full_target_scalar_reference),0.00040000000000001146,True,0.0009521264786135353,2208564
scifact,8,selection,50,4077,50,glob_probe,best_in_menu_on_eval,0.0,True,,2208564
scifact,9,recalibration,50,4337,50,ad_probe,ad_c(full_target_scalar_reference),0.004285714285714282,True,0.022059567454780993,2209564
scifact,9,selection,50,4337,50,glob_probe,best_in_menu_on_eval,0.0,True,,2209564
scifact,10,recalibration,50,4321,50,ad_probe,ad_c(full_target_scalar_reference),0.0051238095238095305,False,0.010943018235332946,2210564
scifact,10,selection,50,4321,50,glob_probe,best_in_menu_on_eval,0.0,True,,2210564
scifact,11,recalibration,50,4158,50,ad_probe,ad_c(full_target_scalar_reference),0.0004539682539682621,True,0.011845740160273621,2211564
scifact,11,selection,50,4158,50,glob_probe,best_in_menu_on_eval,0.0,True,,2211564
scifact,12,recalibration,50,4084,50,ad_probe,ad_c(full_target_scalar_reference),0.0012634920634920221,True,0.014966686755277236,2212564
scifact,12,selection,50,4084,50,glob_probe,best_in_menu_on_eval,0.0,True,,2212564
scifact,13,recalibration,50,4129,50,ad_probe,ad_c(full_target_scalar_reference),0.0,True,0.0006198907374452833,2213564
scifact,13,selection,50,4129,50,glob_probe,best_in_menu_on_eval,0.015235209235209213,False,,2213564
scifact,14,recalibration,50,4155,50,ad_probe,ad_c(full_target_scalar_reference),0.0034285714285714475,True,0.021588087049314142,2214564
scifact,14,selection,50,4155,50,glob_probe,best_in_menu_on_eval,0.0,True,,2214564
scifact,15,recalibration,50,4088,50,ad_probe,ad_c(full_target_scalar_reference),0.0014222222222222136,True,0.008298125902093334,2215564
scifact,15,selection,50,4088,50,glob_probe,best_in_menu_on_eval,0.0,True,,2215564
scifact,16,recalibration,50,4187,50,ad_probe,ad_c(full_target_scalar_reference),0.0047238095238095745,True,0.01621195459629121,2216564
scifact,16,selection,50,4187,50,glob_probe,best_in_menu_on_eval,0.0,True,,2216564
scifact,17,recalibration,50,4098,50,ad_probe,ad_c(full_target_scalar_reference),0.003228571428571414,True,0.024352647472773103,2217564
scifact,17,selection,50,4098,50,glob_probe,best_in_menu_on_eval,0.0,True,,2217564
scifact,18,recalibration,50,4154,50,ad_probe,ad_c(full_target_scalar_reference),0.004304761904761922,True,0.02587331049548014,2218564
scifact,18,selection,50,4154,50,glob_probe,best_in_menu_on_eval,0.003578066378066347,True,,2218564
scifact,19,recalibration,50,4218,50,ad_probe,ad_c(full_target_scalar_reference),0.009095238095238156,False,0.04379255820863337,2219564
scifact,19,selection,50,4218,50,glob_probe,best_in_menu_on_eval,0.0,True,,2219564
scifact,20,recalibration,50,4248,50,ad_probe,ad_c(full_target_scalar_reference),0.002463492063492001,True,0.012917577320533669,2220564
scifact,20,selection,50,4248,50,glob_probe,best_in_menu_on_eval,0.0,True,,2220564
scifact,21,recalibration,50,4196,50,ad_probe,ad_c(full_target_scalar_reference),0.0010571428571429231,True,0.007682105753238022,2221564
scifact,21,selection,50,4196,50,glob_probe,best_in_menu_on_eval,0.0,True,,2221564
scifact,22,recalibration,50,4166,50,ad_probe,ad_c(full_target_scalar_reference),0.0,True,0.0003322357411681409,2222564
scifact,22,selection,50,4166,50,glob_probe,best_in_menu_on_eval,0.0,True,,2222564
scifact,23,recalibration,50,4328,50,ad_probe,ad_c(full_target_scalar_reference),0.001209523809523827,True,0.004336255617431561,2223564
scifact,23,selection,50,4328,50,glob_probe,best_in_menu_on_eval,0.0,True,,2223564
scifact,24,recalibration,50,4116,50,ad_probe,ad_c(full_target_scalar_reference),0.0007904761904762303,True,0.0072620415545631145,2224564
scifact,24,selection,50,4116,50,glob_probe,best_in_menu_on_eval,0.013552669552669538,False,,2224564
scifact,25,recalibration,50,4066,50,ad_probe,ad_c(full_target_scalar_reference),0.0024634920634920565,True,0.013018450952792415,2225564
scifact,25,selection,50,4066,50,ad_probe,best_in_menu_on_eval,0.05552756132756126,False,,2225564
scifact,26,recalibration,50,4158,50,ad_probe,ad_c(full_target_scalar_reference),0.004266666666666585,True,0.009533205516760068,2226564
scifact,26,selection,50,4158,50,glob_probe,best_in_menu_on_eval,0.0,True,,2226564
scifact,27,recalibration,50,4191,50,ad_probe,ad_c(full_target_scalar_reference),0.01000317460317468,False,0.030004870192880118,2227564
scifact,27,selection,50,4191,50,glob_probe,best_in_menu_on_eval,0.0,True,,2227564
scifact,28,recalibration,50,4201,50,ad_probe,ad_c(full_target_scalar_reference),0.01542193362193367,False,0.04330871629301036,2228564
scifact,28,selection,50,4201,50,ad_probe,best_in_menu_on_eval,0.0,True,,2228564
scifact,29,recalibration,50,4233,50,ad_probe,ad_c(full_target_scalar_reference),0.010126984126984095,False,0.029597763106395503,2229564
scifact,29,selection,50,4233,50,glob_probe,best_in_menu_on_eval,0.0,True,,2229564
scifact,30,recalibration,50,4172,50,ad_probe,ad_c(full_target_scalar_reference),0.005523809523809486,False,0.018101233091297964,2230564
scifact,30,selection,50,4172,50,glob_probe,best_in_menu_on_eval,0.0,True,,2230564
scifact,31,recalibration,50,4266,50,ad_probe,ad_c(full_target_scalar_reference),0.0012634920634920221,True,0.012827687838393498,2231564
scifact,31,selection,50,4266,50,glob_probe,best_in_menu_on_eval,0.0,True,,2231564
scifact,32,recalibration,50,4124,50,ad_probe,ad_c(full_target_scalar_reference),0.001371428571428579,True,0.023340361526598352,2232564
scifact,32,selection,50,4124,50,glob_probe,best_in_menu_on_eval,0.0,True,,2232564
scifact,33,recalibration,50,4218,50,ad_probe,ad_c(full_target_scalar_reference),0.00039999999999995595,True,0.0009521264786135353,2233564
scifact,33,selection,50,4218,50,glob_probe,best_in_menu_on_eval,0.0,True,,2233564
scifact,34,recalibration,50,4205,50,ad_probe,ad_c(full_target_scalar_reference),0.006714285714285728,False,0.02117849008638395,2234564
scifact,34,selection,50,4205,50,glob_probe,best_in_menu_on_eval,0.0,True,,2234564
scifact,35,recalibration,50,4117,50,ad_probe,ad_c(full_target_scalar_reference),0.007590476190476203,False,0.02674816189250162,2235564
scifact,35,selection,50,4117,50,ad_probe,best_in_menu_on_eval,0.0,True,,2235564
scifact,36,recalibration,50,4266,50,ad_probe,ad_c(full_target_scalar_reference),0.004190476190476133,True,0.01272081305330941,2236564
scifact,36,selection,50,4266,50,glob_probe,best_in_menu_on_eval,0.0,True,,2236564
scifact,37,recalibration,50,4108,50,ad_probe,ad_c(full_target_scalar_reference),6.984126984127537e-05,True,0.013448708212698834,2237564
scifact,37,selection,50,4108,50,glob_probe,best_in_menu_on_eval,0.0,True,,2237564
scifact,38,recalibration,50,4098,50,ad_probe,ad_c(full_target_scalar_reference),0.022225396825396815,False,0.07347996681480307,2238564
scifact,38,selection,50,4098,50,glob_probe,best_in_menu_on_eval,0.0,True,,2238564
scifact,39,recalibration,50,4320,50,ad_probe,ad_c(full_target_scalar_reference),0.00245714285714288,True,0.01819937389864079,2239564
scifact,39,selection,50,4320,50,ad_probe,best_in_menu_on_eval,0.0517503607503606,False,,2239564
scifact,40,recalibration,50,4294,50,ad_probe,ad_c(full_target_scalar_reference),0.0018063492063492559,True,0.01699640547857495,2240564
scifact,40,selection,50,4294,50,glob_probe,best_in_menu_on_eval,0.011940770340770346,False,,2240564
scifact,41,recalibration,50,4133,50,ad_probe,ad_c(full_target_scalar_reference),0.00826984126984126,False,0.025046237730512066,2241564
scifact,41,selection,50,4133,50,glob_probe,best_in_menu_on_eval,0.0,True,,2241564
scifact,42,recalibration,50,4135,50,ad_probe,ad_c(full_target_scalar_reference),0.0005968253968253734,True,0.012917577320533669,2242564
scifact,42,selection,50,4135,50,glob_probe,best_in_menu_on_eval,0.017724098124098142,False,,2242564
scifact,43,recalibration,50,4126,50,ad_probe,ad_c(full_target_scalar_reference),0.010247619047619061,False,0.03423830814130957,2243564
scifact,43,selection,50,4126,50,glob_probe,best_in_menu_on_eval,0.0,True,,2243564
scifact,44,recalibration,50,4145,50,ad_probe,ad_c(full_target_scalar_reference),0.009793650793650743,False,0.029760258726216127,2244564
scifact,44,selection,50,4145,50,glob_probe,best_in_menu_on_eval,0.0,True,,2244564
scifact,45,recalibration,50,4217,50,ad_probe,ad_c(full_target_scalar_reference),0.001209523809523827,True,0.003922894052742154,2245564
scifact,45,selection,50,4217,50,glob_probe,best_in_menu_on_eval,0.0,True,,2245564
scifact,46,recalibration,50,4240,50,ad_probe,ad_c(full_target_scalar_reference),0.005123809523809475,False,0.013397933521890781,2246564
scifact,46,selection,50,4240,50,glob_probe,best_in_menu_on_eval,0.0,True,,2246564
scifact,47,recalibration,50,4176,50,ad_probe,ad_c(full_target_scalar_reference),0.0012793650793650468,True,0.008003524445210464,2247564
scifact,47,selection,50,4176,50,glob_probe,best_in_menu_on_eval,0.0,True,,2247564
scifact,48,recalibration,50,4269,50,ad_probe,ad_c(full_target_scalar_reference),0.00040000000000001146,True,0.0019222314239190075,2248564
scifact,48,selection,50,4269,50,glob_probe,best_in_menu_on_eval,0.01347330447330447,False,,2248564
scifact,49,recalibration,50,4065,50,ad_probe,ad_c(full_target_scalar_reference),0.0,True,0.0017155711943721563,2249564
scifact,49,selection,50,4065,50,glob_probe,best_in_menu_on_eval,0.0,True,,2249564
arguana,0,recalibration,10,600,10,ad_probe,ad_c(full_target_scalar_reference),0.0072218811115659365,False,0.01720904865485212,966
arguana,0,selection,10,600,10,glob_probe,best_in_menu_on_eval,0.0,True,,966
arguana,1,recalibration,10,605,10,ad_probe,ad_c(full_target_scalar_reference),0.0032831900668576913,True,0.0058556102261786425,1966
arguana,1,selection,10,605,10,glob_probe,best_in_menu_on_eval,0.0,True,,1966
arguana,2,recalibration,10,578,10,ad_probe,ad_c(full_target_scalar_reference),0.007580047300677684,False,0.018326131641721588,2966
arguana,2,selection,10,578,10,glob_probe,best_in_menu_on_eval,0.0,True,,2966
arguana,3,recalibration,10,673,10,ad_probe,ad_c(full_target_scalar_reference),0.012882576671974955,False,0.01829495511975232,3966
arguana,3,selection,10,673,10,glob_probe,best_in_menu_on_eval,0.0,True,,3966
arguana,4,recalibration,10,652,10,ad_probe,ad_c(full_target_scalar_reference),0.012935397140268187,False,0.01811168658634027,4966
arguana,4,selection,10,652,10,glob_probe,best_in_menu_on_eval,0.0,True,,4966
arguana,5,recalibration,10,538,10,ad_probe,ad_c(full_target_scalar_reference),0.018584793907143488,False,0.0349825377144255,5966
arguana,5,selection,10,538,10,glob_probe,best_in_menu_on_eval,0.022444767420528713,False,,5966
arguana,6,recalibration,10,544,10,ad_probe,ad_c(full_target_scalar_reference),0.010369143750232554,False,0.02352422707246593,6966
arguana,6,selection,10,544,10,glob_probe,best_in_menu_on_eval,0.0,True,,6966
arguana,7,recalibration,10,635,10,ad_probe,ad_c(full_target_scalar_reference),0.007293514349388283,False,0.01660970239482079,7966
arguana,7,selection,10,635,10,glob_probe,best_in_menu_on_eval,0.0,True,,7966
arguana,8,recalibration,10,646,10,ad_probe,ad_c(full_target_scalar_reference),0.008436751882310634,False,0.019280433096515392,8966
arguana,8,selection,10,646,10,glob_probe,best_in_menu_on_eval,0.0,True,,8966
arguana,9,recalibration,10,645,10,ad_probe,ad_c(full_target_scalar_reference),0.004811365807067813,True,0.007905845832220038,9966
arguana,9,selection,10,645,10,glob_probe,best_in_menu_on_eval,0.0,True,,9966
arguana,10,recalibration,10,688,10,ad_probe,ad_c(full_target_scalar_reference),0.004063196434256594,True,0.005552208822822036,10966
arguana,10,selection,10,688,10,glob_probe,best_in_menu_on_eval,0.0,True,,10966
arguana,11,recalibration,10,628,10,ad_probe,ad_c(full_target_scalar_reference),0.00484092873061355,True,0.008237011792427307,11966
arguana,11,selection,10,628,10,glob_probe,best_in_menu_on_eval,0.0,True,,11966
arguana,12,recalibration,10,568,10,ad_probe,ad_c(full_target_scalar_reference),0.014714893511455114,False,0.03082314654990781,12966
arguana,12,selection,10,568,10,glob_probe,best_in_menu_on_eval,0.0,True,,12966
arguana,13,recalibration,10,600,10,ad_probe,ad_c(full_target_scalar_reference),0.014714893511455114,False,0.03048346020443443,13966
arguana,13,selection,10,600,10,glob_probe,best_in_menu_on_eval,0.0,True,,13966
arguana,14,recalibration,10,614,10,ad_probe,ad_c(full_target_scalar_reference),0.005761927502615186,False,0.012512658691025191,14966
arguana,14,selection,10,614,10,glob_probe,best_in_menu_on_eval,0.0,True,,14966
arguana,15,recalibration,10,648,10,ad_probe,ad_c(full_target_scalar_reference),0.0036174785100286516,True,0.007371031333397948,15966
arguana,15,selection,10,648,10,glob_probe,best_in_menu_on_eval,0.0,True,,15966
arguana,16,recalibration,10,597,10,ad_probe,ad_c(full_target_scalar_reference),0.0025191021967526234,True,0.005048274451893153,16966
arguana,16,selection,10,597,10,glob_probe,best_in_menu_on_eval,0.0,True,,16966
arguana,17,recalibration,10,643,10,ad_probe,ad_c(full_target_scalar_reference),0.0074129030790922035,False,0.016282770000923263,17966
arguana,17,selection,10,643,10,glob_probe,best_in_menu_on_eval,0.0,True,,17966
arguana,18,recalibration,10,592,10,ad_probe,ad_c(full_target_scalar_reference),0.004840928730613564,True,0.008300507467190354,18966
arguana,18,selection,10,592,10,glob_probe,best_in_menu_on_eval,0.0,True,,18966
arguana,19,recalibration,10,611,10,ad_probe,ad_c(full_target_scalar_reference),0.004400895983990544,True,0.00967815034808639,19966
arguana,19,selection,10,611,10,glob_probe,best_in_menu_on_eval,0.0,True,,19966
arguana,20,recalibration,10,668,10,ad_probe,ad_c(full_target_scalar_reference),0.02381455300509741,False,0.03525739759115831,20966
arguana,20,selection,10,668,10,glob_probe,best_in_menu_on_eval,0.0,True,,20966
arguana,21,recalibration,10,661,10,ad_probe,ad_c(full_target_scalar_reference),0.03600925896771168,False,0.060371217147812906,21966
arguana,21,selection,10,661,10,glob_probe,best_in_menu_on_eval,0.0,True,,21966
arguana,22,recalibration,10,611,10,ad_probe,ad_c(full_target_scalar_reference),0.0072218811115659365,False,0.017379052738984213,22966
arguana,22,selection,10,611,10,glob_probe,best_in_menu_on_eval,0.0,True,,22966
arguana,23,recalibration,10,683,10,ad_probe,ad_c(full_target_scalar_reference),0.02180427420398766,False,0.0306272726688519,23966
arguana,23,selection,10,683,10,glob_probe,best_in_menu_on_eval,0.0,True,,23966
arguana,24,recalibration,10,572,10,ad_probe,ad_c(full_target_scalar_reference),0.024255758568079495,False,0.046169873385796034,24966
arguana,24,selection,10,572,10,glob_probe,best_in_menu_on_eval,0.0,True,,24966
arguana,25,recalibration,10,688,10,ad_probe,ad_c(full_target_scalar_reference),0.02597492049497778,False,0.039691210022093915,25966
arguana,25,selection,10,688,10,glob_probe,best_in_menu_on_eval,0.0,True,,25966
arguana,26,recalibration,10,589,10,ad_probe,ad_c(full_target_scalar_reference),0.01364039494411988,False,0.02782149081853802,26966
arguana,26,selection,10,589,10,glob_probe,best_in_menu_on_eval,0.0,True,,26966
arguana,27,recalibration,10,662,10,ad_probe,ad_c(full_target_scalar_reference),0.036200280935237944,False,0.06038672322619992,27966
arguana,27,selection,10,662,10,glob_probe,best_in_menu_on_eval,0.0,True,,27966
arguana,28,recalibration,10,635,10,ad_probe,ad_c(full_target_scalar_reference),0.0032831900668576913,True,0.005817485171930148,28966
arguana,28,selection,10,635,10,trunc,best_in_menu_on_eval,0.042659552805568005,False,,28966
arguana,29,recalibration,10,592,10,ad_probe,ad_c(full_target_scalar_reference),0.003963705826170019,True,0.004675809879605142,29966
arguana,29,selection,10,592,10,glob_probe,best_in_menu_on_eval,0.0,True,,29966
arguana,30,recalibration,10,643,10,ad_probe,ad_c(full_target_scalar_reference),0.0006924546322827074,True,0.0037948322459395167,30966
arguana,30,selection,10,643,10,glob_probe,best_in_menu_on_eval,0.0,True,,30966
arguana,31,recalibration,10,619,10,ad_probe,ad_c(full_target_scalar_reference),0.00843675188231062,False,0.019324614275051888,31966
arguana,31,selection,10,619,10,glob_probe,best_in_menu_on_eval,0.0,True,,31966
arguana,32,recalibration,10,677,10,ad_probe,ad_c(full_target_scalar_reference),0.037023494652434485,False,0.06544069908353378,32966
arguana,32,selection,10,677,10,glob_probe,best_in_menu_on_eval,0.0,True,,32966
arguana,33,recalibration,10,677,10,ad_probe,ad_c(full_target_scalar_reference),0.012976382102456593,False,0.018528710571435958,33966
arguana,33,selection,10,677,10,glob_probe,best_in_menu_on_eval,0.0,True,,33966
arguana,34,recalibration,10,644,10,ad_probe,ad_c(full_target_scalar_reference),0.0032831900668576774,True,0.00624659362486607,34966
arguana,34,selection,10,644,10,glob_probe,best_in_menu_on_eval,0.0,True,,34966
arguana,35,recalibration,10,603,10,ad_probe,ad_c(full_target_scalar_reference),0.013640394944119866,False,0.028051830077537865,35966
arguana,35,selection,10,603,10,glob_probe,best_in_menu_on_eval,0.022609517372301005,False,,35966
arguana,36,recalibration,10,615,10,ad_probe,ad_c(full_target_scalar_reference),0.012219064762044693,False,0.017703303175161444,36966
arguana,36,selection,10,615,10,glob_probe,best_in_menu_on_eval,0.0,True,,36966
arguana,37,recalibration,10,591,10,ad_probe,ad_c(full_target_scalar_reference),0.006253126847682727,False,0.013050394439303115,37966
arguana,37,selection,10,591,10,glob_probe,best_in_menu_on_eval,0.0,True,,37966
arguana,38,recalibration,10,601,10,ad_probe,ad_c(full_target_scalar_reference),0.013568761706297526,False,0.02851469763675618,38966
arguana,38,selection,10,601,10,glob_probe,best_in_menu_on_eval,0.0,True,,38966
arguana,39,recalibration,10,689,10,ad_probe,ad_c(full_target_scalar_reference),0.03184543488984751,False,0.049307345239102573,39966
arguana,39,selection,10,689,10,glob_probe,best_in_menu_on_eval,0.0,True,,39966
arguana,40,recalibration,10,634,10,ad_probe,ad_c(full_target_scalar_reference),0.021565496744579832,False,0.03164279035745787,40966
arguana,40,selection,10,634,10,glob_probe,best_in_menu_on_eval,0.0,True,,40966
arguana,41,recalibration,10,597,10,ad_probe,ad_c(full_target_scalar_reference),0.007871128394051033,False,0.01074490811970552,41966
arguana,41,selection,10,597,10,glob_probe,best_in_menu_on_eval,0.0,True,,41966
arguana,42,recalibration,10,666,10,ad_probe,ad_c(full_target_scalar_reference),0.015630223008446506,False,0.024038106993196195,42966
arguana,42,selection,10,666,10,glob_probe,best_in_menu_on_eval,0.0,True,,42966
arguana,43,recalibration,10,638,10,ad_probe,ad_c(full_target_scalar_reference),0.003963705826170019,True,0.004812438829093768,43966
arguana,43,selection,10,638,10,glob_probe,best_in_menu_on_eval,0.0,True,,43966
arguana,44,recalibration,10,594,10,ad_probe,ad_c(full_target_scalar_reference),0.00843675188231062,False,0.019693315543250156,44966
arguana,44,selection,10,594,10,glob_probe,best_in_menu_on_eval,0.0,True,,44966
arguana,45,recalibration,10,573,10,ad_probe,ad_c(full_target_scalar_reference),0.004806817664983851,True,0.010598432794889479,45966
arguana,45,selection,10,573,10,glob_probe,best_in_menu_on_eval,0.0,True,,45966
arguana,46,recalibration,10,646,10,ad_probe,ad_c(full_target_scalar_reference),0.024257996858283393,False,0.03580611501678338,46966
arguana,46,selection,10,646,10,glob_probe,best_in_menu_on_eval,0.0,True,,46966
arguana,47,recalibration,10,576,10,ad_probe,ad_c(full_target_scalar_reference),0.0002387774594078268,True,0.0009346070370568338,47966
arguana,47,selection,10,576,10,glob_probe,best_in_menu_on_eval,0.0,True,,47966
arguana,48,recalibration,10,642,10,ad_probe,ad_c(full_target_scalar_reference),0.012657443638819002,False,0.020766606392013165,48966
arguana,48,selection,10,642,10,trunc,best_in_menu_on_eval,0.04252931055498192,False,,48966
arguana,49,recalibration,10,640,10,ad_probe,ad_c(full_target_scalar_reference),0.012505597713334107,False,0.017701898665080762,49966
arguana,49,selection,10,640,10,trunc,best_in_menu_on_eval,0.033006412017271364,False,,49966
arguana,0,recalibration,30,1953,30,ad_probe,ad_c(full_target_scalar_reference),0.00836909376153562,False,0.012492284370236084,2100048
arguana,0,selection,30,1953,30,glob_probe,best_in_menu_on_eval,0.0,True,,2100048
arguana,1,recalibration,30,1858,30,ad_probe,ad_c(full_target_scalar_reference),0.0066001061277224105,False,0.01785070368490449,2101048
arguana,1,selection,30,1858,30,glob_probe,best_in_menu_on_eval,0.0,True,,2101048
arguana,2,recalibration,30,1842,30,ad_probe,ad_c(full_target_scalar_reference),0.00403343023255813,True,0.007088930538459659,2102048
arguana,2,selection,30,1842,30,glob_probe,best_in_menu_on_eval,0.0,True,,2102048
arguana,3,recalibration,30,1840,30,ad_probe,ad_c(full_target_scalar_reference),0.0037242755629383617,True,0.0055088173119969275,2103048
arguana,3,selection,30,1840,30,glob_probe,best_in_menu_on_eval,0.0,True,,2103048
arguana,4,recalibration,30,1922,30,ad_probe,ad_c(full_target_scalar_reference),0.0006540697674418533,True,0.00445521813614691,2104048
arguana,4,selection,30,1922,30,glob_probe,best_in_menu_on_eval,0.0,True,,2104048
arguana,5,recalibration,30,1987,30,ad_probe,ad_c(full_target_scalar_reference),0.0007025193798449597,True,0.00395419780370565,2105048
arguana,5,selection,30,1987,30,glob_probe,best_in_menu_on_eval,0.0,True,,2105048
arguana,6,recalibration,30,1851,30,ad_probe,ad_c(full_target_scalar_reference),0.00182724252491695,True,0.0014421472504491106,2106048
arguana,6,selection,30,1851,30,glob_probe,best_in_menu_on_eval,0.0,True,,2106048
arguana,7,recalibration,30,1996,30,ad_probe,ad_c(full_target_scalar_reference),0.01614002922142456,False,0.025506493511573858,2107048
arguana,7,selection,30,1996,30,glob_probe,best_in_menu_on_eval,0.0,True,,2107048
arguana,8,recalibration,30,1825,30,ad_probe,ad_c(full_target_scalar_reference),0.005070482650424521,False,0.010807387542834501,2108048
arguana,8,selection,30,1825,30,glob_probe,best_in_menu_on_eval,0.0,True,,2108048
arguana,9,recalibration,30,1856,30,ad_probe,ad_c(full_target_scalar_reference),0.0041078349944629056,True,0.005404490030691711,2109048
arguana,9,selection,30,1856,30,trunc,best_in_menu_on_eval,0.03361820267486172,False,,2109048
arguana,10,recalibration,30,1780,30,ad_probe,ad_c(full_target_scalar_reference),0.008462479865096142,False,0.02064546425786845,2110048
arguana,10,selection,30,1780,30,glob_probe,best_in_menu_on_eval,0.0,True,,2110048
arguana,11,recalibration,30,1946,30,ad_probe,ad_c(full_target_scalar_reference),0.015153156759261405,False,0.022454919161334908,2111048
arguana,11,selection,30,1946,30,glob_probe,best_in_menu_on_eval,0.0,True,,2111048
arguana,12,recalibration,30,1841,30,ad_probe,ad_c(full_target_scalar_reference),0.008538090623846445,False,0.01848839476751729,2112048
arguana,12,selection,30,1841,30,glob_probe,best_in_menu_on_eval,0.0,True,,2112048
arguana,13,recalibration,30,1807,30,ad_probe,ad_c(full_target_scalar_reference),0.006804286637135462,False,0.01409013124023173,2113048
arguana,13,selection,30,1807,30,glob_probe,best_in_menu_on_eval,0.0,True,,2113048
arguana,14,recalibration,30,1857,30,ad_probe,ad_c(full_target_scalar_reference),0.007743286267995572,False,0.009774154299711457,2114048
arguana,14,selection,30,1857,30,glob_probe,best_in_menu_on_eval,0.0,True,,2114048
arguana,15,recalibration,30,1881,30,ad_probe,ad_c(full_target_scalar_reference),0.0007025193798449597,True,0.003220700812553323,2115048
arguana,15,selection,30,1881,30,glob_probe,best_in_menu_on_eval,0.0,True,,2115048
arguana,16,recalibration,30,1780,30,ad_probe,ad_c(full_target_scalar_reference),0.00711920911775564,False,0.017710257628702375,2116048
arguana,16,selection,30,1780,30,glob_probe,best_in_menu_on_eval,0.0,True,,2116048
arguana,17,recalibration,30,1778,30,ad_probe,ad_c(full_target_scalar_reference),0.017218016963656504,False,0.03503754773177559,2117048
arguana,17,selection,30,1778,30,glob_probe,best_in_menu_on_eval,0.0,True,,2117048
arguana,18,recalibration,30,1829,30,ad_probe,ad_c(full_target_scalar_reference),0.008621147102251744,False,0.01872187646285728,2118048
arguana,18,selection,30,1829,30,glob_probe,best_in_menu_on_eval,0.0,True,,2118048
arguana,19,recalibration,30,1823,30,ad_probe,ad_c(full_target_scalar_reference),0.0015884551495016774,True,0.0005992279657632826,2119048
arguana,19,selection,30,1823,30,glob_probe,best_in_menu_on_eval,0.0,True,,2119048
arguana,20,recalibration,30,1785,30,ad_probe,ad_c(full_target_scalar_reference),0.010350284405516962,False,0.024118023490665497,2120048
arguana,20,selection,30,1785,30,glob_probe,best_in_menu_on_eval,0.0,True,,2120048
arguana,21,recalibration,30,1777,30,ad_probe,ad_c(full_target_scalar_reference),0.007520648763381321,False,0.015781837633062956,2121048
arguana,21,selection,30,1777,30,glob_probe,best_in_menu_on_eval,0.0,True,,2121048
arguana,22,recalibration,30,1882,30,ad_probe,ad_c(full_target_scalar_reference),0.012735814734361237,False,0.017923674145282287,2122048
arguana,22,selection,30,1882,30,glob_probe,best_in_menu_on_eval,0.0,True,,2122048
arguana,23,recalibration,30,1866,30,ad_probe,ad_c(full_target_scalar_reference),0.007622162236987806,False,0.009802038866712937,2123048
arguana,23,selection,30,1866,30,glob_probe,best_in_menu_on_eval,0.0,True,,2123048
arguana,24,recalibration,30,1746,30,ad_probe,ad_c(full_target_scalar_reference),0.018852614601161104,False,0.03380456121291692,2124048
arguana,24,selection,30,1746,30,glob_probe,best_in_menu_on_eval,0.0,True,,2124048
arguana,25,recalibration,30,1838,30,ad_probe,ad_c(full_target_scalar_reference),0.01064098207993558,False,0.023936850313427627,2125048
arguana,25,selection,30,1838,30,glob_probe,best_in_menu_on_eval,0.0,True,,2125048
arguana,26,recalibration,30,1751,30,ad_probe,ad_c(full_target_scalar_reference),0.013451059599315404,False,0.028423132790528494,2126048
arguana,26,selection,30,1751,30,glob_probe,best_in_menu_on_eval,0.0,True,,2126048
arguana,27,recalibration,30,1859,30,ad_probe,ad_c(full_target_scalar_reference),0.009922942045035077,False,0.013429882441769792,2127048
arguana,27,selection,30,1859,30,glob_probe,best_in_menu_on_eval,0.0,True,,2127048
arguana,28,recalibration,30,1941,30,ad_probe,ad_c(full_target_scalar_reference),0.005821451642672559,False,0.011937989849385766,2128048
arguana,28,selection,30,1941,30,glob_probe,best_in_menu_on_eval,0.0,True,,2128048
arguana,29,recalibration,30,1831,30,ad_probe,ad_c(full_target_scalar_reference),0.004014973237356945,True,0.007561010198019358,2129048
arguana,29,selection,30,1831,30,glob_probe,best_in_menu_on_eval,0.0,True,,2129048
arguana,30,recalibration,30,1869,30,ad_probe,ad_c(full_target_scalar_reference),0.002955426356589144,True,0.003323943983854938,2130048
arguana,30,selection,30,1869,30,glob_probe,best_in_menu_on_eval,0.0,True,,2130048
arguana,31,recalibration,30,1914,30,ad_probe,ad_c(full_target_scalar_reference),0.010832437104239437,False,0.01659742712651735,2131048
arguana,31,selection,30,1914,30,glob_probe,best_in_menu_on_eval,0.0,True,,2131048
arguana,32,recalibration,30,1954,30,ad_probe,ad_c(full_target_scalar_reference),0.00182724252491695,True,0.0015191946959924874,2132048
arguana,32,selection,30,1954,30,glob_probe,best_in_menu_on_eval,0.0,True,,2132048
arguana,33,recalibration,30,1862,30,ad_probe,ad_c(full_target_scalar_reference),0.0006679125138427389,True,0.002477390667978363,2133048
arguana,33,selection,30,1862,30,glob_probe,best_in_menu_on_eval,0.0,True,,2133048
arguana,34,recalibration,30,1867,30,ad_probe,ad_c(full_target_scalar_reference),0.003367248062015521,True,0.003507802512804692,2134048
arguana,34,selection,30,1867,30,glob_probe,best_in_menu_on_eval,0.0,True,,2134048
arguana,35,recalibration,30,1873,30,ad_probe,ad_c(full_target_scalar_reference),0.009023163528977474,False,0.01267110639922775,2135048
arguana,35,selection,30,1873,30,glob_probe,best_in_menu_on_eval,0.0,True,,2135048
arguana,36,recalibration,30,1833,30,ad_probe,ad_c(full_target_scalar_reference),0.005773002030269467,False,0.012070117131676605,2136048
arguana,36,selection,30,1833,30,glob_probe,best_in_menu_on_eval,0.0,True,,2136048
arguana,37,recalibration,30,1860,30,ad_probe,ad_c(full_target_scalar_reference),0.008106658361018829,False,0.010128516971567358,2137048
arguana,37,selection,30,1860,30,glob_probe,best_in_menu_on_eval,0.0,True,,2137048
arguana,38,recalibration,30,1727,30,ad_probe,ad_c(full_target_scalar_reference),0.00548230435585087,False,0.011257750078775275,2138048
arguana,38,selection,30,1727,30,glob_probe,best_in_menu_on_eval,0.0,True,,2138048
arguana,39,recalibration,30,1935,30,ad_probe,ad_c(full_target_scalar_reference),0.02123180033790499,False,0.029574573737039644,2139048
arguana,39,selection,30,1935,30,glob_probe,best_in_menu_on_eval,0.0,True,,2139048
arguana,40,recalibration,30,1950,30,ad_probe,ad_c(full_target_scalar_reference),0.0020348837209302473,True,0.002344653893413595,2140048
arguana,40,selection,30,1950,30,glob_probe,best_in_menu_on_eval,0.0,True,,2140048
arguana,41,recalibration,30,1842,30,ad_probe,ad_c(full_target_scalar_reference),0.0004844961240310225,True,0.0019245258038445012,2141048
arguana,41,selection,30,1842,30,glob_probe,best_in_menu_on_eval,0.0,True,,2141048
arguana,42,recalibration,30,1865,30,ad_probe,ad_c(full_target_scalar_reference),0.008867432631967515,False,0.012982488609100784,2142048
arguana,42,selection,30,1865,30,glob_probe,best_in_menu_on_eval,0.0,True,,2142048
arguana,43,recalibration,30,1913,30,ad_probe,ad_c(full_target_scalar_reference),0.01924882691597808,False,0.028428951450609863,2143048
arguana,43,selection,30,1913,30,glob_probe,best_in_menu_on_eval,0.0,True,,2143048
arguana,44,recalibration,30,1853,30,ad_probe,ad_c(full_target_scalar_reference),0.008056478405315606,False,0.011582895665853465,2144048
arguana,44,selection,30,1853,30,glob_probe,best_in_menu_on_eval,0.0,True,,2144048
arguana,45,recalibration,30,1823,30,ad_probe,ad_c(full_target_scalar_reference),0.004063422849760065,True,0.006928929053589661,2145048
arguana,45,selection,30,1823,30,glob_probe,best_in_menu_on_eval,0.0,True,,2145048
arguana,46,recalibration,30,1937,30,ad_probe,ad_c(full_target_scalar_reference),0.013711204009169115,False,0.022213993056217407,2146048
arguana,46,selection,30,1937,30,glob_probe,best_in_menu_on_eval,0.0,True,,2146048
arguana,47,recalibration,30,1895,30,ad_probe,ad_c(full_target_scalar_reference),0.007694836655592466,False,0.010753666280759133,2147048
arguana,47,selection,30,1895,30,glob_probe,best_in_menu_on_eval,0.0,True,,2147048
arguana,48,recalibration,30,1870,30,ad_probe,ad_c(full_target_scalar_reference),0.005530753968253976,False,0.011347631616856146,2148048
arguana,48,selection,30,1870,30,glob_probe,best_in_menu_on_eval,0.0,True,,2148048
arguana,49,recalibration,30,1810,30,ad_probe,ad_c(full_target_scalar_reference),0.013596408436524716,False,0.027916431658562113,2149048
arguana,49,selection,30,1810,30,glob_probe,best_in_menu_on_eval,0.0,True,,2149048
arguana,0,recalibration,50,3091,50,ad_probe,ad_c(full_target_scalar_reference),0.003922601488973179,True,0.00539170854201676,2200518
arguana,0,selection,50,3091,50,glob_probe,best_in_menu_on_eval,0.0,True,,2200518
arguana,1,recalibration,50,3239,50,ad_probe,ad_c(full_target_scalar_reference),0.001906868942267173,True,0.0008716524113703827,2201518
arguana,1,selection,50,3239,50,glob_probe,best_in_menu_on_eval,0.0,True,,2201518
arguana,2,recalibration,50,3272,50,ad_probe,ad_c(full_target_scalar_reference),0.017521150596371826,False,0.026080641169478058,2202518
arguana,2,selection,50,3272,50,glob_probe,best_in_menu_on_eval,0.0,True,,2202518
arguana,3,recalibration,50,3150,50,ad_probe,ad_c(full_target_scalar_reference),0.004074191131713256,True,0.0074293351713990985,2203518
arguana,3,selection,50,3150,50,glob_probe,best_in_menu_on_eval,0.0,True,,2203518
arguana,4,recalibration,50,3209,50,ad_probe,ad_c(full_target_scalar_reference),0.003601278269419861,True,0.007246985332008404,2204518
arguana,4,selection,50,3209,50,glob_probe,best_in_menu_on_eval,0.0,True,,2204518
arguana,5,recalibration,50,3094,50,ad_probe,ad_c(full_target_scalar_reference),0.002999016715830874,True,0.003385317572742297,2205518
arguana,5,selection,50,3094,50,glob_probe,best_in_menu_on_eval,0.0,True,,2205518
arguana,6,recalibration,50,3169,50,ad_probe,ad_c(full_target_scalar_reference),0.0001229105211406345,True,0.0005679540423212392,2206518
arguana,6,selection,50,3169,50,glob_probe,best_in_menu_on_eval,0.0,True,,2206518
arguana,7,recalibration,50,3208,50,ad_probe,ad_c(full_target_scalar_reference),0.0022984267453294016,True,0.005206741281784444,2207518
arguana,7,selection,50,3208,50,glob_probe,best_in_menu_on_eval,0.0,True,,2207518
arguana,8,recalibration,50,3010,50,ad_probe,ad_c(full_target_scalar_reference),0.0061777169078054,False,0.013790010630050198,2208518
arguana,8,selection,50,3010,50,glob_probe,best_in_menu_on_eval,0.0,True,,2208518
arguana,9,recalibration,50,3171,50,ad_probe,ad_c(full_target_scalar_reference),0.0014257620452310799,True,0.0050285745537044235,2209518
arguana,9,selection,50,3171,50,glob_probe,best_in_menu_on_eval,0.0,True,,2209518
arguana,10,recalibration,50,3021,50,ad_probe,ad_c(full_target_scalar_reference),0.004123355340169499,True,0.006959628986436317,2210518
arguana,10,selection,50,3021,50,glob_probe,best_in_menu_on_eval,0.0,True,,2210518
arguana,11,recalibration,50,3216,50,ad_probe,ad_c(full_target_scalar_reference),0.016166793711041502,False,0.02474538401564308,2211518
arguana,11,selection,50,3216,50,glob_probe,best_in_menu_on_eval,0.0,True,,2211518
arguana,12,recalibration,50,2910,50,ad_probe,ad_c(full_target_scalar_reference),0.007496371213185388,False,0.017629818969829514,2212518
arguana,12,selection,50,2910,50,glob_probe,best_in_menu_on_eval,0.0,True,,2212518
arguana,13,recalibration,50,3040,50,ad_probe,ad_c(full_target_scalar_reference),0.0006637168141592903,True,0.00435975256201554,2213518
arguana,13,selection,50,3040,50,glob_probe,best_in_menu_on_eval,0.0,True,,2213518
arguana,14,recalibration,50,3032,50,ad_probe,ad_c(full_target_scalar_reference),0.008956026765761273,False,0.021103608262836027,2214518
arguana,14,selection,50,3032,50,glob_probe,best_in_menu_on_eval,0.0,True,,2214518
arguana,15,recalibration,50,3236,50,ad_probe,ad_c(full_target_scalar_reference),0.008447464531535331,False,0.011367333195672513,2215518
arguana,15,selection,50,3236,50,glob_probe,best_in_menu_on_eval,0.0,True,,2215518
arguana,16,recalibration,50,3177,50,ad_probe,ad_c(full_target_scalar_reference),0.0004916420845624409,True,0.0017796209439816524,2216518
arguana,16,selection,50,3177,50,glob_probe,best_in_menu_on_eval,0.0,True,,2216518
arguana,17,recalibration,50,3037,50,ad_probe,ad_c(full_target_scalar_reference),0.00671852320082407,False,0.01356327416442138,2217518
arguana,17,selection,50,3037,50,glob_probe,best_in_menu_on_eval,0.0,True,,2217518
arguana,18,recalibration,50,3001,50,ad_probe,ad_c(full_target_scalar_reference),0.0037932527976775876,True,0.010450495061861242,2218518
arguana,18,selection,50,3001,50,glob_probe,best_in_menu_on_eval,0.0,True,,2218518
arguana,19,recalibration,50,3113,50,ad_probe,ad_c(full_target_scalar_reference),0.010131833915019747,False,0.015446807600166035,2219518
arguana,19,selection,50,3113,50,glob_probe,best_in_menu_on_eval,0.0,True,,2219518
arguana,20,recalibration,50,3106,50,ad_probe,ad_c(full_target_scalar_reference),0.003380039331366755,True,0.005889821838115261,2220518
arguana,20,selection,50,3106,50,glob_probe,best_in_menu_on_eval,0.0,True,,2220518
arguana,21,recalibration,50,3016,50,ad_probe,ad_c(full_target_scalar_reference),0.004527204195345788,True,0.008791764248821443,2221518
arguana,21,selection,50,3016,50,glob_probe,best_in_menu_on_eval,0.0,True,,2221518
arguana,22,recalibration,50,3085,50,ad_probe,ad_c(full_target_scalar_reference),0.0025565388397246758,True,0.0030501799300355348,2222518
arguana,22,selection,50,3085,50,glob_probe,best_in_menu_on_eval,0.0,True,,2222518
arguana,23,recalibration,50,3018,50,ad_probe,ad_c(full_target_scalar_reference),0.004934564779697503,True,0.008478215893372165,2223518
arguana,23,selection,50,3018,50,glob_probe,best_in_menu_on_eval,0.0,True,,2223518
arguana,24,recalibration,50,3167,50,ad_probe,ad_c(full_target_scalar_reference),0.005768015170670035,False,0.008964001374717312,2224518
arguana,24,selection,50,3167,50,glob_probe,best_in_menu_on_eval,0.0,True,,2224518
arguana,25,recalibration,50,3275,50,ad_probe,ad_c(full_target_scalar_reference),0.014665529488538345,False,0.02265914207673564,2225518
arguana,25,selection,50,3275,50,glob_probe,best_in_menu_on_eval,0.0,True,,2225518
arguana,26,recalibration,50,3085,50,ad_probe,ad_c(full_target_scalar_reference),0.0055221941283888215,False,0.008955756162283834,2226518
arguana,26,selection,50,3085,50,glob_probe,best_in_menu_on_eval,0.0,True,,2226518
arguana,27,recalibration,50,3121,50,ad_probe,ad_c(full_target_scalar_reference),0.007631572786440041,False,0.016570783658484634,2227518
arguana,27,selection,50,3121,50,glob_probe,best_in_menu_on_eval,0.0,True,,2227518
arguana,28,recalibration,50,3195,50,ad_probe,ad_c(full_target_scalar_reference),0.012485916246978201,False,0.019762503749105376,2228518
arguana,28,selection,50,3195,50,glob_probe,best_in_menu_on_eval,0.0,True,,2228518
arguana,29,recalibration,50,2919,50,ad_probe,ad_c(full_target_scalar_reference),0.007373460692044753,False,0.01688869324604969,2229518
arguana,29,selection,50,2919,50,glob_probe,best_in_menu_on_eval,0.0,True,,2229518
arguana,30,recalibration,50,3040,50,ad_probe,ad_c(full_target_scalar_reference),0.0061180175118228375,False,0.012784079274971605,2230518
arguana,30,selection,50,3040,50,glob_probe,best_in_menu_on_eval,0.0,True,,2230518
arguana,31,recalibration,50,3113,50,ad_probe,ad_c(full_target_scalar_reference),0.003330875122910512,True,0.006007229807709735,2231518
arguana,31,selection,50,3113,50,glob_probe,best_in_menu_on_eval,0.0,True,,2231518
arguana,32,recalibration,50,2962,50,ad_probe,ad_c(full_target_scalar_reference),0.0075437795570539035,False,0.01688075717435278,2232518
arguana,32,selection,50,2962,50,glob_probe,best_in_menu_on_eval,0.0,True,,2232518
arguana,33,recalibration,50,3159,50,ad_probe,ad_c(full_target_scalar_reference),0.0030850540806292986,True,0.0063355666902599195,2233518
arguana,33,selection,50,3159,50,glob_probe,best_in_menu_on_eval,0.0,True,,2233518
arguana,34,recalibration,50,3197,50,ad_probe,ad_c(full_target_scalar_reference),0.00024582104228122736,True,0.0010522865268082215,2234518
arguana,34,selection,50,3197,50,glob_probe,best_in_menu_on_eval,0.0,True,,2234518
arguana,35,recalibration,50,3171,50,ad_probe,ad_c(full_target_scalar_reference),0.0030113077679449346,True,0.0056951336705236555,2235518
arguana,35,selection,50,3171,50,glob_probe,best_in_menu_on_eval,0.0,True,,2235518
arguana,36,recalibration,50,3094,50,ad_probe,ad_c(full_target_scalar_reference),0.004123355340169499,True,0.006889160302402109,2236518
arguana,36,selection,50,3094,50,glob_probe,best_in_menu_on_eval,0.0,True,,2236518
arguana,37,recalibration,50,2992,50,ad_probe,ad_c(full_target_scalar_reference),0.002999016715830874,True,0.0034209871736851083,2237518
arguana,37,selection,50,2992,50,glob_probe,best_in_menu_on_eval,0.0,True,,2237518
arguana,38,recalibration,50,3065,50,ad_probe,ad_c(full_target_scalar_reference),0.0025565388397246758,True,0.0026491546466533844,2238518
arguana,38,selection,50,3065,50,glob_probe,best_in_menu_on_eval,0.0,True,,2238518
arguana,39,recalibration,50,3111,50,ad_probe,ad_c(full_target_scalar_reference),0.0043200121739944836,True,0.007865522363817323,2239518
arguana,39,selection,50,3111,50,glob_probe,best_in_menu_on_eval,0.0,True,,2239518
arguana,40,recalibration,50,3083,50,ad_probe,ad_c(full_target_scalar_reference),0.0077299012033525405,False,0.015621968629769722,2240518
arguana,40,selection,50,3083,50,glob_probe,best_in_menu_on_eval,0.0,True,,2240518
arguana,41,recalibration,50,2992,50,ad_probe,ad_c(full_target_scalar_reference),0.01038003294640464,False,0.022947284641237353,2241518
arguana,41,selection,50,2992,50,glob_probe,best_in_menu_on_eval,0.0,True,,2241518
arguana,42,recalibration,50,3047,50,ad_probe,ad_c(full_target_scalar_reference),0.0051452685302242895,False,0.009693497536644169,2242518
arguana,42,selection,50,3047,50,glob_probe,best_in_menu_on_eval,0.0,True,,2242518
arguana,43,recalibration,50,3135,50,ad_probe,ad_c(full_target_scalar_reference),0.007066184389193236,False,0.0172570099844771,2243518
arguana,43,selection,50,3135,50,glob_probe,best_in_menu_on_eval,0.0,True,,2243518
arguana,44,recalibration,50,3301,50,ad_probe,ad_c(full_target_scalar_reference),0.014645044401681559,False,0.021432806292713158,2244518
arguana,44,selection,50,3301,50,glob_probe,best_in_menu_on_eval,0.0,True,,2244518
arguana,45,recalibration,50,3143,50,ad_probe,ad_c(full_target_scalar_reference),0.000712881022615533,True,0.0031917488602547506,2245518
arguana,45,selection,50,3143,50,glob_probe,best_in_menu_on_eval,0.0,True,,2245518
arguana,46,recalibration,50,3083,50,ad_probe,ad_c(full_target_scalar_reference),0.007388678185138373,False,0.011568987054466962,2246518
arguana,46,selection,50,3083,50,glob_probe,best_in_menu_on_eval,0.0,True,,2246518
arguana,47,recalibration,50,3057,50,ad_probe,ad_c(full_target_scalar_reference),0.016709924785146033,False,0.03290401695325673,2247518
arguana,47,selection,50,3057,50,glob_probe,best_in_menu_on_eval,0.0,True,,2247518
arguana,48,recalibration,50,3091,50,ad_probe,ad_c(full_target_scalar_reference),0.007242941424357371,False,0.009528491267267292,2248518
arguana,48,selection,50,3091,50,glob_probe,best_in_menu_on_eval,0.0,True,,2248518
arguana,49,recalibration,50,3074,50,ad_probe,ad_c(full_target_scalar_reference),0.005278714238891216,False,0.012388649185209655,2249518
arguana,49,selection,50,3074,50,glob_probe,best_in_menu_on_eval,0.0,True,,2249518
cqadupstack-android,0,recalibration,10,815,10,ad_probe,ad_c(full_target_scalar_reference),0.0010623226152979282,True,0.005929544701095635,51
cqadupstack-android,0,selection,10,815,10,glob_probe,best_in_menu_on_eval,0.0014526610925589822,True,,51
cqadupstack-android,1,recalibration,10,750,10,ad_probe,ad_c(full_target_scalar_reference),0.008531707450480486,False,0.06082633541216015,1051
cqadupstack-android,1,selection,10,750,10,ad_probe,best_in_menu_on_eval,0.0,True,,1051
cqadupstack-android,2,recalibration,10,826,10,ad_probe,ad_c(full_target_scalar_reference),0.015468014737679947,False,0.09999850788810632,2051
cqadupstack-android,2,selection,10,826,10,glob_probe,best_in_menu_on_eval,0.0,True,,2051
cqadupstack-android,3,recalibration,10,762,10,ad_probe,ad_c(full_target_scalar_reference),0.0019986382803660607,True,0.0234414272262784,3051
cqadupstack-android,3,selection,10,762,10,glob_probe,best_in_menu_on_eval,0.008117847619208196,True,,3051
cqadupstack-android,4,recalibration,10,796,10,ad_probe,ad_c(full_target_scalar_reference),0.004365046894013902,True,0.042819221063236435,4051
cqadupstack-android,4,selection,10,796,10,ad_probe,best_in_menu_on_eval,0.0,True,,4051
cqadupstack-android,5,recalibration,10,742,10,ad_probe,ad_c(full_target_scalar_reference),0.0006921694904323816,True,0.005876578145490863,5051
cqadupstack-android,5,selection,10,742,10,glob_probe,best_in_menu_on_eval,0.05650654107886355,False,,5051
cqadupstack-android,6,recalibration,10,814,10,ad_probe,ad_c(full_target_scalar_reference),0.00037205980602200706,True,0.0017299185893780988,6051
cqadupstack-android,6,selection,10,814,10,glob_probe,best_in_menu_on_eval,0.005611226755387888,True,,6051
cqadupstack-android,7,recalibration,10,791,10,ad_probe,ad_c(full_target_scalar_reference),0.001330607789243543,True,0.004848160742104368,7051
cqadupstack-android,7,selection,10,791,10,glob_probe,best_in_menu_on_eval,0.0014444931598626698,True,,7051
cqadupstack-android,8,recalibration,10,842,10,ad_probe,ad_c(full_target_scalar_reference),0.00556428455532465,False,0.05226243401667874,8051
cqadupstack-android,8,selection,10,842,10,ad_probe,best_in_menu_on_eval,0.0,True,,8051
cqadupstack-android,9,recalibration,10,843,10,ad_probe,ad_c(full_target_scalar_reference),0.0039262823043058614,True,0.03941664623903662,9051
cqadupstack-android,9,selection,10,843,10,glob_probe,best_in_menu_on_eval,0.00792123258646893,True,,9051
cqadupstack-android,10,recalibration,10,810,10,ad_probe,ad_c(full_target_scalar_reference),0.0351397567836077,False,0.19524128113969308,10051
cqadupstack-android,10,selection,10,810,10,glob_probe,best_in_menu_on_eval,0.0,True,,10051
cqadupstack-android,11,recalibration,10,796,10,ad_probe,ad_c(full_target_scalar_reference),0.0006061600407551992,True,0.00545561316961285,11051
cqadupstack-android,11,selection,10,796,10,ad_probe,best_in_menu_on_eval,0.0,True,,11051
cqadupstack-android,12,recalibration,10,839,10,ad_probe,ad_c(full_target_scalar_reference),0.005919090207663014,False,0.05747254904221216,12051
cqadupstack-android,12,selection,10,839,10,glob_probe,best_in_menu_on_eval,0.012981695772920243,False,,12051
cqadupstack-android,13,recalibration,10,805,10,ad_probe,ad_c(full_target_scalar_reference),0.002193307342959583,True,0.0245791108347429,13051
cqadupstack-android,13,selection,10,805,10,ad_probe,best_in_menu_on_eval,0.0,True,,13051
cqadupstack-android,14,recalibration,10,883,10,ad_probe,ad_c(full_target_scalar_reference),0.0018084720524639275,True,0.028371388591872215,14051
cqadupstack-android,14,selection,10,883,10,ad_probe,best_in_menu_on_eval,0.0,True,,14051
cqadupstack-android,15,recalibration,10,842,10,ad_probe,ad_c(full_target_scalar_reference),0.0006061600407550882,True,0.004903759124818108,15051
cqadupstack-android,15,selection,10,842,10,ad_probe,best_in_menu_on_eval,0.0,True,,15051
cqadupstack-android,16,recalibration,10,768,10,ad_probe,ad_c(full_target_scalar_reference),0.0023015848097276415,True,0.021941481557921583,16051
cqadupstack-android,16,selection,10,768,10,ad_probe,best_in_menu_on_eval,0.0,True,,16051
cqadupstack-android,17,recalibration,10,805,10,ad_probe,ad_c(full_target_scalar_reference),0.023794656496879174,False,0.1375475354329656,17051
cqadupstack-android,17,selection,10,805,10,glob_probe,best_in_menu_on_eval,0.0,True,,17051
cqadupstack-android,18,recalibration,10,817,10,ad_probe,ad_c(full_target_scalar_reference),0.026041334723238108,False,0.1488256364618129,18051
cqadupstack-android,18,selection,10,817,10,glob_probe,best_in_menu_on_eval,0.0,True,,18051
cqadupstack-android,19,recalibration,10,825,10,ad_probe,ad_c(full_target_scalar_reference),0.002201000021189281,True,0.03035364406033958,19051
cqadupstack-android,19,selection,10,825,10,glob_probe,best_in_menu_on_eval,0.004764153588536768,True,,19051
cqadupstack-android,20,recalibration,10,790,10,ad_probe,ad_c(full_target_scalar_reference),0.0008626489061949183,True,0.009345924677661599,20051
cqadupstack-android,20,selection,10,790,10,glob_probe,best_in_menu_on_eval,0.004127302231645924,True,,20051
cqadupstack-android,21,recalibration,10,811,10,ad_probe,ad_c(full_target_scalar_reference),0.003197597600622548,True,0.011356504505822151,21051
cqadupstack-android,21,selection,10,811,10,ad_probe,best_in_menu_on_eval,0.001737847966867656,True,,21051
cqadupstack-android,22,recalibration,10,843,10,ad_probe,ad_c(full_target_scalar_reference),0.03620220653981654,False,0.20142608800609196,22051
cqadupstack-android,22,selection,10,843,10,glob_probe,best_in_menu_on_eval,0.0,True,,22051
cqadupstack-android,23,recalibration,10,779,10,ad_probe,ad_c(full_target_scalar_reference),0.025277617979840683,False,0.13816841826282056,23051
cqadupstack-android,23,selection,10,779,10,glob_probe,best_in_menu_on_eval,0.0,True,,23051
cqadupstack-android,24,recalibration,10,775,10,ad_probe,ad_c(full_target_scalar_reference),0.030061462353051016,False,0.17114676139074014,24051
cqadupstack-android,24,selection,10,775,10,glob_probe,best_in_menu_on_eval,0.0,True,,24051
cqadupstack-android,25,recalibration,10,786,10,ad_probe,ad_c(full_target_scalar_reference),0.0006061600407551437,True,0.005232471710884257,25051
cqadupstack-android,25,selection,10,786,10,glob_probe,best_in_menu_on_eval,0.0029043793809042096,True,,25051
cqadupstack-android,26,recalibration,10,832,10,ad_probe,ad_c(full_target_scalar_reference),0.0073090629767474935,False,0.040353023351317296,26051
cqadupstack-android,26,selection,10,832,10,ad_probe,best_in_menu_on_eval,0.0,True,,26051
cqadupstack-android,27,recalibration,10,819,10,ad_probe,ad_c(full_target_scalar_reference),0.04082338099439797,False,0.22886554891816202,27051
cqadupstack-android,27,selection,10,819,10,ad_probe,best_in_menu_on_eval,0.035300116591123365,False,,27051
cqadupstack-android,28,recalibration,10,842,10,ad_probe,ad_c(full_target_scalar_reference),0.0026870967337010443,True,0.03565697188962674,28051
cqadupstack-android,28,selection,10,842,10,glob_probe,best_in_menu_on_eval,0.008559802052454324,True,,28051
cqadupstack-android,29,recalibration,10,885,10,ad_probe,ad_c(full_target_scalar_reference),0.0033885964918046185,True,0.03758743395878689,29051
cqadupstack-android,29,selection,10,885,10,glob_probe,best_in_menu_on_eval,0.05946559853154537,False,,29051
cqadupstack-android,30,recalibration,10,767,10,ad_probe,ad_c(full_target_scalar_reference),0.004338658188379807,True,0.04191802969295433,30051
cqadupstack-android,30,selection,10,767,10,ad_probe,best_in_menu_on_eval,0.0,True,,30051
cqadupstack-android,31,recalibration,10,785,10,ad_probe,ad_c(full_target_scalar_reference),0.0007443865940760519,True,0.003425459609224857,31051
cqadupstack-android,31,selection,10,785,10,glob_probe,best_in_menu_on_eval,0.005989312983163575,True,,31051
cqadupstack-android,32,recalibration,10,849,10,ad_probe,ad_c(full_target_scalar_reference),0.031168321950476696,False,0.17413049929114677,32051
cqadupstack-android,32,selection,10,849,10,glob_probe,best_in_menu_on_eval,0.0,True,,32051
cqadupstack-android,33,recalibration,10,797,10,ad_probe,ad_c(full_target_scalar_reference),0.024236143730819226,False,0.13628320049678078,33051
cqadupstack-android,33,selection,10,797,10,glob_probe,best_in_menu_on_eval,0.0961416069762471,False,,33051
cqadupstack-android,34,recalibration,10,750,10,ad_probe,ad_c(full_target_scalar_reference),0.08254092359970577,False,0.5116702843872972,34051
cqadupstack-android,34,selection,10,750,10,glob_probe,best_in_menu_on_eval,0.0,True,,34051
cqadupstack-android,35,recalibration,10,857,10,ad_probe,ad_c(full_target_scalar_reference),0.0032031425327657126,True,0.037397919171763494,35051
cqadupstack-android,35,selection,10,857,10,ad_probe,best_in_menu_on_eval,0.0,True,,35051
cqadupstack-android,36,recalibration,10,800,10,ad_probe,ad_c(full_target_scalar_reference),0.0037051198189924084,True,0.03916850352950818,36051
cqadupstack-android,36,selection,10,800,10,ad_probe,best_in_menu_on_eval,0.0,True,,36051
cqadupstack-android,37,recalibration,10,868,10,ad_probe,ad_c(full_target_scalar_reference),0.003685998089023035,True,0.0126335173296237,37051
cqadupstack-android,37,selection,10,868,10,glob_probe,best_in_menu_on_eval,0.0,True,,37051
cqadupstack-android,38,recalibration,10,770,10,ad_probe,ad_c(full_target_scalar_reference),0.02101148268017089,False,0.1175728567627034,38051
cqadupstack-android,38,selection,10,770,10,glob_probe,best_in_menu_on_eval,0.0,True,,38051
cqadupstack-android,39,recalibration,10,842,10,ad_probe,ad_c(full_target_scalar_reference),0.05446033781253973,False,0.30725319560965214,39051
cqadupstack-android,39,selection,10,842,10,glob_probe,best_in_menu_on_eval,0.0033663667700681854,True,,39051
cqadupstack-android,40,recalibration,10,781,10,ad_probe,ad_c(full_target_scalar_reference),0.01269005693539027,False,0.07811093120077595,40051
cqadupstack-android,40,selection,10,781,10,ad_probe,best_in_menu_on_eval,0.0,True,,40051
cqadupstack-android,41,recalibration,10,843,10,ad_probe,ad_c(full_target_scalar_reference),0.004071315468206882,True,0.044440462637108324,41051
cqadupstack-android,41,selection,10,843,10,glob_probe,best_in_menu_on_eval,0.060499643330971686,False,,41051
cqadupstack-android,42,recalibration,10,768,10,ad_probe,ad_c(full_target_scalar_reference),0.004413886552760593,True,0.01796435990496459,42051
cqadupstack-android,42,selection,10,768,10,glob_probe,best_in_menu_on_eval,0.0009417982925135626,True,,42051
cqadupstack-android,43,recalibration,10,822,10,ad_probe,ad_c(full_target_scalar_reference),0.02663644035038021,False,0.1554369857900526,43051
cqadupstack-android,43,selection,10,822,10,glob_probe,best_in_menu_on_eval,0.0,True,,43051
cqadupstack-android,44,recalibration,10,796,10,ad_probe,ad_c(full_target_scalar_reference),0.0179568579376988,False,0.10699349857474583,44051
cqadupstack-android,44,selection,10,796,10,glob_probe,best_in_menu_on_eval,0.0,True,,44051
cqadupstack-android,45,recalibration,10,810,10,ad_probe,ad_c(full_target_scalar_reference),0.001588566172180672,True,0.02560440010116405,45051
cqadupstack-android,45,selection,10,810,10,ad_probe,best_in_menu_on_eval,0.0,True,,45051
cqadupstack-android,46,recalibration,10,818,10,ad_probe,ad_c(full_target_scalar_reference),0.005822750488681694,False,0.05248883475188382,46051
cqadupstack-android,46,selection,10,818,10,ad_probe,best_in_menu_on_eval,0.0,True,,46051
cqadupstack-android,47,recalibration,10,777,10,ad_probe,ad_c(full_target_scalar_reference),0.005258304783169188,False,0.0331295692557414,47051
cqadupstack-android,47,selection,10,777,10,glob_probe,best_in_menu_on_eval,0.0011431171020365172,True,,47051
cqadupstack-android,48,recalibration,10,818,10,ad_probe,ad_c(full_target_scalar_reference),0.0644571520687563,False,0.3759406698978228,48051
cqadupstack-android,48,selection,10,818,10,glob_probe,best_in_menu_on_eval,0.0,True,,48051
cqadupstack-android,49,recalibration,10,809,10,ad_probe,ad_c(full_target_scalar_reference),0.008480135363490349,False,0.053908041635433834,49051
cqadupstack-android,49,selection,10,809,10,glob_probe,best_in_menu_on_eval,0.0,True,,49051
cqadupstack-android,0,recalibration,30,2403,30,ad_probe,ad_c(full_target_scalar_reference),0.0049653258957567115,True,0.04270421253845169,2100711
cqadupstack-android,0,selection,30,2403,30,glob_probe,best_in_menu_on_eval,0.01062351297147296,False,,2100711
cqadupstack-android,1,recalibration,30,2474,30,ad_probe,ad_c(full_target_scalar_reference),0.004792704559048733,True,0.01494956703879774,2101711
cqadupstack-android,1,selection,30,2474,30,glob_probe,best_in_menu_on_eval,0.05543612597116315,False,,2101711
cqadupstack-android,2,recalibration,30,2427,30,ad_probe,ad_c(full_target_scalar_reference),0.00800069769432199,False,0.04400661178598386,2102711
cqadupstack-android,2,selection,30,2427,30,ad_probe,best_in_menu_on_eval,0.0028825037594956693,True,,2102711
cqadupstack-android,3,recalibration,30,2440,30,ad_probe,ad_c(full_target_scalar_reference),0.0022996866167426244,True,0.02076175038337369,2103711
cqadupstack-android,3,selection,30,2440,30,ad_probe,best_in_menu_on_eval,0.0,True,,2103711
cqadupstack-android,4,recalibration,30,2414,30,ad_probe,ad_c(full_target_scalar_reference),0.0006954608605370671,True,0.0029232600396932318,2104711
cqadupstack-android,4,selection,30,2414,30,glob_probe,best_in_menu_on_eval,0.008196972537425462,True,,2104711
cqadupstack-android,5,recalibration,30,2447,30,ad_probe,ad_c(full_target_scalar_reference),0.004545841307701082,True,0.017197959514199612,2105711
cqadupstack-android,5,selection,30,2447,30,ad_probe,best_in_menu_on_eval,0.002636513401527707,True,,2105711
cqadupstack-android,6,recalibration,30,2445,30,ad_probe,ad_c(full_target_scalar_reference),0.0021268715560350815,True,0.0332156202215006,2106711
cqadupstack-android,6,selection,30,2445,30,glob_probe,best_in_menu_on_eval,0.006633867530728477,True,,2106711
cqadupstack-android,7,recalibration,30,2352,30,ad_probe,ad_c(full_target_scalar_reference),0.005067343516718115,False,0.03125301911198891,2107711
cqadupstack-android,7,selection,30,2352,30,glob_probe,best_in_menu_on_eval,0.0,True,,2107711
cqadupstack-android,8,recalibration,30,2399,30,ad_probe,ad_c(full_target_scalar_reference),0.00044616569280253593,True,0.00235972746206059,2108711
cqadupstack-android,8,selection,30,2399,30,glob_probe,best_in_menu_on_eval,0.002764605384383556,True,,2108711
cqadupstack-android,9,recalibration,30,2459,30,ad_probe,ad_c(full_target_scalar_reference),0.0036414960965905907,True,0.03835120326563912,2109711
cqadupstack-android,9,selection,30,2459,30,glob_probe,best_in_menu_on_eval,0.006493191017823863,True,,2109711
cqadupstack-android,10,recalibration,30,2432,30,ad_probe,ad_c(full_target_scalar_reference),0.005261099091639632,False,0.029653439600915488,2110711
cqadupstack-android,10,selection,30,2432,30,ad_probe,best_in_menu_on_eval,0.0,True,,2110711
cqadupstack-android,11,recalibration,30,2473,30,ad_probe,ad_c(full_target_scalar_reference),0.003991935821060166,True,0.013639575635007617,2111711
cqadupstack-android,11,selection,30,2473,30,glob_probe,best_in_menu_on_eval,0.0,True,,2111711
cqadupstack-android,12,recalibration,30,2478,30,ad_probe,ad_c(full_target_scalar_reference),0.0012156810393030848,True,0.015044510625727092,2112711
cqadupstack-android,12,selection,30,2478,30,ad_probe,best_in_menu_on_eval,0.0,True,,2112711
cqadupstack-android,13,recalibration,30,2399,30,ad_probe,ad_c(full_target_scalar_reference),0.001527684266104501,True,0.010606735352864605,2113711
cqadupstack-android,13,selection,30,2399,30,glob_probe,best_in_menu_on_eval,0.0037876414466739283,True,,2113711
cqadupstack-android,14,recalibration,30,2473,30,ad_probe,ad_c(full_target_scalar_reference),0.0022024412280173267,True,0.018462359097479286,2114711
cqadupstack-android,14,selection,30,2473,30,ad_probe,best_in_menu_on_eval,0.0,True,,2114711
cqadupstack-android,15,recalibration,30,2479,30,ad_probe,ad_c(full_target_scalar_reference),0.0021466508134824758,True,0.01975865456140158,2115711
cqadupstack-android,15,selection,30,2479,30,ad_probe,best_in_menu_on_eval,0.0,True,,2115711
cqadupstack-android,16,recalibration,30,2496,30,ad_probe,ad_c(full_target_scalar_reference),0.0004896507168601905,True,0.014361625825495217,2116711
cqadupstack-android,16,selection,30,2496,30,glob_probe,best_in_menu_on_eval,0.007386144412048989,True,,2116711
cqadupstack-android,17,recalibration,30,2493,30,ad_probe,ad_c(full_target_scalar_reference),0.004972930193605174,True,0.027401576421734686,2117711
cqadupstack-android,17,selection,30,2493,30,glob_probe,best_in_menu_on_eval,0.004307995981056634,True,,2117711
cqadupstack-android,18,recalibration,30,2494,30,ad_probe,ad_c(full_target_scalar_reference),0.004545841307701082,True,0.01723288012944213,2118711
cqadupstack-android,18,selection,30,2494,30,glob_probe,best_in_menu_on_eval,0.004160982897369769,True,,2118711
cqadupstack-android,19,recalibration,30,2432,30,ad_probe,ad_c(full_target_scalar_reference),0.004727906028354434,True,0.019778517683710084,2119711
cqadupstack-android,19,selection,30,2432,30,ad_probe,best_in_menu_on_eval,0.0,True,,2119711
cqadupstack-android,20,recalibration,30,2417,30,ad_probe,ad_c(full_target_scalar_reference),0.004818815913930408,True,0.018578082648204708,2120711
cqadupstack-android,20,selection,30,2417,30,ad_probe,best_in_menu_on_eval,0.0013173659725297382,True,,2120711
cqadupstack-android,21,recalibration,30,2477,30,ad_probe,ad_c(full_target_scalar_reference),0.0020790303422745793,True,0.020773385067913153,2121711
cqadupstack-android,21,selection,30,2477,30,ad_probe,best_in_menu_on_eval,0.0,True,,2121711
cqadupstack-android,22,recalibration,30,2381,30,ad_probe,ad_c(full_target_scalar_reference),0.01053108210811432,False,0.06866337198608352,2122711
cqadupstack-android,22,selection,30,2381,30,ad_probe,best_in_menu_on_eval,0.010137444955299946,False,,2122711
cqadupstack-android,23,recalibration,30,2516,30,ad_probe,ad_c(full_target_scalar_reference),0.0031318508802578027,True,0.010468620247442773,2123711
cqadupstack-android,23,selection,30,2516,30,ad_probe,best_in_menu_on_eval,0.0,True,,2123711
cqadupstack-android,24,recalibration,30,2465,30,ad_probe,ad_c(full_target_scalar_reference),0.005369237092154311,False,0.03274118370867074,2124711
cqadupstack-android,24,selection,30,2465,30,glob_probe,best_in_menu_on_eval,0.052953643006999396,False,,2124711
cqadupstack-android,25,recalibration,30,2367,30,ad_probe,ad_c(full_target_scalar_reference),0.0023324291606958703,True,0.021220885954162494,2125711
cqadupstack-android,25,selection,30,2367,30,glob_probe,best_in_menu_on_eval,0.010912316691744861,False,,2125711
cqadupstack-android,26,recalibration,30,2396,30,ad_probe,ad_c(full_target_scalar_reference),0.003579769381043929,True,0.009843027687048145,2126711
cqadupstack-android,26,selection,30,2396,30,glob_probe,best_in_menu_on_eval,0.00037089868306156015,True,,2126711
cqadupstack-android,27,recalibration,30,2477,30,ad_probe,ad_c(full_target_scalar_reference),0.004893446481834485,True,0.024021191804495856,2127711
cqadupstack-android,27,selection,30,2477,30,glob_probe,best_in_menu_on_eval,0.0,True,,2127711
cqadupstack-android,28,recalibration,30,2493,30,ad_probe,ad_c(full_target_scalar_reference),0.0007387787686788383,True,0.014068844456703478,2128711
cqadupstack-android,28,selection,30,2493,30,ad_probe,best_in_menu_on_eval,0.0,True,,2128711
cqadupstack-android,29,recalibration,30,2441,30,ad_probe,ad_c(full_target_scalar_reference),0.0019053525004353311,True,0.021513522108551952,2129711
cqadupstack-android,29,selection,30,2441,30,ad_probe,best_in_menu_on_eval,0.0,True,,2129711
cqadupstack-android,30,recalibration,30,2385,30,ad_probe,ad_c(full_target_scalar_reference),0.015030049928105693,False,0.09805168753656796,2130711
cqadupstack-android,30,selection,30,2385,30,ad_probe,best_in_menu_on_eval,0.0,True,,2130711
cqadupstack-android,31,recalibration,30,2517,30,ad_probe,ad_c(full_target_scalar_reference),0.00038318267017817265,True,0.001595344514727759,2131711
cqadupstack-android,31,selection,30,2517,30,ad_probe,best_in_menu_on_eval,0.0,True,,2131711
cqadupstack-android,32,recalibration,30,2456,30,ad_probe,ad_c(full_target_scalar_reference),0.004649279421523933,True,0.021149163738929833,2132711
cqadupstack-android,32,selection,30,2456,30,ad_probe,best_in_menu_on_eval,0.0029497151780290554,True,,2132711
cqadupstack-android,33,recalibration,30,2414,30,ad_probe,ad_c(full_target_scalar_reference),0.003796192351774086,True,0.013686871677508261,2133711
cqadupstack-android,33,selection,30,2414,30,glob_probe,best_in_menu_on_eval,0.0026720383590979613,True,,2133711
cqadupstack-android,34,recalibration,30,2526,30,ad_probe,ad_c(full_target_scalar_reference),0.0020271266937980648,True,0.01547690323374934,2134711
cqadupstack-android,34,selection,30,2526,30,glob_probe,best_in_menu_on_eval,0.009638224537624529,True,,2134711
cqadupstack-android,35,recalibration,30,2432,30,ad_probe,ad_c(full_target_scalar_reference),0.004484152456774637,True,0.017549592469861763,2135711
cqadupstack-android,35,selection,30,2432,30,ad_probe,best_in_menu_on_eval,0.002390414334472013,True,,2135711
cqadupstack-android,36,recalibration,30,2374,30,ad_probe,ad_c(full_target_scalar_reference),0.0012251716317532857,True,0.010606735352864605,2136711
cqadupstack-android,36,selection,30,2374,30,glob_probe,best_in_menu_on_eval,0.00789100266695597,True,,2136711
cqadupstack-android,37,recalibration,30,2403,30,ad_probe,ad_c(full_target_scalar_reference),0.0011854280912576565,True,0.005301514253589934,2137711
cqadupstack-android,37,selection,30,2403,30,glob_probe,best_in_menu_on_eval,0.005005914584878757,True,,2137711
cqadupstack-android,38,recalibration,30,2485,30,ad_probe,ad_c(full_target_scalar_reference),0.005174605283172651,False,0.027707245176482487,2138711
cqadupstack-android,38,selection,30,2485,30,glob_probe,best_in_menu_on_eval,0.0,True,,2138711
cqadupstack-android,39,recalibration,30,2423,30,ad_probe,ad_c(full_target_scalar_reference),0.0015395475066672937,True,0.011511493545712237,2139711
cqadupstack-android,39,selection,30,2423,30,ad_probe,best_in_menu_on_eval,0.0,True,,2139711
cqadupstack-android,40,recalibration,30,2461,30,ad_probe,ad_c(full_target_scalar_reference),0.006983047349317317,False,0.039368040342434296,2140711
cqadupstack-android,40,selection,30,2461,30,glob_probe,best_in_menu_on_eval,0.0,True,,2140711
cqadupstack-android,41,recalibration,30,2433,30,ad_probe,ad_c(full_target_scalar_reference),0.0006853941861463264,True,0.013135322219238632,2141711
cqadupstack-android,41,selection,30,2433,30,glob_probe,best_in_menu_on_eval,0.0029439866792524416,True,,2141711
cqadupstack-android,42,recalibration,30,2360,30,ad_probe,ad_c(full_target_scalar_reference),0.001887557639591142,True,0.022413124352269165,2142711
cqadupstack-android,42,selection,30,2360,30,glob_probe,best_in_menu_on_eval,0.005557066902358465,True,,2142711
cqadupstack-android,43,recalibration,30,2420,30,ad_probe,ad_c(full_target_scalar_reference),0.012277821369604647,False,0.07686810585949111,2143711
cqadupstack-android,43,selection,30,2420,30,ad_probe,best_in_menu_on_eval,0.011192767311070773,False,,2143711
cqadupstack-android,44,recalibration,30,2452,30,ad_probe,ad_c(full_target_scalar_reference),0.0028492848345021415,True,0.0351339214411191,2144711
cqadupstack-android,44,selection,30,2452,30,glob_probe,best_in_menu_on_eval,0.005718995988054254,True,,2144711
cqadupstack-android,45,recalibration,30,2503,30,ad_probe,ad_c(full_target_scalar_reference),0.002734211401043074,True,0.036893697281863924,2145711
cqadupstack-android,45,selection,30,2503,30,glob_probe,best_in_menu_on_eval,0.0066220042901657394,True,,2145711
cqadupstack-android,46,recalibration,30,2489,30,ad_probe,ad_c(full_target_scalar_reference),0.0013703867963957284,True,0.004848160742104368,2146711
cqadupstack-android,46,selection,30,2489,30,ad_probe,best_in_menu_on_eval,0.0004911117139971832,True,,2146711
cqadupstack-android,47,recalibration,30,2440,30,ad_probe,ad_c(full_target_scalar_reference),0.0017096090311492507,True,0.02243893231972638,2147711
cqadupstack-android,47,selection,30,2440,30,glob_probe,best_in_menu_on_eval,0.006082115857900694,True,,2147711
cqadupstack-android,48,recalibration,30,2494,30,ad_probe,ad_c(full_target_scalar_reference),0.0020390255040634298,True,0.03331986697904421,2148711
cqadupstack-android,48,selection,30,2494,30,glob_probe,best_in_menu_on_eval,0.008642679668744546,True,,2148711
cqadupstack-android,49,recalibration,30,2435,30,ad_probe,ad_c(full_target_scalar_reference),0.0010525597969544553,True,0.005866466110463042,2149711
cqadupstack-android,49,selection,30,2435,30,ad_probe,best_in_menu_on_eval,0.0,True,,2149711
cqadupstack-android,0,recalibration,50,4140,50,ad_probe,ad_c(full_target_scalar_reference),0.0022035574423863724,True,0.0158628410605684,2200377
cqadupstack-android,0,selection,50,4140,50,glob_probe,best_in_menu_on_eval,0.005175652787363094,True,,2200377
cqadupstack-android,1,recalibration,50,4171,50,ad_probe,ad_c(full_target_scalar_reference),0.0001225716948922706,True,0.00290823338620666,2201377
cqadupstack-android,1,selection,50,4171,50,glob_probe,best_in_menu_on_eval,0.008271264694628466,True,,2201377
cqadupstack-android,2,recalibration,50,4028,50,ad_probe,ad_c(full_target_scalar_reference),0.0,True,0.0006461426682485283,2202377
cqadupstack-android,2,selection,50,4028,50,ad_probe,best_in_menu_on_eval,0.0,True,,2202377
cqadupstack-android,3,recalibration,50,3979,50,ad_probe,ad_c(full_target_scalar_reference),0.00022121948470665842,True,0.006656853771988103,2203377
cqadupstack-android,3,selection,50,3979,50,ad_probe,best_in_menu_on_eval,0.0,True,,2203377
cqadupstack-android,4,recalibration,50,4105,50,ad_probe,ad_c(full_target_scalar_reference),0.0012458069499720614,True,0.01547690323374934,2204377
cqadupstack-android,4,selection,50,4105,50,ad_probe,best_in_menu_on_eval,0.0,True,,2204377
cqadupstack-android,5,recalibration,50,4106,50,ad_probe,ad_c(full_target_scalar_reference),0.003112190159469397,True,0.010218214955981408,2205377
cqadupstack-android,5,selection,50,4106,50,ad_probe,best_in_menu_on_eval,0.0,True,,2205377
cqadupstack-android,6,recalibration,50,4126,50,ad_probe,ad_c(full_target_scalar_reference),0.000808203122537654,True,0.008249845625142416,2206377
cqadupstack-android,6,selection,50,4126,50,ad_probe,best_in_menu_on_eval,0.0,True,,2206377
cqadupstack-android,7,recalibration,50,3929,50,ad_probe,ad_c(full_target_scalar_reference),0.005041911471235949,False,0.022339377685831052,2207377
cqadupstack-android,7,selection,50,3929,50,glob_probe,best_in_menu_on_eval,0.0038561862070266018,True,,2207377
cqadupstack-android,8,recalibration,50,4134,50,ad_probe,ad_c(full_target_scalar_reference),0.0016603641441902406,True,0.011427505774323277,2208377
cqadupstack-android,8,selection,50,4134,50,glob_probe,best_in_menu_on_eval,0.005493871740239686,True,,2208377
cqadupstack-android,9,recalibration,50,4029,50,ad_probe,ad_c(full_target_scalar_reference),0.001460730594953108,True,0.02016285294237552,2209377
cqadupstack-android,9,selection,50,4029,50,glob_probe,best_in_menu_on_eval,0.00647467049624223,True,,2209377
cqadupstack-android,10,recalibration,50,4111,50,ad_probe,ad_c(full_target_scalar_reference),0.001075101922559607,True,0.0022565425881935774,2210377
cqadupstack-android,10,selection,50,4111,50,ad_probe,best_in_menu_on_eval,0.0,True,,2210377
cqadupstack-android,11,recalibration,50,4134,50,ad_probe,ad_c(full_target_scalar_reference),0.005535844861933592,False,0.026102095031669603,2211377
cqadupstack-android,11,selection,50,4134,50,glob_probe,best_in_menu_on_eval,0.0,True,,2211377
cqadupstack-android,12,recalibration,50,3932,50,ad_probe,ad_c(full_target_scalar_reference),0.004679925625509951,True,0.01534507155529119,2212377
cqadupstack-android,12,selection,50,3932,50,ad_probe,best_in_menu_on_eval,0.0,True,,2212377
cqadupstack-android,13,recalibration,50,4094,50,ad_probe,ad_c(full_target_scalar_reference),0.0007902655829250538,True,0.0032622103278003856,2213377
cqadupstack-android,13,selection,50,4094,50,ad_probe,best_in_menu_on_eval,0.0,True,,2213377
cqadupstack-android,14,recalibration,50,4023,50,ad_probe,ad_c(full_target_scalar_reference),0.001974153142273949,True,0.017162066938581466,2214377
cqadupstack-android,14,selection,50,4023,50,glob_probe,best_in_menu_on_eval,0.005746564683390576,True,,2214377
cqadupstack-android,15,recalibration,50,4094,50,ad_probe,ad_c(full_target_scalar_reference),0.0030559375608439354,True,0.012687227268549317,2215377
cqadupstack-android,15,selection,50,4094,50,glob_probe,best_in_menu_on_eval,0.0,True,,2215377
cqadupstack-android,16,recalibration,50,4077,50,ad_probe,ad_c(full_target_scalar_reference),0.0007900933170579272,True,0.0039711136917367496,2216377
cqadupstack-android,16,selection,50,4077,50,ad_probe,best_in_menu_on_eval,0.0,True,,2216377
cqadupstack-android,17,recalibration,50,4252,50,ad_probe,ad_c(full_target_scalar_reference),0.0034307626025009696,True,0.043682087613109544,2217377
cqadupstack-android,17,selection,50,4252,50,glob_probe,best_in_menu_on_eval,0.007672712979874485,True,,2217377
cqadupstack-android,18,recalibration,50,4002,50,ad_probe,ad_c(full_target_scalar_reference),0.004163408204442998,True,0.015157695515282454,2218377
cqadupstack-android,18,selection,50,4002,50,glob_probe,best_in_menu_on_eval,0.0051268381710530275,True,,2218377
cqadupstack-android,19,recalibration,50,3945,50,ad_probe,ad_c(full_target_scalar_reference),0.00146178244500339,True,0.03290311335255863,2219377
cqadupstack-android,19,selection,50,3945,50,glob_probe,best_in_menu_on_eval,0.01015259554001835,False,,2219377
cqadupstack-android,20,recalibration,50,4060,50,ad_probe,ad_c(full_target_scalar_reference),0.0011174042791964878,True,0.015023087430435011,2220377
cqadupstack-android,20,selection,50,4060,50,glob_probe,best_in_menu_on_eval,0.009760123250281638,True,,2220377
cqadupstack-android,21,recalibration,50,4089,50,ad_probe,ad_c(full_target_scalar_reference),0.0014512512232129904,True,0.011122589873966082,2221377
cqadupstack-android,21,selection,50,4089,50,ad_probe,best_in_menu_on_eval,0.0,True,,2221377
cqadupstack-android,22,recalibration,50,4031,50,ad_probe,ad_c(full_target_scalar_reference),0.004191995476562849,True,0.01594625830034857,2222377
cqadupstack-android,22,selection,50,4031,50,glob_probe,best_in_menu_on_eval,0.001468940731368773,True,,2222377
cqadupstack-android,23,recalibration,50,4039,50,ad_probe,ad_c(full_target_scalar_reference),0.0006361823779943987,True,0.0032622103278003856,2223377
cqadupstack-android,23,selection,50,4039,50,ad_probe,best_in_menu_on_eval,0.0,True,,2223377
cqadupstack-android,24,recalibration,50,4096,50,ad_probe,ad_c(full_target_scalar_reference),0.0013986672723239058,True,0.010556614772118889,2224377
cqadupstack-android,24,selection,50,4096,50,glob_probe,best_in_menu_on_eval,0.004613892277825604,True,,2224377
cqadupstack-android,25,recalibration,50,4030,50,ad_probe,ad_c(full_target_scalar_reference),0.005452676874297124,False,0.035422740039331546,2225377
cqadupstack-android,25,selection,50,4030,50,glob_probe,best_in_menu_on_eval,0.053974144059961426,False,,2225377
cqadupstack-android,26,recalibration,50,4009,50,ad_probe,ad_c(full_target_scalar_reference),0.008315622576076542,False,0.044098539529816905,2226377
cqadupstack-android,26,selection,50,4009,50,ad_probe,best_in_menu_on_eval,0.006862622676405417,True,,2226377
cqadupstack-android,27,recalibration,50,4057,50,ad_probe,ad_c(full_target_scalar_reference),0.0013487172223738408,True,0.010355095660174618,2227377
cqadupstack-android,27,selection,50,4057,50,ad_probe,best_in_menu_on_eval,0.0,True,,2227377
cqadupstack-android,28,recalibration,50,4054,50,ad_probe,ad_c(full_target_scalar_reference),0.0,True,0.0012911884047785982,2228377
cqadupstack-android,28,selection,50,4054,50,glob_probe,best_in_menu_on_eval,0.003149249207630711,True,,2228377
cqadupstack-android,29,recalibration,50,3886,50,ad_probe,ad_c(full_target_scalar_reference),0.002702769072082223,True,0.011291140073723782,2229377
cqadupstack-android,29,selection,50,3886,50,ad_probe,best_in_menu_on_eval,0.0,True,,2229377
cqadupstack-android,30,recalibration,50,4111,50,ad_probe,ad_c(full_target_scalar_reference),0.00208959592935426,True,0.015931795051145392,2230377
cqadupstack-android,30,selection,50,4111,50,ad_probe,best_in_menu_on_eval,0.0,True,,2230377
cqadupstack-android,31,recalibration,50,4013,50,ad_probe,ad_c(full_target_scalar_reference),0.0030539987721076023,True,0.009714745430094485,2231377
cqadupstack-android,31,selection,50,4013,50,glob_probe,best_in_menu_on_eval,0.0003704759803943025,True,,2231377
cqadupstack-android,32,recalibration,50,3994,50,ad_probe,ad_c(full_target_scalar_reference),0.0004313671524813212,True,0.01394963512664571,2232377
cqadupstack-android,32,selection,50,3994,50,glob_probe,best_in_menu_on_eval,0.003319030659389266,True,,2232377
cqadupstack-android,33,recalibration,50,4124,50,ad_probe,ad_c(full_target_scalar_reference),0.0029339117028681083,True,0.010101650605066681,2233377
cqadupstack-android,33,selection,50,4124,50,ad_probe,best_in_menu_on_eval,0.0025753917112361635,True,,2233377
cqadupstack-android,34,recalibration,50,4009,50,ad_probe,ad_c(full_target_scalar_reference),0.009306713320634152,False,0.053267277749086905,2234377
cqadupstack-android,34,selection,50,4009,50,glob_probe,best_in_menu_on_eval,0.0,True,,2234377
cqadupstack-android,35,recalibration,50,4061,50,ad_probe,ad_c(full_target_scalar_reference),0.0010553476655171812,True,0.00206555476443393,2235377
cqadupstack-android,35,selection,50,4061,50,ad_probe,best_in_menu_on_eval,0.0,True,,2235377
cqadupstack-android,36,recalibration,50,4034,50,ad_probe,ad_c(full_target_scalar_reference),0.00011617384498741057,True,0.0006529599924599561,2236377
cqadupstack-android,36,selection,50,4034,50,ad_probe,best_in_menu_on_eval,0.0,True,,2236377
cqadupstack-android,37,recalibration,50,4128,50,ad_probe,ad_c(full_target_scalar_reference),0.00326237698827897,True,0.036207262925483596,2237377
cqadupstack-android,37,selection,50,4128,50,glob_probe,best_in_menu_on_eval,0.006136816980219784,True,,2237377
cqadupstack-android,38,recalibration,50,4124,50,ad_probe,ad_c(full_target_scalar_reference),0.0014463596928975808,True,0.010623891219189052,2238377
cqadupstack-android,38,selection,50,4124,50,ad_probe,best_in_menu_on_eval,0.0,True,,2238377
cqadupstack-android,39,recalibration,50,4253,50,ad_probe,ad_c(full_target_scalar_reference),0.0009087129272029038,True,0.009940238581241101,2239377
cqadupstack-android,39,selection,50,4253,50,ad_probe,best_in_menu_on_eval,0.0,True,,2239377
cqadupstack-android,40,recalibration,50,4105,50,ad_probe,ad_c(full_target_scalar_reference),0.011262224286309908,False,0.07236861996246069,2240377
cqadupstack-android,40,selection,50,4105,50,ad_probe,best_in_menu_on_eval,0.009485979829017721,True,,2240377
cqadupstack-android,41,recalibration,50,4100,50,ad_probe,ad_c(full_target_scalar_reference),0.0018762011828267755,True,0.006487574071016189,2241377
cqadupstack-android,41,selection,50,4100,50,glob_probe,best_in_menu_on_eval,0.004279722911293915,True,,2241377
cqadupstack-android,42,recalibration,50,4061,50,ad_probe,ad_c(full_target_scalar_reference),0.001044219460248963,True,0.00997562160336185,2242377
cqadupstack-android,42,selection,50,4061,50,ad_probe,best_in_menu_on_eval,0.0,True,,2242377
cqadupstack-android,43,recalibration,50,4021,50,ad_probe,ad_c(full_target_scalar_reference),0.001146753461088057,True,0.012503904498989027,2243377
cqadupstack-android,43,selection,50,4021,50,ad_probe,best_in_menu_on_eval,0.0,True,,2243377
cqadupstack-android,44,recalibration,50,3913,50,ad_probe,ad_c(full_target_scalar_reference),0.004033020741316895,True,0.015112105359499917,2244377
cqadupstack-android,44,selection,50,3913,50,glob_probe,best_in_menu_on_eval,0.0,True,,2244377
cqadupstack-android,45,recalibration,50,4046,50,ad_probe,ad_c(full_target_scalar_reference),0.014325812007289052,False,0.08962025735735268,2245377
cqadupstack-android,45,selection,50,4046,50,glob_probe,best_in_menu_on_eval,0.0,True,,2245377
cqadupstack-android,46,recalibration,50,4031,50,ad_probe,ad_c(full_target_scalar_reference),0.002978668229993875,True,0.03124878780220236,2246377
cqadupstack-android,46,selection,50,4031,50,glob_probe,best_in_menu_on_eval,0.011117338723559633,False,,2246377
cqadupstack-android,47,recalibration,50,4095,50,ad_probe,ad_c(full_target_scalar_reference),0.0019680387293798396,True,0.016219139742879418,2247377
cqadupstack-android,47,selection,50,4095,50,glob_probe,best_in_menu_on_eval,0.006810586933853502,True,,2247377
cqadupstack-android,48,recalibration,50,4083,50,ad_probe,ad_c(full_target_scalar_reference),0.004487933060636051,True,0.015614902121589058,2248377
cqadupstack-android,48,selection,50,4083,50,glob_probe,best_in_menu_on_eval,0.0,True,,2248377
cqadupstack-android,49,recalibration,50,3966,50,ad_probe,ad_c(full_target_scalar_reference),0.0007902655829250538,True,0.00253679908100346,2249377
cqadupstack-android,49,selection,50,3966,50,glob_probe,best_in_menu_on_eval,0.008623232535039993,True,,2249377
