collection,k_requested,k_effective,clipped,repeat_id,seed,untouched,c_hat,c_star,ev_ad_probe,ev_glob_probe,ev_trunc,ev_ad,ev_ad_c,ev_glob,select3,select2,pick3,pick2,regret3,cal_loss,pair_pool_budget,n_eval
nfcorpus,10,10,False,0,733,False,8.413300398668662,14.994823516608756,0.14859288145309002,0.14606766329560927,0.1338460780782628,0.1326943712958181,0.1473353288246878,0.13317258664037668,0.14606766329560927,0.14606766329560927,glob_probe,glob_probe,0.0025252181574807464,0.0012575526284022143,879,313
nfcorpus,10,10,False,1,1733,False,19.084962102688138,14.994823516608756,0.14857433959956567,0.15296178732201238,0.13303686834182302,0.13243302596240797,0.1467099312208356,0.13251374906033134,0.15296178732201238,0.15296178732201238,glob_probe,glob_probe,0.0,0.001864408378730087,890,313
nfcorpus,10,10,False,2,2733,False,26.726053495953778,14.994823516608756,0.14867629900181845,0.155350945119942,0.13617809078477894,0.13325691926694183,0.15078406729507585,0.13434599690666593,0.14867629900181845,0.155350945119942,ad_probe,glob_probe,0.006674646118123545,0.0021077682932574004,899,313
nfcorpus,10,10,False,3,3733,False,5.174529918082394,14.994823516608756,0.14766046991561324,0.0962513222480626,0.13370400081375738,0.13144255230777427,0.14895858482923013,0.13409397085852695,0.0962513222480626,0.0962513222480626,glob_probe,glob_probe,0.05140914766755064,0.0012981149136168935,864,313
nfcorpus,10,10,False,4,4733,False,11.733210581893452,14.994823516608756,0.1506220849321511,0.1494136857380939,0.13540485491922316,0.1346572807388721,0.15018791045804927,0.13588537217257285,0.1494136857380939,0.1494136857380939,glob_probe,glob_probe,0.0012083991940571859,0.00043417447410182275,947,313
nfcorpus,10,10,False,5,5733,False,15.957650820824384,14.994823516608756,0.1501243667202482,0.15574781588694814,0.13480822249702634,0.13408560692391924,0.14893359100755438,0.13562397689833622,0.15574781588694814,0.15574781588694814,glob_probe,glob_probe,0.0,0.0011907757126938256,873,313
nfcorpus,10,10,False,6,6733,False,16.08011658564165,14.994823516608756,0.15064495553360102,0.10853099335692179,0.13572792605510262,0.1301958624315222,0.14934806629302713,0.13122131630255252,0.10853099335692179,0.10853099335692179,glob_probe,glob_probe,0.04211396217667923,0.0012968892405738897,865,313
nfcorpus,10,10,False,7,7733,False,17.860505867732112,14.994823516608756,0.14916347877185362,0.15475197242493294,0.13442843144831856,0.134604936551159,0.14862953046976246,0.1358074383846475,0.15475197242493294,0.15475197242493294,glob_probe,glob_probe,0.0,0.000533948302091164,854,313
nfcorpus,10,10,False,8,8733,False,13.20545403902755,14.994823516608756,0.1476262406070701,0.15473395587595962,0.1331377189777193,0.13235214946716686,0.1483510851300694,0.13316071492801446,0.15473395587595962,0.15473395587595962,glob_probe,glob_probe,0.0,0.000724844522999285,926,313
nfcorpus,10,10,False,9,9733,False,14.17373692192648,14.994823516608756,0.14382557957953826,0.1501049569019127,0.12991699459708858,0.12940031664923457,0.1441613945217224,0.12911812033233117,0.1501049569019127,0.1501049569019127,glob_probe,glob_probe,0.0,0.00033581494218415386,833,313
nfcorpus,10,10,False,10,10733,False,9.691899319948558,14.994823516608756,0.14756029766154113,0.15294001179005792,0.13280907384554777,0.13437022534369958,0.14715040411147517,0.13556492702239992,0.15294001179005792,0.15294001179005792,glob_probe,glob_probe,0.0,0.0004098935500659595,879,313
nfcorpus,10,10,False,11,11733,False,12.135223260775952,14.994823516608756,0.14948346718157962,0.14792174991507073,0.13458574645624582,0.13400343244167767,0.14915233566322209,0.1352396016264395,0.14792174991507073,0.14792174991507073,glob_probe,glob_probe,0.0015617172665088885,0.00033113151835753585,915,313
nfcorpus,10,10,False,12,12733,False,13.111421864354151,14.994823516608756,0.14684673442823257,0.13926005003939163,0.1329672475352512,0.1289979575917284,0.14703506254367787,0.13067437288536196,0.13926005003939163,0.13926005003939163,glob_probe,glob_probe,0.007586684388840942,0.0001883281154453076,947,313
nfcorpus,10,10,False,13,13733,False,9.776371891739597,14.994823516608756,0.14819719561734984,0.1529645381807236,0.13289398178858622,0.13152401061985866,0.14777752450116308,0.132718712298559,0.1529645381807236,0.1529645381807236,glob_probe,glob_probe,0.0,0.000419671116186765,920,313
nfcorpus,10,10,False,14,14733,False,28.362880220071027,14.994823516608756,0.14748212190672044,0.15031229283456543,0.1366746673552113,0.13611936666671678,0.15099168196635848,0.13750060012880663,0.14748212190672044,0.14748212190672044,ad_probe,ad_probe,0.0028301709278449882,0.0035095600596380394,939,313
nfcorpus,10,10,False,15,15733,False,8.011799920781318,14.994823516608756,0.14877744588825886,0.1478603235763818,0.13422109068634405,0.13449953186361205,0.14832813511204976,0.13572948079044006,0.1478603235763818,0.1478603235763818,glob_probe,glob_probe,0.0009171223118770722,0.0004493107762091053,875,313
nfcorpus,10,10,False,16,16733,False,8.93321783167624,14.994823516608756,0.15218612248655286,0.15718602367264775,0.13638992907131675,0.13505519999957274,0.1505315924211532,0.13702199965484393,0.15718602367264775,0.15718602367264775,glob_probe,glob_probe,0.0,0.001654530065399673,879,313
nfcorpus,10,10,False,17,17733,False,22.843027829669573,14.994823516608756,0.14773603601451904,0.1480117764001452,0.1341312685159499,0.13392345297414257,0.14851006795730068,0.135108812874542,0.1480117764001452,0.1480117764001452,glob_probe,glob_probe,0.0,0.0007740319427816389,792,313
nfcorpus,10,10,False,18,18733,False,13.880066382645015,14.994823516608756,0.1473583548258857,0.139757405904836,0.1330491360225275,0.12965558935664434,0.14741480386226202,0.13181710051498524,0.139757405904836,0.139757405904836,glob_probe,glob_probe,0.007600948921049677,5.6449036376332584e-05,892,313
nfcorpus,10,10,False,19,19733,False,18.769775727711206,14.994823516608756,0.1513975184233795,0.11305107918663485,0.1345399321900207,0.1342790902244313,0.1506729522261293,0.13536748890867295,0.1345399321900207,0.11305107918663485,trunc,glob_probe,0.016857586233358812,0.0007245661972501982,817,313
nfcorpus,10,10,False,20,20733,False,14.743841739296322,14.994823516608756,0.14699235531948546,0.14824167773313016,0.13259705942295757,0.13077777382772063,0.14688968359620647,0.13305721152256086,0.14824167773313016,0.14824167773313016,glob_probe,glob_probe,0.0,0.00010267172327899088,949,313
nfcorpus,10,10,False,21,21733,False,14.020283909153228,14.994823516608756,0.1460918436520495,0.12938965073232184,0.13026005450349143,0.1278695085198993,0.14612403608570815,0.12938965073232184,0.13026005450349143,0.12938965073232184,trunc,glob_probe,0.015831789148558068,3.219243365865099e-05,887,313
nfcorpus,10,10,False,22,22733,False,23.127469921407794,14.994823516608756,0.14778004056425703,0.15524444649744096,0.13376023763774214,0.13260976796148893,0.14846721583759795,0.1338582754779009,0.15524444649744096,0.15524444649744096,glob_probe,glob_probe,0.0,0.0006871752733409175,932,313
nfcorpus,10,10,False,23,23733,False,14.508522027218866,14.994823516608756,0.14907331929731604,0.15143651141584702,0.1340308773606394,0.13420328843360863,0.1491663625009356,0.13468517555790643,0.1340308773606394,0.15143651141584702,trunc,glob_probe,0.01740563405520762,9.304320361955276e-05,880,313
nfcorpus,10,10,False,24,24733,False,23.795694373639563,14.994823516608756,0.14685099961900183,0.10949706193400503,0.13200646971720764,0.13013798157248002,0.14753284110995563,0.13240626915745501,0.13200646971720764,0.10949706193400503,trunc,glob_probe,0.01484452990179419,0.000681841490953794,866,313
nfcorpus,10,10,False,25,25733,False,15.516013649288984,14.994823516608756,0.14958403750791008,0.112818773168008,0.13460625053514808,0.13363640816544545,0.14958776026791243,0.13484217439195156,0.13460625053514808,0.112818773168008,trunc,glob_probe,0.014977786972762003,3.7227600023503893e-06,882,313
nfcorpus,10,10,False,26,26733,False,12.934303668570163,14.994823516608756,0.14880070860585615,0.15598727476656027,0.13548181423724814,0.13407436802832545,0.14929501175418392,0.1355599993741115,0.15598727476656027,0.15598727476656027,glob_probe,glob_probe,0.0,0.0004943031483277682,814,313
nfcorpus,10,10,False,27,27733,False,12.878904799350313,14.994823516608756,0.1471824586607327,0.10739054862108936,0.13227002377091482,0.12820726039076655,0.1476925681255305,0.12972995482028646,0.10739054862108936,0.10739054862108936,glob_probe,glob_probe,0.039791910039643344,0.0005101094647977922,826,313
nfcorpus,10,10,False,28,28733,False,20.805047687738686,14.994823516608756,0.14551917996910216,0.14441562225159998,0.13171101800177895,0.12712642430649623,0.1443685583772207,0.12879350168343678,0.14441562225159998,0.14441562225159998,glob_probe,glob_probe,0.0011035577175021738,0.001150621591881451,857,313
nfcorpus,10,10,False,29,29733,False,12.185268168739357,14.994823516608756,0.15091511216876263,0.1568908530413138,0.13569630458517207,0.13503154486973457,0.15014438174619785,0.13635039000267357,0.1568908530413138,0.1568908530413138,glob_probe,glob_probe,0.0,0.000770730422564786,838,313
nfcorpus,10,10,False,30,30733,False,31.695597690033487,14.994823516608756,0.14845523986426845,0.15335371363220412,0.13646446329470166,0.13558780238267967,0.15116670232758003,0.1368131876409201,0.14845523986426845,0.15335371363220412,ad_probe,glob_probe,0.004898473767935674,0.0027114624633115814,882,313
nfcorpus,10,10,False,31,31733,False,9.179411780757741,14.994823516608756,0.15028811264252123,0.1429320431491113,0.13367402796225647,0.13269498773520716,0.15022289867789118,0.1338896894139075,0.15028811264252123,0.1429320431491113,ad_probe,glob_probe,0.0,6.521396463005091e-05,956,313
nfcorpus,10,10,False,32,32733,False,4.3346038721599145,14.994823516608756,0.14756003625651035,0.14775338306006375,0.1347827361167811,0.1302625983790387,0.14776088573754922,0.1309401602944855,0.14775338306006375,0.14775338306006375,glob_probe,glob_probe,0.0,0.00020084948103887834,929,313
nfcorpus,10,10,False,33,33733,False,20.765766255115963,14.994823516608756,0.14887920310234082,0.14727870596229115,0.13316091686457074,0.13349912644130332,0.14882872441403924,0.13458828594666003,0.14727870596229115,0.14727870596229115,glob_probe,glob_probe,0.0016004971400496726,5.047868830157509e-05,795,313
nfcorpus,10,10,False,34,34733,False,5.242687979990539,14.994823516608756,0.14673427332236955,0.13126218473791568,0.13263446074250942,0.1304731831454266,0.14831722212501033,0.13126218473791568,0.13126218473791568,0.13126218473791568,glob_probe,glob_probe,0.01547208858445387,0.0015829488026407879,884,313
nfcorpus,10,10,False,35,35733,False,10.584018143702004,14.994823516608756,0.15004524868936514,0.15563694764162242,0.133571876414221,0.1330570750621507,0.14882306341183055,0.13444674683997448,0.133571876414221,0.15004524868936514,trunc,ad_probe,0.022065071227401423,0.0012221852775345932,961,313
nfcorpus,10,10,False,36,36733,False,11.965682631811626,14.994823516608756,0.14702152130876858,0.15314732151754595,0.13258361375118827,0.13238793133504256,0.14677499150953804,0.1324674757195645,0.15314732151754595,0.15314732151754595,glob_probe,glob_probe,0.0,0.0002465297992305382,931,313
nfcorpus,10,10,False,37,37733,False,19.125871190479252,14.994823516608756,0.15013525796175403,0.15060371416340898,0.13437946610614604,0.1324207164583517,0.14942750953400163,0.13384474834223986,0.15013525796175403,0.15060371416340898,ad_probe,glob_probe,0.0004684562016549487,0.0007077484277523971,879,313
nfcorpus,10,10,False,38,38733,False,17.967882654254414,14.994823516608756,0.1455159275312633,0.15169594875326245,0.13219489110285632,0.13189295430537817,0.1449196755045555,0.13274081496279783,0.15169594875326245,0.15169594875326245,glob_probe,glob_probe,0.0,0.0005962520267077942,825,313
nfcorpus,10,10,False,39,39733,False,14.657562782619866,14.994823516608756,0.14917609101876866,0.14874134481983622,0.1342578631289263,0.1345177554267025,0.1490439770220313,0.13520581218077948,0.14917609101876866,0.14917609101876866,ad_probe,ad_probe,0.0,0.00013211399673737634,890,313
nfcorpus,10,10,False,40,40733,False,2.951091689175473,14.994823516608756,0.14469357683728634,0.1501310122207982,0.13411159094000283,0.13213674114480553,0.14936473115998058,0.13335720805075518,0.13411159094000283,0.14469357683728634,trunc,ad_probe,0.016019421280795365,0.004671154322694243,935,313
nfcorpus,10,10,False,41,41733,False,25.232730351139118,14.994823516608756,0.14887574128208889,0.15709560103277698,0.13564556299118138,0.13493373992113944,0.15025607980580397,0.13627815989759273,0.14887574128208889,0.15709560103277698,ad_probe,glob_probe,0.008219859750688091,0.00138033852371508,843,313
nfcorpus,10,10,False,42,42733,False,20.39539365743638,14.994823516608756,0.14751370874421263,0.1532141328157263,0.13378346673583127,0.13366465224555948,0.14673048062290203,0.13433017989876686,0.1532141328157263,0.1532141328157263,glob_probe,glob_probe,0.0,0.0007832281213105974,802,313
nfcorpus,10,10,False,43,43733,False,14.198791527478605,14.994823516608756,0.14856021617921755,0.14178789088674817,0.13302200688842114,0.13195333266363782,0.14834759832784247,0.13297054055462074,0.14178789088674817,0.14178789088674817,glob_probe,glob_probe,0.006772325292469378,0.00021261785137507982,941,313
nfcorpus,10,10,False,44,44733,False,36.58024117858371,14.994823516608756,0.14612556380356162,0.14854111600110137,0.13605226441053786,0.13511851160992633,0.14973245215937805,0.13616444831673874,0.14854111600110137,0.14854111600110137,glob_probe,glob_probe,0.0,0.0036068883558164344,803,313
nfcorpus,10,10,False,45,45733,False,5.243093953952501,14.994823516608756,0.1476347186975377,0.13221375690730405,0.13450837312158298,0.13114318490544902,0.14924699589847534,0.13221375690730405,0.13221375690730405,0.13221375690730405,glob_probe,glob_probe,0.01542096179023364,0.0016122772009376507,853,313
nfcorpus,10,10,False,46,46733,False,4.973343977580759,14.994823516608756,0.14506758738922987,0.13921564984429477,0.13340381215016045,0.12940275907180765,0.1461309720532123,0.13155104509067378,0.13921564984429477,0.13921564984429477,glob_probe,glob_probe,0.0058519375449350985,0.0010633846639824251,869,313
nfcorpus,10,10,False,47,47733,False,30.744619561480498,14.994823516608756,0.14660914603482494,0.14946572858226048,0.13512568259667979,0.1348639458238391,0.14986260194482953,0.13618789363813746,0.14660914603482494,0.14660914603482494,ad_probe,ad_probe,0.0028565825474355377,0.003253455910004588,870,313
nfcorpus,10,10,False,48,48733,False,8.825261216332887,14.994823516608756,0.15275043185218576,0.15068440702085492,0.13687213469199092,0.13596919407362965,0.1511247859206782,0.13735321402387946,0.15068440702085492,0.15068440702085492,glob_probe,glob_probe,0.002066024831330837,0.0016256459315075467,1009,313
nfcorpus,10,10,False,49,49733,False,8.328970059418882,14.994823516608756,0.14926649402745865,0.13316422170572978,0.1338024660799888,0.13264597925068272,0.14863812351574548,0.13316422170572978,0.14926649402745865,0.13316422170572978,ad_probe,glob_probe,0.0,0.000628370511713161,908,313
nfcorpus,30,30,False,0,2100629,False,7.557306586782621,14.994823516608756,0.1546101752905931,0.1610485367338189,0.1413206981811039,0.13882799575252128,0.15461614313859146,0.1398592418200022,0.1610485367338189,0.1610485367338189,glob_probe,glob_probe,0.0,5.967847998361586e-06,2646,293
nfcorpus,30,30,False,1,2101629,False,19.88649412099464,14.994823516608756,0.14705996604101446,0.15321821611055803,0.12769709478657149,0.13021675023270857,0.14605036684662356,0.1315572493982596,0.12769709478657149,0.15321821611055803,trunc,glob_probe,0.02552112132398654,0.0010095991943908922,2478,293
nfcorpus,30,30,False,2,2102629,False,14.912927744288712,14.994823516608756,0.14313076402572694,0.14923323970197225,0.12788997856616263,0.1264909283377784,0.14303666217688338,0.12657442033587707,0.14923323970197225,0.14923323970197225,glob_probe,glob_probe,0.0,9.41018488435641e-05,2458,293
nfcorpus,30,30,False,3,2103629,False,16.421271793368703,14.994823516608756,0.1486548737859695,0.14750057042125642,0.13387673763864485,0.1306840813780111,0.14722615174623094,0.1317815941120275,0.14750057042125642,0.14750057042125642,glob_probe,glob_probe,0.0011543033647130885,0.001428722039738567,2711,293
nfcorpus,30,30,False,4,2104629,False,26.60826363698652,14.994823516608756,0.15000364917042963,0.1513281761056121,0.13761711195741325,0.1389443650706333,0.15202341388727564,0.14087074673584193,0.15000364917042963,0.15000364917042963,ad_probe,ad_probe,0.0013245269351824795,0.0020197647168460064,2673,293
nfcorpus,30,30,False,5,2105629,False,14.508522027218866,14.994823516608756,0.15293714334549383,0.1528997966740775,0.1386036934151575,0.13966313839943703,0.15308759559461493,0.14108316426943449,0.15293714334549383,0.15293714334549383,ad_probe,ad_probe,0.0,0.000150452249121108,2557,293
nfcorpus,30,30,False,6,2106629,False,16.559553957050426,14.994823516608756,0.1491543339943914,0.14702561077941562,0.13140114866563143,0.13251812067750787,0.14787923230919744,0.1327972852673713,0.14702561077941562,0.14702561077941562,glob_probe,glob_probe,0.002128723214975786,0.0012751016851939578,2634,293
nfcorpus,30,30,False,7,2107629,False,14.322099118869154,14.994823516608756,0.1467052563330164,0.15280173987883486,0.13257231912615064,0.1324916649853308,0.14623243029560024,0.13412500173991826,0.15280173987883486,0.15280173987883486,glob_probe,glob_probe,0.0,0.000472826037416163,2560,293
nfcorpus,30,30,False,8,2108629,False,14.507732725304884,14.994823516608756,0.15009786872302808,0.14672211510839644,0.13560585554169738,0.12924744667933627,0.1502391437571714,0.13249099326373612,0.14672211510839644,0.14672211510839644,glob_probe,glob_probe,0.0033757536146316325,0.00014127503414332332,2525,293
nfcorpus,30,30,False,9,2109629,False,14.834241056114152,14.994823516608756,0.14945905098842888,0.1498314597465928,0.13623852435370506,0.1324579829560473,0.14907670439662715,0.13294314186952405,0.1498314597465928,0.1498314597465928,glob_probe,glob_probe,0.0,0.00038234659180172437,2704,293
nfcorpus,30,30,False,10,2110629,False,14.548026290629466,14.994823516608756,0.14806388962503256,0.14863070646103124,0.13094055340864447,0.12918438833960985,0.14804514614630415,0.13055206583040316,0.14863070646103124,0.14863070646103124,glob_probe,glob_probe,0.0,1.874347872840576e-05,2601,293
nfcorpus,30,30,False,11,2111629,False,15.741199027797432,14.994823516608756,0.14680542542211483,0.14585993176791284,0.134925850314293,0.13405270660880161,0.14614370763011184,0.13364929618386132,0.14680542542211483,0.14680542542211483,ad_probe,ad_probe,0.0,0.0006617177920029971,2553,293
nfcorpus,30,30,False,12,2112629,False,14.62785836920487,14.994823516608756,0.1549069486385472,0.1359145673352097,0.13976280592120932,0.1344130301003998,0.1546668539768386,0.1359145673352097,0.1359145673352097,0.1359145673352097,glob_probe,glob_probe,0.018992381303337497,0.00024009466170860083,2656,293
nfcorpus,30,30,False,13,2113629,False,12.9309213289263,14.994823516608756,0.14871077501185287,0.1558773787253572,0.1351721691862409,0.13385127062762606,0.14902601266119678,0.13524239053674056,0.1558773787253572,0.1558773787253572,glob_probe,glob_probe,0.0,0.00031523764934390797,2704,293
nfcorpus,30,30,False,14,2114629,False,20.612136135428628,14.994823516608756,0.14956448406122008,0.14840983036275593,0.13531621020409876,0.1346199620204343,0.14958021333640192,0.13424461611393979,0.14840983036275593,0.14840983036275593,glob_probe,glob_probe,0.0011546536984641531,1.572927518184164e-05,2455,293
nfcorpus,30,30,False,15,2115629,False,16.845306353072232,14.994823516608756,0.15215553498232232,0.1561220623760771,0.1370733383850651,0.13406059991439925,0.15099714698548405,0.13630175099579103,0.1561220623760771,0.1561220623760771,glob_probe,glob_probe,0.0,0.0011583879968382615,2846,293
nfcorpus,30,30,False,16,2116629,False,15.086423023367722,14.994823516608756,0.1491214134289045,0.14597456296839662,0.13172905518671438,0.12803929760242597,0.14910732098644044,0.13060312468886381,0.14597456296839662,0.14597456296839662,glob_probe,glob_probe,0.0031468504605078884,1.4092442464058719e-05,2693,293
nfcorpus,30,30,False,17,2117629,False,10.622061546268425,14.994823516608756,0.1513071446248612,0.14994664257358564,0.13548668504333225,0.13226841378581977,0.15023699573294683,0.13438931284403105,0.14994664257358564,0.14994664257358564,glob_probe,glob_probe,0.0013605020512755528,0.0010701488919143687,2704,293
nfcorpus,30,30,False,18,2118629,False,21.494834013377034,14.994823516608756,0.14891474938710153,0.14785433399757275,0.13543449441794664,0.1365730592263014,0.14867217382417894,0.13824820424846035,0.14785433399757275,0.14785433399757275,glob_probe,glob_probe,0.0010604153895287793,0.0002425755629225923,2523,293
nfcorpus,30,30,False,19,2119629,False,13.118803858302355,14.994823516608756,0.14680979207878214,0.14760717986505156,0.1315835754205251,0.13008723276800566,0.147193720928802,0.13274153278750836,0.14760717986505156,0.14760717986505156,glob_probe,glob_probe,0.0,0.00038392885001986565,2506,293
nfcorpus,30,30,False,20,2120629,False,17.920182913478506,14.994823516608756,0.1532917228653011,0.15195988382792952,0.13752264507146034,0.13625961173061518,0.15259217737940456,0.1399496692832092,0.15195988382792952,0.15195988382792952,glob_probe,glob_probe,0.0013318390373715794,0.0006995454858965411,2669,293
nfcorpus,30,30,False,21,2121629,False,21.590191550502958,14.994823516608756,0.1492215098697783,0.1489172225976178,0.13296307502709043,0.13391835833159285,0.14987150552255946,0.13557514467161358,0.1492215098697783,0.1492215098697783,ad_probe,ad_probe,0.0,0.000649995652781149,2522,293
nfcorpus,30,30,False,22,2122629,False,12.030370987551198,14.994823516608756,0.15049426529833565,0.14377704011781425,0.1335519208418428,0.1335134658412447,0.1504011859191821,0.1367417640286583,0.1335519208418428,0.14377704011781425,trunc,glob_probe,0.01694234445649284,9.307937915353781e-05,2753,293
nfcorpus,30,30,False,23,2123629,False,20.095793612470395,14.994823516608756,0.1481386399085627,0.14776983894611503,0.1340389150316748,0.13516127924894203,0.14842152629941383,0.13602270129407873,0.1481386399085627,0.1481386399085627,ad_probe,ad_probe,0.0,0.00028288639085111145,2574,293
nfcorpus,30,30,False,24,2124629,False,14.177572536741636,14.994823516608756,0.1426999180492866,0.1456242149116757,0.128268237284736,0.1250941708567576,0.1423149974392112,0.12617534715915849,0.1456242149116757,0.1456242149116757,glob_probe,glob_probe,0.0,0.00038492061007541767,2712,293
nfcorpus,30,30,False,25,2125629,False,15.994481558231358,14.994823516608756,0.15509121126072273,0.15919443062732636,0.139975683506296,0.13696696736717398,0.15378396757393603,0.13783224464830043,0.15919443062732636,0.15919443062732636,glob_probe,glob_probe,0.0,0.0013072436867866966,2664,293
nfcorpus,30,30,False,26,2126629,False,14.891948273745381,14.994823516608756,0.14550729793245418,0.1435225373236019,0.1310011839420261,0.1319914480578646,0.1452327314091939,0.1322245694900237,0.1435225373236019,0.1435225373236019,glob_probe,glob_probe,0.0019847606088522762,0.0002745665232602723,2582,293
nfcorpus,30,30,False,27,2127629,False,13.949862290019638,14.994823516608756,0.14697190154948445,0.15308152310743978,0.13221430265707024,0.13411032035797987,0.1469728040171806,0.1342346606364228,0.15308152310743978,0.15308152310743978,glob_probe,glob_probe,0.0,9.024676961566502e-07,2695,293
nfcorpus,30,30,False,28,2128629,False,10.580479256687308,14.994823516608756,0.15181768764063044,0.14474958457372558,0.13776990914758908,0.13400070903697078,0.15095663390896372,0.13603317442776922,0.15181768764063044,0.15181768764063044,ad_probe,ad_probe,0.0,0.0008610537316667277,2638,293
nfcorpus,30,30,False,29,2129629,False,20.524643100859336,14.994823516608756,0.15257089539688706,0.15869788015042094,0.13715941478055854,0.13660979622827546,0.15227037087262726,0.13796725689565886,0.15869788015042094,0.15869788015042094,glob_probe,glob_probe,0.0,0.0003005245242597987,2597,293
nfcorpus,30,30,False,30,2130629,False,9.186024922963428,14.994823516608756,0.14827025754448772,0.1399689624897451,0.13145462663099342,0.12832136018177476,0.14812411653639468,0.13044279839682307,0.14827025754448772,0.1399689624897451,ad_probe,glob_probe,0.0,0.00014614100809304253,2527,293
nfcorpus,30,30,False,31,2131629,False,15.552837044089785,14.994823516608756,0.15314100192439592,0.15240505612502256,0.13780437606782314,0.13341473148649155,0.15293747666521604,0.13501143362010043,0.15240505612502256,0.15240505612502256,glob_probe,glob_probe,0.0007359457993733609,0.00020352525917988196,2570,293
nfcorpus,30,30,False,32,2132629,False,23.245635916028135,14.994823516608756,0.14416297302338466,0.12994675365365785,0.12847007731153468,0.11996989133852352,0.14320420545666904,0.12169388897269237,0.12994675365365785,0.12994675365365785,glob_probe,glob_probe,0.014216219369726807,0.0009587675667156181,2540,293
nfcorpus,30,30,False,33,2133629,False,15.33698935711073,14.994823516608756,0.14721596670108,0.15386573034836468,0.13524280675715084,0.1323439307234118,0.1477328957684813,0.13445743934609167,0.15386573034836468,0.15386573034836468,glob_probe,glob_probe,0.0,0.0005169290674013061,2554,293
nfcorpus,30,30,False,34,2134629,False,24.757227638813838,14.994823516608756,0.14955938127761417,0.1503782042124374,0.13876937609444218,0.14009812295513208,0.15192373224555675,0.14181727138189584,0.1503782042124374,0.1503782042124374,glob_probe,glob_probe,0.0,0.0023643509679425745,2585,293
nfcorpus,30,30,False,35,2135629,False,10.892308222969312,14.994823516608756,0.14697969397980773,0.15194991736371227,0.13217327455316744,0.1299935380195625,0.14545450230105325,0.1310695767241751,0.15194991736371227,0.15194991736371227,glob_probe,glob_probe,0.0,0.0015251916787544784,2603,293
nfcorpus,30,30,False,36,2136629,False,13.100870666467141,14.994823516608756,0.14412545231551654,0.14341552850931502,0.13062472655021728,0.13305359968202563,0.14419624222163574,0.13312676516353456,0.14341552850931502,0.14341552850931502,glob_probe,glob_probe,0.0007099238062015234,7.078990611919522e-05,2608,293
nfcorpus,30,30,False,37,2137629,False,15.107349769733704,14.994823516608756,0.1502000781456181,0.14923550530910004,0.1363747251491372,0.13649122070298914,0.150185985703154,0.13825527686824243,0.14923550530910004,0.14923550530910004,glob_probe,glob_probe,0.0009645728365180462,1.4092442464086474e-05,2677,293
nfcorpus,30,30,False,38,2138629,False,18.25310909285581,14.994823516608756,0.1458612867952743,0.12762720727259216,0.12943999915782323,0.12618078641023198,0.14433099541155223,0.12762720727259216,0.1458612867952743,0.12762720727259216,ad_probe,glob_probe,0.0,0.001530291383722071,2623,293
nfcorpus,30,30,False,39,2139629,False,15.30891483598389,14.994823516608756,0.14692821383818933,0.15382315675728866,0.13198294147853282,0.1310001935752508,0.1473603017537475,0.13322675181372567,0.15382315675728866,0.15382315675728866,glob_probe,glob_probe,0.0,0.0004320879155581825,2575,293
nfcorpus,30,30,False,40,2140629,False,14.211875508174106,14.994823516608756,0.1438682297005294,0.14987207240369604,0.13068165410467725,0.13105192156731313,0.14371126487358113,0.13200395559472655,0.14987207240369604,0.14987207240369604,glob_probe,glob_probe,0.0,0.0001569648269482693,2533,293
nfcorpus,30,30,False,41,2141629,False,16.053976098003268,14.994823516608756,0.15004080387788174,0.15050727024108657,0.13421166473712706,0.1314119228089563,0.14897555681360858,0.13339760028380618,0.15004080387788174,0.15050727024108657,ad_probe,glob_probe,0.00046646636320482604,0.0010652470642731615,2514,293
nfcorpus,30,30,False,42,2142629,False,17.416919488208322,14.994823516608756,0.14572165505596904,0.15196687580412022,0.1334861239248612,0.1329582211954915,0.14471139296209143,0.1332654015205048,0.14572165505596904,0.14572165505596904,ad_probe,ad_probe,0.006245220748151176,0.001010262093877612,2448,293
nfcorpus,30,30,False,43,2143629,False,17.475968588353982,14.994823516608756,0.1505341618359027,0.14916384593541862,0.1365384529372538,0.1343147315196697,0.1502112512365477,0.13583480245517712,0.1505341618359027,0.1505341618359027,ad_probe,ad_probe,0.0,0.00032291059935501965,2678,293
nfcorpus,30,30,False,44,2144629,False,11.381608974418299,14.994823516608756,0.14679261930323942,0.14812362960699557,0.13152362897587647,0.13160554010445655,0.14607104791179165,0.1329172821407163,0.14679261930323942,0.14812362960699557,ad_probe,glob_probe,0.0013310103037561527,0.0007215713914477673,2668,293
nfcorpus,30,30,False,45,2145629,False,12.619179714941858,14.994823516608756,0.14489941491555325,0.14298889019352534,0.13138210935865863,0.13477696121948624,0.14429148216886517,0.13429764188024448,0.14298889019352534,0.14298889019352534,glob_probe,glob_probe,0.0019105247220279065,0.000607932746688078,2537,293
nfcorpus,30,30,False,46,2146629,False,18.513563703752556,14.994823516608756,0.1463292741988485,0.15269363335940375,0.1331082163036826,0.1338720699422046,0.14594597517088978,0.13354999589718977,0.15269363335940375,0.15269363335940375,glob_probe,glob_probe,0.0,0.0003832990279587223,2625,293
nfcorpus,30,30,False,47,2147629,False,12.545400521443852,14.994823516608756,0.14349012460391392,0.1432704485231405,0.12857879268296432,0.12690614335161077,0.14394410883882183,0.12780755680746195,0.1432704485231405,0.1432704485231405,glob_probe,glob_probe,0.00021967608077341771,0.00045398423490791706,2677,293
nfcorpus,30,30,False,48,2148629,False,14.153282273496528,14.994823516608756,0.1500091146785946,0.15651447035848307,0.1350519495706573,0.13709105996328755,0.1497718054783305,0.13725615220860268,0.15651447035848307,0.15651447035848307,glob_probe,glob_probe,0.0,0.00023730920026410196,2562,293
nfcorpus,30,30,False,49,2149629,False,15.301295767260008,14.994823516608756,0.14626350138307703,0.15393182669347197,0.13330646641813368,0.13391222084504828,0.14702914526359045,0.13692544167363127,0.15393182669347197,0.15393182669347197,glob_probe,glob_probe,0.0,0.0007656438805134225,2632,293
nfcorpus,50,50,False,0,2200315,False,11.213479807745912,14.994823516608756,0.1446039004130458,0.14828391677738992,0.12826033658282962,0.12458816160510174,0.14433701920721823,0.12597415974775417,0.14828391677738992,0.14828391677738992,glob_probe,glob_probe,0.0,0.0002668812058275738,4334,273
nfcorpus,50,50,False,1,2201315,False,15.832792682819157,14.994823516608756,0.15055027768854404,0.14938665820081212,0.13390096584574976,0.13032208811106444,0.14999791143232236,0.13281903025859998,0.14938665820081212,0.14938665820081212,glob_probe,glob_probe,0.001163619487731915,0.0005523662562216813,4255,273
nfcorpus,50,50,False,2,2202315,False,13.977490017048593,14.994823516608756,0.1430332429380307,0.14214638767915236,0.13187137255139153,0.13209037684990138,0.14257102449448059,0.13199110880032588,0.14214638767915236,0.14214638767915236,glob_probe,glob_probe,0.0008868552588783551,0.00046221844355012753,4379,273
nfcorpus,50,50,False,3,2203315,False,11.742560364360404,14.994823516608756,0.1466590928155232,0.1499793532081461,0.1326297266140067,0.13358740752638396,0.14721609939176794,0.13235550189601883,0.1499793532081461,0.1499793532081461,glob_probe,glob_probe,0.0,0.0005570065762447451,4401,273
nfcorpus,50,50,False,4,2204315,False,20.495216638390218,14.994823516608756,0.14648915023700326,0.15050442770689132,0.13400040108306088,0.12854591292126763,0.1457461733445124,0.13071213093071865,0.15050442770689132,0.15050442770689132,glob_probe,glob_probe,0.0,0.0007429768924908653,4237,273
nfcorpus,50,50,False,5,2205315,False,13.965925144194873,14.994823516608756,0.1427615191958159,0.14653862708230575,0.1264345546887377,0.12475097309433571,0.1422051549568402,0.12698542844677535,0.14653862708230575,0.14653862708230575,glob_probe,glob_probe,0.0,0.000556364238975704,4426,273
nfcorpus,50,50,False,6,2206315,False,21.861605545155125,14.994823516608756,0.15431920249421446,0.153349805631036,0.14052525217799705,0.14072916344094571,0.1552188174087203,0.14197503796523012,0.153349805631036,0.153349805631036,glob_probe,glob_probe,0.0009693968631784566,0.0008996149145058252,4385,273
nfcorpus,50,50,False,7,2207315,False,12.964614898785765,14.994823516608756,0.14550462797583472,0.14033319979414974,0.1329021460198874,0.1238832386870952,0.14648001014088013,0.12660525831295175,0.14033319979414974,0.14033319979414974,glob_probe,glob_probe,0.005171428181684978,0.0009753821650454186,4294,273
nfcorpus,50,50,False,8,2208315,False,9.222336425076264,14.994823516608756,0.14618593775736438,0.14783491892797254,0.13273362539340608,0.12699503263396875,0.14572205567584534,0.12978762679536676,0.14618593775736438,0.14783491892797254,ad_probe,glob_probe,0.0016489811706081603,0.0004638820815190403,4335,273
nfcorpus,50,50,False,9,2209315,False,16.564357166571398,14.994823516608756,0.15211011463394578,0.15052393230696326,0.1374712027133383,0.1340014600694312,0.1509883741591209,0.1357802950057947,0.15211011463394578,0.15211011463394578,ad_probe,ad_probe,0.0,0.0011217404748248838,4350,273
nfcorpus,50,50,False,10,2210315,False,13.849021675648812,14.994823516608756,0.15102572585677804,0.15262609260303858,0.13515054945284555,0.13488927557593794,0.15113118947698814,0.13755795443423466,0.15262609260303858,0.15262609260303858,glob_probe,glob_probe,0.0,0.00010546362021010558,4336,273
nfcorpus,50,50,False,11,2211315,False,20.228055336492165,14.994823516608756,0.13878300386575462,0.13765077426112607,0.1296417181045057,0.13222601077789137,0.139972854477625,0.13261301750487953,0.13765077426112607,0.13765077426112607,glob_probe,glob_probe,0.001132229604628554,0.00118985061187038,4260,273
nfcorpus,50,50,False,12,2212315,False,13.323729106552802,14.994823516608756,0.15136905215028046,0.15914240308345082,0.13713593574752858,0.13751134923175248,0.15197404491879812,0.1376415967122882,0.15914240308345082,0.15914240308345082,glob_probe,glob_probe,0.0,0.0006049927685176648,4342,273
nfcorpus,50,50,False,13,2213315,False,11.109787540456464,14.994823516608756,0.15269027334673543,0.16013714223201467,0.1348413410471824,0.13547903529115177,0.15153007784155054,0.13834506930648077,0.15269027334673543,0.15269027334673543,ad_probe,ad_probe,0.007446868885279234,0.0011601955051848967,4404,273
nfcorpus,50,50,False,14,2214315,False,15.510494641424664,14.994823516608756,0.147177728442805,0.14782371251020196,0.13308306460735156,0.1275926507777517,0.1474100070591455,0.13175906444779598,0.14782371251020196,0.14782371251020196,glob_probe,glob_probe,0.0,0.00023227861634050884,4193,273
nfcorpus,50,50,False,15,2215315,False,15.606819918603547,14.994823516608756,0.15095264406354827,0.1372834935894814,0.1337564921709131,0.12579911175250139,0.15080395626672047,0.1289927161953344,0.1372834935894814,0.1372834935894814,glob_probe,glob_probe,0.013669150474066888,0.00014868779682780664,4340,273
nfcorpus,50,50,False,16,2216315,False,19.966673720563016,14.994823516608756,0.1467849375329265,0.1520503320920647,0.12747074609831915,0.12857405448719514,0.14612413759275683,0.1291197163662922,0.1520503320920647,0.1520503320920647,glob_probe,glob_probe,0.0,0.0006607999401696818,4209,273
nfcorpus,50,50,False,17,2217315,False,11.754411673990063,14.994823516608756,0.1555087957173321,0.1625285128830557,0.14046932219848965,0.14005500099611362,0.15584330633704913,0.14171593702302235,0.1555087957173321,0.1625285128830557,ad_probe,glob_probe,0.00701971716572361,0.00033451061971703777,4321,273
nfcorpus,50,50,False,18,2218315,False,20.184462308878167,14.994823516608756,0.14433289387200202,0.1439194744203659,0.13672960514335306,0.13779182425136885,0.14556528277361003,0.13780612516907245,0.14433289387200202,0.14433289387200202,ad_probe,ad_probe,0.0,0.0012323889016080114,4349,273
nfcorpus,50,50,False,19,2219315,False,12.152520045591388,14.994823516608756,0.15020665313361145,0.15021832942786503,0.13653272224364432,0.13303680056931258,0.1506252355893809,0.13364364074991827,0.15021832942786503,0.15021832942786503,glob_probe,glob_probe,0.0,0.00041858245576945063,4416,273
nfcorpus,50,50,False,20,2220315,False,14.93811501465365,14.994823516608756,0.15435168080783085,0.15216010031814528,0.1408437275434517,0.14181614471491696,0.15425033676629654,0.14317350506677431,0.15216010031814528,0.15216010031814528,glob_probe,glob_probe,0.0021915804896855684,0.00010134404153430698,4385,273
nfcorpus,50,50,False,21,2221315,False,20.095793612470395,14.994823516608756,0.14898143630730967,0.15654998703682102,0.13609141116887444,0.13887348894199958,0.14896036175952979,0.13842442278897388,0.15654998703682102,0.14898143630730967,glob_probe,ad_probe,0.0,2.107454777988682e-05,4257,273
nfcorpus,50,50,False,22,2222315,False,16.91129986087025,14.994823516608756,0.14812221590402697,0.13952655620909873,0.13138380077733097,0.13187863182981896,0.1480669536799349,0.13179207040299445,0.13952655620909873,0.13952655620909873,glob_probe,glob_probe,0.008595659694928232,5.5262224092078593e-05,4279,273
nfcorpus,50,50,False,23,2223315,False,15.072630642608408,14.994823516608756,0.14749384322937975,0.14093932741251103,0.13419193079622954,0.12197288441327123,0.14739289639264033,0.1248988750368689,0.14093932741251103,0.14093932741251103,glob_probe,glob_probe,0.006554515816868722,0.0001009468367394184,4297,273
nfcorpus,50,50,False,24,2224315,False,14.177572536741636,14.994823516608756,0.14937694951810637,0.1476115419739094,0.13401531543581635,0.13516450646428746,0.1489227980515238,0.13563253229032696,0.1476115419739094,0.1476115419739094,glob_probe,glob_probe,0.0017654075441969619,0.0004541514665825641,4388,273
nfcorpus,50,50,False,25,2225315,False,10.331484479270223,14.994823516608756,0.14761419032381579,0.14653079748700978,0.13275475208656667,0.12548321084061645,0.1476714780333388,0.1282680415905232,0.14653079748700978,0.14653079748700978,glob_probe,glob_probe,0.001083392836806002,5.7287709523012875e-05,4412,273
nfcorpus,50,50,False,26,2226315,False,13.521488909398204,14.994823516608756,0.14903282840941323,0.14831123901690785,0.13777386877874978,0.137374631308121,0.1494936365538997,0.13873532294565422,0.14831123901690785,0.14831123901690785,glob_probe,glob_probe,0.000721589392505384,0.00046080814448645757,4206,273
nfcorpus,50,50,False,27,2227315,False,15.034003964149143,14.994823516608756,0.14741417270971674,0.14669974108755032,0.1338675539193268,0.13278657044741213,0.14739904785388533,0.1357719031031277,0.14669974108755032,0.14669974108755032,glob_probe,glob_probe,0.0007144316221664171,1.5124855831410988e-05,4426,273
nfcorpus,50,50,False,28,2228315,False,25.12397325165503,14.994823516608756,0.1509849526872443,0.16011105063472722,0.13802306504564232,0.13990563988960028,0.1522058198096611,0.14123982304836857,0.1509849526872443,0.16011105063472722,ad_probe,glob_probe,0.009126097947482925,0.0012208671224168133,4269,273
nfcorpus,50,50,False,29,2229315,False,16.560557375013467,14.994823516608756,0.14433305782164046,0.1490186764277756,0.1342082337042507,0.12833446297243165,0.14286210625733448,0.12881830346666653,0.1490186764277756,0.1490186764277756,glob_probe,glob_probe,0.0,0.001470951564305989,4328,273
nfcorpus,50,50,False,30,2230315,False,15.376585248220543,14.994823516608756,0.15173628889887153,0.1497612926935122,0.13595799926871774,0.1366128750541803,0.15246276441826087,0.13723892574107133,0.1497612926935122,0.1497612926935122,glob_probe,glob_probe,0.0019749962053593195,0.0007264755193893413,4357,273
nfcorpus,50,50,False,31,2231315,False,15.064106370706892,14.994823516608756,0.14835499657954795,0.15442991831110514,0.13739386384707292,0.13486751025348948,0.14833987172371657,0.13589658265895202,0.15442991831110514,0.15442991831110514,glob_probe,glob_probe,0.0,1.5124855831383233e-05,4302,273
nfcorpus,50,50,False,32,2232315,False,13.93420022478466,14.994823516608756,0.1498303652737883,0.15405101470212407,0.13280018137922633,0.13268071783789295,0.14934600828075617,0.13480746368325847,0.15405101470212407,0.15405101470212407,glob_probe,glob_probe,0.0,0.0004843569930321201,4344,273
nfcorpus,50,50,False,33,2233315,False,14.763864624166171,14.994823516608756,0.1460414363899417,0.14437320718453064,0.1325256182719272,0.12504235954849288,0.14577144371750633,0.1284869022655077,0.14437320718453064,0.14437320718453064,glob_probe,glob_probe,0.0016682292054110426,0.0002699926724353541,4345,273
nfcorpus,50,50,False,34,2234315,False,12.859005475228814,14.994823516608756,0.14916105189623913,0.14625948746032133,0.13514805692485066,0.139319701901345,0.14920123831964752,0.1387635733660808,0.14625948746032133,0.14625948746032133,glob_probe,glob_probe,0.0029015644359177972,4.0186423408389293e-05,4352,273
nfcorpus,50,50,False,35,2235315,False,14.099782485637032,14.994823516608756,0.14833810959907487,0.15627140649123966,0.13436908604162062,0.13681950205789462,0.1479444497396904,0.1372276629615643,0.14833810959907487,0.14833810959907487,ad_probe,ad_probe,0.007933296892164793,0.0003936598593844709,4433,273
nfcorpus,50,50,False,36,2236315,False,13.043645330581413,14.994823516608756,0.14758540398982986,0.15533131905980394,0.13129063263347066,0.1345960321465029,0.14774986083964736,0.13503068496934292,0.15533131905980394,0.15533131905980394,glob_probe,glob_probe,0.0,0.00016445684981750142,4423,273
nfcorpus,50,50,False,37,2237315,False,14.175940894485237,14.994823516608756,0.1479245805521184,0.15513053544000402,0.1362194105411315,0.13731585577850655,0.14739012718251238,0.13914080321440972,0.15513053544000402,0.15513053544000402,glob_probe,glob_probe,0.0,0.0005344533696060305,4439,273
nfcorpus,50,50,False,38,2238315,False,20.49703187371432,14.994823516608756,0.14857654254493285,0.14777820811933282,0.13338475436179387,0.1305191315752463,0.1471827170640625,0.13211285388749525,0.14777820811933282,0.14777820811933282,glob_probe,glob_probe,0.0007983344256000391,0.0013938254808703587,4206,273
nfcorpus,50,50,False,39,2239315,False,18.107867553873767,14.994823516608756,0.14824772096888034,0.15158964594472701,0.13139949795641215,0.12894814910127836,0.14759855787084256,0.13022861577872277,0.15158964594472701,0.15158964594472701,glob_probe,glob_probe,0.0,0.0006491630980377805,4278,273
nfcorpus,50,50,False,40,2240315,False,19.076498476896347,14.994823516608756,0.15388535238900233,0.15567656330956509,0.1393117836493973,0.13698875823417903,0.15416804166346165,0.13935840794326465,0.15388535238900233,0.15567656330956509,ad_probe,glob_probe,0.0017912109205627524,0.000282689274459319,4349,273
nfcorpus,50,50,False,41,2241315,False,14.53673490201753,14.994823516608756,0.1392662976690041,0.14513800913127864,0.12965552092527274,0.13121988760031264,0.1391965971869101,0.13036025978801397,0.14513800913127864,0.14513800913127864,glob_probe,glob_probe,0.0,6.970048209400947e-05,4315,273
nfcorpus,50,50,False,42,2242315,False,15.32331176928416,14.994823516608756,0.14807113040343461,0.15491046944931247,0.13122995997729736,0.1329297700039295,0.14852686767884246,0.13570068559914086,0.15491046944931247,0.15491046944931247,glob_probe,glob_probe,0.0,0.00045573727540784703,4300,273
nfcorpus,50,50,False,43,2243315,False,14.981031135849442,14.994823516608756,0.15147573959427887,0.14295691924503834,0.13827934630786584,0.13440600060479818,0.1513943395128788,0.1326093203254544,0.14295691924503834,0.14295691924503834,glob_probe,glob_probe,0.008518820349240536,8.140008140006261e-05,4413,273
nfcorpus,50,50,False,44,2244315,False,13.931622172762403,14.994823516608756,0.14120175538000615,0.14581171551489738,0.1260579648007788,0.12672019243682145,0.1411303630363525,0.1288016636125408,0.14581171551489738,0.14581171551489738,glob_probe,glob_probe,0.0,7.139234365363678e-05,4261,273
nfcorpus,50,50,False,45,2245315,False,15.694510519137436,14.994823516608756,0.14338872723066104,0.15008597242402458,0.12789264535578979,0.1291303897179802,0.1435796290755401,0.13015221282615722,0.15008597242402458,0.15008597242402458,glob_probe,glob_probe,0.0,0.00019090184487904893,4156,273
nfcorpus,50,50,False,46,2246315,False,9.83678292956375,14.994823516608756,0.1405996322347489,0.14607148989911845,0.1292303453302336,0.13060541988552127,0.1406738563675775,0.1309729609131788,0.14607148989911845,0.14607148989911845,glob_probe,glob_probe,0.0,7.422413282862084e-05,4330,273
nfcorpus,50,50,False,47,2247315,False,16.80485003474027,14.994823516608756,0.1496929669844668,0.15592696371590029,0.13535944105982822,0.13655277008532057,0.14808776652731293,0.13744765080340912,0.15592696371590029,0.15592696371590029,glob_probe,glob_probe,0.0,0.0016052004571538714,4326,273
nfcorpus,50,50,False,48,2248315,False,16.238259333618974,14.994823516608756,0.14989773080365842,0.15271233155989986,0.13385537168742137,0.13324319367912285,0.1492460990731655,0.13454879855451635,0.15271233155989986,0.15271233155989986,glob_probe,glob_probe,0.0,0.0006516317304929298,4338,273
nfcorpus,50,50,False,49,2249315,False,14.741133168021307,14.994823516608756,0.14771701476627347,0.14408924371430676,0.13275982563348165,0.12516084629608087,0.14761093353507646,0.12775086414564008,0.14408924371430676,0.14408924371430676,glob_probe,glob_probe,0.0036277710519667106,0.00010608123119701385,4510,273
scifact,10,10,False,0,9,False,0.5780016847555716,0.5765479088004115,0.47041324575807325,0.5115288351495249,0.19705812619357962,0.39477210528934664,0.4707580733442802,0.36067499719122437,0.5115288351495249,0.5115288351495249,glob_probe,glob_probe,0.0,0.00034482758620696385,835,290
scifact,10,10,False,1,1009,False,0.6273303161095425,0.5765479088004115,0.45708289794496687,0.5148203711996816,0.1974901591780864,0.3955274419067522,0.4692585958103199,0.3616985330423464,0.5148203711996816,0.5148203711996816,glob_probe,glob_probe,0.0,0.012175697865353052,748,290
scifact,10,10,False,2,2009,False,0.5426325180146111,0.5765479088004115,0.48165049509877095,0.5129656167587202,0.19555023753051856,0.3943780166193959,0.47059138179827836,0.3607936277155344,0.5129656167587202,0.5129656167587202,glob_probe,glob_probe,0.0,0.011059113300492585,800,290
scifact,10,10,False,3,3009,False,0.526367686800808,0.5765479088004115,0.4883196496989601,0.46812807881773405,0.19626394235172848,0.3967470269194407,0.47058043489077966,0.3604369019531291,0.4883196496989601,0.46812807881773405,ad_probe,glob_probe,0.0,0.017739214808180415,784,290
scifact,10,10,False,4,4009,False,0.5851946360637492,0.5765479088004115,0.46477857391650496,0.46180623973727414,0.19695465011140173,0.39386077524008556,0.46494825098273374,0.3593449479301406,0.46180623973727414,0.46180623973727414,glob_probe,glob_probe,0.0029723341792308178,0.00016967706622877943,856,290
scifact,10,10,False,5,5009,False,0.5585673483907724,0.5765479088004115,0.4737331442503856,0.5075058466437777,0.19842629825140687,0.3937868836144698,0.4675919291436532,0.358597821493359,0.5075058466437777,0.5075058466437777,glob_probe,glob_probe,0.0,0.006141215106732378,897,290
scifact,10,10,False,6,6009,False,0.5286584646979708,0.5765479088004115,0.4838368910782704,0.5144023983679157,0.1983141368681898,0.3944163307956411,0.46759192914365333,0.3587784454670864,0.4838368910782704,0.5144023983679157,ad_probe,glob_probe,0.0305655072896453,0.016244961934617053,894,290
scifact,10,10,False,7,7009,False,0.5277455169065843,0.5765479088004115,0.486135741652983,0.46071931899518104,0.19540937264827438,0.39633726426829874,0.47005498333084533,0.358926228718318,0.46071931899518104,0.46071931899518104,glob_probe,glob_probe,0.025416422657801974,0.016080758322137678,844,290
scifact,10,10,False,8,8009,False,0.5918802777917973,0.5765479088004115,0.46287381201174305,0.5040575707817088,0.19284408634566555,0.39170697118972975,0.46293675672986023,0.3586717131189748,0.5040575707817088,0.5040575707817088,glob_probe,glob_probe,0.0,6.294471811718605e-05,817,290
scifact,10,10,False,9,9009,False,0.5025220599756267,0.5765479088004115,0.4973070607553366,0.46871304940270453,0.1979749328664982,0.399183460217943,0.47439543215405283,0.36271154302087366,0.4973070607553366,0.4973070607553366,ad_probe,ad_probe,0.0,0.022911628601283762,879,290
scifact,10,10,False,10,10009,False,0.5573454879693159,0.5765479088004115,0.47475941682838224,0.5103794098621685,0.19808789950402145,0.39299870627456834,0.4681666417873314,0.3583761466165117,0.5103794098621685,0.5103794098621685,glob_probe,glob_probe,0.0,0.006592775041050825,889,290
scifact,10,10,False,11,11009,False,0.5612610536703067,0.5765479088004115,0.47580210976762705,0.508655271931134,0.19535556515619312,0.39679703438324126,0.4698250982733741,0.3597032103573686,0.508655271931134,0.508655271931134,glob_probe,glob_probe,0.0,0.005977011494252948,837,290
scifact,10,10,False,12,12009,False,0.6054291587502605,0.5765479088004115,0.46146713439816883,0.4577882845124224,0.19860994360821566,0.39340100512514303,0.4672471015574463,0.35556826484311266,0.4577882845124224,0.4577882845124224,glob_probe,glob_probe,0.0036788498857464047,0.005779967159277477,851,290
scifact,10,10,False,13,13009,False,0.5647876237183775,0.5765479088004115,0.47223889137682235,0.4618062397372742,0.19731656788711263,0.39288376374583267,0.46782181420112456,0.35855677059023916,0.4618062397372742,0.4618062397372742,glob_probe,glob_probe,0.010432651639548152,0.004417077175697781,871,290
scifact,10,10,False,14,14009,False,0.6101202688332908,0.5765479088004115,0.457386674628054,0.4577935091728195,0.19686974459546172,0.3947663830422451,0.4653998109170523,0.3590055172458823,0.4577935091728195,0.4577935091728195,glob_probe,glob_probe,0.0,0.008013136288998302,777,290
scifact,10,10,False,15,15009,False,0.5061942313173158,0.5765479088004115,0.49220306513409956,0.5134171766930388,0.1983890744222677,0.395297556849281,0.4707829526795044,0.35953378208449205,0.5134171766930388,0.5134171766930388,glob_probe,glob_probe,0.0,0.021420112454595186,882,290
scifact,10,10,False,16,16009,False,0.5517432452370374,0.5765479088004115,0.47460616012340145,0.5080805592874558,0.1984864220356686,0.3932285913320396,0.4674769866149176,0.35642212362800596,0.5080805592874558,0.5080805592874558,glob_probe,glob_probe,0.0,0.007129173508483855,835,290
scifact,10,10,False,17,17009,False,0.525647566050037,0.5765479088004115,0.4843459222769567,0.5084253868736627,0.19637817396190327,0.3944738020600089,0.46695153505498327,0.36010849472817014,0.5084253868736627,0.5084253868736627,glob_probe,glob_probe,0.0,0.01739438722197345,773,290
scifact,10,10,False,18,18009,False,0.5187259021377988,0.5765479088004115,0.49542966611932127,0.51928745583918,0.1990612951520907,0.39813554261830125,0.4743078568940638,0.36233362591881857,0.51928745583918,0.51928745583918,glob_probe,glob_probe,0.0,0.02112180922525747,843,290
scifact,10,10,False,19,19009,False,0.5426706602428462,0.5765479088004115,0.4831447479723342,0.46599343185550074,0.19641439534700905,0.3921284271284271,0.4698250982733741,0.35804475387132584,0.46599343185550074,0.46599343185550074,glob_probe,glob_probe,0.01715131611683346,0.013319649698960101,805,290
scifact,10,10,False,20,20009,False,0.5594833233665535,0.5765479088004115,0.473306214857939,0.5138687366273573,0.19823568708209388,0.39694780315469963,0.46831442503856296,0.36306391095944845,0.5138687366273573,0.5138687366273573,glob_probe,glob_probe,0.0,0.004991789819376036,803,290
scifact,10,10,False,21,21009,False,0.5860401458083333,0.5765479088004115,0.4636291486291486,0.5109541225058467,0.19614573942729088,0.3907491167835995,0.4635689406379062,0.35572425827496823,0.4636291486291486,0.5109541225058467,ad_probe,glob_probe,0.047324973876698095,6.020799124240028e-05,874,290
scifact,10,10,False,22,22009,False,0.5624376860650038,0.5765479088004115,0.47415460018908295,0.29735632183908045,0.19712558423877868,0.39384161815196295,0.46973752301338506,0.3595270207592723,0.47415460018908295,0.29735632183908045,ad_probe,glob_probe,0.0,0.004417077175697892,784,290
scifact,10,10,False,23,23009,False,0.5766632068001522,0.5765479088004115,0.4691929143653281,0.5147855401303677,0.19830957870770963,0.3943588595312733,0.4691929143653281,0.35916021886610117,0.5147855401303677,0.5147855401303677,glob_probe,glob_probe,0.0,0.0,752,290
scifact,10,10,False,24,24009,False,0.6268600858297029,0.5765479088004115,0.4501863462208289,0.4572085385878489,0.19621083363939054,0.3889483505000746,0.4627643429367567,0.35775217288908967,0.4572085385878489,0.4572085385878489,glob_probe,glob_probe,0.0,0.012577996715927797,825,290
scifact,10,10,False,25,25009,False,0.5142479704766261,0.5765479088004115,0.48978927203065137,0.5178506742299847,0.19620159464285572,0.3951552470517987,0.46951858486341247,0.3623468885182881,0.48978927203065137,0.48978927203065137,ad_probe,ad_probe,0.028061402199333285,0.0202706871672389,854,290
scifact,10,10,False,26,26009,False,0.6471026170007659,0.5765479088004115,0.44570632432701396,0.5063564213564213,0.1902709191477519,0.38981862964621583,0.46407797183659255,0.35751407765099447,0.5063564213564213,0.5063564213564213,glob_probe,glob_probe,0.0,0.018371647509578592,799,290
scifact,10,10,False,27,27009,False,0.5289872348336218,0.5765479088004115,0.48188286808976466,0.5098046972184903,0.19839341634071386,0.39469547693685625,0.4656379061551475,0.3574648165672506,0.5098046972184903,0.5098046972184903,glob_probe,glob_probe,0.0,0.016244961934617164,866,290
scifact,10,10,False,28,28009,False,0.5986031175040786,0.5765479088004115,0.46967731502214255,0.46474230750092815,0.19927564329446384,0.398742847191123,0.47292854654923616,0.36249765728974653,0.46474230750092815,0.46474230750092815,glob_probe,glob_probe,0.004935007521214396,0.003251231527093612,833,290
scifact,10,10,False,29,29009,False,0.5157286796219411,0.5765479088004115,0.48813902572523254,0.46065681444991785,0.1992097389486407,0.39274966412897444,0.4685114693735383,0.3614738726452722,0.46065681444991785,0.46065681444991785,glob_probe,glob_probe,0.027482211275314694,0.01962755635169422,783,290
scifact,10,10,False,30,30009,False,0.5912221593270728,0.5765479088004115,0.46618798825695373,0.512103547793203,0.19865382329744372,0.3966246205901378,0.4681666417873314,0.3590097793799619,0.512103547793203,0.512103547793203,glob_probe,glob_probe,0.0,0.001978653530377683,869,290
scifact,10,10,False,31,31009,False,0.6969752316287916,0.5765479088004115,0.44020002985520224,0.5092299845748122,0.19523657891057192,0.3915044534010051,0.46379882569537734,0.3565370661567416,0.5092299845748122,0.5092299845748122,glob_probe,glob_probe,0.0,0.023598795840175102,858,290
scifact,10,10,False,32,32009,False,0.5488211113387889,0.5765479088004115,0.4733253719460616,0.5072184903219386,0.1981902678020348,0.3893698064387719,0.4641272329203363,0.35573246845559214,0.5072184903219386,0.5072184903219386,glob_probe,glob_probe,0.0,0.009198139025725305,868,290
scifact,10,10,False,33,33009,False,0.5988945129062712,0.5765479088004115,0.46140145295317714,0.4578457557767902,0.1969543603269251,0.3920269194407125,0.4644063790615515,0.35472535296571805,0.4578457557767902,0.4578457557767902,glob_probe,glob_probe,0.0035556971763869294,0.003004926108374384,860,290
scifact,10,10,False,34,34009,False,0.5530023803230473,0.5765479088004115,0.47621535552570043,0.5132529730805593,0.19863078401984055,0.3948706274568343,0.46927775289844265,0.3593381866049209,0.5132529730805593,0.5132529730805593,glob_probe,glob_probe,0.0,0.006937602627257788,860,290
scifact,10,10,False,35,35009,False,0.6274537271355112,0.5765479088004115,0.4535771508185301,0.5138276857242374,0.1976373914475006,0.39327785241578345,0.46782181420112456,0.3603301696050174,0.4535771508185301,0.5138276857242374,ad_probe,glob_probe,0.06025053490570731,0.014244663382594447,769,290
scifact,10,10,False,36,36009,False,0.6146731880948983,0.5765479088004115,0.46146713439816894,0.5144023983679156,0.19632159936678914,0.39449295914813154,0.47023560730457287,0.3591314832339173,0.5144023983679156,0.5144023983679156,glob_probe,glob_probe,0.0,0.008768472906403924,824,290
scifact,10,10,False,37,37009,False,0.5813537415528857,0.5765479088004115,0.4649893018858536,0.4646798029556651,0.19627953492093367,0.39267577250335867,0.4660319948250983,0.3564358072623792,0.4649893018858536,0.4646798029556651,ad_probe,glob_probe,0.0,0.0010426929392446938,831,290
scifact,10,10,False,38,38009,False,0.5401487649786825,0.5765479088004115,0.48298054435985466,0.5138276857242374,0.19853911646767336,0.3955767029904961,0.470810319948251,0.35957483298761184,0.5138276857242374,0.5138276857242374,glob_probe,glob_probe,0.0,0.012170224411603647,827,290
scifact,10,10,False,39,39009,False,0.6442814045837542,0.5765479088004115,0.4529887545404787,0.459805003425693,0.1978704846297771,0.39495272926307406,0.4711879882569537,0.3584860367264018,0.459805003425693,0.459805003425693,glob_probe,glob_probe,0.0,0.018199233716474972,775,290
scifact,10,10,False,40,40009,False,0.6004552369236449,0.5765479088004115,0.46434069761655966,0.46036945812807883,0.19633464247233784,0.3923090511021545,0.4673045728218142,0.35881949637020627,0.46036945812807883,0.46036945812807883,glob_probe,glob_probe,0.003971239488480827,0.0029638752052545403,809,290
scifact,10,10,False,41,41009,False,0.6146704242802425,0.5765479088004115,0.45809548688859036,0.5158966512414789,0.19281052851291908,0.3931711200676718,0.4683582126685574,0.3591874178334625,0.45809548688859036,0.45809548688859036,ad_probe,ad_probe,0.05780116435288851,0.010262725779967063,831,290
scifact,10,10,False,42,42009,False,0.5598963821138538,0.5765479088004115,0.4753916007364282,0.5157160272677513,0.19714243167849363,0.39536771657461306,0.46925038562969595,0.3617229147908661,0.5157160272677513,0.5157160272677513,glob_probe,glob_probe,0.0,0.006141215106732267,822,290
scifact,10,10,False,43,43009,False,0.6349628017116354,0.5765479088004115,0.4530024381748519,0.5136709459123251,0.19460090201794286,0.39127456834353386,0.4681091705229637,0.3579163765015692,0.5136709459123251,0.5136709459123251,glob_probe,glob_probe,0.0,0.015106732348111773,831,290
scifact,10,10,False,44,44009,False,0.5347355464403845,0.5765479088004115,0.48648056923918986,0.5155518236552719,0.19818067607219267,0.3954699706423844,0.4725344578792854,0.3603825884505397,0.5155518236552719,0.5155518236552719,glob_probe,glob_probe,0.0,0.013946111359904478,842,290
scifact,10,10,False,45,45009,False,0.5905598017086988,0.5765479088004115,0.4632843210429417,0.46065681444991785,0.195594745648049,0.39357341891824654,0.4643735383390556,0.35596235351306343,0.46065681444991785,0.46065681444991785,glob_probe,glob_probe,0.002627506593023854,0.0010892172961138868,880,290
scifact,10,10,False,46,46009,False,0.5973572660693875,0.5765479088004115,0.4679230730954869,0.4635303776683087,0.1970808620783845,0.3942630740906603,0.4702356073045728,0.3566437985048533,0.4635303776683087,0.4635303776683087,glob_probe,glob_probe,0.004392695427178239,0.0023125342090858925,863,290
scifact,10,10,False,47,47009,False,0.5586008614369136,0.5765479088004115,0.4779203363686122,0.512390904115042,0.19821862278511068,0.39805617753893613,0.4717791212618798,0.3630447538713259,0.512390904115042,0.512390904115042,glob_probe,glob_probe,0.0,0.006141215106732378,789,290
scifact,10,10,False,48,48009,False,0.6151038954213557,0.5765479088004115,0.4500221426083495,0.505206996069065,0.1956081103165861,0.38891824650445334,0.4591354431009603,0.35390159817644606,0.505206996069065,0.505206996069065,glob_probe,glob_probe,0.0,0.009113300492610832,847,290
scifact,10,10,False,49,49009,False,0.5356843577055128,0.5765479088004115,0.48942553614967405,0.4715763546798029,0.19714214179483663,0.397823306961238,0.47586779121261885,0.36384703588050443,0.4715763546798029,0.4715763546798029,glob_probe,glob_probe,0.017849181469871134,0.013557744937055194,798,290
scifact,30,30,False,0,2100922,False,0.5592532628933855,0.5765479088004115,0.4806437389770723,0.5207161562717117,0.20261455665325773,0.39912030356474804,0.4750352733686066,0.35965503813543026,0.5207161562717117,0.5207161562717117,glob_probe,glob_probe,0.0,0.005608465608465674,2638,270
scifact,30,30,False,1,2101922,False,0.5425518937041685,0.5765479088004115,0.4912671690449469,0.4657955830178052,0.20006398801329925,0.4003222703222703,0.4773430067874512,0.36506932368043477,0.4657955830178052,0.4657955830178052,glob_probe,glob_probe,0.02547158602714167,0.013924162257495709,2352,270
scifact,30,30,False,2,2102922,False,0.6075589694931958,0.5765479088004115,0.4529691090802202,0.5086085724974614,0.19662895384008952,0.38924376035487146,0.45979450590561693,0.35153868946352607,0.5086085724974614,0.5086085724974614,glob_probe,glob_probe,0.0,0.0068253968253967345,2482,270
scifact,30,30,False,3,2103922,False,0.566378757956606,0.5765479088004115,0.47274865052642817,0.510222329111218,0.19508719666045907,0.39378199989311097,0.46879803324247765,0.35898235690719354,0.510222329111218,0.510222329111218,glob_probe,glob_probe,0.0,0.003950617283950519,2628,270
scifact,30,30,False,4,2104922,False,0.5354293606519325,0.5765479088004115,0.49139944417722187,0.5167038105926994,0.20814344384737288,0.40312970979637647,0.4769608786275452,0.3672032717947751,0.5167038105926994,0.5167038105926994,glob_probe,glob_probe,0.0,0.014438565549676652,2610,270
scifact,30,30,False,5,2105922,False,0.5558203944276031,0.5765479088004115,0.4677104377104377,0.45760681705126155,0.19784779470859093,0.3910662177328844,0.4614935064935065,0.35357644594572696,0.4677104377104377,0.4677104377104377,ad_probe,ad_probe,0.0,0.006216931216931176,2569,270
scifact,30,30,False,6,2106922,False,0.5814018855063869,0.5765479088004115,0.4722136711025599,0.5180225535781092,0.19754253753202433,0.3963882208326653,0.47333360055582274,0.3613406304419376,0.5180225535781092,0.5180225535781092,glob_probe,glob_probe,0.0,0.0011199294532628357,2464,270
scifact,30,30,False,7,2107922,False,0.6223419895930871,0.5765479088004115,0.4467110255999145,0.5035350863128641,0.18751166552758025,0.38326385548607766,0.4567462989685212,0.34784736444867165,0.5035350863128641,0.5035350863128641,glob_probe,glob_probe,0.0,0.010035273368606712,2526,270
scifact,30,30,False,8,2108922,False,0.5340379727134245,0.5765479088004115,0.4966960611405056,0.47317460317460314,0.20009767934940423,0.4051312062423173,0.48288092565870344,0.36901397138325237,0.47317460317460314,0.47317460317460314,glob_probe,glob_probe,0.023521457965902437,0.013815135481802132,2560,270
scifact,30,30,False,9,2109922,False,0.5515016710698994,0.5765479088004115,0.4763171396504729,0.5142346747902302,0.1944202812210257,0.39599834322056543,0.46927716316605206,0.3633856490882635,0.5142346747902302,0.5142346747902302,glob_probe,glob_probe,0.0,0.00703997648442084,2492,270
scifact,30,30,False,10,2110922,False,0.5572629269389204,0.5765479088004115,0.47649056704612264,0.4569400352733686,0.19346926774736822,0.39010501843835177,0.46940943829832715,0.3629558567793862,0.4569400352733686,0.4569400352733686,glob_probe,glob_probe,0.01955053177275401,0.007081128747795484,2438,270
scifact,30,30,False,11,2111922,False,0.5759955953505513,0.5765479088004115,0.47744882689327134,0.5232470204692427,0.20048253855624484,0.4002429052429052,0.47744882689327134,0.3664009876591576,0.5232470204692427,0.5232470204692427,glob_probe,glob_probe,0.0,0.0,2489,270
scifact,30,30,False,12,2112922,False,0.6040223481058284,0.5765479088004115,0.46057052001496446,0.4603880070546737,0.19256610620723597,0.39193014804125914,0.4693712254823365,0.3601116742129814,0.4603880070546737,0.4603880070546737,glob_probe,glob_probe,0.00018251296029075936,0.00880070546737205,2436,270
scifact,30,30,False,13,2113922,False,0.5888376203207877,0.5765479088004115,0.47212254823365934,0.5174974613863503,0.19817910085187834,0.3966038693816471,0.474115493559938,0.3594919852599591,0.5174974613863503,0.5174974613863503,glob_probe,glob_probe,0.0,0.001992945326278639,2486,270
scifact,30,30,False,14,2114922,False,0.5751551041975989,0.5765479088004115,0.4666078777189888,0.5047696542140986,0.19423786837682197,0.3934471701138368,0.46537330981775427,0.35852086366792246,0.5047696542140986,0.5047696542140986,glob_probe,glob_probe,0.0,0.0012345679012345512,2426,270
scifact,30,30,False,15,2115922,False,0.541119865285587,0.5765479088004115,0.4850884506440062,0.5214363208807653,0.20070607054247858,0.40032547699214366,0.47374512318956763,0.3625765816125293,0.4850884506440062,0.4850884506440062,ad_probe,ad_probe,0.03634787023675912,0.011343327454438557,2537,270
scifact,30,30,False,16,2116922,False,0.569909569793824,0.5765479088004115,0.4651913313024424,0.5068272673828228,0.1977941054095673,0.3883354711132489,0.4614876275987387,0.35346723416984854,0.5068272673828228,0.5068272673828228,glob_probe,glob_probe,0.0,0.003703703703703709,2512,270
scifact,30,30,False,17,2117922,False,0.576114552007537,0.5765479088004115,0.46178745123189563,0.45298600576378356,0.19378617517240293,0.38806798140131477,0.46178745123189563,0.357515120439957,0.45298600576378356,0.45298600576378356,glob_probe,glob_probe,0.008801445468112068,0.0,2548,270
scifact,30,30,False,18,2118922,False,0.6351267703438285,0.5765479088004115,0.44526187803965583,0.4973210945433167,0.1873231634280613,0.3849933194377638,0.45926540537651644,0.35118916244733234,0.4973210945433167,0.4973210945433167,glob_probe,glob_probe,0.0,0.01400352733686061,2477,270
scifact,30,30,False,19,2119922,False,0.5770177822625042,0.5765479088004115,0.4693888621666399,0.46366843033509697,0.19660859960892232,0.3949727433060767,0.4693888621666399,0.3620742033323733,0.46366843033509697,0.46366843033509697,glob_probe,glob_probe,0.005720431831542916,0.0,2519,270
scifact,30,30,False,20,2120922,False,0.5863961673016633,0.5765479088004115,0.47866869755758645,0.523592806370584,0.19854461250878433,0.40089546256212927,0.4786040297151407,0.36816006191823186,0.523592806370584,0.523592806370584,glob_probe,glob_probe,0.0,6.466784244574253e-05,2558,270
scifact,30,30,False,21,2121922,False,0.5335268653322998,0.5765479088004115,0.48119341563786006,0.5136173908396131,0.19866909439742744,0.3953332264443376,0.4683130244241355,0.35873544332694657,0.5136173908396131,0.5136173908396131,glob_probe,glob_probe,0.0,0.012880391213724529,2643,270
scifact,30,30,False,22,2122922,False,0.5718599775796895,0.5765479088004115,0.4702060285393619,0.4611485839263617,0.19361389708141846,0.3890406712628935,0.4689714606381273,0.3594107145577734,0.4611485839263617,0.4611485839263617,glob_probe,glob_probe,0.009057444613000176,0.0012345679012346067,2534,270
scifact,30,30,False,23,2123922,False,0.5515574278284399,0.5765479088004115,0.4855969750414195,0.5268235262679706,0.19869484687336011,0.4004310298754743,0.477322430655764,0.3638462112808518,0.4855969750414195,0.5268235262679706,ad_probe,glob_probe,0.041226551226551056,0.008274544385655502,2470,270
scifact,30,30,False,24,2124922,False,0.5865423114401421,0.5765479088004115,0.46375688097910317,0.5093581315803537,0.19759243173598923,0.38999037999038,0.46430949708727487,0.35767403559887223,0.5093581315803537,0.5093581315803537,glob_probe,glob_probe,0.0,0.0005526161081716996,2426,270
scifact,30,30,False,25,2125922,False,0.597678392057805,0.5765479088004115,0.4553941531719309,0.504728501950724,0.18609067108800997,0.38337341670675007,0.45573806851584625,0.3483555351692607,0.504728501950724,0.504728501950724,glob_probe,glob_probe,0.0,0.0003439153439153686,2549,270
scifact,30,30,False,26,2126922,False,0.5665295059834664,0.5765479088004115,0.47153171930949705,0.5125081502859281,0.20467242323221743,0.39399390732724066,0.4681983859761637,0.3586398290646657,0.5125081502859281,0.5125081502859281,glob_probe,glob_probe,0.0,0.003333333333333355,2414,270
scifact,30,30,False,27,2127922,False,0.5356226527739139,0.5765479088004115,0.48236946181390633,0.4657671957671957,0.19365820401098846,0.3991023996579552,0.4693418310084977,0.3589640007777263,0.48236946181390633,0.4657671957671957,ad_probe,glob_probe,0.0,0.013027630805408641,2570,270
scifact,30,30,False,28,2128922,False,0.5447395720731767,0.5765479088004115,0.47886831275720154,0.5140730051841162,0.19234982083927202,0.3935059590615146,0.46651969429747203,0.36172285714769375,0.47886831275720154,0.5140730051841162,ad_probe,glob_probe,0.03520469242691471,0.01234861845972951,2487,270
scifact,30,30,False,29,2129922,False,0.6232769302906125,0.5765479088004115,0.4454294265405377,0.4936665597776709,0.19584029214884865,0.3840906418684196,0.4545564106675218,0.3503427866009565,0.4936665597776709,0.4936665597776709,glob_probe,glob_probe,0.0,0.009126984126984095,2401,270
scifact,30,30,False,30,2130922,False,0.5512336009988152,0.5765479088004115,0.4812142589920368,0.5214176153065042,0.1975366549270705,0.3948666559777671,0.4719520602853936,0.3630981527550155,0.4812142589920368,0.5214176153065042,ad_probe,glob_probe,0.04020335631446742,0.009262198706643188,2479,270
scifact,30,30,False,31,2131922,False,0.5512336009988152,0.5765479088004115,0.47260167815723364,0.5060042221153332,0.20058073616275823,0.3866332638554861,0.46309256587034364,0.3572233134814834,0.5060042221153332,0.5060042221153332,glob_probe,glob_probe,0.0,0.009509112286889998,2525,270
scifact,30,30,False,32,2132922,False,0.5497902225331726,0.5765479088004115,0.4827074982630538,0.5136791192346748,0.19571003318652466,0.3963395863395864,0.4740625835070279,0.36461067920218243,0.5136791192346748,0.5136791192346748,glob_probe,glob_probe,0.0,0.008644914756025912,2485,270
scifact,30,30,False,33,2133922,False,0.5573484046214314,0.5765479088004115,0.480526428304206,0.5167655389877612,0.2002687901992582,0.40174229063117955,0.47485623430067864,0.36440582233065894,0.5167655389877612,0.5167655389877612,glob_probe,glob_probe,0.0,0.005670194003527362,2547,270
scifact,30,30,False,34,2134922,False,0.552180855672264,0.5765479088004115,0.469903265458821,0.501933087488643,0.19418407014944153,0.389337822671156,0.46224600502378277,0.3627034300727111,0.501933087488643,0.501933087488643,glob_probe,glob_probe,0.0,0.007657260435038227,2589,270
scifact,30,30,False,35,2135922,False,0.5549988697768198,0.5765479088004115,0.4693094970872749,0.5104075142964032,0.20122164224990083,0.3954842071508738,0.46309256587034364,0.36230935912308465,0.5104075142964032,0.5104075142964032,glob_probe,glob_probe,0.0,0.006216931216931232,2521,270
scifact,30,30,False,36,2136922,False,0.5862243756305323,0.5765479088004115,0.4725340708674042,0.5150283255838811,0.191936720822185,0.39854978354978354,0.4730866869755758,0.3612107603120675,0.5150283255838811,0.5150283255838811,glob_probe,glob_probe,0.0,0.0005526161081716441,2508,270
scifact,30,30,False,37,2137922,False,0.5838485481802265,0.5765479088004115,0.4733218427662872,0.5193493132382021,0.1960819713492359,0.3971126610015499,0.47296029073806845,0.3557747003662036,0.5193493132382021,0.5193493132382021,glob_probe,glob_probe,0.0,0.0003615520282187479,2512,270
scifact,30,30,False,38,2138922,False,0.5584476945737209,0.5765479088004115,0.4733891828336273,0.4673015873015874,0.2003874334676757,0.3913807386029608,0.46703997648442086,0.356824268082438,0.4733891828336273,0.4733891828336273,ad_probe,ad_probe,0.0,0.006349206349206438,2474,270
scifact,30,30,False,39,2139922,False,0.5955144347998411,0.5765479088004115,0.45461787184009406,0.5090494896050451,0.19745897983364366,0.3877649510982844,0.45659905937683715,0.3543583389498422,0.45461787184009406,0.45461787184009406,ad_probe,ad_probe,0.05443161776495109,0.00198118753674309,2472,270
scifact,30,30,False,40,2140922,False,0.587037062783903,0.5765479088004115,0.45580273635829194,0.5041336646892202,0.19450540970209498,0.3858751536529314,0.4563553524664636,0.35217414454342555,0.5041336646892202,0.5041336646892202,glob_probe,glob_probe,0.0,0.0005526161081716441,2513,270
scifact,30,30,False,41,2141922,False,0.5272486348954605,0.5765479088004115,0.4946149323927102,0.46498135609246716,0.19930802884103127,0.4006194217305328,0.4793183154294266,0.366836293094463,0.46498135609246716,0.46498135609246716,glob_probe,glob_probe,0.029633576300243047,0.015296616963283605,2623,270
scifact,30,30,False,42,2142922,False,0.614077556162802,0.5765479088004115,0.4434805729250173,0.49981267703489923,0.18687131617598104,0.38319704986371655,0.4525281919726364,0.34833763126246786,0.49981267703489923,0.49981267703489923,glob_probe,glob_probe,0.0,0.009047619047619082,2589,270
scifact,30,30,False,43,2143922,False,0.59038872782262,0.5765479088004115,0.4667580567580567,0.5189260328149217,0.19376165615665586,0.3904136604136604,0.46779568168457053,0.3631895428464056,0.4667580567580567,0.4667580567580567,ad_probe,ad_probe,0.05216797605686496,0.0010376249265138249,2420,270
scifact,30,30,False,44,2144922,False,0.6164783604959158,0.5765479088004115,0.4458174335952114,0.5035350863128641,0.19538796394246868,0.38173053284164393,0.4553412431190209,0.3513530212223022,0.5035350863128641,0.5035350863128641,glob_probe,glob_probe,0.0,0.00952380952380949,2460,270
scifact,30,30,False,45,2145922,False,0.6043673317450645,0.5765479088004115,0.4557027951472396,0.504049489605045,0.19375338719402638,0.38825610603388383,0.4634982096093207,0.35769461173055944,0.504049489605045,0.504049489605045,glob_probe,glob_probe,0.0,0.007795414462081096,2457,270
scifact,30,30,False,46,2146922,False,0.5957670244728241,0.5765479088004115,0.4595417134306023,0.5067791673347228,0.1924753169814278,0.3904136604136604,0.46189327133771574,0.3509807289055655,0.5067791673347228,0.5067791673347228,glob_probe,glob_probe,0.0,0.002351557907113444,2522,270
scifact,30,30,False,47,2147922,False,0.6165670362809739,0.5765479088004115,0.45618780396558173,0.5130001068889958,0.19442461933816677,0.3886908770242104,0.4658615253059697,0.3561762886109291,0.5130001068889958,0.5130001068889958,glob_probe,glob_probe,0.0,0.009673721340387964,2443,270
scifact,30,30,False,48,2148922,False,0.5765968050240577,0.5765479088004115,0.4565493559938004,0.5010247982470204,0.19556636422578563,0.38447891614558277,0.4565493559938004,0.3542932188847221,0.5010247982470204,0.5010247982470204,glob_probe,glob_probe,0.0,0.0,2563,270
scifact,30,30,False,49,2149922,False,0.6614766534640464,0.5765479088004115,0.43089091977980865,0.49880257602479827,0.1903727569829991,0.38043423654534764,0.45171690449468227,0.3489378129737607,0.49880257602479827,0.49880257602479827,glob_probe,glob_probe,0.0,0.020825984714873624,2403,270
scifact,50,50,False,0,2200564,False,0.5889710210010354,0.5765479088004115,0.4693907647907648,0.5150877344877345,0.20819238735727946,0.40103088023088024,0.4686542568542569,0.36367448303330663,0.5150877344877345,0.5150877344877345,glob_probe,glob_probe,0.0,0.0007365079365079241,4256,250
scifact,50,50,False,1,2201564,False,0.5849921788409838,0.5765479088004115,0.4674828282828283,0.5025639249639249,0.2045741600837843,0.394332178932179,0.4670923520923521,0.3552586700880818,0.5025639249639249,0.5025639249639249,glob_probe,glob_probe,0.0,0.00039047619047616333,4191,250
scifact,50,50,False,2,2202564,False,0.5560394296122619,0.5765479088004115,0.47776854256854256,0.5204401154401155,0.2002109239696401,0.40037056277056277,0.47105425685425684,0.3611995579583815,0.5204401154401155,0.5204401154401155,glob_probe,glob_probe,0.0,0.006714285714285728,4230,250
scifact,50,50,False,3,2203564,False,0.5460416474713038,0.5765479088004115,0.47593362193362193,0.45101904761904765,0.18548353245685895,0.39099595959595956,0.46608600288600294,0.35751743354684534,0.45101904761904765,0.45101904761904765,glob_probe,glob_probe,0.024914574314574278,0.009847619047618994,4072,250
scifact,50,50,False,4,2204564,False,0.5406941288454694,0.5765479088004115,0.4882444444444445,0.5089290043290043,0.20095567753115787,0.40681818181818175,0.47506031746031746,0.3642636605224841,0.5089290043290043,0.5089290043290043,glob_probe,glob_probe,0.0,0.01318412698412702,4171,250
scifact,50,50,False,5,2205564,False,0.5899644629565304,0.5765479088004115,0.4586606060606061,0.4517523809523809,0.18845374514956129,0.38370043290043293,0.46081298701298706,0.3466673280967399,0.4517523809523809,0.4517523809523809,glob_probe,glob_probe,0.006908225108225197,0.002152380952380961,3994,250
scifact,50,50,False,6,2206564,False,0.5798835481423359,0.5765479088004115,0.4705018759018759,0.5197310245310246,0.20195710639289904,0.39696594516594513,0.4709018759018759,0.3592221954516073,0.5197310245310246,0.5197310245310246,glob_probe,glob_probe,0.0,0.00039999999999995595,4283,250
scifact,50,50,False,7,2207564,False,0.5603246041570591,0.5765479088004115,0.48047936507936506,0.5176782106782107,0.19517593316640075,0.40082395382395386,0.47487936507936507,0.36236582959524133,0.5176782106782107,0.5176782106782107,glob_probe,glob_probe,0.0,0.005599999999999994,4112,250
scifact,50,50,False,8,2208564,False,0.577500035279025,0.5765479088004115,0.47253997113997115,0.5151067821067822,0.1943677721094604,0.39695786435786434,0.47293997113997116,0.3619453011041246,0.5151067821067822,0.5151067821067822,glob_probe,glob_probe,0.0,0.00040000000000001146,4077,250
scifact,50,50,False,9,2209564,False,0.5986074762551925,0.5765479088004115,0.44698095238095237,0.4961544011544012,0.19322765853769266,0.3780591630591631,0.45126666666666665,0.3433975756269874,0.4961544011544012,0.4961544011544012,glob_probe,glob_probe,0.0,0.004285714285714282,4337,250
scifact,50,50,False,10,2210564,False,0.5656048905650786,0.5765479088004115,0.47175584415584415,0.5110305916305916,0.19204869430398405,0.3935321789321789,0.4666320346320346,0.35672556528438876,0.5110305916305916,0.5110305916305916,glob_probe,glob_probe,0.0,0.0051238095238095305,4321,250
scifact,50,50,False,11,2211564,False,0.5883936489606851,0.5765479088004115,0.46113362193362195,0.5100178932178933,0.1944778919405934,0.3909546897546898,0.4615875901875902,0.35566524782407133,0.5100178932178933,0.5100178932178933,glob_probe,glob_probe,0.0,0.0004539682539682621,4158,250
scifact,50,50,False,12,2212564,False,0.5915145955556887,0.5765479088004115,0.4612256854256854,0.5052972582972582,0.18679582461320637,0.3875881673881673,0.46248917748917745,0.35792873988756346,0.5052972582972582,0.5052972582972582,glob_probe,glob_probe,0.0,0.0012634920634920221,4084,250
scifact,50,50,False,13,2213564,False,0.5771677995378568,0.5765479088004115,0.4690637806637806,0.4538285714285714,0.19730169698085132,0.4004911976911977,0.4690637806637806,0.3686943076531312,0.4538285714285714,0.4538285714285714,glob_probe,glob_probe,0.015235209235209213,0.0,4129,250
scifact,50,50,False,14,2214564,False,0.5981359958497257,0.5765479088004115,0.45683520923520926,0.5059512265512266,0.19120577891758792,0.38604531024531025,0.4602637806637807,0.35440156053097227,0.5059512265512266,0.5059512265512266,glob_probe,glob_probe,0.0,0.0034285714285714475,4155,250
scifact,50,50,False,15,2215564,False,0.5848460347025048,0.5765479088004115,0.4578479076479076,0.5078972582972583,0.19911949227660602,0.38763088023088027,0.4564256854256854,0.34653500029382384,0.5078972582972583,0.5078972582972583,glob_probe,glob_probe,0.0,0.0014222222222222136,4088,250
scifact,50,50,False,16,2216564,False,0.5603359542041203,0.5765479088004115,0.4837650793650794,0.5245786435786436,0.19870702785609956,0.4034943722943723,0.4790412698412698,0.3673477875066111,0.5245786435786436,0.5245786435786436,glob_probe,glob_probe,0.0,0.0047238095238095745,4187,250
scifact,50,50,False,17,2217564,False,0.6009005562731846,0.5765479088004115,0.462149494949495,0.5147734487734488,0.19330782049336756,0.39141154401154404,0.4653780663780664,0.3534243775832011,0.5147734487734488,0.5147734487734488,glob_probe,glob_probe,0.0,0.003228571428571414,4098,250
scifact,50,50,False,18,2218564,False,0.6024212192958917,0.5765479088004115,0.4623399711399711,0.45876190476190476,0.1973998020909865,0.393659163059163,0.46664473304473303,0.3611903560491796,0.45876190476190476,0.45876190476190476,glob_probe,glob_probe,0.003578066378066347,0.004304761904761922,4154,250
scifact,50,50,False,19,2219564,False,0.6203404670090449,0.5765479088004115,0.4496542568542568,0.5094210678210678,0.19390148812604446,0.3868975468975469,0.45874949494949496,0.35602475498357855,0.5094210678210678,0.5094210678210678,glob_probe,glob_probe,0.0,0.009095238095238156,4218,250
scifact,50,50,False,20,2220564,False,0.5894654861209452,0.5765479088004115,0.4741907647907648,0.5170877344877345,0.20060079664002792,0.39653881673881675,0.4766542568542568,0.36678438881380054,0.5170877344877345,0.5170877344877345,glob_probe,glob_probe,0.0,0.002463492063492001,4248,250
scifact,50,50,False,21,2221564,False,0.5842300145536495,0.5765479088004115,0.46813650793650796,0.5053088023088023,0.19672918302119585,0.39442106782106784,0.46707936507936504,0.3622161348455466,0.5053088023088023,0.5053088023088023,glob_probe,glob_probe,0.0,0.0010571428571429231,4196,250
scifact,50,50,False,22,2222564,False,0.5768801445415797,0.5765479088004115,0.4854825396825397,0.5318265512265511,0.2067238437847063,0.41073217893217895,0.4854825396825397,0.36954441767382945,0.5318265512265511,0.5318265512265511,glob_probe,glob_probe,0.0,0.0,4166,250
scifact,50,50,False,23,2223564,False,0.5808841644178431,0.5765479088004115,0.46564155844155847,0.5065734487734488,0.1859608252919686,0.3889448773448773,0.4668510822510823,0.3582173401761637,0.5065734487734488,0.5065734487734488,glob_probe,glob_probe,0.0,0.001209523809523827,4328,250
scifact,50,50,False,24,2224564,False,0.5838099503549746,0.5765479088004115,0.46077171717171717,0.4472190476190476,0.19716826476504543,0.38863722943722945,0.45998124098124094,0.356387763217175,0.4472190476190476,0.4472190476190476,glob_probe,glob_probe,0.013552669552669538,0.0007904761904762303,4116,250
scifact,50,50,False,25,2225564,False,0.5895663597532039,0.5765479088004115,0.4573050505050505,0.5128326118326118,0.19710896087942845,0.38964992784992786,0.45976854256854255,0.354431914490738,0.4573050505050505,0.5128326118326118,ad_probe,glob_probe,0.05552756132756126,0.0024634920634920565,4066,250
scifact,50,50,False,26,2226564,False,0.5670147032836514,0.5765479088004115,0.470060606060606,0.5129725829725831,0.19963013583823283,0.3943823953823954,0.4657939393939394,0.3547304205598323,0.5129725829725831,0.5129725829725831,glob_probe,glob_probe,0.0,0.004266666666666585,4158,250
scifact,50,50,False,27,2227564,False,0.5465430386075314,0.5765479088004115,0.49019393939393946,0.5143734487734488,0.20479578986399735,0.40759884559884557,0.4801907647907648,0.37134241510123867,0.5143734487734488,0.5143734487734488,glob_probe,glob_probe,0.0,0.01000317460317468,4191,250
scifact,50,50,False,28,2228564,False,0.5332391925074011,0.5765479088004115,0.4939650793650794,0.4735899655899656,0.20193625983295238,0.39996103896103896,0.4785431457431457,0.3635793383087501,0.4939650793650794,0.4939650793650794,ad_probe,ad_probe,0.0,0.01542193362193367,4201,250
scifact,50,50,False,29,2229564,False,0.546950145694016,0.5765479088004115,0.49645396825396826,0.5325639249639249,0.20162525083261224,0.40876709956709956,0.48632698412698416,0.3711788166082284,0.5325639249639249,0.5325639249639249,glob_probe,glob_probe,0.0,0.010126984126984095,4233,250
scifact,50,50,False,30,2230564,False,0.5584466757091135,0.5765479088004115,0.47363492063492063,0.5182655122655122,0.1980703791977566,0.39691024531024527,0.46811111111111114,0.3604949227243345,0.5182655122655122,0.5182655122655122,glob_probe,glob_probe,0.0,0.005523809523809486,4172,250
scifact,50,50,False,31,2231564,False,0.589375596638805,0.5765479088004115,0.4603685425685426,0.5050877344877345,0.19037177533095007,0.38170043290043293,0.4616320346320346,0.34769748225630576,0.5050877344877345,0.5050877344877345,glob_probe,glob_probe,0.0,0.0012634920634920221,4266,250
scifact,50,50,False,32,2232564,False,0.5998882703270099,0.5765479088004115,0.4518637806637807,0.48763059163059164,0.18306961990303341,0.37976623376623375,0.45323520923520927,0.3452622730210965,0.48763059163059164,0.48763059163059164,glob_probe,glob_probe,0.0,0.001371428571428579,4124,250
scifact,50,50,False,33,2233564,False,0.577500035279025,0.5765479088004115,0.462644733044733,0.5049492063492063,0.19917836907561892,0.3897038961038961,0.463044733044733,0.3583476987065222,0.5049492063492063,0.5049492063492063,glob_probe,glob_probe,0.0,0.00039999999999995595,4218,250
scifact,50,50,False,34,2234564,False,0.5553694187140276,0.5765479088004115,0.47983174603174605,0.5244487734487735,0.20527551713438225,0.40076623376623377,0.4731174603174603,0.3616687110275345,0.5244487734487735,0.5244487734487735,glob_probe,glob_probe,0.0,0.006714285714285728,4205,250
scifact,50,50,False,35,2235564,False,0.5497997469079099,0.5765479088004115,0.4922637806637807,0.47740952380952384,0.19661673963562287,0.40302972582972585,0.4846733044733045,0.37155284258225435,0.4922637806637807,0.47740952380952384,ad_probe,glob_probe,0.0,0.007590476190476203,4117,250
scifact,50,50,False,36,2236564,False,0.5638270957471021,0.5765479088004115,0.47617806637806637,0.5101734487734487,0.18783432306708642,0.39000750360750364,0.47198759018759023,0.3579834851423086,0.5101734487734487,0.5101734487734487,glob_probe,glob_probe,0.0,0.004190476190476133,4266,250
scifact,50,50,False,37,2237564,False,0.5899966170131103,0.5765479088004115,0.4649336219336219,0.5042178932178932,0.1985236167483156,0.3946655122655122,0.46486378066378065,0.3560192160780396,0.5042178932178932,0.5042178932178932,glob_probe,glob_probe,0.0,6.984126984127537e-05,4108,250
scifact,50,50,False,38,2238564,False,0.6500278756152146,0.5765479088004115,0.4323431457431458,0.4989249639249639,0.1947637374607423,0.37621500721500717,0.4545685425685426,0.33939878095760445,0.4989249639249639,0.4989249639249639,glob_probe,glob_probe,0.0,0.022225396825396815,4098,250
scifact,50,50,False,39,2239564,False,0.5583485349017707,0.5765479088004115,0.46810793650793653,0.5198582972582971,0.21039894348505692,0.395808658008658,0.46565079365079365,0.3482083935672171,0.46810793650793653,0.46810793650793653,ad_probe,ad_probe,0.0517503607503606,0.00245714285714288,4320,250
scifact,50,50,False,40,2240564,False,0.5935443142789865,0.5765479088004115,0.4745145743145743,0.46257380397380393,0.19955016922453503,0.40114199134199136,0.47632092352092353,0.3632446129034364,0.46257380397380393,0.46257380397380393,glob_probe,glob_probe,0.011940770340770346,0.0018063492063492559,4294,250
scifact,50,50,False,41,2241564,False,0.5515016710698994,0.5765479088004115,0.4750764790764791,0.49888773448773444,0.19675985795620787,0.39460548340548335,0.46680663780663784,0.36020781636663984,0.49888773448773444,0.49888773448773444,glob_probe,glob_probe,0.0,0.00826984126984126,4133,250
scifact,50,50,False,42,2242564,False,0.5894654861209452,0.5765479088004115,0.47441933621933624,0.4566952380952381,0.19905958909269572,0.3950499278499278,0.4750161616161616,0.36425828811711164,0.4566952380952381,0.4566952380952381,glob_probe,glob_probe,0.017724098124098142,0.0005968253968253734,4135,250
scifact,50,50,False,43,2243564,False,0.6107862169417211,0.5765479088004115,0.44707330447330446,0.5006643578643578,0.2040907872949166,0.38694834054834054,0.4573209235209235,0.3566847838436074,0.5006643578643578,0.5006643578643578,glob_probe,glob_probe,0.0,0.010247619047619061,4126,250
scifact,50,50,False,44,2244564,False,0.5467876500741954,0.5765479088004115,0.48477806637806636,0.5195310245310245,0.20248629999195594,0.39605945165945167,0.4749844155844156,0.36569381925264277,0.5195310245310245,0.5195310245310245,glob_probe,glob_probe,0.0,0.009793650793650743,4145,250
scifact,50,50,False,45,2245564,False,0.5804708028531537,0.5765479088004115,0.45743838383838387,0.49923059163059164,0.1954545383757078,0.3866721500721501,0.4586479076479077,0.3538729891024009,0.49923059163059164,0.49923059163059164,glob_probe,glob_probe,0.0,0.001209523809523827,4217,250
scifact,50,50,False,46,2246564,False,0.5631499752785207,0.5765479088004115,0.46799711399711397,0.5053249639249638,0.19602395725804173,0.3908150072150072,0.4628733044733045,0.3582268639856875,0.5053249639249638,0.5053249639249638,glob_probe,glob_probe,0.0,0.005123809523809475,4240,250
scifact,50,50,False,47,2247564,False,0.584551433245622,0.5765479088004115,0.4765431457431457,0.5137976911976911,0.19575962709208186,0.39570043290043294,0.47526378066378067,0.35942735238617585,0.5137976911976911,0.5137976911976911,glob_probe,glob_probe,0.0,0.0012793650793650468,4176,250
scifact,50,50,False,48,2248564,False,0.5784701402243305,0.5765479088004115,0.4598352092352092,0.44636190476190474,0.18623799713629213,0.3826150072150072,0.4602352092352092,0.3549985811574047,0.44636190476190474,0.44636190476190474,glob_probe,glob_probe,0.01347330447330447,0.00040000000000001146,4269,250
scifact,50,50,False,49,2249564,False,0.5748323376060394,0.5765479088004115,0.4834256854256855,0.525483694083694,0.20152644374587944,0.40484992784992785,0.4834256854256855,0.37331267164208337,0.525483694083694,0.525483694083694,glob_probe,glob_probe,0.0,0.0,4065,250
arguana,10,10,False,0,966,False,0.3398365879352369,0.35704563659008903,0.06408275344521762,0.16440186940987547,0.12223940359121006,0.1686572707702295,0.07130463455678356,0.009192932187201528,0.16440186940987547,0.16440186940987547,glob_probe,glob_probe,0.0,0.0072218811115659365,600,1396
arguana,10,10,False,1,1966,False,0.3629012468162677,0.35704563659008903,0.0742296584345295,0.16367530371196307,0.12187401722654002,0.1681643141884477,0.07094646836767181,0.008715377268385864,0.16367530371196307,0.16367530371196307,glob_probe,glob_probe,0.0,0.0032831900668576913,605,1396
arguana,10,10,False,2,2966,False,0.33871950494836744,0.35704563659008903,0.06408275344521762,0.16350645393709612,0.12162528940991636,0.16810806671099682,0.0716628007458953,0.009192932187201528,0.16350645393709612,0.16350645393709612,glob_probe,glob_probe,0.0,0.007580047300677684,578,1396
arguana,10,10,False,3,3966,False,0.37534059170984135,0.35704563659008903,0.08454537741787026,0.16872270617485827,0.12215282492840349,0.16845715251853532,0.0716628007458953,0.009192932187201528,0.16872270617485827,0.16872270617485827,glob_probe,glob_probe,0.0,0.012882576671974955,673,1396
arguana,10,10,False,4,4966,False,0.3751573231764293,0.35704563659008903,0.08412064296734784,0.16836729511027815,0.12185008779716647,0.1683092862173739,0.07118524582707965,0.009192932187201528,0.16836729511027815,0.16836729511027815,glob_probe,glob_probe,0.0,0.012935397140268187,652,1396
arguana,10,10,False,5,5966,False,0.32206309887566353,0.35704563659008903,0.05236167446052832,0.09988844131036109,0.1223332087308898,0.16877337163847936,0.07094646836767181,0.009192932187201528,0.09988844131036109,0.09988844131036109,glob_probe,glob_probe,0.022444767420528713,0.018584793907143488,538,1396
arguana,10,10,False,6,6966,False,0.3335214095176231,0.35704563659008903,0.060611435683068926,0.12338756533099127,0.12248366248792134,0.1690546130013826,0.07098057943330148,0.008715377268385864,0.12338756533099127,0.12338756533099127,glob_probe,glob_probe,0.0,0.010369143750232554,544,1396
arguana,10,10,False,7,7966,False,0.34043593419526824,0.35704563659008903,0.06344828762450538,0.16407505916186177,0.12184730354668695,0.16854914902886994,0.07074180197389367,0.009192932187201528,0.16407505916186177,0.16407505916186177,glob_probe,glob_probe,0.0,0.007293514349388283,635,1396
arguana,10,10,False,8,8966,False,0.33776520349357364,0.35704563659008903,0.06274849394476902,0.14402917248713565,0.12191794358409355,0.16851522879437664,0.07118524582707965,0.009192932187201528,0.14402917248713565,0.14402917248713565,glob_probe,glob_probe,0.0,0.008436751882310634,646,1396
arguana,10,10,False,9,9966,False,0.36495148242230907,0.35704563659008903,0.07623538909355528,0.16413802548557307,0.12230609072451612,0.16849348597177424,0.07142402328648746,0.009192932187201528,0.16413802548557307,0.16413802548557307,glob_probe,glob_probe,0.0,0.004811365807067813,645,1396
arguana,10,10,False,10,10966,False,0.351493427767267,0.35704563659008903,0.06691738299904489,0.16837225671982428,0.12173529889297931,0.16802197801459293,0.07098057943330148,0.009192932187201528,0.16837225671982428,0.16837225671982428,glob_probe,glob_probe,0.0,0.004063196434256594,688,1396
arguana,10,10,False,11,11966,False,0.3488086247976617,0.35704563659008903,0.06622492836676216,0.1537852016033466,0.1219571440646812,0.1680904068795834,0.07106585709737571,0.009192932187201528,0.1537852016033466,0.1537852016033466,glob_probe,glob_probe,0.0,0.00484092873061355,628,1396
arguana,10,10,False,12,12966,False,0.3262224900401812,0.35704563659008903,0.05630320809403904,0.16835292711596747,0.12210605993709277,0.16794987962587563,0.07101810160549415,0.009192932187201528,0.16835292711596747,0.16835292711596747,glob_probe,glob_probe,0.0,0.014714893511455114,568,1396
arguana,10,10,False,13,13966,False,0.3265621763856546,0.35704563659008903,0.055945041904927294,0.16395325721341225,0.12156767361790417,0.16824895574873397,0.07065993541638241,0.009192932187201528,0.16395325721341225,0.16395325721341225,glob_probe,glob_probe,0.0,0.014714893511455114,600,1396
arguana,10,10,False,14,14966,False,0.34453297789906384,0.35704563659008903,0.06561434029199072,0.14422376201469334,0.12220247408452223,0.1683707378189401,0.0713762677946059,0.009192932187201528,0.14422376201469334,0.14422376201469334,glob_probe,glob_probe,0.0,0.005761927502615186,614,1396
arguana,10,10,False,15,15966,False,0.364416667923487,0.35704563659008903,0.07528027925592395,0.14004499757875893,0.12219709245938669,0.16877319670993768,0.0716628007458953,0.009192932187201528,0.14004499757875893,0.14004499757875893,glob_probe,glob_probe,0.0,0.0036174785100286516,648,1396
arguana,10,10,False,16,16966,False,0.3620939110419822,0.35704563659008903,0.07310740437531268,0.16428077512689007,0.12207076810380668,0.16859928195865903,0.07058830217856006,0.009192932187201528,0.16428077512689007,0.16428077512689007,glob_probe,glob_probe,0.0,0.0025191021967526234,597,1396
arguana,10,10,False,17,17966,False,0.34076286658916577,0.35704563659008903,0.0642498976668031,0.15458922486438992,0.12201524220659021,0.16846443988255622,0.0716628007458953,0.009192932187201528,0.15458922486438992,0.15458922486438992,glob_probe,glob_probe,0.0,0.0074129030790922035,643,1396
arguana,10,10,False,18,18966,False,0.3487451291228987,0.35704563659008903,0.06658309455587391,0.16874422238548623,0.12209518329467492,0.16874027436326175,0.07142402328648748,0.009192932187201528,0.16874422238548623,0.16874422238548623,glob_probe,glob_probe,0.0,0.004840928730613564,592,1396
arguana,10,10,False,19,19966,False,0.34736748624200264,0.35704563659008903,0.06649781689179969,0.1638526812532375,0.121816672617757,0.1682904734478448,0.07089871287579023,0.009192932187201528,0.1638526812532375,0.1638526812532375,glob_probe,glob_probe,0.0,0.004400895983990544,611,1396
arguana,10,10,False,20,20966,False,0.39230303418124735,0.35704563659008903,0.09499979883217705,0.16860020193976344,0.12169112148490506,0.16826559781408665,0.07118524582707964,0.008715377268385864,0.16860020193976344,0.16860020193976344,glob_probe,glob_probe,0.0,0.02381455300509741,668,1396
arguana,10,10,False,21,21966,False,0.41741685373790194,0.35704563659008903,0.10767205971360698,0.14391296825202024,0.12168901508252454,0.1679778403630054,0.0716628007458953,0.009192932187201528,0.14391296825202024,0.14391296825202024,glob_probe,glob_probe,0.0,0.03600925896771168,661,1396
arguana,10,10,False,22,22966,False,0.3396665838511048,0.35704563659008903,0.06444091963432937,0.16857943969921357,0.12184787791712541,0.16848723227640877,0.0716628007458953,0.009192932187201528,0.16857943969921357,0.16857943969921357,glob_probe,glob_probe,0.0,0.0072218811115659365,611,1396
arguana,10,10,False,23,23966,False,0.38767290925894093,0.35704563659008903,0.09318054199859356,0.16387826455245974,0.12229913474250535,0.16853390241620214,0.0713762677946059,0.009192932187201528,0.16387826455245974,0.16387826455245974,glob_probe,glob_probe,0.0,0.02180427420398766,683,1396
arguana,10,10,False,24,24966,False,0.310875763204293,0.35704563659008903,0.0458549886916649,0.1638617258539726,0.12185799808256131,0.1687006530485688,0.0701107472597444,0.009192932187201528,0.1638617258539726,0.1638617258539726,glob_probe,glob_probe,0.0,0.024255758568079495,572,1396
arguana,10,10,False,25,25966,False,0.39673684661218295,0.35704563659008903,0.09763772124087308,0.1544849535387719,0.12204186116229226,0.1684538288762432,0.0716628007458953,0.009192932187201528,0.1544849535387719,0.1544849535387719,glob_probe,glob_probe,0.0,0.02597492049497778,688,1396
arguana,10,10,False,26,26966,False,0.329224145771551,0.35704563659008903,0.057664239612663676,0.16454684143880166,0.12215782129257906,0.1686089825414255,0.07130463455678356,0.009192932187201528,0.16454684143880166,0.16454684143880166,glob_probe,glob_probe,0.0,0.01364039494411988,589,1396
arguana,10,10,False,27,27966,False,0.41743235981628896,0.35704563659008903,0.10738552676231759,0.16832124517167807,0.12228162869422916,0.168019910677282,0.07118524582707965,0.009192932187201528,0.16832124517167807,0.16832124517167807,glob_probe,glob_probe,0.0,0.036200280935237944,662,1396
arguana,10,10,False,28,28966,False,0.3628631217620192,0.35704563659008903,0.0739431254832401,0.1644314323334212,0.12177187952785319,0.1685822264258442,0.07065993541638241,0.008715377268385864,0.12177187952785319,0.1644314323334212,trunc,glob_probe,0.042659552805568005,0.0032831900668576913,635,1396
arguana,10,10,False,29,29966,False,0.3523698267104839,0.35704563659008903,0.06722154000090962,0.1537935842585774,0.12201842073770573,0.16819287922417608,0.07118524582707964,0.008715377268385864,0.1537935842585774,0.1537935842585774,glob_probe,glob_probe,0.0,0.003963705826170019,592,1396
arguana,10,10,False,30,30966,False,0.36084046883602855,0.35704563659008903,0.0712330013189612,0.16855110127545966,0.12162235324721984,0.16843222520134438,0.07054054668667849,0.009192932187201528,0.16855110127545966,0.16855110127545966,glob_probe,glob_probe,0.0,0.0006924546322827074,643,1396
arguana,10,10,False,31,31966,False,0.33772102231503714,0.35704563659008903,0.06286788267447294,0.16425860293423078,0.12188824282985478,0.16819623864730623,0.07130463455678356,0.009192932187201528,0.16425860293423078,0.16425860293423078,glob_probe,glob_probe,0.0,0.00843675188231062,619,1396
arguana,10,10,False,32,32966,False,0.4224863356736228,0.35704563659008903,0.10868629539832979,0.1680108344744479,0.12178661598141924,0.16780563116500824,0.0716628007458953,0.009192932187201528,0.1680108344744479,0.1680108344744479,glob_probe,glob_probe,0.0,0.037023494652434485,677,1396
arguana,10,10,False,33,33966,False,0.375574347161525,0.35704563659008903,0.08416162792953623,0.15455621505344316,0.12216392226026201,0.16885056680879773,0.07118524582707964,0.009192932187201528,0.15455621505344316,0.15455621505344316,glob_probe,glob_probe,0.0,0.012976382102456593,677,1396
arguana,10,10,False,34,34966,False,0.3632922302149551,0.35704563659008903,0.07458782462364123,0.16831664534616134,0.12160159385239745,0.16819392879542622,0.07130463455678356,0.009192932187201528,0.16831664534616134,0.16831664534616134,glob_probe,glob_probe,0.0,0.0032831900668576774,644,1396
arguana,10,10,False,35,35966,False,0.32899380651255117,0.35704563659008903,0.05705365153789223,0.0994688752031159,0.1220783925754169,0.16889954680047117,0.0706940464820121,0.008715377268385864,0.0994688752031159,0.0994688752031159,glob_probe,glob_probe,0.022609517372301005,0.013640394944119866,603,1396
arguana,10,10,False,36,36966,False,0.3747489397652505,0.35704563659008903,0.0831655331297165,0.1639896940335167,0.12196694403866454,0.1683303213745122,0.07094646836767181,0.009192932187201528,0.1639896940335167,0.1639896940335167,glob_probe,glob_probe,0.0,0.012219064762044693,615,1396
arguana,10,10,False,37,37966,False,0.3439952421507859,0.35704563659008903,0.06540967389821258,0.16386234605516586,0.12224466894031497,0.16811035668463348,0.0716628007458953,0.009192932187201528,0.16386234605516586,0.16386234605516586,glob_probe,glob_probe,0.0,0.006253126847682727,591,1396
arguana,10,10,False,38,38966,False,0.32853093895333285,0.35704563659008903,0.05761648412078211,0.16439561571451003,0.12186422315190633,0.16858506901464668,0.07118524582707964,0.008715377268385864,0.16439561571451003,0.16439561571451003,glob_probe,glob_probe,0.0,0.013568761706297526,601,1396
arguana,10,10,False,39,39966,False,0.4063529818291916,0.35704563659008903,0.1026725145278154,0.1637907128173435,0.12217158856637497,0.16825470851236637,0.07082707963796789,0.008715377268385864,0.1637907128173435,0.1637907128173435,glob_probe,glob_probe,0.0,0.03184543488984751,689,1396
arguana,10,10,False,40,40966,False,0.3886884269475469,0.35704563659008903,0.09258359835007399,0.16385438680651893,0.12173333094688528,0.16829621030888253,0.07101810160549415,0.008834765998089779,0.16385438680651893,0.16385438680651893,glob_probe,glob_probe,0.0,0.021565496744579832,634,1396
arguana,10,10,False,41,41966,False,0.36779054470979455,0.35704563659008903,0.07953392913994634,0.14022138662762257,0.12198851929936844,0.16888808898099042,0.0716628007458953,0.009192932187201528,0.14022138662762257,0.14022138662762257,glob_probe,glob_probe,0.0,0.007871128394051033,597,1396
arguana,10,10,False,42,42966,False,0.38108374358328523,0.35704563659008903,0.08633791391671047,0.15409959192490028,0.12176335743106649,0.1682610138911646,0.07070769090826397,0.009192932187201528,0.15409959192490028,0.15409959192490028,glob_probe,glob_probe,0.0,0.015630223008446506,666,1396
arguana,10,10,False,43,43966,False,0.35223319776099526,0.35704563659008903,0.06734092873061354,0.16867282172311135,0.12223381722016777,0.168309657940525,0.07130463455678356,0.009192932187201528,0.16867282172311135,0.16867282172311135,glob_probe,glob_probe,0.0,0.003963705826170019,638,1396
arguana,10,10,False,44,44966,False,0.3373523210468389,0.35704563659008903,0.06322604886358468,0.1644804123250946,0.1221226099778717,0.16865398290877545,0.0716628007458953,0.009192932187201528,0.1644804123250946,0.1644804123250946,glob_probe,glob_probe,0.0,0.00843675188231062,594,1396
arguana,10,10,False,45,45966,False,0.34644720379519955,0.35704563659008903,0.06590087324328012,0.1639123756180894,0.12235867732095472,0.1685782825823588,0.07070769090826397,0.009192932187201528,0.1639123756180894,0.1639123756180894,glob_probe,glob_probe,0.0,0.004806817664983851,573,1396
arguana,10,10,False,46,46966,False,0.3928517516068724,0.35704563659008903,0.09544324268536303,0.16852358581098148,0.12151764405498063,0.1682632879622066,0.07118524582707964,0.008715377268385864,0.16852358581098148,0.16852358581098148,glob_probe,glob_probe,0.0,0.024257996858283393,646,1396
arguana,10,10,False,47,47966,False,0.35798024362714587,0.35704563659008903,0.07058830217856006,0.16400561253081058,0.12193690006162919,0.16819504992835252,0.07082707963796789,0.009192932187201528,0.16400561253081058,0.16400561253081058,glob_probe,glob_probe,0.0,0.0002387774594078268,576,1396
arguana,10,10,False,48,48966,False,0.3778122429821022,0.35704563659008903,0.0843202443847143,0.1643558194712754,0.12182650891629347,0.16869877256674562,0.0716628007458953,0.009192932187201528,0.12182650891629347,0.1643558194712754,trunc,glob_probe,0.04252931055498192,0.012657443638819002,642,1396
arguana,10,10,False,49,49966,False,0.3747475352551698,0.35704563659008903,0.08416839845922941,0.15476302902986203,0.12175661701259066,0.16881872981421003,0.0716628007458953,0.009192932187201528,0.12175661701259066,0.15476302902986203,trunc,glob_probe,0.033006412017271364,0.012505597713334107,640,1396
arguana,30,30,False,0,2100048,False,0.3695379209603251,0.35704563659008903,0.07949889258028792,0.1634246553150452,0.12165512743343075,0.16789007261368483,0.0711297988187523,0.009326550387596898,0.1634246553150452,0.1634246553150452,glob_probe,glob_probe,0.0,0.00836909376153562,1953,1376
arguana,30,30,False,1,2101048,False,0.33919493290518454,0.35704563659008903,0.06404519656699888,0.1646076333512209,0.12272085167275801,0.16898429492883738,0.07064530269472129,0.009326550387596898,0.1646076333512209,0.1646076333512209,glob_probe,glob_probe,0.0,0.0066001061277224105,1858,1376
arguana,30,30,False,2,2102048,False,0.3641345671285487,0.35704563659008903,0.07492098098929494,0.16898733029416485,0.12189582827006182,0.1685836095354194,0.0708875507567368,0.009326550387596898,0.16898733029416485,0.16898733029416485,glob_probe,glob_probe,0.0,0.00403343023255813,1842,1376
arguana,30,30,False,3,2103048,False,0.3515368192780921,0.35704563659008903,0.06706637596899225,0.16829884726556552,0.12160432364081418,0.16814338438589196,0.0707906515319306,0.009326550387596898,0.16829884726556552,0.16829884726556552,glob_probe,glob_probe,0.0,0.0037242755629383617,1840,1376
arguana,30,30,False,4,2104048,False,0.36150085472623594,0.35704563659008903,0.07154162052417866,0.16832413689841327,0.12180128049328014,0.1681699324502307,0.0708875507567368,0.009326550387596898,0.16832413689841327,0.16832413689841327,glob_probe,glob_probe,0.0,0.0006540697674418533,1922,1376
arguana,30,30,False,5,2105048,False,0.3609998343937947,0.35704563659008903,0.07037882982650424,0.16253410529658818,0.12143740876434093,0.1681379473165014,0.06967631044665928,0.008842054263565892,0.16253410529658818,0.16253410529658818,glob_probe,glob_probe,0.0,0.0007025193798449597,1987,1376
arguana,30,30,False,6,2106048,False,0.3556034893396399,0.35704563659008903,0.06930255629383536,0.16913187185136883,0.12232679577604195,0.16886812597182538,0.07112979881875231,0.009326550387596898,0.16913187185136883,0.16913187185136883,glob_probe,glob_probe,0.0,0.00182724252491695,1851,1376
arguana,30,30,False,7,2107048,False,0.3825521301016629,0.35704563659008903,0.08835994431924662,0.16790750128919046,0.12192045849884417,0.16777204222675907,0.07221991509782207,0.009326550387596898,0.16790750128919046,0.16790750128919046,glob_probe,glob_probe,0.0,0.01614002922142456,1996,1376
arguana,30,30,False,8,2108048,False,0.34623824904725453,0.35704563659008903,0.06559904485049833,0.16338884245219742,0.12166242432245605,0.16732907434193073,0.07066952750092285,0.009326550387596898,0.16338884245219742,0.16338884245219742,glob_probe,glob_probe,0.0,0.005070482650424521,1825,1376
arguana,30,30,False,9,2109048,False,0.3516411465593973,0.35704563659008903,0.06661014211886304,0.15499753454992168,0.12137933187505996,0.16912223434730003,0.07071797711332595,0.008963178294573642,0.12137933187505996,0.15499753454992168,trunc,glob_probe,0.03361820267486172,0.0041078349944629056,1856,1376
arguana,30,30,False,10,2110048,False,0.3364001723322206,0.35704563659008903,0.06213437321722205,0.16865802458695214,0.12200719978480899,0.16817451443155687,0.0705968530823182,0.009326550387596898,0.16865802458695214,0.16865802458695214,glob_probe,glob_probe,0.0,0.008462479865096142,1780,1376
arguana,30,30,False,11,2111048,False,0.37950055575142394,0.35704563659008903,0.08761531991909897,0.16238145190992317,0.1217204206882315,0.16784861294286468,0.07246216315983757,0.009326550387596898,0.16238145190992317,0.16238145190992317,glob_probe,glob_probe,0.0,0.015153156759261405,1946,1376
arguana,30,30,False,12,2112048,False,0.33855724182257174,0.35704563659008903,0.0621798864894795,0.15360537437509125,0.1221745202028483,0.16839606694235357,0.07071797711332595,0.008963178294573642,0.15360537437509125,0.15360537437509125,glob_probe,glob_probe,0.0,0.008538090623846445,1841,1376
arguana,30,30,False,13,2113048,False,0.3429555053498573,0.35704563659008903,0.06396214008859358,0.16774836214022576,0.12176396854846908,0.16766399601320672,0.07076642672572904,0.009326550387596898,0.16774836214022576,0.16774836214022576,glob_probe,glob_probe,0.0,0.006804286637135462,1807,1376
arguana,30,30,False,14,2114048,False,0.3668197908898005,0.35704563659008903,0.07875196105574013,0.16309190505496934,0.12194791582973279,0.1671116641681252,0.07100867478774456,0.009326550387596898,0.16309190505496934,0.16309190505496934,glob_probe,glob_probe,0.0,0.007743286267995572,1857,1376
arguana,30,30,False,15,2115048,False,0.36026633740264236,0.35704563659008903,0.07219569029162051,0.1640136536874738,0.12254012965286355,0.16819938458724099,0.07149317091177555,0.009326550387596898,0.1640136536874738,0.1640136536874738,glob_probe,glob_probe,0.0,0.0007025193798449597,1881,1376
arguana,30,30,False,16,2116048,False,0.33933537896138666,0.35704563659008903,0.06513531284606865,0.16413011103503578,0.12162537684318764,0.16867955022643535,0.07225452196382429,0.009326550387596898,0.16413011103503578,0.16413011103503578,glob_probe,glob_probe,0.0,0.00711920911775564,1780,1376
arguana,30,30,False,17,2117048,False,0.32200808885831345,0.35704563659008903,0.05232332670559414,0.15432422655384426,0.12233339040705224,0.16818378468706516,0.06954134366925065,0.009326550387596898,0.15432422655384426,0.15432422655384426,glob_probe,glob_probe,0.0,0.017218016963656504,1778,1376
arguana,30,30,False,18,2118048,False,0.33832376012723175,0.35704563659008903,0.06269898947951273,0.16992571624986438,0.12255366573088862,0.16943404242351476,0.07132013658176448,0.009326550387596898,0.16992571624986438,0.16992571624986438,glob_probe,glob_probe,0.0,0.008621147102251744,1829,1376
arguana,30,30,False,19,2119048,False,0.35644640862432575,0.35704563659008903,0.06762758397932815,0.16320797922627608,0.12192093346974361,0.1675523249285534,0.06921603912882983,0.008842054263565892,0.16320797922627608,0.16320797922627608,glob_probe,glob_probe,0.0,0.0015884551495016774,1823,1376
arguana,30,30,False,20,2120048,False,0.33292761309942354,0.35704563659008903,0.05886575472331285,0.16860514828044212,0.12221973477034329,0.16801493967169143,0.06921603912882981,0.008357558139534883,0.16860514828044212,0.16860514828044212,glob_probe,glob_probe,0.0,0.010350284405516962,1785,1376
arguana,30,30,False,21,2121048,False,0.3412637989570261,0.35704563659008903,0.0645296926910299,0.15477390479957512,0.1226364529894197,0.1687462981065382,0.07205034145441122,0.009326550387596898,0.15477390479957512,0.15477390479957512,glob_probe,glob_probe,0.0,0.007520648763381321,1777,1376
arguana,30,30,False,22,2122048,False,0.3749693107353713,0.35704563659008903,0.08352646626629184,0.16979862534601223,0.12212771636634623,0.1696470164127798,0.0707906515319306,0.009326550387596898,0.16979862534601223,0.16979862534601223,glob_probe,glob_probe,0.0,0.012735814734361237,1882,1376
arguana,30,30,False,23,2123048,False,0.36684767545680197,0.35704563659008903,0.07841281376891841,0.16459101156861075,0.12215149488731632,0.1690760918592971,0.0707906515319306,0.009326550387596898,0.16459101156861075,0.16459101156861075,glob_probe,glob_probe,0.0,0.007622162236987806,1866,1376
arguana,30,30,False,24,2124048,False,0.3232410753771721,0.35704563659008903,0.05332692581965837,0.16932147410577955,0.1218304167113602,0.16891433097805947,0.07217954042081948,0.009326550387596898,0.16932147410577955,0.16932147410577955,glob_probe,glob_probe,0.0,0.018852614601161104,1746,1376
arguana,30,30,False,25,2125048,False,0.3331087862766614,0.35704563659008903,0.060440367126413624,0.16426415415599752,0.12190875441852575,0.16934779751532217,0.0710813492063492,0.009326550387596898,0.16426415415599752,0.16426415415599752,glob_probe,glob_probe,0.0,0.01064098207993558,1838,1376
arguana,30,30,False,26,2126048,False,0.32862250379956054,0.35704563659008903,0.05767873921943689,0.16798669777100322,0.12218795209128804,0.1682220928221585,0.0711297988187523,0.008842054263565892,0.16798669777100322,0.16798669777100322,glob_probe,glob_probe,0.0,0.013451059599315404,1751,1376
arguana,30,30,False,27,2127048,False,0.3704755190318588,0.35704563659008903,0.08165836101882613,0.16911089253618636,0.12209192128244895,0.16838731035656213,0.07173541897379106,0.008842054263565892,0.16911089253618636,0.16911089253618636,glob_probe,glob_probe,0.0,0.009922942045035077,1859,1376
arguana,30,30,False,28,2128048,False,0.34510764674070327,0.35704563659008903,0.0653810215946844,0.15475280575508077,0.12156825010647135,0.1690646086719418,0.07120247323735696,0.009326550387596898,0.15475280575508077,0.15475280575508077,glob_probe,glob_probe,0.0,0.005821451642672559,1941,1376
arguana,30,30,False,29,2129048,False,0.3494846263920697,0.35704563659008903,0.06844718992248063,0.16885396277344267,0.12253392491571215,0.1684255715140093,0.07246216315983757,0.009326550387596898,0.16885396277344267,0.16885396277344267,glob_probe,glob_probe,0.0,0.004014973237356945,1831,1376
arguana,30,30,False,30,2130048,False,0.3537216926062341,0.35704563659008903,0.06793212440014766,0.16413477771848153,0.12219547672826878,0.16852189941471477,0.0708875507567368,0.008478682170542635,0.16413477771848153,0.16413477771848153,glob_probe,glob_probe,0.0,0.002955426356589144,1869,1376
arguana,30,30,False,31,2131048,False,0.3736430637166064,0.35704563659008903,0.08219064123860635,0.16259246505698283,0.12132123861945027,0.16729455621148237,0.07135820413436691,0.008842054263565892,0.16259246505698283,0.16259246505698283,glob_probe,glob_probe,0.0,0.010832437104239437,1914,1376
arguana,30,30,False,32,2132048,False,0.35552644189409655,0.35704563659008903,0.06954480435585086,0.15460087636986652,0.12213336725761205,0.16950444661177974,0.07137204688076781,0.008357558139534883,0.15460087636986652,0.15460087636986652,glob_probe,glob_probe,0.0,0.00182724252491695,1954,1376
arguana,30,30,False,33,2133048,False,0.3595230272580674,0.35704563659008903,0.07166274455518641,0.16845812758472958,0.12073918873087965,0.1681076763923351,0.07099483204134367,0.008842054263565892,0.16845812758472958,0.16845812758472958,glob_probe,glob_probe,0.0,0.0006679125138427389,1862,1376
arguana,30,30,False,34,2134048,False,0.35353783407728434,0.35704563659008903,0.0684892949427833,0.16228268117161757,0.12169547638261718,0.16791319629233176,0.07185654300479882,0.009326550387596898,0.16228268117161757,0.16228268117161757,glob_probe,glob_probe,0.0,0.003367248062015521,1867,1376
arguana,30,30,False,35,2135048,False,0.3697167429893168,0.35704563659008903,0.07963039867109635,0.16907461179496378,0.12258786782580848,0.16874315478752894,0.07060723514211888,0.009326550387596898,0.16907461179496378,0.16907461179496378,glob_probe,glob_probe,0.0,0.009023163528977474,1873,1376
arguana,30,30,False,36,2136048,False,0.3449755194584124,0.35704563659008903,0.06518722314507198,0.15532193887059728,0.12276444932017769,0.16910776238515365,0.07096022517534145,0.008842054263565892,0.15532193887059728,0.15532193887059728,glob_probe,glob_probe,0.0,0.005773002030269467,1833,1376
arguana,30,30,False,37,2137048,False,0.3671741535616564,0.35704563659008903,0.07975556016980435,0.16415779652783757,0.12160992492542046,0.16886762179254214,0.07164890180878553,0.009326550387596898,0.16415779652783757,0.16415779652783757,glob_probe,glob_probe,0.0,0.008106658361018829,1860,1376
arguana,30,30,False,38,2138048,False,0.34578788651131376,0.35704563659008903,0.0664469130675526,0.1648857467107296,0.12274674257868434,0.1689972779605875,0.07192921742340347,0.009326550387596898,0.1648857467107296,0.1648857467107296,glob_probe,glob_probe,0.0,0.00548230435585087,1727,1376
arguana,30,30,False,39,2139048,False,0.3866202103271287,0.35704563659008903,0.09182865342022319,0.1682170607258019,0.12222191946815042,0.16810605091832592,0.0705968530823182,0.009326550387596898,0.1682170607258019,0.1682170607258019,glob_probe,glob_probe,0.0,0.02123180033790499,1935,1376
arguana,30,30,False,40,2140048,False,0.35470098269667544,0.35704563659008903,0.0680532484311554,0.16830308984526124,0.12133038084309179,0.16809733063344282,0.07008813215208565,0.009326550387596898,0.16830308984526124,0.16830308984526124,glob_probe,glob_probe,0.0,0.0020348837209302473,1950,1376
arguana,30,30,False,41,2141048,False,0.35897016239393353,0.35704563659008903,0.07040305463270578,0.16937288022549965,0.12210156036608819,0.16889054581619292,0.0708875507567368,0.008842054263565892,0.16937288022549965,0.16937288022549965,glob_probe,glob_probe,0.0,0.0004844961240310225,1842,1376
arguana,30,30,False,42,2142048,False,0.3700281251991898,0.35704563659008903,0.07939161129568106,0.1615375324250153,0.12060906955501564,0.16699116935286296,0.07052417866371355,0.008842054263565892,0.1615375324250153,0.1615375324250153,glob_probe,glob_probe,0.0,0.008867432631967515,1865,1376
arguana,30,30,False,43,2143048,False,0.3854745880406989,0.35704563659008903,0.09018482728511798,0.1634273395655492,0.12098613419549674,0.16785033394558016,0.0709360003691399,0.009326550387596898,0.1634273395655492,0.1634273395655492,glob_probe,glob_probe,0.0,0.01924882691597808,1913,1376
arguana,30,30,False,44,2144048,False,0.3686285322559425,0.35704563659008903,0.0805532484311554,0.16448199994070378,0.12228107512157745,0.1691216575662,0.07249677002583979,0.009326550387596898,0.16448199994070378,0.16448199994070378,glob_probe,glob_probe,0.0,0.008056478405315606,1853,1376
arguana,30,30,False,45,2145048,False,0.35011670753649937,0.35704563659008903,0.0667376107419712,0.16406444672518544,0.12205472315490191,0.16817785553869413,0.07080103359173126,0.008357558139534883,0.16406444672518544,0.16406444672518544,glob_probe,glob_probe,0.0,0.004063422849760065,1823,1376
arguana,30,30,False,46,2146048,False,0.37925962964630644,0.35704563659008903,0.08551583671496461,0.1670227769733786,0.12173671743972561,0.16693756501146792,0.0718046327057955,0.008842054263565892,0.1670227769733786,0.1670227769733786,glob_probe,glob_probe,0.0,0.013711204009169115,1937,1376
arguana,30,30,False,47,2147048,False,0.36779930287084817,0.35704563659008903,0.07896998431155407,0.1543028893306859,0.12218444536463823,0.16841856140525502,0.0712751476559616,0.009326550387596898,0.1543028893306859,0.1543028893306859,glob_probe,glob_probe,0.0,0.007694836655592466,1895,1376
arguana,30,30,False,48,2148048,False,0.3456980049732329,0.35704563659008903,0.06564749446290143,0.16943908501554164,0.1222713543136535,0.16906417306104107,0.0711782484311554,0.009326550387596898,0.16943908501554164,0.16943908501554164,glob_probe,glob_probe,0.0,0.005530753968253976,1870,1376
arguana,30,30,False,49,2149048,False,0.3291292049315269,0.35704563659008903,0.05741226635121984,0.1687376667632513,0.12315506821662901,0.16859677063142933,0.07100867478774456,0.008842054263565892,0.1687376667632513,0.1687376667632513,glob_probe,glob_probe,0.0,0.013596408436524716,1810,1376
arguana,50,50,False,0,2200518,False,0.3516539280480723,0.35704563659008903,0.06751884627990822,0.16847534063022843,0.12128232914927024,0.16789910842247893,0.0714414477688814,0.008972468043264502,0.16847534063022843,0.16847534063022843,glob_probe,glob_probe,0.0,0.003922601488973179,3091,1356
arguana,50,50,False,1,2201518,False,0.35617398417871865,0.35704563659008903,0.06935899236784192,0.1685957073988253,0.1213906118985748,0.16804167461137515,0.07126586131010909,0.008972468043264502,0.1685957073988253,0.1685957073988253,glob_probe,glob_probe,0.0,0.001906868942267173,3239,1356
arguana,50,50,False,2,2202518,False,0.3831262777595671,0.35704563659008903,0.08780723946653149,0.16295261051247514,0.12144109795288723,0.1677493114806466,0.07028608887015966,0.008972468043264502,0.16295261051247514,0.16295261051247514,glob_probe,glob_probe,0.0,0.017521150596371826,3272,1356
arguana,50,50,False,3,2203518,False,0.34961630141868993,0.35704563659008903,0.06805555555555555,0.1691111381621738,0.12293749788674437,0.16903192349334709,0.0721297466872688,0.009464110127826941,0.1691111381621738,0.1691111381621738,glob_probe,glob_probe,0.0,0.004074191131713256,3150,1356
arguana,50,50,False,4,2204518,False,0.36429262192209744,0.35704563659008903,0.0748091960481341,0.16674922401928619,0.12163439051007222,0.16657169525878257,0.07120791777871424,0.008972468043264502,0.16674922401928619,0.16674922401928619,glob_probe,glob_probe,0.0,0.003601278269419861,3209,1356
arguana,50,50,False,5,2205518,False,0.35366031901734674,0.35704563659008903,0.06765580371775062,0.16802372590219516,0.12079393717017481,0.16766234911492317,0.0706548204335815,0.009464110127826941,0.16802372590219516,0.16802372590219516,glob_probe,glob_probe,0.0,0.002999016715830874,3094,1356
arguana,50,50,False,6,2206518,False,0.35761359063241027,0.35704563659008903,0.06906751884627989,0.16246329320899858,0.12128218677698425,0.167830320687762,0.06919042936742052,0.008603736479842673,0.16246329320899858,0.16246329320899858,glob_probe,glob_probe,0.0,0.0001229105211406345,3169,1356
arguana,50,50,False,7,2207518,False,0.3622523778718735,0.35704563659008903,0.07232640352109378,0.16358470539235764,0.12177954428460232,0.1677539209562347,0.07002797677576438,0.008972468043264502,0.16358470539235764,0.16358470539235764,glob_probe,glob_probe,0.0,0.0022984267453294016,3208,1356
arguana,50,50,False,8,2208518,False,0.34325562596003883,0.35704563659008903,0.06515135552746172,0.16441874107152604,0.12155558780881359,0.168801663749813,0.07132907243526712,0.009464110127826941,0.16441874107152604,0.16441874107152604,glob_probe,glob_probe,0.0,0.0061777169078054,3010,1356
arguana,50,50,False,9,2209518,False,0.36207421114379346,0.35704563659008903,0.07299012033525308,0.16309487238040074,0.12162502569380806,0.16864227034471424,0.071564358290022,0.009095378564405112,0.16309487238040074,0.16309487238040074,glob_probe,glob_probe,0.0,0.0014257620452310799,3171,1356
arguana,50,50,False,10,2210518,False,0.3500860076036527,0.35704563659008903,0.06658062930186824,0.16341281075143643,0.1208904833412077,0.16886406652239278,0.07070398464203774,0.008972468043264502,0.16341281075143643,0.16341281075143643,glob_probe,glob_probe,0.0,0.004123355340169499,3021,1356
arguana,50,50,False,11,2211518,False,0.3817910206057321,0.35704563659008903,0.08846685926331943,0.16768118905523355,0.12149835901034174,0.16758175943256357,0.07230006555227793,0.009464110127826941,0.16768118905523355,0.16768118905523355,glob_probe,glob_probe,0.0,0.016166793711041502,3216,1356
arguana,50,50,False,12,2212518,False,0.3394158176202595,0.35704563659008903,0.06314615816828205,0.16403534046688653,0.1212656188405295,0.16804066835386186,0.07064252938146744,0.008972468043264502,0.16403534046688653,0.16403534046688653,glob_probe,glob_probe,0.0,0.007496371213185388,2910,1356
arguana,50,50,False,13,2213518,False,0.3614053891521046,0.35704563659008903,0.07241244088589222,0.16710341956153485,0.12193253762299786,0.16692553002177923,0.07174872407173292,0.008972468043264502,0.16710341956153485,0.16710341956153485,glob_probe,glob_probe,0.0,0.0006637168141592903,3040,1356
arguana,50,50,False,14,2214518,False,0.335942028327253,0.35704563659008903,0.06155130104245148,0.16333782018972023,0.12083746080953846,0.1689251759308473,0.07050732780821276,0.008603736479842673,0.16333782018972023,0.16333782018972023,glob_probe,glob_probe,0.0,0.008956026765761273,3032,1356
arguana,50,50,False,15,2215518,False,0.36841296978576155,0.35704563659008903,0.08074928594840099,0.1670936865872001,0.12216138764426698,0.16735337015550172,0.07230182141686566,0.009464110127826941,0.1670936865872001,0.1670936865872001,glob_probe,glob_probe,0.0,0.008447464531535331,3236,1356
arguana,50,50,False,16,2216518,False,0.3588252575340707,0.35704563659008903,0.0702123425574753,0.16446391467864657,0.12149073420351532,0.16869342431635234,0.07070398464203774,0.009464110127826941,0.16446391467864657,0.16446391467864657,glob_probe,glob_probe,0.0,0.0004916420845624409,3177,1356
arguana,50,50,False,17,2217518,False,0.34348236242566765,0.35704563659008903,0.06372559348223066,0.16935121972057915,0.12168212405751577,0.16891096529716765,0.07044411668305472,0.008972468043264502,0.16935121972057915,0.16935121972057915,glob_probe,glob_probe,0.0,0.00671852320082407,3037,1356
arguana,50,50,False,18,2218518,False,0.3465951415282278,0.35704563659008903,0.06587828346677903,0.1541857443666606,0.12193130053184568,0.16817981755274558,0.06967153626445662,0.009464110127826941,0.1541857443666606,0.1541857443666606,glob_probe,glob_probe,0.0,0.0037932527976775876,3001,1356
arguana,50,50,False,19,2219518,False,0.37249244419025507,0.35704563659008903,0.0798525343879326,0.16867159097203072,0.121653543689348,0.16816321195636383,0.06972070047291286,0.008972468043264502,0.16867159097203072,0.16867159097203072,glob_probe,glob_probe,0.0,0.010131833915019747,3113,1356
arguana,50,50,False,20,2220518,False,0.3629354584282043,0.35704563659008903,0.07489523341293251,0.16798290512022396,0.1204266744474247,0.16771598688979986,0.07151519408156576,0.009464110127826941,0.16798290512022396,0.16798290512022396,glob_probe,glob_probe,0.0,0.003380039331366755,3106,1356
arguana,50,50,False,21,2221518,False,0.3482538723412676,0.35704563659008903,0.06535152409046215,0.1630515610539036,0.12225356551083592,0.16821067964763683,0.06987872828580793,0.009095378564405112,0.1630515610539036,0.1630515610539036,glob_probe,glob_probe,0.0,0.004527204195345788,3016,1356
arguana,50,50,False,22,2222518,False,0.3539954566600535,0.35704563659008903,0.0671501147164864,0.16756889293174534,0.12277622364284116,0.16736124903506203,0.06970665355621107,0.008972468043264502,0.16756889293174534,0.16756889293174534,glob_probe,glob_probe,0.0,0.0025565388397246758,3085,1356
arguana,50,50,False,23,2223518,False,0.34856742069671687,0.35704563659008903,0.06633480825958703,0.16353155058256566,0.12312543963676524,0.1691568997375321,0.07126937303928453,0.009464110127826941,0.16353155058256566,0.16353155058256566,glob_probe,glob_probe,0.0,0.004934564779697503,3018,1356
arguana,50,50,False,24,2224518,False,0.36600963796480634,0.35704563659008903,0.07826649342136067,0.16339860011775678,0.12258052904954843,0.16849427693800142,0.07249847825069064,0.008972468043264502,0.16339860011775678,0.16339860011775678,glob_probe,glob_probe,0.0,0.005768015170670035,3167,1356
arguana,50,50,False,25,2225518,False,0.37970477866682467,0.35704563659008903,0.08575053674611197,0.16406040144327494,0.12189177274685406,0.16880931137914207,0.07108500725757362,0.008972468043264502,0.16406040144327494,0.16406040144327494,glob_probe,glob_probe,0.0,0.014665529488538345,3275,1356
arguana,50,50,False,26,2226518,False,0.36600139275237287,0.35704563659008903,0.07660720138596244,0.1664670735777136,0.12191910715517806,0.16652681020283558,0.07108500725757362,0.009464110127826941,0.1664670735777136,0.1664670735777136,glob_probe,glob_probe,0.0,0.0055221941283888215,3085,1356
arguana,50,50,False,27,2227518,False,0.3404748529316044,0.35704563659008903,0.0644244275881444,0.16906216632116655,0.12264853208983471,0.16903312067374782,0.07205600037458444,0.009464110127826941,0.16906216632116655,0.16906216632116655,glob_probe,glob_probe,0.0,0.007631572786440041,3121,1356
arguana,50,50,False,28,2228518,False,0.3768081403391944,0.35704563659008903,0.08278429616925193,0.16268882562479647,0.12149369623486672,0.16830467161109783,0.07029837992227372,0.008972468043264502,0.16268882562479647,0.16268882562479647,glob_probe,glob_probe,0.0,0.012485916246978201,3195,1356
arguana,50,50,False,29,2229518,False,0.34015694334403934,0.35704563659008903,0.06441038067144261,0.16894175128013728,0.12242185318254127,0.16899579055442915,0.07178384136348737,0.009464110127826941,0.16894175128013728,0.16894175128013728,glob_probe,glob_probe,0.0,0.007373460692044753,2919,1356
arguana,50,50,False,30,2230518,False,0.34426155731511743,0.35704563659008903,0.06495469869363674,0.1702405540592888,0.12294321093070845,0.17029307630317247,0.07107271620545957,0.008480825958702065,0.1702405540592888,0.1702405540592888,glob_probe,glob_probe,0.0,0.0061180175118228375,3040,1356
arguana,50,50,False,31,2231518,False,0.36305286639779877,0.35704563659008903,0.07455108395373881,0.16883131719651212,0.1220221237090605,0.16783586455392532,0.0712202088308283,0.009464110127826941,0.16883131719651212,0.16883131719651212,glob_probe,glob_probe,0.0,0.003330875122910512,3113,1356
arguana,50,50,False,32,2232518,False,0.34016487941573625,0.35704563659008903,0.06382216603455541,0.16384677125176866,0.12196494258630844,0.16862260998213352,0.07136594559160932,0.008972468043264502,0.16384677125176866,0.16384677125176866,glob_probe,glob_probe,0.0,0.0075437795570539035,2962,1356
arguana,50,50,False,33,2233518,False,0.36338120328034895,0.35704563659008903,0.07452650184951069,0.16932241841314694,0.12352761007361313,0.1688398589207515,0.0714414477688814,0.009464110127826941,0.16932241841314694,0.16932241841314694,glob_probe,glob_probe,0.0,0.0030850540806292986,3159,1356
arguana,50,50,False,34,2234518,False,0.35809792311689725,0.35704563659008903,0.07022463360958936,0.16491857719083122,0.12203513977374351,0.16970889933625213,0.07047045465187059,0.009464110127826941,0.16491857719083122,0.16491857719083122,glob_probe,glob_probe,0.0,0.00024582104228122736,3197,1356
arguana,50,50,False,35,2235518,False,0.3627407702606127,0.35704563659008903,0.07189621669710164,0.15349965487351475,0.12057710116548666,0.16821700586427019,0.0688849089291567,0.007989183874139626,0.15349965487351475,0.15349965487351475,glob_probe,glob_probe,0.0,0.0030113077679449346,3171,1356
arguana,50,50,False,36,2236518,False,0.3501564762876869,0.35704563659008903,0.0673180924287119,0.16873439000432205,0.12221921348343234,0.1688695223906805,0.0714414477688814,0.008972468043264502,0.16873439000432205,0.16873439000432205,glob_probe,glob_probe,0.0,0.004123355340169499,3094,1356
arguana,50,50,False,37,2237518,False,0.3536246494164039,0.35704563659008903,0.06855129465748934,0.16199555789613052,0.12247062240880942,0.16769812536751355,0.07155031137332021,0.009464110127826941,0.16199555789613052,0.16199555789613052,glob_probe,glob_probe,0.0,0.002999016715830874,2992,1356
arguana,50,50,False,38,2238518,False,0.35439648194343565,0.35704563659008903,0.07085147726740647,0.1688687756410502,0.12222198601813064,0.16869180147180915,0.07340801610713114,0.009464110127826941,0.1688687756410502,0.1688687756410502,glob_probe,glob_probe,0.0,0.0025565388397246758,3065,1356
arguana,50,50,False,39,2239518,False,0.3491801142262717,0.35704563659008903,0.0674410029498525,0.14327029166676203,0.12089843806182056,0.1680153147333755,0.07176101512384699,0.008726647000983283,0.14327029166676203,0.14327029166676203,glob_probe,glob_probe,0.0,0.0043200121739944836,3111,1356
arguana,50,50,False,40,2240518,False,0.3414236679603193,0.35704563659008903,0.0643260991712319,0.16857238037784078,0.12246184982981505,0.16867390720612727,0.07205600037458444,0.009464110127826941,0.16857238037784078,0.16857238037784078,glob_probe,glob_probe,0.0,0.0077299012033525405,3083,1356
arguana,50,50,False,41,2241518,False,0.3340983519488517,0.35704563659008903,0.06084017588442366,0.16520708743509369,0.12288496823365784,0.1703120224504372,0.0712202088308283,0.009464110127826941,0.16520708743509369,0.16520708743509369,glob_probe,glob_probe,0.0,0.01038003294640464,2992,1356
arguana,50,50,False,42,2242518,False,0.34735213905344486,0.35704563659008903,0.06595202977946339,0.16868826130124384,0.12187656755709324,0.16919644268441497,0.07109729830968768,0.008972468043264502,0.16868826130124384,0.16868826130124384,glob_probe,glob_probe,0.0,0.0051452685302242895,3047,1356
arguana,50,50,False,43,2243518,False,0.33978862660561193,0.35704563659008903,0.06395736760781008,0.16755294136061416,0.12043244146667152,0.167548307961059,0.07102355199700332,0.008603736479842673,0.16755294136061416,0.16755294136061416,glob_probe,glob_probe,0.0,0.007066184389193236,3135,1356
arguana,50,50,False,44,2244518,False,0.3784784428828022,0.35704563659008903,0.08756141842425028,0.16698603244193533,0.12197061352573783,0.16690314028049308,0.07291637402256872,0.009464110127826941,0.16698603244193533,0.16698603244193533,glob_probe,glob_probe,0.0,0.014645044401681559,3301,1356
arguana,50,50,False,45,2245518,False,0.3602373854503438,0.35704563659008903,0.07210516458304068,0.16378434187517998,0.1215944982885072,0.16796583825886,0.07139228356042515,0.008480825958702065,0.16378434187517998,0.16378434187517998,glob_probe,glob_probe,0.0,0.000712881022615533,3143,1356
arguana,50,50,False,46,2246518,False,0.368614623644556,0.35704563659008903,0.07997143793603971,0.16494599569170104,0.12238627528101778,0.1692371509109639,0.07258275975090134,0.008972468043264502,0.16494599569170104,0.16494599569170104,glob_probe,glob_probe,0.0,0.007388678185138373,3083,1356
arguana,50,50,False,47,2247518,False,0.3241416196368323,0.35704563659008903,0.0529247383229684,0.16426715142878598,0.12115404117259422,0.1697409039589647,0.06963466310811443,0.009464110127826941,0.16426715142878598,0.16426715142878598,glob_probe,glob_probe,0.0,0.016709924785146033,3057,1356
arguana,50,50,False,48,2248518,False,0.3665741278573563,0.35704563659008903,0.07856147867209815,0.16790204530485087,0.12215938682593445,0.16771136393163708,0.07131853724774077,0.008480825958702065,0.16790204530485087,0.16790204530485087,glob_probe,glob_probe,0.0,0.007242941424357371,3091,1356
arguana,50,50,False,49,2249518,False,0.3446569874048794,0.35704563659008903,0.06455084983846046,0.16851901827346358,0.12157778507787136,0.16850989493579016,0.06982956407735168,0.008972468043264502,0.16851901827346358,0.16851901827346358,glob_probe,glob_probe,0.0,0.005278714238891216,3074,1356
cqadupstack-android,10,10,False,0,51,True,0.3728991498083011,0.36696960510720544,0.31845514015776666,0.3170024790652077,0.1351048195189839,0.22333663814432758,0.3195174627730646,0.18253174140960898,0.3170024790652077,0.3170024790652077,glob_probe,glob_probe,0.0014526610925589822,0.0010623226152979282,815,689
cqadupstack-android,10,10,False,1,1051,True,0.4277959405193656,0.36696960510720544,0.30916619123886907,0.26285111297416464,0.13493412395439724,0.22245680518902297,0.31769789868934956,0.18283637832561336,0.30916619123886907,0.26285111297416464,ad_probe,glob_probe,0.0,0.008531707450480486,750,689
cqadupstack-android,10,10,False,2,2051,True,0.46696811299531177,0.36696960510720544,0.30278624582878616,0.31189315475931234,0.13383406289929353,0.22267911956228073,0.3182542605664661,0.18121797576381457,0.31189315475931234,0.31189315475931234,glob_probe,glob_probe,0.0,0.015468014737679947,826,689
cqadupstack-android,10,10,False,3,3051,True,0.34352817788092704,0.36696960510720544,0.32080580506011575,0.31268795744090755,0.13417690456178943,0.22286216502834508,0.3188071667797497,0.18249921548845052,0.31268795744090755,0.31268795744090755,glob_probe,glob_probe,0.008117847619208196,0.0019986382803660607,762,689
cqadupstack-android,10,10,False,4,4051,True,0.324150384043969,0.36696960510720544,0.32484783704750014,0.31811583112195596,0.1341293302385523,0.22342932772488783,0.32048279015348624,0.18241360322939854,0.32484783704750014,0.31811583112195596,ad_probe,glob_probe,0.0,0.004365046894013902,796,689
cqadupstack-android,10,10,False,5,5051,True,0.3610930269617146,0.36696960510720544,0.3194267673296886,0.26292022625082506,0.13470145809413459,0.22247895688026026,0.31873459783925623,0.18197641490740382,0.26292022625082506,0.26292022625082506,glob_probe,glob_probe,0.05650654107886355,0.0006921694904323816,742,689
cqadupstack-android,10,10,False,6,6051,True,0.36869952369658354,0.36696960510720544,0.32069741489641296,0.31508618814102507,0.13591410565439796,0.22431843332060758,0.32106947470243496,0.1834693109943183,0.31508618814102507,0.31508618814102507,glob_probe,glob_probe,0.005611226755387888,0.00037205980602200706,814,689
cqadupstack-android,10,10,False,7,7051,True,0.3718177658493098,0.36696960510720544,0.3181089454719493,0.3166644523120866,0.13433907113491542,0.2227238337579383,0.31943955326119283,0.18190538183412852,0.3166644523120866,0.3166644523120866,glob_probe,glob_probe,0.0014444931598626698,0.001330607789243543,791,689
cqadupstack-android,10,10,False,8,8051,True,0.3147071710905267,0.36696960510720544,0.3262747945988943,0.3152635788844535,0.13506104273466712,0.2236972837879921,0.32071051004356965,0.18325607516595396,0.3262747945988943,0.3152635788844535,ad_probe,glob_probe,0.0,0.00556428455532465,842,689
cqadupstack-android,10,10,False,9,9051,True,0.3275529588681688,0.36696960510720544,0.3242297515237542,0.3163085189372853,0.1356036337625699,0.22373229957046797,0.32030346921944836,0.18290034198558147,0.3163085189372853,0.3163085189372853,glob_probe,glob_probe,0.00792123258646893,0.0039262823043058614,843,689
cqadupstack-android,10,10,False,10,10051,True,0.5622108862468985,0.36696960510720544,0.2843827324095777,0.31764586084066493,0.1355039895024921,0.22316078593654506,0.3195224891931854,0.18221143226869116,0.31764586084066493,0.31764586084066493,glob_probe,glob_probe,0.0,0.0351397567836077,810,689
cqadupstack-android,10,10,False,11,11051,True,0.3615139919375926,0.36696960510720544,0.3194928070886644,0.2638186988474109,0.1355897940822329,0.22361790823691846,0.3188866470479092,0.18307161601923067,0.3194928070886644,0.2638186988474109,ad_probe,glob_probe,0.0,0.0006061600407551992,796,689
cqadupstack-android,10,10,False,12,12051,True,0.3094970560649933,0.36696960510720544,0.32624559718599816,0.3132639014130779,0.13549126771908818,0.22350722227717587,0.32032650697833515,0.18280276414105578,0.3132639014130779,0.3132639014130779,glob_probe,glob_probe,0.012981695772920243,0.005919090207663014,839,689
cqadupstack-android,10,10,False,13,13051,True,0.34239049427246254,0.36696960510720544,0.32296329117986594,0.1996759233838807,0.13589859717336109,0.2237393478358617,0.32076998383690636,0.18321916577116262,0.32296329117986594,0.1996759233838807,ad_probe,glob_probe,0.0,0.002193307342959583,805,689
cqadupstack-android,10,10,False,14,14051,True,0.33859821651533323,0.36696960510720544,0.3232315763538115,0.3163440497762452,0.13620231682369366,0.22452001371086716,0.3214231043013476,0.18344024089450126,0.3232315763538115,0.3163440497762452,ad_probe,glob_probe,0.0,0.0018084720524639275,883,689
cqadupstack-android,10,10,False,15,15051,True,0.36206584598238734,0.36696960510720544,0.32062280916206265,0.2652700776572803,0.13553190688804628,0.22430105028435657,0.32001664912130756,0.18352664113488926,0.32062280916206265,0.32062280916206265,ad_probe,ad_probe,0.0,0.0006061600407550882,842,689
cqadupstack-android,10,10,False,16,16051,True,0.34502812354928386,0.36696960510720544,0.32072517290401187,0.316618376794313,0.13537355632750034,0.2228444154822936,0.3184235880942842,0.18267711216703023,0.32072517290401187,0.32072517290401187,ad_probe,ad_probe,0.0,0.0023015848097276415,768,689
cqadupstack-android,10,10,False,17,17051,True,0.504517140540171,0.36696960510720544,0.29280664486945795,0.31095782174850767,0.1349070083512758,0.2221030708730245,0.31660130136633713,0.18179938593544615,0.31095782174850767,0.31095782174850767,glob_probe,glob_probe,0.0,0.023794656496879174,805,689
cqadupstack-android,10,10,False,18,18051,True,0.5157952415690183,0.36696960510720544,0.2926043583101322,0.3140944126209476,0.13504630844795731,0.22279319674457268,0.3186456930333703,0.18258354334083804,0.3140944126209476,0.3140944126209476,glob_probe,glob_probe,0.0,0.026041334723238108,817,689
cqadupstack-android,10,10,False,19,19051,True,0.33661596104686586,0.36696960510720544,0.32170505900726515,0.3169409054187284,0.13617224884532356,0.22386707045995585,0.31950405898607587,0.18344808318260125,0.3169409054187284,0.3169409054187284,glob_probe,glob_probe,0.004764153588536768,0.002201000021189281,825,689
cqadupstack-android,10,10,False,20,20051,True,0.35762368042954384,0.36696960510720544,0.3201995794232555,0.3160722771916096,0.13570198571538183,0.2237787967995828,0.3193369305170606,0.18315798463415728,0.3160722771916096,0.3160722771916096,glob_probe,glob_probe,0.004127302231645924,0.0008626489061949183,790,689
cqadupstack-android,10,10,False,21,21051,True,0.3783261096130276,0.36696960510720544,0.31641128318838835,0.318149131155256,0.13612325205323428,0.2228667725801224,0.3196088807890109,0.18252486781816674,0.31641128318838835,0.31641128318838835,ad_probe,ad_probe,0.001737847966867656,0.003197597600622548,811,689
cqadupstack-android,10,10,False,22,22051,True,0.5683956931132974,0.36696960510720544,0.2841450344215168,0.315489526608859,0.13530812991794158,0.2227753223435343,0.3203472409613333,0.18201128356353655,0.315489526608859,0.315489526608859,glob_probe,glob_probe,0.0,0.03620220653981654,843,689
cqadupstack-android,10,10,False,23,23051,True,0.505138023370026,0.36696960510720544,0.29291052421862035,0.3132615976371892,0.1351497685068546,0.22293758946310488,0.31818814219846103,0.18260467045646703,0.3132615976371892,0.3132615976371892,glob_probe,glob_probe,0.0,0.025277617979840683,779,689
cqadupstack-android,10,10,False,24,24051,True,0.5381163664979456,0.36696960510720544,0.28936657202869837,0.3140702229741164,0.13394808834381042,0.22321788896897463,0.3194280343817494,0.18243170080576465,0.3140702229741164,0.3140702229741164,glob_probe,glob_probe,0.0,0.030061462353051016,775,689
cqadupstack-android,10,10,False,25,25051,True,0.3617371333963212,0.36696960510720544,0.3193614918630095,0.3164571124821053,0.13550819025556893,0.22347716847353713,0.31875533182225435,0.18287266279586012,0.3164571124821053,0.3164571124821053,glob_probe,glob_probe,0.0029043793809042096,0.0006061600407551437,786,689
cqadupstack-android,10,10,False,26,26051,True,0.40732262845852274,0.36696960510720544,0.31350238882615517,0.2632683130336138,0.13448569797365673,0.22360182208149992,0.32081145180290266,0.18241294270624164,0.31350238882615517,0.31350238882615517,ad_probe,ad_probe,0.0,0.0073090629767474935,832,689
cqadupstack-android,10,10,False,27,27051,True,0.5958351540253675,0.36696960510720544,0.2770768311048122,0.31237694769593555,0.13476077344974327,0.22149079812722489,0.31790021209921016,0.18122361577702703,0.2770768311048122,0.31237694769593555,ad_probe,glob_probe,0.035300116591123365,0.04082338099439797,819,689
cqadupstack-android,10,10,False,28,28051,True,0.3313126332175787,0.36696960510720544,0.32197344889829654,0.3134136468458422,0.13491031224566322,0.22370102138244088,0.3192863521645955,0.18292272846105428,0.3134136468458422,0.3134136468458422,glob_probe,glob_probe,0.008559802052454324,0.0026870967337010443,842,689
cqadupstack-android,10,10,False,29,29051,True,0.32938217114841856,0.36696960510720544,0.32425188325220256,0.2647862847206572,0.13542695665915896,0.22396239522872036,0.32086328676039794,0.18291328378542673,0.2647862847206572,0.2647862847206572,glob_probe,glob_probe,0.05946559853154537,0.0033885964918046185,885,689
cqadupstack-android,10,10,False,30,30051,True,0.3250515754142511,0.36696960510720544,0.3227783727138848,0.3134896714501687,0.13595347879703315,0.22358468070006246,0.318439714525505,0.1833899905418492,0.3227783727138848,0.3134896714501687,ad_probe,glob_probe,0.0,0.004338658188379807,767,689
cqadupstack-android,10,10,False,31,31051,True,0.3635441454979806,0.36696960510720544,0.31986601878263077,0.3138767057994672,0.13559917960979256,0.22334260701822098,0.3191216321885547,0.1831246377537399,0.3138767057994672,0.3138767057994672,glob_probe,glob_probe,0.005989312983163575,0.0007443865940760519,785,689
cqadupstack-android,10,10,False,32,32051,True,0.5411001043983522,0.36696960510720544,0.28750637771567383,0.3155791644343459,0.1343401209908274,0.22249269092882742,0.31867469966615053,0.1820813496571552,0.3155791644343459,0.3155791644343459,glob_probe,glob_probe,0.0,0.031168321950476696,849,689
cqadupstack-android,10,10,False,33,33051,True,0.5032528056039862,0.36696960510720544,0.291670733760501,0.1955291267842539,0.13528344076821464,0.22062654764289416,0.31590687749132024,0.18067642232701064,0.1955291267842539,0.1955291267842539,glob_probe,glob_probe,0.0961416069762471,0.024236143730819226,797,689
cqadupstack-android,10,10,False,34,34051,True,0.8786398894945027,0.36696960510720544,0.23601973915995506,0.3158938392773227,0.13523130570039654,0.22273759481498462,0.31856066275966083,0.18243927905333268,0.3158938392773227,0.3158938392773227,glob_probe,glob_probe,0.0,0.08254092359970577,750,689
cqadupstack-android,10,10,False,35,35051,True,0.32957168593544195,0.36696960510720544,0.32376463465174643,0.3185189919024753,0.1356358622471433,0.22396595560963928,0.3205614921189807,0.18325424261695158,0.32376463465174643,0.32376463465174643,ad_probe,ad_probe,0.0,0.0032031425327657126,857,689
cqadupstack-android,10,10,False,36,36051,True,0.32780110157769726,0.36696960510720544,0.32372522460413294,0.3152797053156743,0.1354319894285751,0.22354649118436928,0.32002010478514054,0.1831889607536675,0.32372522460413294,0.32372522460413294,ad_probe,ad_probe,0.0,0.0037051198189924084,800,689
cqadupstack-android,10,10,False,37,37051,True,0.37960312243682914,0.36696960510720544,0.3162062471342957,0.31701001869538886,0.13526859032910182,0.2233839702671314,0.3198922452233187,0.18279533473938608,0.31701001869538886,0.31701001869538886,glob_probe,glob_probe,0.0,0.003685998089023035,868,689
cqadupstack-android,10,10,False,38,38051,True,0.48454246186990885,0.36696960510720544,0.29805370699911116,0.3137073782716491,0.1351917725613361,0.2231201879278774,0.31906518967928205,0.18280095172995459,0.3137073782716491,0.3137073782716491,glob_probe,glob_probe,0.0,0.02101148268017089,770,689
cqadupstack-android,10,10,False,39,39051,True,0.6742228007168576,0.36696960510720544,0.26415404481216165,0.26078767804209346,0.134874622796103,0.2223615126409002,0.3186143826247014,0.18211703962153827,0.26078767804209346,0.26078767804209346,glob_probe,glob_probe,0.0033663667700681854,0.05446033781253973,842,689
cqadupstack-android,10,10,False,40,40051,True,0.4450805363079814,0.36696960510720544,0.3051560617135,0.2626092165058531,0.13417518191498468,0.22104722345599112,0.3178461186488903,0.18127993131966583,0.3051560617135,0.2626092165058531,ad_probe,glob_probe,0.0,0.01269005693539027,781,689
cqadupstack-android,10,10,False,41,41051,True,0.3225291424700971,0.36696960510720544,0.32431834217838257,0.2638186988474109,0.13593943107000914,0.22352823819078976,0.3202470267101757,0.1828773227061804,0.2638186988474109,0.2638186988474109,glob_probe,glob_probe,0.060499643330971686,0.004071315468206882,843,689
cqadupstack-android,10,10,False,42,42051,True,0.38493396501217003,0.36696960510720544,0.3161731243145255,0.3152313260220119,0.1352075882093329,0.22451256031828612,0.3205870108672861,0.18353103509772795,0.3152313260220119,0.3152313260220119,glob_probe,glob_probe,0.0009417982925135626,0.004413886552760593,768,689
cqadupstack-android,10,10,False,43,43051,True,0.522406590897258,0.36696960510720544,0.28915047623930795,0.31314313086623685,0.13467890915465713,0.22161840797907278,0.31578691658968816,0.18119953039405018,0.31314313086623685,0.31314313086623685,glob_probe,glob_probe,0.0,0.02663644035038021,822,689
cqadupstack-android,10,10,False,44,44051,True,0.47396310368195127,0.36696960510720544,0.30381764468311684,0.3194957606586344,0.1358143394999163,0.2248681778834145,0.32177450262081564,0.1834807028707319,0.3194957606586344,0.30381764468311684,glob_probe,ad_probe,0.0,0.0179568579376988,796,689
cqadupstack-android,10,10,False,45,45051,True,0.3413652050060414,0.36696960510720544,0.32218576681743594,0.3155216017839858,0.13514770707073798,0.22394166124572223,0.32059720064525526,0.18307888035869224,0.32218576681743594,0.3155216017839858,ad_probe,glob_probe,0.0,0.001588566172180672,810,689
cqadupstack-android,10,10,False,46,46051,True,0.3144807703553216,0.36696960510720544,0.3243834132483425,0.3174131794759081,0.13504150643357662,0.2225066907976894,0.31856066275966083,0.182617074038629,0.3243834132483425,0.3243834132483425,ad_probe,ad_probe,0.0,0.005822750488681694,818,689
cqadupstack-android,10,10,False,47,47051,True,0.40009917436294684,0.36696960510720544,0.3140038577345951,0.3128607406325586,0.1350582881072335,0.2228221308809089,0.3192621625177643,0.18243039018377621,0.3128607406325586,0.3128607406325586,glob_probe,glob_probe,0.0011431171020365172,0.005258304783169188,777,689
cqadupstack-android,10,10,False,48,48051,True,0.7429102750050283,0.36696960510720544,0.2554592828013936,0.26319364975140336,0.13468583546843169,0.22365888075043394,0.31991643487014987,0.18217017160341153,0.26319364975140336,0.26319364975140336,glob_probe,glob_probe,0.0,0.0644571520687563,818,689
cqadupstack-android,10,10,False,49,49051,True,0.4208776467426393,0.36696960510720544,0.3111303443147567,0.31706413569503805,0.13500335148798062,0.22365149711809099,0.3196104796782471,0.18300346675574286,0.31706413569503805,0.31706413569503805,glob_probe,glob_probe,0.0,0.008480135363490349,809,689
cqadupstack-android,30,30,False,0,2100711,True,0.32426539256875375,0.36696960510720544,0.32800878541621115,0.3173852724447382,0.13578217419254546,0.2262005900704983,0.32304345952045443,0.18523191627253735,0.3173852724447382,0.3173852724447382,glob_probe,glob_probe,0.01062351297147296,0.0049653258957567115,2403,669
cqadupstack-android,30,30,False,1,2101711,True,0.3819191721460032,0.36696960510720544,0.31277841156465497,0.2573422855934918,0.13255186924707246,0.22047128708453484,0.3175711161237037,0.17953815296318726,0.2573422855934918,0.2573422855934918,glob_probe,glob_probe,0.05543612597116315,0.004792704559048733,2474,669
cqadupstack-android,30,30,False,2,2102711,True,0.4109762168931893,0.36696960510720544,0.31059523293914176,0.31347773669863743,0.135801215772087,0.22339971309985449,0.31859593063346375,0.18275860994379112,0.31059523293914176,0.31347773669863743,ad_probe,glob_probe,0.0028825037594956693,0.00800069769432199,2427,669
cqadupstack-android,30,30,False,3,2103711,True,0.34620785472383175,0.36696960510720544,0.32225514461870225,0.31901201357288056,0.13650089705271026,0.2226127515157114,0.3199554580019596,0.18283609235978135,0.32225514461870225,0.32225514461870225,ad_probe,ad_probe,0.0,0.0022996866167426244,2440,669
cqadupstack-android,30,30,False,4,2104711,True,0.3640463450675122,0.36696960510720544,0.31824979168558487,0.3100528191481594,0.13505132285221516,0.2225109380709394,0.3175543308250478,0.18210406572671678,0.3100528191481594,0.3100528191481594,glob_probe,glob_probe,0.008196972537425462,0.0006954608605370671,2414,669
cqadupstack-android,30,30,False,5,2105711,True,0.38416756462140506,0.36696960510720544,0.3138459337404411,0.3164824471419688,0.13455530390677944,0.22182384601828567,0.3183917750481422,0.18074542820169454,0.3138459337404411,0.3138459337404411,ad_probe,ad_probe,0.002636513401527707,0.004545841307701082,2447,669
cqadupstack-android,30,30,False,6,2106711,True,0.33375398488570485,0.36696960510720544,0.32172006933026365,0.31508620179953517,0.13280554703213984,0.22217788585325443,0.31959319777422857,0.18097176578768617,0.31508620179953517,0.31508620179953517,glob_probe,glob_probe,0.006633867530728477,0.0021268715560350815,2445,669
cqadupstack-android,30,30,False,7,2107711,True,0.39822262421919435,0.36696960510720544,0.3124729671149373,0.3153938330488704,0.13212880367891805,0.22076292147599547,0.3175403106316554,0.18049212579993143,0.3153938330488704,0.3153938330488704,glob_probe,glob_probe,0.0,0.005067343516718115,2352,669
cqadupstack-android,30,30,False,8,2108711,True,0.36460987764514485,0.36696960510720544,0.32109726995630095,0.3183326645719174,0.1346821738174807,0.22555821610437415,0.3206511042634984,0.18385608677443815,0.3183326645719174,0.3183326645719174,glob_probe,glob_probe,0.002764605384383556,0.00044616569280253593,2399,669
cqadupstack-android,30,30,False,9,2109711,True,0.3286184018415663,0.36696960510720544,0.32760554308471773,0.32111235206689387,0.13716952661288043,0.22584833987583555,0.32396404698812714,0.18486887172800673,0.32111235206689387,0.32111235206689387,glob_probe,glob_probe,0.006493191017823863,0.0036414960965905907,2459,669
cqadupstack-android,30,30,False,10,2110711,True,0.39662304470812093,0.36696960510720544,0.31457771587887884,0.26492937245520587,0.13675067391813167,0.22334995972166444,0.31983881497051847,0.18369307139790536,0.31457771587887884,0.31457771587887884,ad_probe,ad_probe,0.0,0.005261099091639632,2432,669
cqadupstack-android,30,30,False,11,2111711,True,0.38060918074221306,0.36696960510720544,0.3192104911229357,0.32015142958130766,0.13322746603873303,0.22540643416487152,0.32320242694399587,0.18323590043634652,0.32015142958130766,0.32015142958130766,glob_probe,glob_probe,0.0,0.003991935821060166,2473,669
cqadupstack-android,30,30,False,12,2112711,True,0.35192509448147835,0.36696960510720544,0.32152466361003396,0.3193834408501375,0.1339073121658597,0.22300759423703823,0.32030898257073087,0.18213037225526543,0.32152466361003396,0.32152466361003396,ad_probe,ad_probe,0.0,0.0012156810393030848,2478,669
cqadupstack-android,30,30,False,13,2113711,True,0.35636286975434084,0.36696960510720544,0.3216313249274576,0.3178436834807837,0.13479417809441077,0.22345830612272768,0.3201036406613531,0.18286085458690843,0.3178436834807837,0.3178436834807837,glob_probe,glob_probe,0.0037876414466739283,0.001527684266104501,2399,669
cqadupstack-android,30,30,False,14,2114711,True,0.34850724600972616,0.36696960510720544,0.32422566206007164,0.2639366593483148,0.13688428248061268,0.2244855714997689,0.3220232208320543,0.1836188942689042,0.32422566206007164,0.32422566206007164,ad_probe,ad_probe,0.0,0.0022024412280173267,2473,669
cqadupstack-android,30,30,False,15,2115711,True,0.34721095054580386,0.36696960510720544,0.32149665215617385,0.31434138061160877,0.13574249759013393,0.2230046520948189,0.31935000134269137,0.18263261217665236,0.32149665215617385,0.32149665215617385,ad_probe,ad_probe,0.0,0.0021466508134824758,2479,669
cqadupstack-android,30,30,False,16,2116711,True,0.3526079792817102,0.36696960510720544,0.32120079714266975,0.31381465273062076,0.13680860242352166,0.22283747702656231,0.32071114642580956,0.18297538900091798,0.31381465273062076,0.31381465273062076,glob_probe,glob_probe,0.007386144412048989,0.0004896507168601905,2496,669
cqadupstack-android,30,30,False,17,2117711,True,0.39437118152894013,0.36696960510720544,0.3130291124522218,0.3087211164711652,0.13576562363036246,0.22250558487037342,0.318002042645827,0.18177929767393589,0.3087211164711652,0.3087211164711652,glob_probe,glob_probe,0.004307995981056634,0.004972930193605174,2493,669
cqadupstack-android,30,30,False,18,2118711,True,0.3842024852366476,0.36696960510720544,0.31361945369333327,0.3094584707959635,0.13298332521025322,0.22451015417404818,0.31816529500103435,0.18335946469502867,0.3094584707959635,0.3094584707959635,glob_probe,glob_probe,0.004160982897369769,0.004545841307701082,2494,669
cqadupstack-android,30,30,False,19,2119711,True,0.3867481227909155,0.36696960510720544,0.31213761487375546,0.3118999257037861,0.1368305890584697,0.223171071351188,0.3168655209021099,0.1831231182194812,0.31213761487375546,0.3118999257037861,ad_probe,glob_probe,0.0,0.004727906028354434,2432,669
cqadupstack-android,30,30,False,20,2120711,True,0.38554768775541015,0.36696960510720544,0.31179951251771587,0.3131168784902456,0.13410690381608503,0.22164680588073424,0.3166183284316463,0.18035286642638718,0.31179951251771587,0.31179951251771587,ad_probe,ad_probe,0.0013173659725297382,0.004818815913930408,2417,669
cqadupstack-android,30,30,False,21,2121711,True,0.3461962200392923,0.36696960510720544,0.3229914204670857,0.32055186219793097,0.1362648187034224,0.2245552742600546,0.3209123901248111,0.18392482415835415,0.3229914204670857,0.3229914204670857,ad_probe,ad_probe,0.0,0.0020790303422745793,2477,669
cqadupstack-android,30,30,False,22,2122711,True,0.43563297709328896,0.36696960510720544,0.3082993092979267,0.31843675425322665,0.13187006940189944,0.22196089139661343,0.318830391406041,0.18132101277261797,0.3082993092979267,0.3082993092979267,ad_probe,ad_probe,0.010137444955299946,0.01053108210811432,2381,669
cqadupstack-android,30,30,False,23,2123711,True,0.3774382253546482,0.36696960510720544,0.3163106837388233,0.2648795468448422,0.13525727881612204,0.2230910077997449,0.3194425346190811,0.18221128512608192,0.3163106837388233,0.3163106837388233,ad_probe,ad_probe,0.0,0.0031318508802578027,2516,669
cqadupstack-android,30,30,False,24,2124711,True,0.3997107888158762,0.36696960510720544,0.31419592029528953,0.26124227728829014,0.13560716751832358,0.2238442157278407,0.31956515738744384,0.18323825071377217,0.26124227728829014,0.26124227728829014,glob_probe,glob_probe,0.052953643006999396,0.005369237092154311,2465,669
cqadupstack-android,30,30,False,25,2125711,True,0.34574871915304295,0.36696960510720544,0.32261293995407603,0.31170062326233117,0.1351140842082767,0.22493672715807264,0.32028051079338016,0.18359889576942337,0.31170062326233117,0.31170062326233117,glob_probe,glob_probe,0.010912316691744861,0.0023324291606958703,2367,669
cqadupstack-android,30,30,False,26,2126711,True,0.3768126327942536,0.36696960510720544,0.31644093644401117,0.3160700377609496,0.13535245850488017,0.22312575377223814,0.3200207058250551,0.1827042003398878,0.3160700377609496,0.3160700377609496,glob_probe,glob_probe,0.00037089868306156015,0.003579769381043929,2396,669
cqadupstack-android,30,30,False,27,2127711,True,0.3909907969117013,0.36696960510720544,0.3125279154882713,0.3148053084693145,0.13530507087051097,0.22143005749727518,0.3174213619701058,0.18111536936567038,0.3148053084693145,0.3148053084693145,glob_probe,glob_probe,0.0,0.004893446481834485,2477,669
cqadupstack-android,30,30,False,28,2128711,True,0.35290076065050197,0.36696960510720544,0.32396879082994595,0.26554086976002844,0.13642742881385728,0.22405064881120684,0.3232300120612671,0.18366869623340532,0.32396879082994595,0.32396879082994595,ad_probe,ad_probe,0.0,0.0007387787686788383,2493,669
cqadupstack-android,30,30,False,29,2129711,True,0.3454560829986535,0.36696960510720544,0.3179649223015741,0.3143747806845266,0.1328683053938547,0.21983866550757142,0.31605956980113875,0.18020198054185654,0.3179649223015741,0.3179649223015741,ad_probe,ad_probe,0.0,0.0019053525004353311,2441,669
cqadupstack-android,30,30,False,30,2130711,True,0.4650212926437734,0.36696960510720544,0.30241579345661607,0.26149443247842685,0.13246496847903805,0.22083864543131812,0.31744584338472176,0.18179409205092284,0.30241579345661607,0.30241579345661607,ad_probe,ad_probe,0.0,0.015030049928105693,2385,669
cqadupstack-android,30,30,False,31,2131711,True,0.3685649496219332,0.36696960510720544,0.3170181196386124,0.3132452171836067,0.134687628644873,0.22193241961926272,0.31740130230879054,0.18093532155958258,0.3170181196386124,0.3170181196386124,ad_probe,ad_probe,0.0,0.00038318267017817265,2517,669
cqadupstack-android,30,30,False,32,2132711,True,0.3881187688461353,0.36696960510720544,0.31390275722185745,0.3168524723998865,0.13372981529448646,0.22227073937857958,0.3185520366433814,0.1818360518801299,0.31390275722185745,0.3168524723998865,ad_probe,glob_probe,0.0029497151780290554,0.004649279421523933,2456,669
cqadupstack-android,30,30,False,33,2133711,True,0.3806564767847137,0.36696960510720544,0.3179529876232798,0.3152809492641818,0.13713006887976478,0.22575563924965722,0.32174917997505387,0.1842971920954771,0.3152809492641818,0.3152809492641818,glob_probe,glob_probe,0.0026720383590979613,0.003796192351774086,2414,669
cqadupstack-android,30,30,False,34,2134711,True,0.3514927018734561,0.36696960510720544,0.3236308258766872,0.31399260133906265,0.13457812319711301,0.22490421613366013,0.3216036991828891,0.18313196556585928,0.31399260133906265,0.31399260133906265,glob_probe,glob_probe,0.009638224537624529,0.0020271266937980648,2526,669
cqadupstack-android,30,30,False,35,2135711,True,0.3845191975770672,0.36696960510720544,0.31358623661975743,0.31597665095422944,0.13604166157407982,0.22328274224035824,0.31807038907653207,0.18333028900037926,0.31358623661975743,0.31358623661975743,ad_probe,ad_probe,0.002390414334472013,0.004484152456774637,2432,669
cqadupstack-android,30,30,False,36,2136711,True,0.35636286975434084,0.36696960510720544,0.32100623999743993,0.31311523733048396,0.1342818852784018,0.2245993569835095,0.31978106836568665,0.18482861776543388,0.31311523733048396,0.31311523733048396,glob_probe,glob_probe,0.00789100266695597,0.0012251716317532857,2374,669
cqadupstack-android,30,30,False,37,2137711,True,0.3722711193607954,0.36696960510720544,0.3180162396053422,0.31301032502046344,0.1346246157269083,0.22338685291226104,0.31920166769659986,0.18234499392250417,0.31301032502046344,0.31301032502046344,glob_probe,glob_probe,0.005005914584878757,0.0011854280912576565,2403,669
cqadupstack-android,30,30,False,38,2138711,True,0.39467685028368793,0.36696960510720544,0.3157595700652174,0.31859718176791424,0.13584590227568366,0.2233414552771773,0.32093417534839,0.18284599479230712,0.31859718176791424,0.31859718176791424,glob_probe,glob_probe,0.0,0.005174605283172651,2485,669
cqadupstack-android,30,30,False,39,2139711,True,0.3554581115614932,0.36696960510720544,0.3207205572713513,0.3186602202425647,0.13525453950415442,0.22395647097066831,0.319181009764684,0.18407506677447857,0.3207205572713513,0.3207205572713513,ad_probe,ad_probe,0.0,0.0015395475066672937,2423,669
cqadupstack-android,30,30,False,40,2140711,True,0.40633764544963974,0.36696960510720544,0.31351574707041824,0.3165054186896041,0.13411865076929808,0.2240318149922007,0.32049879441973556,0.18349092246836113,0.3165054186896041,0.3165054186896041,glob_probe,glob_probe,0.0,0.006983047349317317,2461,669
cqadupstack-android,30,30,False,41,2141711,True,0.3538342828879668,0.36696960510720544,0.32283733117830693,0.3198933444990545,0.13411412945314563,0.2235549210175489,0.3221519369921606,0.18228395892701016,0.3198933444990545,0.3198933444990545,glob_probe,glob_probe,0.0029439866792524416,0.0006853941861463264,2433,669
cqadupstack-android,30,30,False,42,2142711,True,0.3445564807549363,0.36696960510720544,0.32171608464372065,0.3161590177413622,0.1364797458935637,0.22344626037077162,0.3198285270041295,0.18280500571977157,0.3161590177413622,0.3161590177413622,glob_probe,glob_probe,0.005557066902358465,0.001887557639591142,2360,669
cqadupstack-android,30,30,False,43,2143711,True,0.44383771096669655,0.36696960510720544,0.30511103791618954,0.3163038052272603,0.135539402347926,0.22163564008745287,0.3173888592857942,0.18072433692354595,0.30511103791618954,0.30511103791618954,ad_probe,ad_probe,0.011192767311070773,0.012277821369604647,2420,669
cqadupstack-android,30,30,False,44,2144711,True,0.33183568366608635,0.36696960510720544,0.32514298755138815,0.3194239915633339,0.1368453274021696,0.22586937581156055,0.322293702716886,0.18420494584287284,0.3194239915633339,0.3194239915633339,glob_probe,glob_probe,0.005718995988054254,0.0028492848345021415,2452,669
cqadupstack-android,30,30,False,45,2145711,True,0.3300759078253415,0.36696960510720544,0.32247392789962515,0.3158519236094594,0.13573636337043457,0.22435800146806303,0.31973971649858207,0.1830504282160952,0.3158519236094594,0.3158519236094594,glob_probe,glob_probe,0.0066220042901657394,0.002734211401043074,2503,669
cqadupstack-android,30,30,False,46,2146711,True,0.3718177658493098,0.36696960510720544,0.31682100733387675,0.31731211904787393,0.13315783797432787,0.22193632751027165,0.3181913941302725,0.1807070600314423,0.31682100733387675,0.31682100733387675,ad_probe,ad_probe,0.0004911117139971832,0.0013703867963957284,2489,669
cqadupstack-android,30,30,False,47,2147711,True,0.34453067278747906,0.36696960510720544,0.3214830668511088,0.3154009509932081,0.13364996489279507,0.2229014668246969,0.31977345781995953,0.1828593523602849,0.3154009509932081,0.3154009509932081,glob_probe,glob_probe,0.006082115857900694,0.0017096090311492507,2440,669
cqadupstack-android,30,30,False,48,2148711,True,0.33364973812816123,0.36696960510720544,0.3214394663590777,0.3127967866903332,0.13702030352947958,0.22338507513417097,0.3194004408550143,0.18235843621411837,0.3127967866903332,0.3127967866903332,glob_probe,glob_probe,0.008642679668744546,0.0020390255040634298,2494,669
cqadupstack-android,30,30,False,49,2149711,True,0.3728360712176685,0.36696960510720544,0.31765725794591204,0.31534242241982535,0.13745211090502824,0.22472312667005953,0.3187098177428665,0.18454309757993537,0.31765725794591204,0.31765725794591204,ad_probe,ad_probe,0.0,0.0010525597969544553,2435,669
cqadupstack-android,50,50,False,0,2200377,True,0.35110676404663704,0.36696960510720544,0.32743830784518013,0.32226265505781704,0.13499864018869528,0.2256540833867231,0.32523475040279376,0.18444003299261827,0.32226265505781704,0.32226265505781704,glob_probe,glob_probe,0.005175652787363094,0.0022035574423863724,4140,649
cqadupstack-android,50,50,False,1,2201377,True,0.3640613717209988,0.36696960510720544,0.32212253961644666,0.3138512749218182,0.13329682918533692,0.22477686655312565,0.3219999679215544,0.18361541600692835,0.3138512749218182,0.3138512749218182,glob_probe,glob_probe,0.008271264694628466,0.0001225716948922706,4171,649
cqadupstack-android,50,50,False,2,2202377,True,0.3663234624389569,0.36696960510720544,0.3185465475189814,0.31759380066193627,0.13422082337562188,0.22224438865809906,0.3185465475189814,0.18097068028449964,0.3185465475189814,0.3185465475189814,ad_probe,ad_probe,0.0,0.0,4028,649
cqadupstack-android,50,50,False,3,2203377,True,0.36031275133521734,0.36696960510720544,0.3194183463867304,0.313384133776711,0.13327508536742436,0.22161423691311,0.31919712690202373,0.18144304498611336,0.3194183463867304,0.313384133776711,ad_probe,glob_probe,0.0,0.00022121948470665842,3979,649
cqadupstack-android,50,50,False,4,2204377,True,0.3514927018734561,0.36696960510720544,0.3189718002585688,0.26072047988039143,0.13338625945678473,0.2224832911697288,0.31772599330859674,0.1830725554871474,0.3189718002585688,0.3189718002585688,ad_probe,ad_probe,0.0,0.0012458069499720614,4105,649
cqadupstack-android,50,50,False,5,2205377,True,0.37718782006318685,0.36696960510720544,0.3104558912100136,0.31012659692903544,0.1348968071861948,0.22141509896132092,0.313568081369483,0.18030122925406258,0.3104558912100136,0.3104558912100136,ad_probe,ad_probe,0.0,0.003112190159469397,4106,649
cqadupstack-android,50,50,False,6,2206377,True,0.358719759482063,0.36696960510720544,0.3204761339662923,0.3148860559257826,0.1371461128325723,0.226311054679437,0.31966793084375467,0.18614879763100314,0.3204761339662923,0.3204761339662923,ad_probe,ad_probe,0.0,0.000808203122537654,4126,649
cqadupstack-android,50,50,False,7,2207377,True,0.3893089827930365,0.36696960510720544,0.3100365410542268,0.3061803548472002,0.1331668256810473,0.22010904502452286,0.31507845252546274,0.18160891876602644,0.3061803548472002,0.3061803548472002,glob_probe,glob_probe,0.0038561862070266018,0.005041911471235949,3929,649
cqadupstack-android,50,50,False,8,2208377,True,0.35554209933288217,0.36696960510720544,0.3235796218155429,0.3180857500753032,0.13895409536657272,0.22480105130721162,0.32191925767135265,0.18442319701293156,0.3180857500753032,0.3180857500753032,glob_probe,glob_probe,0.005493871740239686,0.0016603641441902406,4134,649
cqadupstack-android,50,50,False,9,2209377,True,0.3468067521648299,0.36696960510720544,0.3247153760423715,0.31824070554612927,0.13667788396265068,0.22384529890126434,0.3232546454474184,0.18281649074763995,0.31824070554612927,0.31824070554612927,glob_probe,glob_probe,0.00647467049624223,0.001460730594953108,4029,649
cqadupstack-android,50,50,False,10,2210377,True,0.369226147695399,0.36696960510720544,0.31525925101134594,0.3123483522324549,0.13442543155702047,0.2195692945346228,0.31633435293390555,0.1803034450115164,0.31525925101134594,0.31525925101134594,ad_probe,ad_probe,0.0,0.001075101922559607,4111,649
cqadupstack-android,50,50,False,11,2211377,True,0.39307170013887505,0.36696960510720544,0.31565824344018184,0.3172362913676011,0.13516327238681958,0.2233132350021104,0.32119408830211543,0.18086038651666175,0.3172362913676011,0.3172362913676011,glob_probe,glob_probe,0.0,0.005535844861933592,4134,649
cqadupstack-android,50,50,False,12,2212377,True,0.38231467666249663,0.36696960510720544,0.3121515401937982,0.31100103308852556,0.13464204242057398,0.22334022877777676,0.31683146581930816,0.18266549635855214,0.3121515401937982,0.31100103308852556,ad_probe,glob_probe,0.0,0.004679925625509951,3932,649
cqadupstack-android,50,50,False,13,2213377,True,0.36370739477940506,0.36696960510720544,0.3197928371326609,0.31803127621497423,0.1373333273904893,0.22215591353110306,0.3190025715497358,0.18275913318425874,0.3197928371326609,0.3197928371326609,ad_probe,ad_probe,0.0,0.0007902655829250538,4094,649
cqadupstack-android,50,50,False,14,2214377,True,0.349807538168624,0.36696960510720544,0.32643783284957406,0.3206912681661835,0.13566400270051782,0.22547469590557556,0.3244636797073001,0.1839493910037914,0.3206912681661835,0.3206912681661835,glob_probe,glob_probe,0.005746564683390576,0.001974153142273949,4023,649
cqadupstack-android,50,50,False,15,2215377,True,0.37965683237575476,0.36696960510720544,0.3160243982037902,0.31602474824542626,0.13639625506136327,0.22130727376739037,0.3190803357646341,0.1807589138313252,0.31602474824542626,0.31602474824542626,glob_probe,glob_probe,0.0,0.0030559375608439354,4094,649
cqadupstack-android,50,50,False,16,2216377,True,0.3629984914154687,0.36696960510720544,0.3194349384822293,0.3144506541421528,0.13657441780845445,0.22279578403349296,0.3186448451651714,0.1816108565339783,0.3194349384822293,0.3194349384822293,ad_probe,ad_probe,0.0,0.0007900933170579272,4077,649
cqadupstack-android,50,50,False,17,2217377,True,0.3232875174940959,0.36696960510720544,0.3254327316046389,0.31776001862476444,0.1374255680591478,0.2252872532730655,0.32200196900213796,0.18333197090433892,0.31776001862476444,0.31776001862476444,glob_probe,glob_probe,0.007672712979874485,0.0034307626025009696,4252,649
cqadupstack-android,50,50,False,18,2218377,True,0.3821273006224879,0.36696960510720544,0.311024707142547,0.30589786897149396,0.13493431522319496,0.22168172889997376,0.31518811534699,0.18208352340119358,0.30589786897149396,0.30589786897149396,glob_probe,glob_probe,0.0051268381710530275,0.004163408204442998,4002,649
cqadupstack-android,50,50,False,19,2219377,True,0.3340664917546468,0.36696960510720544,0.3234501269959206,0.3132975314559022,0.13606725193676592,0.225135153767928,0.3219883445509172,0.184968135868992,0.3132975314559022,0.3132975314559022,glob_probe,glob_probe,0.01015259554001835,0.00146178244500339,3945,649
cqadupstack-android,50,50,False,20,2220377,True,0.35194651767677043,0.36696960510720544,0.32177453595806876,0.3120144127077871,0.13690225725351587,0.2256104751985262,0.3206571316788723,0.18488435983267132,0.3120144127077871,0.3120144127077871,glob_probe,glob_probe,0.009760123250281638,0.0011174042791964878,4060,649
cqadupstack-android,50,50,False,21,2221377,True,0.35584701523323936,0.36696960510720544,0.3197964736523769,0.31272889105675333,0.13459220627845925,0.22414170893754568,0.3183452224291639,0.1825820956447006,0.3197964736523769,0.31272889105675333,ad_probe,glob_probe,0.0,0.0014512512232129904,4089,649
cqadupstack-android,50,50,False,22,2222377,True,0.382915863407554,0.36696960510720544,0.3153365645608773,0.3138676238295085,0.1361555105215956,0.222419708367702,0.3195285600374401,0.1814096371550056,0.3138676238295085,0.3138676238295085,glob_probe,glob_probe,0.001468940731368773,0.004191995476562849,4031,649
cqadupstack-android,50,50,False,23,2223377,True,0.36370739477940506,0.36696960510720544,0.323908948721808,0.31987334735375195,0.13745083149927717,0.22454669488141735,0.3232727663438136,0.18344564151548942,0.323908948721808,0.323908948721808,ad_probe,ad_probe,0.0,0.0006361823779943987,4039,649
cqadupstack-android,50,50,False,24,2224377,True,0.35641299033508655,0.36696960510720544,0.32155471640080696,0.31694082412298136,0.1358032836261891,0.22567544014385008,0.32015604912848306,0.1846503494032366,0.31694082412298136,0.31694082412298136,glob_probe,glob_probe,0.004613892277825604,0.0013986672723239058,4096,649
cqadupstack-android,50,50,False,25,2225377,True,0.402392345146537,0.36696960510720544,0.31337635652039053,0.2594022124604291,0.13265081654296182,0.2223528361086112,0.31882903339468766,0.18197889428402808,0.2594022124604291,0.2594022124604291,glob_probe,glob_probe,0.053974144059961426,0.005452676874297124,4030,649
cqadupstack-android,50,50,False,26,2226377,True,0.41106814463702235,0.36696960510720544,0.3155230715909838,0.3223856942673892,0.13413673456909822,0.22423787967316175,0.32383869416706035,0.18299201516301727,0.3155230715909838,0.3155230715909838,ad_probe,ad_probe,0.006862622676405417,0.008315622576076542,4009,649
cqadupstack-android,50,50,False,27,2227377,True,0.3566145094470308,0.36696960510720544,0.32285686400495767,0.319182008721639,0.13573715380600365,0.22440311897780102,0.3215081467825838,0.183685770955864,0.32285686400495767,0.32285686400495767,ad_probe,ad_probe,0.0,0.0013487172223738408,4057,649
cqadupstack-android,50,50,False,28,2228377,True,0.36567841670242685,0.36696960510720544,0.32222531768059975,0.31907606847296904,0.13487046961569366,0.22361194337696347,0.32222531768059975,0.18336214538436957,0.31907606847296904,0.31907606847296904,glob_probe,glob_probe,0.003149249207630711,0.0,4054,649
cqadupstack-android,50,50,False,29,2229377,True,0.3782607451809292,0.36696960510720544,0.31147293956142247,0.31010947657293203,0.13208907100469547,0.22100458417121757,0.3141757086335047,0.1815919284103167,0.31147293956142247,0.31147293956142247,ad_probe,ad_probe,0.0,0.002702769072082223,3886,649
cqadupstack-android,50,50,False,30,2230377,True,0.35103781005606005,0.36696960510720544,0.3226184361085945,0.31476528800840453,0.13456175451056762,0.22374202090892625,0.3205288401792402,0.18265026320857874,0.3226184361085945,0.31476528800840453,ad_probe,glob_probe,0.0,0.00208959592935426,4111,649
cqadupstack-android,50,50,False,31,2231377,True,0.37668435053729993,0.36696960510720544,0.31871380959525336,0.31834333361485906,0.13390830818681207,0.22358914801302415,0.32176780836736096,0.182700414563976,0.31834333361485906,0.31834333361485906,glob_probe,glob_probe,0.0003704759803943025,0.0030539987721076023,4013,649
cqadupstack-android,50,50,False,32,2232377,True,0.35301996998055973,0.36696960510720544,0.3254628609869176,0.32214383032752836,0.13560041744269982,0.22625451434373417,0.3250314938344363,0.18536368183840976,0.32214383032752836,0.32214383032752836,glob_probe,glob_probe,0.003319030659389266,0.0004313671524813212,3994,649
cqadupstack-android,50,50,False,33,2233377,True,0.3770712557122721,0.36696960510720544,0.31369515593253183,0.316270547643768,0.13695944478268002,0.2224773157935721,0.31662906763539994,0.18205635305366485,0.31369515593253183,0.31369515593253183,ad_probe,ad_probe,0.0025753917112361635,0.0029339117028681083,4124,649
cqadupstack-android,50,50,False,34,2234377,True,0.42023688285629235,0.36696960510720544,0.31042244446781186,0.31462088489605966,0.1353468577146497,0.22259192757676668,0.319729157788446,0.1820401776279969,0.31462088489605966,0.31462088489605966,glob_probe,glob_probe,0.0,0.009306713320634152,4009,649
cqadupstack-android,50,50,False,35,2235377,True,0.3690351598716394,0.36696960510720544,0.31910183027765404,0.3142440425719048,0.1370257710519432,0.22362457611532183,0.3201571779431712,0.18353966479013725,0.31910183027765404,0.3142440425719048,ad_probe,glob_probe,0.0,0.0010553476655171812,4061,649
cqadupstack-android,50,50,False,36,2236377,True,0.3676225650996654,0.36696960510720544,0.313135742643413,0.30951515563962806,0.13505892932599695,0.21874098913004622,0.3132519164884004,0.17989721487318652,0.313135742643413,0.313135742643413,ad_probe,ad_probe,0.0,0.00011617384498741057,4034,649
cqadupstack-android,50,50,False,37,2237377,True,0.33076234218172185,0.36696960510720544,0.3312147396541231,0.32507792267390334,0.1355641865833095,0.22643121173461667,0.32795236266584415,0.18567483853469768,0.32507792267390334,0.32507792267390334,glob_probe,glob_probe,0.006136816980219784,0.00326237698827897,4128,649
cqadupstack-android,50,50,False,38,2238377,True,0.3563457138880164,0.36696960510720544,0.31882372029538864,0.3120489683429323,0.13527217324041269,0.22225845608356865,0.31737736060249105,0.18235561218164983,0.31882372029538864,0.3120489683429323,ad_probe,glob_probe,0.0,0.0014463596928975808,4124,649
cqadupstack-android,50,50,False,39,2239377,True,0.35702936652596434,0.36696960510720544,0.3221633637838441,0.3186505362725574,0.13383573202104176,0.22421313647197036,0.3212546508566412,0.18334963408023874,0.3221633637838441,0.3186505362725574,ad_probe,glob_probe,0.0,0.0009087129272029038,4253,649
cqadupstack-android,50,50,False,40,2240377,True,0.43933822506966613,0.36696960510720544,0.30288731203070207,0.3123732918597198,0.13196592182648167,0.21915780616625483,0.314149536317012,0.1790811996205757,0.30288731203070207,0.30288731203070207,ad_probe,ad_probe,0.009485979829017721,0.011262224286309908,4105,649
cqadupstack-android,50,50,False,41,2241377,True,0.37345717917822163,0.36696960510720544,0.3177404626605083,0.3134607397492144,0.13427362613171978,0.2214359177440749,0.3196166638433351,0.1815203563301747,0.3134607397492144,0.3134607397492144,glob_probe,glob_probe,0.004279722911293915,0.0018762011828267755,4100,649
cqadupstack-android,50,50,False,42,2242377,True,0.3569939835038436,0.36696960510720544,0.322246423255842,0.31973197236867507,0.1356525423128298,0.22410298631792935,0.32120220379559306,0.18157027096030512,0.322246423255842,0.322246423255842,ad_probe,ad_probe,0.0,0.001044219460248963,4061,649
cqadupstack-android,50,50,False,43,2243377,True,0.3544657006082164,0.36696960510720544,0.3149908283114951,0.31312235873286726,0.1335508215157382,0.2213133602617394,0.31384407485040705,0.18175568422043717,0.3149908283114951,0.3149908283114951,ad_probe,ad_probe,0.0,0.001146753461088057,4021,649
cqadupstack-android,50,50,False,44,2244377,True,0.38208171046670536,0.36696960510720544,0.31180728763074744,0.313061481414671,0.1349728265321224,0.2209635346037473,0.31584030837206434,0.1825363515133886,0.313061481414671,0.313061481414671,glob_probe,glob_probe,0.0,0.004033020741316895,3913,649
cqadupstack-android,50,50,False,45,2245377,True,0.4565898624645581,0.36696960510720544,0.30836800488790184,0.3180155780104805,0.1346820830868377,0.22478422207366983,0.3226938168951909,0.18347479168345657,0.3180155780104805,0.3180155780104805,glob_probe,glob_probe,0.0,0.014325812007289052,4046,649
cqadupstack-android,50,50,False,46,2246377,True,0.3357208173050031,0.36696960510720544,0.3211754542281815,0.31005811550462187,0.1332554943581102,0.22048185767984532,0.3181967859981876,0.18052368692461712,0.31005811550462187,0.31005811550462187,glob_probe,glob_probe,0.011117338723559633,0.002978668229993875,4031,649
cqadupstack-android,50,50,False,47,2247377,True,0.350750465364326,0.36696960510720544,0.32485092787283854,0.31804034093898503,0.13611881549292365,0.2239497236918579,0.3228828891434587,0.1836487330397907,0.31804034093898503,0.31804034093898503,glob_probe,glob_probe,0.006810586933853502,0.0019680387293798396,4095,649
cqadupstack-android,50,50,False,48,2248377,True,0.3825845072287945,0.36696960510720544,0.3147304515455633,0.31575935965256724,0.13340865897926057,0.22203918991639596,0.31921838460619933,0.18143814353998636,0.31575935965256724,0.31575935965256724,glob_probe,glob_probe,0.0,0.004487933060636051,4083,649
cqadupstack-android,50,50,False,49,2249377,True,0.364432806026202,0.36696960510720544,0.3208556332647945,0.3122324007297545,0.13678704684207785,0.22338469673215133,0.32006536768186944,0.18353402207155786,0.3122324007297545,0.3122324007297545,glob_probe,glob_probe,0.008623232535039993,0.0007902655829250538,3966,649
