collection,repeat_id,decision,final_T,final_B_pool,k_requested,selected_policy,reference_policy,loss,success,param_error,seed
trec-covid,0,recalibration,5,466,5,ad_probe,ad_c(full_target_scalar_reference),0.022711938203626936,False,90.58444379244219,2000032
trec-covid,0,selection,5,466,5,trunc,best_in_menu_on_eval,0.0,True,,2000032
trec-covid,1,recalibration,5,449,5,ad_probe,ad_c(full_target_scalar_reference),0.007562471299855877,False,67.96028920734346,2001032
trec-covid,1,selection,5,449,5,glob_probe,best_in_menu_on_eval,0.005201001176640907,True,,2001032
trec-covid,2,recalibration,5,481,5,ad_probe,ad_c(full_target_scalar_reference),0.008916332479586897,False,46.78750610312363,2002032
trec-covid,2,selection,5,481,5,trunc,best_in_menu_on_eval,0.0,True,,2002032
trec-covid,3,recalibration,5,392,5,ad_probe,ad_c(full_target_scalar_reference),0.006686268596123812,False,58.93261963858998,2003032
trec-covid,3,selection,5,392,5,glob_probe,best_in_menu_on_eval,0.0,True,,2003032
trec-covid,4,recalibration,5,500,5,ad_probe,ad_c(full_target_scalar_reference),0.00304249781452981,True,19.07601722542472,2004032
trec-covid,4,selection,5,500,5,glob_probe,best_in_menu_on_eval,0.01621090484469856,False,,2004032
trec-covid,5,recalibration,5,456,5,ad_probe,ad_c(full_target_scalar_reference),0.006114067213550456,False,35.812768091559434,2005032
trec-covid,5,selection,5,456,5,glob_probe,best_in_menu_on_eval,0.00024187875506920253,True,,2005032
trec-covid,6,recalibration,5,463,5,ad_probe,ad_c(full_target_scalar_reference),0.008765306655493021,False,47.33116672023982,2006032
trec-covid,6,selection,5,463,5,glob_probe,best_in_menu_on_eval,0.0,True,,2006032
trec-covid,7,recalibration,5,458,5,ad_probe,ad_c(full_target_scalar_reference),0.005873432824399116,False,58.93261963858998,2007032
trec-covid,7,selection,5,458,5,trunc,best_in_menu_on_eval,0.0,True,,2007032
trec-covid,8,recalibration,5,434,5,ad_probe,ad_c(full_target_scalar_reference),0.019593550813697735,False,89.55941982348088,2008032
trec-covid,8,selection,5,434,5,glob_probe,best_in_menu_on_eval,0.007663138568642758,True,,2008032
trec-covid,9,recalibration,5,441,5,ad_probe,ad_c(full_target_scalar_reference),0.00700592804668243,False,69.46719569701696,2009032
trec-covid,9,selection,5,441,5,glob_probe,best_in_menu_on_eval,0.0,True,,2009032
trec-covid,10,recalibration,5,455,5,ad_probe,ad_c(full_target_scalar_reference),0.006131835387227391,False,58.93261963858998,2010032
trec-covid,10,selection,5,455,5,glob_probe,best_in_menu_on_eval,0.0038197936655556264,True,,2010032
trec-covid,11,recalibration,5,430,5,ad_probe,ad_c(full_target_scalar_reference),0.017106566745378582,False,78.23984019904788,2011032
trec-covid,11,selection,5,430,5,glob_probe,best_in_menu_on_eval,0.10852548518405691,False,,2011032
trec-covid,12,recalibration,5,430,5,ad_probe,ad_c(full_target_scalar_reference),0.0146054120865996,False,64.53848907186833,2012032
trec-covid,12,selection,5,430,5,glob_probe,best_in_menu_on_eval,0.003484055763721461,True,,2012032
trec-covid,13,recalibration,5,427,5,ad_probe,ad_c(full_target_scalar_reference),0.019812919133115336,False,101.46301828897123,2013032
trec-covid,13,selection,5,427,5,trunc,best_in_menu_on_eval,0.0,True,,2013032
trec-covid,14,recalibration,5,437,5,ad_probe,ad_c(full_target_scalar_reference),0.00040944911506557435,True,4.007434251607947,2014032
trec-covid,14,selection,5,437,5,glob_probe,best_in_menu_on_eval,0.0,True,,2014032
trec-covid,15,recalibration,5,443,5,ad_probe,ad_c(full_target_scalar_reference),0.0031521582409637094,True,40.156745059161835,2015032
trec-covid,15,selection,5,443,5,glob_probe,best_in_menu_on_eval,0.08585598647933934,False,,2015032
trec-covid,16,recalibration,5,427,5,ad_probe,ad_c(full_target_scalar_reference),0.04302411009400309,False,177.24403127620403,2016032
trec-covid,16,selection,5,427,5,trunc,best_in_menu_on_eval,0.0,True,,2016032
trec-covid,17,recalibration,5,443,5,ad_probe,ad_c(full_target_scalar_reference),0.013271402600634086,False,64.53848907186833,2017032
trec-covid,17,selection,5,443,5,trunc,best_in_menu_on_eval,0.0,True,,2017032
trec-covid,18,recalibration,5,452,5,ad_probe,ad_c(full_target_scalar_reference),9.810274705790434e-05,True,2.490381342264243,2018032
trec-covid,18,selection,5,452,5,glob_probe,best_in_menu_on_eval,0.0,True,,2018032
trec-covid,19,recalibration,5,469,5,ad_probe,ad_c(full_target_scalar_reference),0.011860674289221662,False,64.53848907186833,2019032
trec-covid,19,selection,5,469,5,glob_probe,best_in_menu_on_eval,0.0010969543121376324,True,,2019032
trec-covid,20,recalibration,5,414,5,ad_probe,ad_c(full_target_scalar_reference),0.019849654611828083,False,89.55941982348088,2020032
trec-covid,20,selection,5,414,5,glob_probe,best_in_menu_on_eval,0.07781495183592246,False,,2020032
trec-covid,21,recalibration,5,478,5,ad_probe,ad_c(full_target_scalar_reference),0.007126798406674184,False,70.30915589806784,2021032
trec-covid,21,selection,5,478,5,glob_probe,best_in_menu_on_eval,0.09825935902396599,False,,2021032
trec-covid,22,recalibration,5,481,5,ad_probe,ad_c(full_target_scalar_reference),0.002677051066843683,True,19.07601722542472,2022032
trec-covid,22,selection,5,481,5,glob_probe,best_in_menu_on_eval,0.21930580055219956,False,,2022032
trec-covid,23,recalibration,5,451,5,ad_probe,ad_c(full_target_scalar_reference),0.009552537434329822,False,51.433867816491954,2023032
trec-covid,23,selection,5,451,5,trunc,best_in_menu_on_eval,0.0,True,,2023032
trec-covid,24,recalibration,5,477,5,ad_probe,ad_c(full_target_scalar_reference),0.014948568474216883,False,64.53848907186833,2024032
trec-covid,24,selection,5,477,5,trunc,best_in_menu_on_eval,0.0,True,,2024032
trec-covid,25,recalibration,5,437,5,ad_probe,ad_c(full_target_scalar_reference),0.021783423512557687,False,99.44776442587914,2025032
trec-covid,25,selection,5,437,5,glob_probe,best_in_menu_on_eval,0.0,True,,2025032
trec-covid,26,recalibration,5,463,5,ad_probe,ad_c(full_target_scalar_reference),0.015288518364160342,False,125.01781617374019,2026032
trec-covid,26,selection,5,463,5,trunc,best_in_menu_on_eval,0.0,True,,2026032
trec-covid,27,recalibration,5,400,5,ad_probe,ad_c(full_target_scalar_reference),0.0200870531679036,False,89.55941982348088,2027032
trec-covid,27,selection,5,400,5,glob_probe,best_in_menu_on_eval,0.0,True,,2027032
trec-covid,28,recalibration,5,453,5,ad_probe,ad_c(full_target_scalar_reference),0.013653432344245209,False,64.53848907186833,2028032
trec-covid,28,selection,5,453,5,trunc,best_in_menu_on_eval,0.0,True,,2028032
trec-covid,29,recalibration,5,495,5,ad_probe,ad_c(full_target_scalar_reference),0.003083571343419078,True,26.03325693549681,2029032
trec-covid,29,selection,5,495,5,trunc,best_in_menu_on_eval,0.007270731015767473,True,,2029032
trec-covid,30,recalibration,5,441,5,ad_probe,ad_c(full_target_scalar_reference),0.023066819229472735,False,111.16893438369246,2030032
trec-covid,30,selection,5,441,5,glob_probe,best_in_menu_on_eval,0.07934065562197368,False,,2030032
trec-covid,31,recalibration,5,424,5,ad_probe,ad_c(full_target_scalar_reference),0.014232193847820263,False,76.89183000158846,2031032
trec-covid,31,selection,5,424,5,glob_probe,best_in_menu_on_eval,0.0,True,,2031032
trec-covid,32,recalibration,5,446,5,ad_probe,ad_c(full_target_scalar_reference),0.0034246052238227076,True,19.07601722542472,2032032
trec-covid,32,selection,5,446,5,glob_probe,best_in_menu_on_eval,0.0,True,,2032032
trec-covid,33,recalibration,5,459,5,ad_probe,ad_c(full_target_scalar_reference),0.016895678949526483,False,78.23984019904788,2033032
trec-covid,33,selection,5,459,5,trunc,best_in_menu_on_eval,0.0,True,,2033032
trec-covid,34,recalibration,5,470,5,ad_probe,ad_c(full_target_scalar_reference),0.00923437259529658,False,78.4777126244175,2034032
trec-covid,34,selection,5,470,5,glob_probe,best_in_menu_on_eval,0.00832988666185741,True,,2034032
trec-covid,35,recalibration,5,478,5,ad_probe,ad_c(full_target_scalar_reference),0.007706805161584285,False,78.4777126244175,2035032
trec-covid,35,selection,5,478,5,trunc,best_in_menu_on_eval,0.0,True,,2035032
trec-covid,36,recalibration,5,420,5,ad_probe,ad_c(full_target_scalar_reference),0.0030866799793962674,True,40.156745059161835,2036032
trec-covid,36,selection,5,420,5,glob_probe,best_in_menu_on_eval,0.0025822033405178413,True,,2036032
trec-covid,37,recalibration,5,465,5,ad_probe,ad_c(full_target_scalar_reference),0.006820741356236892,False,51.608519899114754,2037032
trec-covid,37,selection,5,465,5,glob_probe,best_in_menu_on_eval,0.0890418204647081,False,,2037032
trec-covid,38,recalibration,5,481,5,ad_probe,ad_c(full_target_scalar_reference),0.01728058288978629,False,147.49048550850972,2038032
trec-covid,38,selection,5,481,5,trunc,best_in_menu_on_eval,0.0,True,,2038032
trec-covid,39,recalibration,5,448,5,ad_probe,ad_c(full_target_scalar_reference),0.00583004868359327,False,51.608519899114754,2039032
trec-covid,39,selection,5,448,5,trunc,best_in_menu_on_eval,0.0,True,,2039032
trec-covid,40,recalibration,5,488,5,ad_probe,ad_c(full_target_scalar_reference),0.0047462451150087626,True,49.54448109632597,2040032
trec-covid,40,selection,5,488,5,glob_probe,best_in_menu_on_eval,0.0,True,,2040032
trec-covid,41,recalibration,5,475,5,ad_probe,ad_c(full_target_scalar_reference),0.00046437027645340745,True,4.007434251607947,2041032
trec-covid,41,selection,5,475,5,trunc,best_in_menu_on_eval,0.0,True,,2041032
trec-covid,42,recalibration,5,449,5,ad_probe,ad_c(full_target_scalar_reference),0.0029175291140816073,True,19.07601722542472,2042032
trec-covid,42,selection,5,449,5,glob_probe,best_in_menu_on_eval,0.0031913842702908646,True,,2042032
trec-covid,43,recalibration,5,440,5,ad_probe,ad_c(full_target_scalar_reference),0.008534186171615277,False,81.49417566398523,2043032
trec-covid,43,selection,5,440,5,trunc,best_in_menu_on_eval,0.0,True,,2043032
trec-covid,44,recalibration,5,480,5,ad_probe,ad_c(full_target_scalar_reference),0.007668490300349107,False,58.93261963858998,2044032
trec-covid,44,selection,5,480,5,trunc,best_in_menu_on_eval,0.022315436942927036,False,,2044032
trec-covid,45,recalibration,5,463,5,ad_probe,ad_c(full_target_scalar_reference),0.008091802491533961,False,78.4777126244175,2045032
trec-covid,45,selection,5,463,5,glob_probe,best_in_menu_on_eval,0.09839048302321696,False,,2045032
trec-covid,46,recalibration,5,484,5,ad_probe,ad_c(full_target_scalar_reference),0.0031030255955304398,True,26.03325693549681,2046032
trec-covid,46,selection,5,484,5,glob_probe,best_in_menu_on_eval,0.006574643563956539,True,,2046032
trec-covid,47,recalibration,5,474,5,ad_probe,ad_c(full_target_scalar_reference),0.010387073629674948,False,91.3445756816509,2047032
trec-covid,47,selection,5,474,5,glob_probe,best_in_menu_on_eval,0.045450778562877825,False,,2047032
trec-covid,48,recalibration,5,451,5,ad_probe,ad_c(full_target_scalar_reference),0.01287476661649456,False,64.53848907186833,2048032
trec-covid,48,selection,5,451,5,trunc,best_in_menu_on_eval,0.003256585536092871,True,,2048032
trec-covid,49,recalibration,5,461,5,ad_probe,ad_c(full_target_scalar_reference),0.0003282978484552279,True,2.490381342264243,2049032
trec-covid,49,selection,5,461,5,glob_probe,best_in_menu_on_eval,0.10151939126291232,False,,2049032
trec-covid,0,recalibration,10,916,10,ad_probe,ad_c(full_target_scalar_reference),0.002684284036666762,True,16.92501153357682,901
trec-covid,0,selection,10,916,10,glob_probe,best_in_menu_on_eval,0.0,True,,901
trec-covid,1,recalibration,10,916,10,ad_probe,ad_c(full_target_scalar_reference),0.009823784973509109,False,73.21900091588049,1901
trec-covid,1,selection,10,916,10,trunc,best_in_menu_on_eval,0.0007980029047878201,True,,1901
trec-covid,2,recalibration,10,910,10,ad_probe,ad_c(full_target_scalar_reference),0.00021500048920286563,True,3.3153805219808987,2901
trec-covid,2,selection,10,910,10,trunc,best_in_menu_on_eval,0.0,True,,2901
trec-covid,3,recalibration,10,884,10,ad_probe,ad_c(full_target_scalar_reference),0.013352939776910766,False,68.59860711239904,3901
trec-covid,3,selection,10,884,10,glob_probe,best_in_menu_on_eval,0.0,True,,3901
trec-covid,4,recalibration,10,934,10,ad_probe,ad_c(full_target_scalar_reference),0.007274612988213636,False,68.70516613150374,4901
trec-covid,4,selection,10,934,10,glob_probe,best_in_menu_on_eval,0.11166223660167762,False,,4901
trec-covid,5,recalibration,10,896,10,ad_probe,ad_c(full_target_scalar_reference),0.002508942649342316,True,23.787486682904955,5901
trec-covid,5,selection,10,896,10,glob_probe,best_in_menu_on_eval,0.0,True,,5901
trec-covid,6,recalibration,10,990,10,ad_probe,ad_c(full_target_scalar_reference),0.005835763257950877,False,52.25548477995716,6901
trec-covid,6,selection,10,990,10,trunc,best_in_menu_on_eval,0.0,True,,6901
trec-covid,7,recalibration,10,933,10,ad_probe,ad_c(full_target_scalar_reference),0.0014430348304874663,True,10.78319928384451,7901
trec-covid,7,selection,10,933,10,glob_probe,best_in_menu_on_eval,0.0,True,,7901
trec-covid,8,recalibration,10,876,10,ad_probe,ad_c(full_target_scalar_reference),0.004356589393253452,True,27.444392658492063,8901
trec-covid,8,selection,10,876,10,glob_probe,best_in_menu_on_eval,0.022216025487579505,False,,8901
trec-covid,9,recalibration,10,911,10,ad_probe,ad_c(full_target_scalar_reference),0.017896721754741773,False,85.30880955078595,9901
trec-covid,9,selection,10,911,10,trunc,best_in_menu_on_eval,0.0,True,,9901
trec-covid,10,recalibration,10,866,10,ad_probe,ad_c(full_target_scalar_reference),0.0007525449703246201,True,8.29281794158021,10901
trec-covid,10,selection,10,866,10,trunc,best_in_menu_on_eval,0.0,True,,10901
trec-covid,11,recalibration,10,948,10,ad_probe,ad_c(full_target_scalar_reference),0.003881414220243351,True,24.910774031252032,11901
trec-covid,11,selection,10,948,10,glob_probe,best_in_menu_on_eval,0.0,True,,11901
trec-covid,12,recalibration,10,980,10,ad_probe,ad_c(full_target_scalar_reference),0.0003984033687572941,True,3.3153805219808987,12901
trec-covid,12,selection,10,980,10,trunc,best_in_menu_on_eval,0.0,True,,12901
trec-covid,13,recalibration,10,888,10,ad_probe,ad_c(full_target_scalar_reference),0.0022199696998826957,True,14.261819138880526,13901
trec-covid,13,selection,10,888,10,trunc,best_in_menu_on_eval,0.0,True,,13901
trec-covid,14,recalibration,10,880,10,ad_probe,ad_c(full_target_scalar_reference),0.010085909698477336,False,57.986178444180155,14901
trec-covid,14,selection,10,880,10,glob_probe,best_in_menu_on_eval,0.0,True,,14901
trec-covid,15,recalibration,10,939,10,ad_probe,ad_c(full_target_scalar_reference),0.0027914703191471713,True,28.09904196654651,15901
trec-covid,15,selection,10,939,10,glob_probe,best_in_menu_on_eval,0.124227352576329,False,,15901
trec-covid,16,recalibration,10,866,10,ad_probe,ad_c(full_target_scalar_reference),0.0007913306133516818,True,8.29281794158021,16901
trec-covid,16,selection,10,866,10,trunc,best_in_menu_on_eval,0.007217394187557402,True,,16901
trec-covid,17,recalibration,10,901,10,ad_probe,ad_c(full_target_scalar_reference),0.011024006029072608,False,86.41937567281809,17901
trec-covid,17,selection,10,901,10,trunc,best_in_menu_on_eval,0.01573090855800574,False,,17901
trec-covid,18,recalibration,10,961,10,ad_probe,ad_c(full_target_scalar_reference),0.01178838176312702,False,96.48905269054183,18901
trec-covid,18,selection,10,961,10,glob_probe,best_in_menu_on_eval,0.0,True,,18901
trec-covid,19,recalibration,10,868,10,ad_probe,ad_c(full_target_scalar_reference),0.00016800729781174528,True,2.171988483801215,19901
trec-covid,19,selection,10,868,10,trunc,best_in_menu_on_eval,0.0021172788335994674,True,,19901
trec-covid,20,recalibration,10,891,10,ad_probe,ad_c(full_target_scalar_reference),0.006849521046510154,False,55.2705697688524,20901
trec-covid,20,selection,10,891,10,glob_probe,best_in_menu_on_eval,0.002194068471645161,True,,20901
trec-covid,21,recalibration,10,943,10,ad_probe,ad_c(full_target_scalar_reference),0.0015586264399323202,True,12.691369608716457,21901
trec-covid,21,selection,10,943,10,glob_probe,best_in_menu_on_eval,0.0,True,,21901
trec-covid,22,recalibration,10,926,10,ad_probe,ad_c(full_target_scalar_reference),0.0007625938609537863,True,7.534291486908387,22901
trec-covid,22,selection,10,926,10,trunc,best_in_menu_on_eval,0.0,True,,22901
trec-covid,23,recalibration,10,953,10,ad_probe,ad_c(full_target_scalar_reference),0.0008720467171562385,True,11.771437796616283,23901
trec-covid,23,selection,10,953,10,glob_probe,best_in_menu_on_eval,0.0,True,,23901
trec-covid,24,recalibration,10,806,10,ad_probe,ad_c(full_target_scalar_reference),0.0031026033367346217,True,33.48840717737636,24901
trec-covid,24,selection,10,806,10,glob_probe,best_in_menu_on_eval,0.0,True,,24901
trec-covid,25,recalibration,10,877,10,ad_probe,ad_c(full_target_scalar_reference),0.00796122523713394,False,63.446454422966724,25901
trec-covid,25,selection,10,877,10,glob_probe,best_in_menu_on_eval,0.013354446103345352,False,,25901
trec-covid,26,recalibration,10,909,10,ad_probe,ad_c(full_target_scalar_reference),0.006971909390552589,False,60.53785779806583,26901
trec-covid,26,selection,10,909,10,glob_probe,best_in_menu_on_eval,0.0893859893473169,False,,26901
trec-covid,27,recalibration,10,915,10,ad_probe,ad_c(full_target_scalar_reference),0.00012395123616482095,True,1.378487496601167,27901
trec-covid,27,selection,10,915,10,glob_probe,best_in_menu_on_eval,0.0,True,,27901
trec-covid,28,recalibration,10,942,10,ad_probe,ad_c(full_target_scalar_reference),0.01314503055405225,False,59.99494593658477,28901
trec-covid,28,selection,10,942,10,trunc,best_in_menu_on_eval,0.0,True,,28901
trec-covid,29,recalibration,10,930,10,ad_probe,ad_c(full_target_scalar_reference),0.013579541468058398,False,128.65809718089457,29901
trec-covid,29,selection,10,930,10,glob_probe,best_in_menu_on_eval,0.0,True,,29901
trec-covid,30,recalibration,10,955,10,ad_probe,ad_c(full_target_scalar_reference),0.00782251268304801,False,79.65243244449721,30901
trec-covid,30,selection,10,955,10,trunc,best_in_menu_on_eval,0.0018601329916522191,True,,30901
trec-covid,31,recalibration,10,943,10,ad_probe,ad_c(full_target_scalar_reference),0.003734118610900672,True,37.78886901591136,31901
trec-covid,31,selection,10,943,10,glob_probe,best_in_menu_on_eval,0.0,True,,31901
trec-covid,32,recalibration,10,901,10,ad_probe,ad_c(full_target_scalar_reference),0.008994501117361775,False,75.4806856805011,32901
trec-covid,32,selection,10,901,10,trunc,best_in_menu_on_eval,0.0,True,,32901
trec-covid,33,recalibration,10,889,10,ad_probe,ad_c(full_target_scalar_reference),0.004611848555202247,True,27.444392658492063,33901
trec-covid,33,selection,10,889,10,glob_probe,best_in_menu_on_eval,0.004805836028987431,True,,33901
trec-covid,34,recalibration,10,894,10,ad_probe,ad_c(full_target_scalar_reference),0.004292171218085783,True,22.148562380429667,34901
trec-covid,34,selection,10,894,10,trunc,best_in_menu_on_eval,0.0015692655657851828,True,,34901
trec-covid,35,recalibration,10,844,10,ad_probe,ad_c(full_target_scalar_reference),0.007511514907314609,False,37.87472942839182,35901
trec-covid,35,selection,10,844,10,trunc,best_in_menu_on_eval,0.007514816807530966,True,,35901
trec-covid,36,recalibration,10,934,10,ad_probe,ad_c(full_target_scalar_reference),0.0007268433270989361,True,7.534291486908387,36901
trec-covid,36,selection,10,934,10,glob_probe,best_in_menu_on_eval,0.0,True,,36901
trec-covid,37,recalibration,10,926,10,ad_probe,ad_c(full_target_scalar_reference),0.0006379720695511848,True,8.63219359199661,37901
trec-covid,37,selection,10,926,10,glob_probe,best_in_menu_on_eval,0.0045064834757700956,True,,37901
trec-covid,38,recalibration,10,948,10,ad_probe,ad_c(full_target_scalar_reference),0.0006613558690073962,True,7.126293308257345,38901
trec-covid,38,selection,10,948,10,glob_probe,best_in_menu_on_eval,0.015787995577416947,False,,38901
trec-covid,39,recalibration,10,869,10,ad_probe,ad_c(full_target_scalar_reference),0.004077961256548135,True,44.8506130777439,39901
trec-covid,39,selection,10,869,10,trunc,best_in_menu_on_eval,0.019957335651349162,False,,39901
trec-covid,40,recalibration,10,914,10,ad_probe,ad_c(full_target_scalar_reference),0.011436020087989718,False,56.35229904657393,40901
trec-covid,40,selection,10,914,10,glob_probe,best_in_menu_on_eval,0.007134813135527107,True,,40901
trec-covid,41,recalibration,10,942,10,ad_probe,ad_c(full_target_scalar_reference),0.0007293586285501696,True,5.3832857950604875,41901
trec-covid,41,selection,10,942,10,trunc,best_in_menu_on_eval,0.0,True,,41901
trec-covid,42,recalibration,10,846,10,ad_probe,ad_c(full_target_scalar_reference),0.015495565233308639,False,68.44529327186035,42901
trec-covid,42,selection,10,846,10,trunc,best_in_menu_on_eval,0.0,True,,42901
trec-covid,43,recalibration,10,894,10,ad_probe,ad_c(full_target_scalar_reference),0.00875017628789121,False,47.98392361350659,43901
trec-covid,43,selection,10,894,10,glob_probe,best_in_menu_on_eval,0.0,True,,43901
trec-covid,44,recalibration,10,909,10,ad_probe,ad_c(full_target_scalar_reference),0.005862601588789151,False,29.546685997245135,44901
trec-covid,44,selection,10,909,10,glob_probe,best_in_menu_on_eval,0.016035662595532463,False,,44901
trec-covid,45,recalibration,10,986,10,ad_probe,ad_c(full_target_scalar_reference),0.0027564102287911396,True,21.390035925757843,45901
trec-covid,45,selection,10,986,10,trunc,best_in_menu_on_eval,0.0,True,,45901
trec-covid,46,recalibration,10,877,10,ad_probe,ad_c(full_target_scalar_reference),0.004255393528622697,True,23.787486682904955,46901
trec-covid,46,selection,10,877,10,glob_probe,best_in_menu_on_eval,0.0,True,,46901
trec-covid,47,recalibration,10,898,10,ad_probe,ad_c(full_target_scalar_reference),0.009104187895790927,False,80.4058856893339,47901
trec-covid,47,selection,10,898,10,glob_probe,best_in_menu_on_eval,0.007590835621427594,True,,47901
trec-covid,48,recalibration,10,934,10,ad_probe,ad_c(full_target_scalar_reference),0.0023925896100941424,True,28.852495211383257,48901
trec-covid,48,selection,10,934,10,glob_probe,best_in_menu_on_eval,0.012353072374151508,False,,48901
trec-covid,49,recalibration,10,976,10,ad_probe,ad_c(full_target_scalar_reference),0.015887278585768216,False,84.41214199574503,49901
trec-covid,49,selection,10,976,10,trunc,best_in_menu_on_eval,0.0,True,,49901
trec-covid,0,recalibration,20,1826,20,ad_probe,ad_c(full_target_scalar_reference),0.01515695153206198,False,77.56583510031817,2200423
trec-covid,0,selection,20,1826,20,glob_probe,best_in_menu_on_eval,0.02353894166618231,False,,2200423
trec-covid,1,recalibration,20,1865,20,ad_probe,ad_c(full_target_scalar_reference),0.0060928310507994965,False,63.446454422966724,2201423
trec-covid,1,selection,20,1865,20,trunc,best_in_menu_on_eval,0.0,True,,2201423
trec-covid,2,recalibration,20,1848,20,ad_probe,ad_c(full_target_scalar_reference),0.0072309603071196715,False,60.9588378985913,2202423
trec-covid,2,selection,20,1848,20,trunc,best_in_menu_on_eval,0.02736552863759978,False,,2202423
trec-covid,3,recalibration,20,1817,20,ad_probe,ad_c(full_target_scalar_reference),0.004372375349565805,True,33.095000997329294,2203423
trec-covid,3,selection,20,1817,20,trunc,best_in_menu_on_eval,0.03227846307745341,False,,2203423
trec-covid,4,recalibration,20,1848,20,ad_probe,ad_c(full_target_scalar_reference),0.0038573027129010784,True,37.78886901591136,2204423
trec-covid,4,selection,20,1848,20,glob_probe,best_in_menu_on_eval,0.03257420775540543,False,,2204423
trec-covid,5,recalibration,20,1857,20,ad_probe,ad_c(full_target_scalar_reference),0.001074749478689796,True,4.889755578031327,2205423
trec-covid,5,selection,20,1857,20,glob_probe,best_in_menu_on_eval,0.030923898772325265,False,,2205423
trec-covid,6,recalibration,20,1776,20,ad_probe,ad_c(full_target_scalar_reference),0.0026155119659011516,True,33.095000997329294,2206423
trec-covid,6,selection,20,1776,20,glob_probe,best_in_menu_on_eval,0.0,True,,2206423
trec-covid,7,recalibration,20,1830,20,ad_probe,ad_c(full_target_scalar_reference),0.0010035946652017236,True,3.877385511321222,2207423
trec-covid,7,selection,20,1830,20,glob_probe,best_in_menu_on_eval,0.007638390861376743,True,,2207423
trec-covid,8,recalibration,20,1838,20,ad_probe,ad_c(full_target_scalar_reference),0.004357924168614802,True,37.78886901591136,2208423
trec-covid,8,selection,20,1838,20,trunc,best_in_menu_on_eval,0.0,True,,2208423
trec-covid,9,recalibration,20,1802,20,ad_probe,ad_c(full_target_scalar_reference),0.008223464179208606,False,47.05933641168173,2209423
trec-covid,9,selection,20,1802,20,trunc,best_in_menu_on_eval,0.01706998377497193,False,,2209423
trec-covid,10,recalibration,20,1821,20,ad_probe,ad_c(full_target_scalar_reference),0.0024896790254009815,True,27.80797707536135,2210423
trec-covid,10,selection,20,1821,20,glob_probe,best_in_menu_on_eval,0.0,True,,2210423
trec-covid,11,recalibration,20,1759,20,ad_probe,ad_c(full_target_scalar_reference),0.00134033281709256,True,6.141812249732311,2211423
trec-covid,11,selection,20,1759,20,trunc,best_in_menu_on_eval,0.0,True,,2211423
trec-covid,12,recalibration,20,1883,20,ad_probe,ad_c(full_target_scalar_reference),0.0022858521999300496,True,18.89113791103773,2212423
trec-covid,12,selection,20,1883,20,trunc,best_in_menu_on_eval,0.030303752608020207,False,,2212423
trec-covid,13,recalibration,20,1850,20,ad_probe,ad_c(full_target_scalar_reference),6.17626735380794e-05,True,0.7585264546718236,2213423
trec-covid,13,selection,20,1850,20,glob_probe,best_in_menu_on_eval,0.0,True,,2213423
trec-covid,14,recalibration,20,1796,20,ad_probe,ad_c(full_target_scalar_reference),0.0017364054546957775,True,16.92501153357682,2214423
trec-covid,14,selection,20,1796,20,glob_probe,best_in_menu_on_eval,0.1550176020247631,False,,2214423
trec-covid,15,recalibration,20,1830,20,ad_probe,ad_c(full_target_scalar_reference),0.0023957670112726426,True,15.419111249837556,2215423
trec-covid,15,selection,20,1830,20,glob_probe,best_in_menu_on_eval,0.0,True,,2215423
trec-covid,16,recalibration,20,1819,20,ad_probe,ad_c(full_target_scalar_reference),0.000753437028116144,True,7.126293308257345,2216423
trec-covid,16,selection,20,1819,20,glob_probe,best_in_menu_on_eval,0.0,True,,2216423
trec-covid,17,recalibration,20,1877,20,ad_probe,ad_c(full_target_scalar_reference),9.116713224655015e-05,True,0.7585264546718236,2217423
trec-covid,17,selection,20,1877,20,trunc,best_in_menu_on_eval,0.00047350488399322543,True,,2217423
trec-covid,18,recalibration,20,1843,20,ad_probe,ad_c(full_target_scalar_reference),0.00425222709273132,True,33.095000997329294,2218423
trec-covid,18,selection,20,1843,20,trunc,best_in_menu_on_eval,0.028147551049557795,False,,2218423
trec-covid,19,recalibration,20,1875,20,ad_probe,ad_c(full_target_scalar_reference),0.0037134803751890377,True,38.82088841730581,2219423
trec-covid,19,selection,20,1875,20,trunc,best_in_menu_on_eval,0.03445351525971119,False,,2219423
trec-covid,20,recalibration,20,1847,20,ad_probe,ad_c(full_target_scalar_reference),0.0008276552974713081,True,6.141812249732311,2220423
trec-covid,20,selection,20,1847,20,trunc,best_in_menu_on_eval,0.010376005275918643,False,,2220423
trec-covid,21,recalibration,20,1808,20,ad_probe,ad_c(full_target_scalar_reference),0.0,True,0.0,2221423
trec-covid,21,selection,20,1808,20,glob_probe,best_in_menu_on_eval,0.010243313520921449,False,,2221423
trec-covid,22,recalibration,20,1856,20,ad_probe,ad_c(full_target_scalar_reference),0.005797021301478966,False,43.62331795402571,2222423
trec-covid,22,selection,20,1856,20,glob_probe,best_in_menu_on_eval,0.04723499073474835,False,,2222423
trec-covid,23,recalibration,20,1804,20,ad_probe,ad_c(full_target_scalar_reference),0.0019152494904123851,True,14.261819138880526,2223423
trec-covid,23,selection,20,1804,20,trunc,best_in_menu_on_eval,0.038636391822199134,False,,2223423
trec-covid,24,recalibration,20,1738,20,ad_probe,ad_c(full_target_scalar_reference),0.0022825045666755583,True,23.52704987703089,2224423
trec-covid,24,selection,20,1738,20,glob_probe,best_in_menu_on_eval,0.01089613359305508,False,,2224423
trec-covid,25,recalibration,20,1828,20,ad_probe,ad_c(full_target_scalar_reference),0.003771072277784282,True,33.095000997329294,2225423
trec-covid,25,selection,20,1828,20,trunc,best_in_menu_on_eval,0.012932843061159605,False,,2225423
trec-covid,26,recalibration,20,1829,20,ad_probe,ad_c(full_target_scalar_reference),0.0005431755893102741,True,13.268105557989657,2226423
trec-covid,26,selection,20,1829,20,glob_probe,best_in_menu_on_eval,0.03223377770011493,False,,2226423
trec-covid,27,recalibration,20,1809,20,ad_probe,ad_c(full_target_scalar_reference),0.01473780719092943,False,83.89963001126438,2227423
trec-covid,27,selection,20,1809,20,glob_probe,best_in_menu_on_eval,0.03075359309878356,False,,2227423
trec-covid,28,recalibration,20,1823,20,ad_probe,ad_c(full_target_scalar_reference),0.000967735471657738,True,4.6359119659931025,2228423
trec-covid,28,selection,20,1823,20,trunc,best_in_menu_on_eval,0.01501821553017868,False,,2228423
trec-covid,29,recalibration,20,1786,20,ad_probe,ad_c(full_target_scalar_reference),0.005234248922799667,False,50.57650049772036,2229423
trec-covid,29,selection,20,1786,20,glob_probe,best_in_menu_on_eval,0.0,True,,2229423
trec-covid,30,recalibration,20,1842,20,ad_probe,ad_c(full_target_scalar_reference),0.0026584867375626375,True,26.017431219295077,2230423
trec-covid,30,selection,20,1842,20,trunc,best_in_menu_on_eval,0.033874974706113004,False,,2230423
trec-covid,31,recalibration,20,1840,20,ad_probe,ad_c(full_target_scalar_reference),0.0007914811802934851,True,11.771437796616283,2231423
trec-covid,31,selection,20,1840,20,trunc,best_in_menu_on_eval,0.03540463747109934,False,,2231423
trec-covid,32,recalibration,20,1896,20,ad_probe,ad_c(full_target_scalar_reference),0.0005278963082967492,True,5.3832857950604875,2232423
trec-covid,32,selection,20,1896,20,trunc,best_in_menu_on_eval,0.03804934120382353,False,,2232423
trec-covid,33,recalibration,20,1852,20,ad_probe,ad_c(full_target_scalar_reference),0.004491462349692887,True,41.30013709734152,2233423
trec-covid,33,selection,20,1852,20,glob_probe,best_in_menu_on_eval,0.01967260495883727,False,,2233423
trec-covid,34,recalibration,20,1850,20,ad_probe,ad_c(full_target_scalar_reference),0.0019964769360648615,True,13.268105557989657,2234423
trec-covid,34,selection,20,1850,20,trunc,best_in_menu_on_eval,0.021394349684632497,False,,2234423
trec-covid,35,recalibration,20,1814,20,ad_probe,ad_c(full_target_scalar_reference),0.0035068274781789865,True,16.66119337464761,2235423
trec-covid,35,selection,20,1814,20,trunc,best_in_menu_on_eval,0.0,True,,2235423
trec-covid,36,recalibration,20,1885,20,ad_probe,ad_c(full_target_scalar_reference),0.004955121496550419,True,33.095000997329294,2236423
trec-covid,36,selection,20,1885,20,trunc,best_in_menu_on_eval,0.005144684853326309,True,,2236423
trec-covid,37,recalibration,20,1785,20,ad_probe,ad_c(full_target_scalar_reference),0.00023335388530643097,True,3.3153805219808987,2237423
trec-covid,37,selection,20,1785,20,trunc,best_in_menu_on_eval,0.0,True,,2237423
trec-covid,38,recalibration,20,1777,20,ad_probe,ad_c(full_target_scalar_reference),0.005351868212825628,False,35.25494252095834,2238423
trec-covid,38,selection,20,1777,20,glob_probe,best_in_menu_on_eval,0.016937733948770406,False,,2238423
trec-covid,39,recalibration,20,1863,20,ad_probe,ad_c(full_target_scalar_reference),0.0003574708528510939,True,7.126293308257345,2239423
trec-covid,39,selection,20,1863,20,glob_probe,best_in_menu_on_eval,0.04590390172465342,False,,2239423
trec-covid,40,recalibration,20,1815,20,ad_probe,ad_c(full_target_scalar_reference),0.0038644999919600354,True,44.8506130777439,2240423
trec-covid,40,selection,20,1815,20,glob_probe,best_in_menu_on_eval,0.04456260723310135,False,,2240423
trec-covid,41,recalibration,20,1831,20,ad_probe,ad_c(full_target_scalar_reference),0.0009021371391114696,True,7.126293308257345,2241423
trec-covid,41,selection,20,1831,20,trunc,best_in_menu_on_eval,0.023867255175141544,False,,2241423
trec-covid,42,recalibration,20,1825,20,ad_probe,ad_c(full_target_scalar_reference),0.0,True,0.0,2242423
trec-covid,42,selection,20,1825,20,glob_probe,best_in_menu_on_eval,0.015130322821925501,False,,2242423
trec-covid,43,recalibration,20,1834,20,ad_probe,ad_c(full_target_scalar_reference),0.0002487832707979143,True,3.2489077969361233,2243423
trec-covid,43,selection,20,1834,20,glob_probe,best_in_menu_on_eval,0.0,True,,2243423
trec-covid,44,recalibration,20,1775,20,ad_probe,ad_c(full_target_scalar_reference),0.006148243975470369,False,33.095000997329294,2244423
trec-covid,44,selection,20,1775,20,glob_probe,best_in_menu_on_eval,0.015381945403492248,False,,2244423
trec-covid,45,recalibration,20,1761,20,ad_probe,ad_c(full_target_scalar_reference),0.0,True,0.0,2245423
trec-covid,45,selection,20,1761,20,glob_probe,best_in_menu_on_eval,0.0,True,,2245423
trec-covid,46,recalibration,20,1800,20,ad_probe,ad_c(full_target_scalar_reference),0.01062213822328717,False,55.662997587495965,2246423
trec-covid,46,selection,20,1800,20,trunc,best_in_menu_on_eval,0.04361645507906786,False,,2246423
trec-covid,47,recalibration,20,1873,20,ad_probe,ad_c(full_target_scalar_reference),0.0017995649243123246,True,26.017431219295077,2247423
trec-covid,47,selection,20,1873,20,trunc,best_in_menu_on_eval,0.0,True,,2247423
trec-covid,48,recalibration,20,1850,20,ad_probe,ad_c(full_target_scalar_reference),0.004757890579949464,True,43.62331795402571,2248423
trec-covid,48,selection,20,1850,20,glob_probe,best_in_menu_on_eval,0.021921059726037306,False,,2248423
trec-covid,49,recalibration,20,1831,20,ad_probe,ad_c(full_target_scalar_reference),0.0009693841363592748,True,6.141812249732311,2249423
trec-covid,49,selection,20,1831,20,trunc,best_in_menu_on_eval,0.002563288066667946,True,,2249423
trec-covid,0,recalibration,25,2261,50,ad_probe,ad_c(full_target_scalar_reference),0.0004152064720959192,True,4.007434251607947,2300472
trec-covid,0,selection,25,2261,50,glob_probe,best_in_menu_on_eval,0.0,True,,2300472
trec-covid,1,recalibration,25,2286,50,ad_probe,ad_c(full_target_scalar_reference),0.0005809406692389718,True,4.007434251607947,2301472
trec-covid,1,selection,25,2286,50,glob_probe,best_in_menu_on_eval,0.03205308356506109,False,,2301472
trec-covid,2,recalibration,25,2312,50,ad_probe,ad_c(full_target_scalar_reference),0.002792328518680276,True,14.774005841728922,2302472
trec-covid,2,selection,25,2312,50,trunc,best_in_menu_on_eval,0.022645833508932012,False,,2302472
trec-covid,3,recalibration,25,2226,50,ad_probe,ad_c(full_target_scalar_reference),0.006006561895211759,False,35.812768091559434,2303472
trec-covid,3,selection,25,2226,50,glob_probe,best_in_menu_on_eval,0.024859339902543076,False,,2303472
trec-covid,4,recalibration,25,2286,50,ad_probe,ad_c(full_target_scalar_reference),0.0011073526111462506,True,11.762205274250448,2304472
trec-covid,4,selection,25,2286,50,glob_probe,best_in_menu_on_eval,0.011050485237090957,False,,2304472
trec-covid,5,recalibration,25,2304,50,ad_probe,ad_c(full_target_scalar_reference),0.0031827623023742424,True,19.07601722542472,2305472
trec-covid,5,selection,25,2304,50,trunc,best_in_menu_on_eval,0.011716116235786722,False,,2305472
trec-covid,6,recalibration,25,2318,50,ad_probe,ad_c(full_target_scalar_reference),0.0027196391373079942,True,40.156745059161835,2306472
trec-covid,6,selection,25,2318,50,glob_probe,best_in_menu_on_eval,0.028620872188886204,False,,2306472
trec-covid,7,recalibration,25,2296,50,ad_probe,ad_c(full_target_scalar_reference),0.007281505838971469,False,67.96028920734346,2307472
trec-covid,7,selection,25,2296,50,glob_probe,best_in_menu_on_eval,0.03565158340556562,False,,2307472
trec-covid,8,recalibration,25,2299,50,ad_probe,ad_c(full_target_scalar_reference),0.0028208356449249683,True,26.03325693549681,2308472
trec-covid,8,selection,25,2299,50,trunc,best_in_menu_on_eval,0.0034430172093612432,True,,2308472
trec-covid,9,recalibration,25,2235,50,ad_probe,ad_c(full_target_scalar_reference),0.0003293055808668566,True,2.490381342264243,2309472
trec-covid,9,selection,25,2235,50,trunc,best_in_menu_on_eval,0.05449489614889358,False,,2309472
trec-covid,10,recalibration,25,2214,50,ad_probe,ad_c(full_target_scalar_reference),0.0024566979944833367,True,14.774005841728922,2310472
trec-covid,10,selection,25,2214,50,trunc,best_in_menu_on_eval,0.004755940665927771,True,,2310472
trec-covid,11,recalibration,25,2365,50,ad_probe,ad_c(full_target_scalar_reference),0.005637666395839069,False,51.608519899114754,2311472
trec-covid,11,selection,25,2365,50,trunc,best_in_menu_on_eval,0.01751736418362493,False,,2311472
trec-covid,12,recalibration,25,2353,50,ad_probe,ad_c(full_target_scalar_reference),0.00037088508589822045,True,4.007434251607947,2312472
trec-covid,12,selection,25,2353,50,trunc,best_in_menu_on_eval,0.01772515430443311,False,,2312472
trec-covid,13,recalibration,25,2344,50,ad_probe,ad_c(full_target_scalar_reference),0.0001700162252261661,True,2.490381342264243,2313472
trec-covid,13,selection,25,2344,50,trunc,best_in_menu_on_eval,0.024837730298806426,False,,2313472
trec-covid,14,recalibration,25,2228,50,ad_probe,ad_c(full_target_scalar_reference),0.005895021468118322,False,51.608519899114754,2314472
trec-covid,14,selection,25,2228,50,glob_probe,best_in_menu_on_eval,0.0,True,,2314472
trec-covid,15,recalibration,25,2296,50,ad_probe,ad_c(full_target_scalar_reference),4.2263933105246565e-05,True,4.007434251607947,2315472
trec-covid,15,selection,25,2296,50,trunc,best_in_menu_on_eval,0.039269403375259415,False,,2315472
trec-covid,16,recalibration,25,2298,50,ad_probe,ad_c(full_target_scalar_reference),0.00015373327360179712,True,2.490381342264243,2316472
trec-covid,16,selection,25,2298,50,trunc,best_in_menu_on_eval,0.030398059919201748,False,,2316472
trec-covid,17,recalibration,25,2232,50,ad_probe,ad_c(full_target_scalar_reference),0.0012850616964013017,True,11.762205274250448,2317472
trec-covid,17,selection,25,2232,50,glob_probe,best_in_menu_on_eval,0.000603444038148937,True,,2317472
trec-covid,18,recalibration,25,2288,50,ad_probe,ad_c(full_target_scalar_reference),0.0025032565012992336,True,14.774005841728922,2318472
trec-covid,18,selection,25,2288,50,glob_probe,best_in_menu_on_eval,0.017927551137532305,False,,2318472
trec-covid,19,recalibration,25,2263,50,ad_probe,ad_c(full_target_scalar_reference),8.659903971586225e-06,True,2.490381342264243,2319472
trec-covid,19,selection,25,2263,50,trunc,best_in_menu_on_eval,0.04162165860068212,False,,2319472
trec-covid,20,recalibration,25,2251,50,ad_probe,ad_c(full_target_scalar_reference),0.005668860603193937,False,35.812768091559434,2320472
trec-covid,20,selection,25,2251,50,glob_probe,best_in_menu_on_eval,0.04742635215695523,False,,2320472
trec-covid,21,recalibration,25,2245,50,ad_probe,ad_c(full_target_scalar_reference),0.005927228744630586,False,35.812768091559434,2321472
trec-covid,21,selection,25,2245,50,glob_probe,best_in_menu_on_eval,0.0,True,,2321472
trec-covid,22,recalibration,25,2258,50,ad_probe,ad_c(full_target_scalar_reference),0.0002724371861093644,True,2.490381342264243,2322472
trec-covid,22,selection,25,2258,50,trunc,best_in_menu_on_eval,0.04014687384001536,False,,2322472
trec-covid,23,recalibration,25,2265,50,ad_probe,ad_c(full_target_scalar_reference),0.0005533688296558426,True,4.007434251607947,2323472
trec-covid,23,selection,25,2265,50,glob_probe,best_in_menu_on_eval,0.002040106125375196,True,,2323472
trec-covid,24,recalibration,25,2265,50,ad_probe,ad_c(full_target_scalar_reference),0.0002676768724120815,True,4.007434251607947,2324472
trec-covid,24,selection,25,2265,50,trunc,best_in_menu_on_eval,0.0,True,,2324472
trec-covid,25,recalibration,25,2280,50,ad_probe,ad_c(full_target_scalar_reference),0.0024493450655127535,True,14.774005841728922,2325472
trec-covid,25,selection,25,2280,50,glob_probe,best_in_menu_on_eval,0.0,True,,2325472
trec-covid,26,recalibration,25,2206,50,ad_probe,ad_c(full_target_scalar_reference),0.000497715068197957,True,2.490381342264243,2326472
trec-covid,26,selection,25,2206,50,trunc,best_in_menu_on_eval,0.03367230045601255,False,,2326472
trec-covid,27,recalibration,25,2314,50,ad_probe,ad_c(full_target_scalar_reference),0.005744864068760291,False,51.608519899114754,2327472
trec-covid,27,selection,25,2314,50,trunc,best_in_menu_on_eval,0.041525031430622916,False,,2327472
trec-covid,28,recalibration,25,2309,50,ad_probe,ad_c(full_target_scalar_reference),0.00028894473585550084,True,2.490381342264243,2328472
trec-covid,28,selection,25,2309,50,glob_probe,best_in_menu_on_eval,0.021141417507279603,False,,2328472
trec-covid,29,recalibration,25,2240,50,ad_probe,ad_c(full_target_scalar_reference),0.0027659607559362698,True,14.774005841728922,2329472
trec-covid,29,selection,25,2240,50,glob_probe,best_in_menu_on_eval,0.0,True,,2329472
trec-covid,30,recalibration,25,2314,50,ad_probe,ad_c(full_target_scalar_reference),0.0036769434474469564,True,26.03325693549681,2330472
trec-covid,30,selection,25,2314,50,glob_probe,best_in_menu_on_eval,0.0,True,,2330472
trec-covid,31,recalibration,25,2370,50,ad_probe,ad_c(full_target_scalar_reference),0.002011339043028859,True,40.156745059161835,2331472
trec-covid,31,selection,25,2370,50,trunc,best_in_menu_on_eval,0.020206887860251266,False,,2331472
trec-covid,32,recalibration,25,2250,50,ad_probe,ad_c(full_target_scalar_reference),0.00078602545661699,True,14.774005841728922,2332472
trec-covid,32,selection,25,2250,50,trunc,best_in_menu_on_eval,0.010542114012183745,False,,2332472
trec-covid,33,recalibration,25,2271,50,ad_probe,ad_c(full_target_scalar_reference),0.00496807920015041,True,35.812768091559434,2333472
trec-covid,33,selection,25,2271,50,trunc,best_in_menu_on_eval,0.0,True,,2333472
trec-covid,34,recalibration,25,2271,50,ad_probe,ad_c(full_target_scalar_reference),9.608679884309801e-05,True,11.762205274250448,2334472
trec-covid,34,selection,25,2271,50,glob_probe,best_in_menu_on_eval,0.004035101460504564,True,,2334472
trec-covid,35,recalibration,25,2303,50,ad_probe,ad_c(full_target_scalar_reference),0.0003004751724212662,True,4.007434251607947,2335472
trec-covid,35,selection,25,2303,50,trunc,best_in_menu_on_eval,0.0,True,,2335472
trec-covid,36,recalibration,25,2292,50,ad_probe,ad_c(full_target_scalar_reference),0.006159415680133007,False,49.54448109632597,2336472
trec-covid,36,selection,25,2292,50,glob_probe,best_in_menu_on_eval,0.0,True,,2336472
trec-covid,37,recalibration,25,2239,50,ad_probe,ad_c(full_target_scalar_reference),0.0014955387617936466,True,19.07601722542472,2337472
trec-covid,37,selection,25,2239,50,glob_probe,best_in_menu_on_eval,0.0,True,,2337472
trec-covid,38,recalibration,25,2257,50,ad_probe,ad_c(full_target_scalar_reference),0.004424811794226824,True,49.54448109632597,2338472
trec-covid,38,selection,25,2257,50,glob_probe,best_in_menu_on_eval,0.007686397745454432,True,,2338472
trec-covid,39,recalibration,25,2327,50,ad_probe,ad_c(full_target_scalar_reference),0.003001690440482818,True,40.156745059161835,2339472
trec-covid,39,selection,25,2327,50,trunc,best_in_menu_on_eval,0.026850746319082575,False,,2339472
trec-covid,40,recalibration,25,2337,50,ad_probe,ad_c(full_target_scalar_reference),0.004647964295231954,True,49.54448109632597,2340472
trec-covid,40,selection,25,2337,50,glob_probe,best_in_menu_on_eval,0.0,True,,2340472
trec-covid,41,recalibration,25,2346,50,ad_probe,ad_c(full_target_scalar_reference),0.0029554254770445265,True,26.03325693549681,2341472
trec-covid,41,selection,25,2346,50,trunc,best_in_menu_on_eval,0.031231027995724858,False,,2341472
trec-covid,42,recalibration,25,2278,50,ad_probe,ad_c(full_target_scalar_reference),0.000114313277987943,True,2.490381342264243,2342472
trec-covid,42,selection,25,2278,50,trunc,best_in_menu_on_eval,0.007707082687951505,True,,2342472
trec-covid,43,recalibration,25,2251,50,ad_probe,ad_c(full_target_scalar_reference),0.008465673865319823,False,51.433867816491954,2343472
trec-covid,43,selection,25,2251,50,trunc,best_in_menu_on_eval,0.05027394942345964,False,,2343472
trec-covid,44,recalibration,25,2294,50,ad_probe,ad_c(full_target_scalar_reference),0.004033725937388821,True,19.07601722542472,2344472
trec-covid,44,selection,25,2294,50,glob_probe,best_in_menu_on_eval,0.0,True,,2344472
trec-covid,45,recalibration,25,2301,50,ad_probe,ad_c(full_target_scalar_reference),0.0005826923278601237,True,2.490381342264243,2345472
trec-covid,45,selection,25,2301,50,trunc,best_in_menu_on_eval,0.020009487819885652,False,,2345472
trec-covid,46,recalibration,25,2283,50,ad_probe,ad_c(full_target_scalar_reference),0.002756960539689657,True,14.774005841728922,2346472
trec-covid,46,selection,25,2283,50,trunc,best_in_menu_on_eval,0.0,True,,2346472
trec-covid,47,recalibration,25,2282,50,ad_probe,ad_c(full_target_scalar_reference),0.0039459297151226425,True,26.03325693549681,2347472
trec-covid,47,selection,25,2282,50,glob_probe,best_in_menu_on_eval,0.061320585956792795,False,,2347472
trec-covid,48,recalibration,25,2313,50,ad_probe,ad_c(full_target_scalar_reference),0.0006532513450598909,True,4.007434251607947,2348472
trec-covid,48,selection,25,2313,50,glob_probe,best_in_menu_on_eval,0.020076999995592648,False,,2348472
trec-covid,49,recalibration,25,2298,50,ad_probe,ad_c(full_target_scalar_reference),0.0003555950945619557,True,4.007434251607947,2349472
trec-covid,49,selection,25,2298,50,trunc,best_in_menu_on_eval,0.02460126908932636,False,,2349472
trec-covid,0,recalibration,25,2253,100,ad_probe,ad_c(full_target_scalar_reference),0.004793020880959897,True,35.812768091559434,2400755
trec-covid,0,selection,25,2253,100,glob_probe,best_in_menu_on_eval,0.020787364973556932,False,,2400755
trec-covid,1,recalibration,25,2299,100,ad_probe,ad_c(full_target_scalar_reference),0.0030047787329388065,True,14.774005841728922,2401755
trec-covid,1,selection,25,2299,100,trunc,best_in_menu_on_eval,0.0,True,,2401755
trec-covid,2,recalibration,25,2240,100,ad_probe,ad_c(full_target_scalar_reference),0.006808035544087265,False,35.812768091559434,2402755
trec-covid,2,selection,25,2240,100,trunc,best_in_menu_on_eval,0.010842745520609709,False,,2402755
trec-covid,3,recalibration,25,2335,100,ad_probe,ad_c(full_target_scalar_reference),0.0047471505652761925,True,40.156745059161835,2403755
trec-covid,3,selection,25,2335,100,trunc,best_in_menu_on_eval,0.04348677679615487,False,,2403755
trec-covid,4,recalibration,25,2319,100,ad_probe,ad_c(full_target_scalar_reference),1.3212547410490494e-05,True,2.490381342264243,2404755
trec-covid,4,selection,25,2319,100,glob_probe,best_in_menu_on_eval,0.014433898472426376,False,,2404755
trec-covid,5,recalibration,25,2269,100,ad_probe,ad_c(full_target_scalar_reference),0.003864799200406943,True,26.03325693549681,2405755
trec-covid,5,selection,25,2269,100,trunc,best_in_menu_on_eval,0.04023836640015177,False,,2405755
trec-covid,6,recalibration,25,2278,100,ad_probe,ad_c(full_target_scalar_reference),0.00023926198357793194,True,2.490381342264243,2406755
trec-covid,6,selection,25,2278,100,glob_probe,best_in_menu_on_eval,0.0,True,,2406755
trec-covid,7,recalibration,25,2290,100,ad_probe,ad_c(full_target_scalar_reference),0.00022752383071888982,True,4.007434251607947,2407755
trec-covid,7,selection,25,2290,100,glob_probe,best_in_menu_on_eval,0.0,True,,2407755
trec-covid,8,recalibration,25,2246,100,ad_probe,ad_c(full_target_scalar_reference),0.00012758633835663336,True,2.490381342264243,2408755
trec-covid,8,selection,25,2246,100,glob_probe,best_in_menu_on_eval,0.0,True,,2408755
trec-covid,9,recalibration,25,2328,100,ad_probe,ad_c(full_target_scalar_reference),0.0004158362126472914,True,11.762205274250448,2409755
trec-covid,9,selection,25,2328,100,glob_probe,best_in_menu_on_eval,0.01981598459460998,False,,2409755
trec-covid,10,recalibration,25,2327,100,ad_probe,ad_c(full_target_scalar_reference),0.0005246526360865866,True,2.490381342264243,2410755
trec-covid,10,selection,25,2327,100,glob_probe,best_in_menu_on_eval,0.030235984892968526,False,,2410755
trec-covid,11,recalibration,25,2230,100,ad_probe,ad_c(full_target_scalar_reference),0.0014333232134291496,True,19.07601722542472,2411755
trec-covid,11,selection,25,2230,100,glob_probe,best_in_menu_on_eval,0.004724596470920828,True,,2411755
trec-covid,12,recalibration,25,2280,100,ad_probe,ad_c(full_target_scalar_reference),0.003975602152751945,True,26.03325693549681,2412755
trec-covid,12,selection,25,2280,100,trunc,best_in_menu_on_eval,0.02892867277351352,False,,2412755
trec-covid,13,recalibration,25,2255,100,ad_probe,ad_c(full_target_scalar_reference),0.0007586047526914053,True,11.762205274250448,2413755
trec-covid,13,selection,25,2255,100,glob_probe,best_in_menu_on_eval,0.0,True,,2413755
trec-covid,14,recalibration,25,2262,100,ad_probe,ad_c(full_target_scalar_reference),0.003536048310568418,True,40.156745059161835,2414755
trec-covid,14,selection,25,2262,100,glob_probe,best_in_menu_on_eval,0.0,True,,2414755
trec-covid,15,recalibration,25,2305,100,ad_probe,ad_c(full_target_scalar_reference),0.00018181226845326304,True,4.007434251607947,2415755
trec-covid,15,selection,25,2305,100,trunc,best_in_menu_on_eval,0.03930901385954777,False,,2415755
trec-covid,16,recalibration,25,2289,100,ad_probe,ad_c(full_target_scalar_reference),0.0022593748001429326,True,14.774005841728922,2416755
trec-covid,16,selection,25,2289,100,glob_probe,best_in_menu_on_eval,0.01470465975537083,False,,2416755
trec-covid,17,recalibration,25,2325,100,ad_probe,ad_c(full_target_scalar_reference),0.0027071400808097446,True,26.03325693549681,2417755
trec-covid,17,selection,25,2325,100,glob_probe,best_in_menu_on_eval,0.0,True,,2417755
trec-covid,18,recalibration,25,2232,100,ad_probe,ad_c(full_target_scalar_reference),0.0006190383560397694,True,2.490381342264243,2418755
trec-covid,18,selection,25,2232,100,trunc,best_in_menu_on_eval,0.0,True,,2418755
trec-covid,19,recalibration,25,2221,100,ad_probe,ad_c(full_target_scalar_reference),0.009985651153987085,False,47.33116672023982,2419755
trec-covid,19,selection,25,2221,100,glob_probe,best_in_menu_on_eval,0.0,True,,2419755
trec-covid,20,recalibration,25,2242,100,ad_probe,ad_c(full_target_scalar_reference),0.009960695581014978,False,47.33116672023982,2420755
trec-covid,20,selection,25,2242,100,trunc,best_in_menu_on_eval,0.05102271525823043,False,,2420755
trec-covid,21,recalibration,25,2242,100,ad_probe,ad_c(full_target_scalar_reference),0.0016672465929633562,True,14.774005841728922,2421755
trec-covid,21,selection,25,2242,100,trunc,best_in_menu_on_eval,0.0005621284470492816,True,,2421755
trec-covid,22,recalibration,25,2205,100,ad_probe,ad_c(full_target_scalar_reference),0.0006332596384122091,True,2.490381342264243,2422755
trec-covid,22,selection,25,2205,100,trunc,best_in_menu_on_eval,0.04842407937516291,False,,2422755
trec-covid,23,recalibration,25,2259,100,ad_probe,ad_c(full_target_scalar_reference),0.0036664350017346914,True,40.156745059161835,2423755
trec-covid,23,selection,25,2259,100,glob_probe,best_in_menu_on_eval,0.0,True,,2423755
trec-covid,24,recalibration,25,2300,100,ad_probe,ad_c(full_target_scalar_reference),0.001417873618617671,True,19.07601722542472,2424755
trec-covid,24,selection,25,2300,100,trunc,best_in_menu_on_eval,0.0,True,,2424755
trec-covid,25,recalibration,25,2281,100,ad_probe,ad_c(full_target_scalar_reference),0.00012024968102297695,True,2.490381342264243,2425755
trec-covid,25,selection,25,2281,100,trunc,best_in_menu_on_eval,0.03984223962118927,False,,2425755
trec-covid,26,recalibration,25,2207,100,ad_probe,ad_c(full_target_scalar_reference),0.00016992831020512522,True,2.490381342264243,2426755
trec-covid,26,selection,25,2207,100,glob_probe,best_in_menu_on_eval,0.017486325493905053,False,,2426755
trec-covid,27,recalibration,25,2253,100,ad_probe,ad_c(full_target_scalar_reference),0.0002002004196361984,True,2.490381342264243,2427755
trec-covid,27,selection,25,2253,100,trunc,best_in_menu_on_eval,0.05094655876352694,False,,2427755
trec-covid,28,recalibration,25,2242,100,ad_probe,ad_c(full_target_scalar_reference),0.009367047007302176,False,46.78750610312363,2428755
trec-covid,28,selection,25,2242,100,trunc,best_in_menu_on_eval,0.021462046585071004,False,,2428755
trec-covid,29,recalibration,25,2267,100,ad_probe,ad_c(full_target_scalar_reference),0.00162873260351859,True,14.774005841728922,2429755
trec-covid,29,selection,25,2267,100,trunc,best_in_menu_on_eval,0.021166980626693865,False,,2429755
trec-covid,30,recalibration,25,2230,100,ad_probe,ad_c(full_target_scalar_reference),0.0001947924440108828,True,2.490381342264243,2430755
trec-covid,30,selection,25,2230,100,glob_probe,best_in_menu_on_eval,0.0,True,,2430755
trec-covid,31,recalibration,25,2244,100,ad_probe,ad_c(full_target_scalar_reference),0.0027306946437238855,True,14.774005841728922,2431755
trec-covid,31,selection,25,2244,100,trunc,best_in_menu_on_eval,0.03238747131534159,False,,2431755
trec-covid,32,recalibration,25,2262,100,ad_probe,ad_c(full_target_scalar_reference),0.00035937513393113907,True,2.490381342264243,2432755
trec-covid,32,selection,25,2262,100,trunc,best_in_menu_on_eval,0.009363701433282468,True,,2432755
trec-covid,33,recalibration,25,2241,100,ad_probe,ad_c(full_target_scalar_reference),0.0022004365181348406,True,19.07601722542472,2433755
trec-covid,33,selection,25,2241,100,glob_probe,best_in_menu_on_eval,0.0,True,,2433755
trec-covid,34,recalibration,25,2274,100,ad_probe,ad_c(full_target_scalar_reference),0.0020009291552552932,True,26.03325693549681,2434755
trec-covid,34,selection,25,2274,100,glob_probe,best_in_menu_on_eval,0.0,True,,2434755
trec-covid,35,recalibration,25,2297,100,ad_probe,ad_c(full_target_scalar_reference),0.00027073317407610986,True,2.490381342264243,2435755
trec-covid,35,selection,25,2297,100,trunc,best_in_menu_on_eval,0.0,True,,2435755
trec-covid,36,recalibration,25,2258,100,ad_probe,ad_c(full_target_scalar_reference),0.007383842849180033,False,35.812768091559434,2436755
trec-covid,36,selection,25,2258,100,trunc,best_in_menu_on_eval,0.00022153482008469005,True,,2436755
trec-covid,37,recalibration,25,2301,100,ad_probe,ad_c(full_target_scalar_reference),0.0015565290930830145,True,26.03325693549681,2437755
trec-covid,37,selection,25,2301,100,glob_probe,best_in_menu_on_eval,0.009812241213661088,True,,2437755
trec-covid,38,recalibration,25,2322,100,ad_probe,ad_c(full_target_scalar_reference),0.009559960141700907,False,64.53848907186833,2438755
trec-covid,38,selection,25,2322,100,glob_probe,best_in_menu_on_eval,0.000894332939027298,True,,2438755
trec-covid,39,recalibration,25,2305,100,ad_probe,ad_c(full_target_scalar_reference),0.00014393359568298791,True,2.490381342264243,2439755
trec-covid,39,selection,25,2305,100,glob_probe,best_in_menu_on_eval,0.0,True,,2439755
trec-covid,40,recalibration,25,2338,100,ad_probe,ad_c(full_target_scalar_reference),0.00684646238108555,False,51.608519899114754,2440755
trec-covid,40,selection,25,2338,100,glob_probe,best_in_menu_on_eval,0.010392873089519528,False,,2440755
trec-covid,41,recalibration,25,2256,100,ad_probe,ad_c(full_target_scalar_reference),0.007713897612166898,False,47.33116672023982,2441755
trec-covid,41,selection,25,2256,100,glob_probe,best_in_menu_on_eval,0.011420799265141612,False,,2441755
trec-covid,42,recalibration,25,2299,100,ad_probe,ad_c(full_target_scalar_reference),0.0039063357941946375,True,14.774005841728922,2442755
trec-covid,42,selection,25,2299,100,glob_probe,best_in_menu_on_eval,0.0,True,,2442755
trec-covid,43,recalibration,25,2302,100,ad_probe,ad_c(full_target_scalar_reference),0.00018625751484957487,True,2.490381342264243,2443755
trec-covid,43,selection,25,2302,100,glob_probe,best_in_menu_on_eval,0.011108156395747915,False,,2443755
trec-covid,44,recalibration,25,2298,100,ad_probe,ad_c(full_target_scalar_reference),0.007431631909305958,False,49.54448109632597,2444755
trec-covid,44,selection,25,2298,100,trunc,best_in_menu_on_eval,0.029435238937570274,False,,2444755
trec-covid,45,recalibration,25,2313,100,ad_probe,ad_c(full_target_scalar_reference),0.00014748945446718675,True,4.007434251607947,2445755
trec-covid,45,selection,25,2313,100,glob_probe,best_in_menu_on_eval,0.0,True,,2445755
trec-covid,46,recalibration,25,2313,100,ad_probe,ad_c(full_target_scalar_reference),3.794452872785126e-05,True,4.007434251607947,2446755
trec-covid,46,selection,25,2313,100,trunc,best_in_menu_on_eval,0.012942615199477148,False,,2446755
trec-covid,47,recalibration,25,2318,100,ad_probe,ad_c(full_target_scalar_reference),0.00036452502306782986,True,11.762205274250448,2447755
trec-covid,47,selection,25,2318,100,glob_probe,best_in_menu_on_eval,0.0,True,,2447755
trec-covid,48,recalibration,25,2284,100,ad_probe,ad_c(full_target_scalar_reference),0.003424568068748912,True,51.608519899114754,2448755
trec-covid,48,selection,25,2284,100,glob_probe,best_in_menu_on_eval,0.013019844649441947,False,,2448755
trec-covid,49,recalibration,25,2239,100,ad_probe,ad_c(full_target_scalar_reference),0.01262337814062714,False,64.53848907186833,2449755
trec-covid,49,selection,25,2239,100,trunc,best_in_menu_on_eval,0.03144400857167551,False,,2449755
webis-touche2020,0,recalibration,5,349,5,ad_probe,ad_c(full_target_scalar_reference),0.002525721990005003,True,1.0803214313164204,2000913
webis-touche2020,0,selection,5,349,5,glob_probe,best_in_menu_on_eval,0.18933147431616848,False,,2000913
webis-touche2020,1,recalibration,5,345,5,ad_probe,ad_c(full_target_scalar_reference),0.009886597314208545,False,1.6358648224225378,2001913
webis-touche2020,1,selection,5,345,5,trunc,best_in_menu_on_eval,0.029705434218932292,False,,2001913
webis-touche2020,2,recalibration,5,344,5,ad_probe,ad_c(full_target_scalar_reference),0.002074739392939895,True,0.8173717997794627,2002913
webis-touche2020,2,selection,5,344,5,glob_probe,best_in_menu_on_eval,0.0,True,,2002913
webis-touche2020,3,recalibration,5,381,5,ad_probe,ad_c(full_target_scalar_reference),0.011286254952406705,False,2.0015383652382424,2003913
webis-touche2020,3,selection,5,381,5,trunc,best_in_menu_on_eval,0.0,True,,2003913
webis-touche2020,4,recalibration,5,380,5,ad_probe,ad_c(full_target_scalar_reference),0.0075559110425457154,False,1.4711694466810217,2004913
webis-touche2020,4,selection,5,380,5,glob_probe,best_in_menu_on_eval,0.0,True,,2004913
webis-touche2020,5,recalibration,5,342,5,ad_probe,ad_c(full_target_scalar_reference),0.00968347313688911,False,2.3362196633605636,2005913
webis-touche2020,5,selection,5,342,5,glob_probe,best_in_menu_on_eval,0.03695815591153928,False,,2005913
webis-touche2020,6,recalibration,5,352,5,ad_probe,ad_c(full_target_scalar_reference),0.001936312433033327,True,0.7749297838599576,2006913
webis-touche2020,6,selection,5,352,5,glob_probe,best_in_menu_on_eval,0.0424762650169776,False,,2006913
webis-touche2020,7,recalibration,5,407,5,ad_probe,ad_c(full_target_scalar_reference),0.017355264793290914,False,2.958085737257969,2007913
webis-touche2020,7,selection,5,407,5,glob_probe,best_in_menu_on_eval,0.03562919042354429,False,,2007913
webis-touche2020,8,recalibration,5,367,5,ad_probe,ad_c(full_target_scalar_reference),0.001203754708707705,True,0.880127894469342,2008913
webis-touche2020,8,selection,5,367,5,trunc,best_in_menu_on_eval,0.030013748797256934,False,,2008913
webis-touche2020,9,recalibration,5,351,5,ad_probe,ad_c(full_target_scalar_reference),0.008750147185633161,False,1.6358648224225378,2009913
webis-touche2020,9,selection,5,351,5,ad_probe,best_in_menu_on_eval,0.04625889370695241,False,,2009913
webis-touche2020,10,recalibration,5,324,5,ad_probe,ad_c(full_target_scalar_reference),0.0025257219900049477,True,1.0803214313164204,2010913
webis-touche2020,10,selection,5,324,5,glob_probe,best_in_menu_on_eval,0.0,True,,2010913
webis-touche2020,11,recalibration,5,413,5,ad_probe,ad_c(full_target_scalar_reference),0.003032392233144998,True,0.9562386917151269,2011913
webis-touche2020,11,selection,5,413,5,trunc,best_in_menu_on_eval,0.0,True,,2011913
webis-touche2020,12,recalibration,5,360,5,ad_probe,ad_c(full_target_scalar_reference),0.003620249764642758,True,1.0803214313164204,2012913
webis-touche2020,12,selection,5,360,5,glob_probe,best_in_menu_on_eval,0.0,True,,2012913
webis-touche2020,13,recalibration,5,377,5,ad_probe,ad_c(full_target_scalar_reference),0.00047715545556326067,True,0.020396321993389144,2013913
webis-touche2020,13,selection,5,377,5,ad_probe,best_in_menu_on_eval,0.05626583104206895,False,,2013913
webis-touche2020,14,recalibration,5,401,5,ad_probe,ad_c(full_target_scalar_reference),0.00626731049802598,False,1.2889753489050015,2014913
webis-touche2020,14,selection,5,401,5,glob_probe,best_in_menu_on_eval,0.003451506742044752,True,,2014913
webis-touche2020,15,recalibration,5,379,5,ad_probe,ad_c(full_target_scalar_reference),0.00726877583083041,False,1.3882592745557316,2015913
webis-touche2020,15,selection,5,379,5,glob_probe,best_in_menu_on_eval,0.03590776910440985,False,,2015913
webis-touche2020,16,recalibration,5,373,5,ad_probe,ad_c(full_target_scalar_reference),0.0017271332119712657,True,0.6254704209388571,2016913
webis-touche2020,16,selection,5,373,5,glob_probe,best_in_menu_on_eval,0.035608340243034275,False,,2016913
webis-touche2020,17,recalibration,5,338,5,ad_probe,ad_c(full_target_scalar_reference),0.0025147826531147777,True,0.7703692248067231,2017913
webis-touche2020,17,selection,5,338,5,trunc,best_in_menu_on_eval,0.03130846375881524,False,,2017913
webis-touche2020,18,recalibration,5,343,5,ad_probe,ad_c(full_target_scalar_reference),0.01206752383436649,False,1.8749765002539927,2018913
webis-touche2020,18,selection,5,343,5,glob_probe,best_in_menu_on_eval,0.0033172679088384616,True,,2018913
webis-touche2020,19,recalibration,5,430,5,ad_probe,ad_c(full_target_scalar_reference),0.014938079557706707,False,2.1098886723871044,2019913
webis-touche2020,19,selection,5,430,5,trunc,best_in_menu_on_eval,0.02787293009022357,False,,2019913
webis-touche2020,20,recalibration,5,386,5,ad_probe,ad_c(full_target_scalar_reference),0.0029739180681666033,True,0.8173717997794627,2020913
webis-touche2020,20,selection,5,386,5,glob_probe,best_in_menu_on_eval,0.0,True,,2020913
webis-touche2020,21,recalibration,5,348,5,ad_probe,ad_c(full_target_scalar_reference),0.0014146047621921287,True,0.4549859022741769,2021913
webis-touche2020,21,selection,5,348,5,glob_probe,best_in_menu_on_eval,0.005209078922935928,True,,2021913
webis-touche2020,22,recalibration,5,380,5,ad_probe,ad_c(full_target_scalar_reference),0.014391604874981201,False,1.9986627457925357,2022913
webis-touche2020,22,selection,5,380,5,ad_probe,best_in_menu_on_eval,0.039295540810226404,False,,2022913
webis-touche2020,23,recalibration,5,366,5,ad_probe,ad_c(full_target_scalar_reference),0.0043479575467695875,True,0.8849977788555812,2023913
webis-touche2020,23,selection,5,366,5,glob_probe,best_in_menu_on_eval,0.005389463896439184,True,,2023913
webis-touche2020,24,recalibration,5,343,5,ad_probe,ad_c(full_target_scalar_reference),0.013850902059582726,False,2.14561231897607,2024913
webis-touche2020,24,selection,5,343,5,glob_probe,best_in_menu_on_eval,0.0359826931668501,False,,2024913
webis-touche2020,25,recalibration,5,294,5,ad_probe,ad_c(full_target_scalar_reference),0.01386338330816217,False,2.3362196633605636,2025913
webis-touche2020,25,selection,5,294,5,glob_probe,best_in_menu_on_eval,0.0,True,,2025913
webis-touche2020,26,recalibration,5,372,5,ad_probe,ad_c(full_target_scalar_reference),0.003153305441994547,True,0.9562386917151269,2026913
webis-touche2020,26,selection,5,372,5,glob_probe,best_in_menu_on_eval,0.0,True,,2026913
webis-touche2020,27,recalibration,5,361,5,ad_probe,ad_c(full_target_scalar_reference),0.00016793601478276576,True,0.4549859022741769,2027913
webis-touche2020,27,selection,5,361,5,glob_probe,best_in_menu_on_eval,0.032660336808294665,False,,2027913
webis-touche2020,28,recalibration,5,406,5,ad_probe,ad_c(full_target_scalar_reference),0.002424411749636979,True,0.5729537879307429,2028913
webis-touche2020,28,selection,5,406,5,glob_probe,best_in_menu_on_eval,0.046471703200359926,False,,2028913
webis-touche2020,29,recalibration,5,355,5,ad_probe,ad_c(full_target_scalar_reference),0.00040959886996044803,True,0.880127894469342,2029913
webis-touche2020,29,selection,5,355,5,glob_probe,best_in_menu_on_eval,0.033399564958740025,False,,2029913
webis-touche2020,30,recalibration,5,384,5,ad_probe,ad_c(full_target_scalar_reference),0.0052260159979316545,False,1.3621136507236855,2030913
webis-touche2020,30,selection,5,384,5,glob_probe,best_in_menu_on_eval,0.0,True,,2030913
webis-touche2020,31,recalibration,5,418,5,ad_probe,ad_c(full_target_scalar_reference),0.005679932945381605,False,1.2889753489050015,2031913
webis-touche2020,31,selection,5,418,5,glob_probe,best_in_menu_on_eval,0.034428044895605026,False,,2031913
webis-touche2020,32,recalibration,5,382,5,ad_probe,ad_c(full_target_scalar_reference),0.0005464150384911215,True,0.880127894469342,2032913
webis-touche2020,32,selection,5,382,5,glob_probe,best_in_menu_on_eval,0.0,True,,2032913
webis-touche2020,33,recalibration,5,384,5,ad_probe,ad_c(full_target_scalar_reference),0.0011543801139693999,True,0.4549859022741769,2033913
webis-touche2020,33,selection,5,384,5,glob_probe,best_in_menu_on_eval,0.03737268643429248,False,,2033913
webis-touche2020,34,recalibration,5,339,5,ad_probe,ad_c(full_target_scalar_reference),0.002525721990004892,True,1.0803214313164204,2034913
webis-touche2020,34,selection,5,339,5,glob_probe,best_in_menu_on_eval,0.0,True,,2034913
webis-touche2020,35,recalibration,5,403,5,ad_probe,ad_c(full_target_scalar_reference),0.011396229446296202,False,3.653510329644874,2035913
webis-touche2020,35,selection,5,403,5,glob_probe,best_in_menu_on_eval,0.0038672719389535315,True,,2035913
webis-touche2020,36,recalibration,5,353,5,ad_probe,ad_c(full_target_scalar_reference),0.0006449811833875163,True,0.030798315820857347,2036913
webis-touche2020,36,selection,5,353,5,glob_probe,best_in_menu_on_eval,0.0,True,,2036913
webis-touche2020,37,recalibration,5,361,5,ad_probe,ad_c(full_target_scalar_reference),0.0025257219900049477,True,1.0803214313164204,2037913
webis-touche2020,37,selection,5,361,5,trunc,best_in_menu_on_eval,0.0,True,,2037913
webis-touche2020,38,recalibration,5,371,5,ad_probe,ad_c(full_target_scalar_reference),0.005719423447048511,False,1.2889753489050015,2038913
webis-touche2020,38,selection,5,371,5,glob_probe,best_in_menu_on_eval,0.03370543990102126,False,,2038913
webis-touche2020,39,recalibration,5,396,5,ad_probe,ad_c(full_target_scalar_reference),0.000754093281471746,True,0.030798315820857347,2039913
webis-touche2020,39,selection,5,396,5,glob_probe,best_in_menu_on_eval,0.0,True,,2039913
webis-touche2020,40,recalibration,5,427,5,ad_probe,ad_c(full_target_scalar_reference),0.015481245822811074,False,2.958085737257969,2040913
webis-touche2020,40,selection,5,427,5,glob_probe,best_in_menu_on_eval,0.0,True,,2040913
webis-touche2020,41,recalibration,5,349,5,ad_probe,ad_c(full_target_scalar_reference),0.010235582275486044,False,1.6358648224225378,2041913
webis-touche2020,41,selection,5,349,5,glob_probe,best_in_menu_on_eval,0.03740257009187842,False,,2041913
webis-touche2020,42,recalibration,5,344,5,ad_probe,ad_c(full_target_scalar_reference),0.010423848457252416,False,1.6358648224225378,2042913
webis-touche2020,42,selection,5,344,5,glob_probe,best_in_menu_on_eval,0.0,True,,2042913
webis-touche2020,43,recalibration,5,366,5,ad_probe,ad_c(full_target_scalar_reference),0.0007930014875505709,True,0.6254704209388571,2043913
webis-touche2020,43,selection,5,366,5,trunc,best_in_menu_on_eval,0.0,True,,2043913
webis-touche2020,44,recalibration,5,378,5,ad_probe,ad_c(full_target_scalar_reference),0.0006449811833874608,True,0.030798315820857347,2044913
webis-touche2020,44,selection,5,378,5,ad_probe,best_in_menu_on_eval,0.04150442380327174,False,,2044913
webis-touche2020,45,recalibration,5,374,5,ad_probe,ad_c(full_target_scalar_reference),0.0006449811833875163,True,0.030798315820857347,2045913
webis-touche2020,45,selection,5,374,5,glob_probe,best_in_menu_on_eval,0.0,True,,2045913
webis-touche2020,46,recalibration,5,346,5,ad_probe,ad_c(full_target_scalar_reference),0.0008067392787566852,True,0.6339157744780497,2046913
webis-touche2020,46,selection,5,346,5,glob_probe,best_in_menu_on_eval,0.11998721743940027,False,,2046913
webis-touche2020,47,recalibration,5,395,5,ad_probe,ad_c(full_target_scalar_reference),0.0,True,0.0,2047913
webis-touche2020,47,selection,5,395,5,ad_probe,best_in_menu_on_eval,0.0241380794168517,False,,2047913
webis-touche2020,48,recalibration,5,366,5,ad_probe,ad_c(full_target_scalar_reference),0.001037947941126216,True,0.4030447334406384,2048913
webis-touche2020,48,selection,5,366,5,glob_probe,best_in_menu_on_eval,0.03245780387418745,False,,2048913
webis-touche2020,49,recalibration,5,395,5,ad_probe,ad_c(full_target_scalar_reference),0.0034327593741420026,True,1.3621136507236855,2049913
webis-touche2020,49,selection,5,395,5,glob_probe,best_in_menu_on_eval,0.0,True,,2049913
webis-touche2020,0,recalibration,10,712,10,ad_probe,ad_c(full_target_scalar_reference),0.0024182161004323577,True,0.7201855654300822,33
webis-touche2020,0,selection,10,712,10,glob_probe,best_in_menu_on_eval,0.0,True,,33
webis-touche2020,1,recalibration,10,740,10,ad_probe,ad_c(full_target_scalar_reference),0.0001231008286077806,True,0.009096752567477218,1033
webis-touche2020,1,selection,10,740,10,glob_probe,best_in_menu_on_eval,0.2103757545425402,False,,1033
webis-touche2020,2,recalibration,10,691,10,ad_probe,ad_c(full_target_scalar_reference),0.0005383292319175448,True,0.058983942828282565,2033
webis-touche2020,2,selection,10,691,10,trunc,best_in_menu_on_eval,0.0,True,,2033
webis-touche2020,3,recalibration,10,746,10,ad_probe,ad_c(full_target_scalar_reference),0.0007543305787705568,True,0.31273521046942854,3033
webis-touche2020,3,selection,10,746,10,glob_probe,best_in_menu_on_eval,0.0,True,,3033
webis-touche2020,4,recalibration,10,781,10,ad_probe,ad_c(full_target_scalar_reference),0.011460437003788349,False,1.8410964626323203,4033
webis-touche2020,4,selection,10,781,10,glob_probe,best_in_menu_on_eval,0.0,True,,4033
webis-touche2020,5,recalibration,10,818,10,ad_probe,ad_c(full_target_scalar_reference),0.0018663805290143332,True,0.7201855654300822,5033
webis-touche2020,5,selection,10,818,10,glob_probe,best_in_menu_on_eval,0.0,True,,5033
webis-touche2020,6,recalibration,10,728,10,ad_probe,ad_c(full_target_scalar_reference),0.001963683198691446,True,0.19132420572362463,6033
webis-touche2020,6,selection,10,728,10,ad_probe,best_in_menu_on_eval,0.06030378423398863,False,,6033
webis-touche2020,7,recalibration,10,708,10,ad_probe,ad_c(full_target_scalar_reference),0.004461918797702469,True,0.4526970504244847,7033
webis-touche2020,7,selection,10,708,10,trunc,best_in_menu_on_eval,0.028518137920503728,False,,7033
webis-touche2020,8,recalibration,10,771,10,ad_probe,ad_c(full_target_scalar_reference),0.004929756526638518,True,0.6951627938551024,8033
webis-touche2020,8,selection,10,771,10,glob_probe,best_in_menu_on_eval,0.0,True,,8033
webis-touche2020,9,recalibration,10,815,10,ad_probe,ad_c(full_target_scalar_reference),0.006961555178982504,False,1.8113560069120087,9033
webis-touche2020,9,selection,10,815,10,trunc,best_in_menu_on_eval,0.03304180223797576,False,,9033
webis-touche2020,10,recalibration,10,748,10,ad_probe,ad_c(full_target_scalar_reference),0.00863587274760369,False,1.0477081490323954,10033
webis-touche2020,10,selection,10,748,10,glob_probe,best_in_menu_on_eval,0.04811786608743823,False,,10033
webis-touche2020,11,recalibration,10,696,10,ad_probe,ad_c(full_target_scalar_reference),0.0001359791865119253,True,0.49498936069920596,11033
webis-touche2020,11,selection,10,696,10,glob_probe,best_in_menu_on_eval,0.0,True,,11033
webis-touche2020,12,recalibration,10,763,10,ad_probe,ad_c(full_target_scalar_reference),0.0004347329118996601,True,0.6675568983717595,12033
webis-touche2020,12,selection,10,763,10,glob_probe,best_in_menu_on_eval,0.02217560154276549,False,,12033
webis-touche2020,13,recalibration,10,780,10,ad_probe,ad_c(full_target_scalar_reference),0.0017882669889704994,True,0.2274929511370889,13033
webis-touche2020,13,selection,10,780,10,glob_probe,best_in_menu_on_eval,0.012965916824711154,False,,13033
webis-touche2020,14,recalibration,10,696,10,ad_probe,ad_c(full_target_scalar_reference),0.00040979616448333367,True,0.8252485596380321,14033
webis-touche2020,14,selection,10,696,10,glob_probe,best_in_menu_on_eval,0.0,True,,14033
webis-touche2020,15,recalibration,10,716,10,ad_probe,ad_c(full_target_scalar_reference),0.006894525862423506,False,1.2544461373660214,15033
webis-touche2020,15,selection,10,716,10,glob_probe,best_in_menu_on_eval,0.0,True,,15033
webis-touche2020,16,recalibration,10,696,10,ad_probe,ad_c(full_target_scalar_reference),0.001509379498064789,True,0.21729479014039388,16033
webis-touche2020,16,selection,10,696,10,glob_probe,best_in_menu_on_eval,0.0,True,,16033
webis-touche2020,17,recalibration,10,700,10,ad_probe,ad_c(full_target_scalar_reference),0.00016348472632748967,True,0.32813436837985677,17033
webis-touche2020,17,selection,10,700,10,glob_probe,best_in_menu_on_eval,0.0,True,,17033
webis-touche2020,18,recalibration,10,737,10,ad_probe,ad_c(full_target_scalar_reference),0.001627225793289,True,0.6721277377158374,18033
webis-touche2020,18,selection,10,737,10,glob_probe,best_in_menu_on_eval,0.0,True,,18033
webis-touche2020,19,recalibration,10,831,10,ad_probe,ad_c(full_target_scalar_reference),0.008610229717576467,False,1.5358947270139183,19033
webis-touche2020,19,selection,10,831,10,glob_probe,best_in_menu_on_eval,0.0,True,,19033
webis-touche2020,20,recalibration,10,687,10,ad_probe,ad_c(full_target_scalar_reference),0.0009195781586469609,True,0.7676536667952991,20033
webis-touche2020,20,selection,10,687,10,trunc,best_in_menu_on_eval,0.025332725616554364,False,,20033
webis-touche2020,21,recalibration,10,686,10,ad_probe,ad_c(full_target_scalar_reference),0.0010763953118058112,True,0.5402281616065174,21033
webis-touche2020,21,selection,10,686,10,glob_probe,best_in_menu_on_eval,0.04730780770819937,False,,21033
webis-touche2020,22,recalibration,10,753,10,ad_probe,ad_c(full_target_scalar_reference),0.001840582370083499,True,0.20152236672031876,22033
webis-touche2020,22,selection,10,753,10,glob_probe,best_in_menu_on_eval,0.0,True,,22033
webis-touche2020,23,recalibration,10,780,10,ad_probe,ad_c(full_target_scalar_reference),0.0100119060827209,False,1.694898819896987,23033
webis-touche2020,23,selection,10,780,10,glob_probe,best_in_menu_on_eval,0.008623683738313181,True,,23033
webis-touche2020,24,recalibration,10,743,10,ad_probe,ad_c(full_target_scalar_reference),0.0006833980389756023,True,0.5142575771897473,24033
webis-touche2020,24,selection,10,743,10,glob_probe,best_in_menu_on_eval,0.004805225650554634,True,,24033
webis-touche2020,25,recalibration,10,788,10,ad_probe,ad_c(full_target_scalar_reference),0.0015093794980648445,True,0.20152236672031876,25033
webis-touche2020,25,selection,10,788,10,glob_probe,best_in_menu_on_eval,0.0,True,,25033
webis-touche2020,26,recalibration,10,717,10,ad_probe,ad_c(full_target_scalar_reference),0.001516581086461688,True,0.7726495043333408,26033
webis-touche2020,26,selection,10,717,10,glob_probe,best_in_menu_on_eval,0.055310731428403204,False,,26033
webis-touche2020,27,recalibration,10,751,10,ad_probe,ad_c(full_target_scalar_reference),0.0016169256797484155,True,0.09172801265070696,27033
webis-touche2020,27,selection,10,751,10,trunc,best_in_menu_on_eval,0.014408006018075847,False,,27033
webis-touche2020,28,recalibration,10,774,10,ad_probe,ad_c(full_target_scalar_reference),0.00012178240686394615,True,0.2274929511370889,28033
webis-touche2020,28,selection,10,774,10,glob_probe,best_in_menu_on_eval,0.050973762627082864,False,,28033
webis-touche2020,29,recalibration,10,727,10,ad_probe,ad_c(full_target_scalar_reference),0.00702434670707347,False,1.1235557147896333,29033
webis-touche2020,29,selection,10,727,10,glob_probe,best_in_menu_on_eval,0.0,True,,29033
webis-touche2020,30,recalibration,10,766,10,ad_probe,ad_c(full_target_scalar_reference),0.0037567141819008776,True,0.8281497331782566,30033
webis-touche2020,30,selection,10,766,10,glob_probe,best_in_menu_on_eval,0.0,True,,30033
webis-touche2020,31,recalibration,10,706,10,ad_probe,ad_c(full_target_scalar_reference),0.005191742763406559,False,1.4776489657852068,31033
webis-touche2020,31,selection,10,706,10,trunc,best_in_menu_on_eval,0.0,True,,31033
webis-touche2020,32,recalibration,10,745,10,ad_probe,ad_c(full_target_scalar_reference),0.0029702491085471516,True,0.27107773605494323,32033
webis-touche2020,32,selection,10,745,10,ad_probe,best_in_menu_on_eval,0.057685310024709335,False,,32033
webis-touche2020,33,recalibration,10,792,10,ad_probe,ad_c(full_target_scalar_reference),0.004194490332334155,True,0.8263659318256238,33033
webis-touche2020,33,selection,10,792,10,glob_probe,best_in_menu_on_eval,0.006913824276302993,True,,33033
webis-touche2020,34,recalibration,10,708,10,ad_probe,ad_c(full_target_scalar_reference),0.001616925679748471,True,0.09595068942030238,34033
webis-touche2020,34,selection,10,708,10,trunc,best_in_menu_on_eval,0.03602472842896598,False,,34033
webis-touche2020,35,recalibration,10,766,10,ad_probe,ad_c(full_target_scalar_reference),0.0035971816659279843,True,0.442965307732182,35033
webis-touche2020,35,selection,10,766,10,glob_probe,best_in_menu_on_eval,0.0,True,,35033
webis-touche2020,36,recalibration,10,727,10,ad_probe,ad_c(full_target_scalar_reference),0.0003415443116513428,True,0.6149578430670672,36033
webis-touche2020,36,selection,10,727,10,glob_probe,best_in_menu_on_eval,0.005054564636937986,True,,36033
webis-touche2020,37,recalibration,10,690,10,ad_probe,ad_c(full_target_scalar_reference),0.011168614138374389,False,1.7336784914673897,37033
webis-touche2020,37,selection,10,690,10,glob_probe,best_in_menu_on_eval,0.0,True,,37033
webis-touche2020,38,recalibration,10,782,10,ad_probe,ad_c(full_target_scalar_reference),0.0029278130770823974,True,0.7943367436401978,38033
webis-touche2020,38,selection,10,782,10,glob_probe,best_in_menu_on_eval,0.0,True,,38033
webis-touche2020,39,recalibration,10,751,10,ad_probe,ad_c(full_target_scalar_reference),0.0030517264882768402,True,0.6941296372778663,39033
webis-touche2020,39,selection,10,751,10,glob_probe,best_in_menu_on_eval,0.1297669277036881,False,,39033
webis-touche2020,40,recalibration,10,686,10,ad_probe,ad_c(full_target_scalar_reference),0.0002691007159958958,True,0.3772667309332842,40033
webis-touche2020,40,selection,10,686,10,ad_probe,best_in_menu_on_eval,0.03155429154739342,False,,40033
webis-touche2020,41,recalibration,10,719,10,ad_probe,ad_c(full_target_scalar_reference),0.0007078625448566078,True,0.6308092478707756,41033
webis-touche2020,41,selection,10,719,10,glob_probe,best_in_menu_on_eval,0.0,True,,41033
webis-touche2020,42,recalibration,10,775,10,ad_probe,ad_c(full_target_scalar_reference),0.001324937638394308,True,0.3275297872134759,42033
webis-touche2020,42,selection,10,775,10,glob_probe,best_in_menu_on_eval,0.058803052157002156,False,,42033
webis-touche2020,43,recalibration,10,786,10,ad_probe,ad_c(full_target_scalar_reference),0.0,True,0.010198160996694128,43033
webis-touche2020,43,selection,10,786,10,glob_probe,best_in_menu_on_eval,0.0,True,,43033
webis-touche2020,44,recalibration,10,668,10,ad_probe,ad_c(full_target_scalar_reference),0.0004200204468132185,True,0.5142575771897473,44033
webis-touche2020,44,selection,10,668,10,ad_probe,best_in_menu_on_eval,0.024466971604736654,False,,44033
webis-touche2020,45,recalibration,10,715,10,ad_probe,ad_c(full_target_scalar_reference),0.0009856150880067638,True,0.6308092478707756,45033
webis-touche2020,45,selection,10,715,10,glob_probe,best_in_menu_on_eval,0.0,True,,45033
webis-touche2020,46,recalibration,10,730,10,ad_probe,ad_c(full_target_scalar_reference),0.000276565755438829,True,0.25062639472047543,46033
webis-touche2020,46,selection,10,730,10,glob_probe,best_in_menu_on_eval,0.0,True,,46033
webis-touche2020,47,recalibration,10,745,10,ad_probe,ad_c(full_target_scalar_reference),0.007971556874367791,False,1.4862527641885528,47033
webis-touche2020,47,selection,10,745,10,glob_probe,best_in_menu_on_eval,0.0,True,,47033
webis-touche2020,48,recalibration,10,730,10,ad_probe,ad_c(full_target_scalar_reference),0.00030237978312852576,True,0.24289210904751712,48033
webis-touche2020,48,selection,10,730,10,ad_probe,best_in_menu_on_eval,0.05873273688596109,False,,48033
webis-touche2020,49,recalibration,10,732,10,ad_probe,ad_c(full_target_scalar_reference),0.001675883571711223,True,0.6656576674514145,49033
webis-touche2020,49,selection,10,732,10,glob_probe,best_in_menu_on_eval,0.0,True,,49033
webis-touche2020,0,recalibration,20,1459,20,ad_probe,ad_c(full_target_scalar_reference),0.0023003518721945726,True,0.27107773605494323,2200105
webis-touche2020,0,selection,20,1459,20,glob_probe,best_in_menu_on_eval,0.0,True,,2200105
webis-touche2020,1,recalibration,20,1473,20,ad_probe,ad_c(full_target_scalar_reference),0.0010656624298549522,True,0.2966750549620656,2201105
webis-touche2020,1,selection,20,1473,20,trunc,best_in_menu_on_eval,0.034784638917884136,False,,2201105
webis-touche2020,2,recalibration,20,1542,20,ad_probe,ad_c(full_target_scalar_reference),0.001410110397263853,True,0.28647689396537146,2202105
webis-touche2020,2,selection,20,1542,20,glob_probe,best_in_menu_on_eval,0.0,True,,2202105
webis-touche2020,3,recalibration,20,1517,20,ad_probe,ad_c(full_target_scalar_reference),0.0,True,0.005200996913734102,2203105
webis-touche2020,3,selection,20,1517,20,glob_probe,best_in_menu_on_eval,0.008761363881731599,True,,2203105
webis-touche2020,4,recalibration,20,1518,20,ad_probe,ad_c(full_target_scalar_reference),0.0029425692605702936,True,0.6721277377158374,2204105
webis-touche2020,4,selection,20,1518,20,glob_probe,best_in_menu_on_eval,0.0,True,,2204105
webis-touche2020,5,recalibration,20,1451,20,ad_probe,ad_c(full_target_scalar_reference),0.0038208092978179176,True,0.2955736465328487,2205105
webis-touche2020,5,selection,20,1451,20,glob_probe,best_in_menu_on_eval,0.0083978639428543,True,,2205105
webis-touche2020,6,recalibration,20,1533,20,ad_probe,ad_c(full_target_scalar_reference),0.006184463897194792,False,0.920618235285354,2206105
webis-touche2020,6,selection,20,1533,20,glob_probe,best_in_menu_on_eval,0.0,True,,2206105
webis-touche2020,7,recalibration,20,1374,20,ad_probe,ad_c(full_target_scalar_reference),0.004519015353777356,True,0.6830385384628279,2207105
webis-touche2020,7,selection,20,1374,20,glob_probe,best_in_menu_on_eval,0.006363132054346798,True,,2207105
webis-touche2020,8,recalibration,20,1562,20,ad_probe,ad_c(full_target_scalar_reference),0.010105993058661056,False,1.4297143606183766,2208105
webis-touche2020,8,selection,20,1562,20,glob_probe,best_in_menu_on_eval,0.001924251267071575,True,,2208105
webis-touche2020,9,recalibration,20,1442,20,ad_probe,ad_c(full_target_scalar_reference),0.0011071524953809586,True,0.24289210904751712,2209105
webis-touche2020,9,selection,20,1442,20,glob_probe,best_in_menu_on_eval,0.0,True,,2209105
webis-touche2020,10,recalibration,20,1539,20,ad_probe,ad_c(full_target_scalar_reference),0.0044390807388061115,True,0.8868052457472952,2210105
webis-touche2020,10,selection,20,1539,20,glob_probe,best_in_menu_on_eval,0.01551582038298055,False,,2210105
webis-touche2020,11,recalibration,20,1486,20,ad_probe,ad_c(full_target_scalar_reference),0.00016554939019669535,True,0.20152236672031876,2211105
webis-touche2020,11,selection,20,1486,20,glob_probe,best_in_menu_on_eval,0.0,True,,2211105
webis-touche2020,12,recalibration,20,1505,20,ad_probe,ad_c(full_target_scalar_reference),0.0,True,0.005200996913734102,2212105
webis-touche2020,12,selection,20,1505,20,trunc,best_in_menu_on_eval,0.037503266491556,False,,2212105
webis-touche2020,13,recalibration,20,1501,20,ad_probe,ad_c(full_target_scalar_reference),0.0034812018472279993,True,0.6721277377158374,2213105
webis-touche2020,13,selection,20,1501,20,glob_probe,best_in_menu_on_eval,0.0,True,,2213105
webis-touche2020,14,recalibration,20,1474,20,ad_probe,ad_c(full_target_scalar_reference),0.0021131150047534186,True,0.395849004747161,2214105
webis-touche2020,14,selection,20,1474,20,glob_probe,best_in_menu_on_eval,0.013825510331264723,False,,2214105
webis-touche2020,15,recalibration,20,1481,20,ad_probe,ad_c(full_target_scalar_reference),0.003856590510956659,True,0.6951627938551024,2215105
webis-touche2020,15,selection,20,1481,20,glob_probe,best_in_menu_on_eval,0.0,True,,2215105
webis-touche2020,16,recalibration,20,1494,20,ad_probe,ad_c(full_target_scalar_reference),0.003775120122905151,True,0.2966750549620656,2216105
webis-touche2020,16,selection,20,1494,20,glob_probe,best_in_menu_on_eval,0.0,True,,2216105
webis-touche2020,17,recalibration,20,1508,20,ad_probe,ad_c(full_target_scalar_reference),0.0004019914512208844,True,0.395849004747161,2217105
webis-touche2020,17,selection,20,1508,20,glob_probe,best_in_menu_on_eval,0.018791628063332955,False,,2217105
webis-touche2020,18,recalibration,20,1546,20,ad_probe,ad_c(full_target_scalar_reference),0.0010185023959233264,True,0.6721277377158374,2218105
webis-touche2020,18,selection,20,1546,20,glob_probe,best_in_menu_on_eval,0.0,True,,2218105
webis-touche2020,19,recalibration,20,1495,20,ad_probe,ad_c(full_target_scalar_reference),0.0017782546355848972,True,0.395849004747161,2219105
webis-touche2020,19,selection,20,1495,20,glob_probe,best_in_menu_on_eval,0.0,True,,2219105
webis-touche2020,20,recalibration,20,1633,20,ad_probe,ad_c(full_target_scalar_reference),0.01857699572416971,False,1.5228219150978948,2220105
webis-touche2020,20,selection,20,1633,20,glob_probe,best_in_menu_on_eval,0.0,True,,2220105
webis-touche2020,21,recalibration,20,1506,20,ad_probe,ad_c(full_target_scalar_reference),0.006147701052870214,False,0.920618235285354,2221105
webis-touche2020,21,selection,20,1506,20,trunc,best_in_menu_on_eval,0.06320742001177465,False,,2221105
webis-touche2020,22,recalibration,20,1473,20,ad_probe,ad_c(full_target_scalar_reference),0.0013441163213609997,True,0.6479708118073564,2222105
webis-touche2020,22,selection,20,1473,20,glob_probe,best_in_menu_on_eval,0.0,True,,2222105
webis-touche2020,23,recalibration,20,1509,20,ad_probe,ad_c(full_target_scalar_reference),0.0012709288356462234,True,0.24289210904751712,2223105
webis-touche2020,23,selection,20,1509,20,glob_probe,best_in_menu_on_eval,0.0,True,,2223105
webis-touche2020,24,recalibration,20,1525,20,ad_probe,ad_c(full_target_scalar_reference),0.003173996717561578,True,0.21729479014039388,2224105
webis-touche2020,24,selection,20,1525,20,glob_probe,best_in_menu_on_eval,0.0,True,,2224105
webis-touche2020,25,recalibration,20,1478,20,ad_probe,ad_c(full_target_scalar_reference),0.0028320211137336515,True,0.7943367436401978,2225105
webis-touche2020,25,selection,20,1478,20,glob_probe,best_in_menu_on_eval,0.0,True,,2225105
webis-touche2020,26,recalibration,20,1356,20,ad_probe,ad_c(full_target_scalar_reference),0.0021437536206053154,True,0.6296930977084534,2226105
webis-touche2020,26,selection,20,1356,20,trunc,best_in_menu_on_eval,0.045948234393494436,False,,2226105
webis-touche2020,27,recalibration,20,1387,20,ad_probe,ad_c(full_target_scalar_reference),0.0010362962639530737,True,0.6083088570022772,2227105
webis-touche2020,27,selection,20,1387,20,glob_probe,best_in_menu_on_eval,0.0,True,,2227105
webis-touche2020,28,recalibration,20,1482,20,ad_probe,ad_c(full_target_scalar_reference),0.003136417272412373,True,0.385650843750466,2228105
webis-touche2020,28,selection,20,1482,20,glob_probe,best_in_menu_on_eval,0.0,True,,2228105
webis-touche2020,29,recalibration,20,1480,20,ad_probe,ad_c(full_target_scalar_reference),0.00243482200229056,True,0.42901531785740765,2229105
webis-touche2020,29,selection,20,1480,20,trunc,best_in_menu_on_eval,0.0,True,,2229105
webis-touche2020,30,recalibration,20,1479,20,ad_probe,ad_c(full_target_scalar_reference),0.001478707464419582,True,0.4526970504244847,2230105
webis-touche2020,30,selection,20,1479,20,glob_probe,best_in_menu_on_eval,0.0,True,,2230105
webis-touche2020,31,recalibration,20,1622,20,ad_probe,ad_c(full_target_scalar_reference),0.01057489241664833,False,1.4968159784075352,2231105
webis-touche2020,31,selection,20,1622,20,glob_probe,best_in_menu_on_eval,0.0,True,,2231105
webis-touche2020,32,recalibration,20,1486,20,ad_probe,ad_c(full_target_scalar_reference),0.0026044637360625456,True,0.42901531785740765,2232105
webis-touche2020,32,selection,20,1486,20,glob_probe,best_in_menu_on_eval,0.0,True,,2232105
webis-touche2020,33,recalibration,20,1509,20,ad_probe,ad_c(full_target_scalar_reference),0.0043949497516756475,True,1.0869865638802914,2233105
webis-touche2020,33,selection,20,1509,20,glob_probe,best_in_menu_on_eval,0.0,True,,2233105
webis-touche2020,34,recalibration,20,1549,20,ad_probe,ad_c(full_target_scalar_reference),0.0031642150459073592,True,1.1028155371675972,2234105
webis-touche2020,34,selection,20,1549,20,glob_probe,best_in_menu_on_eval,0.0,True,,2234105
webis-touche2020,35,recalibration,20,1450,20,ad_probe,ad_c(full_target_scalar_reference),0.0013698865005250527,True,0.24289210904751712,2235105
webis-touche2020,35,selection,20,1450,20,trunc,best_in_menu_on_eval,0.05124052232669524,False,,2235105
webis-touche2020,36,recalibration,20,1487,20,ad_probe,ad_c(full_target_scalar_reference),0.0007969090395262279,True,0.41888406088642594,2236105
webis-touche2020,36,selection,20,1487,20,glob_probe,best_in_menu_on_eval,0.0,True,,2236105
webis-touche2020,37,recalibration,20,1531,20,ad_probe,ad_c(full_target_scalar_reference),0.0033395461077582733,True,0.19132420572362463,2237105
webis-touche2020,37,selection,20,1531,20,glob_probe,best_in_menu_on_eval,0.0,True,,2237105
webis-touche2020,38,recalibration,20,1535,20,ad_probe,ad_c(full_target_scalar_reference),0.0,True,0.01539915791042823,2238105
webis-touche2020,38,selection,20,1535,20,glob_probe,best_in_menu_on_eval,0.020353630939321854,False,,2238105
webis-touche2020,39,recalibration,20,1551,20,ad_probe,ad_c(full_target_scalar_reference),0.002263923060203399,True,0.37025168584003687,2239105
webis-touche2020,39,selection,20,1551,20,glob_probe,best_in_menu_on_eval,0.020885358806935983,False,,2239105
webis-touche2020,40,recalibration,20,1439,20,ad_probe,ad_c(full_target_scalar_reference),0.0023938654022953587,True,0.5230665976699367,2240105
webis-touche2020,40,selection,20,1439,20,glob_probe,best_in_menu_on_eval,0.0,True,,2240105
webis-touche2020,41,recalibration,20,1510,20,ad_probe,ad_c(full_target_scalar_reference),0.0025394407736322733,True,0.2966750549620656,2241105
webis-touche2020,41,selection,20,1510,20,glob_probe,best_in_menu_on_eval,0.0,True,,2241105
webis-touche2020,42,recalibration,20,1508,20,ad_probe,ad_c(full_target_scalar_reference),0.0025975936364078245,True,0.42901531785740765,2242105
webis-touche2020,42,selection,20,1508,20,glob_probe,best_in_menu_on_eval,0.0,True,,2242105
webis-touche2020,43,recalibration,20,1538,20,ad_probe,ad_c(full_target_scalar_reference),0.004060867625743314,True,0.41888406088642594,2243105
webis-touche2020,43,selection,20,1538,20,glob_probe,best_in_menu_on_eval,0.0,True,,2243105
webis-touche2020,44,recalibration,20,1498,20,ad_probe,ad_c(full_target_scalar_reference),0.001187075016147121,True,0.5230665976699367,2244105
webis-touche2020,44,selection,20,1498,20,glob_probe,best_in_menu_on_eval,0.0,True,,2244105
webis-touche2020,45,recalibration,20,1547,20,ad_probe,ad_c(full_target_scalar_reference),0.0026456217087677536,True,0.920618235285354,2245105
webis-touche2020,45,selection,20,1547,20,glob_probe,best_in_menu_on_eval,0.0,True,,2245105
webis-touche2020,46,recalibration,20,1498,20,ad_probe,ad_c(full_target_scalar_reference),0.003591864602951522,True,0.28647689396537146,2246105
webis-touche2020,46,selection,20,1498,20,trunc,best_in_menu_on_eval,0.05054130367766074,False,,2246105
webis-touche2020,47,recalibration,20,1472,20,ad_probe,ad_c(full_target_scalar_reference),0.0019412255867897188,True,0.6083088570022772,2247105
webis-touche2020,47,selection,20,1472,20,glob_probe,best_in_menu_on_eval,0.013567844996454914,False,,2247105
webis-touche2020,48,recalibration,20,1405,20,ad_probe,ad_c(full_target_scalar_reference),0.0013555938765230091,True,0.5444508383761129,2248105
webis-touche2020,48,selection,20,1405,20,glob_probe,best_in_menu_on_eval,0.07265180947801375,False,,2248105
webis-touche2020,49,recalibration,20,1443,20,ad_probe,ad_c(full_target_scalar_reference),0.0,True,0.010198160996694128,2249105
webis-touche2020,49,selection,20,1443,20,trunc,best_in_menu_on_eval,0.05786108525454148,False,,2249105
webis-touche2020,0,recalibration,24,1770,50,ad_probe,ad_c(full_target_scalar_reference),0.0006540213702834752,True,0.24289210904751712,2300702
webis-touche2020,0,selection,24,1770,50,glob_probe,best_in_menu_on_eval,0.0,True,,2300702
webis-touche2020,1,recalibration,24,1693,50,ad_probe,ad_c(full_target_scalar_reference),0.0,True,0.009096752567477218,2301702
webis-touche2020,1,selection,24,1693,50,trunc,best_in_menu_on_eval,0.066602530541582,False,,2301702
webis-touche2020,2,recalibration,24,1817,50,ad_probe,ad_c(full_target_scalar_reference),0.006588448149556003,False,0.7645962398229349,2302702
webis-touche2020,2,selection,24,1817,50,glob_probe,best_in_menu_on_eval,0.0,True,,2302702
webis-touche2020,3,recalibration,24,1735,50,ad_probe,ad_c(full_target_scalar_reference),0.0007390939107328465,True,0.5142575771897473,2303702
webis-touche2020,3,selection,24,1735,50,glob_probe,best_in_menu_on_eval,0.0,True,,2303702
webis-touche2020,4,recalibration,24,1770,50,ad_probe,ad_c(full_target_scalar_reference),0.002907319757759652,True,0.2966750549620656,2304702
webis-touche2020,4,selection,24,1770,50,glob_probe,best_in_menu_on_eval,0.0,True,,2304702
webis-touche2020,5,recalibration,24,1756,50,ad_probe,ad_c(full_target_scalar_reference),0.0,True,0.010198160996694128,2305702
webis-touche2020,5,selection,24,1756,50,glob_probe,best_in_menu_on_eval,0.0,True,,2305702
webis-touche2020,6,recalibration,24,1768,50,ad_probe,ad_c(full_target_scalar_reference),0.0018324616218063916,True,0.41888406088642594,2306702
webis-touche2020,6,selection,24,1768,50,glob_probe,best_in_menu_on_eval,0.023420256749482005,False,,2306702
webis-touche2020,7,recalibration,24,1843,50,ad_probe,ad_c(full_target_scalar_reference),0.009719869631244993,False,1.0869865638802914,2307702
webis-touche2020,7,selection,24,1843,50,glob_probe,best_in_menu_on_eval,0.0,True,,2307702
webis-touche2020,8,recalibration,24,1788,50,ad_probe,ad_c(full_target_scalar_reference),0.0013272041753902286,True,0.01539915791042823,2308702
webis-touche2020,8,selection,24,1788,50,glob_probe,best_in_menu_on_eval,0.0,True,,2308702
webis-touche2020,9,recalibration,24,1792,50,ad_probe,ad_c(full_target_scalar_reference),0.000969424014294229,True,0.42901531785740765,2309702
webis-touche2020,9,selection,24,1792,50,glob_probe,best_in_menu_on_eval,0.013463466778262712,False,,2309702
webis-touche2020,10,recalibration,24,1852,50,ad_probe,ad_c(full_target_scalar_reference),0.0030562562956850114,True,0.6721277377158374,2310702
webis-touche2020,10,selection,24,1852,50,glob_probe,best_in_menu_on_eval,0.0,True,,2310702
webis-touche2020,11,recalibration,24,1783,50,ad_probe,ad_c(full_target_scalar_reference),0.0,True,0.010198160996694128,2311702
webis-touche2020,11,selection,24,1783,50,glob_probe,best_in_menu_on_eval,0.0,True,,2311702
webis-touche2020,12,recalibration,24,1816,50,ad_probe,ad_c(full_target_scalar_reference),0.0009035391577447704,True,0.32813436837985677,2312702
webis-touche2020,12,selection,24,1816,50,glob_probe,best_in_menu_on_eval,0.0,True,,2312702
webis-touche2020,13,recalibration,24,1777,50,ad_probe,ad_c(full_target_scalar_reference),0.004632107884667336,True,0.6296930977084534,2313702
webis-touche2020,13,selection,24,1777,50,glob_probe,best_in_menu_on_eval,0.0,True,,2313702
webis-touche2020,14,recalibration,24,1749,50,ad_probe,ad_c(full_target_scalar_reference),0.0042142392419894925,True,0.5184802539593445,2314702
webis-touche2020,14,selection,24,1749,50,trunc,best_in_menu_on_eval,0.0,True,,2314702
webis-touche2020,15,recalibration,24,1786,50,ad_probe,ad_c(full_target_scalar_reference),0.005131424142950036,False,0.385650843750466,2315702
webis-touche2020,15,selection,24,1786,50,glob_probe,best_in_menu_on_eval,0.0,True,,2315702
webis-touche2020,16,recalibration,24,1750,50,ad_probe,ad_c(full_target_scalar_reference),0.003272418439853264,True,0.8868052457472952,2316702
webis-touche2020,16,selection,24,1750,50,glob_probe,best_in_menu_on_eval,0.0,True,,2316702
webis-touche2020,17,recalibration,24,1807,50,ad_probe,ad_c(full_target_scalar_reference),0.00010739922824681836,True,0.3932867419793027,2317702
webis-touche2020,17,selection,24,1807,50,glob_probe,best_in_menu_on_eval,0.0,True,,2317702
webis-touche2020,18,recalibration,24,1815,50,ad_probe,ad_c(full_target_scalar_reference),0.005884231615858715,False,0.395849004747161,2318702
webis-touche2020,18,selection,24,1815,50,glob_probe,best_in_menu_on_eval,0.0,True,,2318702
webis-touche2020,19,recalibration,24,1789,50,ad_probe,ad_c(full_target_scalar_reference),0.0008397936017912611,True,0.058983942828282565,2319702
webis-touche2020,19,selection,24,1789,50,glob_probe,best_in_menu_on_eval,0.0,True,,2319702
webis-touche2020,20,recalibration,24,1733,50,ad_probe,ad_c(full_target_scalar_reference),0.0009960743933924987,True,0.3109728044432778,2320702
webis-touche2020,20,selection,24,1733,50,glob_probe,best_in_menu_on_eval,0.0,True,,2320702
webis-touche2020,21,recalibration,24,1854,50,ad_probe,ad_c(full_target_scalar_reference),0.0026910355990666934,True,1.1591761712194062,2321702
webis-touche2020,21,selection,24,1854,50,glob_probe,best_in_menu_on_eval,0.0,True,,2321702
webis-touche2020,22,recalibration,24,1898,50,ad_probe,ad_c(full_target_scalar_reference),0.0009439295529647396,True,0.6721277377158374,2322702
webis-touche2020,22,selection,24,1898,50,glob_probe,best_in_menu_on_eval,0.0,True,,2322702
webis-touche2020,23,recalibration,24,1668,50,ad_probe,ad_c(full_target_scalar_reference),0.0009073625682988751,True,0.5402281616065174,2323702
webis-touche2020,23,selection,24,1668,50,trunc,best_in_menu_on_eval,0.05071385572612458,False,,2323702
webis-touche2020,24,recalibration,24,1838,50,ad_probe,ad_c(full_target_scalar_reference),0.0001588208775505917,True,0.7943367436401978,2324702
webis-touche2020,24,selection,24,1838,50,glob_probe,best_in_menu_on_eval,0.02798189668398693,False,,2324702
webis-touche2020,25,recalibration,24,1882,50,ad_probe,ad_c(full_target_scalar_reference),0.009464049958297027,False,0.8511847893175215,2325702
webis-touche2020,25,selection,24,1882,50,glob_probe,best_in_menu_on_eval,0.014772592620456715,False,,2325702
webis-touche2020,26,recalibration,24,1795,50,ad_probe,ad_c(full_target_scalar_reference),0.0017345435944079446,True,0.6721277377158374,2326702
webis-touche2020,26,selection,24,1795,50,glob_probe,best_in_menu_on_eval,0.013551464033406235,False,,2326702
webis-touche2020,27,recalibration,24,1849,50,ad_probe,ad_c(full_target_scalar_reference),0.0004932359487920257,True,0.4086858998897309,2327702
webis-touche2020,27,selection,24,1849,50,glob_probe,best_in_menu_on_eval,0.0008775890796514085,True,,2327702
webis-touche2020,28,recalibration,24,1780,50,ad_probe,ad_c(full_target_scalar_reference),0.00989556374445033,False,0.8511847893175215,2328702
webis-touche2020,28,selection,24,1780,50,glob_probe,best_in_menu_on_eval,0.0,True,,2328702
webis-touche2020,29,recalibration,24,1818,50,ad_probe,ad_c(full_target_scalar_reference),6.109259153541657e-05,True,0.6083088570022772,2329702
webis-touche2020,29,selection,24,1818,50,trunc,best_in_menu_on_eval,0.0458554530276461,False,,2329702
webis-touche2020,30,recalibration,24,1895,50,ad_probe,ad_c(full_target_scalar_reference),0.00011851578303062604,True,1.0301385182029668,2330702
webis-touche2020,30,selection,24,1895,50,glob_probe,best_in_menu_on_eval,0.0,True,,2330702
webis-touche2020,31,recalibration,24,1910,50,ad_probe,ad_c(full_target_scalar_reference),0.008596443388926345,False,1.1226070203100642,2331702
webis-touche2020,31,selection,24,1910,50,glob_probe,best_in_menu_on_eval,0.007463424788484052,True,,2331702
webis-touche2020,32,recalibration,24,1733,50,ad_probe,ad_c(full_target_scalar_reference),0.0001431197693576025,True,0.5230665976699367,2332702
webis-touche2020,32,selection,24,1733,50,glob_probe,best_in_menu_on_eval,0.0,True,,2332702
webis-touche2020,33,recalibration,24,1724,50,ad_probe,ad_c(full_target_scalar_reference),0.0011701178264289513,True,0.5402281616065174,2333702
webis-touche2020,33,selection,24,1724,50,glob_probe,best_in_menu_on_eval,0.0,True,,2333702
webis-touche2020,34,recalibration,24,1819,50,ad_probe,ad_c(full_target_scalar_reference),0.0028196177495466435,True,0.2966750549620656,2334702
webis-touche2020,34,selection,24,1819,50,glob_probe,best_in_menu_on_eval,0.016961716686236472,False,,2334702
webis-touche2020,35,recalibration,24,1689,50,ad_probe,ad_c(full_target_scalar_reference),0.002573461057704063,True,0.3109728044432778,2335702
webis-touche2020,35,selection,24,1689,50,glob_probe,best_in_menu_on_eval,0.0,True,,2335702
webis-touche2020,36,recalibration,24,1801,50,ad_probe,ad_c(full_target_scalar_reference),0.0,True,0.010198160996694128,2336702
webis-touche2020,36,selection,24,1801,50,glob_probe,best_in_menu_on_eval,0.02076555737832647,False,,2336702
webis-touche2020,37,recalibration,24,1798,50,ad_probe,ad_c(full_target_scalar_reference),0.001135166882762051,True,0.21692152463074788,2337702
webis-touche2020,37,selection,24,1798,50,glob_probe,best_in_menu_on_eval,0.0,True,,2337702
webis-touche2020,38,recalibration,24,1779,50,ad_probe,ad_c(full_target_scalar_reference),0.0011167570411432792,True,0.41888406088642594,2338702
webis-touche2020,38,selection,24,1779,50,glob_probe,best_in_menu_on_eval,0.0,True,,2338702
webis-touche2020,39,recalibration,24,1787,50,ad_probe,ad_c(full_target_scalar_reference),0.0010081420906973282,True,0.2966750549620656,2339702
webis-touche2020,39,selection,24,1787,50,ad_probe,best_in_menu_on_eval,0.06168389819807635,False,,2339702
webis-touche2020,40,recalibration,24,1720,50,ad_probe,ad_c(full_target_scalar_reference),0.0034133259437940655,True,0.395849004747161,2340702
webis-touche2020,40,selection,24,1720,50,glob_probe,best_in_menu_on_eval,0.0,True,,2340702
webis-touche2020,41,recalibration,24,1741,50,ad_probe,ad_c(full_target_scalar_reference),0.00018861820878202096,True,0.5230665976699367,2341702
webis-touche2020,41,selection,24,1741,50,glob_probe,best_in_menu_on_eval,0.024076054450653472,False,,2341702
webis-touche2020,42,recalibration,24,1747,50,ad_probe,ad_c(full_target_scalar_reference),0.0,True,0.005200996913734102,2342702
webis-touche2020,42,selection,24,1747,50,glob_probe,best_in_menu_on_eval,0.00819152956416025,True,,2342702
webis-touche2020,43,recalibration,24,1664,50,ad_probe,ad_c(full_target_scalar_reference),0.0016859291169818436,True,0.6521934885769518,2343702
webis-touche2020,43,selection,24,1664,50,glob_probe,best_in_menu_on_eval,0.012771263823831425,False,,2343702
webis-touche2020,44,recalibration,24,1732,50,ad_probe,ad_c(full_target_scalar_reference),0.0,True,0.005200996913734102,2344702
webis-touche2020,44,selection,24,1732,50,glob_probe,best_in_menu_on_eval,0.06060876544453403,False,,2344702
webis-touche2020,45,recalibration,24,1782,50,ad_probe,ad_c(full_target_scalar_reference),0.0033476119355915768,True,0.6521934885769518,2345702
webis-touche2020,45,selection,24,1782,50,glob_probe,best_in_menu_on_eval,0.005964419167340362,True,,2345702
webis-touche2020,46,recalibration,24,1779,50,ad_probe,ad_c(full_target_scalar_reference),0.0032199905201833467,True,0.6951627938551024,2346702
webis-touche2020,46,selection,24,1779,50,glob_probe,best_in_menu_on_eval,0.012566096744129729,False,,2346702
webis-touche2020,47,recalibration,24,1775,50,ad_probe,ad_c(full_target_scalar_reference),0.000891409716860303,True,0.42901531785740765,2347702
webis-touche2020,47,selection,24,1775,50,glob_probe,best_in_menu_on_eval,0.0,True,,2347702
webis-touche2020,48,recalibration,24,1776,50,ad_probe,ad_c(full_target_scalar_reference),0.0016118201886949346,True,0.32503744034123283,2348702
webis-touche2020,48,selection,24,1776,50,glob_probe,best_in_menu_on_eval,0.016641642974743798,False,,2348702
webis-touche2020,49,recalibration,24,1870,50,ad_probe,ad_c(full_target_scalar_reference),0.0030756994026265305,True,0.8868052457472952,2349702
webis-touche2020,49,selection,24,1870,50,glob_probe,best_in_menu_on_eval,0.028275207090055376,False,,2349702
webis-touche2020,0,recalibration,24,1783,100,ad_probe,ad_c(full_target_scalar_reference),0.0014730803840363182,True,0.42901531785740765,2400120
webis-touche2020,0,selection,24,1783,100,glob_probe,best_in_menu_on_eval,0.0,True,,2400120
webis-touche2020,1,recalibration,24,1836,100,ad_probe,ad_c(full_target_scalar_reference),0.006480891305225667,False,1.3255444998143435,2401120
webis-touche2020,1,selection,24,1836,100,glob_probe,best_in_menu_on_eval,0.0,True,,2401120
webis-touche2020,2,recalibration,24,1768,100,ad_probe,ad_c(full_target_scalar_reference),0.003677502406551292,True,0.920618235285354,2402120
webis-touche2020,2,selection,24,1768,100,glob_probe,best_in_menu_on_eval,0.0,True,,2402120
webis-touche2020,3,recalibration,24,1812,100,ad_probe,ad_c(full_target_scalar_reference),0.0017510479748905072,True,0.28647689396537146,2403120
webis-touche2020,3,selection,24,1812,100,glob_probe,best_in_menu_on_eval,0.0,True,,2403120
webis-touche2020,4,recalibration,24,1864,100,ad_probe,ad_c(full_target_scalar_reference),0.002564302786154271,True,0.7943367436401978,2404120
webis-touche2020,4,selection,24,1864,100,glob_probe,best_in_menu_on_eval,0.0,True,,2404120
webis-touche2020,5,recalibration,24,1858,100,ad_probe,ad_c(full_target_scalar_reference),0.0023061546636216623,True,0.7943367436401978,2405120
webis-touche2020,5,selection,24,1858,100,glob_probe,best_in_menu_on_eval,0.0,True,,2405120
webis-touche2020,6,recalibration,24,1761,100,ad_probe,ad_c(full_target_scalar_reference),0.00015235880851222072,True,0.31273521046942854,2406120
webis-touche2020,6,selection,24,1761,100,glob_probe,best_in_menu_on_eval,0.0,True,,2406120
webis-touche2020,7,recalibration,24,1829,100,ad_probe,ad_c(full_target_scalar_reference),0.0008992035706551493,True,0.7943367436401978,2407120
webis-touche2020,7,selection,24,1829,100,glob_probe,best_in_menu_on_eval,0.024750924333627355,False,,2407120
webis-touche2020,8,recalibration,24,1857,100,ad_probe,ad_c(full_target_scalar_reference),0.002842974255787445,True,0.385650843750466,2408120
webis-touche2020,8,selection,24,1857,100,glob_probe,best_in_menu_on_eval,0.014193138695432456,False,,2408120
webis-touche2020,9,recalibration,24,1781,100,ad_probe,ad_c(full_target_scalar_reference),0.0001920372926281777,True,0.01539915791042823,2409120
webis-touche2020,9,selection,24,1781,100,glob_probe,best_in_menu_on_eval,0.02779549096670869,False,,2409120
webis-touche2020,10,recalibration,24,1791,100,ad_probe,ad_c(full_target_scalar_reference),0.0008899953909001224,True,0.42901531785740765,2410120
webis-touche2020,10,selection,24,1791,100,glob_probe,best_in_menu_on_eval,0.0,True,,2410120
webis-touche2020,11,recalibration,24,1775,100,ad_probe,ad_c(full_target_scalar_reference),0.0030633457899585936,True,0.19132420572362463,2411120
webis-touche2020,11,selection,24,1775,100,glob_probe,best_in_menu_on_eval,0.0071795898776923495,True,,2411120
webis-touche2020,12,recalibration,24,1863,100,ad_probe,ad_c(full_target_scalar_reference),0.00021294704455093738,True,0.5142575771897473,2412120
webis-touche2020,12,selection,24,1863,100,glob_probe,best_in_menu_on_eval,0.0174462680737269,False,,2412120
webis-touche2020,13,recalibration,24,1782,100,ad_probe,ad_c(full_target_scalar_reference),0.0010846890405311616,True,0.37025168584003687,2413120
webis-touche2020,13,selection,24,1782,100,glob_probe,best_in_menu_on_eval,0.004538792084319676,True,,2413120
webis-touche2020,14,recalibration,24,1840,100,ad_probe,ad_c(full_target_scalar_reference),0.006719292007247246,False,0.8511847893175215,2414120
webis-touche2020,14,selection,24,1840,100,glob_probe,best_in_menu_on_eval,0.01465262281243812,False,,2414120
webis-touche2020,15,recalibration,24,1794,100,ad_probe,ad_c(full_target_scalar_reference),0.0008460586629115419,True,0.21692152463074788,2415120
webis-touche2020,15,selection,24,1794,100,glob_probe,best_in_menu_on_eval,0.0,True,,2415120
webis-touche2020,16,recalibration,24,1803,100,ad_probe,ad_c(full_target_scalar_reference),0.0,True,0.21692152463074788,2416120
webis-touche2020,16,selection,24,1803,100,glob_probe,best_in_menu_on_eval,0.02488365968661682,False,,2416120
webis-touche2020,17,recalibration,24,1852,100,ad_probe,ad_c(full_target_scalar_reference),0.008725830309466331,False,1.338617311730367,2417120
webis-touche2020,17,selection,24,1852,100,glob_probe,best_in_menu_on_eval,0.0,True,,2417120
webis-touche2020,18,recalibration,24,1767,100,ad_probe,ad_c(full_target_scalar_reference),0.0013272041753902841,True,0.01539915791042823,2418120
webis-touche2020,18,selection,24,1767,100,glob_probe,best_in_menu_on_eval,0.011711773263775482,False,,2418120
webis-touche2020,19,recalibration,24,1780,100,ad_probe,ad_c(full_target_scalar_reference),0.0019860901024975064,True,0.2955736465328487,2419120
webis-touche2020,19,selection,24,1780,100,trunc,best_in_menu_on_eval,0.057100575923467456,False,,2419120
webis-touche2020,20,recalibration,24,1685,100,ad_probe,ad_c(full_target_scalar_reference),0.004858601365679116,True,0.6479708118073564,2420120
webis-touche2020,20,selection,24,1685,100,glob_probe,best_in_menu_on_eval,0.0020477169053264577,True,,2420120
webis-touche2020,21,recalibration,24,1775,100,ad_probe,ad_c(full_target_scalar_reference),0.0021342283062419365,True,0.7204202137412885,2421120
webis-touche2020,21,selection,24,1775,100,glob_probe,best_in_menu_on_eval,0.0,True,,2421120
webis-touche2020,22,recalibration,24,1818,100,ad_probe,ad_c(full_target_scalar_reference),0.004563962292846335,True,0.4526970504244847,2422120
webis-touche2020,22,selection,24,1818,100,trunc,best_in_menu_on_eval,0.054173560107282914,False,,2422120
webis-touche2020,23,recalibration,24,1790,100,ad_probe,ad_c(full_target_scalar_reference),0.0042204072575317,True,0.7943367436401978,2423120
webis-touche2020,23,selection,24,1790,100,glob_probe,best_in_menu_on_eval,0.0,True,,2423120
webis-touche2020,24,recalibration,24,1861,100,ad_probe,ad_c(full_target_scalar_reference),0.002511020721476742,True,0.32813436837985677,2424120
webis-touche2020,24,selection,24,1861,100,glob_probe,best_in_menu_on_eval,0.014669967809782969,False,,2424120
webis-touche2020,25,recalibration,24,1818,100,ad_probe,ad_c(full_target_scalar_reference),0.005895660266270142,False,0.8511847893175215,2425120
webis-touche2020,25,selection,24,1818,100,glob_probe,best_in_menu_on_eval,0.0,True,,2425120
webis-touche2020,26,recalibration,24,1689,100,ad_probe,ad_c(full_target_scalar_reference),0.002280555924397798,True,0.2966750549620656,2426120
webis-touche2020,26,selection,24,1689,100,glob_probe,best_in_menu_on_eval,0.0,True,,2426120
webis-touche2020,27,recalibration,24,1810,100,ad_probe,ad_c(full_target_scalar_reference),0.0030425732136988848,True,0.2966750549620656,2427120
webis-touche2020,27,selection,24,1810,100,glob_probe,best_in_menu_on_eval,0.0,True,,2427120
webis-touche2020,28,recalibration,24,1734,100,ad_probe,ad_c(full_target_scalar_reference),0.00026109122187362166,True,0.6125315337718735,2428120
webis-touche2020,28,selection,24,1734,100,glob_probe,best_in_menu_on_eval,0.005820957309520369,True,,2428120
webis-touche2020,29,recalibration,24,1773,100,ad_probe,ad_c(full_target_scalar_reference),0.0015441043219401873,True,0.20152236672031876,2429120
webis-touche2020,29,selection,24,1773,100,trunc,best_in_menu_on_eval,0.0,True,,2429120
webis-touche2020,30,recalibration,24,1731,100,ad_probe,ad_c(full_target_scalar_reference),0.0008460586629115974,True,0.2274929511370889,2430120
webis-touche2020,30,selection,24,1731,100,glob_probe,best_in_menu_on_eval,0.06874596336348562,False,,2430120
webis-touche2020,31,recalibration,24,1777,100,ad_probe,ad_c(full_target_scalar_reference),0.0001899805547077582,True,0.2274929511370889,2431120
webis-touche2020,31,selection,24,1777,100,glob_probe,best_in_menu_on_eval,0.0,True,,2431120
webis-touche2020,32,recalibration,24,1811,100,ad_probe,ad_c(full_target_scalar_reference),0.0008366230326709023,True,0.5444508383761129,2432120
webis-touche2020,32,selection,24,1811,100,glob_probe,best_in_menu_on_eval,0.0,True,,2432120
webis-touche2020,33,recalibration,24,1821,100,ad_probe,ad_c(full_target_scalar_reference),0.001210229917852912,True,0.20716353316941216,2433120
webis-touche2020,33,selection,24,1821,100,glob_probe,best_in_menu_on_eval,0.0,True,,2433120
webis-touche2020,34,recalibration,24,1777,100,ad_probe,ad_c(full_target_scalar_reference),0.004240089201599961,True,0.2966750549620656,2434120
webis-touche2020,34,selection,24,1777,100,glob_probe,best_in_menu_on_eval,0.0,True,,2434120
webis-touche2020,35,recalibration,24,1725,100,ad_probe,ad_c(full_target_scalar_reference),0.00019077595645644596,True,0.395849004747161,2435120
webis-touche2020,35,selection,24,1725,100,glob_probe,best_in_menu_on_eval,0.007466380754432844,True,,2435120
webis-touche2020,36,recalibration,24,1689,100,ad_probe,ad_c(full_target_scalar_reference),0.00014707327395935277,True,0.24289210904751712,2436120
webis-touche2020,36,selection,24,1689,100,glob_probe,best_in_menu_on_eval,0.0,True,,2436120
webis-touche2020,37,recalibration,24,1816,100,ad_probe,ad_c(full_target_scalar_reference),0.0032670335139695084,True,0.6083088570022772,2437120
webis-touche2020,37,selection,24,1816,100,glob_probe,best_in_menu_on_eval,0.0,True,,2437120
webis-touche2020,38,recalibration,24,1779,100,ad_probe,ad_c(full_target_scalar_reference),0.00040496279749085984,True,0.2966750549620656,2438120
webis-touche2020,38,selection,24,1779,100,glob_probe,best_in_menu_on_eval,0.011012583531926967,False,,2438120
webis-touche2020,39,recalibration,24,1835,100,ad_probe,ad_c(full_target_scalar_reference),0.0007926059033408484,True,0.395849004747161,2439120
webis-touche2020,39,selection,24,1835,100,glob_probe,best_in_menu_on_eval,0.0,True,,2439120
webis-touche2020,40,recalibration,24,1713,100,ad_probe,ad_c(full_target_scalar_reference),0.0011351668827620787,True,0.01539915791042823,2440120
webis-touche2020,40,selection,24,1713,100,glob_probe,best_in_menu_on_eval,0.0,True,,2440120
webis-touche2020,41,recalibration,24,1833,100,ad_probe,ad_c(full_target_scalar_reference),0.003873873484999568,True,0.20152236672031876,2441120
webis-touche2020,41,selection,24,1833,100,glob_probe,best_in_menu_on_eval,0.0,True,,2441120
webis-touche2020,42,recalibration,24,1776,100,ad_probe,ad_c(full_target_scalar_reference),0.0005755416257635648,True,0.5230665976699367,2442120
webis-touche2020,42,selection,24,1776,100,glob_probe,best_in_menu_on_eval,0.0,True,,2442120
webis-touche2020,43,recalibration,24,1730,100,ad_probe,ad_c(full_target_scalar_reference),0.0010821202442850564,True,0.21692152463074788,2443120
webis-touche2020,43,selection,24,1730,100,glob_probe,best_in_menu_on_eval,0.0,True,,2443120
webis-touche2020,44,recalibration,24,1821,100,ad_probe,ad_c(full_target_scalar_reference),0.0024392135442445895,True,0.6083088570022772,2444120
webis-touche2020,44,selection,24,1821,100,glob_probe,best_in_menu_on_eval,0.004272385173162474,True,,2444120
webis-touche2020,45,recalibration,24,1891,100,ad_probe,ad_c(full_target_scalar_reference),0.000921363697977795,True,0.7943367436401978,2445120
webis-touche2020,45,selection,24,1891,100,glob_probe,best_in_menu_on_eval,0.00271111419135045,True,,2445120
webis-touche2020,46,recalibration,24,1724,100,ad_probe,ad_c(full_target_scalar_reference),0.0015441043219402428,True,0.2274929511370889,2446120
webis-touche2020,46,selection,24,1724,100,glob_probe,best_in_menu_on_eval,0.0,True,,2446120
webis-touche2020,47,recalibration,24,1755,100,ad_probe,ad_c(full_target_scalar_reference),0.0023566887549015814,True,0.2274929511370889,2447120
webis-touche2020,47,selection,24,1755,100,glob_probe,best_in_menu_on_eval,0.0,True,,2447120
webis-touche2020,48,recalibration,24,1837,100,ad_probe,ad_c(full_target_scalar_reference),0.0,True,0.21729479014039388,2448120
webis-touche2020,48,selection,24,1837,100,glob_probe,best_in_menu_on_eval,0.0,True,,2448120
webis-touche2020,49,recalibration,24,1806,100,ad_probe,ad_c(full_target_scalar_reference),0.004135945484633863,True,0.8511847893175215,2449120
webis-touche2020,49,selection,24,1806,100,glob_probe,best_in_menu_on_eval,0.0014825387507487187,True,,2449120
dbpedia-entity,0,recalibration,5,480,5,ad_probe,ad_c(full_target_scalar_reference),0.007352770760002181,False,1.4442778983957876,2000126
dbpedia-entity,0,selection,5,480,5,glob_probe,best_in_menu_on_eval,0.012144560266087567,False,,2000126
dbpedia-entity,1,recalibration,5,525,5,ad_probe,ad_c(full_target_scalar_reference),0.012345478127247289,False,2.1954025944174322,2001126
dbpedia-entity,1,selection,5,525,5,trunc,best_in_menu_on_eval,0.009273996158563058,True,,2001126
dbpedia-entity,2,recalibration,5,468,5,ad_probe,ad_c(full_target_scalar_reference),0.01665667379584962,False,2.6174897427501813,2002126
dbpedia-entity,2,selection,5,468,5,glob_probe,best_in_menu_on_eval,0.0,True,,2002126
dbpedia-entity,3,recalibration,5,466,5,ad_probe,ad_c(full_target_scalar_reference),0.00776245926596808,False,1.448599071423863,2003126
dbpedia-entity,3,selection,5,466,5,glob_probe,best_in_menu_on_eval,0.0,True,,2003126
dbpedia-entity,4,recalibration,5,426,5,ad_probe,ad_c(full_target_scalar_reference),0.020184685520060364,False,4.867624167331712,2004126
dbpedia-entity,4,selection,5,426,5,glob_probe,best_in_menu_on_eval,0.03768830718511795,False,,2004126
dbpedia-entity,5,recalibration,5,457,5,ad_probe,ad_c(full_target_scalar_reference),0.02169952984445589,False,5.274753298604725,2005126
dbpedia-entity,5,selection,5,457,5,glob_probe,best_in_menu_on_eval,0.0,True,,2005126
dbpedia-entity,6,recalibration,5,419,5,ad_probe,ad_c(full_target_scalar_reference),0.007410644363255725,False,1.3345245253460432,2006126
dbpedia-entity,6,selection,5,419,5,glob_probe,best_in_menu_on_eval,0.0,True,,2006126
dbpedia-entity,7,recalibration,5,467,5,ad_probe,ad_c(full_target_scalar_reference),0.03854278186558774,False,21.23602572664231,2007126
dbpedia-entity,7,selection,5,467,5,trunc,best_in_menu_on_eval,0.05414371613375063,False,,2007126
dbpedia-entity,8,recalibration,5,477,5,ad_probe,ad_c(full_target_scalar_reference),0.049013211041066596,False,5.688945874030408,2008126
dbpedia-entity,8,selection,5,477,5,glob_probe,best_in_menu_on_eval,0.0,True,,2008126
dbpedia-entity,9,recalibration,5,439,5,ad_probe,ad_c(full_target_scalar_reference),0.019333432741121592,False,3.1958261960038516,2009126
dbpedia-entity,9,selection,5,439,5,glob_probe,best_in_menu_on_eval,0.0,True,,2009126
dbpedia-entity,10,recalibration,5,424,5,ad_probe,ad_c(full_target_scalar_reference),0.018537900934449347,False,4.127202533147555,2010126
dbpedia-entity,10,selection,5,424,5,glob_probe,best_in_menu_on_eval,0.0,True,,2010126
dbpedia-entity,11,recalibration,5,509,5,ad_probe,ad_c(full_target_scalar_reference),0.028814767146962517,False,4.274336199709425,2011126
dbpedia-entity,11,selection,5,509,5,glob_probe,best_in_menu_on_eval,0.015049952959349022,False,,2011126
dbpedia-entity,12,recalibration,5,487,5,ad_probe,ad_c(full_target_scalar_reference),0.01805372517018028,False,4.085738137371955,2012126
dbpedia-entity,12,selection,5,487,5,glob_probe,best_in_menu_on_eval,0.0,True,,2012126
dbpedia-entity,13,recalibration,5,501,5,ad_probe,ad_c(full_target_scalar_reference),0.05340805668285803,False,5.968138972351803,2013126
dbpedia-entity,13,selection,5,501,5,glob_probe,best_in_menu_on_eval,0.0,True,,2013126
dbpedia-entity,14,recalibration,5,410,5,ad_probe,ad_c(full_target_scalar_reference),0.02306807934097821,False,6.163196682520315,2014126
dbpedia-entity,14,selection,5,410,5,glob_probe,best_in_menu_on_eval,0.0,True,,2014126
dbpedia-entity,15,recalibration,5,494,5,ad_probe,ad_c(full_target_scalar_reference),0.011965377589168658,False,2.198390535261627,2015126
dbpedia-entity,15,selection,5,494,5,glob_probe,best_in_menu_on_eval,0.0,True,,2015126
dbpedia-entity,16,recalibration,5,483,5,ad_probe,ad_c(full_target_scalar_reference),0.025601257575236958,False,8.466055727066758,2016126
dbpedia-entity,16,selection,5,483,5,glob_probe,best_in_menu_on_eval,0.0,True,,2016126
dbpedia-entity,17,recalibration,5,415,5,ad_probe,ad_c(full_target_scalar_reference),0.017413414308612873,False,2.7853949404260625,2017126
dbpedia-entity,17,selection,5,415,5,glob_probe,best_in_menu_on_eval,0.027686788750998115,False,,2017126
dbpedia-entity,18,recalibration,5,413,5,ad_probe,ad_c(full_target_scalar_reference),0.006371934906347243,False,1.2440735479302205,2018126
dbpedia-entity,18,selection,5,413,5,glob_probe,best_in_menu_on_eval,0.0,True,,2018126
dbpedia-entity,19,recalibration,5,485,5,ad_probe,ad_c(full_target_scalar_reference),0.003331335730693663,True,0.7150464019124554,2019126
dbpedia-entity,19,selection,5,485,5,glob_probe,best_in_menu_on_eval,0.0,True,,2019126
dbpedia-entity,20,recalibration,5,474,5,ad_probe,ad_c(full_target_scalar_reference),0.008316886770285303,False,1.6436952438053076,2020126
dbpedia-entity,20,selection,5,474,5,glob_probe,best_in_menu_on_eval,0.0,True,,2020126
dbpedia-entity,21,recalibration,5,482,5,ad_probe,ad_c(full_target_scalar_reference),0.04247304079949904,False,5.3548130756936985,2021126
dbpedia-entity,21,selection,5,482,5,glob_probe,best_in_menu_on_eval,0.044295747871007485,False,,2021126
dbpedia-entity,22,recalibration,5,436,5,ad_probe,ad_c(full_target_scalar_reference),0.028565186474443782,False,12.398692883220841,2022126
dbpedia-entity,22,selection,5,436,5,glob_probe,best_in_menu_on_eval,0.0,True,,2022126
dbpedia-entity,23,recalibration,5,448,5,ad_probe,ad_c(full_target_scalar_reference),0.025334606842669527,False,3.9234563116086703,2023126
dbpedia-entity,23,selection,5,448,5,glob_probe,best_in_menu_on_eval,0.0,True,,2023126
dbpedia-entity,24,recalibration,5,513,5,ad_probe,ad_c(full_target_scalar_reference),0.04273205048529988,False,5.3548130756936985,2024126
dbpedia-entity,24,selection,5,513,5,glob_probe,best_in_menu_on_eval,0.0,True,,2024126
dbpedia-entity,25,recalibration,5,475,5,ad_probe,ad_c(full_target_scalar_reference),0.02865333424943578,False,12.072385414629382,2025126
dbpedia-entity,25,selection,5,475,5,glob_probe,best_in_menu_on_eval,0.0,True,,2025126
dbpedia-entity,26,recalibration,5,429,5,ad_probe,ad_c(full_target_scalar_reference),0.005346127717756832,False,0.9467501459020546,2026126
dbpedia-entity,26,selection,5,429,5,glob_probe,best_in_menu_on_eval,0.0029077820985190517,True,,2026126
dbpedia-entity,27,recalibration,5,458,5,ad_probe,ad_c(full_target_scalar_reference),0.0035765048427624513,True,0.8458769010737406,2027126
dbpedia-entity,27,selection,5,458,5,glob_probe,best_in_menu_on_eval,0.037831702003369216,False,,2027126
dbpedia-entity,28,recalibration,5,472,5,ad_probe,ad_c(full_target_scalar_reference),0.02470077077295324,False,6.915721620686304,2028126
dbpedia-entity,28,selection,5,472,5,glob_probe,best_in_menu_on_eval,0.0633514513369518,False,,2028126
dbpedia-entity,29,recalibration,5,464,5,ad_probe,ad_c(full_target_scalar_reference),0.010698953735090555,False,2.2278426692803137,2029126
dbpedia-entity,29,selection,5,464,5,glob_probe,best_in_menu_on_eval,0.0025167703538055974,True,,2029126
dbpedia-entity,30,recalibration,5,484,5,ad_probe,ad_c(full_target_scalar_reference),0.016394641577366587,False,2.6174897427501813,2030126
dbpedia-entity,30,selection,5,484,5,glob_probe,best_in_menu_on_eval,0.0,True,,2030126
dbpedia-entity,31,recalibration,5,481,5,ad_probe,ad_c(full_target_scalar_reference),0.028384749981731017,False,10.897946498438115,2031126
dbpedia-entity,31,selection,5,481,5,glob_probe,best_in_menu_on_eval,0.0,True,,2031126
dbpedia-entity,32,recalibration,5,446,5,ad_probe,ad_c(full_target_scalar_reference),0.007805683393650509,False,1.5903733460662872,2032126
dbpedia-entity,32,selection,5,446,5,glob_probe,best_in_menu_on_eval,0.0,True,,2032126
dbpedia-entity,33,recalibration,5,445,5,ad_probe,ad_c(full_target_scalar_reference),0.006582672012915292,False,1.2761688206819084,2033126
dbpedia-entity,33,selection,5,445,5,glob_probe,best_in_menu_on_eval,0.0,True,,2033126
dbpedia-entity,34,recalibration,5,474,5,ad_probe,ad_c(full_target_scalar_reference),0.0002396772681126369,True,0.041536708694348334,2034126
dbpedia-entity,34,selection,5,474,5,glob_probe,best_in_menu_on_eval,0.0,True,,2034126
dbpedia-entity,35,recalibration,5,445,5,ad_probe,ad_c(full_target_scalar_reference),0.019244584048319524,False,4.314760881574513,2035126
dbpedia-entity,35,selection,5,445,5,glob_probe,best_in_menu_on_eval,0.0,True,,2035126
dbpedia-entity,36,recalibration,5,484,5,ad_probe,ad_c(full_target_scalar_reference),0.005830103313340829,False,1.141080620074951,2036126
dbpedia-entity,36,selection,5,484,5,glob_probe,best_in_menu_on_eval,0.0,True,,2036126
dbpedia-entity,37,recalibration,5,466,5,ad_probe,ad_c(full_target_scalar_reference),0.024083072576067344,False,6.177947308973046,2037126
dbpedia-entity,37,selection,5,466,5,glob_probe,best_in_menu_on_eval,0.0,True,,2037126
dbpedia-entity,38,recalibration,5,509,5,ad_probe,ad_c(full_target_scalar_reference),0.006474592556483694,False,1.0679552826672971,2038126
dbpedia-entity,38,selection,5,509,5,glob_probe,best_in_menu_on_eval,0.0,True,,2038126
dbpedia-entity,39,recalibration,5,469,5,ad_probe,ad_c(full_target_scalar_reference),0.007270747043372605,False,1.3703608875178865,2039126
dbpedia-entity,39,selection,5,469,5,glob_probe,best_in_menu_on_eval,0.0,True,,2039126
dbpedia-entity,40,recalibration,5,448,5,ad_probe,ad_c(full_target_scalar_reference),0.02662470564126429,False,9.031476502921757,2040126
dbpedia-entity,40,selection,5,448,5,glob_probe,best_in_menu_on_eval,0.0,True,,2040126
dbpedia-entity,41,recalibration,5,441,5,ad_probe,ad_c(full_target_scalar_reference),0.0307678390138707,False,4.41661688299411,2041126
dbpedia-entity,41,selection,5,441,5,glob_probe,best_in_menu_on_eval,0.0,True,,2041126
dbpedia-entity,42,recalibration,5,408,5,ad_probe,ad_c(full_target_scalar_reference),0.02772802051381984,False,4.077858070930234,2042126
dbpedia-entity,42,selection,5,408,5,glob_probe,best_in_menu_on_eval,0.029860940641201317,False,,2042126
dbpedia-entity,43,recalibration,5,477,5,ad_probe,ad_c(full_target_scalar_reference),0.011543034754429804,False,2.8023126586593623,2043126
dbpedia-entity,43,selection,5,477,5,glob_probe,best_in_menu_on_eval,0.0,True,,2043126
dbpedia-entity,44,recalibration,5,435,5,ad_probe,ad_c(full_target_scalar_reference),0.029460707361323446,False,12.04553957238179,2044126
dbpedia-entity,44,selection,5,435,5,glob_probe,best_in_menu_on_eval,0.0,True,,2044126
dbpedia-entity,45,recalibration,5,449,5,ad_probe,ad_c(full_target_scalar_reference),0.015678337483850446,False,2.5520147861897824,2045126
dbpedia-entity,45,selection,5,449,5,glob_probe,best_in_menu_on_eval,0.0744545598568414,False,,2045126
dbpedia-entity,46,recalibration,5,407,5,ad_probe,ad_c(full_target_scalar_reference),0.016203178853683886,False,3.7054558341099355,2046126
dbpedia-entity,46,selection,5,407,5,glob_probe,best_in_menu_on_eval,0.0,True,,2046126
dbpedia-entity,47,recalibration,5,475,5,ad_probe,ad_c(full_target_scalar_reference),0.00740957410074522,False,1.3563497481393583,2047126
dbpedia-entity,47,selection,5,475,5,glob_probe,best_in_menu_on_eval,0.0,True,,2047126
dbpedia-entity,48,recalibration,5,445,5,ad_probe,ad_c(full_target_scalar_reference),0.0051666546731554686,False,1.127654623150514,2048126
dbpedia-entity,48,selection,5,445,5,glob_probe,best_in_menu_on_eval,0.0,True,,2048126
dbpedia-entity,49,recalibration,5,474,5,ad_probe,ad_c(full_target_scalar_reference),0.04380491949303794,False,5.4046262875447315,2049126
dbpedia-entity,49,selection,5,474,5,glob_probe,best_in_menu_on_eval,0.04288476549272274,False,,2049126
dbpedia-entity,0,recalibration,10,908,10,ad_probe,ad_c(full_target_scalar_reference),0.023761826818646303,False,7.635530717570317,457
dbpedia-entity,0,selection,10,908,10,trunc,best_in_menu_on_eval,0.0,True,,457
dbpedia-entity,1,recalibration,10,921,10,ad_probe,ad_c(full_target_scalar_reference),0.021102201137082777,False,5.700011005450602,1457
dbpedia-entity,1,selection,10,921,10,glob_probe,best_in_menu_on_eval,0.0,True,,1457
dbpedia-entity,2,recalibration,10,939,10,ad_probe,ad_c(full_target_scalar_reference),0.0014149908952839074,True,0.33675484660905397,2457
dbpedia-entity,2,selection,10,939,10,glob_probe,best_in_menu_on_eval,0.0,True,,2457
dbpedia-entity,3,recalibration,10,915,10,ad_probe,ad_c(full_target_scalar_reference),0.006466118070215798,False,1.2719420315868604,3457
dbpedia-entity,3,selection,10,915,10,glob_probe,best_in_menu_on_eval,0.0,True,,3457
dbpedia-entity,4,recalibration,10,936,10,ad_probe,ad_c(full_target_scalar_reference),0.012845030362542476,False,2.2962592625888307,4457
dbpedia-entity,4,selection,10,936,10,glob_probe,best_in_menu_on_eval,0.0,True,,4457
dbpedia-entity,5,recalibration,10,941,10,ad_probe,ad_c(full_target_scalar_reference),0.03354441994119611,False,4.621620231229612,5457
dbpedia-entity,5,selection,10,941,10,glob_probe,best_in_menu_on_eval,0.0,True,,5457
dbpedia-entity,6,recalibration,10,943,10,ad_probe,ad_c(full_target_scalar_reference),0.006425263949595084,False,1.284077297438694,6457
dbpedia-entity,6,selection,10,943,10,trunc,best_in_menu_on_eval,0.03165734224710459,False,,6457
dbpedia-entity,7,recalibration,10,928,10,ad_probe,ad_c(full_target_scalar_reference),0.022742056599698246,False,5.79278053223671,7457
dbpedia-entity,7,selection,10,928,10,glob_probe,best_in_menu_on_eval,0.0,True,,7457
dbpedia-entity,8,recalibration,10,912,10,ad_probe,ad_c(full_target_scalar_reference),0.0065920629417206555,False,1.220932764468147,8457
dbpedia-entity,8,selection,10,912,10,glob_probe,best_in_menu_on_eval,0.0,True,,8457
dbpedia-entity,9,recalibration,10,847,10,ad_probe,ad_c(full_target_scalar_reference),0.02777487813922308,False,10.167154633550053,9457
dbpedia-entity,9,selection,10,847,10,glob_probe,best_in_menu_on_eval,0.0,True,,9457
dbpedia-entity,10,recalibration,10,1005,10,ad_probe,ad_c(full_target_scalar_reference),0.02338533626876582,False,5.702082840213693,10457
dbpedia-entity,10,selection,10,1005,10,glob_probe,best_in_menu_on_eval,0.049438875191322396,False,,10457
dbpedia-entity,11,recalibration,10,933,10,ad_probe,ad_c(full_target_scalar_reference),0.006486074272435027,False,1.152154333405198,11457
dbpedia-entity,11,selection,10,933,10,glob_probe,best_in_menu_on_eval,0.0,True,,11457
dbpedia-entity,12,recalibration,10,912,10,ad_probe,ad_c(full_target_scalar_reference),0.009443221833338622,False,1.961187836853835,12457
dbpedia-entity,12,selection,10,912,10,glob_probe,best_in_menu_on_eval,0.0,True,,12457
dbpedia-entity,13,recalibration,10,952,10,ad_probe,ad_c(full_target_scalar_reference),0.011410464094582018,False,2.4079771310653353,13457
dbpedia-entity,13,selection,10,952,10,glob_probe,best_in_menu_on_eval,0.0,True,,13457
dbpedia-entity,14,recalibration,10,874,10,ad_probe,ad_c(full_target_scalar_reference),0.0008332459489638899,True,0.19443725051409544,14457
dbpedia-entity,14,selection,10,874,10,glob_probe,best_in_menu_on_eval,0.0,True,,14457
dbpedia-entity,15,recalibration,10,920,10,ad_probe,ad_c(full_target_scalar_reference),0.022601144249899896,False,5.450264629636864,15457
dbpedia-entity,15,selection,10,920,10,ad_probe,best_in_menu_on_eval,0.028305871530934945,False,,15457
dbpedia-entity,16,recalibration,10,967,10,ad_probe,ad_c(full_target_scalar_reference),0.052407042807115445,False,5.793378036906318,16457
dbpedia-entity,16,selection,10,967,10,glob_probe,best_in_menu_on_eval,0.0,True,,16457
dbpedia-entity,17,recalibration,10,886,10,ad_probe,ad_c(full_target_scalar_reference),0.03674125970249087,False,5.0195197852419025,17457
dbpedia-entity,17,selection,10,886,10,glob_probe,best_in_menu_on_eval,0.004344004091665632,True,,17457
dbpedia-entity,18,recalibration,10,967,10,ad_probe,ad_c(full_target_scalar_reference),0.006399886607188321,False,0.9741071378296446,18457
dbpedia-entity,18,selection,10,967,10,glob_probe,best_in_menu_on_eval,0.007869111264965423,True,,18457
dbpedia-entity,19,recalibration,10,892,10,ad_probe,ad_c(full_target_scalar_reference),0.006962940082038127,False,1.1188657106697466,19457
dbpedia-entity,19,selection,10,892,10,glob_probe,best_in_menu_on_eval,0.0,True,,19457
dbpedia-entity,20,recalibration,10,942,10,ad_probe,ad_c(full_target_scalar_reference),0.01374412045887341,False,3.157555349178944,20457
dbpedia-entity,20,selection,10,942,10,glob_probe,best_in_menu_on_eval,0.0,True,,20457
dbpedia-entity,21,recalibration,10,907,10,ad_probe,ad_c(full_target_scalar_reference),0.03171018075385529,False,18.298140609063495,21457
dbpedia-entity,21,selection,10,907,10,glob_probe,best_in_menu_on_eval,0.0,True,,21457
dbpedia-entity,22,recalibration,10,940,10,ad_probe,ad_c(full_target_scalar_reference),0.008157204527688089,False,2.1225485909213955,22457
dbpedia-entity,22,selection,10,940,10,glob_probe,best_in_menu_on_eval,0.0,True,,22457
dbpedia-entity,23,recalibration,10,947,10,ad_probe,ad_c(full_target_scalar_reference),0.010216438169668662,False,1.9471983674439155,23457
dbpedia-entity,23,selection,10,947,10,glob_probe,best_in_menu_on_eval,0.0,True,,23457
dbpedia-entity,24,recalibration,10,900,10,ad_probe,ad_c(full_target_scalar_reference),0.017889236547443454,False,2.705481986282024,24457
dbpedia-entity,24,selection,10,900,10,trunc,best_in_menu_on_eval,0.012910283280715584,False,,24457
dbpedia-entity,25,recalibration,10,847,10,ad_probe,ad_c(full_target_scalar_reference),0.0052432899280347445,False,0.8457124021901361,25457
dbpedia-entity,25,selection,10,847,10,glob_probe,best_in_menu_on_eval,0.0,True,,25457
dbpedia-entity,26,recalibration,10,896,10,ad_probe,ad_c(full_target_scalar_reference),0.0112346092480467,False,2.6664200532251154,26457
dbpedia-entity,26,selection,10,896,10,glob_probe,best_in_menu_on_eval,0.0,True,,26457
dbpedia-entity,27,recalibration,10,947,10,ad_probe,ad_c(full_target_scalar_reference),0.002905303969820361,True,0.6511570642517679,27457
dbpedia-entity,27,selection,10,947,10,glob_probe,best_in_menu_on_eval,0.0,True,,27457
dbpedia-entity,28,recalibration,10,937,10,ad_probe,ad_c(full_target_scalar_reference),0.024961045869463405,False,7.795840622729932,28457
dbpedia-entity,28,selection,10,937,10,glob_probe,best_in_menu_on_eval,0.0,True,,28457
dbpedia-entity,29,recalibration,10,1022,10,ad_probe,ad_c(full_target_scalar_reference),0.015541386426175807,False,3.6726656686512857,29457
dbpedia-entity,29,selection,10,1022,10,glob_probe,best_in_menu_on_eval,0.0,True,,29457
dbpedia-entity,30,recalibration,10,907,10,ad_probe,ad_c(full_target_scalar_reference),0.026737257416900417,False,8.81270082392305,30457
dbpedia-entity,30,selection,10,907,10,glob_probe,best_in_menu_on_eval,0.0,True,,30457
dbpedia-entity,31,recalibration,10,963,10,ad_probe,ad_c(full_target_scalar_reference),0.024967321793365305,False,3.9451911684972956,31457
dbpedia-entity,31,selection,10,963,10,ad_probe,best_in_menu_on_eval,0.0,True,,31457
dbpedia-entity,32,recalibration,10,941,10,ad_probe,ad_c(full_target_scalar_reference),0.021597214091703898,False,3.4208982322457624,32457
dbpedia-entity,32,selection,10,941,10,glob_probe,best_in_menu_on_eval,0.0,True,,32457
dbpedia-entity,33,recalibration,10,878,10,ad_probe,ad_c(full_target_scalar_reference),0.011565140702937848,False,2.8352730193594855,33457
dbpedia-entity,33,selection,10,878,10,glob_probe,best_in_menu_on_eval,0.0,True,,33457
dbpedia-entity,34,recalibration,10,949,10,ad_probe,ad_c(full_target_scalar_reference),0.01674419797356952,False,2.8412894415061167,34457
dbpedia-entity,34,selection,10,949,10,glob_probe,best_in_menu_on_eval,0.0,True,,34457
dbpedia-entity,35,recalibration,10,922,10,ad_probe,ad_c(full_target_scalar_reference),0.0039407752643855765,True,0.4511853028692716,35457
dbpedia-entity,35,selection,10,922,10,glob_probe,best_in_menu_on_eval,0.0,True,,35457
dbpedia-entity,36,recalibration,10,974,10,ad_probe,ad_c(full_target_scalar_reference),0.03531324036655509,False,4.904932583655402,36457
dbpedia-entity,36,selection,10,974,10,glob_probe,best_in_menu_on_eval,0.0,True,,36457
dbpedia-entity,37,recalibration,10,932,10,ad_probe,ad_c(full_target_scalar_reference),0.005614315382879098,False,0.7840871739047603,37457
dbpedia-entity,37,selection,10,932,10,glob_probe,best_in_menu_on_eval,0.0035829967334344293,True,,37457
dbpedia-entity,38,recalibration,10,878,10,ad_probe,ad_c(full_target_scalar_reference),0.023674241187761902,False,7.951914139336564,38457
dbpedia-entity,38,selection,10,878,10,glob_probe,best_in_menu_on_eval,0.0,True,,38457
dbpedia-entity,39,recalibration,10,898,10,ad_probe,ad_c(full_target_scalar_reference),0.006791877848827177,False,1.1791695156969535,39457
dbpedia-entity,39,selection,10,898,10,glob_probe,best_in_menu_on_eval,0.0,True,,39457
dbpedia-entity,40,recalibration,10,841,10,ad_probe,ad_c(full_target_scalar_reference),0.01018787327627585,False,2.13803839234018,40457
dbpedia-entity,40,selection,10,841,10,glob_probe,best_in_menu_on_eval,0.0,True,,40457
dbpedia-entity,41,recalibration,10,936,10,ad_probe,ad_c(full_target_scalar_reference),0.02481319524778841,False,6.397742938955808,41457
dbpedia-entity,41,selection,10,936,10,glob_probe,best_in_menu_on_eval,0.0,True,,41457
dbpedia-entity,42,recalibration,10,923,10,ad_probe,ad_c(full_target_scalar_reference),0.0037969542254168154,True,0.8856991265232921,42457
dbpedia-entity,42,selection,10,923,10,glob_probe,best_in_menu_on_eval,0.0,True,,42457
dbpedia-entity,43,recalibration,10,961,10,ad_probe,ad_c(full_target_scalar_reference),0.005778629553726877,False,1.1361221617385837,43457
dbpedia-entity,43,selection,10,961,10,glob_probe,best_in_menu_on_eval,0.0,True,,43457
dbpedia-entity,44,recalibration,10,899,10,ad_probe,ad_c(full_target_scalar_reference),0.007664823701776957,False,1.4746911782558252,44457
dbpedia-entity,44,selection,10,899,10,glob_probe,best_in_menu_on_eval,0.0,True,,44457
dbpedia-entity,45,recalibration,10,881,10,ad_probe,ad_c(full_target_scalar_reference),0.01647761993536828,False,2.7437008926535107,45457
dbpedia-entity,45,selection,10,881,10,glob_probe,best_in_menu_on_eval,0.050977569662377986,False,,45457
dbpedia-entity,46,recalibration,10,949,10,ad_probe,ad_c(full_target_scalar_reference),0.01593498512649777,False,3.6472514205674873,46457
dbpedia-entity,46,selection,10,949,10,glob_probe,best_in_menu_on_eval,0.0,True,,46457
dbpedia-entity,47,recalibration,10,946,10,ad_probe,ad_c(full_target_scalar_reference),0.023952975133908705,False,7.402339161729346,47457
dbpedia-entity,47,selection,10,946,10,glob_probe,best_in_menu_on_eval,0.010409380512102662,False,,47457
dbpedia-entity,48,recalibration,10,961,10,ad_probe,ad_c(full_target_scalar_reference),0.01272637785063796,False,2.319251356760563,48457
dbpedia-entity,48,selection,10,961,10,glob_probe,best_in_menu_on_eval,0.011424316068213647,False,,48457
dbpedia-entity,49,recalibration,10,959,10,ad_probe,ad_c(full_target_scalar_reference),0.011961771318657277,False,2.3478296407930435,49457
dbpedia-entity,49,selection,10,959,10,glob_probe,best_in_menu_on_eval,0.045600645542843765,False,,49457
dbpedia-entity,0,recalibration,20,1852,20,ad_probe,ad_c(full_target_scalar_reference),0.015497128771448931,False,2.506512350904857,2200321
dbpedia-entity,0,selection,20,1852,20,glob_probe,best_in_menu_on_eval,0.0,True,,2200321
dbpedia-entity,1,recalibration,20,1845,20,ad_probe,ad_c(full_target_scalar_reference),0.005901526507673449,False,1.2861289887891143,2201321
dbpedia-entity,1,selection,20,1845,20,glob_probe,best_in_menu_on_eval,0.01296476005873981,False,,2201321
dbpedia-entity,2,recalibration,20,1783,20,ad_probe,ad_c(full_target_scalar_reference),0.020861436089543606,False,3.3447714295903603,2202321
dbpedia-entity,2,selection,20,1783,20,glob_probe,best_in_menu_on_eval,0.0,True,,2202321
dbpedia-entity,3,recalibration,20,1727,20,ad_probe,ad_c(full_target_scalar_reference),0.016526343451401082,False,2.6950448561155955,2203321
dbpedia-entity,3,selection,20,1727,20,glob_probe,best_in_menu_on_eval,0.0,True,,2203321
dbpedia-entity,4,recalibration,20,1840,20,ad_probe,ad_c(full_target_scalar_reference),0.006601251859641721,False,1.1238951083842483,2204321
dbpedia-entity,4,selection,20,1840,20,glob_probe,best_in_menu_on_eval,0.0,True,,2204321
dbpedia-entity,5,recalibration,20,1875,20,ad_probe,ad_c(full_target_scalar_reference),0.010215654152512355,False,1.9112650047977002,2205321
dbpedia-entity,5,selection,20,1875,20,glob_probe,best_in_menu_on_eval,0.0,True,,2205321
dbpedia-entity,6,recalibration,20,1799,20,ad_probe,ad_c(full_target_scalar_reference),0.006707122872357585,False,1.6317319099303482,2206321
dbpedia-entity,6,selection,20,1799,20,trunc,best_in_menu_on_eval,0.0,True,,2206321
dbpedia-entity,7,recalibration,20,1783,20,ad_probe,ad_c(full_target_scalar_reference),0.004138685515089668,True,0.9482887440254277,2207321
dbpedia-entity,7,selection,20,1783,20,glob_probe,best_in_menu_on_eval,0.0,True,,2207321
dbpedia-entity,8,recalibration,20,1854,20,ad_probe,ad_c(full_target_scalar_reference),0.02485682124422789,False,7.824208039824805,2208321
dbpedia-entity,8,selection,20,1854,20,glob_probe,best_in_menu_on_eval,0.0,True,,2208321
dbpedia-entity,9,recalibration,20,1837,20,ad_probe,ad_c(full_target_scalar_reference),0.01867516220509352,False,4.058397696566594,2209321
dbpedia-entity,9,selection,20,1837,20,glob_probe,best_in_menu_on_eval,0.0,True,,2209321
dbpedia-entity,10,recalibration,20,1734,20,ad_probe,ad_c(full_target_scalar_reference),0.0023113503953225423,True,0.23755910529546576,2210321
dbpedia-entity,10,selection,20,1734,20,glob_probe,best_in_menu_on_eval,0.03866881062532984,False,,2210321
dbpedia-entity,11,recalibration,20,1928,20,ad_probe,ad_c(full_target_scalar_reference),0.016885260635252364,False,3.7554215249962706,2211321
dbpedia-entity,11,selection,20,1928,20,glob_probe,best_in_menu_on_eval,0.0,True,,2211321
dbpedia-entity,12,recalibration,20,1771,20,ad_probe,ad_c(full_target_scalar_reference),0.004551691477265751,True,0.6219537185611248,2212321
dbpedia-entity,12,selection,20,1771,20,glob_probe,best_in_menu_on_eval,0.0,True,,2212321
dbpedia-entity,13,recalibration,20,1795,20,ad_probe,ad_c(full_target_scalar_reference),0.001743004679481186,True,0.4021700961896961,2213321
dbpedia-entity,13,selection,20,1795,20,glob_probe,best_in_menu_on_eval,0.0,True,,2213321
dbpedia-entity,14,recalibration,20,1845,20,ad_probe,ad_c(full_target_scalar_reference),0.015652004216480164,False,3.4440253980156594,2214321
dbpedia-entity,14,selection,20,1845,20,glob_probe,best_in_menu_on_eval,0.0,True,,2214321
dbpedia-entity,15,recalibration,20,1855,20,ad_probe,ad_c(full_target_scalar_reference),0.003184828061625733,True,0.9934787605743463,2215321
dbpedia-entity,15,selection,20,1855,20,glob_probe,best_in_menu_on_eval,0.0,True,,2215321
dbpedia-entity,16,recalibration,20,1814,20,ad_probe,ad_c(full_target_scalar_reference),0.013617593762847213,False,3.007007024804828,2216321
dbpedia-entity,16,selection,20,1814,20,glob_probe,best_in_menu_on_eval,0.0,True,,2216321
dbpedia-entity,17,recalibration,20,1857,20,ad_probe,ad_c(full_target_scalar_reference),0.00700102015916193,False,1.5907926307294336,2217321
dbpedia-entity,17,selection,20,1857,20,glob_probe,best_in_menu_on_eval,0.0,True,,2217321
dbpedia-entity,18,recalibration,20,1881,20,ad_probe,ad_c(full_target_scalar_reference),0.011337417774824443,False,2.8163591636324057,2218321
dbpedia-entity,18,selection,20,1881,20,glob_probe,best_in_menu_on_eval,0.0,True,,2218321
dbpedia-entity,19,recalibration,20,1886,20,ad_probe,ad_c(full_target_scalar_reference),0.029106636879067727,False,4.198218171765264,2219321
dbpedia-entity,19,selection,20,1886,20,glob_probe,best_in_menu_on_eval,0.0,True,,2219321
dbpedia-entity,20,recalibration,20,1791,20,ad_probe,ad_c(full_target_scalar_reference),0.011378212616931782,False,2.303771737567681,2220321
dbpedia-entity,20,selection,20,1791,20,glob_probe,best_in_menu_on_eval,0.012133527169425895,False,,2220321
dbpedia-entity,21,recalibration,20,1842,20,ad_probe,ad_c(full_target_scalar_reference),0.016809414925272603,False,2.8551378675634425,2221321
dbpedia-entity,21,selection,20,1842,20,glob_probe,best_in_menu_on_eval,0.0,True,,2221321
dbpedia-entity,22,recalibration,20,1785,20,ad_probe,ad_c(full_target_scalar_reference),0.002341389694916318,True,0.3399637062709022,2222321
dbpedia-entity,22,selection,20,1785,20,glob_probe,best_in_menu_on_eval,0.0,True,,2222321
dbpedia-entity,23,recalibration,20,1820,20,ad_probe,ad_c(full_target_scalar_reference),0.01340114769329609,False,3.2640359709486635,2223321
dbpedia-entity,23,selection,20,1820,20,glob_probe,best_in_menu_on_eval,0.0,True,,2223321
dbpedia-entity,24,recalibration,20,1835,20,ad_probe,ad_c(full_target_scalar_reference),0.004238038065895788,True,0.5511434611038517,2224321
dbpedia-entity,24,selection,20,1835,20,glob_probe,best_in_menu_on_eval,0.0,True,,2224321
dbpedia-entity,25,recalibration,20,1796,20,ad_probe,ad_c(full_target_scalar_reference),0.021882411107166766,False,4.826472481337735,2225321
dbpedia-entity,25,selection,20,1796,20,glob_probe,best_in_menu_on_eval,0.010395684307816677,False,,2225321
dbpedia-entity,26,recalibration,20,1690,20,ad_probe,ad_c(full_target_scalar_reference),0.024229684912056015,False,7.029775619774833,2226321
dbpedia-entity,26,selection,20,1690,20,glob_probe,best_in_menu_on_eval,0.0,True,,2226321
dbpedia-entity,27,recalibration,20,1767,20,ad_probe,ad_c(full_target_scalar_reference),0.02481107962725365,False,3.843362322979626,2227321
dbpedia-entity,27,selection,20,1767,20,glob_probe,best_in_menu_on_eval,0.0,True,,2227321
dbpedia-entity,28,recalibration,20,1875,20,ad_probe,ad_c(full_target_scalar_reference),0.0059919746155681075,False,1.1577986605884814,2228321
dbpedia-entity,28,selection,20,1875,20,glob_probe,best_in_menu_on_eval,0.041921995105044185,False,,2228321
dbpedia-entity,29,recalibration,20,1835,20,ad_probe,ad_c(full_target_scalar_reference),0.019492208847734394,False,4.36221102715216,2229321
dbpedia-entity,29,selection,20,1835,20,glob_probe,best_in_menu_on_eval,0.0,True,,2229321
dbpedia-entity,30,recalibration,20,1781,20,ad_probe,ad_c(full_target_scalar_reference),0.01750902576736424,False,2.908039069778937,2230321
dbpedia-entity,30,selection,20,1781,20,glob_probe,best_in_menu_on_eval,0.0,True,,2230321
dbpedia-entity,31,recalibration,20,1895,20,ad_probe,ad_c(full_target_scalar_reference),0.00423472705324901,True,0.5229219193605079,2231321
dbpedia-entity,31,selection,20,1895,20,glob_probe,best_in_menu_on_eval,0.0,True,,2231321
dbpedia-entity,32,recalibration,20,1910,20,ad_probe,ad_c(full_target_scalar_reference),0.017909180124578927,False,3.0376606280935334,2232321
dbpedia-entity,32,selection,20,1910,20,glob_probe,best_in_menu_on_eval,0.0,True,,2232321
dbpedia-entity,33,recalibration,20,1925,20,ad_probe,ad_c(full_target_scalar_reference),0.002441580688214484,True,0.33625797475072794,2233321
dbpedia-entity,33,selection,20,1925,20,glob_probe,best_in_menu_on_eval,0.0,True,,2233321
dbpedia-entity,34,recalibration,20,1838,20,ad_probe,ad_c(full_target_scalar_reference),0.005956787645634176,False,0.9951107394388572,2234321
dbpedia-entity,34,selection,20,1838,20,glob_probe,best_in_menu_on_eval,0.0,True,,2234321
dbpedia-entity,35,recalibration,20,1859,20,ad_probe,ad_c(full_target_scalar_reference),0.007524854517881097,False,1.5899496570097664,2235321
dbpedia-entity,35,selection,20,1859,20,glob_probe,best_in_menu_on_eval,0.0,True,,2235321
dbpedia-entity,36,recalibration,20,1886,20,ad_probe,ad_c(full_target_scalar_reference),0.018276667166491956,False,4.220981707361034,2236321
dbpedia-entity,36,selection,20,1886,20,glob_probe,best_in_menu_on_eval,0.0,True,,2236321
dbpedia-entity,37,recalibration,20,1865,20,ad_probe,ad_c(full_target_scalar_reference),0.004419262104401467,True,0.6412517813307996,2237321
dbpedia-entity,37,selection,20,1865,20,glob_probe,best_in_menu_on_eval,0.0,True,,2237321
dbpedia-entity,38,recalibration,20,1901,20,ad_probe,ad_c(full_target_scalar_reference),0.0011755984890403637,True,0.4633623351260052,2238321
dbpedia-entity,38,selection,20,1901,20,glob_probe,best_in_menu_on_eval,0.06816236353369542,False,,2238321
dbpedia-entity,39,recalibration,20,1848,20,ad_probe,ad_c(full_target_scalar_reference),0.006846195309177794,False,1.3909692193598193,2239321
dbpedia-entity,39,selection,20,1848,20,glob_probe,best_in_menu_on_eval,0.0,True,,2239321
dbpedia-entity,40,recalibration,20,1756,20,ad_probe,ad_c(full_target_scalar_reference),0.004318011479581774,True,0.8611185390199818,2240321
dbpedia-entity,40,selection,20,1756,20,glob_probe,best_in_menu_on_eval,0.01115098466483061,False,,2240321
dbpedia-entity,41,recalibration,20,1834,20,ad_probe,ad_c(full_target_scalar_reference),0.016945208032975168,False,3.8724125128863047,2241321
dbpedia-entity,41,selection,20,1834,20,glob_probe,best_in_menu_on_eval,0.013657933404662592,False,,2241321
dbpedia-entity,42,recalibration,20,1805,20,ad_probe,ad_c(full_target_scalar_reference),0.007004908841824198,False,1.406644229256064,2242321
dbpedia-entity,42,selection,20,1805,20,glob_probe,best_in_menu_on_eval,0.04263223382070869,False,,2242321
dbpedia-entity,43,recalibration,20,1796,20,ad_probe,ad_c(full_target_scalar_reference),0.006460968511114273,False,1.2445559843317824,2243321
dbpedia-entity,43,selection,20,1796,20,glob_probe,best_in_menu_on_eval,0.0,True,,2243321
dbpedia-entity,44,recalibration,20,1810,20,ad_probe,ad_c(full_target_scalar_reference),0.007917546712963741,False,1.4732769467178581,2244321
dbpedia-entity,44,selection,20,1810,20,glob_probe,best_in_menu_on_eval,0.0,True,,2244321
dbpedia-entity,45,recalibration,20,1895,20,ad_probe,ad_c(full_target_scalar_reference),0.005828047173806639,False,1.1831435509147035,2245321
dbpedia-entity,45,selection,20,1895,20,glob_probe,best_in_menu_on_eval,0.0,True,,2245321
dbpedia-entity,46,recalibration,20,1796,20,ad_probe,ad_c(full_target_scalar_reference),0.0018398046626120768,True,0.1653022160248856,2246321
dbpedia-entity,46,selection,20,1796,20,trunc,best_in_menu_on_eval,0.0,True,,2246321
dbpedia-entity,47,recalibration,20,1858,20,ad_probe,ad_c(full_target_scalar_reference),0.004385293656826661,True,0.8117887634266845,2247321
dbpedia-entity,47,selection,20,1858,20,glob_probe,best_in_menu_on_eval,0.0,True,,2247321
dbpedia-entity,48,recalibration,20,1840,20,ad_probe,ad_c(full_target_scalar_reference),0.003928497239330531,True,0.49269717130113655,2248321
dbpedia-entity,48,selection,20,1840,20,glob_probe,best_in_menu_on_eval,0.0,True,,2248321
dbpedia-entity,49,recalibration,20,1847,20,ad_probe,ad_c(full_target_scalar_reference),0.010244160753715592,False,2.1048377561221976,2249321
dbpedia-entity,49,selection,20,1847,20,glob_probe,best_in_menu_on_eval,0.0,True,,2249321
dbpedia-entity,0,recalibration,50,4640,50,ad_probe,ad_c(full_target_scalar_reference),0.02006893767538631,False,3.058832498716863,2300030
dbpedia-entity,0,selection,50,4640,50,glob_probe,best_in_menu_on_eval,0.0,True,,2300030
dbpedia-entity,1,recalibration,50,4592,50,ad_probe,ad_c(full_target_scalar_reference),0.0013098235468732566,True,0.1485298541673128,2301030
dbpedia-entity,1,selection,50,4592,50,glob_probe,best_in_menu_on_eval,0.0,True,,2301030
dbpedia-entity,2,recalibration,50,4687,50,ad_probe,ad_c(full_target_scalar_reference),0.007297388172197716,False,1.391561798384953,2302030
dbpedia-entity,2,selection,50,4687,50,glob_probe,best_in_menu_on_eval,0.0,True,,2302030
dbpedia-entity,3,recalibration,50,4622,50,ad_probe,ad_c(full_target_scalar_reference),0.0027212715733505033,True,0.7097037886037558,2303030
dbpedia-entity,3,selection,50,4622,50,glob_probe,best_in_menu_on_eval,0.0,True,,2303030
dbpedia-entity,4,recalibration,50,4516,50,ad_probe,ad_c(full_target_scalar_reference),0.014190254477557673,False,3.1058909807613357,2304030
dbpedia-entity,4,selection,50,4516,50,glob_probe,best_in_menu_on_eval,0.0,True,,2304030
dbpedia-entity,5,recalibration,50,4432,50,ad_probe,ad_c(full_target_scalar_reference),0.004061519344634057,True,0.3652370695102025,2305030
dbpedia-entity,5,selection,50,4432,50,glob_probe,best_in_menu_on_eval,0.0,True,,2305030
dbpedia-entity,6,recalibration,50,4599,50,ad_probe,ad_c(full_target_scalar_reference),0.016417750292533728,False,4.208997443938868,2306030
dbpedia-entity,6,selection,50,4599,50,glob_probe,best_in_menu_on_eval,0.0,True,,2306030
dbpedia-entity,7,recalibration,50,4508,50,ad_probe,ad_c(full_target_scalar_reference),0.002189057612396572,True,0.4181347671167206,2307030
dbpedia-entity,7,selection,50,4508,50,glob_probe,best_in_menu_on_eval,0.0,True,,2307030
dbpedia-entity,8,recalibration,50,4619,50,ad_probe,ad_c(full_target_scalar_reference),0.009362432275079768,False,1.7544995694468506,2308030
dbpedia-entity,8,selection,50,4619,50,glob_probe,best_in_menu_on_eval,0.0,True,,2308030
dbpedia-entity,9,recalibration,50,4485,50,ad_probe,ad_c(full_target_scalar_reference),0.004350991057709197,True,1.0432120159923368,2309030
dbpedia-entity,9,selection,50,4485,50,glob_probe,best_in_menu_on_eval,0.0,True,,2309030
dbpedia-entity,10,recalibration,50,4510,50,ad_probe,ad_c(full_target_scalar_reference),0.0006416205294067501,True,0.08662587665201649,2310030
dbpedia-entity,10,selection,50,4510,50,glob_probe,best_in_menu_on_eval,0.0,True,,2310030
dbpedia-entity,11,recalibration,50,4578,50,ad_probe,ad_c(full_target_scalar_reference),0.0025426408463845585,True,0.27951879660406753,2311030
dbpedia-entity,11,selection,50,4578,50,glob_probe,best_in_menu_on_eval,0.0,True,,2311030
dbpedia-entity,12,recalibration,50,4636,50,ad_probe,ad_c(full_target_scalar_reference),0.007080214813425079,False,1.5057512841070366,2312030
dbpedia-entity,12,selection,50,4636,50,glob_probe,best_in_menu_on_eval,0.0,True,,2312030
dbpedia-entity,13,recalibration,50,4570,50,ad_probe,ad_c(full_target_scalar_reference),0.006843767237815601,False,1.4711163602038209,2313030
dbpedia-entity,13,selection,50,4570,50,glob_probe,best_in_menu_on_eval,0.0,True,,2313030
dbpedia-entity,14,recalibration,50,4530,50,ad_probe,ad_c(full_target_scalar_reference),0.009556074173321882,False,2.515077663969839,2314030
dbpedia-entity,14,selection,50,4530,50,glob_probe,best_in_menu_on_eval,0.0,True,,2314030
dbpedia-entity,15,recalibration,50,4555,50,ad_probe,ad_c(full_target_scalar_reference),0.00014684466108244587,True,0.01040724796247261,2315030
dbpedia-entity,15,selection,50,4555,50,glob_probe,best_in_menu_on_eval,0.0,True,,2315030
dbpedia-entity,16,recalibration,50,4607,50,ad_probe,ad_c(full_target_scalar_reference),0.01024777625237,False,2.757690227293873,2316030
dbpedia-entity,16,selection,50,4607,50,glob_probe,best_in_menu_on_eval,0.0,True,,2316030
dbpedia-entity,17,recalibration,50,4575,50,ad_probe,ad_c(full_target_scalar_reference),0.010161384642190685,False,2.2475213940662826,2317030
dbpedia-entity,17,selection,50,4575,50,glob_probe,best_in_menu_on_eval,0.0,True,,2317030
dbpedia-entity,18,recalibration,50,4543,50,ad_probe,ad_c(full_target_scalar_reference),0.0075665164558004205,False,1.5804121199794547,2318030
dbpedia-entity,18,selection,50,4543,50,glob_probe,best_in_menu_on_eval,0.0,True,,2318030
dbpedia-entity,19,recalibration,50,4622,50,ad_probe,ad_c(full_target_scalar_reference),0.008126624661756898,False,1.753586138088858,2319030
dbpedia-entity,19,selection,50,4622,50,glob_probe,best_in_menu_on_eval,0.0,True,,2319030
dbpedia-entity,20,recalibration,50,4653,50,ad_probe,ad_c(full_target_scalar_reference),0.009005563834353192,False,2.184189587413325,2320030
dbpedia-entity,20,selection,50,4653,50,glob_probe,best_in_menu_on_eval,0.0,True,,2320030
dbpedia-entity,21,recalibration,50,4577,50,ad_probe,ad_c(full_target_scalar_reference),0.006002590885054837,False,0.9453286457673382,2321030
dbpedia-entity,21,selection,50,4577,50,glob_probe,best_in_menu_on_eval,0.0,True,,2321030
dbpedia-entity,22,recalibration,50,4704,50,ad_probe,ad_c(full_target_scalar_reference),0.006492409742231198,False,1.4007347495086844,2322030
dbpedia-entity,22,selection,50,4704,50,glob_probe,best_in_menu_on_eval,0.0,True,,2322030
dbpedia-entity,23,recalibration,50,4521,50,ad_probe,ad_c(full_target_scalar_reference),0.0013077324814313451,True,0.1861567531224484,2323030
dbpedia-entity,23,selection,50,4521,50,glob_probe,best_in_menu_on_eval,0.0,True,,2323030
dbpedia-entity,24,recalibration,50,4483,50,ad_probe,ad_c(full_target_scalar_reference),0.0016037300158881496,True,0.38933545184662854,2324030
dbpedia-entity,24,selection,50,4483,50,glob_probe,best_in_menu_on_eval,0.0,True,,2324030
dbpedia-entity,25,recalibration,50,4568,50,ad_probe,ad_c(full_target_scalar_reference),0.007506060157245198,False,1.1871084369027365,2325030
dbpedia-entity,25,selection,50,4568,50,glob_probe,best_in_menu_on_eval,0.0,True,,2325030
dbpedia-entity,26,recalibration,50,4677,50,ad_probe,ad_c(full_target_scalar_reference),0.008534505820201876,False,1.6839109211560217,2326030
dbpedia-entity,26,selection,50,4677,50,glob_probe,best_in_menu_on_eval,0.0,True,,2326030
dbpedia-entity,27,recalibration,50,4576,50,ad_probe,ad_c(full_target_scalar_reference),0.010813017598006402,False,2.109171694949948,2327030
dbpedia-entity,27,selection,50,4576,50,glob_probe,best_in_menu_on_eval,0.0,True,,2327030
dbpedia-entity,28,recalibration,50,4522,50,ad_probe,ad_c(full_target_scalar_reference),0.003573696724525899,True,0.5566665477142383,2328030
dbpedia-entity,28,selection,50,4522,50,glob_probe,best_in_menu_on_eval,0.0,True,,2328030
dbpedia-entity,29,recalibration,50,4445,50,ad_probe,ad_c(full_target_scalar_reference),0.0038066812257225857,True,0.9223663340646819,2329030
dbpedia-entity,29,selection,50,4445,50,glob_probe,best_in_menu_on_eval,0.0,True,,2329030
dbpedia-entity,30,recalibration,50,4603,50,ad_probe,ad_c(full_target_scalar_reference),0.008554715258063172,False,1.4803671167920864,2330030
dbpedia-entity,30,selection,50,4603,50,glob_probe,best_in_menu_on_eval,0.0,True,,2330030
dbpedia-entity,31,recalibration,50,4411,50,ad_probe,ad_c(full_target_scalar_reference),0.004216199973780477,True,0.5775981859201753,2331030
dbpedia-entity,31,selection,50,4411,50,glob_probe,best_in_menu_on_eval,0.0,True,,2331030
dbpedia-entity,32,recalibration,50,4338,50,ad_probe,ad_c(full_target_scalar_reference),0.008733287273383072,False,1.702596573112852,2332030
dbpedia-entity,32,selection,50,4338,50,glob_probe,best_in_menu_on_eval,0.0,True,,2332030
dbpedia-entity,33,recalibration,50,4517,50,ad_probe,ad_c(full_target_scalar_reference),0.009384578295727586,False,2.800498308608086,2333030
dbpedia-entity,33,selection,50,4517,50,glob_probe,best_in_menu_on_eval,0.0,True,,2333030
dbpedia-entity,34,recalibration,50,4529,50,ad_probe,ad_c(full_target_scalar_reference),0.0058611327858763,False,0.8322015423469029,2334030
dbpedia-entity,34,selection,50,4529,50,glob_probe,best_in_menu_on_eval,0.0,True,,2334030
dbpedia-entity,35,recalibration,50,4540,50,ad_probe,ad_c(full_target_scalar_reference),0.005656716814464835,False,0.6674922049569769,2335030
dbpedia-entity,35,selection,50,4540,50,glob_probe,best_in_menu_on_eval,0.0,True,,2335030
dbpedia-entity,36,recalibration,50,4559,50,ad_probe,ad_c(full_target_scalar_reference),0.002278743519176174,True,0.27787507424357116,2336030
dbpedia-entity,36,selection,50,4559,50,glob_probe,best_in_menu_on_eval,0.0,True,,2336030
dbpedia-entity,37,recalibration,50,4514,50,ad_probe,ad_c(full_target_scalar_reference),0.002075713272282842,True,0.20807033638587846,2337030
dbpedia-entity,37,selection,50,4514,50,glob_probe,best_in_menu_on_eval,0.0,True,,2337030
dbpedia-entity,38,recalibration,50,4519,50,ad_probe,ad_c(full_target_scalar_reference),0.0045616747262191,True,1.1018380298245694,2338030
dbpedia-entity,38,selection,50,4519,50,glob_probe,best_in_menu_on_eval,0.0,True,,2338030
dbpedia-entity,39,recalibration,50,4607,50,ad_probe,ad_c(full_target_scalar_reference),0.0058435454189256775,False,1.4377284820353697,2339030
dbpedia-entity,39,selection,50,4607,50,glob_probe,best_in_menu_on_eval,0.020329774092943842,False,,2339030
dbpedia-entity,40,recalibration,50,4723,50,ad_probe,ad_c(full_target_scalar_reference),0.0019298365430424624,True,0.19006656286166113,2340030
dbpedia-entity,40,selection,50,4723,50,glob_probe,best_in_menu_on_eval,0.0,True,,2340030
dbpedia-entity,41,recalibration,50,4407,50,ad_probe,ad_c(full_target_scalar_reference),0.006878528822221841,False,1.1125203610512777,2341030
dbpedia-entity,41,selection,50,4407,50,glob_probe,best_in_menu_on_eval,0.0,True,,2341030
dbpedia-entity,42,recalibration,50,4582,50,ad_probe,ad_c(full_target_scalar_reference),0.006337721233291016,False,0.9032019672517837,2342030
dbpedia-entity,42,selection,50,4582,50,glob_probe,best_in_menu_on_eval,0.0,True,,2342030
dbpedia-entity,43,recalibration,50,4579,50,ad_probe,ad_c(full_target_scalar_reference),0.004753680278036132,True,0.5017370501089449,2343030
dbpedia-entity,43,selection,50,4579,50,glob_probe,best_in_menu_on_eval,0.002690752043955802,True,,2343030
dbpedia-entity,44,recalibration,50,4559,50,ad_probe,ad_c(full_target_scalar_reference),0.007693347342825452,False,1.3548945908435623,2344030
dbpedia-entity,44,selection,50,4559,50,glob_probe,best_in_menu_on_eval,0.0,True,,2344030
dbpedia-entity,45,recalibration,50,4389,50,ad_probe,ad_c(full_target_scalar_reference),0.012557221065748747,False,3.4768905752443526,2345030
dbpedia-entity,45,selection,50,4389,50,glob_probe,best_in_menu_on_eval,0.0,True,,2345030
dbpedia-entity,46,recalibration,50,4727,50,ad_probe,ad_c(full_target_scalar_reference),0.006561563279238292,False,1.2490077553342003,2346030
dbpedia-entity,46,selection,50,4727,50,glob_probe,best_in_menu_on_eval,0.0,True,,2346030
dbpedia-entity,47,recalibration,50,4522,50,ad_probe,ad_c(full_target_scalar_reference),0.0010520089021900936,True,0.0633035218763549,2347030
dbpedia-entity,47,selection,50,4522,50,glob_probe,best_in_menu_on_eval,0.013053915066073563,False,,2347030
dbpedia-entity,48,recalibration,50,4500,50,ad_probe,ad_c(full_target_scalar_reference),0.001252200503370715,True,0.10484023057070324,2348030
dbpedia-entity,48,selection,50,4500,50,glob_probe,best_in_menu_on_eval,0.0,True,,2348030
dbpedia-entity,49,recalibration,50,4469,50,ad_probe,ad_c(full_target_scalar_reference),0.008584270540520134,False,1.4447225592241555,2349030
dbpedia-entity,49,selection,50,4469,50,glob_probe,best_in_menu_on_eval,0.0,True,,2349030
dbpedia-entity,0,recalibration,100,9136,100,ad_probe,ad_c(full_target_scalar_reference),0.0024044880031209304,True,0.567583689967563,2400083
dbpedia-entity,0,selection,100,9136,100,glob_probe,best_in_menu_on_eval,0.0,True,,2400083
dbpedia-entity,1,recalibration,100,9113,100,ad_probe,ad_c(full_target_scalar_reference),0.0006277354137549929,True,0.10499795069110895,2401083
dbpedia-entity,1,selection,100,9113,100,glob_probe,best_in_menu_on_eval,0.0,True,,2401083
dbpedia-entity,2,recalibration,100,9071,100,ad_probe,ad_c(full_target_scalar_reference),0.0013847173319430084,True,0.4181347671167206,2402083
dbpedia-entity,2,selection,100,9071,100,glob_probe,best_in_menu_on_eval,0.0,True,,2402083
dbpedia-entity,3,recalibration,100,9019,100,ad_probe,ad_c(full_target_scalar_reference),0.004486879552007217,True,0.9675193805395663,2403083
dbpedia-entity,3,selection,100,9019,100,glob_probe,best_in_menu_on_eval,0.0,True,,2403083
dbpedia-entity,4,recalibration,100,9046,100,ad_probe,ad_c(full_target_scalar_reference),0.0018226714438396296,True,0.5460368639944875,2404083
dbpedia-entity,4,selection,100,9046,100,glob_probe,best_in_menu_on_eval,0.0,True,,2404083
dbpedia-entity,5,recalibration,100,9028,100,ad_probe,ad_c(full_target_scalar_reference),0.00376778486392626,True,1.0727608744083152,2405083
dbpedia-entity,5,selection,100,9028,100,glob_probe,best_in_menu_on_eval,0.0,True,,2405083
dbpedia-entity,6,recalibration,100,8887,100,ad_probe,ad_c(full_target_scalar_reference),0.0031457611399969276,True,0.47528232529262304,2406083
dbpedia-entity,6,selection,100,8887,100,glob_probe,best_in_menu_on_eval,0.0,True,,2406083
dbpedia-entity,7,recalibration,100,9100,100,ad_probe,ad_c(full_target_scalar_reference),0.004538316700845424,True,0.5017370501089449,2407083
dbpedia-entity,7,selection,100,9100,100,glob_probe,best_in_menu_on_eval,0.0,True,,2407083
dbpedia-entity,8,recalibration,100,9232,100,ad_probe,ad_c(full_target_scalar_reference),0.005725746996434189,False,1.0954118469161376,2408083
dbpedia-entity,8,selection,100,9232,100,glob_probe,best_in_menu_on_eval,0.0,True,,2408083
dbpedia-entity,9,recalibration,100,9069,100,ad_probe,ad_c(full_target_scalar_reference),0.0022558138606484923,True,0.36200686144286465,2409083
dbpedia-entity,9,selection,100,9069,100,glob_probe,best_in_menu_on_eval,0.0,True,,2409083
dbpedia-entity,10,recalibration,100,8982,100,ad_probe,ad_c(full_target_scalar_reference),0.0018191043548044794,True,0.23288925987733755,2410083
dbpedia-entity,10,selection,100,8982,100,glob_probe,best_in_menu_on_eval,0.0,True,,2410083
dbpedia-entity,11,recalibration,100,9072,100,ad_probe,ad_c(full_target_scalar_reference),0.005170065101541332,False,0.7545402662377008,2411083
dbpedia-entity,11,selection,100,9072,100,glob_probe,best_in_menu_on_eval,0.0,True,,2411083
dbpedia-entity,12,recalibration,100,9189,100,ad_probe,ad_c(full_target_scalar_reference),0.0009756493472932171,True,0.09105380781342198,2412083
dbpedia-entity,12,selection,100,9189,100,glob_probe,best_in_menu_on_eval,0.025916608009688646,False,,2412083
dbpedia-entity,13,recalibration,100,9136,100,ad_probe,ad_c(full_target_scalar_reference),0.004091025263640524,True,1.212692409330681,2413083
dbpedia-entity,13,selection,100,9136,100,glob_probe,best_in_menu_on_eval,0.0,True,,2413083
dbpedia-entity,14,recalibration,100,9118,100,ad_probe,ad_c(full_target_scalar_reference),0.005250278691622756,False,0.988415063836591,2414083
dbpedia-entity,14,selection,100,9118,100,glob_probe,best_in_menu_on_eval,0.0,True,,2414083
dbpedia-entity,15,recalibration,100,9212,100,ad_probe,ad_c(full_target_scalar_reference),0.009742698265000127,False,1.496625555558154,2415083
dbpedia-entity,15,selection,100,9212,100,glob_probe,best_in_menu_on_eval,0.0,True,,2415083
dbpedia-entity,16,recalibration,100,8998,100,ad_probe,ad_c(full_target_scalar_reference),0.0069421233671281835,False,1.5948752705841676,2416083
dbpedia-entity,16,selection,100,8998,100,glob_probe,best_in_menu_on_eval,0.0,True,,2416083
dbpedia-entity,17,recalibration,100,9301,100,ad_probe,ad_c(full_target_scalar_reference),0.00242772919827855,True,0.44109820532143296,2417083
dbpedia-entity,17,selection,100,9301,100,glob_probe,best_in_menu_on_eval,0.0,True,,2417083
dbpedia-entity,18,recalibration,100,9177,100,ad_probe,ad_c(full_target_scalar_reference),0.0011745838919637874,True,0.24504684511693675,2418083
dbpedia-entity,18,selection,100,9177,100,glob_probe,best_in_menu_on_eval,0.0,True,,2418083
dbpedia-entity,19,recalibration,100,9237,100,ad_probe,ad_c(full_target_scalar_reference),0.0012069048712134989,True,0.22809128476504803,2419083
dbpedia-entity,19,selection,100,9237,100,glob_probe,best_in_menu_on_eval,0.0,True,,2419083
dbpedia-entity,20,recalibration,100,8957,100,ad_probe,ad_c(full_target_scalar_reference),0.004660182256659928,True,1.108408241577953,2420083
dbpedia-entity,20,selection,100,8957,100,glob_probe,best_in_menu_on_eval,0.0,True,,2420083
dbpedia-entity,21,recalibration,100,9183,100,ad_probe,ad_c(full_target_scalar_reference),0.00044216395135271425,True,0.01800377352421556,2421083
dbpedia-entity,21,selection,100,9183,100,glob_probe,best_in_menu_on_eval,0.0,True,,2421083
dbpedia-entity,22,recalibration,100,9219,100,ad_probe,ad_c(full_target_scalar_reference),0.010336614985918535,False,2.6196193301529966,2422083
dbpedia-entity,22,selection,100,9219,100,glob_probe,best_in_menu_on_eval,0.0,True,,2422083
dbpedia-entity,23,recalibration,100,9164,100,ad_probe,ad_c(full_target_scalar_reference),0.006634067804260346,False,1.5949416300509434,2423083
dbpedia-entity,23,selection,100,9164,100,glob_probe,best_in_menu_on_eval,0.0,True,,2423083
dbpedia-entity,24,recalibration,100,9032,100,ad_probe,ad_c(full_target_scalar_reference),0.0055103712018581,False,0.8289799019142148,2424083
dbpedia-entity,24,selection,100,9032,100,glob_probe,best_in_menu_on_eval,0.0,True,,2424083
dbpedia-entity,25,recalibration,100,9113,100,ad_probe,ad_c(full_target_scalar_reference),0.0017411277723383134,True,0.6511570642517679,2425083
dbpedia-entity,25,selection,100,9113,100,glob_probe,best_in_menu_on_eval,0.0,True,,2425083
dbpedia-entity,26,recalibration,100,9006,100,ad_probe,ad_c(full_target_scalar_reference),0.0034723313416269996,True,0.7648576479995608,2426083
dbpedia-entity,26,selection,100,9006,100,glob_probe,best_in_menu_on_eval,0.0,True,,2426083
dbpedia-entity,27,recalibration,100,9221,100,ad_probe,ad_c(full_target_scalar_reference),0.0037016980265339727,True,0.658831944438953,2427083
dbpedia-entity,27,selection,100,9221,100,glob_probe,best_in_menu_on_eval,0.0,True,,2427083
dbpedia-entity,28,recalibration,100,9009,100,ad_probe,ad_c(full_target_scalar_reference),0.0020330673592292015,True,0.17851169148060642,2428083
dbpedia-entity,28,selection,100,9009,100,glob_probe,best_in_menu_on_eval,0.0,True,,2428083
dbpedia-entity,29,recalibration,100,9127,100,ad_probe,ad_c(full_target_scalar_reference),0.0030504124673461086,True,0.5424056743393084,2429083
dbpedia-entity,29,selection,100,9127,100,glob_probe,best_in_menu_on_eval,0.0,True,,2429083
dbpedia-entity,30,recalibration,100,9006,100,ad_probe,ad_c(full_target_scalar_reference),0.007309545508738413,False,0.9453286457673382,2430083
dbpedia-entity,30,selection,100,9006,100,glob_probe,best_in_menu_on_eval,0.0,True,,2430083
dbpedia-entity,31,recalibration,100,9333,100,ad_probe,ad_c(full_target_scalar_reference),0.003796865392554305,True,0.9781125869931735,2431083
dbpedia-entity,31,selection,100,9333,100,glob_probe,best_in_menu_on_eval,0.0,True,,2431083
dbpedia-entity,32,recalibration,100,8972,100,ad_probe,ad_c(full_target_scalar_reference),0.0026577553870538173,True,0.35186046913938007,2432083
dbpedia-entity,32,selection,100,8972,100,glob_probe,best_in_menu_on_eval,0.0,True,,2432083
dbpedia-entity,33,recalibration,100,9264,100,ad_probe,ad_c(full_target_scalar_reference),0.001081348292917672,True,0.4624270018095338,2433083
dbpedia-entity,33,selection,100,9264,100,glob_probe,best_in_menu_on_eval,0.0,True,,2433083
dbpedia-entity,34,recalibration,100,9158,100,ad_probe,ad_c(full_target_scalar_reference),0.00640421708033817,False,1.3374982155369164,2434083
dbpedia-entity,34,selection,100,9158,100,glob_probe,best_in_menu_on_eval,0.0,True,,2434083
dbpedia-entity,35,recalibration,100,9195,100,ad_probe,ad_c(full_target_scalar_reference),0.004200414027262789,True,0.41468898882822103,2435083
dbpedia-entity,35,selection,100,9195,100,glob_probe,best_in_menu_on_eval,0.0,True,,2435083
dbpedia-entity,36,recalibration,100,9194,100,ad_probe,ad_c(full_target_scalar_reference),0.0032963018041470837,True,0.8664567637892855,2436083
dbpedia-entity,36,selection,100,9194,100,glob_probe,best_in_menu_on_eval,0.0,True,,2436083
dbpedia-entity,37,recalibration,100,9011,100,ad_probe,ad_c(full_target_scalar_reference),0.007349806587497454,False,1.3295560680415246,2437083
dbpedia-entity,37,selection,100,9011,100,glob_probe,best_in_menu_on_eval,0.0,True,,2437083
dbpedia-entity,38,recalibration,100,9440,100,ad_probe,ad_c(full_target_scalar_reference),0.0021502866998117653,True,0.20807033638587846,2438083
dbpedia-entity,38,selection,100,9440,100,glob_probe,best_in_menu_on_eval,0.0,True,,2438083
dbpedia-entity,39,recalibration,100,9090,100,ad_probe,ad_c(full_target_scalar_reference),0.007087652244890441,False,1.3142181818576315,2439083
dbpedia-entity,39,selection,100,9090,100,glob_probe,best_in_menu_on_eval,0.0,True,,2439083
dbpedia-entity,40,recalibration,100,8998,100,ad_probe,ad_c(full_target_scalar_reference),0.0016952035445725877,True,0.44978036151346323,2440083
dbpedia-entity,40,selection,100,8998,100,glob_probe,best_in_menu_on_eval,0.0,True,,2440083
dbpedia-entity,41,recalibration,100,9022,100,ad_probe,ad_c(full_target_scalar_reference),0.005942515204160004,False,1.0361312063469814,2441083
dbpedia-entity,41,selection,100,9022,100,glob_probe,best_in_menu_on_eval,0.0,True,,2441083
dbpedia-entity,42,recalibration,100,9071,100,ad_probe,ad_c(full_target_scalar_reference),0.001923601799576069,True,0.1977116245035031,2442083
dbpedia-entity,42,selection,100,9071,100,glob_probe,best_in_menu_on_eval,0.0,True,,2442083
dbpedia-entity,43,recalibration,100,9156,100,ad_probe,ad_c(full_target_scalar_reference),0.0016332804176535931,True,0.4793825621614225,2443083
dbpedia-entity,43,selection,100,9156,100,glob_probe,best_in_menu_on_eval,0.0,True,,2443083
dbpedia-entity,44,recalibration,100,9300,100,ad_probe,ad_c(full_target_scalar_reference),0.002603970990329829,True,0.5513794773031879,2444083
dbpedia-entity,44,selection,100,9300,100,glob_probe,best_in_menu_on_eval,0.0,True,,2444083
dbpedia-entity,45,recalibration,100,9118,100,ad_probe,ad_c(full_target_scalar_reference),0.0001496243308584666,True,0.007645061641841977,2445083
dbpedia-entity,45,selection,100,9118,100,glob_probe,best_in_menu_on_eval,0.0,True,,2445083
dbpedia-entity,46,recalibration,100,8955,100,ad_probe,ad_c(full_target_scalar_reference),0.004640302975734978,True,0.988415063836591,2446083
dbpedia-entity,46,selection,100,8955,100,glob_probe,best_in_menu_on_eval,0.0,True,,2446083
dbpedia-entity,47,recalibration,100,9231,100,ad_probe,ad_c(full_target_scalar_reference),0.0010420407155792843,True,0.17890951442885772,2447083
dbpedia-entity,47,selection,100,9231,100,glob_probe,best_in_menu_on_eval,0.0,True,,2447083
dbpedia-entity,48,recalibration,100,9154,100,ad_probe,ad_c(full_target_scalar_reference),0.005430799940699171,False,0.9572989648033516,2448083
dbpedia-entity,48,selection,100,9154,100,glob_probe,best_in_menu_on_eval,0.0,True,,2448083
dbpedia-entity,49,recalibration,100,9026,100,ad_probe,ad_c(full_target_scalar_reference),0.000586284842147955,True,0.3407342970979972,2449083
dbpedia-entity,49,selection,100,9026,100,glob_probe,best_in_menu_on_eval,0.0,True,,2449083
nfcorpus,0,recalibration,5,445,5,ad_probe,ad_c(full_target_scalar_reference),0.024775438460589216,False,17.287675713991533,2000372
nfcorpus,0,selection,5,445,5,glob_probe,best_in_menu_on_eval,0.0,True,,2000372
nfcorpus,1,recalibration,5,399,5,ad_probe,ad_c(full_target_scalar_reference),0.024866502637154397,False,9.039689614314788,2001372
nfcorpus,1,selection,5,399,5,glob_probe,best_in_menu_on_eval,0.03280012777171498,False,,2001372
nfcorpus,2,recalibration,5,417,5,ad_probe,ad_c(full_target_scalar_reference),0.025396365016922162,False,9.148343100818021,2002372
nfcorpus,2,selection,5,417,5,trunc,best_in_menu_on_eval,0.031118753106868846,False,,2002372
nfcorpus,3,recalibration,5,450,5,ad_probe,ad_c(full_target_scalar_reference),0.02336807520736256,False,9.153990642089672,2003372
nfcorpus,3,selection,5,450,5,glob_probe,best_in_menu_on_eval,0.01720640619096342,False,,2003372
nfcorpus,4,recalibration,5,461,5,ad_probe,ad_c(full_target_scalar_reference),0.0009339378947456067,True,0.47201671071900897,2004372
nfcorpus,4,selection,5,461,5,glob_probe,best_in_menu_on_eval,0.0,True,,2004372
nfcorpus,5,recalibration,5,438,5,ad_probe,ad_c(full_target_scalar_reference),0.025476008079878376,False,9.482140284673338,2005372
nfcorpus,5,selection,5,438,5,ad_probe,best_in_menu_on_eval,0.0,True,,2005372
nfcorpus,6,recalibration,5,490,5,ad_probe,ad_c(full_target_scalar_reference),0.03125242692544733,False,9.857999573724536,2006372
nfcorpus,6,selection,5,490,5,glob_probe,best_in_menu_on_eval,0.06309020346426392,False,,2006372
nfcorpus,7,recalibration,5,403,5,ad_probe,ad_c(full_target_scalar_reference),0.015438095965306375,False,8.835290155688336,2007372
nfcorpus,7,selection,5,403,5,glob_probe,best_in_menu_on_eval,0.01510430166259319,False,,2007372
nfcorpus,8,recalibration,5,462,5,ad_probe,ad_c(full_target_scalar_reference),0.023327410201694265,False,8.478543712959251,2008372
nfcorpus,8,selection,5,462,5,trunc,best_in_menu_on_eval,0.030247298820142265,False,,2008372
nfcorpus,9,recalibration,5,424,5,ad_probe,ad_c(full_target_scalar_reference),0.00989939067584339,False,4.297178220412087,2009372
nfcorpus,9,selection,5,424,5,ad_probe,best_in_menu_on_eval,0.0,True,,2009372
nfcorpus,10,recalibration,5,427,5,ad_probe,ad_c(full_target_scalar_reference),0.02425018278787655,False,9.26692429931258,2010372
nfcorpus,10,selection,5,427,5,glob_probe,best_in_menu_on_eval,0.06040290953988148,False,,2010372
nfcorpus,11,recalibration,5,449,5,ad_probe,ad_c(full_target_scalar_reference),0.023501305375369597,False,8.679241003125124,2011372
nfcorpus,11,selection,5,449,5,glob_probe,best_in_menu_on_eval,0.016584102193314854,False,,2011372
nfcorpus,12,recalibration,5,386,5,ad_probe,ad_c(full_target_scalar_reference),0.0074004460795938365,False,4.224665323350484,2012372
nfcorpus,12,selection,5,386,5,glob_probe,best_in_menu_on_eval,0.18540142553532984,False,,2012372
nfcorpus,13,recalibration,5,467,5,ad_probe,ad_c(full_target_scalar_reference),0.023629613464373256,False,8.905131911926883,2013372
nfcorpus,13,selection,5,467,5,glob_probe,best_in_menu_on_eval,0.031682694190991345,False,,2013372
nfcorpus,14,recalibration,5,439,5,ad_probe,ad_c(full_target_scalar_reference),0.008885946062423267,False,3.9495000530100786,2014372
nfcorpus,14,selection,5,439,5,glob_probe,best_in_menu_on_eval,0.0,True,,2014372
nfcorpus,15,recalibration,5,435,5,ad_probe,ad_c(full_target_scalar_reference),0.01555059848015905,False,7.207931838736054,2015372
nfcorpus,15,selection,5,435,5,glob_probe,best_in_menu_on_eval,0.048106252632605095,False,,2015372
nfcorpus,16,recalibration,5,400,5,ad_probe,ad_c(full_target_scalar_reference),0.006714374529706468,False,2.7333793520999308,2016372
nfcorpus,16,selection,5,400,5,glob_probe,best_in_menu_on_eval,0.0,True,,2016372
nfcorpus,17,recalibration,5,497,5,ad_probe,ad_c(full_target_scalar_reference),0.0021983761774236332,True,1.7940521175815913,2017372
nfcorpus,17,selection,5,497,5,glob_probe,best_in_menu_on_eval,0.0,True,,2017372
nfcorpus,18,recalibration,5,449,5,ad_probe,ad_c(full_target_scalar_reference),0.044444129315808045,False,47.43847093962103,2018372
nfcorpus,18,selection,5,449,5,trunc,best_in_menu_on_eval,0.01795925439860052,False,,2018372
nfcorpus,19,recalibration,5,421,5,ad_probe,ad_c(full_target_scalar_reference),0.010032768724185293,False,4.297178220412087,2019372
nfcorpus,19,selection,5,421,5,trunc,best_in_menu_on_eval,0.01726916292073183,False,,2019372
nfcorpus,20,recalibration,5,475,5,ad_probe,ad_c(full_target_scalar_reference),0.031219355931394466,False,25.34784365811052,2020372
nfcorpus,20,selection,5,475,5,glob_probe,best_in_menu_on_eval,0.0,True,,2020372
nfcorpus,21,recalibration,5,404,5,ad_probe,ad_c(full_target_scalar_reference),0.02454553651633451,False,8.43822043308508,2021372
nfcorpus,21,selection,5,404,5,trunc,best_in_menu_on_eval,0.03200066623680453,False,,2021372
nfcorpus,22,recalibration,5,420,5,ad_probe,ad_c(full_target_scalar_reference),0.013893396480614106,False,5.867538632084067,2022372
nfcorpus,22,selection,5,420,5,glob_probe,best_in_menu_on_eval,0.04584692809218155,False,,2022372
nfcorpus,23,recalibration,5,410,5,ad_probe,ad_c(full_target_scalar_reference),0.017473707529539695,False,7.679620386661153,2023372
nfcorpus,23,selection,5,410,5,ad_probe,best_in_menu_on_eval,0.0,True,,2023372
nfcorpus,24,recalibration,5,417,5,ad_probe,ad_c(full_target_scalar_reference),0.02453701167086092,False,15.368448082433462,2024372
nfcorpus,24,selection,5,417,5,glob_probe,best_in_menu_on_eval,0.0,True,,2024372
nfcorpus,25,recalibration,5,412,5,ad_probe,ad_c(full_target_scalar_reference),0.02836141796635877,False,20.0220988231733,2025372
nfcorpus,25,selection,5,412,5,trunc,best_in_menu_on_eval,0.0,True,,2025372
nfcorpus,26,recalibration,5,415,5,ad_probe,ad_c(full_target_scalar_reference),0.013389912757386713,False,7.087820595936752,2026372
nfcorpus,26,selection,5,415,5,glob_probe,best_in_menu_on_eval,0.0451226005786301,False,,2026372
nfcorpus,27,recalibration,5,459,5,ad_probe,ad_c(full_target_scalar_reference),0.014066749116748045,False,6.570176001119261,2027372
nfcorpus,27,selection,5,459,5,ad_probe,best_in_menu_on_eval,0.0,True,,2027372
nfcorpus,28,recalibration,5,432,5,ad_probe,ad_c(full_target_scalar_reference),0.0016135670223844656,True,0.8133178387424476,2028372
nfcorpus,28,selection,5,432,5,glob_probe,best_in_menu_on_eval,0.09042376785884249,False,,2028372
nfcorpus,29,recalibration,5,461,5,ad_probe,ad_c(full_target_scalar_reference),0.020213921637935506,False,8.034762216558526,2029372
nfcorpus,29,selection,5,461,5,trunc,best_in_menu_on_eval,0.02683582586813915,False,,2029372
nfcorpus,30,recalibration,5,457,5,ad_probe,ad_c(full_target_scalar_reference),0.0035501794036784107,True,2.7027116628525274,2030372
nfcorpus,30,selection,5,457,5,glob_probe,best_in_menu_on_eval,0.009379390944241173,True,,2030372
nfcorpus,31,recalibration,5,466,5,ad_probe,ad_c(full_target_scalar_reference),0.013964358189020976,False,6.97575169233708,2031372
nfcorpus,31,selection,5,466,5,trunc,best_in_menu_on_eval,0.021298292262625973,False,,2031372
nfcorpus,32,recalibration,5,397,5,ad_probe,ad_c(full_target_scalar_reference),0.006387993724618735,False,2.660001934411417,2032372
nfcorpus,32,selection,5,397,5,ad_probe,best_in_menu_on_eval,0.0,True,,2032372
nfcorpus,33,recalibration,5,440,5,ad_probe,ad_c(full_target_scalar_reference),0.0008081147480674677,True,0.6336635510561983,2033372
nfcorpus,33,selection,5,440,5,glob_probe,best_in_menu_on_eval,0.0,True,,2033372
nfcorpus,34,recalibration,5,498,5,ad_probe,ad_c(full_target_scalar_reference),0.003275412395862265,True,2.052778513665409,2034372
nfcorpus,34,selection,5,498,5,glob_probe,best_in_menu_on_eval,0.0031553850209716794,True,,2034372
nfcorpus,35,recalibration,5,419,5,ad_probe,ad_c(full_target_scalar_reference),0.011615314859795889,False,5.97334066249889,2035372
nfcorpus,35,selection,5,419,5,ad_probe,best_in_menu_on_eval,0.0067313578915508265,True,,2035372
nfcorpus,36,recalibration,5,416,5,ad_probe,ad_c(full_target_scalar_reference),0.03111371021229742,False,24.524689756732784,2036372
nfcorpus,36,selection,5,416,5,glob_probe,best_in_menu_on_eval,0.0,True,,2036372
nfcorpus,37,recalibration,5,488,5,ad_probe,ad_c(full_target_scalar_reference),0.011345867806852372,False,5.469029275094508,2037372
nfcorpus,37,selection,5,488,5,glob_probe,best_in_menu_on_eval,0.023613188401836793,False,,2037372
nfcorpus,38,recalibration,5,445,5,ad_probe,ad_c(full_target_scalar_reference),0.010793579082714111,False,4.560108633629277,2038372
nfcorpus,38,selection,5,445,5,glob_probe,best_in_menu_on_eval,0.0,True,,2038372
nfcorpus,39,recalibration,5,453,5,ad_probe,ad_c(full_target_scalar_reference),0.010195057979531408,False,4.36883657689466,2039372
nfcorpus,39,selection,5,453,5,glob_probe,best_in_menu_on_eval,0.005715825836535571,True,,2039372
nfcorpus,40,recalibration,5,423,5,ad_probe,ad_c(full_target_scalar_reference),0.01732459559887012,False,7.422568834274933,2040372
nfcorpus,40,selection,5,423,5,glob_probe,best_in_menu_on_eval,0.010833221026422313,False,,2040372
nfcorpus,41,recalibration,5,439,5,ad_probe,ad_c(full_target_scalar_reference),0.014280531036670319,False,6.20449788893447,2041372
nfcorpus,41,selection,5,439,5,glob_probe,best_in_menu_on_eval,0.022478948645861363,False,,2041372
nfcorpus,42,recalibration,5,455,5,ad_probe,ad_c(full_target_scalar_reference),0.013822903968640554,False,5.909414217407387,2042372
nfcorpus,42,selection,5,455,5,glob_probe,best_in_menu_on_eval,0.01254320271978332,False,,2042372
nfcorpus,43,recalibration,5,388,5,ad_probe,ad_c(full_target_scalar_reference),0.00967184475264532,False,5.22782473096907,2043372
nfcorpus,43,selection,5,388,5,glob_probe,best_in_menu_on_eval,0.0,True,,2043372
nfcorpus,44,recalibration,5,438,5,ad_probe,ad_c(full_target_scalar_reference),0.007373820611430104,False,3.987046524414131,2044372
nfcorpus,44,selection,5,438,5,glob_probe,best_in_menu_on_eval,0.0,True,,2044372
nfcorpus,45,recalibration,5,352,5,ad_probe,ad_c(full_target_scalar_reference),0.02636032909183117,False,16.73614702626059,2045372
nfcorpus,45,selection,5,352,5,ad_probe,best_in_menu_on_eval,0.020258953835563587,False,,2045372
nfcorpus,46,recalibration,5,345,5,ad_probe,ad_c(full_target_scalar_reference),0.011110983915364081,False,4.642022214130954,2046372
nfcorpus,46,selection,5,345,5,glob_probe,best_in_menu_on_eval,0.1285454245796841,False,,2046372
nfcorpus,47,recalibration,5,370,5,ad_probe,ad_c(full_target_scalar_reference),0.016940600687565532,False,7.411072849570224,2047372
nfcorpus,47,selection,5,370,5,ad_probe,best_in_menu_on_eval,0.0,True,,2047372
nfcorpus,48,recalibration,5,447,5,ad_probe,ad_c(full_target_scalar_reference),0.015837639752593724,False,6.69068279092204,2048372
nfcorpus,48,selection,5,447,5,trunc,best_in_menu_on_eval,0.02238344708982326,False,,2048372
nfcorpus,49,recalibration,5,432,5,ad_probe,ad_c(full_target_scalar_reference),0.013060354906134775,False,6.20449788893447,2049372
nfcorpus,49,selection,5,432,5,glob_probe,best_in_menu_on_eval,0.007889032105159843,True,,2049372
nfcorpus,0,recalibration,10,879,10,ad_probe,ad_c(full_target_scalar_reference),0.017780578710397843,False,7.53335594638647,733
nfcorpus,0,selection,10,879,10,glob_probe,best_in_menu_on_eval,0.01668969908514084,False,,733
nfcorpus,1,recalibration,10,889,10,ad_probe,ad_c(full_target_scalar_reference),0.0006042831297304874,True,0.3432833918021334,1733
nfcorpus,1,selection,10,889,10,ad_probe,best_in_menu_on_eval,0.01260094692054936,False,,1733
nfcorpus,2,recalibration,10,899,10,ad_probe,ad_c(full_target_scalar_reference),0.0036131129594725864,True,2.3483410170347465,2733
nfcorpus,2,selection,10,899,10,glob_probe,best_in_menu_on_eval,0.0,True,,2733
nfcorpus,3,recalibration,10,864,10,ad_probe,ad_c(full_target_scalar_reference),0.02496950286020605,False,9.26686590475849,3733
nfcorpus,3,selection,10,864,10,glob_probe,best_in_menu_on_eval,0.033296994890134324,False,,3733
nfcorpus,4,recalibration,10,948,10,ad_probe,ad_c(full_target_scalar_reference),0.002904997677956156,True,1.2854872084420386,4733
nfcorpus,4,selection,10,948,10,glob_probe,best_in_menu_on_eval,0.0,True,,4733
nfcorpus,5,recalibration,10,873,10,ad_probe,ad_c(full_target_scalar_reference),0.004950297134268533,True,3.178739266966387,5733
nfcorpus,5,selection,10,873,10,glob_probe,best_in_menu_on_eval,0.0,True,,5733
nfcorpus,6,recalibration,10,864,10,ad_probe,ad_c(full_target_scalar_reference),0.007947633392034636,False,4.230339893988264,6733
nfcorpus,6,selection,10,864,10,glob_probe,best_in_menu_on_eval,0.02800236084205371,False,,6733
nfcorpus,7,recalibration,10,854,10,ad_probe,ad_c(full_target_scalar_reference),0.0025625245070902136,True,1.4786489645674532,7733
nfcorpus,7,selection,10,854,10,ad_probe,best_in_menu_on_eval,0.0,True,,7733
nfcorpus,8,recalibration,10,926,10,ad_probe,ad_c(full_target_scalar_reference),0.00978519549954765,False,5.187210779660711,8733
nfcorpus,8,selection,10,926,10,glob_probe,best_in_menu_on_eval,0.0,True,,8733
nfcorpus,9,recalibration,10,831,10,ad_probe,ad_c(full_target_scalar_reference),0.00797689864669443,False,3.282690106486614,9733
nfcorpus,9,selection,10,831,10,glob_probe,best_in_menu_on_eval,0.0,True,,9733
nfcorpus,10,recalibration,10,878,10,ad_probe,ad_c(full_target_scalar_reference),0.015086420149316215,False,5.811112597817226,10733
nfcorpus,10,selection,10,878,10,trunc,best_in_menu_on_eval,0.021680875408831513,False,,10733
nfcorpus,11,recalibration,10,915,10,ad_probe,ad_c(full_target_scalar_reference),0.0019749136909140153,True,1.3815689223342371,11733
nfcorpus,11,selection,10,915,10,glob_probe,best_in_menu_on_eval,0.010223151733045222,False,,11733
nfcorpus,12,recalibration,10,947,10,ad_probe,ad_c(full_target_scalar_reference),7.866557531727159e-05,True,0.4557253078155714,12733
nfcorpus,12,selection,10,947,10,glob_probe,best_in_menu_on_eval,0.01182729643412217,False,,12733
nfcorpus,13,recalibration,10,920,10,ad_probe,ad_c(full_target_scalar_reference),0.011389130693571836,False,6.7518913234738855,13733
nfcorpus,13,selection,10,920,10,ad_probe,best_in_menu_on_eval,0.0,True,,13733
nfcorpus,14,recalibration,10,938,10,ad_probe,ad_c(full_target_scalar_reference),0.007404099500906203,False,4.228291111834507,14733
nfcorpus,14,selection,10,938,10,glob_probe,best_in_menu_on_eval,0.0261653706562352,False,,14733
nfcorpus,15,recalibration,10,874,10,ad_probe,ad_c(full_target_scalar_reference),0.011055222113849128,False,4.850670147210829,15733
nfcorpus,15,selection,10,874,10,glob_probe,best_in_menu_on_eval,0.0486197266809153,False,,15733
nfcorpus,16,recalibration,10,878,10,ad_probe,ad_c(full_target_scalar_reference),0.006805553527967356,False,3.3000758305160165,16733
nfcorpus,16,selection,10,878,10,glob_probe,best_in_menu_on_eval,0.0,True,,16733
nfcorpus,17,recalibration,10,792,10,ad_probe,ad_c(full_target_scalar_reference),0.001651016635942304,True,1.1464460084252242,17733
nfcorpus,17,selection,10,792,10,glob_probe,best_in_menu_on_eval,0.0771206050407191,False,,17733
nfcorpus,18,recalibration,10,892,10,ad_probe,ad_c(full_target_scalar_reference),0.004482656190742007,True,2.819522150515338,18733
nfcorpus,18,selection,10,892,10,glob_probe,best_in_menu_on_eval,0.02593611828132758,False,,18733
nfcorpus,19,recalibration,10,817,10,ad_probe,ad_c(full_target_scalar_reference),0.01523060948507099,False,9.082695110428284,19733
nfcorpus,19,selection,10,817,10,glob_probe,best_in_menu_on_eval,0.0,True,,19733
nfcorpus,20,recalibration,10,949,10,ad_probe,ad_c(full_target_scalar_reference),0.0024434430545302033,True,1.8225850369101249,20733
nfcorpus,20,selection,10,949,10,trunc,best_in_menu_on_eval,0.008707047491648079,True,,20733
nfcorpus,21,recalibration,10,887,10,ad_probe,ad_c(full_target_scalar_reference),0.0008750298094530873,True,1.3591135570239565,21733
nfcorpus,21,selection,10,887,10,glob_probe,best_in_menu_on_eval,0.015570626379963037,False,,21733
nfcorpus,22,recalibration,10,932,10,ad_probe,ad_c(full_target_scalar_reference),0.013560419154232617,False,7.3273677417451015,22733
nfcorpus,22,selection,10,932,10,glob_probe,best_in_menu_on_eval,0.0,True,,22733
nfcorpus,23,recalibration,10,880,10,ad_probe,ad_c(full_target_scalar_reference),0.0011110377772436397,True,0.2065953518615693,23733
nfcorpus,23,selection,10,880,10,glob_probe,best_in_menu_on_eval,0.0,True,,23733
nfcorpus,24,recalibration,10,866,10,ad_probe,ad_c(full_target_scalar_reference),0.02861709277477903,False,19.671727309407324,24733
nfcorpus,24,selection,10,866,10,glob_probe,best_in_menu_on_eval,0.0,True,,24733
nfcorpus,25,recalibration,10,883,10,ad_probe,ad_c(full_target_scalar_reference),0.0011110377772436397,True,0.15763166277926288,25733
nfcorpus,25,selection,10,883,10,glob_probe,best_in_menu_on_eval,0.016649339433838894,False,,25733
nfcorpus,26,recalibration,10,816,10,ad_probe,ad_c(full_target_scalar_reference),0.010307192594458003,False,4.479434949983137,26733
nfcorpus,26,selection,10,816,10,glob_probe,best_in_menu_on_eval,0.018759319033787636,False,,26733
nfcorpus,27,recalibration,10,826,10,ad_probe,ad_c(full_target_scalar_reference),0.011900543620506243,False,4.983903039945922,27733
nfcorpus,27,selection,10,826,10,glob_probe,best_in_menu_on_eval,0.10330481985222251,False,,27733
nfcorpus,28,recalibration,10,857,10,ad_probe,ad_c(full_target_scalar_reference),0.01422852563811594,False,7.481155602175297,28733
nfcorpus,28,selection,10,857,10,trunc,best_in_menu_on_eval,0.008445456323934286,True,,28733
nfcorpus,29,recalibration,10,839,10,ad_probe,ad_c(full_target_scalar_reference),0.0032944251899072463,True,2.61017006012346,29733
nfcorpus,29,selection,10,839,10,glob_probe,best_in_menu_on_eval,0.0,True,,29733
nfcorpus,30,recalibration,10,883,10,ad_probe,ad_c(full_target_scalar_reference),0.024434297456745357,False,16.153728137173594,30733
nfcorpus,30,selection,10,883,10,glob_probe,best_in_menu_on_eval,0.01059267585270135,False,,30733
nfcorpus,31,recalibration,10,955,10,ad_probe,ad_c(full_target_scalar_reference),0.006433243813762424,False,2.704913369549601,31733
nfcorpus,31,selection,10,955,10,glob_probe,best_in_menu_on_eval,0.014614968002467088,False,,31733
nfcorpus,32,recalibration,10,927,10,ad_probe,ad_c(full_target_scalar_reference),0.011995326366258663,False,5.040456817943841,32733
nfcorpus,32,selection,10,927,10,glob_probe,best_in_menu_on_eval,0.033342063263993194,False,,32733
nfcorpus,33,recalibration,10,794,10,ad_probe,ad_c(full_target_scalar_reference),0.0043702519713298416,True,2.8645089662546805,33733
nfcorpus,33,selection,10,794,10,glob_probe,best_in_menu_on_eval,0.03309513713542517,False,,33733
nfcorpus,34,recalibration,10,883,10,ad_probe,ad_c(full_target_scalar_reference),0.004136764594502462,True,1.5996752925822424,34733
nfcorpus,34,selection,10,883,10,glob_probe,best_in_menu_on_eval,0.00050715649900962,True,,34733
nfcorpus,35,recalibration,10,958,10,ad_probe,ad_c(full_target_scalar_reference),0.010275859680052846,False,4.974791332660198,35733
nfcorpus,35,selection,10,958,10,glob_probe,best_in_menu_on_eval,0.026525227439077592,False,,35733
nfcorpus,36,recalibration,10,930,10,ad_probe,ad_c(full_target_scalar_reference),0.014294056341385974,False,5.739328405501636,36733
nfcorpus,36,selection,10,930,10,trunc,best_in_menu_on_eval,0.021280995889698395,False,,36733
nfcorpus,37,recalibration,10,878,10,ad_probe,ad_c(full_target_scalar_reference),0.005080830776587553,False,3.2610808644471803,37733
nfcorpus,37,selection,10,878,10,glob_probe,best_in_menu_on_eval,0.0181723607897481,False,,37733
nfcorpus,38,recalibration,10,824,10,ad_probe,ad_c(full_target_scalar_reference),0.007634630770203321,False,3.4590676176524724,38733
nfcorpus,38,selection,10,824,10,glob_probe,best_in_menu_on_eval,0.023915574454631494,False,,38733
nfcorpus,39,recalibration,10,889,10,ad_probe,ad_c(full_target_scalar_reference),0.00866230839640808,False,3.7853417010946284,39733
nfcorpus,39,selection,10,889,10,ad_probe,best_in_menu_on_eval,0.0,True,,39733
nfcorpus,40,recalibration,10,934,10,ad_probe,ad_c(full_target_scalar_reference),0.021019307878620774,False,7.900025627981079,40733
nfcorpus,40,selection,10,934,10,glob_probe,best_in_menu_on_eval,0.05369293239940237,False,,40733
nfcorpus,41,recalibration,10,842,10,ad_probe,ad_c(full_target_scalar_reference),0.020539273573255967,False,11.853039113068592,41733
nfcorpus,41,selection,10,842,10,glob_probe,best_in_menu_on_eval,0.059274217977981936,False,,41733
nfcorpus,42,recalibration,10,802,10,ad_probe,ad_c(full_target_scalar_reference),0.00045148162284375237,True,0.22729274318042947,42733
nfcorpus,42,selection,10,802,10,glob_probe,best_in_menu_on_eval,0.0,True,,42733
nfcorpus,43,recalibration,10,939,10,ad_probe,ad_c(full_target_scalar_reference),0.014438261423260546,False,8.845930212237237,43733
nfcorpus,43,selection,10,939,10,glob_probe,best_in_menu_on_eval,0.0,True,,43733
nfcorpus,44,recalibration,10,803,10,ad_probe,ad_c(full_target_scalar_reference),0.02527791640478022,False,16.353748751593706,44733
nfcorpus,44,selection,10,803,10,glob_probe,best_in_menu_on_eval,0.0,True,,44733
nfcorpus,45,recalibration,10,851,10,ad_probe,ad_c(full_target_scalar_reference),0.013437647964954003,False,5.379594688974879,45733
nfcorpus,45,selection,10,851,10,glob_probe,best_in_menu_on_eval,0.0022826092404706344,True,,45733
nfcorpus,46,recalibration,10,869,10,ad_probe,ad_c(full_target_scalar_reference),0.017748949538674286,False,7.705385903058485,46733
nfcorpus,46,selection,10,869,10,glob_probe,best_in_menu_on_eval,0.020329265100428928,False,,46733
nfcorpus,47,recalibration,10,870,10,ad_probe,ad_c(full_target_scalar_reference),0.02486711566155081,False,18.16329532397981,47733
nfcorpus,47,selection,10,870,10,trunc,best_in_menu_on_eval,0.014204744381653311,False,,47733
nfcorpus,48,recalibration,10,1005,10,ad_probe,ad_c(full_target_scalar_reference),0.002013271062011268,True,1.0597296830032352,48733
nfcorpus,48,selection,10,1005,10,glob_probe,best_in_menu_on_eval,0.0,True,,48733
nfcorpus,49,recalibration,10,906,10,ad_probe,ad_c(full_target_scalar_reference),0.023001293397323597,False,8.621491523621952,49733
nfcorpus,49,selection,10,906,10,glob_probe,best_in_menu_on_eval,0.013141134590332337,False,,49733
nfcorpus,0,recalibration,20,1772,20,ad_probe,ad_c(full_target_scalar_reference),0.003087388743154229,True,1.2227259307630796,2200300
nfcorpus,0,selection,20,1772,20,glob_probe,best_in_menu_on_eval,0.029686575261903325,False,,2200300
nfcorpus,1,recalibration,20,1747,20,ad_probe,ad_c(full_target_scalar_reference),0.009275690606444509,False,3.837904214028578,2201300
nfcorpus,1,selection,20,1747,20,glob_probe,best_in_menu_on_eval,0.0,True,,2201300
nfcorpus,2,recalibration,20,1835,20,ad_probe,ad_c(full_target_scalar_reference),0.001260414319984915,True,1.5864858347894195,2202300
nfcorpus,2,selection,20,1835,20,glob_probe,best_in_menu_on_eval,0.0,True,,2202300
nfcorpus,3,recalibration,20,1841,20,ad_probe,ad_c(full_target_scalar_reference),0.01054539842853025,False,5.168406916607529,2203300
nfcorpus,3,selection,20,1841,20,ad_probe,best_in_menu_on_eval,0.0,True,,2203300
nfcorpus,4,recalibration,20,1699,20,ad_probe,ad_c(full_target_scalar_reference),0.01010887378635239,False,3.800282618661617,2204300
nfcorpus,4,selection,20,1699,20,glob_probe,best_in_menu_on_eval,0.0023161118822450644,True,,2204300
nfcorpus,5,recalibration,20,1654,20,ad_probe,ad_c(full_target_scalar_reference),0.001120456998378816,True,0.222514436679079,2205300
nfcorpus,5,selection,20,1654,20,glob_probe,best_in_menu_on_eval,0.0,True,,2205300
nfcorpus,6,recalibration,20,1920,20,ad_probe,ad_c(full_target_scalar_reference),0.0023313990284895003,True,1.8831530035225885,2206300
nfcorpus,6,selection,20,1920,20,trunc,best_in_menu_on_eval,0.009118982436110035,True,,2206300
nfcorpus,7,recalibration,20,1761,20,ad_probe,ad_c(full_target_scalar_reference),0.02373996051406968,False,8.887876689972149,2207300
nfcorpus,7,selection,20,1761,20,glob_probe,best_in_menu_on_eval,0.013488520826855699,False,,2207300
nfcorpus,8,recalibration,20,1692,20,ad_probe,ad_c(full_target_scalar_reference),0.0029158710992642223,True,2.727707613758307,2208300
nfcorpus,8,selection,20,1692,20,glob_probe,best_in_menu_on_eval,0.0,True,,2208300
nfcorpus,9,recalibration,20,1635,20,ad_probe,ad_c(full_target_scalar_reference),0.009793430763510358,False,5.036584691612946,2209300
nfcorpus,9,selection,20,1635,20,glob_probe,best_in_menu_on_eval,0.0,True,,2209300
nfcorpus,10,recalibration,20,1674,20,ad_probe,ad_c(full_target_scalar_reference),0.0008406173158937436,True,0.056961096366263675,2210300
nfcorpus,10,selection,20,1674,20,trunc,best_in_menu_on_eval,0.009565523140137366,True,,2210300
nfcorpus,11,recalibration,20,1745,20,ad_probe,ad_c(full_target_scalar_reference),0.0017113792391391658,True,0.9220827139109478,2211300
nfcorpus,11,selection,20,1745,20,glob_probe,best_in_menu_on_eval,0.0,True,,2211300
nfcorpus,12,recalibration,20,1722,20,ad_probe,ad_c(full_target_scalar_reference),0.012803918048952756,False,6.483167337915736,2212300
nfcorpus,12,selection,20,1722,20,glob_probe,best_in_menu_on_eval,0.009303098597138126,True,,2212300
nfcorpus,13,recalibration,20,1706,20,ad_probe,ad_c(full_target_scalar_reference),0.004882608674360689,True,3.717250854644794,2213300
nfcorpus,13,selection,20,1706,20,glob_probe,best_in_menu_on_eval,0.010813016825508615,False,,2213300
nfcorpus,14,recalibration,20,1645,20,ad_probe,ad_c(full_target_scalar_reference),0.004827353758770303,True,3.236968827484988,2214300
nfcorpus,14,selection,20,1645,20,glob_probe,best_in_menu_on_eval,0.0,True,,2214300
nfcorpus,15,recalibration,20,1726,20,ad_probe,ad_c(full_target_scalar_reference),0.015588148802357538,False,7.3152503365054935,2215300
nfcorpus,15,selection,20,1726,20,ad_probe,best_in_menu_on_eval,0.0,True,,2215300
nfcorpus,16,recalibration,20,1634,20,ad_probe,ad_c(full_target_scalar_reference),0.014393749338539985,False,6.732024972993929,2216300
nfcorpus,16,selection,20,1634,20,glob_probe,best_in_menu_on_eval,0.006136183236429116,True,,2216300
nfcorpus,17,recalibration,20,1846,20,ad_probe,ad_c(full_target_scalar_reference),0.0005351892176833073,True,0.349036661914516,2217300
nfcorpus,17,selection,20,1846,20,glob_probe,best_in_menu_on_eval,0.0005281939408909309,True,,2217300
nfcorpus,18,recalibration,20,1597,20,ad_probe,ad_c(full_target_scalar_reference),0.0026741516248204866,True,1.3087313367148834,2218300
nfcorpus,18,selection,20,1597,20,glob_probe,best_in_menu_on_eval,0.0,True,,2218300
nfcorpus,19,recalibration,20,1676,20,ad_probe,ad_c(full_target_scalar_reference),0.015095707098498501,False,8.276398145123837,2219300
nfcorpus,19,selection,20,1676,20,glob_probe,best_in_menu_on_eval,0.0,True,,2219300
nfcorpus,20,recalibration,20,1607,20,ad_probe,ad_c(full_target_scalar_reference),0.010714821543694242,False,3.2249819792541334,2220300
nfcorpus,20,selection,20,1607,20,glob_probe,best_in_menu_on_eval,0.0419901177087354,False,,2220300
nfcorpus,21,recalibration,20,1712,20,ad_probe,ad_c(full_target_scalar_reference),0.0011477056906840644,True,0.17553614634004866,2221300
nfcorpus,21,selection,20,1712,20,glob_probe,best_in_menu_on_eval,0.0,True,,2221300
nfcorpus,22,recalibration,20,1627,20,ad_probe,ad_c(full_target_scalar_reference),0.013873961876655128,False,6.8892516934293955,2222300
nfcorpus,22,selection,20,1627,20,glob_probe,best_in_menu_on_eval,0.003954414318831367,True,,2222300
nfcorpus,23,recalibration,20,1833,20,ad_probe,ad_c(full_target_scalar_reference),0.0024773215994890463,True,1.9047150965144883,2223300
nfcorpus,23,selection,20,1833,20,glob_probe,best_in_menu_on_eval,0.0,True,,2223300
nfcorpus,24,recalibration,20,1731,20,ad_probe,ad_c(full_target_scalar_reference),0.0025241875094562105,True,1.8607327473527704,2224300
nfcorpus,24,selection,20,1731,20,glob_probe,best_in_menu_on_eval,0.0,True,,2224300
nfcorpus,25,recalibration,20,1731,20,ad_probe,ad_c(full_target_scalar_reference),0.010599338969614847,False,4.203008635143821,2225300
nfcorpus,25,selection,20,1731,20,glob_probe,best_in_menu_on_eval,0.0,True,,2225300
nfcorpus,26,recalibration,20,1852,20,ad_probe,ad_c(full_target_scalar_reference),0.002918606866479656,True,1.1642598847709014,2226300
nfcorpus,26,selection,20,1852,20,glob_probe,best_in_menu_on_eval,0.0,True,,2226300
nfcorpus,27,recalibration,20,1767,20,ad_probe,ad_c(full_target_scalar_reference),0.019732722355706278,False,10.135133843264194,2227300
nfcorpus,27,selection,20,1767,20,glob_probe,best_in_menu_on_eval,0.0,True,,2227300
nfcorpus,28,recalibration,20,1701,20,ad_probe,ad_c(full_target_scalar_reference),0.000745998362769118,True,0.2881706441720926,2228300
nfcorpus,28,selection,20,1701,20,glob_probe,best_in_menu_on_eval,0.00016777643437981826,True,,2228300
nfcorpus,29,recalibration,20,1746,20,ad_probe,ad_c(full_target_scalar_reference),0.007550559759583297,False,3.54482885778536,2229300
nfcorpus,29,selection,20,1746,20,glob_probe,best_in_menu_on_eval,0.007456566012568389,True,,2229300
nfcorpus,30,recalibration,20,1709,20,ad_probe,ad_c(full_target_scalar_reference),0.0019286708174254819,True,1.1349323686889061,2230300
nfcorpus,30,selection,20,1709,20,glob_probe,best_in_menu_on_eval,0.0,True,,2230300
nfcorpus,31,recalibration,20,1706,20,ad_probe,ad_c(full_target_scalar_reference),0.010539079698821507,False,5.637581475710968,2231300
nfcorpus,31,selection,20,1706,20,glob_probe,best_in_menu_on_eval,0.0,True,,2231300
nfcorpus,32,recalibration,20,1654,20,ad_probe,ad_c(full_target_scalar_reference),0.0047035401218071815,True,2.105590261486901,2232300
nfcorpus,32,selection,20,1654,20,glob_probe,best_in_menu_on_eval,0.0,True,,2232300
nfcorpus,33,recalibration,20,1786,20,ad_probe,ad_c(full_target_scalar_reference),0.0036874767871454273,True,2.580842544041465,2233300
nfcorpus,33,selection,20,1786,20,ad_probe,best_in_menu_on_eval,0.016831874420943027,False,,2233300
nfcorpus,34,recalibration,20,1685,20,ad_probe,ad_c(full_target_scalar_reference),0.005769795069679007,False,2.4051084301449865,2234300
nfcorpus,34,selection,20,1685,20,glob_probe,best_in_menu_on_eval,0.0004048171978688897,True,,2234300
nfcorpus,35,recalibration,20,1780,20,ad_probe,ad_c(full_target_scalar_reference),0.009522179522251872,False,4.8604561544662825,2235300
nfcorpus,35,selection,20,1780,20,ad_probe,best_in_menu_on_eval,0.01715944438728556,False,,2235300
nfcorpus,36,recalibration,20,1727,20,ad_probe,ad_c(full_target_scalar_reference),0.003969335442027766,True,2.935197549964416,2236300
nfcorpus,36,selection,20,1727,20,glob_probe,best_in_menu_on_eval,0.02338037198984516,False,,2236300
nfcorpus,37,recalibration,20,1670,20,ad_probe,ad_c(full_target_scalar_reference),0.005338503344883061,False,3.504055543240442,2237300
nfcorpus,37,selection,20,1670,20,trunc,best_in_menu_on_eval,0.002799215117220255,True,,2237300
nfcorpus,38,recalibration,20,1772,20,ad_probe,ad_c(full_target_scalar_reference),0.0038450064646758375,True,3.1329201950766024,2238300
nfcorpus,38,selection,20,1772,20,glob_probe,best_in_menu_on_eval,0.0038485566716273123,True,,2238300
nfcorpus,39,recalibration,20,1805,20,ad_probe,ad_c(full_target_scalar_reference),0.009725474068340567,False,5.272843581827848,2239300
nfcorpus,39,selection,20,1805,20,glob_probe,best_in_menu_on_eval,0.0,True,,2239300
nfcorpus,40,recalibration,20,1780,20,ad_probe,ad_c(full_target_scalar_reference),0.012939322217753013,False,5.730188129368377,2240300
nfcorpus,40,selection,20,1780,20,ad_probe,best_in_menu_on_eval,0.0,True,,2240300
nfcorpus,41,recalibration,20,1681,20,ad_probe,ad_c(full_target_scalar_reference),0.00015229501414787405,True,1.0527290233685704,2241300
nfcorpus,41,selection,20,1681,20,glob_probe,best_in_menu_on_eval,0.0,True,,2241300
nfcorpus,42,recalibration,20,1643,20,ad_probe,ad_c(full_target_scalar_reference),0.00029458209267479996,True,0.12844621116320987,2242300
nfcorpus,42,selection,20,1643,20,glob_probe,best_in_menu_on_eval,0.0,True,,2242300
nfcorpus,43,recalibration,20,1723,20,ad_probe,ad_c(full_target_scalar_reference),0.0028966176559149237,True,1.6664567403359065,2243300
nfcorpus,43,selection,20,1723,20,ad_probe,best_in_menu_on_eval,0.0,True,,2243300
nfcorpus,44,recalibration,20,1733,20,ad_probe,ad_c(full_target_scalar_reference),0.0003446101110122779,True,0.38955845209876294,2244300
nfcorpus,44,selection,20,1733,20,glob_probe,best_in_menu_on_eval,0.0,True,,2244300
nfcorpus,45,recalibration,20,1886,20,ad_probe,ad_c(full_target_scalar_reference),0.0015660300855430687,True,1.1811292812121774,2245300
nfcorpus,45,selection,20,1886,20,glob_probe,best_in_menu_on_eval,0.0,True,,2245300
nfcorpus,46,recalibration,20,1768,20,ad_probe,ad_c(full_target_scalar_reference),0.037526892609018814,False,29.95374131050616,2246300
nfcorpus,46,selection,20,1768,20,ad_probe,best_in_menu_on_eval,0.03153736306723126,False,,2246300
nfcorpus,47,recalibration,20,1756,20,ad_probe,ad_c(full_target_scalar_reference),0.007843996893647787,False,4.485774810560438,2247300
nfcorpus,47,selection,20,1756,20,glob_probe,best_in_menu_on_eval,0.0,True,,2247300
nfcorpus,48,recalibration,20,1673,20,ad_probe,ad_c(full_target_scalar_reference),0.01877901362763007,False,7.479734453053746,2248300
nfcorpus,48,selection,20,1673,20,glob_probe,best_in_menu_on_eval,0.0183902232101113,False,,2248300
nfcorpus,49,recalibration,20,1800,20,ad_probe,ad_c(full_target_scalar_reference),0.006787508274698872,False,3.2767089163768652,2249300
nfcorpus,49,selection,20,1800,20,glob_probe,best_in_menu_on_eval,0.012857287677174478,False,,2249300
nfcorpus,0,recalibration,50,4321,50,ad_probe,ad_c(full_target_scalar_reference),2.5823460559570854e-05,True,1.068912763292591,2300315
nfcorpus,0,selection,50,4321,50,ad_probe,best_in_menu_on_eval,0.0021852377295774605,True,,2300315
nfcorpus,1,recalibration,50,4409,50,ad_probe,ad_c(full_target_scalar_reference),0.0018565487972463934,True,1.1024752402214322,2301315
nfcorpus,1,selection,50,4409,50,glob_probe,best_in_menu_on_eval,0.0,True,,2301315
nfcorpus,2,recalibration,50,4198,50,ad_probe,ad_c(full_target_scalar_reference),0.001632553681546689,True,1.3695409944899257,2302315
nfcorpus,2,selection,50,4198,50,glob_probe,best_in_menu_on_eval,0.0,True,,2302315
nfcorpus,3,recalibration,50,4270,50,ad_probe,ad_c(full_target_scalar_reference),0.012638356226626069,False,6.7755186270963765,2303315
nfcorpus,3,selection,50,4270,50,trunc,best_in_menu_on_eval,0.021671007484473703,False,,2303315
nfcorpus,4,recalibration,50,4361,50,ad_probe,ad_c(full_target_scalar_reference),0.0014246355057970783,True,1.2832698955986093,2304315
nfcorpus,4,selection,50,4361,50,glob_probe,best_in_menu_on_eval,0.0015809304336446561,True,,2304315
nfcorpus,5,recalibration,50,4424,50,ad_probe,ad_c(full_target_scalar_reference),0.0005356885177895676,True,0.4548856651860156,2305315
nfcorpus,5,selection,50,4424,50,glob_probe,best_in_menu_on_eval,0.0,True,,2305315
nfcorpus,6,recalibration,50,4215,50,ad_probe,ad_c(full_target_scalar_reference),0.005832879473250618,False,2.2035544096037345,2306315
nfcorpus,6,selection,50,4215,50,glob_probe,best_in_menu_on_eval,0.0020581843131418087,True,,2306315
nfcorpus,7,recalibration,50,4404,50,ad_probe,ad_c(full_target_scalar_reference),0.0004328010263188742,True,1.4895928512563774,2307315
nfcorpus,7,selection,50,4404,50,glob_probe,best_in_menu_on_eval,0.0,True,,2307315
nfcorpus,8,recalibration,50,4392,50,ad_probe,ad_c(full_target_scalar_reference),0.0036899886977336815,True,1.8837436341943707,2308315
nfcorpus,8,selection,50,4392,50,ad_probe,best_in_menu_on_eval,0.00476984467592273,True,,2308315
nfcorpus,9,recalibration,50,4409,50,ad_probe,ad_c(full_target_scalar_reference),0.005067696839327451,False,2.1668657007594785,2309315
nfcorpus,9,selection,50,4409,50,ad_probe,best_in_menu_on_eval,0.0077195210179086815,True,,2309315
nfcorpus,10,recalibration,50,4246,50,ad_probe,ad_c(full_target_scalar_reference),0.001992636074536036,True,2.0173405546007377,2310315
nfcorpus,10,selection,50,4246,50,glob_probe,best_in_menu_on_eval,0.0,True,,2310315
nfcorpus,11,recalibration,50,4352,50,ad_probe,ad_c(full_target_scalar_reference),0.004926792346729991,True,2.5200802803777957,2311315
nfcorpus,11,selection,50,4352,50,glob_probe,best_in_menu_on_eval,0.0,True,,2311315
nfcorpus,12,recalibration,50,4026,50,ad_probe,ad_c(full_target_scalar_reference),0.00490217561651618,True,2.808857727271482,2312315
nfcorpus,12,selection,50,4026,50,ad_probe,best_in_menu_on_eval,0.0,True,,2312315
nfcorpus,13,recalibration,50,4165,50,ad_probe,ad_c(full_target_scalar_reference),0.0025279487677047907,True,0.80862481181709,2313315
nfcorpus,13,selection,50,4165,50,glob_probe,best_in_menu_on_eval,0.0,True,,2313315
nfcorpus,14,recalibration,50,4555,50,ad_probe,ad_c(full_target_scalar_reference),0.0065972036236552345,False,3.2767089163768652,2314315
nfcorpus,14,selection,50,4555,50,glob_probe,best_in_menu_on_eval,0.010722062689467904,False,,2314315
nfcorpus,15,recalibration,50,4317,50,ad_probe,ad_c(full_target_scalar_reference),0.004335705755784847,True,2.623697597509235,2315315
nfcorpus,15,selection,50,4317,50,glob_probe,best_in_menu_on_eval,0.0,True,,2315315
nfcorpus,16,recalibration,50,4216,50,ad_probe,ad_c(full_target_scalar_reference),0.0011293241255015962,True,0.17036584643011388,2316315
nfcorpus,16,selection,50,4216,50,glob_probe,best_in_menu_on_eval,0.0,True,,2316315
nfcorpus,17,recalibration,50,4336,50,ad_probe,ad_c(full_target_scalar_reference),0.012163555487977373,False,4.9997984358254275,2317315
nfcorpus,17,selection,50,4336,50,trunc,best_in_menu_on_eval,0.015710527419526776,False,,2317315
nfcorpus,18,recalibration,50,4211,50,ad_probe,ad_c(full_target_scalar_reference),0.008463686969346407,False,4.739853882403564,2318315
nfcorpus,18,selection,50,4211,50,glob_probe,best_in_menu_on_eval,0.0,True,,2318315
nfcorpus,19,recalibration,50,4465,50,ad_probe,ad_c(full_target_scalar_reference),0.0004920808861512138,True,0.5035871274670765,2319315
nfcorpus,19,selection,50,4465,50,glob_probe,best_in_menu_on_eval,0.0,True,,2319315
nfcorpus,20,recalibration,50,4471,50,ad_probe,ad_c(full_target_scalar_reference),0.003400449552645013,True,1.8837436341943707,2320315
nfcorpus,20,selection,50,4471,50,glob_probe,best_in_menu_on_eval,0.02360504389054463,False,,2320315
nfcorpus,21,recalibration,50,4350,50,ad_probe,ad_c(full_target_scalar_reference),0.005195441957812741,False,3.7656192832189515,2321315
nfcorpus,21,selection,50,4350,50,ad_probe,best_in_menu_on_eval,0.0032869168255036385,True,,2321315
nfcorpus,22,recalibration,50,4427,50,ad_probe,ad_c(full_target_scalar_reference),0.004506824597208969,True,1.974077154951111,2322315
nfcorpus,22,selection,50,4427,50,glob_probe,best_in_menu_on_eval,0.0005233383269413472,True,,2322315
nfcorpus,23,recalibration,50,4347,50,ad_probe,ad_c(full_target_scalar_reference),0.00019918131421564622,True,0.0967159448317485,2323315
nfcorpus,23,selection,50,4347,50,glob_probe,best_in_menu_on_eval,0.0,True,,2323315
nfcorpus,24,recalibration,50,4420,50,ad_probe,ad_c(full_target_scalar_reference),0.001085176343529115,True,0.46298735621921416,2324315
nfcorpus,24,selection,50,4420,50,glob_probe,best_in_menu_on_eval,0.0,True,,2324315
nfcorpus,25,recalibration,50,4404,50,ad_probe,ad_c(full_target_scalar_reference),0.002748998930173885,True,1.3110317394264275,2325315
nfcorpus,25,selection,50,4404,50,glob_probe,best_in_menu_on_eval,0.0,True,,2325315
nfcorpus,26,recalibration,50,4458,50,ad_probe,ad_c(full_target_scalar_reference),0.0003397782275920691,True,0.6736666371630751,2326315
nfcorpus,26,selection,50,4458,50,glob_probe,best_in_menu_on_eval,0.0,True,,2326315
nfcorpus,27,recalibration,50,4510,50,ad_probe,ad_c(full_target_scalar_reference),0.000266105814550166,True,0.9828283126533233,2327315
nfcorpus,27,selection,50,4510,50,glob_probe,best_in_menu_on_eval,0.0,True,,2327315
nfcorpus,28,recalibration,50,4320,50,ad_probe,ad_c(full_target_scalar_reference),0.0010680210788335809,True,0.599174449488471,2328315
nfcorpus,28,selection,50,4320,50,glob_probe,best_in_menu_on_eval,0.0005907825218840479,True,,2328315
nfcorpus,29,recalibration,50,4468,50,ad_probe,ad_c(full_target_scalar_reference),0.002023875984381751,True,1.1024752402214322,2329315
nfcorpus,29,selection,50,4468,50,glob_probe,best_in_menu_on_eval,0.0,True,,2329315
nfcorpus,30,recalibration,50,4347,50,ad_probe,ad_c(full_target_scalar_reference),0.0017627086475247022,True,0.8351310627570054,2330315
nfcorpus,30,selection,50,4347,50,glob_probe,best_in_menu_on_eval,0.0007981976153575987,True,,2330315
nfcorpus,31,recalibration,50,4390,50,ad_probe,ad_c(full_target_scalar_reference),0.0005847877691488867,True,1.2145517471377936,2331315
nfcorpus,31,selection,50,4390,50,glob_probe,best_in_menu_on_eval,0.007295638067902732,True,,2331315
nfcorpus,32,recalibration,50,4222,50,ad_probe,ad_c(full_target_scalar_reference),0.00687516925123538,False,2.70598365867148,2332315
nfcorpus,32,selection,50,4222,50,glob_probe,best_in_menu_on_eval,0.0007909880231343758,True,,2332315
nfcorpus,33,recalibration,50,4253,50,ad_probe,ad_c(full_target_scalar_reference),0.0032722567559281823,True,2.272451977538017,2333315
nfcorpus,33,selection,50,4253,50,glob_probe,best_in_menu_on_eval,0.0,True,,2333315
nfcorpus,34,recalibration,50,4269,50,ad_probe,ad_c(full_target_scalar_reference),0.007087718280621935,False,3.6407097170253966,2334315
nfcorpus,34,selection,50,4269,50,glob_probe,best_in_menu_on_eval,0.0014843491315432167,True,,2334315
nfcorpus,35,recalibration,50,4189,50,ad_probe,ad_c(full_target_scalar_reference),0.004482113048919489,True,2.904926184044408,2335315
nfcorpus,35,selection,50,4189,50,glob_probe,best_in_menu_on_eval,0.0,True,,2335315
nfcorpus,36,recalibration,50,4304,50,ad_probe,ad_c(full_target_scalar_reference),0.011606772610952276,False,4.599804412539147,2336315
nfcorpus,36,selection,50,4304,50,glob_probe,best_in_menu_on_eval,0.036282257786574346,False,,2336315
nfcorpus,37,recalibration,50,4493,50,ad_probe,ad_c(full_target_scalar_reference),0.004279556760978354,True,2.135298067856649,2337315
nfcorpus,37,selection,50,4493,50,glob_probe,best_in_menu_on_eval,0.0,True,,2337315
nfcorpus,38,recalibration,50,4368,50,ad_probe,ad_c(full_target_scalar_reference),0.003152638215596748,True,2.580842544041465,2338315
nfcorpus,38,selection,50,4368,50,glob_probe,best_in_menu_on_eval,0.0,True,,2338315
nfcorpus,39,recalibration,50,4231,50,ad_probe,ad_c(full_target_scalar_reference),0.00732281645544669,False,2.5940734919513044,2339315
nfcorpus,39,selection,50,4231,50,glob_probe,best_in_menu_on_eval,0.0076230417811219975,True,,2339315
nfcorpus,40,recalibration,50,4437,50,ad_probe,ad_c(full_target_scalar_reference),0.006789827378971269,False,2.70598365867148,2340315
nfcorpus,40,selection,50,4437,50,ad_probe,best_in_menu_on_eval,0.0,True,,2340315
nfcorpus,41,recalibration,50,4180,50,ad_probe,ad_c(full_target_scalar_reference),0.0007943835171800862,True,0.4019658924458671,2341315
nfcorpus,41,selection,50,4180,50,glob_probe,best_in_menu_on_eval,0.003957483463455813,True,,2341315
nfcorpus,42,recalibration,50,4438,50,ad_probe,ad_c(full_target_scalar_reference),0.003931346188107809,True,2.155442024355107,2342315
nfcorpus,42,selection,50,4438,50,ad_probe,best_in_menu_on_eval,0.0017488823709021495,True,,2342315
nfcorpus,43,recalibration,50,4416,50,ad_probe,ad_c(full_target_scalar_reference),0.004929680241920087,True,2.533582875649115,2343315
nfcorpus,43,selection,50,4416,50,glob_probe,best_in_menu_on_eval,0.0,True,,2343315
nfcorpus,44,recalibration,50,4338,50,ad_probe,ad_c(full_target_scalar_reference),0.0003007420489574142,True,0.07607662343633059,2344315
nfcorpus,44,selection,50,4338,50,ad_probe,best_in_menu_on_eval,0.0017259276187742145,True,,2344315
nfcorpus,45,recalibration,50,4236,50,ad_probe,ad_c(full_target_scalar_reference),0.003207727101110558,True,2.0173405546007377,2345315
nfcorpus,45,selection,50,4236,50,glob_probe,best_in_menu_on_eval,0.0,True,,2345315
nfcorpus,46,recalibration,50,4570,50,ad_probe,ad_c(full_target_scalar_reference),0.010410611369998324,False,4.728978621571128,2346315
nfcorpus,46,selection,50,4570,50,glob_probe,best_in_menu_on_eval,0.012279333824129102,False,,2346315
nfcorpus,47,recalibration,50,4590,50,ad_probe,ad_c(full_target_scalar_reference),0.0010212317400559168,True,0.17917420345199453,2347315
nfcorpus,47,selection,50,4590,50,ad_probe,best_in_menu_on_eval,0.004112737405104094,True,,2347315
nfcorpus,48,recalibration,50,4222,50,ad_probe,ad_c(full_target_scalar_reference),0.003619377660289691,True,2.8063289799839666,2348315
nfcorpus,48,selection,50,4222,50,glob_probe,best_in_menu_on_eval,0.0,True,,2348315
nfcorpus,49,recalibration,50,4463,50,ad_probe,ad_c(full_target_scalar_reference),0.005581137712125428,False,3.3992570605809487,2349315
nfcorpus,49,selection,50,4463,50,glob_probe,best_in_menu_on_eval,0.0,True,,2349315
nfcorpus,0,recalibration,100,8701,100,ad_probe,ad_c(full_target_scalar_reference),0.0010821130816938695,True,0.47357795170156614,2400083
nfcorpus,0,selection,100,8701,100,glob_probe,best_in_menu_on_eval,0.0,True,,2400083
nfcorpus,1,recalibration,100,8713,100,ad_probe,ad_c(full_target_scalar_reference),0.006284278597690929,False,3.368949180954287,2401083
nfcorpus,1,selection,100,8713,100,glob_probe,best_in_menu_on_eval,0.0,True,,2401083
nfcorpus,2,recalibration,100,8639,100,ad_probe,ad_c(full_target_scalar_reference),0.0005026114987587427,True,0.2936301536595831,2402083
nfcorpus,2,selection,100,8639,100,glob_probe,best_in_menu_on_eval,0.0,True,,2402083
nfcorpus,3,recalibration,100,8627,100,ad_probe,ad_c(full_target_scalar_reference),0.0028401061782598602,True,1.8632539903864735,2403083
nfcorpus,3,selection,100,8627,100,glob_probe,best_in_menu_on_eval,0.0,True,,2403083
nfcorpus,4,recalibration,100,8910,100,ad_probe,ad_c(full_target_scalar_reference),0.007935127188656965,False,2.371475333369684,2404083
nfcorpus,4,selection,100,8910,100,glob_probe,best_in_menu_on_eval,0.01180893921293985,False,,2404083
nfcorpus,5,recalibration,100,8801,100,ad_probe,ad_c(full_target_scalar_reference),0.0008365318458817272,True,1.059387037073833,2405083
nfcorpus,5,selection,100,8801,100,glob_probe,best_in_menu_on_eval,0.012401948083215819,False,,2405083
nfcorpus,6,recalibration,100,8758,100,ad_probe,ad_c(full_target_scalar_reference),0.0013284378912569172,True,0.8785255225323372,2406083
nfcorpus,6,selection,100,8758,100,ad_probe,best_in_menu_on_eval,0.0,True,,2406083
nfcorpus,7,recalibration,100,8453,100,ad_probe,ad_c(full_target_scalar_reference),0.0004325388386002271,True,0.5288202843659864,2407083
nfcorpus,7,selection,100,8453,100,glob_probe,best_in_menu_on_eval,0.0,True,,2407083
nfcorpus,8,recalibration,100,8775,100,ad_probe,ad_c(full_target_scalar_reference),0.00017385255652518916,True,1.10555593009145,2408083
nfcorpus,8,selection,100,8775,100,ad_probe,best_in_menu_on_eval,0.0,True,,2408083
nfcorpus,9,recalibration,100,8539,100,ad_probe,ad_c(full_target_scalar_reference),0.0031456611130694645,True,2.589627840492117,2409083
nfcorpus,9,selection,100,8539,100,glob_probe,best_in_menu_on_eval,0.005738642394784554,True,,2409083
nfcorpus,10,recalibration,100,8685,100,ad_probe,ad_c(full_target_scalar_reference),0.004392703470933235,True,2.331310375484799,2410083
nfcorpus,10,selection,100,8685,100,glob_probe,best_in_menu_on_eval,0.002496508559347299,True,,2410083
nfcorpus,11,recalibration,100,8716,100,ad_probe,ad_c(full_target_scalar_reference),0.0020664345679135,True,2.513173020465617,2411083
nfcorpus,11,selection,100,8716,100,glob_probe,best_in_menu_on_eval,0.001957003603700158,True,,2411083
nfcorpus,12,recalibration,100,8514,100,ad_probe,ad_c(full_target_scalar_reference),0.011519994280830947,False,3.0276024090676454,2412083
nfcorpus,12,selection,100,8514,100,glob_probe,best_in_menu_on_eval,0.003985028073898833,True,,2412083
nfcorpus,13,recalibration,100,8831,100,ad_probe,ad_c(full_target_scalar_reference),0.0002868123053774152,True,0.43803891690191143,2413083
nfcorpus,13,selection,100,8831,100,glob_probe,best_in_menu_on_eval,0.0,True,,2413083
nfcorpus,14,recalibration,100,8753,100,ad_probe,ad_c(full_target_scalar_reference),0.0007305152811818427,True,0.6897758417383084,2414083
nfcorpus,14,selection,100,8753,100,glob_probe,best_in_menu_on_eval,0.0,True,,2414083
nfcorpus,15,recalibration,100,8396,100,ad_probe,ad_c(full_target_scalar_reference),0.00019754564586760281,True,0.12844621116320987,2415083
nfcorpus,15,selection,100,8396,100,glob_probe,best_in_menu_on_eval,0.019222966870309777,False,,2415083
nfcorpus,16,recalibration,100,8657,100,ad_probe,ad_c(full_target_scalar_reference),0.0012779105542410907,True,0.8842135353661948,2416083
nfcorpus,16,selection,100,8657,100,glob_probe,best_in_menu_on_eval,0.012255985657439017,False,,2416083
nfcorpus,17,recalibration,100,8499,100,ad_probe,ad_c(full_target_scalar_reference),0.00011648920422285824,True,0.46085365519629207,2417083
nfcorpus,17,selection,100,8499,100,glob_probe,best_in_menu_on_eval,0.0015965541444519227,True,,2417083
nfcorpus,18,recalibration,100,8644,100,ad_probe,ad_c(full_target_scalar_reference),0.00028468889261706876,True,0.46085365519629207,2418083
nfcorpus,18,selection,100,8644,100,glob_probe,best_in_menu_on_eval,0.0,True,,2418083
nfcorpus,19,recalibration,100,8467,100,ad_probe,ad_c(full_target_scalar_reference),0.0012923489648287156,True,1.8646611971347777,2419083
nfcorpus,19,selection,100,8467,100,glob_probe,best_in_menu_on_eval,0.025313929446857064,False,,2419083
nfcorpus,20,recalibration,100,8706,100,ad_probe,ad_c(full_target_scalar_reference),0.0028572260972314356,True,2.4281631865755013,2420083
nfcorpus,20,selection,100,8706,100,glob_probe,best_in_menu_on_eval,0.010118562843062895,False,,2420083
nfcorpus,21,recalibration,100,8768,100,ad_probe,ad_c(full_target_scalar_reference),0.0004820292048274277,True,0.3594220085481421,2421083
nfcorpus,21,selection,100,8768,100,glob_probe,best_in_menu_on_eval,0.0,True,,2421083
nfcorpus,22,recalibration,100,8782,100,ad_probe,ad_c(full_target_scalar_reference),0.004278110445499361,True,1.3695409944899257,2422083
nfcorpus,22,selection,100,8782,100,ad_probe,best_in_menu_on_eval,0.01831898592759157,False,,2422083
nfcorpus,23,recalibration,100,8815,100,ad_probe,ad_c(full_target_scalar_reference),0.0023823982827604895,True,1.0152831834064973,2423083
nfcorpus,23,selection,100,8815,100,glob_probe,best_in_menu_on_eval,0.0,True,,2423083
nfcorpus,24,recalibration,100,8613,100,ad_probe,ad_c(full_target_scalar_reference),0.00764777089157942,False,2.371475333369684,2424083
nfcorpus,24,selection,100,8613,100,glob_probe,best_in_menu_on_eval,0.006719681420526202,True,,2424083
nfcorpus,25,recalibration,100,8762,100,ad_probe,ad_c(full_target_scalar_reference),0.0021778437272581552,True,1.0351317755824052,2425083
nfcorpus,25,selection,100,8762,100,ad_probe,best_in_menu_on_eval,0.018807604652897547,False,,2425083
nfcorpus,26,recalibration,100,8641,100,ad_probe,ad_c(full_target_scalar_reference),0.006350946361207699,False,2.7335805031586133,2426083
nfcorpus,26,selection,100,8641,100,glob_probe,best_in_menu_on_eval,0.0,True,,2426083
nfcorpus,27,recalibration,100,8508,100,ad_probe,ad_c(full_target_scalar_reference),0.008484162755621083,False,3.977129663942444,2427083
nfcorpus,27,selection,100,8508,100,glob_probe,best_in_menu_on_eval,0.003434261370750924,True,,2427083
nfcorpus,28,recalibration,100,8869,100,ad_probe,ad_c(full_target_scalar_reference),0.0006023820279539294,True,0.04218318901807372,2428083
nfcorpus,28,selection,100,8869,100,glob_probe,best_in_menu_on_eval,0.0,True,,2428083
nfcorpus,29,recalibration,100,8648,100,ad_probe,ad_c(full_target_scalar_reference),0.0007563196594372879,True,1.7484513923679845,2429083
nfcorpus,29,selection,100,8648,100,glob_probe,best_in_menu_on_eval,0.0,True,,2429083
nfcorpus,30,recalibration,100,8617,100,ad_probe,ad_c(full_target_scalar_reference),0.00029315082059067077,True,0.03937185032486035,2430083
nfcorpus,30,selection,100,8617,100,glob_probe,best_in_menu_on_eval,0.0,True,,2430083
nfcorpus,31,recalibration,100,8531,100,ad_probe,ad_c(full_target_scalar_reference),0.0037891617397069477,True,1.3306863995705545,2431083
nfcorpus,31,selection,100,8531,100,glob_probe,best_in_menu_on_eval,0.0,True,,2431083
nfcorpus,32,recalibration,100,8586,100,ad_probe,ad_c(full_target_scalar_reference),0.00037659221378910646,True,0.7307856290300361,2432083
nfcorpus,32,selection,100,8586,100,glob_probe,best_in_menu_on_eval,0.0,True,,2432083
nfcorpus,33,recalibration,100,8628,100,ad_probe,ad_c(full_target_scalar_reference),0.002931714810497865,True,1.620841529206336,2433083
nfcorpus,33,selection,100,8628,100,glob_probe,best_in_menu_on_eval,0.0,True,,2433083
nfcorpus,34,recalibration,100,8802,100,ad_probe,ad_c(full_target_scalar_reference),0.00018032968068942834,True,0.6736666371630751,2434083
nfcorpus,34,selection,100,8802,100,glob_probe,best_in_menu_on_eval,0.0,True,,2434083
nfcorpus,35,recalibration,100,8668,100,ad_probe,ad_c(full_target_scalar_reference),0.0038687517932988746,True,2.543876116392047,2435083
nfcorpus,35,selection,100,8668,100,glob_probe,best_in_menu_on_eval,0.001467461377821111,True,,2435083
nfcorpus,36,recalibration,100,8669,100,ad_probe,ad_c(full_target_scalar_reference),0.0025371288002312142,True,2.6851194614170613,2436083
nfcorpus,36,selection,100,8669,100,ad_probe,best_in_menu_on_eval,0.01187311530303009,False,,2436083
nfcorpus,37,recalibration,100,8607,100,ad_probe,ad_c(full_target_scalar_reference),4.9827703139104784e-05,True,0.739383219562475,2437083
nfcorpus,37,selection,100,8607,100,glob_probe,best_in_menu_on_eval,0.0,True,,2437083
nfcorpus,38,recalibration,100,8700,100,ad_probe,ad_c(full_target_scalar_reference),0.0017930320833743352,True,1.3087313367148834,2438083
nfcorpus,38,selection,100,8700,100,glob_probe,best_in_menu_on_eval,0.01531559349241024,False,,2438083
nfcorpus,39,recalibration,100,8678,100,ad_probe,ad_c(full_target_scalar_reference),0.008439225487673618,False,2.7262407147850265,2439083
nfcorpus,39,selection,100,8678,100,glob_probe,best_in_menu_on_eval,0.0,True,,2439083
nfcorpus,40,recalibration,100,8749,100,ad_probe,ad_c(full_target_scalar_reference),0.0003668504413130713,True,0.9902174246835944,2440083
nfcorpus,40,selection,100,8749,100,glob_probe,best_in_menu_on_eval,0.014441208465756361,False,,2440083
nfcorpus,41,recalibration,100,8553,100,ad_probe,ad_c(full_target_scalar_reference),0.00038154262175083,True,0.12844621116320987,2441083
nfcorpus,41,selection,100,8553,100,glob_probe,best_in_menu_on_eval,0.0,True,,2441083
nfcorpus,42,recalibration,100,8551,100,ad_probe,ad_c(full_target_scalar_reference),0.0022495079199648105,True,0.694468868663666,2442083
nfcorpus,42,selection,100,8551,100,trunc,best_in_menu_on_eval,0.021734520228279597,False,,2442083
nfcorpus,43,recalibration,100,8772,100,ad_probe,ad_c(full_target_scalar_reference),0.0011330906111198247,True,0.19295958724658213,2443083
nfcorpus,43,selection,100,8772,100,ad_probe,best_in_menu_on_eval,0.011049096517452728,False,,2443083
nfcorpus,44,recalibration,100,8336,100,ad_probe,ad_c(full_target_scalar_reference),0.00016545688032898465,True,0.07607662343633059,2444083
nfcorpus,44,selection,100,8336,100,glob_probe,best_in_menu_on_eval,0.0029341150419707196,True,,2444083
nfcorpus,45,recalibration,100,8520,100,ad_probe,ad_c(full_target_scalar_reference),0.0017211562991113483,True,1.4244696109264332,2445083
nfcorpus,45,selection,100,8520,100,glob_probe,best_in_menu_on_eval,0.0,True,,2445083
nfcorpus,46,recalibration,100,8694,100,ad_probe,ad_c(full_target_scalar_reference),0.002207850748738971,True,0.7030237852022214,2446083
nfcorpus,46,selection,100,8694,100,glob_probe,best_in_menu_on_eval,0.0,True,,2446083
nfcorpus,47,recalibration,100,8540,100,ad_probe,ad_c(full_target_scalar_reference),0.0037213795097220115,True,1.8837436341943707,2447083
nfcorpus,47,selection,100,8540,100,glob_probe,best_in_menu_on_eval,0.0,True,,2447083
nfcorpus,48,recalibration,100,8728,100,ad_probe,ad_c(full_target_scalar_reference),0.0004076096511388405,True,0.32485516431597183,2448083
nfcorpus,48,selection,100,8728,100,glob_probe,best_in_menu_on_eval,0.0,True,,2448083
nfcorpus,49,recalibration,100,8608,100,ad_probe,ad_c(full_target_scalar_reference),0.008439295053726925,False,3.604229227077189,2449083
nfcorpus,49,selection,100,8608,100,glob_probe,best_in_menu_on_eval,0.009990434131756598,True,,2449083
scifact,0,recalibration,5,450,5,ad_probe,ad_c(full_target_scalar_reference),0.002831566614101444,True,0.03628947377078551,2000490
scifact,0,selection,5,450,5,glob_probe,best_in_menu_on_eval,0.0,True,,2000490
scifact,1,recalibration,5,378,5,ad_probe,ad_c(full_target_scalar_reference),0.004291487149943429,True,0.10515767500166928,2001490
scifact,1,selection,5,378,5,glob_probe,best_in_menu_on_eval,0.0,True,,2001490
scifact,2,recalibration,5,440,5,ad_probe,ad_c(full_target_scalar_reference),0.002831566614101666,True,0.05001506890323504,2002490
scifact,2,selection,5,440,5,glob_probe,best_in_menu_on_eval,0.0,True,,2002490
scifact,3,recalibration,5,428,5,ad_probe,ad_c(full_target_scalar_reference),0.002831566614101444,True,0.05001506890323504,2003490
scifact,3,selection,5,428,5,glob_probe,best_in_menu_on_eval,0.0,True,,2003490
scifact,4,recalibration,5,400,5,ad_probe,ad_c(full_target_scalar_reference),0.006004082160617541,False,0.19798602076700278,2004490
scifact,4,selection,5,400,5,glob_probe,best_in_menu_on_eval,0.0,True,,2004490
scifact,5,recalibration,5,448,5,ad_probe,ad_c(full_target_scalar_reference),0.002145030184996455,True,0.02203432905538749,2005490
scifact,5,selection,5,448,5,glob_probe,best_in_menu_on_eval,0.0,True,,2005490
scifact,6,recalibration,5,422,5,ad_probe,ad_c(full_target_scalar_reference),0.002831566614101555,True,0.08579898792244178,2006490
scifact,6,selection,5,422,5,glob_probe,best_in_menu_on_eval,0.0,True,,2006490
scifact,7,recalibration,5,426,5,ad_probe,ad_c(full_target_scalar_reference),0.003935322541420705,True,0.14136287028551897,2007490
scifact,7,selection,5,426,5,glob_probe,best_in_menu_on_eval,0.0,True,,2007490
scifact,8,recalibration,5,418,5,ad_probe,ad_c(full_target_scalar_reference),0.003935322541420705,True,0.17334895782238324,2008490
scifact,8,selection,5,418,5,glob_probe,best_in_menu_on_eval,0.0,True,,2008490
scifact,9,recalibration,5,422,5,ad_probe,ad_c(full_target_scalar_reference),0.0,True,0.010871210320610891,2009490
scifact,9,selection,5,422,5,glob_probe,best_in_menu_on_eval,0.0,True,,2009490
scifact,10,recalibration,5,458,5,ad_probe,ad_c(full_target_scalar_reference),0.002831566614101444,True,0.03479113987341198,2010490
scifact,10,selection,5,458,5,glob_probe,best_in_menu_on_eval,0.0,True,,2010490
scifact,11,recalibration,5,364,5,ad_probe,ad_c(full_target_scalar_reference),0.0,True,0.013408806436780996,2011490
scifact,11,selection,5,364,5,glob_probe,best_in_menu_on_eval,0.0,True,,2011490
scifact,12,recalibration,5,392,5,ad_probe,ad_c(full_target_scalar_reference),0.009602747623820518,False,0.3102254742961196,2012490
scifact,12,selection,5,392,5,glob_probe,best_in_menu_on_eval,0.0,True,,2012490
scifact,13,recalibration,5,412,5,ad_probe,ad_c(full_target_scalar_reference),0.0,True,0.018720056958697273,2013490
scifact,13,selection,5,412,5,glob_probe,best_in_menu_on_eval,0.0,True,,2013490
scifact,14,recalibration,5,467,5,ad_probe,ad_c(full_target_scalar_reference),0.003935322541420816,True,0.2807274589834672,2014490
scifact,14,selection,5,467,5,glob_probe,best_in_menu_on_eval,0.0,True,,2014490
scifact,15,recalibration,5,390,5,ad_probe,ad_c(full_target_scalar_reference),0.002831566614101444,True,0.050016915137332196,2015490
scifact,15,selection,5,390,5,glob_probe,best_in_menu_on_eval,0.0,True,,2015490
scifact,16,recalibration,5,372,5,ad_probe,ad_c(full_target_scalar_reference),0.005751407685785526,False,0.16519525329910423,2016490
scifact,16,selection,5,372,5,glob_probe,best_in_menu_on_eval,0.0,True,,2016490
scifact,17,recalibration,5,399,5,ad_probe,ad_c(full_target_scalar_reference),0.007464002696459637,False,0.20614914153256325,2017490
scifact,17,selection,5,399,5,glob_probe,best_in_menu_on_eval,0.0,True,,2017490
scifact,18,recalibration,5,439,5,ad_probe,ad_c(full_target_scalar_reference),0.0006928216867405634,True,0.0336557667138172,2018490
scifact,18,selection,5,439,5,glob_probe,best_in_menu_on_eval,0.0,True,,2018490
scifact,19,recalibration,5,466,5,ad_probe,ad_c(full_target_scalar_reference),0.002831566614101444,True,0.0895533016544523,2019490
scifact,19,selection,5,466,5,glob_probe,best_in_menu_on_eval,0.0,True,,2019490
scifact,20,recalibration,5,433,5,ad_probe,ad_c(full_target_scalar_reference),0.0024754020055787196,True,0.18657506641461796,2020490
scifact,20,selection,5,433,5,glob_probe,best_in_menu_on_eval,0.0,True,,2020490
scifact,21,recalibration,5,420,5,ad_probe,ad_c(full_target_scalar_reference),0.009115057906048607,False,0.3448677969059102,2021490
scifact,21,selection,5,420,5,glob_probe,best_in_menu_on_eval,0.0,True,,2021490
scifact,22,recalibration,5,434,5,ad_probe,ad_c(full_target_scalar_reference),0.0,True,0.0021997197401049107,2022490
scifact,22,selection,5,434,5,glob_probe,best_in_menu_on_eval,0.0,True,,2022490
scifact,23,recalibration,5,407,5,ad_probe,ad_c(full_target_scalar_reference),0.006004082160617541,False,0.1901063073404211,2023490
scifact,23,selection,5,407,5,glob_probe,best_in_menu_on_eval,0.0,True,,2023490
scifact,24,recalibration,5,384,5,ad_probe,ad_c(full_target_scalar_reference),0.003935322541420705,True,0.25709655177397583,2024490
scifact,24,selection,5,384,5,glob_probe,best_in_menu_on_eval,0.0,True,,2024490
scifact,25,recalibration,5,427,5,ad_probe,ad_c(full_target_scalar_reference),0.0,True,0.0046473729755918125,2025490
scifact,25,selection,5,427,5,glob_probe,best_in_menu_on_eval,0.0,True,,2025490
scifact,26,recalibration,5,432,5,ad_probe,ad_c(full_target_scalar_reference),0.002831566614101555,True,0.07638938354766489,2026490
scifact,26,selection,5,432,5,glob_probe,best_in_menu_on_eval,0.0,True,,2026490
scifact,27,recalibration,5,413,5,ad_probe,ad_c(full_target_scalar_reference),0.0030401763632086354,True,0.08047736123948801,2027490
scifact,27,selection,5,413,5,glob_probe,best_in_menu_on_eval,0.0,True,,2027490
scifact,28,recalibration,5,414,5,ad_probe,ad_c(full_target_scalar_reference),0.002831566614101444,True,0.07449887915526476,2028490
scifact,28,selection,5,414,5,glob_probe,best_in_menu_on_eval,0.0,True,,2028490
scifact,29,recalibration,5,412,5,ad_probe,ad_c(full_target_scalar_reference),0.0,True,0.00563396878813438,2029490
scifact,29,selection,5,412,5,glob_probe,best_in_menu_on_eval,0.0,True,,2029490
scifact,30,recalibration,5,408,5,ad_probe,ad_c(full_target_scalar_reference),0.009115057906048496,False,0.36160969255407416,2030490
scifact,30,selection,5,408,5,glob_probe,best_in_menu_on_eval,0.0,True,,2030490
scifact,31,recalibration,5,372,5,ad_probe,ad_c(full_target_scalar_reference),0.002831566614101555,True,0.059972309628497755,2031490
scifact,31,selection,5,372,5,glob_probe,best_in_menu_on_eval,0.0,True,,2031490
scifact,32,recalibration,5,426,5,ad_probe,ad_c(full_target_scalar_reference),0.002145030184996455,True,0.02203432905538749,2032490
scifact,32,selection,5,426,5,glob_probe,best_in_menu_on_eval,0.0,True,,2032490
scifact,33,recalibration,5,409,5,ad_probe,ad_c(full_target_scalar_reference),0.008373461131226723,False,0.5761069692294989,2033490
scifact,33,selection,5,409,5,glob_probe,best_in_menu_on_eval,0.018611420276710366,False,,2033490
scifact,34,recalibration,5,415,5,ad_probe,ad_c(full_target_scalar_reference),0.009602747623820407,False,0.3049252011981838,2034490
scifact,34,selection,5,415,5,glob_probe,best_in_menu_on_eval,0.0,True,,2034490
scifact,35,recalibration,5,389,5,ad_probe,ad_c(full_target_scalar_reference),0.002831566614101444,True,0.07638938354766489,2035490
scifact,35,selection,5,389,5,glob_probe,best_in_menu_on_eval,0.0,True,,2035490
scifact,36,recalibration,5,429,5,ad_probe,ad_c(full_target_scalar_reference),0.00429148714994354,True,0.10515767500166928,2036490
scifact,36,selection,5,429,5,glob_probe,best_in_menu_on_eval,0.0,True,,2036490
scifact,37,recalibration,5,385,5,ad_probe,ad_c(full_target_scalar_reference),0.005325257769098757,False,0.24318471899759608,2037490
scifact,37,selection,5,385,5,glob_probe,best_in_menu_on_eval,0.0,True,,2037490
scifact,38,recalibration,5,413,5,ad_probe,ad_c(full_target_scalar_reference),0.0030401763632084133,True,0.04718894109127003,2038490
scifact,38,selection,5,413,5,glob_probe,best_in_menu_on_eval,0.0,True,,2038490
scifact,39,recalibration,5,419,5,ad_probe,ad_c(full_target_scalar_reference),0.002831566614101555,True,0.058412024664215245,2039490
scifact,39,selection,5,419,5,glob_probe,best_in_menu_on_eval,0.0,True,,2039490
scifact,40,recalibration,5,438,5,ad_probe,ad_c(full_target_scalar_reference),0.0052466879896735374,False,0.4373767080896276,2040490
scifact,40,selection,5,438,5,glob_probe,best_in_menu_on_eval,0.0,True,,2040490
scifact,41,recalibration,5,420,5,ad_probe,ad_c(full_target_scalar_reference),0.002831566614101444,True,0.10128303244746084,2041490
scifact,41,selection,5,420,5,glob_probe,best_in_menu_on_eval,0.0,True,,2041490
scifact,42,recalibration,5,392,5,ad_probe,ad_c(full_target_scalar_reference),0.007464002696459526,False,0.23887076687504472,2042490
scifact,42,selection,5,392,5,glob_probe,best_in_menu_on_eval,0.0,True,,2042490
scifact,43,recalibration,5,438,5,ad_probe,ad_c(full_target_scalar_reference),0.007464002696459526,False,0.19783936428841398,2043490
scifact,43,selection,5,438,5,glob_probe,best_in_menu_on_eval,0.0,True,,2043490
scifact,44,recalibration,5,391,5,ad_probe,ad_c(full_target_scalar_reference),0.009115057906048607,False,0.36677139353295407,2044490
scifact,44,selection,5,391,5,glob_probe,best_in_menu_on_eval,0.0,True,,2044490
scifact,45,recalibration,5,463,5,ad_probe,ad_c(full_target_scalar_reference),0.002831566614101444,True,0.086762422370666,2045490
scifact,45,selection,5,463,5,glob_probe,best_in_menu_on_eval,0.0,True,,2045490
scifact,46,recalibration,5,403,5,ad_probe,ad_c(full_target_scalar_reference),0.003935322541420705,True,0.1488692605577968,2046490
scifact,46,selection,5,403,5,glob_probe,best_in_menu_on_eval,0.0,True,,2046490
scifact,47,recalibration,5,413,5,ad_probe,ad_c(full_target_scalar_reference),0.005246687989673426,False,0.34386091284695164,2047490
scifact,47,selection,5,413,5,glob_probe,best_in_menu_on_eval,0.018257102561517913,False,,2047490
scifact,48,recalibration,5,442,5,ad_probe,ad_c(full_target_scalar_reference),0.002831566614101444,True,0.09939902872401873,2048490
scifact,48,selection,5,442,5,glob_probe,best_in_menu_on_eval,0.0,True,,2048490
scifact,49,recalibration,5,427,5,ad_probe,ad_c(full_target_scalar_reference),0.003935322541420705,True,0.11491277202916339,2049490
scifact,49,selection,5,427,5,glob_probe,best_in_menu_on_eval,0.0,True,,2049490
scifact,0,recalibration,10,835,10,ad_probe,ad_c(full_target_scalar_reference),0.003092593197057125,True,0.04141472041642924,9
scifact,0,selection,10,835,10,glob_probe,best_in_menu_on_eval,0.0,True,,9
scifact,1,recalibration,10,748,10,ad_probe,ad_c(full_target_scalar_reference),0.004365478307701176,True,0.1127306634313614,1009
scifact,1,selection,10,748,10,glob_probe,best_in_menu_on_eval,0.0,True,,1009
scifact,2,recalibration,10,800,10,ad_probe,ad_c(full_target_scalar_reference),0.004365478307701176,True,0.11931785194607258,2009
scifact,2,selection,10,800,10,trunc,best_in_menu_on_eval,0.0,True,,2009
scifact,3,recalibration,10,784,10,ad_probe,ad_c(full_target_scalar_reference),0.007592692398122658,False,0.27786715902575576,3009
scifact,3,selection,10,784,10,glob_probe,best_in_menu_on_eval,0.0,True,,3009
scifact,4,recalibration,10,856,10,ad_probe,ad_c(full_target_scalar_reference),0.0,True,0.01406147668862423,4009
scifact,4,selection,10,856,10,glob_probe,best_in_menu_on_eval,0.0,True,,4009
scifact,5,recalibration,10,897,10,ad_probe,ad_c(full_target_scalar_reference),0.003092593197057014,True,0.028893937880674736,5009
scifact,5,selection,10,897,10,trunc,best_in_menu_on_eval,0.037764002479166225,False,,5009
scifact,6,recalibration,10,894,10,ad_probe,ad_c(full_target_scalar_reference),0.0028803867281377293,True,0.06813132420780899,6009
scifact,6,selection,10,894,10,glob_probe,best_in_menu_on_eval,0.0,True,,6009
scifact,7,recalibration,10,844,10,ad_probe,ad_c(full_target_scalar_reference),0.0028803867281377293,True,0.07268904463910175,7009
scifact,7,selection,10,844,10,glob_probe,best_in_menu_on_eval,0.0,True,,7009
scifact,8,recalibration,10,817,10,ad_probe,ad_c(full_target_scalar_reference),0.0028803867281377293,True,0.07470797193067547,8009
scifact,8,selection,10,817,10,glob_probe,best_in_menu_on_eval,0.0,True,,8009
scifact,9,recalibration,10,879,10,ad_probe,ad_c(full_target_scalar_reference),0.0,True,0.010338592919433731,9009
scifact,9,selection,10,879,10,glob_probe,best_in_menu_on_eval,0.0,True,,9009
scifact,10,recalibration,10,889,10,ad_probe,ad_c(full_target_scalar_reference),0.0028803867281377293,True,0.056380705837487,10009
scifact,10,selection,10,889,10,glob_probe,best_in_menu_on_eval,0.0,True,,10009
scifact,11,recalibration,10,837,10,ad_probe,ad_c(full_target_scalar_reference),0.0021756198399015547,True,0.026013518113188416,11009
scifact,11,selection,10,837,10,glob_probe,best_in_menu_on_eval,0.0,True,,11009
scifact,12,recalibration,10,851,10,ad_probe,ad_c(full_target_scalar_reference),0.0040031729300659125,True,0.28351235949816056,12009
scifact,12,selection,10,851,10,glob_probe,best_in_menu_on_eval,0.0,True,,12009
scifact,13,recalibration,10,871,10,ad_probe,ad_c(full_target_scalar_reference),0.0040031729300660235,True,0.3082563324537757,13009
scifact,13,selection,10,871,10,glob_probe,best_in_menu_on_eval,0.0,True,,13009
scifact,14,recalibration,10,777,10,ad_probe,ad_c(full_target_scalar_reference),0.002182013464048116,True,0.021440512209388474,14009
scifact,14,selection,10,777,10,glob_probe,best_in_menu_on_eval,0.01252655491350707,False,,14009
scifact,15,recalibration,10,882,10,ad_probe,ad_c(full_target_scalar_reference),0.002182013464048116,True,0.023545280878560115,15009
scifact,15,selection,10,882,10,glob_probe,best_in_menu_on_eval,0.0,True,,15009
scifact,16,recalibration,10,835,10,ad_probe,ad_c(full_target_scalar_reference),0.004365478307701065,True,0.14910462649452305,16009
scifact,16,selection,10,835,10,glob_probe,best_in_menu_on_eval,0.0121363921798332,False,,16009
scifact,17,recalibration,10,773,10,ad_probe,ad_c(full_target_scalar_reference),0.004365478307701287,True,0.114403405354778,17009
scifact,17,selection,10,773,10,glob_probe,best_in_menu_on_eval,0.0,True,,17009
scifact,18,recalibration,10,843,10,ad_probe,ad_c(full_target_scalar_reference),0.004365478307701065,True,0.11704996430142955,18009
scifact,18,selection,10,843,10,glob_probe,best_in_menu_on_eval,0.0,True,,18009
scifact,19,recalibration,10,805,10,ad_probe,ad_c(full_target_scalar_reference),0.006603698979741002,False,0.18661042411458317,19009
scifact,19,selection,10,805,10,glob_probe,best_in_menu_on_eval,0.0,True,,19009
scifact,20,recalibration,10,803,10,ad_probe,ad_c(full_target_scalar_reference),0.004365478307701065,True,0.11869738037087973,20009
scifact,20,selection,10,803,10,glob_probe,best_in_menu_on_eval,0.0,True,,20009
scifact,21,recalibration,10,874,10,ad_probe,ad_c(full_target_scalar_reference),0.0,True,0.007800092479589127,21009
scifact,21,selection,10,874,10,glob_probe,best_in_menu_on_eval,0.0,True,,21009
scifact,22,recalibration,10,784,10,ad_probe,ad_c(full_target_scalar_reference),0.006839563305646279,False,0.2025555477627723,22009
scifact,22,selection,10,784,10,glob_probe,best_in_menu_on_eval,0.0,True,,22009
scifact,23,recalibration,10,752,10,ad_probe,ad_c(full_target_scalar_reference),0.004365478307701176,True,0.1316987518260352,23009
scifact,23,selection,10,752,10,glob_probe,best_in_menu_on_eval,0.0,True,,23009
scifact,24,recalibration,10,825,10,ad_probe,ad_c(full_target_scalar_reference),0.002182013464048116,True,0.02420480497697408,24009
scifact,24,selection,10,825,10,glob_probe,best_in_menu_on_eval,0.0,True,,24009
scifact,25,recalibration,10,854,10,ad_probe,ad_c(full_target_scalar_reference),0.004365478307701176,True,0.14620835331974025,25009
scifact,25,selection,10,854,10,glob_probe,best_in_menu_on_eval,0.0,True,,25009
scifact,26,recalibration,10,799,10,ad_probe,ad_c(full_target_scalar_reference),0.0,True,0.009324957432659264,26009
scifact,26,selection,10,799,10,glob_probe,best_in_menu_on_eval,0.0,True,,26009
scifact,27,recalibration,10,866,10,ad_probe,ad_c(full_target_scalar_reference),0.003092593197056903,True,0.03681064465759909,27009
scifact,27,selection,10,866,10,glob_probe,best_in_menu_on_eval,0.0,True,,27009
scifact,28,recalibration,10,833,10,ad_probe,ad_c(full_target_scalar_reference),0.0028803867281378404,True,0.05035318268371247,28009
scifact,28,selection,10,833,10,glob_probe,best_in_menu_on_eval,0.0,True,,28009
scifact,29,recalibration,10,783,10,ad_probe,ad_c(full_target_scalar_reference),0.007592692398122769,False,0.2521465424037148,29009
scifact,29,selection,10,783,10,glob_probe,best_in_menu_on_eval,0.0,True,,29009
scifact,30,recalibration,10,869,10,ad_probe,ad_c(full_target_scalar_reference),0.0,True,0.013201422343212865,30009
scifact,30,selection,10,869,10,glob_probe,best_in_menu_on_eval,0.0,True,,30009
scifact,31,recalibration,10,858,10,ad_probe,ad_c(full_target_scalar_reference),0.0040031729300659125,True,0.2911118166765001,31009
scifact,31,selection,10,858,10,glob_probe,best_in_menu_on_eval,0.0121363921798332,False,,31009
scifact,32,recalibration,10,868,10,ad_probe,ad_c(full_target_scalar_reference),0.002182013464048116,True,0.02209394373435125,32009
scifact,32,selection,10,868,10,glob_probe,best_in_menu_on_eval,0.0,True,,32009
scifact,33,recalibration,10,860,10,ad_probe,ad_c(full_target_scalar_reference),0.0033062510455813543,True,0.1217481073440776,33009
scifact,33,selection,10,860,10,glob_probe,best_in_menu_on_eval,0.0,True,,33009
scifact,34,recalibration,10,860,10,ad_probe,ad_c(full_target_scalar_reference),0.0028803867281376183,True,0.06345447916223224,34009
scifact,34,selection,10,860,10,glob_probe,best_in_menu_on_eval,0.01787515650085114,False,,34009
scifact,35,recalibration,10,769,10,ad_probe,ad_c(full_target_scalar_reference),0.0,True,0.01287402668259241,35009
scifact,35,selection,10,769,10,glob_probe,best_in_menu_on_eval,0.0,True,,35009
scifact,36,recalibration,10,824,10,ad_probe,ad_c(full_target_scalar_reference),0.0028803867281377293,True,0.04875357095838129,36009
scifact,36,selection,10,824,10,glob_probe,best_in_menu_on_eval,0.0,True,,36009
scifact,37,recalibration,10,831,10,ad_probe,ad_c(full_target_scalar_reference),0.003092593197057014,True,0.08279430737864746,37009
scifact,37,selection,10,831,10,glob_probe,best_in_menu_on_eval,0.0,True,,37009
scifact,38,recalibration,10,827,10,ad_probe,ad_c(full_target_scalar_reference),0.004365478307701176,True,0.1260261865657537,38009
scifact,38,selection,10,827,10,glob_probe,best_in_menu_on_eval,0.0,True,,38009
scifact,39,recalibration,10,775,10,ad_probe,ad_c(full_target_scalar_reference),0.0040031729300659125,True,0.20150388526777796,39009
scifact,39,selection,10,775,10,glob_probe,best_in_menu_on_eval,0.0,True,,39009
scifact,40,recalibration,10,809,10,ad_probe,ad_c(full_target_scalar_reference),0.004365478307701065,True,0.10625850947044901,40009
scifact,40,selection,10,809,10,glob_probe,best_in_menu_on_eval,0.0,True,,40009
scifact,41,recalibration,10,831,10,ad_probe,ad_c(full_target_scalar_reference),0.0,True,0.014179037043014375,41009
scifact,41,selection,10,831,10,glob_probe,best_in_menu_on_eval,0.0,True,,41009
scifact,42,recalibration,10,822,10,ad_probe,ad_c(full_target_scalar_reference),0.004365478307701176,True,0.1149658934837694,42009
scifact,42,selection,10,822,10,glob_probe,best_in_menu_on_eval,0.012136392179833089,False,,42009
scifact,43,recalibration,10,831,10,ad_probe,ad_c(full_target_scalar_reference),0.002182013464048005,True,0.025918157033431033,43009
scifact,43,selection,10,831,10,glob_probe,best_in_menu_on_eval,0.0,True,,43009
scifact,44,recalibration,10,842,10,ad_probe,ad_c(full_target_scalar_reference),0.0,True,0.015366555181086428,44009
scifact,44,selection,10,842,10,glob_probe,best_in_menu_on_eval,0.0,True,,44009
scifact,45,recalibration,10,880,10,ad_probe,ad_c(full_target_scalar_reference),0.0040031729300659125,True,0.0910084951704957,45009
scifact,45,selection,10,880,10,glob_probe,best_in_menu_on_eval,0.0,True,,45009
scifact,46,recalibration,10,863,10,ad_probe,ad_c(full_target_scalar_reference),0.0028803867281377293,True,0.03568878431538347,46009
scifact,46,selection,10,863,10,glob_probe,best_in_menu_on_eval,0.0,True,,46009
scifact,47,recalibration,10,789,10,ad_probe,ad_c(full_target_scalar_reference),0.004365478307701287,True,0.13795264763143145,47009
scifact,47,selection,10,789,10,glob_probe,best_in_menu_on_eval,0.0,True,,47009
scifact,48,recalibration,10,847,10,ad_probe,ad_c(full_target_scalar_reference),0.0040031729300659125,True,0.10899055810586411,48009
scifact,48,selection,10,847,10,glob_probe,best_in_menu_on_eval,0.0,True,,48009
scifact,49,recalibration,10,798,10,ad_probe,ad_c(full_target_scalar_reference),0.005354471726082832,False,0.17379056548306582,49009
scifact,49,selection,10,798,10,glob_probe,best_in_menu_on_eval,0.012136392179833089,False,,49009
scifact,0,recalibration,20,1794,20,ad_probe,ad_c(full_target_scalar_reference),0.0022599425163355447,True,0.02457347079001515,2200163
scifact,0,selection,20,1794,20,glob_probe,best_in_menu_on_eval,0.0,True,,2200163
scifact,1,recalibration,20,1689,20,ad_probe,ad_c(full_target_scalar_reference),0.0029832576827139023,True,0.07890552669411699,2201163
scifact,1,selection,20,1689,20,glob_probe,best_in_menu_on_eval,0.0,True,,2201163
scifact,2,recalibration,20,1657,20,ad_probe,ad_c(full_target_scalar_reference),0.0032030429540947924,True,0.048647470699588524,2202163
scifact,2,selection,20,1657,20,glob_probe,best_in_menu_on_eval,0.0,True,,2202163
scifact,3,recalibration,20,1674,20,ad_probe,ad_c(full_target_scalar_reference),0.0022599425163355447,True,0.02092048070349317,2203163
scifact,3,selection,20,1674,20,glob_probe,best_in_menu_on_eval,0.0,True,,2203163
scifact,4,recalibration,20,1745,20,ad_probe,ad_c(full_target_scalar_reference),0.0032030429540947924,True,0.08427508648616655,2204163
scifact,4,selection,20,1745,20,glob_probe,best_in_menu_on_eval,0.0,True,,2204163
scifact,5,recalibration,20,1699,20,ad_probe,ad_c(full_target_scalar_reference),0.004146143391853818,True,0.10972961979381268,2205163
scifact,5,selection,20,1699,20,glob_probe,best_in_menu_on_eval,0.0,True,,2205163
scifact,6,recalibration,20,1749,20,ad_probe,ad_c(full_target_scalar_reference),0.0,True,0.01766176089169269,2206163
scifact,6,selection,20,1749,20,glob_probe,best_in_menu_on_eval,0.0,True,,2206163
scifact,7,recalibration,20,1642,20,ad_probe,ad_c(full_target_scalar_reference),0.0015381305645477683,True,0.020012826677734408,2207163
scifact,7,selection,20,1642,20,glob_probe,best_in_menu_on_eval,0.0,True,,2207163
scifact,8,recalibration,20,1680,20,ad_probe,ad_c(full_target_scalar_reference),0.0032030429540947924,True,0.1278635193385087,2208163
scifact,8,selection,20,1680,20,glob_probe,best_in_menu_on_eval,0.0,True,,2208163
scifact,9,recalibration,20,1711,20,ad_probe,ad_c(full_target_scalar_reference),0.0032030429540949035,True,0.03724530814980165,2209163
scifact,9,selection,20,1711,20,glob_probe,best_in_menu_on_eval,0.0,True,,2209163
scifact,10,recalibration,20,1682,20,ad_probe,ad_c(full_target_scalar_reference),0.0037914511130174855,True,0.1374077239959528,2210163
scifact,10,selection,20,1682,20,glob_probe,best_in_menu_on_eval,0.0,True,,2210163
scifact,11,recalibration,20,1641,20,ad_probe,ad_c(full_target_scalar_reference),0.00414614339185404,True,0.12238412895821904,2211163
scifact,11,selection,20,1641,20,glob_probe,best_in_menu_on_eval,0.0,True,,2211163
scifact,12,recalibration,20,1706,20,ad_probe,ad_c(full_target_scalar_reference),0.002253320548469384,True,0.07968566917625819,2212163
scifact,12,selection,20,1706,20,glob_probe,best_in_menu_on_eval,0.0,True,,2212163
scifact,13,recalibration,20,1652,20,ad_probe,ad_c(full_target_scalar_reference),0.0029832576827141244,True,0.06657458182095777,2213163
scifact,13,selection,20,1652,20,glob_probe,best_in_menu_on_eval,0.0,True,,2213163
scifact,14,recalibration,20,1703,20,ad_probe,ad_c(full_target_scalar_reference),0.00260801282730605,True,0.11117756716667326,2214163
scifact,14,selection,20,1703,20,trunc,best_in_menu_on_eval,0.03829864251923809,False,,2214163
scifact,15,recalibration,20,1628,20,ad_probe,ad_c(full_target_scalar_reference),0.0029832576827141244,True,0.037094831903780046,2215163
scifact,15,selection,20,1628,20,glob_probe,best_in_menu_on_eval,0.0,True,,2215163
scifact,16,recalibration,20,1668,20,ad_probe,ad_c(full_target_scalar_reference),0.004521388247261893,True,0.1410122881416329,2216163
scifact,16,selection,20,1668,20,glob_probe,best_in_menu_on_eval,0.0,True,,2216163
scifact,17,recalibration,20,1642,20,ad_probe,ad_c(full_target_scalar_reference),0.0029832576827141244,True,0.06759928256748571,2217163
scifact,17,selection,20,1642,20,glob_probe,best_in_menu_on_eval,0.0,True,,2217163
scifact,18,recalibration,20,1663,20,ad_probe,ad_c(full_target_scalar_reference),0.0029832576827141244,True,0.03795141554503256,2218163
scifact,18,selection,20,1663,20,glob_probe,best_in_menu_on_eval,0.0,True,,2218163
scifact,19,recalibration,20,1651,20,ad_probe,ad_c(full_target_scalar_reference),0.007863859983769816,False,0.21337223290942853,2219163
scifact,19,selection,20,1651,20,glob_probe,best_in_menu_on_eval,0.0,True,,2219163
scifact,20,recalibration,20,1561,20,ad_probe,ad_c(full_target_scalar_reference),0.0029832576827141244,True,0.07889327258105272,2220163
scifact,20,selection,20,1561,20,glob_probe,best_in_menu_on_eval,0.0,True,,2220163
scifact,21,recalibration,20,1624,20,ad_probe,ad_c(full_target_scalar_reference),0.002253320548469495,True,0.018142856007876684,2221163
scifact,21,selection,20,1624,20,glob_probe,best_in_menu_on_eval,0.0,True,,2221163
scifact,22,recalibration,20,1731,20,ad_probe,ad_c(full_target_scalar_reference),0.0032030429540946814,True,0.04366430498845353,2222163
scifact,22,selection,20,1731,20,glob_probe,best_in_menu_on_eval,0.0,True,,2222163
scifact,23,recalibration,20,1588,20,ad_probe,ad_c(full_target_scalar_reference),0.0,True,0.007163549943849157,2223163
scifact,23,selection,20,1588,20,glob_probe,best_in_menu_on_eval,0.0,True,,2223163
scifact,24,recalibration,20,1751,20,ad_probe,ad_c(full_target_scalar_reference),0.0,True,0.00036795892675867137,2224163
scifact,24,selection,20,1751,20,glob_probe,best_in_menu_on_eval,0.0,True,,2224163
scifact,25,recalibration,20,1693,20,ad_probe,ad_c(full_target_scalar_reference),0.0022599425163355447,True,0.025347367732065695,2225163
scifact,25,selection,20,1693,20,glob_probe,best_in_menu_on_eval,0.0,True,,2225163
scifact,26,recalibration,20,1781,20,ad_probe,ad_c(full_target_scalar_reference),0.0,True,0.01406147668862423,2226163
scifact,26,selection,20,1781,20,glob_probe,best_in_menu_on_eval,0.0,True,,2226163
scifact,27,recalibration,20,1632,20,ad_probe,ad_c(full_target_scalar_reference),0.0,True,0.014657930345279846,2227163
scifact,27,selection,20,1632,20,glob_probe,best_in_menu_on_eval,0.0,True,,2227163
scifact,28,recalibration,20,1620,20,ad_probe,ad_c(full_target_scalar_reference),0.003424331440066264,True,0.22649263217043525,2228163
scifact,28,selection,20,1620,20,glob_probe,best_in_menu_on_eval,0.0,True,,2228163
scifact,29,recalibration,20,1647,20,ad_probe,ad_c(full_target_scalar_reference),0.0029832576827140134,True,0.09547833146205553,2229163
scifact,29,selection,20,1647,20,glob_probe,best_in_menu_on_eval,0.0,True,,2229163
scifact,30,recalibration,20,1611,20,ad_probe,ad_c(full_target_scalar_reference),0.0029832576827141244,True,0.045654198925648704,2230163
scifact,30,selection,20,1611,20,glob_probe,best_in_menu_on_eval,0.0,True,,2230163
scifact,31,recalibration,20,1595,20,ad_probe,ad_c(full_target_scalar_reference),0.0029832576827139023,True,0.08157590295916539,2231163
scifact,31,selection,20,1595,20,glob_probe,best_in_menu_on_eval,0.0,True,,2231163
scifact,32,recalibration,20,1749,20,ad_probe,ad_c(full_target_scalar_reference),0.00414614339185404,True,0.13954351650560182,2232163
scifact,32,selection,20,1749,20,glob_probe,best_in_menu_on_eval,0.0,True,,2232163
scifact,33,recalibration,20,1654,20,ad_probe,ad_c(full_target_scalar_reference),0.004521388247262004,True,0.10459249647927771,2233163
scifact,33,selection,20,1654,20,glob_probe,best_in_menu_on_eval,0.0,True,,2233163
scifact,34,recalibration,20,1712,20,ad_probe,ad_c(full_target_scalar_reference),0.0029832576827140134,True,0.09541816705095663,2234163
scifact,34,selection,20,1712,20,glob_probe,best_in_menu_on_eval,0.0,True,,2234163
scifact,35,recalibration,20,1671,20,ad_probe,ad_c(full_target_scalar_reference),0.0032030429540949035,True,0.02618707751845739,2235163
scifact,35,selection,20,1671,20,glob_probe,best_in_menu_on_eval,0.0,True,,2235163
scifact,36,recalibration,20,1712,20,ad_probe,ad_c(full_target_scalar_reference),0.0,True,0.013590236554131385,2236163
scifact,36,selection,20,1712,20,glob_probe,best_in_menu_on_eval,0.0,True,,2236163
scifact,37,recalibration,20,1619,20,ad_probe,ad_c(full_target_scalar_reference),0.0,True,0.007977855242634058,2237163
scifact,37,selection,20,1619,20,glob_probe,best_in_menu_on_eval,0.0,True,,2237163
scifact,38,recalibration,20,1700,20,ad_probe,ad_c(full_target_scalar_reference),0.00414614339185404,True,0.11325176941082238,2238163
scifact,38,selection,20,1700,20,glob_probe,best_in_menu_on_eval,0.0,True,,2238163
scifact,39,recalibration,20,1588,20,ad_probe,ad_c(full_target_scalar_reference),0.0029832576827140134,True,0.0610442308466137,2239163
scifact,39,selection,20,1588,20,glob_probe,best_in_menu_on_eval,0.0,True,,2239163
scifact,40,recalibration,20,1670,20,ad_probe,ad_c(full_target_scalar_reference),0.0029832576827140134,True,0.055394176463025135,2240163
scifact,40,selection,20,1670,20,glob_probe,best_in_menu_on_eval,0.0,True,,2240163
scifact,41,recalibration,20,1640,20,ad_probe,ad_c(full_target_scalar_reference),0.0029832576827141244,True,0.051653134247515164,2241163
scifact,41,selection,20,1640,20,glob_probe,best_in_menu_on_eval,0.0,True,,2241163
scifact,42,recalibration,20,1723,20,ad_probe,ad_c(full_target_scalar_reference),0.0029832576827140134,True,0.043300748830295,2242163
scifact,42,selection,20,1723,20,glob_probe,best_in_menu_on_eval,0.0,True,,2242163
scifact,43,recalibration,20,1650,20,ad_probe,ad_c(full_target_scalar_reference),0.0032030429540946814,True,0.04366430498845353,2243163
scifact,43,selection,20,1650,20,glob_probe,best_in_menu_on_eval,0.0,True,,2243163
scifact,44,recalibration,20,1724,20,ad_probe,ad_c(full_target_scalar_reference),0.0029832576827141244,True,0.08403762763856149,2244163
scifact,44,selection,20,1724,20,glob_probe,best_in_menu_on_eval,0.0,True,,2244163
scifact,45,recalibration,20,1707,20,ad_probe,ad_c(full_target_scalar_reference),0.0,True,0.011067951965987755,2245163
scifact,45,selection,20,1707,20,glob_probe,best_in_menu_on_eval,0.0,True,,2245163
scifact,46,recalibration,20,1699,20,ad_probe,ad_c(full_target_scalar_reference),0.004521388247261893,True,0.1140038353737054,2246163
scifact,46,selection,20,1699,20,glob_probe,best_in_menu_on_eval,0.0,True,,2246163
scifact,47,recalibration,20,1568,20,ad_probe,ad_c(full_target_scalar_reference),0.0,True,0.01285083833616818,2247163
scifact,47,selection,20,1568,20,glob_probe,best_in_menu_on_eval,0.0,True,,2247163
scifact,48,recalibration,20,1656,20,ad_probe,ad_c(full_target_scalar_reference),0.004521388247262004,True,0.14788512087339223,2248163
scifact,48,selection,20,1656,20,glob_probe,best_in_menu_on_eval,0.0,True,,2248163
scifact,49,recalibration,20,1575,20,ad_probe,ad_c(full_target_scalar_reference),0.0029832576827141244,True,0.09596004868616759,2249163
scifact,49,selection,20,1575,20,glob_probe,best_in_menu_on_eval,0.0,True,,2249163
scifact,0,recalibration,50,4142,50,ad_probe,ad_c(full_target_scalar_reference),0.0,True,0.0026441722657497557,2300564
scifact,0,selection,50,4142,50,glob_probe,best_in_menu_on_eval,0.0,True,,2300564
scifact,1,recalibration,50,4289,50,ad_probe,ad_c(full_target_scalar_reference),0.0008175295903538604,True,0.07180623740075531,2301564
scifact,1,selection,50,4289,50,glob_probe,best_in_menu_on_eval,0.0,True,,2301564
scifact,2,recalibration,50,4144,50,ad_probe,ad_c(full_target_scalar_reference),0.005063954836933449,False,0.1515906557815987,2302564
scifact,2,selection,50,4144,50,glob_probe,best_in_menu_on_eval,0.0,True,,2302564
scifact,3,recalibration,50,4251,50,ad_probe,ad_c(full_target_scalar_reference),0.0035874081085861542,True,0.029873125204003426,2303564
scifact,3,selection,50,4251,50,glob_probe,best_in_menu_on_eval,0.0,True,,2303564
scifact,4,recalibration,50,4025,50,ad_probe,ad_c(full_target_scalar_reference),0.0008175295903539714,True,0.03077858156312918,2304564
scifact,4,selection,50,4025,50,glob_probe,best_in_menu_on_eval,0.0,True,,2304564
scifact,5,recalibration,50,4161,50,ad_probe,ad_c(full_target_scalar_reference),0.0025311356182957656,True,0.020804658811717225,2305564
scifact,5,selection,50,4161,50,glob_probe,best_in_menu_on_eval,0.0,True,,2305564
scifact,6,recalibration,50,4244,50,ad_probe,ad_c(full_target_scalar_reference),0.0033412486046399126,True,0.03262852654122672,2306564
scifact,6,selection,50,4244,50,glob_probe,best_in_menu_on_eval,0.0,True,,2306564
scifact,7,recalibration,50,4116,50,ad_probe,ad_c(full_target_scalar_reference),0.0,True,0.016493570519486855,2307564
scifact,7,selection,50,4116,50,glob_probe,best_in_menu_on_eval,0.0,True,,2307564
scifact,8,recalibration,50,4208,50,ad_probe,ad_c(full_target_scalar_reference),0.0,True,0.01736447829059573,2308564
scifact,8,selection,50,4208,50,glob_probe,best_in_menu_on_eval,0.0,True,,2308564
scifact,9,recalibration,50,4215,50,ad_probe,ad_c(full_target_scalar_reference),0.0025311356182957656,True,0.024765415180441286,2309564
scifact,9,selection,50,4215,50,glob_probe,best_in_menu_on_eval,0.0,True,,2309564
scifact,10,recalibration,50,4093,50,ad_probe,ad_c(full_target_scalar_reference),0.0033412486046398016,True,0.05815564475058088,2310564
scifact,10,selection,50,4093,50,glob_probe,best_in_menu_on_eval,0.0,True,,2310564
scifact,11,recalibration,50,4221,50,ad_probe,ad_c(full_target_scalar_reference),0.0,True,0.013297582613850056,2311564
scifact,11,selection,50,4221,50,glob_probe,best_in_menu_on_eval,0.0,True,,2311564
scifact,12,recalibration,50,4018,50,ad_probe,ad_c(full_target_scalar_reference),0.0033412486046396905,True,0.08634570179552814,2312564
scifact,12,selection,50,4018,50,glob_probe,best_in_menu_on_eval,0.0,True,,2312564
scifact,13,recalibration,50,4060,50,ad_probe,ad_c(full_target_scalar_reference),0.0,True,0.009718954372826216,2313564
scifact,13,selection,50,4060,50,glob_probe,best_in_menu_on_eval,0.0,True,,2313564
scifact,14,recalibration,50,4129,50,ad_probe,ad_c(full_target_scalar_reference),0.002523719014285719,True,0.02200693532240172,2314564
scifact,14,selection,50,4129,50,glob_probe,best_in_menu_on_eval,0.0,True,,2314564
scifact,15,recalibration,50,4151,50,ad_probe,ad_c(full_target_scalar_reference),0.0,True,0.00786338885663651,2315564
scifact,15,selection,50,4151,50,glob_probe,best_in_menu_on_eval,0.0,True,,2315564
scifact,16,recalibration,50,4147,50,ad_probe,ad_c(full_target_scalar_reference),0.0033412486046398016,True,0.10375098718632192,2316564
scifact,16,selection,50,4147,50,glob_probe,best_in_menu_on_eval,0.0,True,,2316564
scifact,17,recalibration,50,4165,50,ad_probe,ad_c(full_target_scalar_reference),0.0033412486046398016,True,0.051653134247515164,2317564
scifact,17,selection,50,4165,50,glob_probe,best_in_menu_on_eval,0.0,True,,2317564
scifact,18,recalibration,50,4234,50,ad_probe,ad_c(full_target_scalar_reference),0.002523719014285941,True,0.03356138243979201,2318564
scifact,18,selection,50,4234,50,glob_probe,best_in_menu_on_eval,0.0,True,,2318564
scifact,19,recalibration,50,4259,50,ad_probe,ad_c(full_target_scalar_reference),0.0035874081085861542,True,0.04231631877402475,2319564
scifact,19,selection,50,4259,50,glob_probe,best_in_menu_on_eval,0.0,True,,2319564
scifact,20,recalibration,50,4103,50,ad_probe,ad_c(full_target_scalar_reference),0.0,True,0.020374323864998378,2320564
scifact,20,selection,50,4103,50,glob_probe,best_in_menu_on_eval,0.0,True,,2320564
scifact,21,recalibration,50,4192,50,ad_probe,ad_c(full_target_scalar_reference),0.0,True,0.004122116022497568,2321564
scifact,21,selection,50,4192,50,glob_probe,best_in_menu_on_eval,0.0,True,,2321564
scifact,22,recalibration,50,4253,50,ad_probe,ad_c(full_target_scalar_reference),0.0033412486046398016,True,0.08815786201255915,2322564
scifact,22,selection,50,4253,50,glob_probe,best_in_menu_on_eval,0.0,True,,2322564
scifact,23,recalibration,50,4192,50,ad_probe,ad_c(full_target_scalar_reference),0.0033412486046396905,True,0.07436238136095774,2323564
scifact,23,selection,50,4192,50,glob_probe,best_in_menu_on_eval,0.0,True,,2323564
scifact,24,recalibration,50,4282,50,ad_probe,ad_c(full_target_scalar_reference),0.0008084293860022296,True,0.02028038165793089,2324564
scifact,24,selection,50,4282,50,glob_probe,best_in_menu_on_eval,0.0,True,,2324564
scifact,25,recalibration,50,4222,50,ad_probe,ad_c(full_target_scalar_reference),0.0,True,0.001529110052034044,2325564
scifact,25,selection,50,4222,50,glob_probe,best_in_menu_on_eval,0.0,True,,2325564
scifact,26,recalibration,50,4154,50,ad_probe,ad_c(full_target_scalar_reference),0.008807523181822319,False,0.20126017727766443,2326564
scifact,26,selection,50,4154,50,glob_probe,best_in_menu_on_eval,0.0,True,,2326564
scifact,27,recalibration,50,4335,50,ad_probe,ad_c(full_target_scalar_reference),0.0025311356182956546,True,0.062145218444215056,2327564
scifact,27,selection,50,4335,50,glob_probe,best_in_menu_on_eval,0.0,True,,2327564
scifact,28,recalibration,50,4255,50,ad_probe,ad_c(full_target_scalar_reference),0.0018647018762927292,True,0.06793969384782184,2328564
scifact,28,selection,50,4255,50,glob_probe,best_in_menu_on_eval,0.0,True,,2328564
scifact,29,recalibration,50,4192,50,ad_probe,ad_c(full_target_scalar_reference),0.0,True,0.0003482002337651391,2329564
scifact,29,selection,50,4192,50,glob_probe,best_in_menu_on_eval,0.0,True,,2329564
scifact,30,recalibration,50,4165,50,ad_probe,ad_c(full_target_scalar_reference),0.0033412486046396905,True,0.05001599202028362,2330564
scifact,30,selection,50,4165,50,glob_probe,best_in_menu_on_eval,0.0,True,,2330564
scifact,31,recalibration,50,4161,50,ad_probe,ad_c(full_target_scalar_reference),0.0,True,0.017177864882600424,2331564
scifact,31,selection,50,4161,50,glob_probe,best_in_menu_on_eval,0.0,True,,2331564
scifact,32,recalibration,50,4151,50,ad_probe,ad_c(full_target_scalar_reference),0.0,True,0.0,2332564
scifact,32,selection,50,4151,50,glob_probe,best_in_menu_on_eval,0.0,True,,2332564
scifact,33,recalibration,50,4186,50,ad_probe,ad_c(full_target_scalar_reference),0.0033412486046398016,True,0.037157866784972016,2333564
scifact,33,selection,50,4186,50,glob_probe,best_in_menu_on_eval,0.0,True,,2333564
scifact,34,recalibration,50,4232,50,ad_probe,ad_c(full_target_scalar_reference),0.0033412486046396905,True,0.0975132245584861,2334564
scifact,34,selection,50,4232,50,glob_probe,best_in_menu_on_eval,0.0,True,,2334564
scifact,35,recalibration,50,3989,50,ad_probe,ad_c(full_target_scalar_reference),0.0033412486046398016,True,0.0507286925085646,2335564
scifact,35,selection,50,3989,50,glob_probe,best_in_menu_on_eval,0.0,True,,2335564
scifact,36,recalibration,50,4096,50,ad_probe,ad_c(full_target_scalar_reference),0.005063954836933338,False,0.13911057992472464,2336564
scifact,36,selection,50,4096,50,glob_probe,best_in_menu_on_eval,0.0,True,,2336564
scifact,37,recalibration,50,4137,50,ad_probe,ad_c(full_target_scalar_reference),0.0033412486046396905,True,0.03682256522039884,2337564
scifact,37,selection,50,4137,50,glob_probe,best_in_menu_on_eval,0.0,True,,2337564
scifact,38,recalibration,50,4234,50,ad_probe,ad_c(full_target_scalar_reference),0.0033412486046398016,True,0.04020050851146295,2338564
scifact,38,selection,50,4234,50,glob_probe,best_in_menu_on_eval,0.0,True,,2338564
scifact,39,recalibration,50,4259,50,ad_probe,ad_c(full_target_scalar_reference),0.0,True,0.018107177247929318,2339564
scifact,39,selection,50,4259,50,glob_probe,best_in_menu_on_eval,0.0,True,,2339564
scifact,40,recalibration,50,4220,50,ad_probe,ad_c(full_target_scalar_reference),0.0,True,0.00786338885663651,2340564
scifact,40,selection,50,4220,50,glob_probe,best_in_menu_on_eval,0.0,True,,2340564
scifact,41,recalibration,50,4001,50,ad_probe,ad_c(full_target_scalar_reference),0.0033412486046396905,True,0.05512274562929109,2341564
scifact,41,selection,50,4001,50,glob_probe,best_in_menu_on_eval,0.0,True,,2341564
scifact,42,recalibration,50,4158,50,ad_probe,ad_c(full_target_scalar_reference),0.0,True,0.019287735464033062,2342564
scifact,42,selection,50,4158,50,glob_probe,best_in_menu_on_eval,0.0,True,,2342564
scifact,43,recalibration,50,4185,50,ad_probe,ad_c(full_target_scalar_reference),0.0008175295903538604,True,0.0349726202423013,2343564
scifact,43,selection,50,4185,50,glob_probe,best_in_menu_on_eval,0.0,True,,2343564
scifact,44,recalibration,50,4173,50,ad_probe,ad_c(full_target_scalar_reference),0.0,True,0.008987804050121007,2344564
scifact,44,selection,50,4173,50,glob_probe,best_in_menu_on_eval,0.0,True,,2344564
scifact,45,recalibration,50,4118,50,ad_probe,ad_c(full_target_scalar_reference),0.0,True,0.01091201115209861,2345564
scifact,45,selection,50,4118,50,glob_probe,best_in_menu_on_eval,0.0,True,,2345564
scifact,46,recalibration,50,4213,50,ad_probe,ad_c(full_target_scalar_reference),0.00252371901428583,True,0.015300651226495154,2346564
scifact,46,selection,50,4213,50,glob_probe,best_in_menu_on_eval,0.0,True,,2346564
scifact,47,recalibration,50,4252,50,ad_probe,ad_c(full_target_scalar_reference),0.0035874081085861542,True,0.09058579860414762,2347564
scifact,47,selection,50,4252,50,glob_probe,best_in_menu_on_eval,0.0,True,,2347564
scifact,48,recalibration,50,4260,50,ad_probe,ad_c(full_target_scalar_reference),0.00252371901428583,True,0.053838036958873126,2348564
scifact,48,selection,50,4260,50,glob_probe,best_in_menu_on_eval,0.0,True,,2348564
scifact,49,recalibration,50,4183,50,ad_probe,ad_c(full_target_scalar_reference),0.0,True,0.007804263088442953,2349564
scifact,49,selection,50,4183,50,glob_probe,best_in_menu_on_eval,0.0,True,,2349564
scifact,0,recalibration,100,8282,100,ad_probe,ad_c(full_target_scalar_reference),0.004176560755799641,True,0.04844118674082698,2400944
scifact,0,selection,100,8282,100,glob_probe,best_in_menu_on_eval,0.0,True,,2400944
scifact,1,recalibration,100,8498,100,ad_probe,ad_c(full_target_scalar_reference),0.0,True,0.009581251078451869,2401944
scifact,1,selection,100,8498,100,glob_probe,best_in_menu_on_eval,0.0,True,,2401944
scifact,2,recalibration,100,8419,100,ad_probe,ad_c(full_target_scalar_reference),0.0,True,0.004962058307061534,2402944
scifact,2,selection,100,8419,100,glob_probe,best_in_menu_on_eval,0.0,True,,2402944
scifact,3,recalibration,100,8358,100,ad_probe,ad_c(full_target_scalar_reference),0.0,True,0.007100333606587905,2403944
scifact,3,selection,100,8358,100,glob_probe,best_in_menu_on_eval,0.0,True,,2403944
scifact,4,recalibration,100,8392,100,ad_probe,ad_c(full_target_scalar_reference),0.0,True,0.05433359981199137,2404944
scifact,4,selection,100,8392,100,glob_probe,best_in_menu_on_eval,0.0,True,,2404944
scifact,5,recalibration,100,8471,100,ad_probe,ad_c(full_target_scalar_reference),0.0,True,0.004962058307061534,2405944
scifact,5,selection,100,8471,100,glob_probe,best_in_menu_on_eval,0.0,True,,2405944
scifact,6,recalibration,100,8323,100,ad_probe,ad_c(full_target_scalar_reference),0.0,True,0.009581251078451869,2406944
scifact,6,selection,100,8323,100,glob_probe,best_in_menu_on_eval,0.0,True,,2406944
scifact,7,recalibration,100,8131,100,ad_probe,ad_c(full_target_scalar_reference),0.0,True,0.0349726202423013,2407944
scifact,7,selection,100,8131,100,glob_probe,best_in_menu_on_eval,0.0,True,,2407944
scifact,8,recalibration,100,8428,100,ad_probe,ad_c(full_target_scalar_reference),0.004484260135732665,True,0.04136391770611225,2408944
scifact,8,selection,100,8428,100,glob_probe,best_in_menu_on_eval,0.0,True,,2408944
scifact,9,recalibration,100,8293,100,ad_probe,ad_c(full_target_scalar_reference),0.0010219119879424365,True,0.03550571169191463,2409944
scifact,9,selection,100,8293,100,glob_probe,best_in_menu_on_eval,0.0,True,,2409944
scifact,10,recalibration,100,8492,100,ad_probe,ad_c(full_target_scalar_reference),0.0,True,0.016450041199584153,2410944
scifact,10,selection,100,8492,100,glob_probe,best_in_menu_on_eval,0.0,True,,2410944
scifact,11,recalibration,100,8352,100,ad_probe,ad_c(full_target_scalar_reference),0.0,True,0.009825796645185791,2411944
scifact,11,selection,100,8352,100,glob_probe,best_in_menu_on_eval,0.0,True,,2411944
scifact,12,recalibration,100,8444,100,ad_probe,ad_c(full_target_scalar_reference),0.0,True,0.006800039392757862,2412944
scifact,12,selection,100,8444,100,glob_probe,best_in_menu_on_eval,0.0,True,,2412944
scifact,13,recalibration,100,8513,100,ad_probe,ad_c(full_target_scalar_reference),0.0,True,0.01091201115209861,2413944
scifact,13,selection,100,8513,100,glob_probe,best_in_menu_on_eval,0.0,True,,2413944
scifact,14,recalibration,100,8372,100,ad_probe,ad_c(full_target_scalar_reference),0.0,True,0.005964646942608898,2414944
scifact,14,selection,100,8372,100,glob_probe,best_in_menu_on_eval,0.0,True,,2414944
scifact,15,recalibration,100,8307,100,ad_probe,ad_c(full_target_scalar_reference),0.0010105367325028425,True,0.023214887271491347,2415944
scifact,15,selection,100,8307,100,glob_probe,best_in_menu_on_eval,0.0,True,,2415944
scifact,16,recalibration,100,8382,100,ad_probe,ad_c(full_target_scalar_reference),0.0,True,0.018107177247929318,2416944
scifact,16,selection,100,8382,100,glob_probe,best_in_menu_on_eval,0.0,True,,2416944
scifact,17,recalibration,100,8229,100,ad_probe,ad_c(full_target_scalar_reference),0.002330877345365523,True,0.02747243268601829,2417944
scifact,17,selection,100,8229,100,glob_probe,best_in_menu_on_eval,0.0,True,,2417944
scifact,18,recalibration,100,8482,100,ad_probe,ad_c(full_target_scalar_reference),0.0010219119879424365,True,0.036437951264070234,2418944
scifact,18,selection,100,8482,100,glob_probe,best_in_menu_on_eval,0.0,True,,2418944
scifact,19,recalibration,100,8524,100,ad_probe,ad_c(full_target_scalar_reference),0.0,True,0.02193167861814782,2419944
scifact,19,selection,100,8524,100,glob_probe,best_in_menu_on_eval,0.0,True,,2419944
scifact,20,recalibration,100,8264,100,ad_probe,ad_c(full_target_scalar_reference),0.00417656075579953,True,0.06057918371797699,2420944
scifact,20,selection,100,8264,100,glob_probe,best_in_menu_on_eval,0.0,True,,2420944
scifact,21,recalibration,100,8312,100,ad_probe,ad_c(full_target_scalar_reference),0.0,True,0.006673077141188588,2421944
scifact,21,selection,100,8312,100,glob_probe,best_in_menu_on_eval,0.0,True,,2421944
scifact,22,recalibration,100,8453,100,ad_probe,ad_c(full_target_scalar_reference),0.0031546487678574264,True,0.05246664728503703,2422944
scifact,22,selection,100,8453,100,glob_probe,best_in_menu_on_eval,0.0,True,,2422944
scifact,23,recalibration,100,8407,100,ad_probe,ad_c(full_target_scalar_reference),0.0031546487678573154,True,0.02193167861814782,2423944
scifact,23,selection,100,8407,100,glob_probe,best_in_menu_on_eval,0.0,True,,2423944
scifact,24,recalibration,100,8349,100,ad_probe,ad_c(full_target_scalar_reference),0.0,True,0.009581251078451869,2424944
scifact,24,selection,100,8349,100,glob_probe,best_in_menu_on_eval,0.0,True,,2424944
scifact,25,recalibration,100,8300,100,ad_probe,ad_c(full_target_scalar_reference),0.0,True,0.044345311916716534,2425944
scifact,25,selection,100,8300,100,glob_probe,best_in_menu_on_eval,0.0,True,,2425944
scifact,26,recalibration,100,8154,100,ad_probe,ad_c(full_target_scalar_reference),0.0031546487678573154,True,0.01757796846495352,2426944
scifact,26,selection,100,8154,100,glob_probe,best_in_menu_on_eval,0.0,True,,2426944
scifact,27,recalibration,100,8229,100,ad_probe,ad_c(full_target_scalar_reference),0.0031546487678573154,True,0.043300748830295,2427944
scifact,27,selection,100,8229,100,glob_probe,best_in_menu_on_eval,0.0,True,,2427944
scifact,28,recalibration,100,8387,100,ad_probe,ad_c(full_target_scalar_reference),0.0,True,0.011823719754695095,2428944
scifact,28,selection,100,8387,100,glob_probe,best_in_menu_on_eval,0.0,True,,2428944
scifact,29,recalibration,100,8528,100,ad_probe,ad_c(full_target_scalar_reference),0.0,True,0.007100333606587905,2429944
scifact,29,selection,100,8528,100,glob_probe,best_in_menu_on_eval,0.0,True,,2429944
scifact,30,recalibration,100,8355,100,ad_probe,ad_c(full_target_scalar_reference),0.0010219119879424365,True,0.030462823634210046,2430944
scifact,30,selection,100,8355,100,glob_probe,best_in_menu_on_eval,0.0,True,,2430944
scifact,31,recalibration,100,8434,100,ad_probe,ad_c(full_target_scalar_reference),0.0,True,0.008632739865913397,2431944
scifact,31,selection,100,8434,100,glob_probe,best_in_menu_on_eval,0.0,True,,2431944
scifact,32,recalibration,100,8484,100,ad_probe,ad_c(full_target_scalar_reference),0.0031546487678574264,True,0.021257768373714958,2432944
scifact,32,selection,100,8484,100,glob_probe,best_in_menu_on_eval,0.0,True,,2432944
scifact,33,recalibration,100,8298,100,ad_probe,ad_c(full_target_scalar_reference),0.0,True,0.00465677487277083,2433944
scifact,33,selection,100,8298,100,glob_probe,best_in_menu_on_eval,0.0,True,,2433944
scifact,34,recalibration,100,8307,100,ad_probe,ad_c(full_target_scalar_reference),0.0031546487678572044,True,0.017197629047052132,2434944
scifact,34,selection,100,8307,100,glob_probe,best_in_menu_on_eval,0.0,True,,2434944
scifact,35,recalibration,100,8517,100,ad_probe,ad_c(full_target_scalar_reference),0.002153382790367031,True,0.033917419028373974,2435944
scifact,35,selection,100,8517,100,glob_probe,best_in_menu_on_eval,0.0,True,,2435944
scifact,36,recalibration,100,8336,100,ad_probe,ad_c(full_target_scalar_reference),0.0031546487678573154,True,0.04150046007526553,2436944
scifact,36,selection,100,8336,100,glob_probe,best_in_menu_on_eval,0.0,True,,2436944
scifact,37,recalibration,100,8468,100,ad_probe,ad_c(full_target_scalar_reference),0.0,True,0.007809494376768145,2437944
scifact,37,selection,100,8468,100,glob_probe,best_in_menu_on_eval,0.0,True,,2437944
scifact,38,recalibration,100,8490,100,ad_probe,ad_c(full_target_scalar_reference),0.0,True,0.006733997951885895,2438944
scifact,38,selection,100,8490,100,glob_probe,best_in_menu_on_eval,0.0,True,,2438944
scifact,39,recalibration,100,8342,100,ad_probe,ad_c(full_target_scalar_reference),0.0010219119879424365,True,0.034223453293614536,2439944
scifact,39,selection,100,8342,100,glob_probe,best_in_menu_on_eval,0.0,True,,2439944
scifact,40,recalibration,100,8414,100,ad_probe,ad_c(full_target_scalar_reference),0.0,True,0.023545280878560115,2440944
scifact,40,selection,100,8414,100,glob_probe,best_in_menu_on_eval,0.0,True,,2440944
scifact,41,recalibration,100,8329,100,ad_probe,ad_c(full_target_scalar_reference),0.0010219119879423255,True,0.07262500317904519,2441944
scifact,41,selection,100,8329,100,glob_probe,best_in_menu_on_eval,0.0,True,,2441944
scifact,42,recalibration,100,8265,100,ad_probe,ad_c(full_target_scalar_reference),0.0010219119879424365,True,0.06501069047267061,2442944
scifact,42,selection,100,8265,100,glob_probe,best_in_menu_on_eval,0.0,True,,2442944
scifact,43,recalibration,100,8296,100,ad_probe,ad_c(full_target_scalar_reference),0.0034737234032298225,True,0.04126987300584073,2443944
scifact,43,selection,100,8296,100,glob_probe,best_in_menu_on_eval,0.0,True,,2443944
scifact,44,recalibration,100,8516,100,ad_probe,ad_c(full_target_scalar_reference),0.0,True,0.010774307857724374,2444944
scifact,44,selection,100,8516,100,glob_probe,best_in_menu_on_eval,0.0,True,,2444944
scifact,45,recalibration,100,8553,100,ad_probe,ad_c(full_target_scalar_reference),0.0,True,0.010566601655399466,2445944
scifact,45,selection,100,8553,100,glob_probe,best_in_menu_on_eval,0.0,True,,2445944
scifact,46,recalibration,100,8425,100,ad_probe,ad_c(full_target_scalar_reference),0.0,True,0.009647292519323836,2446944
scifact,46,selection,100,8425,100,glob_probe,best_in_menu_on_eval,0.0,True,,2446944
scifact,47,recalibration,100,8275,100,ad_probe,ad_c(full_target_scalar_reference),0.0031546487678574264,True,0.0339076953646954,2447944
scifact,47,selection,100,8275,100,glob_probe,best_in_menu_on_eval,0.0,True,,2447944
scifact,48,recalibration,100,8419,100,ad_probe,ad_c(full_target_scalar_reference),0.0,True,0.0034235463578483616,2448944
scifact,48,selection,100,8419,100,glob_probe,best_in_menu_on_eval,0.0,True,,2448944
scifact,49,recalibration,100,8336,100,ad_probe,ad_c(full_target_scalar_reference),0.0,True,0.010774307857724374,2449944
scifact,49,selection,100,8336,100,glob_probe,best_in_menu_on_eval,0.0,True,,2449944
arguana,0,recalibration,5,313,5,ad_probe,ad_c(full_target_scalar_reference),0.003866172930050111,True,0.14505736164196992,2000526
arguana,0,selection,5,313,5,glob_probe,best_in_menu_on_eval,0.0,True,,2000526
arguana,1,recalibration,5,298,5,ad_probe,ad_c(full_target_scalar_reference),0.002608600119812482,True,0.13324775362756114,2001526
arguana,1,selection,5,298,5,glob_probe,best_in_menu_on_eval,0.0,True,,2001526
arguana,2,recalibration,5,323,5,ad_probe,ad_c(full_target_scalar_reference),0.005930976114000409,False,0.20194359499278658,2002526
arguana,2,selection,5,323,5,glob_probe,best_in_menu_on_eval,0.0,True,,2002526
arguana,3,recalibration,5,285,5,ad_probe,ad_c(full_target_scalar_reference),0.00035688793718772257,True,0.014483312998445408,2003526
arguana,3,selection,5,285,5,glob_probe,best_in_menu_on_eval,0.0,True,,2003526
arguana,4,recalibration,5,334,5,ad_probe,ad_c(full_target_scalar_reference),0.002608600119812482,True,0.11542574185559196,2004526
arguana,4,selection,5,334,5,glob_probe,best_in_menu_on_eval,0.0,True,,2004526
arguana,5,recalibration,5,338,5,ad_probe,ad_c(full_target_scalar_reference),0.0022517121826247594,True,0.10233188721090081,2005526
arguana,5,selection,5,338,5,glob_probe,best_in_menu_on_eval,0.0,True,,2005526
arguana,6,recalibration,5,293,5,ad_probe,ad_c(full_target_scalar_reference),0.00215825768328753,True,0.1232982383741783,2006526
arguana,6,selection,5,293,5,glob_probe,best_in_menu_on_eval,0.0,True,,2006526
arguana,7,recalibration,5,289,5,ad_probe,ad_c(full_target_scalar_reference),0.00215825768328753,True,0.10903175406272059,2007526
arguana,7,selection,5,289,5,glob_probe,best_in_menu_on_eval,0.0,True,,2007526
arguana,8,recalibration,5,313,5,ad_probe,ad_c(full_target_scalar_reference),0.002608600119812482,True,0.15251944332381606,2008526
arguana,8,selection,5,313,5,glob_probe,best_in_menu_on_eval,0.0,True,,2008526
arguana,9,recalibration,5,309,5,ad_probe,ad_c(full_target_scalar_reference),0.00593097611400041,False,0.20199175541177983,2009526
arguana,9,selection,5,309,5,glob_probe,best_in_menu_on_eval,0.0,True,,2009526
arguana,10,recalibration,5,294,5,ad_probe,ad_c(full_target_scalar_reference),0.0071390675238621575,False,0.2582672998719653,2010526
arguana,10,selection,5,294,5,glob_probe,best_in_menu_on_eval,0.0,True,,2010526
arguana,11,recalibration,5,296,5,ad_probe,ad_c(full_target_scalar_reference),0.0017079152467625782,True,0.0822521784015583,2011526
arguana,11,selection,5,296,5,glob_probe,best_in_menu_on_eval,0.0,True,,2011526
arguana,12,recalibration,5,326,5,ad_probe,ad_c(full_target_scalar_reference),0.0,True,0.03660761323501327,2012526
arguana,12,selection,5,326,5,glob_probe,best_in_menu_on_eval,0.0,True,,2012526
arguana,13,recalibration,5,333,5,ad_probe,ad_c(full_target_scalar_reference),0.0,True,0.00600588891671916,2013526
arguana,13,selection,5,333,5,glob_probe,best_in_menu_on_eval,0.0,True,,2013526
arguana,14,recalibration,5,288,5,ad_probe,ad_c(full_target_scalar_reference),0.00215825768328753,True,0.14649885867956092,2014526
arguana,14,selection,5,288,5,glob_probe,best_in_menu_on_eval,0.0,True,,2014526
arguana,15,recalibration,5,333,5,ad_probe,ad_c(full_target_scalar_reference),0.0068316609870503146,False,0.23497290849807428,2015526
arguana,15,selection,5,333,5,glob_probe,best_in_menu_on_eval,0.0,True,,2015526
arguana,16,recalibration,5,325,5,ad_probe,ad_c(full_target_scalar_reference),0.0068316609870503146,False,0.22983434955303927,2016526
arguana,16,selection,5,325,5,glob_probe,best_in_menu_on_eval,0.0,True,,2016526
arguana,17,recalibration,5,284,5,ad_probe,ad_c(full_target_scalar_reference),0.0071390675238621575,False,0.25341157580150053,2017526
arguana,17,selection,5,284,5,glob_probe,best_in_menu_on_eval,0.0,True,,2017526
arguana,18,recalibration,5,336,5,ad_probe,ad_c(full_target_scalar_reference),0.002608600119812482,True,0.14063306171693257,2018526
arguana,18,selection,5,336,5,glob_probe,best_in_menu_on_eval,0.0,True,,2018526
arguana,19,recalibration,5,311,5,ad_probe,ad_c(full_target_scalar_reference),0.00035688793718772257,True,0.0407929421053389,2019526
arguana,19,selection,5,311,5,glob_probe,best_in_menu_on_eval,0.0,True,,2019526
arguana,20,recalibration,5,314,5,ad_probe,ad_c(full_target_scalar_reference),0.0017079152467625782,True,0.0593581490395273,2020526
arguana,20,selection,5,314,5,glob_probe,best_in_menu_on_eval,0.0,True,,2020526
arguana,21,recalibration,5,327,5,ad_probe,ad_c(full_target_scalar_reference),0.00035688793718772257,True,0.037983420250629396,2021526
arguana,21,selection,5,327,5,glob_probe,best_in_menu_on_eval,0.0,True,,2021526
arguana,22,recalibration,5,302,5,ad_probe,ad_c(full_target_scalar_reference),0.0017079152467625782,True,0.058930800844758546,2022526
arguana,22,selection,5,302,5,glob_probe,best_in_menu_on_eval,0.0,True,,2022526
arguana,23,recalibration,5,280,5,ad_probe,ad_c(full_target_scalar_reference),0.0013510273095748565,True,0.0925993906121001,2023526
arguana,23,selection,5,280,5,glob_probe,best_in_menu_on_eval,0.0,True,,2023526
arguana,24,recalibration,5,316,5,ad_probe,ad_c(full_target_scalar_reference),0.0004503424365249519,True,0.04091836935284254,2024526
arguana,24,selection,5,316,5,glob_probe,best_in_menu_on_eval,0.0,True,,2024526
arguana,25,recalibration,5,294,5,ad_probe,ad_c(full_target_scalar_reference),0.0029654880570002045,True,0.19095701180000635,2025526
arguana,25,selection,5,294,5,glob_probe,best_in_menu_on_eval,0.0,True,,2025526
arguana,26,recalibration,5,276,5,ad_probe,ad_c(full_target_scalar_reference),0.002608600119812482,True,0.14398539732945637,2026526
arguana,26,selection,5,276,5,glob_probe,best_in_menu_on_eval,0.0,True,,2026526
arguana,27,recalibration,5,327,5,ad_probe,ad_c(full_target_scalar_reference),0.00035688793718772257,True,0.026202051397183568,2027526
arguana,27,selection,5,327,5,glob_probe,best_in_menu_on_eval,0.0,True,,2027526
arguana,28,recalibration,5,293,5,ad_probe,ad_c(full_target_scalar_reference),0.0017079152467625782,True,0.05368016165775191,2028526
arguana,28,selection,5,293,5,glob_probe,best_in_menu_on_eval,0.0,True,,2028526
arguana,29,recalibration,5,350,5,ad_probe,ad_c(full_target_scalar_reference),0.0013510273095748565,True,0.0554027824232044,2029526
arguana,29,selection,5,350,5,glob_probe,best_in_menu_on_eval,0.0,True,,2029526
arguana,30,recalibration,5,317,5,ad_probe,ad_c(full_target_scalar_reference),0.0017079152467625782,True,0.058946639329956585,2030526
arguana,30,selection,5,317,5,glob_probe,best_in_menu_on_eval,0.0,True,,2030526
arguana,31,recalibration,5,268,5,ad_probe,ad_c(full_target_scalar_reference),0.0017079152467625782,True,0.07639304764253563,2031526
arguana,31,selection,5,268,5,glob_probe,best_in_menu_on_eval,0.0,True,,2031526
arguana,32,recalibration,5,282,5,ad_probe,ad_c(full_target_scalar_reference),0.0017079152467625782,True,0.08728818674094596,2032526
arguana,32,selection,5,282,5,glob_probe,best_in_menu_on_eval,0.0,True,,2032526
arguana,33,recalibration,5,302,5,ad_probe,ad_c(full_target_scalar_reference),0.0,True,0.006483999626739845,2033526
arguana,33,selection,5,302,5,glob_probe,best_in_menu_on_eval,0.0,True,,2033526
arguana,34,recalibration,5,315,5,ad_probe,ad_c(full_target_scalar_reference),0.0,True,0.006089466698974921,2034526
arguana,34,selection,5,315,5,glob_probe,best_in_menu_on_eval,0.0,True,,2034526
arguana,35,recalibration,5,290,5,ad_probe,ad_c(full_target_scalar_reference),0.0,True,0.009511380035074901,2035526
arguana,35,selection,5,290,5,glob_probe,best_in_menu_on_eval,0.0,True,,2035526
arguana,36,recalibration,5,244,5,ad_probe,ad_c(full_target_scalar_reference),0.0029654880570002045,True,0.2705350166201401,2036526
arguana,36,selection,5,244,5,glob_probe,best_in_menu_on_eval,0.0,True,,2036526
arguana,37,recalibration,5,322,5,ad_probe,ad_c(full_target_scalar_reference),0.0,True,0.018430297729692402,2037526
arguana,37,selection,5,322,5,glob_probe,best_in_menu_on_eval,0.0,True,,2037526
arguana,38,recalibration,5,298,5,ad_probe,ad_c(full_target_scalar_reference),0.00215825768328753,True,0.10978733332350799,2038526
arguana,38,selection,5,298,5,glob_probe,best_in_menu_on_eval,0.0,True,,2038526
arguana,39,recalibration,5,313,5,ad_probe,ad_c(full_target_scalar_reference),0.0013510273095748565,True,0.052302445664983654,2039526
arguana,39,selection,5,313,5,glob_probe,best_in_menu_on_eval,0.0,True,,2039526
arguana,40,recalibration,5,295,5,ad_probe,ad_c(full_target_scalar_reference),0.0018013697460998075,True,0.08628581629072019,2040526
arguana,40,selection,5,295,5,glob_probe,best_in_menu_on_eval,0.0,True,,2040526
arguana,41,recalibration,5,281,5,ad_probe,ad_c(full_target_scalar_reference),0.0038661729300501087,True,0.2852808567188122,2041526
arguana,41,selection,5,281,5,glob_probe,best_in_menu_on_eval,0.0,True,,2041526
arguana,42,recalibration,5,292,5,ad_probe,ad_c(full_target_scalar_reference),0.0029654880570002045,True,0.238429097011308,2042526
arguana,42,selection,5,292,5,glob_probe,best_in_menu_on_eval,0.0,True,,2042526
arguana,43,recalibration,5,310,5,ad_probe,ad_c(full_target_scalar_reference),0.0,True,0.006089466698974921,2043526
arguana,43,selection,5,310,5,glob_probe,best_in_menu_on_eval,0.0,True,,2043526
arguana,44,recalibration,5,353,5,ad_probe,ad_c(full_target_scalar_reference),0.0017079152467625782,True,0.07142037260869671,2044526
arguana,44,selection,5,353,5,glob_probe,best_in_menu_on_eval,0.0,True,,2044526
arguana,45,recalibration,5,322,5,ad_probe,ad_c(full_target_scalar_reference),0.0004503424365249519,True,0.04517651037127346,2045526
arguana,45,selection,5,322,5,glob_probe,best_in_menu_on_eval,0.0,True,,2045526
arguana,46,recalibration,5,324,5,ad_probe,ad_c(full_target_scalar_reference),0.0017079152467625782,True,0.06307409517850837,2046526
arguana,46,selection,5,324,5,glob_probe,best_in_menu_on_eval,0.0,True,,2046526
arguana,47,recalibration,5,276,5,ad_probe,ad_c(full_target_scalar_reference),0.00215825768328753,True,0.09628873498785906,2047526
arguana,47,selection,5,276,5,glob_probe,best_in_menu_on_eval,0.0,True,,2047526
arguana,48,recalibration,5,364,5,ad_probe,ad_c(full_target_scalar_reference),0.003152397055674664,True,0.1315398188739464,2048526
arguana,48,selection,5,364,5,glob_probe,best_in_menu_on_eval,0.0,True,,2048526
arguana,49,recalibration,5,314,5,ad_probe,ad_c(full_target_scalar_reference),0.003152397055674664,True,0.12661051445618465,2049526
arguana,49,selection,5,314,5,glob_probe,best_in_menu_on_eval,0.0,True,,2049526
arguana,0,recalibration,10,600,10,ad_probe,ad_c(full_target_scalar_reference),0.000358166189111748,True,0.015507902088679137,966
arguana,0,selection,10,600,10,glob_probe,best_in_menu_on_eval,0.0,True,,966
arguana,1,recalibration,10,605,10,ad_probe,ad_c(full_target_scalar_reference),0.000358166189111748,True,0.021507503796404093,1966
arguana,1,selection,10,605,10,glob_probe,best_in_menu_on_eval,0.0,True,,1966
arguana,2,recalibration,10,578,10,ad_probe,ad_c(full_target_scalar_reference),0.0017140324217151661,True,0.0699688807163168,2966
arguana,2,selection,10,578,10,glob_probe,best_in_menu_on_eval,0.0,True,,2966
arguana,3,recalibration,10,673,10,ad_probe,ad_c(full_target_scalar_reference),0.000358166189111748,True,0.021158912055170065,3966
arguana,3,selection,10,673,10,glob_probe,best_in_menu_on_eval,0.0,True,,3966
arguana,4,recalibration,10,652,10,ad_probe,ad_c(full_target_scalar_reference),0.0,True,0.013485839558644908,4966
arguana,4,selection,10,652,10,glob_probe,best_in_menu_on_eval,0.0,True,,4966
arguana,5,recalibration,10,538,10,ad_probe,ad_c(full_target_scalar_reference),0.000358166189111748,True,0.030990409019939547,5966
arguana,5,selection,10,538,10,glob_probe,best_in_menu_on_eval,0.0,True,,5966
arguana,6,recalibration,10,544,10,ad_probe,ad_c(full_target_scalar_reference),0.0,True,0.0016343918545886904,6966
arguana,6,selection,10,544,10,glob_probe,best_in_menu_on_eval,0.0,True,,6966
arguana,7,recalibration,10,635,10,ad_probe,ad_c(full_target_scalar_reference),0.000358166189111748,True,0.018188021422722578,7966
arguana,7,selection,10,635,10,glob_probe,best_in_menu_on_eval,0.0,True,,7966
arguana,8,recalibration,10,646,10,ad_probe,ad_c(full_target_scalar_reference),0.0021659878325829725,True,0.09258766585562328,8966
arguana,8,selection,10,646,10,glob_probe,best_in_menu_on_eval,0.0,True,,8966
arguana,9,recalibration,10,645,10,ad_probe,ad_c(full_target_scalar_reference),0.0013558662326034199,True,0.06189094989152022,9966
arguana,9,selection,10,645,10,glob_probe,best_in_menu_on_eval,0.0,True,,9966
arguana,10,recalibration,10,688,10,ad_probe,ad_c(full_target_scalar_reference),0.000358166189111748,True,0.038887626462236424,10966
arguana,10,selection,10,688,10,glob_probe,best_in_menu_on_eval,0.0,True,,10966
arguana,11,recalibration,10,628,10,ad_probe,ad_c(full_target_scalar_reference),0.0022597770543390325,True,0.10361845173550988,11966
arguana,11,selection,10,628,10,glob_probe,best_in_menu_on_eval,0.0,True,,11966
arguana,12,recalibration,10,568,10,ad_probe,ad_c(full_target_scalar_reference),0.0017140324217151661,True,0.07620031893704149,12966
arguana,12,selection,10,568,10,glob_probe,best_in_menu_on_eval,0.0,True,,12966
arguana,13,recalibration,10,600,10,ad_probe,ad_c(full_target_scalar_reference),0.0021659878325829725,True,0.1014587296060443,13966
arguana,13,selection,10,600,10,glob_probe,best_in_menu_on_eval,0.0,True,,13966
arguana,14,recalibration,10,614,10,ad_probe,ad_c(full_target_scalar_reference),0.0,True,0.03666096816465081,14966
arguana,14,selection,10,614,10,glob_probe,best_in_menu_on_eval,0.0,True,,14966
arguana,15,recalibration,10,648,10,ad_probe,ad_c(full_target_scalar_reference),0.0018078216434712253,True,0.08138598011686815,15966
arguana,15,selection,10,648,10,glob_probe,best_in_menu_on_eval,0.0,True,,15966
arguana,16,recalibration,10,597,10,ad_probe,ad_c(full_target_scalar_reference),0.002617943243450779,True,0.11815947386270842,16966
arguana,16,selection,10,597,10,glob_probe,best_in_menu_on_eval,0.0,True,,16966
arguana,17,recalibration,10,643,10,ad_probe,ad_c(full_target_scalar_reference),0.0,True,0.006479166640718348,17966
arguana,17,selection,10,643,10,glob_probe,best_in_menu_on_eval,0.0,True,,17966
arguana,18,recalibration,10,592,10,ad_probe,ad_c(full_target_scalar_reference),0.004690141854277692,True,0.17699244537306646,18966
arguana,18,selection,10,592,10,glob_probe,best_in_menu_on_eval,0.0,True,,18966
arguana,19,recalibration,10,611,10,ad_probe,ad_c(full_target_scalar_reference),0.0013558662326034199,True,0.05273906233538783,19966
arguana,19,selection,10,611,10,glob_probe,best_in_menu_on_eval,0.0,True,,19966
arguana,20,recalibration,10,668,10,ad_probe,ad_c(full_target_scalar_reference),0.003163687876074645,True,0.13976864773387132,20966
arguana,20,selection,10,668,10,glob_probe,best_in_menu_on_eval,0.0,True,,20966
arguana,21,recalibration,10,661,10,ad_probe,ad_c(full_target_scalar_reference),0.005594052676013305,False,0.18887153569447435,21966
arguana,21,selection,10,661,10,glob_probe,best_in_menu_on_eval,0.0,True,,21966
arguana,22,recalibration,10,611,10,ad_probe,ad_c(full_target_scalar_reference),0.0,True,0.013651594733463113,22966
arguana,22,selection,10,611,10,glob_probe,best_in_menu_on_eval,0.0,True,,22966
arguana,23,recalibration,10,683,10,ad_probe,ad_c(full_target_scalar_reference),0.0,True,0.016139551988987755,23966
arguana,23,selection,10,683,10,glob_probe,best_in_menu_on_eval,0.0,True,,23966
arguana,24,recalibration,10,572,10,ad_probe,ad_c(full_target_scalar_reference),0.002617943243450779,True,0.11499453884277,24966
arguana,24,selection,10,572,10,glob_probe,best_in_menu_on_eval,0.0,True,,24966
arguana,25,recalibration,10,688,10,ad_probe,ad_c(full_target_scalar_reference),0.0018078216434712253,True,0.07677640632431215,25966
arguana,25,selection,10,688,10,glob_probe,best_in_menu_on_eval,0.0,True,,25966
arguana,26,recalibration,10,589,10,ad_probe,ad_c(full_target_scalar_reference),0.000358166189111748,True,0.03613117890848905,26966
arguana,26,selection,10,589,10,glob_probe,best_in_menu_on_eval,0.0,True,,26966
arguana,27,recalibration,10,662,10,ad_probe,ad_c(full_target_scalar_reference),0.003163687876074645,True,0.13996888298740506,27966
arguana,27,selection,10,662,10,glob_probe,best_in_menu_on_eval,0.0,True,,27966
arguana,28,recalibration,10,635,10,ad_probe,ad_c(full_target_scalar_reference),0.002617943243450779,True,0.14777666199039452,28966
arguana,28,selection,10,635,10,glob_probe,best_in_menu_on_eval,0.0,True,,28966
arguana,29,recalibration,10,592,10,ad_probe,ad_c(full_target_scalar_reference),0.0012620770108473598,True,0.062347572806401685,29966
arguana,29,selection,10,592,10,glob_probe,best_in_menu_on_eval,0.0,True,,29966
arguana,30,recalibration,10,643,10,ad_probe,ad_c(full_target_scalar_reference),0.00045195541086780634,True,0.04344274258844805,30966
arguana,30,selection,10,643,10,glob_probe,best_in_menu_on_eval,0.0,True,,30966
arguana,31,recalibration,10,619,10,ad_probe,ad_c(full_target_scalar_reference),0.0,True,0.00865238025926196,31966
arguana,31,selection,10,619,10,glob_probe,best_in_menu_on_eval,0.0,True,,31966
arguana,32,recalibration,10,677,10,ad_probe,ad_c(full_target_scalar_reference),0.006856129686860666,False,0.2342644547010433,32966
arguana,32,selection,10,677,10,glob_probe,best_in_menu_on_eval,0.0,True,,32966
arguana,33,recalibration,10,677,10,ad_probe,ad_c(full_target_scalar_reference),0.0013558662326034199,True,0.0706728933889762,33966
arguana,33,selection,10,677,10,glob_probe,best_in_menu_on_eval,0.0,True,,33966
arguana,34,recalibration,10,644,10,ad_probe,ad_c(full_target_scalar_reference),0.0022597770543390325,True,0.09862388557728252,34966
arguana,34,selection,10,644,10,glob_probe,best_in_menu_on_eval,0.0,True,,34966
arguana,35,recalibration,10,603,10,ad_probe,ad_c(full_target_scalar_reference),0.0017140324217151661,True,0.08185243249853946,35966
arguana,35,selection,10,603,10,glob_probe,best_in_menu_on_eval,0.0,True,,35966
arguana,36,recalibration,10,615,10,ad_probe,ad_c(full_target_scalar_reference),0.00045195541086780634,True,0.042621718654741736,36966
arguana,36,selection,10,615,10,glob_probe,best_in_menu_on_eval,0.0,True,,36966
arguana,37,recalibration,10,591,10,ad_probe,ad_c(full_target_scalar_reference),0.0013558662326034199,True,0.05071922113399574,37966
arguana,37,selection,10,591,10,glob_probe,best_in_menu_on_eval,0.0,True,,37966
arguana,38,recalibration,10,601,10,ad_probe,ad_c(full_target_scalar_reference),0.0021659878325829725,True,0.09426746638067796,38966
arguana,38,selection,10,601,10,glob_probe,best_in_menu_on_eval,0.0,True,,38966
arguana,39,recalibration,10,689,10,ad_probe,ad_c(full_target_scalar_reference),0.002711732465206839,True,0.11941565035739199,39966
arguana,39,selection,10,689,10,glob_probe,best_in_menu_on_eval,0.0,True,,39966
arguana,40,recalibration,10,634,10,ad_probe,ad_c(full_target_scalar_reference),0.000358166189111748,True,0.036857413933578664,40966
arguana,40,selection,10,634,10,glob_probe,best_in_menu_on_eval,0.0,True,,40966
arguana,41,recalibration,10,597,10,ad_probe,ad_c(full_target_scalar_reference),0.0018078216434712253,True,0.07372256984910996,41966
arguana,41,selection,10,597,10,glob_probe,best_in_menu_on_eval,0.0,True,,41966
arguana,42,recalibration,10,666,10,ad_probe,ad_c(full_target_scalar_reference),0.000358166189111748,True,0.02346806908750998,42966
arguana,42,selection,10,666,10,glob_probe,best_in_menu_on_eval,0.0,True,,42966
arguana,43,recalibration,10,638,10,ad_probe,ad_c(full_target_scalar_reference),0.0,True,0.034061095754190474,43966
arguana,43,selection,10,638,10,glob_probe,best_in_menu_on_eval,0.0,True,,43966
arguana,44,recalibration,10,594,10,ad_probe,ad_c(full_target_scalar_reference),0.000358166189111748,True,0.019623369022617076,44966
arguana,44,selection,10,594,10,glob_probe,best_in_menu_on_eval,0.0,True,,44966
arguana,45,recalibration,10,573,10,ad_probe,ad_c(full_target_scalar_reference),0.000358166189111748,True,0.02980189350488449,45966
arguana,45,selection,10,573,10,glob_probe,best_in_menu_on_eval,0.0,True,,45966
arguana,46,recalibration,10,646,10,ad_probe,ad_c(full_target_scalar_reference),0.001355866232603419,True,0.06381147029001966,46966
arguana,46,selection,10,646,10,glob_probe,best_in_menu_on_eval,0.0,True,,46966
arguana,47,recalibration,10,576,10,ad_probe,ad_c(full_target_scalar_reference),0.0,True,0.033369273145119616,47966
arguana,47,selection,10,576,10,glob_probe,best_in_menu_on_eval,0.0,True,,47966
arguana,48,recalibration,10,642,10,ad_probe,ad_c(full_target_scalar_reference),0.007164637249950489,False,0.24094776659267136,48966
arguana,48,selection,10,642,10,glob_probe,best_in_menu_on_eval,0.0,True,,48966
arguana,49,recalibration,10,640,10,ad_probe,ad_c(full_target_scalar_reference),0.0013558662326034199,True,0.06029905030980065,49966
arguana,49,selection,10,640,10,glob_probe,best_in_menu_on_eval,0.0,True,,49966
arguana,0,recalibration,20,1287,20,ad_probe,ad_c(full_target_scalar_reference),0.0,True,0.029092970465456336,2200209
arguana,0,selection,20,1287,20,glob_probe,best_in_menu_on_eval,0.0,True,,2200209
arguana,1,recalibration,20,1351,20,ad_probe,ad_c(full_target_scalar_reference),0.0,True,0.034059849089709715,2201209
arguana,1,selection,20,1351,20,glob_probe,best_in_menu_on_eval,0.0,True,,2201209
arguana,2,recalibration,20,1142,20,ad_probe,ad_c(full_target_scalar_reference),0.002181615450422677,True,0.09254200901787557,2202209
arguana,2,selection,20,1142,20,glob_probe,best_in_menu_on_eval,0.0,True,,2202209
arguana,3,recalibration,20,1316,20,ad_probe,ad_c(full_target_scalar_reference),0.00036075036075036097,True,0.03518829447002858,2203209
arguana,3,selection,20,1316,20,glob_probe,best_in_menu_on_eval,0.0,True,,2203209
arguana,4,recalibration,20,1282,20,ad_probe,ad_c(full_target_scalar_reference),0.0,True,0.036042065075384766,2204209
arguana,4,selection,20,1282,20,glob_probe,best_in_menu_on_eval,0.0,True,,2204209
arguana,5,recalibration,20,1323,20,ad_probe,ad_c(full_target_scalar_reference),0.000455216272418079,True,0.04672707767877504,2205209
arguana,5,selection,20,1323,20,glob_probe,best_in_menu_on_eval,0.0,True,,2205209
arguana,6,recalibration,20,1309,20,ad_probe,ad_c(full_target_scalar_reference),0.001365648817254238,True,0.05154051798880466,2206209
arguana,6,selection,20,1309,20,glob_probe,best_in_menu_on_eval,0.0,True,,2206209
arguana,7,recalibration,20,1298,20,ad_probe,ad_c(full_target_scalar_reference),0.001820865089672317,True,0.0825930847555747,2207209
arguana,7,selection,20,1298,20,glob_probe,best_in_menu_on_eval,0.0,True,,2207209
arguana,8,recalibration,20,1202,20,ad_probe,ad_c(full_target_scalar_reference),0.0,True,0.0023064790777400646,2208209
arguana,8,selection,20,1202,20,glob_probe,best_in_menu_on_eval,0.0,True,,2208209
arguana,9,recalibration,20,1278,20,ad_probe,ad_c(full_target_scalar_reference),0.0,True,0.021532046496493762,2209209
arguana,9,selection,20,1278,20,glob_probe,best_in_menu_on_eval,0.0,True,,2209209
arguana,10,recalibration,20,1342,20,ad_probe,ad_c(full_target_scalar_reference),0.0,True,0.04000884712222064,2210209
arguana,10,selection,20,1342,20,glob_probe,best_in_menu_on_eval,0.0,True,,2210209
arguana,11,recalibration,20,1253,20,ad_probe,ad_c(full_target_scalar_reference),0.001365648817254238,True,0.051991723718904925,2211209
arguana,11,selection,20,1253,20,glob_probe,best_in_menu_on_eval,0.0,True,,2211209
arguana,12,recalibration,20,1226,20,ad_probe,ad_c(full_target_scalar_reference),0.001271182905586519,True,0.04853339046716987,2212209
arguana,12,selection,20,1226,20,glob_probe,best_in_menu_on_eval,0.0,True,,2212209
arguana,13,recalibration,20,1285,20,ad_probe,ad_c(full_target_scalar_reference),0.0,True,0.005636643800655872,2213209
arguana,13,selection,20,1285,20,glob_probe,best_in_menu_on_eval,0.0,True,,2213209
arguana,14,recalibration,20,1217,20,ad_probe,ad_c(full_target_scalar_reference),0.001365648817254238,True,0.055618934642156725,2214209
arguana,14,selection,20,1217,20,glob_probe,best_in_menu_on_eval,0.0,True,,2214209
arguana,15,recalibration,20,1268,20,ad_probe,ad_c(full_target_scalar_reference),0.002276081362090396,True,0.11504136016333866,2215209
arguana,15,selection,20,1268,20,glob_probe,best_in_menu_on_eval,0.0,True,,2215209
arguana,16,recalibration,20,1299,20,ad_probe,ad_c(full_target_scalar_reference),0.0,True,0.0030619587481510724,2216209
arguana,16,selection,20,1299,20,glob_probe,best_in_menu_on_eval,0.0,True,,2216209
arguana,17,recalibration,20,1193,20,ad_probe,ad_c(full_target_scalar_reference),0.001820865089672317,True,0.08206138850981304,2217209
arguana,17,selection,20,1193,20,glob_probe,best_in_menu_on_eval,0.0,True,,2217209
arguana,18,recalibration,20,1188,20,ad_probe,ad_c(full_target_scalar_reference),0.0017263991780045972,True,0.05816618791894468,2218209
arguana,18,selection,20,1188,20,glob_probe,best_in_menu_on_eval,0.0,True,,2218209
arguana,19,recalibration,20,1239,20,ad_probe,ad_c(full_target_scalar_reference),0.0,True,0.01227933537529946,2219209
arguana,19,selection,20,1239,20,glob_probe,best_in_menu_on_eval,0.0,True,,2219209
arguana,20,recalibration,20,1184,20,ad_probe,ad_c(full_target_scalar_reference),0.002181615450422677,True,0.10795898682094007,2220209
arguana,20,selection,20,1184,20,glob_probe,best_in_menu_on_eval,0.0,True,,2220209
arguana,21,recalibration,20,1183,20,ad_probe,ad_c(full_target_scalar_reference),0.0012711829055865181,True,0.05138322862465472,2221209
arguana,21,selection,20,1183,20,glob_probe,best_in_menu_on_eval,0.0,True,,2221209
arguana,22,recalibration,20,1223,20,ad_probe,ad_c(full_target_scalar_reference),0.001820865089672317,True,0.09103892775681,2222209
arguana,22,selection,20,1223,20,glob_probe,best_in_menu_on_eval,0.0,True,,2222209
arguana,23,recalibration,20,1242,20,ad_probe,ad_c(full_target_scalar_reference),0.0017263991780045972,True,0.060705399476067345,2223209
arguana,23,selection,20,1242,20,glob_probe,best_in_menu_on_eval,0.0,True,,2223209
arguana,24,recalibration,20,1213,20,ad_probe,ad_c(full_target_scalar_reference),0.0,True,0.008945922205416457,2224209
arguana,24,selection,20,1213,20,glob_probe,best_in_menu_on_eval,0.0,True,,2224209
arguana,25,recalibration,20,1245,20,ad_probe,ad_c(full_target_scalar_reference),0.000910432544836158,True,0.047488299742962536,2225209
arguana,25,selection,20,1245,20,glob_probe,best_in_menu_on_eval,0.0,True,,2225209
arguana,26,recalibration,20,1312,20,ad_probe,ad_c(full_target_scalar_reference),0.002636831722840755,True,0.12362400574455101,2226209
arguana,26,selection,20,1312,20,glob_probe,best_in_menu_on_eval,0.0,True,,2226209
arguana,27,recalibration,20,1281,20,ad_probe,ad_c(full_target_scalar_reference),0.0,True,0.03744285661714253,2227209
arguana,27,selection,20,1281,20,glob_probe,best_in_menu_on_eval,0.0,True,,2227209
arguana,28,recalibration,20,1253,20,ad_probe,ad_c(full_target_scalar_reference),0.002636831722840755,True,0.148329002647268,2228209
arguana,28,selection,20,1253,20,glob_probe,best_in_menu_on_eval,0.0,True,,2228209
arguana,29,recalibration,20,1157,20,ad_probe,ad_c(full_target_scalar_reference),0.0013656488172542362,True,0.07857916184478442,2229209
arguana,29,selection,20,1157,20,glob_probe,best_in_menu_on_eval,0.0,True,,2229209
arguana,30,recalibration,20,1143,20,ad_probe,ad_c(full_target_scalar_reference),0.0017263991780045972,True,0.06577211209648137,2230209
arguana,30,selection,20,1143,20,glob_probe,best_in_menu_on_eval,0.0,True,,2230209
arguana,31,recalibration,20,1241,20,ad_probe,ad_c(full_target_scalar_reference),0.001271182905586519,True,0.0489637062477869,2231209
arguana,31,selection,20,1241,20,glob_probe,best_in_menu_on_eval,0.0,True,,2231209
arguana,32,recalibration,20,1324,20,ad_probe,ad_c(full_target_scalar_reference),0.0,True,0.011413975466217585,2232209
arguana,32,selection,20,1324,20,glob_probe,best_in_menu_on_eval,0.0,True,,2232209
arguana,33,recalibration,20,1228,20,ad_probe,ad_c(full_target_scalar_reference),0.0017263991780045972,True,0.05594548803299482,2233209
arguana,33,selection,20,1228,20,glob_probe,best_in_menu_on_eval,0.0,True,,2233209
arguana,34,recalibration,20,1119,20,ad_probe,ad_c(full_target_scalar_reference),0.002997582083591116,True,0.1821290308020096,2234209
arguana,34,selection,20,1119,20,glob_probe,best_in_menu_on_eval,0.0,True,,2234209
arguana,35,recalibration,20,1261,20,ad_probe,ad_c(full_target_scalar_reference),0.00036075036075036097,True,0.032286443446725044,2235209
arguana,35,selection,20,1261,20,glob_probe,best_in_menu_on_eval,0.0,True,,2235209
arguana,36,recalibration,20,1186,20,ad_probe,ad_c(full_target_scalar_reference),0.00036075036075036097,True,0.0310759098011002,2236209
arguana,36,selection,20,1186,20,glob_probe,best_in_menu_on_eval,0.0,True,,2236209
arguana,37,recalibration,20,1243,20,ad_probe,ad_c(full_target_scalar_reference),0.002997582083591116,True,0.1992150537123355,2237209
arguana,37,selection,20,1243,20,glob_probe,best_in_menu_on_eval,0.0,True,,2237209
arguana,38,recalibration,20,1179,20,ad_probe,ad_c(full_target_scalar_reference),0.002181615450422677,True,0.10498560988093253,2238209
arguana,38,selection,20,1179,20,glob_probe,best_in_menu_on_eval,0.0,True,,2238209
arguana,39,recalibration,20,1328,20,ad_probe,ad_c(full_target_scalar_reference),0.0,True,0.03341230219986169,2239209
arguana,39,selection,20,1328,20,glob_probe,best_in_menu_on_eval,0.0,True,,2239209
arguana,40,recalibration,20,1430,20,ad_probe,ad_c(full_target_scalar_reference),0.003186513906926554,True,0.1297309970686098,2240209
arguana,40,selection,20,1430,20,glob_probe,best_in_menu_on_eval,0.0,True,,2240209
arguana,41,recalibration,20,1268,20,ad_probe,ad_c(full_target_scalar_reference),0.0,True,0.014428020513803541,2241209
arguana,41,selection,20,1268,20,glob_probe,best_in_menu_on_eval,0.0,True,,2241209
arguana,42,recalibration,20,1250,20,ad_probe,ad_c(full_target_scalar_reference),0.00036075036075036097,True,0.035131263529544765,2242209
arguana,42,selection,20,1250,20,glob_probe,best_in_menu_on_eval,0.0,True,,2242209
arguana,43,recalibration,20,1273,20,ad_probe,ad_c(full_target_scalar_reference),0.0,True,0.030624792206521145,2243209
arguana,43,selection,20,1273,20,glob_probe,best_in_menu_on_eval,0.0,True,,2243209
arguana,44,recalibration,20,1138,20,ad_probe,ad_c(full_target_scalar_reference),0.00036075036075036097,True,0.03176509425723584,2244209
arguana,44,selection,20,1138,20,glob_probe,best_in_menu_on_eval,0.0,True,,2244209
arguana,45,recalibration,20,1229,20,ad_probe,ad_c(full_target_scalar_reference),0.000455216272418079,True,0.04435925679621888,2245209
arguana,45,selection,20,1229,20,glob_probe,best_in_menu_on_eval,0.0,True,,2245209
arguana,46,recalibration,20,1253,20,ad_probe,ad_c(full_target_scalar_reference),0.0,True,0.009689132524435373,2246209
arguana,46,selection,20,1253,20,glob_probe,best_in_menu_on_eval,0.0,True,,2246209
arguana,47,recalibration,20,1221,20,ad_probe,ad_c(full_target_scalar_reference),0.002731297634508475,True,0.1196463076365828,2247209
arguana,47,selection,20,1221,20,glob_probe,best_in_menu_on_eval,0.0,True,,2247209
arguana,48,recalibration,20,1229,20,ad_probe,ad_c(full_target_scalar_reference),0.0,True,0.028456917965693718,2248209
arguana,48,selection,20,1229,20,glob_probe,best_in_menu_on_eval,0.0,True,,2248209
arguana,49,recalibration,20,1247,20,ad_probe,ad_c(full_target_scalar_reference),0.002276081362090397,True,0.1128857097277971,2249209
arguana,49,selection,20,1247,20,glob_probe,best_in_menu_on_eval,0.0,True,,2249209
arguana,0,recalibration,50,3036,50,ad_probe,ad_c(full_target_scalar_reference),0.0,True,0.00048696302813144854,2300518
arguana,0,selection,50,3036,50,glob_probe,best_in_menu_on_eval,0.0,True,,2300518
arguana,1,recalibration,50,3342,50,ad_probe,ad_c(full_target_scalar_reference),0.005759068979140541,False,0.19526712198003748,2301518
arguana,1,selection,50,3342,50,glob_probe,best_in_menu_on_eval,0.0,True,,2301518
arguana,2,recalibration,50,3188,50,ad_probe,ad_c(full_target_scalar_reference),0.0003687315634218289,True,0.03903341328735177,2302518
arguana,2,selection,50,3188,50,glob_probe,best_in_menu_on_eval,0.0,True,,2302518
arguana,3,recalibration,50,3021,50,ad_probe,ad_c(full_target_scalar_reference),0.0003687315634218289,True,0.03144662857069069,2303518
arguana,3,selection,50,3021,50,glob_probe,best_in_menu_on_eval,0.0,True,,2303518
arguana,4,recalibration,50,3082,50,ad_probe,ad_c(full_target_scalar_reference),0.0017645938500843459,True,0.06778000767429315,2304518
arguana,4,selection,50,3082,50,glob_probe,best_in_menu_on_eval,0.0,True,,2304518
arguana,5,recalibration,50,3040,50,ad_probe,ad_c(full_target_scalar_reference),0.00036873156342182804,True,0.04014301401597553,2305518
arguana,5,selection,50,3040,50,glob_probe,best_in_menu_on_eval,0.0,True,,2305518
arguana,6,recalibration,50,3168,50,ad_probe,ad_c(full_target_scalar_reference),0.0,True,0.011861460303799864,2306518
arguana,6,selection,50,3168,50,glob_probe,best_in_menu_on_eval,0.0,True,,2306518
arguana,7,recalibration,50,2972,50,ad_probe,ad_c(full_target_scalar_reference),0.0012993064211968405,True,0.049773461551813725,2307518
arguana,7,selection,50,2972,50,glob_probe,best_in_menu_on_eval,0.0,True,,2307518
arguana,8,recalibration,50,3053,50,ad_probe,ad_c(full_target_scalar_reference),0.0003687315634218289,True,0.02544012246147176,2308518
arguana,8,selection,50,3053,50,glob_probe,best_in_menu_on_eval,0.0,True,,2308518
arguana,9,recalibration,50,3258,50,ad_probe,ad_c(full_target_scalar_reference),0.0018611497155500232,True,0.0846167729589904,2309518
arguana,9,selection,50,3258,50,glob_probe,best_in_menu_on_eval,0.0,True,,2309518
arguana,10,recalibration,50,3152,50,ad_probe,ad_c(full_target_scalar_reference),0.001395862286662517,True,0.07160374672402314,2310518
arguana,10,selection,50,3152,50,glob_probe,best_in_menu_on_eval,0.0,True,,2310518
arguana,11,recalibration,50,3207,50,ad_probe,ad_c(full_target_scalar_reference),0.0,True,0.020089939226977327,2311518
arguana,11,selection,50,3207,50,glob_probe,best_in_menu_on_eval,0.0,True,,2311518
arguana,12,recalibration,50,2929,50,ad_probe,ad_c(full_target_scalar_reference),0.0022298812789718512,True,0.08640183498568432,2312518
arguana,12,selection,50,2929,50,glob_probe,best_in_menu_on_eval,0.0,True,,2312518
arguana,13,recalibration,50,3221,50,ad_probe,ad_c(full_target_scalar_reference),0.0013958622866625178,True,0.05719904639282469,2313518
arguana,13,selection,50,3221,50,glob_probe,best_in_menu_on_eval,0.0,True,,2313518
arguana,14,recalibration,50,3068,50,ad_probe,ad_c(full_target_scalar_reference),0.0,True,0.005763186654047958,2314518
arguana,14,selection,50,3068,50,glob_probe,best_in_menu_on_eval,0.0,True,,2314518
arguana,15,recalibration,50,3163,50,ad_probe,ad_c(full_target_scalar_reference),0.0,True,0.02486132862133361,2315518
arguana,15,selection,50,3163,50,glob_probe,best_in_menu_on_eval,0.0,True,,2315518
arguana,16,recalibration,50,3241,50,ad_probe,ad_c(full_target_scalar_reference),0.0013958622866625178,True,0.0589062220540163,2316518
arguana,16,selection,50,3241,50,glob_probe,best_in_menu_on_eval,0.0,True,,2316518
arguana,17,recalibration,50,3055,50,ad_probe,ad_c(full_target_scalar_reference),0.0003687315634218289,True,0.026151629999163095,2317518
arguana,17,selection,50,3055,50,glob_probe,best_in_menu_on_eval,0.0,True,,2317518
arguana,18,recalibration,50,3025,50,ad_probe,ad_c(full_target_scalar_reference),0.0003687315634218289,True,0.016328527768025625,2318518
arguana,18,selection,50,3025,50,glob_probe,best_in_menu_on_eval,0.0,True,,2318518
arguana,19,recalibration,50,3161,50,ad_probe,ad_c(full_target_scalar_reference),0.0,True,0.004655956002192374,2319518
arguana,19,selection,50,3161,50,glob_probe,best_in_menu_on_eval,0.0,True,,2319518
arguana,20,recalibration,50,3156,50,ad_probe,ad_c(full_target_scalar_reference),0.001395862286662517,True,0.06492917620653471,2320518
arguana,20,selection,50,3156,50,glob_probe,best_in_menu_on_eval,0.0,True,,2320518
arguana,21,recalibration,50,3119,50,ad_probe,ad_c(full_target_scalar_reference),0.0023264371444375277,True,0.1093550515484385,2321518
arguana,21,selection,50,3119,50,glob_probe,best_in_menu_on_eval,0.0,True,,2321518
arguana,22,recalibration,50,2967,50,ad_probe,ad_c(full_target_scalar_reference),0.0003687315634218289,True,0.02761709087528419,2322518
arguana,22,selection,50,2967,50,glob_probe,best_in_menu_on_eval,0.0,True,,2322518
arguana,23,recalibration,50,3173,50,ad_probe,ad_c(full_target_scalar_reference),0.002791724573325034,True,0.12375080147896256,2323518
arguana,23,selection,50,3173,50,glob_probe,best_in_menu_on_eval,0.0,True,,2323518
arguana,24,recalibration,50,3174,50,ad_probe,ad_c(full_target_scalar_reference),0.0003687315634218289,True,0.03340731751202286,2324518
arguana,24,selection,50,3174,50,glob_probe,best_in_menu_on_eval,0.0,True,,2324518
arguana,25,recalibration,50,3256,50,ad_probe,ad_c(full_target_scalar_reference),0.002791724573325035,True,0.126304269066026,2325518
arguana,25,selection,50,3256,50,glob_probe,best_in_menu_on_eval,0.0,True,,2325518
arguana,26,recalibration,50,3089,50,ad_probe,ad_c(full_target_scalar_reference),0.0,True,0.006789404174990077,2326518
arguana,26,selection,50,3089,50,glob_probe,best_in_menu_on_eval,0.0,True,,2326518
arguana,27,recalibration,50,3178,50,ad_probe,ad_c(full_target_scalar_reference),0.0,True,0.00533004167472706,2327518
arguana,27,selection,50,3178,50,glob_probe,best_in_menu_on_eval,0.0,True,,2327518
arguana,28,recalibration,50,3154,50,ad_probe,ad_c(full_target_scalar_reference),0.0018611497155500232,True,0.08422004457274657,2328518
arguana,28,selection,50,3154,50,glob_probe,best_in_menu_on_eval,0.0,True,,2328518
arguana,29,recalibration,50,3015,50,ad_probe,ad_c(full_target_scalar_reference),0.0,True,0.00042408260329351855,2329518
arguana,29,selection,50,3015,50,glob_probe,best_in_menu_on_eval,0.0,True,,2329518
arguana,30,recalibration,50,3050,50,ad_probe,ad_c(full_target_scalar_reference),0.0017645938500843459,True,0.05483992119745573,2330518
arguana,30,selection,50,3050,50,glob_probe,best_in_menu_on_eval,0.0,True,,2330518
arguana,31,recalibration,50,3195,50,ad_probe,ad_c(full_target_scalar_reference),0.0018611497155500223,True,0.089265127025,2331518
arguana,31,selection,50,3195,50,glob_probe,best_in_menu_on_eval,0.0,True,,2331518
arguana,32,recalibration,50,3192,50,ad_probe,ad_c(full_target_scalar_reference),0.0023264371444375277,True,0.09519461290225129,2332518
arguana,32,selection,50,3192,50,glob_probe,best_in_menu_on_eval,0.0,True,,2332518
arguana,33,recalibration,50,3028,50,ad_probe,ad_c(full_target_scalar_reference),0.0017645938500843459,True,0.05265520964365522,2333518
arguana,33,selection,50,3028,50,glob_probe,best_in_menu_on_eval,0.0,True,,2333518
arguana,34,recalibration,50,3190,50,ad_probe,ad_c(full_target_scalar_reference),0.0018611497155500223,True,0.07589967599193403,2334518
arguana,34,selection,50,3190,50,glob_probe,best_in_menu_on_eval,0.0,True,,2334518
arguana,35,recalibration,50,3187,50,ad_probe,ad_c(full_target_scalar_reference),0.0018611497155500232,True,0.07654006267032476,2335518
arguana,35,selection,50,3187,50,glob_probe,best_in_menu_on_eval,0.0,True,,2335518
arguana,36,recalibration,50,3129,50,ad_probe,ad_c(full_target_scalar_reference),0.0018611497155500232,True,0.08315309764876122,2336518
arguana,36,selection,50,3129,50,glob_probe,best_in_menu_on_eval,0.0,True,,2336518
arguana,37,recalibration,50,3011,50,ad_probe,ad_c(full_target_scalar_reference),0.0003687315634218289,True,0.03934442968645424,2337518
arguana,37,selection,50,3011,50,glob_probe,best_in_menu_on_eval,0.0,True,,2337518
arguana,38,recalibration,50,3253,50,ad_probe,ad_c(full_target_scalar_reference),0.0003687315634218289,True,0.019230637503725667,2338518
arguana,38,selection,50,3253,50,glob_probe,best_in_menu_on_eval,0.0,True,,2338518
arguana,39,recalibration,50,3022,50,ad_probe,ad_c(full_target_scalar_reference),0.0003687315634218289,True,0.030943123040676923,2339518
arguana,39,selection,50,3022,50,glob_probe,best_in_menu_on_eval,0.0,True,,2339518
arguana,40,recalibration,50,3073,50,ad_probe,ad_c(full_target_scalar_reference),0.0017645938500843459,True,0.05229841254197032,2340518
arguana,40,selection,50,3073,50,glob_probe,best_in_menu_on_eval,0.0,True,,2340518
arguana,41,recalibration,50,3161,50,ad_probe,ad_c(full_target_scalar_reference),0.0,True,0.000603660093463132,2341518
arguana,41,selection,50,3161,50,glob_probe,best_in_menu_on_eval,0.0,True,,2341518
arguana,42,recalibration,50,3032,50,ad_probe,ad_c(full_target_scalar_reference),0.0,True,0.04100042760802536,2342518
arguana,42,selection,50,3032,50,glob_probe,best_in_menu_on_eval,0.0,True,,2342518
arguana,43,recalibration,50,3159,50,ad_probe,ad_c(full_target_scalar_reference),0.0,True,0.02691489273303782,2343518
arguana,43,selection,50,3159,50,glob_probe,best_in_menu_on_eval,0.0,True,,2343518
arguana,44,recalibration,50,3264,50,ad_probe,ad_c(full_target_scalar_reference),0.0,True,0.009567211416452781,2344518
arguana,44,selection,50,3264,50,glob_probe,best_in_menu_on_eval,0.0,True,,2344518
arguana,45,recalibration,50,3018,50,ad_probe,ad_c(full_target_scalar_reference),0.0022298812789718504,True,0.12607652812904258,2345518
arguana,45,selection,50,3018,50,glob_probe,best_in_menu_on_eval,0.0,True,,2345518
arguana,46,recalibration,50,3098,50,ad_probe,ad_c(full_target_scalar_reference),0.0018611497155500223,True,0.08497997250786815,2346518
arguana,46,selection,50,3098,50,glob_probe,best_in_menu_on_eval,0.0,True,,2346518
arguana,47,recalibration,50,3109,50,ad_probe,ad_c(full_target_scalar_reference),0.0,True,0.007224247000084505,2347518
arguana,47,selection,50,3109,50,glob_probe,best_in_menu_on_eval,0.0,True,,2347518
arguana,48,recalibration,50,3187,50,ad_probe,ad_c(full_target_scalar_reference),0.0,True,0.0024302307226551356,2348518
arguana,48,selection,50,3187,50,glob_probe,best_in_menu_on_eval,0.0,True,,2348518
arguana,49,recalibration,50,3091,50,ad_probe,ad_c(full_target_scalar_reference),0.001395862286662517,True,0.05302632924647743,2349518
arguana,49,selection,50,3091,50,glob_probe,best_in_menu_on_eval,0.0,True,,2349518
arguana,0,recalibration,100,6264,100,ad_probe,ad_c(full_target_scalar_reference),0.0,True,2.3508489102597174e-05,2400770
arguana,0,selection,100,6264,100,glob_probe,best_in_menu_on_eval,0.0,True,,2400770
arguana,1,recalibration,100,6444,100,ad_probe,ad_c(full_target_scalar_reference),0.0,True,0.0011387575013734885,2401770
arguana,1,selection,100,6444,100,glob_probe,best_in_menu_on_eval,0.0,True,,2401770
arguana,2,recalibration,100,6100,100,ad_probe,ad_c(full_target_scalar_reference),0.0,True,0.003401609774470904,2402770
arguana,2,selection,100,6100,100,glob_probe,best_in_menu_on_eval,0.0,True,,2402770
arguana,3,recalibration,100,6038,100,ad_probe,ad_c(full_target_scalar_reference),0.0018321510418946186,True,0.05704206376493648,2403770
arguana,3,selection,100,6038,100,glob_probe,best_in_menu_on_eval,0.0,True,,2403770
arguana,4,recalibration,100,6441,100,ad_probe,ad_c(full_target_scalar_reference),0.0,True,0.020413436936560947,2404770
arguana,4,selection,100,6441,100,glob_probe,best_in_menu_on_eval,0.0,True,,2404770
arguana,5,recalibration,100,6404,100,ad_probe,ad_c(full_target_scalar_reference),0.0014493026498578658,True,0.05725487661593598,2405770
arguana,5,selection,100,6404,100,glob_probe,best_in_menu_on_eval,0.0,True,,2405770
arguana,6,recalibration,100,6255,100,ad_probe,ad_c(full_target_scalar_reference),0.0003828483920367536,True,0.03271730287744523,2406770
arguana,6,selection,100,6255,100,glob_probe,best_in_menu_on_eval,0.0,True,,2406770
arguana,7,recalibration,100,6169,100,ad_probe,ad_c(full_target_scalar_reference),0.0,True,0.012028349442151476,2407770
arguana,7,selection,100,6169,100,glob_probe,best_in_menu_on_eval,0.0,True,,2407770
arguana,8,recalibration,100,6136,100,ad_probe,ad_c(full_target_scalar_reference),0.0003828483920367536,True,0.02428877249827499,2408770
arguana,8,selection,100,6136,100,glob_probe,best_in_menu_on_eval,0.0,True,,2408770
arguana,9,recalibration,100,6191,100,ad_probe,ad_c(full_target_scalar_reference),0.0003828483920367536,True,0.04121840024099033,2409770
arguana,9,selection,100,6191,100,glob_probe,best_in_menu_on_eval,0.0,True,,2409770
arguana,10,recalibration,100,6292,100,ad_probe,ad_c(full_target_scalar_reference),0.0,True,0.022269433747328038,2410770
arguana,10,selection,100,6292,100,glob_probe,best_in_menu_on_eval,0.0,True,,2410770
arguana,11,recalibration,100,6208,100,ad_probe,ad_c(full_target_scalar_reference),0.0,True,0.0009467912414524715,2411770
arguana,11,selection,100,6208,100,glob_probe,best_in_menu_on_eval,0.0,True,,2411770
arguana,12,recalibration,100,6126,100,ad_probe,ad_c(full_target_scalar_reference),0.0,True,0.020483644460728145,2412770
arguana,12,selection,100,6126,100,glob_probe,best_in_menu_on_eval,0.0,True,,2412770
arguana,13,recalibration,100,6108,100,ad_probe,ad_c(full_target_scalar_reference),0.0,True,0.02199821202905128,2413770
arguana,13,selection,100,6108,100,glob_probe,best_in_menu_on_eval,0.0,True,,2413770
arguana,14,recalibration,100,6271,100,ad_probe,ad_c(full_target_scalar_reference),0.0,True,0.013362219994087043,2414770
arguana,14,selection,100,6271,100,glob_probe,best_in_menu_on_eval,0.0,True,,2414770
arguana,15,recalibration,100,6449,100,ad_probe,ad_c(full_target_scalar_reference),0.0014493026498578658,True,0.057382272242651355,2415770
arguana,15,selection,100,6449,100,glob_probe,best_in_menu_on_eval,0.0,True,,2415770
arguana,16,recalibration,100,6433,100,ad_probe,ad_c(full_target_scalar_reference),0.0,True,0.02553424481181521,2416770
arguana,16,selection,100,6433,100,glob_probe,best_in_menu_on_eval,0.0,True,,2416770
arguana,17,recalibration,100,6223,100,ad_probe,ad_c(full_target_scalar_reference),0.0,True,0.018917025864596537,2417770
arguana,17,selection,100,6223,100,glob_probe,best_in_menu_on_eval,0.0,True,,2417770
arguana,18,recalibration,100,6209,100,ad_probe,ad_c(full_target_scalar_reference),0.0003828483920367536,True,0.027558134661965328,2418770
arguana,18,selection,100,6209,100,glob_probe,best_in_menu_on_eval,0.0,True,,2418770
arguana,19,recalibration,100,6034,100,ad_probe,ad_c(full_target_scalar_reference),0.0003828483920367536,True,0.02980189350488449,2419770
arguana,19,selection,100,6034,100,glob_probe,best_in_menu_on_eval,0.0,True,,2419770
arguana,20,recalibration,100,6118,100,ad_probe,ad_c(full_target_scalar_reference),0.0003828483920367536,True,0.02433065181467242,2420770
arguana,20,selection,100,6118,100,glob_probe,best_in_menu_on_eval,0.0,True,,2420770
arguana,21,recalibration,100,6313,100,ad_probe,ad_c(full_target_scalar_reference),0.0003828483920367536,True,0.039805497022680436,2421770
arguana,21,selection,100,6313,100,glob_probe,best_in_menu_on_eval,0.0,True,,2421770
arguana,22,recalibration,100,6512,100,ad_probe,ad_c(full_target_scalar_reference),0.00048310088328595586,True,0.04122678903263399,2422770
arguana,22,selection,100,6512,100,glob_probe,best_in_menu_on_eval,0.0,True,,2422770
arguana,23,recalibration,100,5972,100,ad_probe,ad_c(full_target_scalar_reference),0.0013490501586086636,True,0.0681692470507117,2423770
arguana,23,selection,100,5972,100,glob_probe,best_in_menu_on_eval,0.0,True,,2423770
arguana,24,recalibration,100,6270,100,ad_probe,ad_c(full_target_scalar_reference),0.0,True,0.023076247595129384,2424770
arguana,24,selection,100,6270,100,glob_probe,best_in_menu_on_eval,0.0,True,,2424770
arguana,25,recalibration,100,6219,100,ad_probe,ad_c(full_target_scalar_reference),0.00038284839203675276,True,0.027822430288700017,2425770
arguana,25,selection,100,6219,100,glob_probe,best_in_menu_on_eval,0.0,True,,2425770
arguana,26,recalibration,100,6079,100,ad_probe,ad_c(full_target_scalar_reference),0.0003828483920367536,True,0.02821716336974267,2426770
arguana,26,selection,100,6079,100,glob_probe,best_in_menu_on_eval,0.0,True,,2426770
arguana,27,recalibration,100,6166,100,ad_probe,ad_c(full_target_scalar_reference),0.0014493026498578658,True,0.06416295950110262,2427770
arguana,27,selection,100,6166,100,glob_probe,best_in_menu_on_eval,0.0,True,,2427770
arguana,28,recalibration,100,6094,100,ad_probe,ad_c(full_target_scalar_reference),0.0,True,0.011763210600041485,2428770
arguana,28,selection,100,6094,100,glob_probe,best_in_menu_on_eval,0.0,True,,2428770
arguana,29,recalibration,100,6193,100,ad_probe,ad_c(full_target_scalar_reference),0.0,True,0.02008954339258362,2429770
arguana,29,selection,100,6193,100,glob_probe,best_in_menu_on_eval,0.0,True,,2429770
arguana,30,recalibration,100,6129,100,ad_probe,ad_c(full_target_scalar_reference),0.0,True,0.014460545036071082,2430770
arguana,30,selection,100,6129,100,glob_probe,best_in_menu_on_eval,0.0,True,,2430770
arguana,31,recalibration,100,6150,100,ad_probe,ad_c(full_target_scalar_reference),0.0003828483920367536,True,0.01807015954126512,2431770
arguana,31,selection,100,6150,100,glob_probe,best_in_menu_on_eval,0.0,True,,2431770
arguana,32,recalibration,100,6079,100,ad_probe,ad_c(full_target_scalar_reference),0.0003828483920367536,True,0.02093103720642564,2432770
arguana,32,selection,100,6079,100,glob_probe,best_in_menu_on_eval,0.0,True,,2432770
arguana,33,recalibration,100,6184,100,ad_probe,ad_c(full_target_scalar_reference),0.0,True,0.020119584309900462,2433770
arguana,33,selection,100,6184,100,glob_probe,best_in_menu_on_eval,0.0,True,,2433770
arguana,34,recalibration,100,6269,100,ad_probe,ad_c(full_target_scalar_reference),0.0003828483920367536,True,0.02896731793473717,2434770
arguana,34,selection,100,6269,100,glob_probe,best_in_menu_on_eval,0.0,True,,2434770
arguana,35,recalibration,100,6318,100,ad_probe,ad_c(full_target_scalar_reference),0.0,True,0.0017001363521805812,2435770
arguana,35,selection,100,6318,100,glob_probe,best_in_menu_on_eval,0.0,True,,2435770
arguana,36,recalibration,100,6501,100,ad_probe,ad_c(full_target_scalar_reference),0.0009662017665719108,True,0.06617145540212599,2436770
arguana,36,selection,100,6501,100,glob_probe,best_in_menu_on_eval,0.0,True,,2436770
arguana,37,recalibration,100,6379,100,ad_probe,ad_c(full_target_scalar_reference),0.0014493026498578667,True,0.0718808625630647,2437770
arguana,37,selection,100,6379,100,glob_probe,best_in_menu_on_eval,0.0,True,,2437770
arguana,38,recalibration,100,6295,100,ad_probe,ad_c(full_target_scalar_reference),0.0,True,0.014848604802411014,2438770
arguana,38,selection,100,6295,100,glob_probe,best_in_menu_on_eval,0.0,True,,2438770
arguana,39,recalibration,100,6313,100,ad_probe,ad_c(full_target_scalar_reference),0.0,True,0.035316243221174215,2439770
arguana,39,selection,100,6313,100,glob_probe,best_in_menu_on_eval,0.0,True,,2439770
arguana,40,recalibration,100,6339,100,ad_probe,ad_c(full_target_scalar_reference),0.0,True,0.00850078755196948,2440770
arguana,40,selection,100,6339,100,glob_probe,best_in_menu_on_eval,0.0,True,,2440770
arguana,41,recalibration,100,6323,100,ad_probe,ad_c(full_target_scalar_reference),0.0003828483920367536,True,0.025873571642784587,2441770
arguana,41,selection,100,6323,100,glob_probe,best_in_menu_on_eval,0.0,True,,2441770
arguana,42,recalibration,100,6226,100,ad_probe,ad_c(full_target_scalar_reference),0.0003828483920367536,True,0.022586136782451915,2442770
arguana,42,selection,100,6226,100,glob_probe,best_in_menu_on_eval,0.0,True,,2442770
arguana,43,recalibration,100,6124,100,ad_probe,ad_c(full_target_scalar_reference),0.0003828483920367536,True,0.03161448886034046,2443770
arguana,43,selection,100,6124,100,glob_probe,best_in_menu_on_eval,0.0,True,,2443770
arguana,44,recalibration,100,6247,100,ad_probe,ad_c(full_target_scalar_reference),0.0,True,0.01937651149877495,2444770
arguana,44,selection,100,6247,100,glob_probe,best_in_menu_on_eval,0.0,True,,2444770
arguana,45,recalibration,100,6213,100,ad_probe,ad_c(full_target_scalar_reference),0.0003828483920367536,True,0.03135182833038397,2445770
arguana,45,selection,100,6213,100,glob_probe,best_in_menu_on_eval,0.0,True,,2445770
arguana,46,recalibration,100,6278,100,ad_probe,ad_c(full_target_scalar_reference),0.0,True,0.0031824191579634675,2446770
arguana,46,selection,100,6278,100,glob_probe,best_in_menu_on_eval,0.0,True,,2446770
arguana,47,recalibration,100,6299,100,ad_probe,ad_c(full_target_scalar_reference),0.0,True,0.004101396694121906,2447770
arguana,47,selection,100,6299,100,glob_probe,best_in_menu_on_eval,0.0,True,,2447770
arguana,48,recalibration,100,6260,100,ad_probe,ad_c(full_target_scalar_reference),0.0,True,0.000586641201175242,2448770
arguana,48,selection,100,6260,100,glob_probe,best_in_menu_on_eval,0.0,True,,2448770
arguana,49,recalibration,100,6271,100,ad_probe,ad_c(full_target_scalar_reference),0.0003828483920367536,True,0.019417228997692382,2449770
arguana,49,selection,100,6271,100,glob_probe,best_in_menu_on_eval,0.0,True,,2449770
scidocs,0,recalibration,5,413,5,ad_probe,ad_c(full_target_scalar_reference),0.0008384927833246236,True,0.6129854797866532,2000365
scidocs,0,selection,5,413,5,glob_probe,best_in_menu_on_eval,0.0,True,,2000365
scidocs,1,recalibration,5,397,5,ad_probe,ad_c(full_target_scalar_reference),0.0005757857692247903,True,1.0449857807331453,2001365
scidocs,1,selection,5,397,5,trunc,best_in_menu_on_eval,0.002996199401672006,True,,2001365
scidocs,2,recalibration,5,409,5,ad_probe,ad_c(full_target_scalar_reference),8.883312597127158e-05,True,0.5264425206502557,2002365
scidocs,2,selection,5,409,5,glob_probe,best_in_menu_on_eval,0.0,True,,2002365
scidocs,3,recalibration,5,370,5,ad_probe,ad_c(full_target_scalar_reference),0.0008279492331741689,True,0.17122813166890438,2003365
scidocs,3,selection,5,370,5,glob_probe,best_in_menu_on_eval,0.008148961338507815,True,,2003365
scidocs,4,recalibration,5,396,5,ad_probe,ad_c(full_target_scalar_reference),0.0014773436703290899,True,0.2005004218258355,2004365
scidocs,4,selection,5,396,5,glob_probe,best_in_menu_on_eval,0.0,True,,2004365
scidocs,5,recalibration,5,385,5,ad_probe,ad_c(full_target_scalar_reference),0.0009898736656646367,True,0.1354327198789531,2005365
scidocs,5,selection,5,385,5,glob_probe,best_in_menu_on_eval,0.0,True,,2005365
scidocs,6,recalibration,5,439,5,ad_probe,ad_c(full_target_scalar_reference),0.0008893495913492033,True,1.0265542746765806,2006365
scidocs,6,selection,5,439,5,glob_probe,best_in_menu_on_eval,0.0,True,,2006365
scidocs,7,recalibration,5,388,5,ad_probe,ad_c(full_target_scalar_reference),0.0005324106374937354,True,0.11242460333475979,2007365
scidocs,7,selection,5,388,5,glob_probe,best_in_menu_on_eval,0.0,True,,2007365
scidocs,8,recalibration,5,451,5,ad_probe,ad_c(full_target_scalar_reference),0.0007409974447452061,True,0.9755625800900787,2008365
scidocs,8,selection,5,451,5,glob_probe,best_in_menu_on_eval,0.013356978371100559,False,,2008365
scidocs,9,recalibration,5,383,5,ad_probe,ad_c(full_target_scalar_reference),0.0019492945575827203,True,0.447351361768241,2009365
scidocs,9,selection,5,383,5,glob_probe,best_in_menu_on_eval,0.0,True,,2009365
scidocs,10,recalibration,5,380,5,ad_probe,ad_c(full_target_scalar_reference),0.0008258805694877913,True,0.9328138185571002,2010365
scidocs,10,selection,5,380,5,trunc,best_in_menu_on_eval,0.0024538306950281086,True,,2010365
scidocs,11,recalibration,5,406,5,ad_probe,ad_c(full_target_scalar_reference),0.0013971945811779019,True,0.15405491146233485,2011365
scidocs,11,selection,5,406,5,trunc,best_in_menu_on_eval,0.0019071261940669382,True,,2011365
scidocs,12,recalibration,5,437,5,ad_probe,ad_c(full_target_scalar_reference),0.00015983577646183633,True,0.032750103999172886,2012365
scidocs,12,selection,5,437,5,glob_probe,best_in_menu_on_eval,0.0,True,,2012365
scidocs,13,recalibration,5,427,5,ad_probe,ad_c(full_target_scalar_reference),0.001271143270536318,True,0.805707176167124,2013365
scidocs,13,selection,5,427,5,ad_probe,best_in_menu_on_eval,0.001893179314346627,True,,2013365
scidocs,14,recalibration,5,321,5,ad_probe,ad_c(full_target_scalar_reference),0.00010660538511683693,True,1.2080491185496256,2014365
scidocs,14,selection,5,321,5,glob_probe,best_in_menu_on_eval,0.0,True,,2014365
scidocs,15,recalibration,5,430,5,ad_probe,ad_c(full_target_scalar_reference),0.0006217431401470686,True,0.3854342480021793,2015365
scidocs,15,selection,5,430,5,glob_probe,best_in_menu_on_eval,0.09464071679130352,False,,2015365
scidocs,16,recalibration,5,424,5,ad_probe,ad_c(full_target_scalar_reference),0.0004841112276118831,True,0.11621048278933399,2016365
scidocs,16,selection,5,424,5,trunc,best_in_menu_on_eval,0.002662293547308764,True,,2016365
scidocs,17,recalibration,5,398,5,ad_probe,ad_c(full_target_scalar_reference),0.0005648110638749593,True,0.4315480006825769,2017365
scidocs,17,selection,5,398,5,glob_probe,best_in_menu_on_eval,0.0,True,,2017365
scidocs,18,recalibration,5,412,5,ad_probe,ad_c(full_target_scalar_reference),0.0020786066162916117,True,0.6932798859918297,2018365
scidocs,18,selection,5,412,5,glob_probe,best_in_menu_on_eval,0.037322619561729276,False,,2018365
scidocs,19,recalibration,5,432,5,ad_probe,ad_c(full_target_scalar_reference),0.001144918308398829,True,0.7481568917618748,2019365
scidocs,19,selection,5,432,5,glob_probe,best_in_menu_on_eval,0.0,True,,2019365
scidocs,20,recalibration,5,445,5,ad_probe,ad_c(full_target_scalar_reference),0.0011118827800805087,True,1.4048056301777416,2020365
scidocs,20,selection,5,445,5,glob_probe,best_in_menu_on_eval,0.0019707900554527813,True,,2020365
scidocs,21,recalibration,5,427,5,ad_probe,ad_c(full_target_scalar_reference),0.0019492945575826925,True,0.44907894686614647,2021365
scidocs,21,selection,5,427,5,trunc,best_in_menu_on_eval,0.001219213581924089,True,,2021365
scidocs,22,recalibration,5,442,5,ad_probe,ad_c(full_target_scalar_reference),0.002339370841886207,True,0.5618691303770542,2022365
scidocs,22,selection,5,442,5,glob_probe,best_in_menu_on_eval,0.0,True,,2022365
scidocs,23,recalibration,5,379,5,ad_probe,ad_c(full_target_scalar_reference),0.0009605055702049392,True,1.0729434372733382,2023365
scidocs,23,selection,5,379,5,trunc,best_in_menu_on_eval,0.02713341216404852,False,,2023365
scidocs,24,recalibration,5,369,5,ad_probe,ad_c(full_target_scalar_reference),0.0008279492331741412,True,0.17585543685422822,2024365
scidocs,24,selection,5,369,5,glob_probe,best_in_menu_on_eval,0.0,True,,2024365
scidocs,25,recalibration,5,345,5,ad_probe,ad_c(full_target_scalar_reference),0.0006340016707750973,True,0.7052126589938732,2025365
scidocs,25,selection,5,345,5,glob_probe,best_in_menu_on_eval,0.025725674318788305,False,,2025365
scidocs,26,recalibration,5,394,5,ad_probe,ad_c(full_target_scalar_reference),0.0022657235744018567,True,0.5694051341530102,2026365
scidocs,26,selection,5,394,5,glob_probe,best_in_menu_on_eval,0.0,True,,2026365
scidocs,27,recalibration,5,419,5,ad_probe,ad_c(full_target_scalar_reference),0.0013366778721591033,True,1.1760837440769727,2027365
scidocs,27,selection,5,419,5,trunc,best_in_menu_on_eval,0.0020861827261335064,True,,2027365
scidocs,28,recalibration,5,407,5,ad_probe,ad_c(full_target_scalar_reference),0.00062053147089286,True,1.0082105843781115,2028365
scidocs,28,selection,5,407,5,glob_probe,best_in_menu_on_eval,0.053845136783470304,False,,2028365
scidocs,29,recalibration,5,430,5,ad_probe,ad_c(full_target_scalar_reference),0.00055805797421149,True,0.6653651792470479,2029365
scidocs,29,selection,5,430,5,glob_probe,best_in_menu_on_eval,0.026116609935948693,False,,2029365
scidocs,30,recalibration,5,397,5,ad_probe,ad_c(full_target_scalar_reference),0.0017743839095663572,True,0.21757702049308092,2030365
scidocs,30,selection,5,397,5,ad_probe,best_in_menu_on_eval,0.0,True,,2030365
scidocs,31,recalibration,5,441,5,ad_probe,ad_c(full_target_scalar_reference),0.000729273926445867,True,0.3854342480021793,2031365
scidocs,31,selection,5,441,5,ad_probe,best_in_menu_on_eval,0.0,True,,2031365
scidocs,32,recalibration,5,392,5,ad_probe,ad_c(full_target_scalar_reference),4.2070895761081584e-05,True,0.03282421641244948,2032365
scidocs,32,selection,5,392,5,glob_probe,best_in_menu_on_eval,0.0,True,,2032365
scidocs,33,recalibration,5,422,5,ad_probe,ad_c(full_target_scalar_reference),0.0010251933555149584,True,1.1596132658938005,2033365
scidocs,33,selection,5,422,5,glob_probe,best_in_menu_on_eval,0.0,True,,2033365
scidocs,34,recalibration,5,392,5,ad_probe,ad_c(full_target_scalar_reference),0.00034420941524568316,True,0.4674262809420586,2034365
scidocs,34,selection,5,392,5,glob_probe,best_in_menu_on_eval,0.13890777629707324,False,,2034365
scidocs,35,recalibration,5,425,5,ad_probe,ad_c(full_target_scalar_reference),0.0020152872060794913,True,0.39006693261966285,2035365
scidocs,35,selection,5,425,5,glob_probe,best_in_menu_on_eval,0.012041725950904997,False,,2035365
scidocs,36,recalibration,5,425,5,ad_probe,ad_c(full_target_scalar_reference),0.0005324106374937632,True,0.1145804901117855,2036365
scidocs,36,selection,5,425,5,glob_probe,best_in_menu_on_eval,0.0,True,,2036365
scidocs,37,recalibration,5,444,5,ad_probe,ad_c(full_target_scalar_reference),0.0022893411713081624,True,0.5563825969103671,2037365
scidocs,37,selection,5,444,5,ad_probe,best_in_menu_on_eval,0.0,True,,2037365
scidocs,38,recalibration,5,395,5,ad_probe,ad_c(full_target_scalar_reference),0.0017018344553506037,True,0.26760996581687024,2038365
scidocs,38,selection,5,395,5,glob_probe,best_in_menu_on_eval,0.0,True,,2038365
scidocs,39,recalibration,5,431,5,ad_probe,ad_c(full_target_scalar_reference),0.0021652521954436676,True,0.3478864875683363,2039365
scidocs,39,selection,5,431,5,glob_probe,best_in_menu_on_eval,0.0,True,,2039365
scidocs,40,recalibration,5,400,5,ad_probe,ad_c(full_target_scalar_reference),0.0018923731025925483,True,0.3376091519527944,2040365
scidocs,40,selection,5,400,5,glob_probe,best_in_menu_on_eval,0.0009784349561841599,True,,2040365
scidocs,41,recalibration,5,405,5,ad_probe,ad_c(full_target_scalar_reference),0.0,True,0.004511390940529658,2041365
scidocs,41,selection,5,405,5,glob_probe,best_in_menu_on_eval,0.014006043558962955,False,,2041365
scidocs,42,recalibration,5,456,5,ad_probe,ad_c(full_target_scalar_reference),0.0019261684295251158,True,0.6163737532175122,2042365
scidocs,42,selection,5,456,5,trunc,best_in_menu_on_eval,0.0012995991536557672,True,,2042365
scidocs,43,recalibration,5,393,5,ad_probe,ad_c(full_target_scalar_reference),0.0013151206607964205,True,1.6504853571464748,2043365
scidocs,43,selection,5,393,5,trunc,best_in_menu_on_eval,0.0016180035442946161,True,,2043365
scidocs,44,recalibration,5,450,5,ad_probe,ad_c(full_target_scalar_reference),0.0008279492331741689,True,0.1714319278525096,2044365
scidocs,44,selection,5,450,5,trunc,best_in_menu_on_eval,0.0040442951718948905,True,,2044365
scidocs,45,recalibration,5,438,5,ad_probe,ad_c(full_target_scalar_reference),0.001870695782217463,True,0.39659964514948864,2045365
scidocs,45,selection,5,438,5,glob_probe,best_in_menu_on_eval,0.01235359777392181,False,,2045365
scidocs,46,recalibration,5,406,5,ad_probe,ad_c(full_target_scalar_reference),0.000872486357187563,True,0.3739580906749702,2046365
scidocs,46,selection,5,406,5,glob_probe,best_in_menu_on_eval,0.008050456823612162,True,,2046365
scidocs,47,recalibration,5,398,5,ad_probe,ad_c(full_target_scalar_reference),0.00046269526071443523,True,0.36410879075356917,2047365
scidocs,47,selection,5,398,5,glob_probe,best_in_menu_on_eval,0.1208097413017312,False,,2047365
scidocs,48,recalibration,5,386,5,ad_probe,ad_c(full_target_scalar_reference),3.324778362984171e-06,True,0.04027444167006555,2048365
scidocs,48,selection,5,386,5,glob_probe,best_in_menu_on_eval,0.014577731652369391,False,,2048365
scidocs,49,recalibration,5,412,5,ad_probe,ad_c(full_target_scalar_reference),0.0004726989684744054,True,0.41032046749525986,2049365
scidocs,49,selection,5,412,5,glob_probe,best_in_menu_on_eval,0.014198294763508562,False,,2049365
scidocs,0,recalibration,10,870,10,ad_probe,ad_c(full_target_scalar_reference),0.0010711974620287446,True,0.8121541906006886,619
scidocs,0,selection,10,870,10,glob_probe,best_in_menu_on_eval,0.0,True,,619
scidocs,1,recalibration,10,792,10,ad_probe,ad_c(full_target_scalar_reference),0.0006796452356195304,True,0.190474795111637,1619
scidocs,1,selection,10,792,10,glob_probe,best_in_menu_on_eval,0.0,True,,1619
scidocs,2,recalibration,10,824,10,ad_probe,ad_c(full_target_scalar_reference),0.00029794380683986765,True,0.06828786076796778,2619
scidocs,2,selection,10,824,10,glob_probe,best_in_menu_on_eval,0.0026672936306961215,True,,2619
scidocs,3,recalibration,10,824,10,ad_probe,ad_c(full_target_scalar_reference),0.0021051610566462098,True,0.39865226856391267,3619
scidocs,3,selection,10,824,10,glob_probe,best_in_menu_on_eval,0.012068421458021061,False,,3619
scidocs,4,recalibration,10,817,10,ad_probe,ad_c(full_target_scalar_reference),0.0003820737418404885,True,0.07448340713555579,4619
scidocs,4,selection,10,817,10,trunc,best_in_menu_on_eval,0.0027721215857468007,True,,4619
scidocs,5,recalibration,10,770,10,ad_probe,ad_c(full_target_scalar_reference),0.002129615037838206,True,0.3572512439876707,5619
scidocs,5,selection,10,770,10,glob_probe,best_in_menu_on_eval,0.0,True,,5619
scidocs,6,recalibration,10,761,10,ad_probe,ad_c(full_target_scalar_reference),0.00019241046006501783,True,0.5236685454190813,6619
scidocs,6,selection,10,761,10,glob_probe,best_in_menu_on_eval,0.0,True,,6619
scidocs,7,recalibration,10,794,10,ad_probe,ad_c(full_target_scalar_reference),0.00011954344853129517,True,0.017812095364447167,7619
scidocs,7,selection,10,794,10,glob_probe,best_in_menu_on_eval,0.008349136084828623,True,,7619
scidocs,8,recalibration,10,831,10,ad_probe,ad_c(full_target_scalar_reference),0.00043481901692460356,True,0.11552291719422048,8619
scidocs,8,selection,10,831,10,glob_probe,best_in_menu_on_eval,0.0,True,,8619
scidocs,9,recalibration,10,793,10,ad_probe,ad_c(full_target_scalar_reference),0.0007841243118811569,True,0.2095151254103329,9619
scidocs,9,selection,10,793,10,glob_probe,best_in_menu_on_eval,0.08978667051517056,False,,9619
scidocs,10,recalibration,10,873,10,ad_probe,ad_c(full_target_scalar_reference),0.001300558304639432,True,1.2506461858405462,10619
scidocs,10,selection,10,873,10,glob_probe,best_in_menu_on_eval,0.005955286745678884,True,,10619
scidocs,11,recalibration,10,762,10,ad_probe,ad_c(full_target_scalar_reference),0.00012544818917187284,True,0.5749791961929542,11619
scidocs,11,selection,10,762,10,glob_probe,best_in_menu_on_eval,0.0,True,,11619
scidocs,12,recalibration,10,822,10,ad_probe,ad_c(full_target_scalar_reference),0.0021384805757202197,True,0.2896370586842938,12619
scidocs,12,selection,10,822,10,glob_probe,best_in_menu_on_eval,0.0,True,,12619
scidocs,13,recalibration,10,809,10,ad_probe,ad_c(full_target_scalar_reference),0.0022347344732839836,True,0.480211272313928,13619
scidocs,13,selection,10,809,10,glob_probe,best_in_menu_on_eval,0.0,True,,13619
scidocs,14,recalibration,10,808,10,ad_probe,ad_c(full_target_scalar_reference),0.00048336236321996906,True,0.10664241191902324,14619
scidocs,14,selection,10,808,10,glob_probe,best_in_menu_on_eval,0.0007635553683864038,True,,14619
scidocs,15,recalibration,10,819,10,ad_probe,ad_c(full_target_scalar_reference),0.001783345444463208,True,0.21698200552678237,15619
scidocs,15,selection,10,819,10,glob_probe,best_in_menu_on_eval,0.0004343439598009924,True,,15619
scidocs,16,recalibration,10,741,10,ad_probe,ad_c(full_target_scalar_reference),0.0004070672760381755,True,0.2498456977487149,16619
scidocs,16,selection,10,741,10,glob_probe,best_in_menu_on_eval,0.04083378183639144,False,,16619
scidocs,17,recalibration,10,826,10,ad_probe,ad_c(full_target_scalar_reference),0.00034594784663580236,True,0.46296325463124477,17619
scidocs,17,selection,10,826,10,glob_probe,best_in_menu_on_eval,0.008125472956411445,True,,17619
scidocs,18,recalibration,10,805,10,ad_probe,ad_c(full_target_scalar_reference),0.00029794380683986765,True,0.06606021513054205,18619
scidocs,18,selection,10,805,10,glob_probe,best_in_menu_on_eval,0.0,True,,18619
scidocs,19,recalibration,10,805,10,ad_probe,ad_c(full_target_scalar_reference),0.002054100809331577,True,0.2877492972693432,19619
scidocs,19,selection,10,805,10,glob_probe,best_in_menu_on_eval,0.0,True,,19619
scidocs,20,recalibration,10,839,10,ad_probe,ad_c(full_target_scalar_reference),0.0021072799592695146,True,0.628931528730913,20619
scidocs,20,selection,10,839,10,glob_probe,best_in_menu_on_eval,0.037254835320888274,False,,20619
scidocs,21,recalibration,10,810,10,ad_probe,ad_c(full_target_scalar_reference),0.0021285941062343383,True,0.3820698719322069,21619
scidocs,21,selection,10,810,10,glob_probe,best_in_menu_on_eval,0.012289305873640383,False,,21619
scidocs,22,recalibration,10,866,10,ad_probe,ad_c(full_target_scalar_reference),6.523277025974328e-05,True,0.9660803789697909,22619
scidocs,22,selection,10,866,10,glob_probe,best_in_menu_on_eval,0.01402759935297862,False,,22619
scidocs,23,recalibration,10,886,10,ad_probe,ad_c(full_target_scalar_reference),0.0018703640762119111,True,0.3788007226284784,23619
scidocs,23,selection,10,886,10,glob_probe,best_in_menu_on_eval,0.0,True,,23619
scidocs,24,recalibration,10,800,10,ad_probe,ad_c(full_target_scalar_reference),0.00043638698594442027,True,0.2905265343500303,24619
scidocs,24,selection,10,800,10,glob_probe,best_in_menu_on_eval,0.0,True,,24619
scidocs,25,recalibration,10,788,10,ad_probe,ad_c(full_target_scalar_reference),0.00044956885555164083,True,0.09983360939979624,25619
scidocs,25,selection,10,788,10,glob_probe,best_in_menu_on_eval,0.0,True,,25619
scidocs,26,recalibration,10,804,10,ad_probe,ad_c(full_target_scalar_reference),0.0006309089705111015,True,0.27671414018257057,26619
scidocs,26,selection,10,804,10,glob_probe,best_in_menu_on_eval,0.0024316116308750746,True,,26619
scidocs,27,recalibration,10,776,10,ad_probe,ad_c(full_target_scalar_reference),0.00034060386411238763,True,0.6531003952434382,27619
scidocs,27,selection,10,776,10,glob_probe,best_in_menu_on_eval,0.0,True,,27619
scidocs,28,recalibration,10,865,10,ad_probe,ad_c(full_target_scalar_reference),0.0014839467518208693,True,0.1740641276425796,28619
scidocs,28,selection,10,865,10,ad_probe,best_in_menu_on_eval,0.0,True,,28619
scidocs,29,recalibration,10,825,10,ad_probe,ad_c(full_target_scalar_reference),0.001783345444463208,True,0.2196168140829906,29619
scidocs,29,selection,10,825,10,glob_probe,best_in_menu_on_eval,0.024971754324203316,False,,29619
scidocs,30,recalibration,10,814,10,ad_probe,ad_c(full_target_scalar_reference),0.0014521624524961585,True,0.18929613657536049,30619
scidocs,30,selection,10,814,10,glob_probe,best_in_menu_on_eval,0.0008428798912007152,True,,30619
scidocs,31,recalibration,10,842,10,ad_probe,ad_c(full_target_scalar_reference),0.0003742571632739389,True,0.2411086955145283,31619
scidocs,31,selection,10,842,10,ad_probe,best_in_menu_on_eval,0.0,True,,31619
scidocs,32,recalibration,10,823,10,ad_probe,ad_c(full_target_scalar_reference),0.0004820809973760387,True,0.13063870983222436,32619
scidocs,32,selection,10,823,10,glob_probe,best_in_menu_on_eval,0.0,True,,32619
scidocs,33,recalibration,10,834,10,ad_probe,ad_c(full_target_scalar_reference),0.0003597917353471425,True,0.08315556680302816,33619
scidocs,33,selection,10,834,10,trunc,best_in_menu_on_eval,0.002848212078621737,True,,33619
scidocs,34,recalibration,10,831,10,ad_probe,ad_c(full_target_scalar_reference),0.0018565113399008348,True,0.3715253749518128,34619
scidocs,34,selection,10,831,10,glob_probe,best_in_menu_on_eval,0.0007933562715859988,True,,34619
scidocs,35,recalibration,10,840,10,ad_probe,ad_c(full_target_scalar_reference),1.7873747569091547e-05,True,0.025808790624461064,35619
scidocs,35,selection,10,840,10,glob_probe,best_in_menu_on_eval,0.0,True,,35619
scidocs,36,recalibration,10,852,10,ad_probe,ad_c(full_target_scalar_reference),0.0006969877223491627,True,0.3358697827716064,36619
scidocs,36,selection,10,852,10,glob_probe,best_in_menu_on_eval,0.015939402423096216,False,,36619
scidocs,37,recalibration,10,806,10,ad_probe,ad_c(full_target_scalar_reference),0.0001525317498649037,True,0.04226512347099831,37619
scidocs,37,selection,10,806,10,glob_probe,best_in_menu_on_eval,0.03954603364835518,False,,37619
scidocs,38,recalibration,10,854,10,ad_probe,ad_c(full_target_scalar_reference),0.0006796452356195304,True,0.19408241188545716,38619
scidocs,38,selection,10,854,10,glob_probe,best_in_menu_on_eval,0.0,True,,38619
scidocs,39,recalibration,10,809,10,ad_probe,ad_c(full_target_scalar_reference),0.00011954344853129517,True,0.015355485659291901,39619
scidocs,39,selection,10,809,10,glob_probe,best_in_menu_on_eval,0.0,True,,39619
scidocs,40,recalibration,10,816,10,ad_probe,ad_c(full_target_scalar_reference),0.0007909903784742156,True,0.6069073276901955,40619
scidocs,40,selection,10,816,10,glob_probe,best_in_menu_on_eval,0.0,True,,40619
scidocs,41,recalibration,10,842,10,ad_probe,ad_c(full_target_scalar_reference),0.002189104990988483,True,0.47021886439001737,41619
scidocs,41,selection,10,842,10,glob_probe,best_in_menu_on_eval,0.0,True,,41619
scidocs,42,recalibration,10,833,10,ad_probe,ad_c(full_target_scalar_reference),0.0006796452356194749,True,0.19009165198325917,42619
scidocs,42,selection,10,833,10,glob_probe,best_in_menu_on_eval,0.0,True,,42619
scidocs,43,recalibration,10,788,10,ad_probe,ad_c(full_target_scalar_reference),0.0005568506358129555,True,0.09133818035981234,43619
scidocs,43,selection,10,788,10,ad_probe,best_in_menu_on_eval,0.0011472126046420117,True,,43619
scidocs,44,recalibration,10,817,10,ad_probe,ad_c(full_target_scalar_reference),0.001700510147092188,True,0.3558604235613334,44619
scidocs,44,selection,10,817,10,ad_probe,best_in_menu_on_eval,0.0,True,,44619
scidocs,45,recalibration,10,763,10,ad_probe,ad_c(full_target_scalar_reference),0.0006392331442664767,True,0.3210219948054185,45619
scidocs,45,selection,10,763,10,glob_probe,best_in_menu_on_eval,0.0026774418252963617,True,,45619
scidocs,46,recalibration,10,834,10,ad_probe,ad_c(full_target_scalar_reference),0.0003496810237272052,True,0.09019248626068288,46619
scidocs,46,selection,10,834,10,glob_probe,best_in_menu_on_eval,0.0,True,,46619
scidocs,47,recalibration,10,866,10,ad_probe,ad_c(full_target_scalar_reference),0.0020594460005647353,True,0.41165491250434894,47619
scidocs,47,selection,10,866,10,glob_probe,best_in_menu_on_eval,0.0,True,,47619
scidocs,48,recalibration,10,840,10,ad_probe,ad_c(full_target_scalar_reference),0.00035979173534711473,True,0.08724451153883583,48619
scidocs,48,selection,10,840,10,glob_probe,best_in_menu_on_eval,0.0,True,,48619
scidocs,49,recalibration,10,852,10,ad_probe,ad_c(full_target_scalar_reference),0.0021072799592695424,True,0.628263624362984,49619
scidocs,49,selection,10,852,10,ad_probe,best_in_menu_on_eval,0.000761473691755804,True,,49619
scidocs,0,recalibration,20,1680,20,ad_probe,ad_c(full_target_scalar_reference),0.0014990890656149392,True,0.15661475950614356,2200691
scidocs,0,selection,20,1680,20,glob_probe,best_in_menu_on_eval,0.0,True,,2200691
scidocs,1,recalibration,20,1604,20,ad_probe,ad_c(full_target_scalar_reference),0.00016944311077798924,True,0.5804262762898564,2201691
scidocs,1,selection,20,1604,20,glob_probe,best_in_menu_on_eval,0.0,True,,2201691
scidocs,2,recalibration,20,1553,20,ad_probe,ad_c(full_target_scalar_reference),0.0005956480517307072,True,0.10867350346257076,2202691
scidocs,2,selection,20,1553,20,glob_probe,best_in_menu_on_eval,0.02886601017155413,False,,2202691
scidocs,3,recalibration,20,1610,20,ad_probe,ad_c(full_target_scalar_reference),0.00043925594566873727,True,0.10506810730310479,2203691
scidocs,3,selection,20,1610,20,glob_probe,best_in_menu_on_eval,0.028148927449067412,False,,2203691
scidocs,4,recalibration,20,1565,20,ad_probe,ad_c(full_target_scalar_reference),0.00040780914771820775,True,0.20613993182499524,2204691
scidocs,4,selection,20,1565,20,glob_probe,best_in_menu_on_eval,0.0017287482417863431,True,,2204691
scidocs,5,recalibration,20,1680,20,ad_probe,ad_c(full_target_scalar_reference),0.0008406219255186753,True,0.17747043780245075,2205691
scidocs,5,selection,20,1680,20,glob_probe,best_in_menu_on_eval,0.0,True,,2205691
scidocs,6,recalibration,20,1667,20,ad_probe,ad_c(full_target_scalar_reference),2.5885041734258207e-05,True,0.05590589371157595,2206691
scidocs,6,selection,20,1667,20,glob_probe,best_in_menu_on_eval,0.0,True,,2206691
scidocs,7,recalibration,20,1520,20,ad_probe,ad_c(full_target_scalar_reference),0.00030098404976677817,True,0.087370281869382,2207691
scidocs,7,selection,20,1520,20,glob_probe,best_in_menu_on_eval,0.0,True,,2207691
scidocs,8,recalibration,20,1612,20,ad_probe,ad_c(full_target_scalar_reference),0.0019589658892398,True,0.3414100967099887,2208691
scidocs,8,selection,20,1612,20,glob_probe,best_in_menu_on_eval,0.0,True,,2208691
scidocs,9,recalibration,20,1552,20,ad_probe,ad_c(full_target_scalar_reference),0.0005362315372384463,True,0.6332273365920842,2209691
scidocs,9,selection,20,1552,20,glob_probe,best_in_menu_on_eval,0.0,True,,2209691
scidocs,10,recalibration,20,1717,20,ad_probe,ad_c(full_target_scalar_reference),0.0020539052203485952,True,0.4385837326105433,2210691
scidocs,10,selection,20,1717,20,glob_probe,best_in_menu_on_eval,0.005929565374483359,True,,2210691
scidocs,11,recalibration,20,1574,20,ad_probe,ad_c(full_target_scalar_reference),0.0003235309492854721,True,0.14346928177117535,2211691
scidocs,11,selection,20,1574,20,glob_probe,best_in_menu_on_eval,0.0,True,,2211691
scidocs,12,recalibration,20,1602,20,ad_probe,ad_c(full_target_scalar_reference),0.0014990890656149392,True,0.1761579670307789,2212691
scidocs,12,selection,20,1602,20,glob_probe,best_in_menu_on_eval,0.026686730064069464,False,,2212691
scidocs,13,recalibration,20,1607,20,ad_probe,ad_c(full_target_scalar_reference),0.0014251815518678546,True,0.18188801614849837,2213691
scidocs,13,selection,20,1607,20,glob_probe,best_in_menu_on_eval,0.0,True,,2213691
scidocs,14,recalibration,20,1657,20,ad_probe,ad_c(full_target_scalar_reference),0.0015810783840113363,True,0.2522094202839824,2214691
scidocs,14,selection,20,1657,20,glob_probe,best_in_menu_on_eval,0.0,True,,2214691
scidocs,15,recalibration,20,1547,20,ad_probe,ad_c(full_target_scalar_reference),0.0003447165354399373,True,0.12092817769261499,2215691
scidocs,15,selection,20,1547,20,glob_probe,best_in_menu_on_eval,0.0,True,,2215691
scidocs,16,recalibration,20,1667,20,ad_probe,ad_c(full_target_scalar_reference),0.0023501612498162128,True,0.5107391407699131,2216691
scidocs,16,selection,20,1667,20,glob_probe,best_in_menu_on_eval,0.004677650509206516,True,,2216691
scidocs,17,recalibration,20,1662,20,ad_probe,ad_c(full_target_scalar_reference),0.0005526976589295407,True,0.20384882648149372,2217691
scidocs,17,selection,20,1662,20,glob_probe,best_in_menu_on_eval,0.0031314884715500924,True,,2217691
scidocs,18,recalibration,20,1632,20,ad_probe,ad_c(full_target_scalar_reference),0.0005405597799043316,True,0.11350254672327242,2218691
scidocs,18,selection,20,1632,20,glob_probe,best_in_menu_on_eval,0.0,True,,2218691
scidocs,19,recalibration,20,1665,20,ad_probe,ad_c(full_target_scalar_reference),0.0005144272060683686,True,0.1270717409229487,2219691
scidocs,19,selection,20,1665,20,glob_probe,best_in_menu_on_eval,0.0,True,,2219691
scidocs,20,recalibration,20,1630,20,ad_probe,ad_c(full_target_scalar_reference),0.0006865803910850454,True,0.19937599344944434,2220691
scidocs,20,selection,20,1630,20,glob_probe,best_in_menu_on_eval,0.0,True,,2220691
scidocs,21,recalibration,20,1586,20,ad_probe,ad_c(full_target_scalar_reference),0.0004912868343548427,True,0.48474339572356095,2221691
scidocs,21,selection,20,1586,20,glob_probe,best_in_menu_on_eval,0.0,True,,2221691
scidocs,22,recalibration,20,1650,20,ad_probe,ad_c(full_target_scalar_reference),0.00034095370567885364,True,0.07924512310872434,2222691
scidocs,22,selection,20,1650,20,glob_probe,best_in_menu_on_eval,0.007331134934382477,True,,2222691
scidocs,23,recalibration,20,1617,20,ad_probe,ad_c(full_target_scalar_reference),0.00042802371901715097,True,0.0948890471985866,2223691
scidocs,23,selection,20,1617,20,glob_probe,best_in_menu_on_eval,0.0,True,,2223691
scidocs,24,recalibration,20,1642,20,ad_probe,ad_c(full_target_scalar_reference),0.00046680360283077316,True,0.13850374955771816,2224691
scidocs,24,selection,20,1642,20,glob_probe,best_in_menu_on_eval,0.0,True,,2224691
scidocs,25,recalibration,20,1651,20,ad_probe,ad_c(full_target_scalar_reference),0.0002748514759308429,True,0.07468394180960658,2225691
scidocs,25,selection,20,1651,20,glob_probe,best_in_menu_on_eval,0.0,True,,2225691
scidocs,26,recalibration,20,1724,20,ad_probe,ad_c(full_target_scalar_reference),0.0019791306987701485,True,0.44475708340814046,2226691
scidocs,26,selection,20,1724,20,glob_probe,best_in_menu_on_eval,0.0,True,,2226691
scidocs,27,recalibration,20,1595,20,ad_probe,ad_c(full_target_scalar_reference),0.0002453021131551547,True,0.23728748776443798,2227691
scidocs,27,selection,20,1595,20,trunc,best_in_menu_on_eval,0.004443120535673639,True,,2227691
scidocs,28,recalibration,20,1628,20,ad_probe,ad_c(full_target_scalar_reference),0.0007810425122224962,True,0.14649893434252448,2228691
scidocs,28,selection,20,1628,20,glob_probe,best_in_menu_on_eval,0.016314679924215203,False,,2228691
scidocs,29,recalibration,20,1598,20,ad_probe,ad_c(full_target_scalar_reference),0.00015408819629209036,True,0.03760258364849367,2229691
scidocs,29,selection,20,1598,20,glob_probe,best_in_menu_on_eval,0.0,True,,2229691
scidocs,30,recalibration,20,1560,20,ad_probe,ad_c(full_target_scalar_reference),0.0001493604166828144,True,0.029538411372044937,2230691
scidocs,30,selection,20,1560,20,glob_probe,best_in_menu_on_eval,0.00273790602473567,True,,2230691
scidocs,31,recalibration,20,1588,20,ad_probe,ad_c(full_target_scalar_reference),0.0008200928846492372,True,0.14086149591290997,2231691
scidocs,31,selection,20,1588,20,glob_probe,best_in_menu_on_eval,0.0,True,,2231691
scidocs,32,recalibration,20,1626,20,ad_probe,ad_c(full_target_scalar_reference),0.00035324919743867644,True,0.08760517628828879,2232691
scidocs,32,selection,20,1626,20,glob_probe,best_in_menu_on_eval,0.0033491820548897933,True,,2232691
scidocs,33,recalibration,20,1696,20,ad_probe,ad_c(full_target_scalar_reference),0.0014990890656149392,True,0.17186873541749792,2233691
scidocs,33,selection,20,1696,20,glob_probe,best_in_menu_on_eval,0.0,True,,2233691
scidocs,34,recalibration,20,1691,20,ad_probe,ad_c(full_target_scalar_reference),0.00030098404976680593,True,0.06091781095262272,2234691
scidocs,34,selection,20,1691,20,glob_probe,best_in_menu_on_eval,0.0,True,,2234691
scidocs,35,recalibration,20,1629,20,ad_probe,ad_c(full_target_scalar_reference),0.0006143444515246121,True,0.22512370347582156,2235691
scidocs,35,selection,20,1629,20,glob_probe,best_in_menu_on_eval,0.0,True,,2235691
scidocs,36,recalibration,20,1660,20,ad_probe,ad_c(full_target_scalar_reference),0.0006157593428157138,True,0.3762567552601812,2236691
scidocs,36,selection,20,1660,20,glob_probe,best_in_menu_on_eval,0.04127767279540134,False,,2236691
scidocs,37,recalibration,20,1674,20,ad_probe,ad_c(full_target_scalar_reference),0.0017655540436004868,True,0.2915306137591225,2237691
scidocs,37,selection,20,1674,20,glob_probe,best_in_menu_on_eval,0.0,True,,2237691
scidocs,38,recalibration,20,1673,20,ad_probe,ad_c(full_target_scalar_reference),0.0014036250395719208,True,0.2358542449250347,2238691
scidocs,38,selection,20,1673,20,glob_probe,best_in_menu_on_eval,0.0,True,,2238691
scidocs,39,recalibration,20,1727,20,ad_probe,ad_c(full_target_scalar_reference),0.000461765319575258,True,0.1029090118648357,2239691
scidocs,39,selection,20,1727,20,glob_probe,best_in_menu_on_eval,0.013936291831642411,False,,2239691
scidocs,40,recalibration,20,1687,20,ad_probe,ad_c(full_target_scalar_reference),0.00012091951616646779,True,0.05827538552991962,2240691
scidocs,40,selection,20,1687,20,glob_probe,best_in_menu_on_eval,0.0005992876945966341,True,,2240691
scidocs,41,recalibration,20,1687,20,ad_probe,ad_c(full_target_scalar_reference),0.0021917923006491147,True,0.46695286240488887,2241691
scidocs,41,selection,20,1687,20,glob_probe,best_in_menu_on_eval,0.0,True,,2241691
scidocs,42,recalibration,20,1706,20,ad_probe,ad_c(full_target_scalar_reference),0.00048700019122682736,True,0.12678377321833878,2242691
scidocs,42,selection,20,1706,20,glob_probe,best_in_menu_on_eval,0.0,True,,2242691
scidocs,43,recalibration,20,1721,20,ad_probe,ad_c(full_target_scalar_reference),0.0014999560734463568,True,0.19138344323699652,2243691
scidocs,43,selection,20,1721,20,trunc,best_in_menu_on_eval,0.001890850904550656,True,,2243691
scidocs,44,recalibration,20,1690,20,ad_probe,ad_c(full_target_scalar_reference),0.0022725625958171236,True,0.6509673096677542,2244691
scidocs,44,selection,20,1690,20,glob_probe,best_in_menu_on_eval,0.0,True,,2244691
scidocs,45,recalibration,20,1544,20,ad_probe,ad_c(full_target_scalar_reference),0.0009662864095701107,True,0.16207717384819542,2245691
scidocs,45,selection,20,1544,20,glob_probe,best_in_menu_on_eval,0.0007800221969437304,True,,2245691
scidocs,46,recalibration,20,1601,20,ad_probe,ad_c(full_target_scalar_reference),0.0002391678955911969,True,0.06538289678944631,2246691
scidocs,46,selection,20,1601,20,glob_probe,best_in_menu_on_eval,0.0020937743559294453,True,,2246691
scidocs,47,recalibration,20,1585,20,ad_probe,ad_c(full_target_scalar_reference),0.0015810783840113085,True,0.24608061916510726,2247691
scidocs,47,selection,20,1585,20,glob_probe,best_in_menu_on_eval,0.0,True,,2247691
scidocs,48,recalibration,20,1589,20,ad_probe,ad_c(full_target_scalar_reference),0.0021266422919181127,True,0.40005736591430363,2248691
scidocs,48,selection,20,1589,20,glob_probe,best_in_menu_on_eval,0.0,True,,2248691
scidocs,49,recalibration,20,1587,20,ad_probe,ad_c(full_target_scalar_reference),0.00045858496701212115,True,0.2607861360113879,2249691
scidocs,49,selection,20,1587,20,glob_probe,best_in_menu_on_eval,0.0,True,,2249691
scidocs,0,recalibration,50,4027,50,ad_probe,ad_c(full_target_scalar_reference),0.0,True,0.009863932179809964,2300828
scidocs,0,selection,50,4027,50,glob_probe,best_in_menu_on_eval,0.0,True,,2300828
scidocs,1,recalibration,50,4208,50,ad_probe,ad_c(full_target_scalar_reference),0.0003104888092331781,True,0.06990362524703908,2301828
scidocs,1,selection,50,4208,50,glob_probe,best_in_menu_on_eval,0.0,True,,2301828
scidocs,2,recalibration,50,4159,50,ad_probe,ad_c(full_target_scalar_reference),0.0,True,0.002167449617947348,2302828
scidocs,2,selection,50,4159,50,glob_probe,best_in_menu_on_eval,0.0,True,,2302828
scidocs,3,recalibration,50,4037,50,ad_probe,ad_c(full_target_scalar_reference),0.00024777106873069554,True,0.10502287039713831,2303828
scidocs,3,selection,50,4037,50,glob_probe,best_in_menu_on_eval,0.003509217716630958,True,,2303828
scidocs,4,recalibration,50,4113,50,ad_probe,ad_c(full_target_scalar_reference),3.4377282442377144e-05,True,0.04273106614168709,2304828
scidocs,4,selection,50,4113,50,ad_probe,best_in_menu_on_eval,0.0,True,,2304828
scidocs,5,recalibration,50,4047,50,ad_probe,ad_c(full_target_scalar_reference),0.0009968007172407312,True,0.16111505908810475,2305828
scidocs,5,selection,50,4047,50,glob_probe,best_in_menu_on_eval,0.0,True,,2305828
scidocs,6,recalibration,50,4072,50,ad_probe,ad_c(full_target_scalar_reference),0.001546428720318599,True,0.17009182636322473,2306828
scidocs,6,selection,50,4072,50,glob_probe,best_in_menu_on_eval,0.0015271835148709945,True,,2306828
scidocs,7,recalibration,50,4026,50,ad_probe,ad_c(full_target_scalar_reference),0.0017974588880559639,True,0.21315388434469895,2307828
scidocs,7,selection,50,4026,50,glob_probe,best_in_menu_on_eval,0.0,True,,2307828
scidocs,8,recalibration,50,4051,50,ad_probe,ad_c(full_target_scalar_reference),0.0004464018290491756,True,0.30894961860189607,2308828
scidocs,8,selection,50,4051,50,glob_probe,best_in_menu_on_eval,0.0,True,,2308828
scidocs,9,recalibration,50,4133,50,ad_probe,ad_c(full_target_scalar_reference),3.482267864368671e-06,True,0.04123417054537715,2309828
scidocs,9,selection,50,4133,50,glob_probe,best_in_menu_on_eval,0.00217211844453416,True,,2309828
scidocs,10,recalibration,50,4165,50,ad_probe,ad_c(full_target_scalar_reference),0.0014973277955844522,True,0.3061593354022465,2310828
scidocs,10,selection,50,4165,50,glob_probe,best_in_menu_on_eval,0.026183934480802085,False,,2310828
scidocs,11,recalibration,50,4171,50,ad_probe,ad_c(full_target_scalar_reference),0.0,True,0.011499157823707584,2311828
scidocs,11,selection,50,4171,50,glob_probe,best_in_menu_on_eval,0.0,True,,2311828
scidocs,12,recalibration,50,4110,50,ad_probe,ad_c(full_target_scalar_reference),0.0004531271860582775,True,0.11373334426856152,2312828
scidocs,12,selection,50,4110,50,glob_probe,best_in_menu_on_eval,0.008058140757040477,True,,2312828
scidocs,13,recalibration,50,3977,50,ad_probe,ad_c(full_target_scalar_reference),0.0003210252350264453,True,0.08366284267850777,2313828
scidocs,13,selection,50,3977,50,glob_probe,best_in_menu_on_eval,0.0,True,,2313828
scidocs,14,recalibration,50,4167,50,ad_probe,ad_c(full_target_scalar_reference),0.0014741075993439934,True,0.30651761531044297,2314828
scidocs,14,selection,50,4167,50,glob_probe,best_in_menu_on_eval,0.0,True,,2314828
scidocs,15,recalibration,50,4249,50,ad_probe,ad_c(full_target_scalar_reference),0.0022917787706110415,True,0.41490897810428784,2315828
scidocs,15,selection,50,4249,50,glob_probe,best_in_menu_on_eval,0.0,True,,2315828
scidocs,16,recalibration,50,4101,50,ad_probe,ad_c(full_target_scalar_reference),0.00043009440961883083,True,0.03345718685843657,2316828
scidocs,16,selection,50,4101,50,glob_probe,best_in_menu_on_eval,0.041511436092193155,False,,2316828
scidocs,17,recalibration,50,4103,50,ad_probe,ad_c(full_target_scalar_reference),0.0005576300887434604,True,0.12005442475367634,2317828
scidocs,17,selection,50,4103,50,glob_probe,best_in_menu_on_eval,0.0,True,,2317828
scidocs,18,recalibration,50,4060,50,ad_probe,ad_c(full_target_scalar_reference),0.00048154476923595313,True,0.14433664657115308,2318828
scidocs,18,selection,50,4060,50,glob_probe,best_in_menu_on_eval,0.007968925495607404,True,,2318828
scidocs,19,recalibration,50,4158,50,ad_probe,ad_c(full_target_scalar_reference),0.001764508557661193,True,0.22309024498065533,2319828
scidocs,19,selection,50,4158,50,glob_probe,best_in_menu_on_eval,0.0,True,,2319828
scidocs,20,recalibration,50,4145,50,ad_probe,ad_c(full_target_scalar_reference),1.710591465584055e-05,True,0.025074573890657703,2320828
scidocs,20,selection,50,4145,50,glob_probe,best_in_menu_on_eval,0.004387498184230537,True,,2320828
scidocs,21,recalibration,50,4188,50,ad_probe,ad_c(full_target_scalar_reference),0.0005023791446339132,True,0.12921865800644206,2321828
scidocs,21,selection,50,4188,50,glob_probe,best_in_menu_on_eval,0.0,True,,2321828
scidocs,22,recalibration,50,4168,50,ad_probe,ad_c(full_target_scalar_reference),0.00015407706142017696,True,0.028533143333866917,2322828
scidocs,22,selection,50,4168,50,glob_probe,best_in_menu_on_eval,0.0025312217584343988,True,,2322828
scidocs,23,recalibration,50,3987,50,ad_probe,ad_c(full_target_scalar_reference),0.0005745713261309793,True,0.23379009124571892,2323828
scidocs,23,selection,50,3987,50,glob_probe,best_in_menu_on_eval,0.0,True,,2323828
scidocs,24,recalibration,50,3945,50,ad_probe,ad_c(full_target_scalar_reference),0.0,True,0.006481737505911855,2324828
scidocs,24,selection,50,3945,50,glob_probe,best_in_menu_on_eval,0.0,True,,2324828
scidocs,25,recalibration,50,4261,50,ad_probe,ad_c(full_target_scalar_reference),0.0018436879133475192,True,0.4467126176775036,2325828
scidocs,25,selection,50,4261,50,glob_probe,best_in_menu_on_eval,0.0014178416321316833,True,,2325828
scidocs,26,recalibration,50,4070,50,ad_probe,ad_c(full_target_scalar_reference),0.0007584398863694497,True,0.19611821990430167,2326828
scidocs,26,selection,50,4070,50,glob_probe,best_in_menu_on_eval,0.004167780179920755,True,,2326828
scidocs,27,recalibration,50,4167,50,ad_probe,ad_c(full_target_scalar_reference),0.00021111036268192662,True,0.03466873799172099,2327828
scidocs,27,selection,50,4167,50,glob_probe,best_in_menu_on_eval,0.015718253572032742,False,,2327828
scidocs,28,recalibration,50,4061,50,ad_probe,ad_c(full_target_scalar_reference),0.0,True,0.004170840201923376,2328828
scidocs,28,selection,50,4061,50,glob_probe,best_in_menu_on_eval,0.002376323524877433,True,,2328828
scidocs,29,recalibration,50,4120,50,ad_probe,ad_c(full_target_scalar_reference),0.0005576300887434049,True,0.12209675519611363,2329828
scidocs,29,selection,50,4120,50,glob_probe,best_in_menu_on_eval,0.0,True,,2329828
scidocs,30,recalibration,50,4055,50,ad_probe,ad_c(full_target_scalar_reference),0.00056242318656477,True,0.10318627809465841,2330828
scidocs,30,selection,50,4055,50,glob_probe,best_in_menu_on_eval,0.0,True,,2330828
scidocs,31,recalibration,50,4017,50,ad_probe,ad_c(full_target_scalar_reference),0.0012532040359903296,True,0.1432307204148353,2331828
scidocs,31,selection,50,4017,50,glob_probe,best_in_menu_on_eval,0.0026356561195345907,True,,2331828
scidocs,32,recalibration,50,4047,50,ad_probe,ad_c(full_target_scalar_reference),0.001427167186698164,True,0.25715604126062486,2332828
scidocs,32,selection,50,4047,50,glob_probe,best_in_menu_on_eval,0.0,True,,2332828
scidocs,33,recalibration,50,4134,50,ad_probe,ad_c(full_target_scalar_reference),0.0015465527169566118,True,0.18864279063833633,2333828
scidocs,33,selection,50,4134,50,glob_probe,best_in_menu_on_eval,0.0,True,,2333828
scidocs,34,recalibration,50,4163,50,ad_probe,ad_c(full_target_scalar_reference),0.00013199632632318603,True,0.04536597485479721,2334828
scidocs,34,selection,50,4163,50,glob_probe,best_in_menu_on_eval,0.0,True,,2334828
scidocs,35,recalibration,50,4149,50,ad_probe,ad_c(full_target_scalar_reference),0.001438271360954535,True,0.3827887919041819,2335828
scidocs,35,selection,50,4149,50,glob_probe,best_in_menu_on_eval,0.0,True,,2335828
scidocs,36,recalibration,50,4201,50,ad_probe,ad_c(full_target_scalar_reference),0.0016964980455394796,True,0.3281454819037668,2336828
scidocs,36,selection,50,4201,50,ad_probe,best_in_menu_on_eval,0.0,True,,2336828
scidocs,37,recalibration,50,4092,50,ad_probe,ad_c(full_target_scalar_reference),0.00014431478526655273,True,0.04891262719779643,2337828
scidocs,37,selection,50,4092,50,glob_probe,best_in_menu_on_eval,0.0038719265169631645,True,,2337828
scidocs,38,recalibration,50,4178,50,ad_probe,ad_c(full_target_scalar_reference),0.0024196405535618914,True,0.6700871724892723,2338828
scidocs,38,selection,50,4178,50,glob_probe,best_in_menu_on_eval,0.0,True,,2338828
scidocs,39,recalibration,50,4105,50,ad_probe,ad_c(full_target_scalar_reference),0.00024672056597829783,True,0.06386720741009633,2339828
scidocs,39,selection,50,4105,50,glob_probe,best_in_menu_on_eval,0.0,True,,2339828
scidocs,40,recalibration,50,4030,50,ad_probe,ad_c(full_target_scalar_reference),0.0020680637055999207,True,0.33088571031542724,2340828
scidocs,40,selection,50,4030,50,glob_probe,best_in_menu_on_eval,0.0,True,,2340828
scidocs,41,recalibration,50,4075,50,ad_probe,ad_c(full_target_scalar_reference),1.8626326414084016e-05,True,0.01128969047236339,2341828
scidocs,41,selection,50,4075,50,glob_probe,best_in_menu_on_eval,0.0023570867633310177,True,,2341828
scidocs,42,recalibration,50,4197,50,ad_probe,ad_c(full_target_scalar_reference),0.0009189333663308374,True,0.14766270577106688,2342828
scidocs,42,selection,50,4197,50,glob_probe,best_in_menu_on_eval,0.001113595605438611,True,,2342828
scidocs,43,recalibration,50,4035,50,ad_probe,ad_c(full_target_scalar_reference),0.0003055175527283127,True,0.031949306698237034,2343828
scidocs,43,selection,50,4035,50,glob_probe,best_in_menu_on_eval,0.0,True,,2343828
scidocs,44,recalibration,50,4026,50,ad_probe,ad_c(full_target_scalar_reference),0.0003644044352525688,True,0.08926442637944731,2344828
scidocs,44,selection,50,4026,50,glob_probe,best_in_menu_on_eval,0.0,True,,2344828
scidocs,45,recalibration,50,4057,50,ad_probe,ad_c(full_target_scalar_reference),0.0013340774750195128,True,0.1488400228549569,2345828
scidocs,45,selection,50,4057,50,glob_probe,best_in_menu_on_eval,0.0,True,,2345828
scidocs,46,recalibration,50,4099,50,ad_probe,ad_c(full_target_scalar_reference),1.7105914655868304e-05,True,0.02769037698372312,2346828
scidocs,46,selection,50,4099,50,glob_probe,best_in_menu_on_eval,0.0,True,,2346828
scidocs,47,recalibration,50,4034,50,ad_probe,ad_c(full_target_scalar_reference),0.0006942486742441689,True,0.18158827745278305,2347828
scidocs,47,selection,50,4034,50,glob_probe,best_in_menu_on_eval,0.019364425993265794,False,,2347828
scidocs,48,recalibration,50,4134,50,ad_probe,ad_c(full_target_scalar_reference),0.00011821195452638156,True,0.007779596424278168,2348828
scidocs,48,selection,50,4134,50,glob_probe,best_in_menu_on_eval,0.0036391607729087116,True,,2348828
scidocs,49,recalibration,50,4099,50,ad_probe,ad_c(full_target_scalar_reference),0.00021111036268189887,True,0.03457445605009202,2349828
scidocs,49,selection,50,4099,50,glob_probe,best_in_menu_on_eval,0.0,True,,2349828
scidocs,0,recalibration,100,8125,100,ad_probe,ad_c(full_target_scalar_reference),1.624568212532651e-05,True,0.010466948723310665,2400096
scidocs,0,selection,100,8125,100,glob_probe,best_in_menu_on_eval,0.0,True,,2400096
scidocs,1,recalibration,100,8217,100,ad_probe,ad_c(full_target_scalar_reference),1.8056243247882575e-05,True,0.02939856635000826,2401096
scidocs,1,selection,100,8217,100,glob_probe,best_in_menu_on_eval,0.0,True,,2401096
scidocs,2,recalibration,100,8295,100,ad_probe,ad_c(full_target_scalar_reference),1.966112232595907e-05,True,0.02020049547184577,2402096
scidocs,2,selection,100,8295,100,glob_probe,best_in_menu_on_eval,0.0,True,,2402096
scidocs,3,recalibration,100,8264,100,ad_probe,ad_c(full_target_scalar_reference),1.966112232601458e-05,True,0.026206188791430662,2403096
scidocs,3,selection,100,8264,100,glob_probe,best_in_menu_on_eval,0.0,True,,2403096
scidocs,4,recalibration,100,8209,100,ad_probe,ad_c(full_target_scalar_reference),0.0005249346454880288,True,0.08818965931170508,2404096
scidocs,4,selection,100,8209,100,glob_probe,best_in_menu_on_eval,0.0,True,,2404096
scidocs,5,recalibration,100,8158,100,ad_probe,ad_c(full_target_scalar_reference),0.0,True,0.0002019927856644621,2405096
scidocs,5,selection,100,8158,100,glob_probe,best_in_menu_on_eval,0.0,True,,2405096
scidocs,6,recalibration,100,8109,100,ad_probe,ad_c(full_target_scalar_reference),0.0006125356993942621,True,0.10207428993815704,2406096
scidocs,6,selection,100,8109,100,glob_probe,best_in_menu_on_eval,0.0,True,,2406096
scidocs,7,recalibration,100,8009,100,ad_probe,ad_c(full_target_scalar_reference),0.0007314547098734026,True,0.18658586211574857,2407096
scidocs,7,selection,100,8009,100,glob_probe,best_in_menu_on_eval,0.0,True,,2407096
scidocs,8,recalibration,100,8193,100,ad_probe,ad_c(full_target_scalar_reference),0.0022914762799282895,True,0.38151880972707275,2408096
scidocs,8,selection,100,8193,100,glob_probe,best_in_menu_on_eval,0.0,True,,2408096
scidocs,9,recalibration,100,8180,100,ad_probe,ad_c(full_target_scalar_reference),0.0,True,0.007151378699168376,2409096
scidocs,9,selection,100,8180,100,glob_probe,best_in_menu_on_eval,0.0,True,,2409096
scidocs,10,recalibration,100,8104,100,ad_probe,ad_c(full_target_scalar_reference),0.00016778492485139407,True,0.04615840918797787,2410096
scidocs,10,selection,100,8104,100,glob_probe,best_in_menu_on_eval,0.0,True,,2410096
scidocs,11,recalibration,100,8207,100,ad_probe,ad_c(full_target_scalar_reference),0.00039337271042019784,True,0.10293781032496563,2411096
scidocs,11,selection,100,8207,100,glob_probe,best_in_menu_on_eval,0.0,True,,2411096
scidocs,12,recalibration,100,8123,100,ad_probe,ad_c(full_target_scalar_reference),0.0015446762314133278,True,0.16163768442544013,2412096
scidocs,12,selection,100,8123,100,glob_probe,best_in_menu_on_eval,0.0,True,,2412096
scidocs,13,recalibration,100,8123,100,ad_probe,ad_c(full_target_scalar_reference),1.805624324785482e-05,True,0.027445666713846517,2413096
scidocs,13,selection,100,8123,100,glob_probe,best_in_menu_on_eval,0.0,True,,2413096
scidocs,14,recalibration,100,8120,100,ad_probe,ad_c(full_target_scalar_reference),0.00016263689816573002,True,0.02686090051000889,2414096
scidocs,14,selection,100,8120,100,glob_probe,best_in_menu_on_eval,0.004027384882694912,True,,2414096
scidocs,15,recalibration,100,8004,100,ad_probe,ad_c(full_target_scalar_reference),0.00014972868160353925,True,0.04569269591591851,2415096
scidocs,15,selection,100,8004,100,glob_probe,best_in_menu_on_eval,0.0,True,,2415096
scidocs,16,recalibration,100,8098,100,ad_probe,ad_c(full_target_scalar_reference),0.0001393294555633584,True,0.04512566586011246,2416096
scidocs,16,selection,100,8098,100,glob_probe,best_in_menu_on_eval,0.0,True,,2416096
scidocs,17,recalibration,100,8056,100,ad_probe,ad_c(full_target_scalar_reference),0.00044117973766041874,True,0.05704026197735379,2417096
scidocs,17,selection,100,8056,100,glob_probe,best_in_menu_on_eval,0.0,True,,2417096
scidocs,18,recalibration,100,8304,100,ad_probe,ad_c(full_target_scalar_reference),3.223107726113561e-05,True,0.0471849968575766,2418096
scidocs,18,selection,100,8304,100,glob_probe,best_in_menu_on_eval,0.012045694726636691,False,,2418096
scidocs,19,recalibration,100,8199,100,ad_probe,ad_c(full_target_scalar_reference),0.00032773818752385164,True,0.060964460442694435,2419096
scidocs,19,selection,100,8199,100,glob_probe,best_in_menu_on_eval,0.0,True,,2419096
scidocs,20,recalibration,100,8448,100,ad_probe,ad_c(full_target_scalar_reference),0.0009523715687444478,True,0.24733364483966458,2420096
scidocs,20,selection,100,8448,100,glob_probe,best_in_menu_on_eval,0.000615977203468232,True,,2420096
scidocs,21,recalibration,100,8104,100,ad_probe,ad_c(full_target_scalar_reference),0.0002064649752083758,True,0.07979271495749618,2421096
scidocs,21,selection,100,8104,100,glob_probe,best_in_menu_on_eval,0.0,True,,2421096
scidocs,22,recalibration,100,8094,100,ad_probe,ad_c(full_target_scalar_reference),0.0001677849248513663,True,0.042857453813087254,2422096
scidocs,22,selection,100,8094,100,glob_probe,best_in_menu_on_eval,0.0,True,,2422096
scidocs,23,recalibration,100,8211,100,ad_probe,ad_c(full_target_scalar_reference),0.0,True,0.0017828706429039443,2423096
scidocs,23,selection,100,8211,100,glob_probe,best_in_menu_on_eval,0.0,True,,2423096
scidocs,24,recalibration,100,8343,100,ad_probe,ad_c(full_target_scalar_reference),0.00032773818752385164,True,0.06832259442647803,2424096
scidocs,24,selection,100,8343,100,glob_probe,best_in_menu_on_eval,0.0,True,,2424096
scidocs,25,recalibration,100,8339,100,ad_probe,ad_c(full_target_scalar_reference),0.00026042726408820327,True,0.06630885383566287,2425096
scidocs,25,selection,100,8339,100,glob_probe,best_in_menu_on_eval,0.0,True,,2425096
scidocs,26,recalibration,100,8177,100,ad_probe,ad_c(full_target_scalar_reference),0.0,True,0.011360419905326324,2426096
scidocs,26,selection,100,8177,100,glob_probe,best_in_menu_on_eval,0.0,True,,2426096
scidocs,27,recalibration,100,8071,100,ad_probe,ad_c(full_target_scalar_reference),0.0001314977933844219,True,0.013478979028932692,2427096
scidocs,27,selection,100,8071,100,glob_probe,best_in_menu_on_eval,0.0,True,,2427096
scidocs,28,recalibration,100,8119,100,ad_probe,ad_c(full_target_scalar_reference),0.0004091593332426202,True,0.0950048552124132,2428096
scidocs,28,selection,100,8119,100,glob_probe,best_in_menu_on_eval,0.0,True,,2428096
scidocs,29,recalibration,100,8134,100,ad_probe,ad_c(full_target_scalar_reference),7.802255265199065e-06,True,0.03615945174002633,2429096
scidocs,29,selection,100,8134,100,glob_probe,best_in_menu_on_eval,0.0097013119886383,True,,2429096
scidocs,30,recalibration,100,8244,100,ad_probe,ad_c(full_target_scalar_reference),1.966112232601458e-05,True,0.023929540157896945,2430096
scidocs,30,selection,100,8244,100,glob_probe,best_in_menu_on_eval,0.011528032600422067,False,,2430096
scidocs,31,recalibration,100,8145,100,ad_probe,ad_c(full_target_scalar_reference),0.00030970607161817654,True,0.08928686262000962,2431096
scidocs,31,selection,100,8145,100,glob_probe,best_in_menu_on_eval,0.0,True,,2431096
scidocs,32,recalibration,100,8114,100,ad_probe,ad_c(full_target_scalar_reference),4.651171253591824e-05,True,0.03231535747341585,2432096
scidocs,32,selection,100,8114,100,glob_probe,best_in_menu_on_eval,0.0,True,,2432096
scidocs,33,recalibration,100,8093,100,ad_probe,ad_c(full_target_scalar_reference),0.0007423122709998842,True,0.17619091260331654,2433096
scidocs,33,selection,100,8093,100,glob_probe,best_in_menu_on_eval,0.0,True,,2433096
scidocs,34,recalibration,100,8221,100,ad_probe,ad_c(full_target_scalar_reference),0.0,True,0.0004278052134840671,2434096
scidocs,34,selection,100,8221,100,glob_probe,best_in_menu_on_eval,0.0,True,,2434096
scidocs,35,recalibration,100,8234,100,ad_probe,ad_c(full_target_scalar_reference),0.0012375594853062388,True,0.14551181109572742,2435096
scidocs,35,selection,100,8234,100,glob_probe,best_in_menu_on_eval,0.0,True,,2435096
scidocs,36,recalibration,100,8373,100,ad_probe,ad_c(full_target_scalar_reference),0.000609798712001508,True,0.09978312102767717,2436096
scidocs,36,selection,100,8373,100,glob_probe,best_in_menu_on_eval,0.004077786481369,True,,2436096
scidocs,37,recalibration,100,8209,100,ad_probe,ad_c(full_target_scalar_reference),0.0001561781247461369,True,0.04486531797000115,2437096
scidocs,37,selection,100,8209,100,glob_probe,best_in_menu_on_eval,0.0,True,,2437096
scidocs,38,recalibration,100,8272,100,ad_probe,ad_c(full_target_scalar_reference),0.00013932945556327514,True,0.05143412718212348,2438096
scidocs,38,selection,100,8272,100,glob_probe,best_in_menu_on_eval,0.0,True,,2438096
scidocs,39,recalibration,100,8015,100,ad_probe,ad_c(full_target_scalar_reference),0.0005316985995419965,True,0.12133802056636789,2439096
scidocs,39,selection,100,8015,100,glob_probe,best_in_menu_on_eval,0.0,True,,2439096
scidocs,40,recalibration,100,8386,100,ad_probe,ad_c(full_target_scalar_reference),0.0003919250574726252,True,0.07423661158253125,2440096
scidocs,40,selection,100,8386,100,glob_probe,best_in_menu_on_eval,0.0,True,,2440096
scidocs,41,recalibration,100,8070,100,ad_probe,ad_c(full_target_scalar_reference),0.0015585770097192586,True,0.16816511537521261,2441096
scidocs,41,selection,100,8070,100,glob_probe,best_in_menu_on_eval,0.0,True,,2441096
scidocs,42,recalibration,100,8020,100,ad_probe,ad_c(full_target_scalar_reference),0.0004610108907850685,True,0.12404437354148712,2442096
scidocs,42,selection,100,8020,100,glob_probe,best_in_menu_on_eval,0.0,True,,2442096
scidocs,43,recalibration,100,8212,100,ad_probe,ad_c(full_target_scalar_reference),0.000981966306693366,True,0.1461253873552426,2443096
scidocs,43,selection,100,8212,100,glob_probe,best_in_menu_on_eval,0.0,True,,2443096
scidocs,44,recalibration,100,8184,100,ad_probe,ad_c(full_target_scalar_reference),0.00013149779338444967,True,0.017857838087856237,2444096
scidocs,44,selection,100,8184,100,glob_probe,best_in_menu_on_eval,0.0,True,,2444096
scidocs,45,recalibration,100,8192,100,ad_probe,ad_c(full_target_scalar_reference),4.470115141338993e-05,True,0.01483013278742673,2445096
scidocs,45,selection,100,8192,100,glob_probe,best_in_menu_on_eval,0.0,True,,2445096
scidocs,46,recalibration,100,8112,100,ad_probe,ad_c(full_target_scalar_reference),0.0,True,0.018743726346063916,2446096
scidocs,46,selection,100,8112,100,glob_probe,best_in_menu_on_eval,0.0,True,,2446096
scidocs,47,recalibration,100,8154,100,ad_probe,ad_c(full_target_scalar_reference),0.00016778492485133856,True,0.03919292739182856,2447096
scidocs,47,selection,100,8154,100,glob_probe,best_in_menu_on_eval,0.0,True,,2447096
scidocs,48,recalibration,100,8216,100,ad_probe,ad_c(full_target_scalar_reference),4.359327685710124e-05,True,0.05893002098753186,2448096
scidocs,48,selection,100,8216,100,glob_probe,best_in_menu_on_eval,0.0,True,,2448096
scidocs,49,recalibration,100,8051,100,ad_probe,ad_c(full_target_scalar_reference),0.00023097518235107306,True,0.0918726810879571,2449096
scidocs,49,selection,100,8051,100,glob_probe,best_in_menu_on_eval,0.0,True,,2449096
fiqa,0,recalibration,5,432,5,ad_probe,ad_c(full_target_scalar_reference),0.003490468822629267,True,0.39444063933139906,2000479
fiqa,0,selection,5,432,5,glob_probe,best_in_menu_on_eval,0.0,True,,2000479
fiqa,1,recalibration,5,468,5,ad_probe,ad_c(full_target_scalar_reference),0.0028529793433696438,True,0.48473271943426877,2001479
fiqa,1,selection,5,468,5,glob_probe,best_in_menu_on_eval,0.0,True,,2001479
fiqa,2,recalibration,5,402,5,ad_probe,ad_c(full_target_scalar_reference),0.005528698694059142,False,0.7328502890975961,2002479
fiqa,2,selection,5,402,5,glob_probe,best_in_menu_on_eval,0.0,True,,2002479
fiqa,3,recalibration,5,419,5,ad_probe,ad_c(full_target_scalar_reference),0.003766034561317466,True,0.3780802849196234,2003479
fiqa,3,selection,5,419,5,glob_probe,best_in_menu_on_eval,0.0,True,,2003479
fiqa,4,recalibration,5,428,5,ad_probe,ad_c(full_target_scalar_reference),0.003076725014820203,True,0.4691252538290587,2004479
fiqa,4,selection,5,428,5,trunc,best_in_menu_on_eval,0.0,True,,2004479
fiqa,5,recalibration,5,419,5,ad_probe,ad_c(full_target_scalar_reference),0.0020743260729674806,True,0.21221662994742374,2005479
fiqa,5,selection,5,419,5,glob_probe,best_in_menu_on_eval,0.0,True,,2005479
fiqa,6,recalibration,5,479,5,ad_probe,ad_c(full_target_scalar_reference),0.00022374567145050372,True,0.019835661178290387,2006479
fiqa,6,selection,5,479,5,glob_probe,best_in_menu_on_eval,0.0,True,,2006479
fiqa,7,recalibration,5,454,5,ad_probe,ad_c(full_target_scalar_reference),0.00011523728167578406,True,0.04031799081706544,2007479
fiqa,7,selection,5,454,5,glob_probe,best_in_menu_on_eval,0.0,True,,2007479
fiqa,8,recalibration,5,480,5,ad_probe,ad_c(full_target_scalar_reference),0.0015147458389335178,True,0.11910295798738457,2008479
fiqa,8,selection,5,480,5,glob_probe,best_in_menu_on_eval,0.0,True,,2008479
fiqa,9,recalibration,5,442,5,ad_probe,ad_c(full_target_scalar_reference),0.001107775263875732,True,0.23334119099103345,2009479
fiqa,9,selection,5,442,5,glob_probe,best_in_menu_on_eval,0.0,True,,2009479
fiqa,10,recalibration,5,469,5,ad_probe,ad_c(full_target_scalar_reference),0.0,True,0.001965713719940032,2010479
fiqa,10,selection,5,469,5,glob_probe,best_in_menu_on_eval,0.0,True,,2010479
fiqa,11,recalibration,5,412,5,ad_probe,ad_c(full_target_scalar_reference),0.0014071491297707461,True,0.19834481600083342,2011479
fiqa,11,selection,5,412,5,trunc,best_in_menu_on_eval,0.0,True,,2011479
fiqa,12,recalibration,5,452,5,ad_probe,ad_c(full_target_scalar_reference),0.0001610051814598945,True,0.08731135855170269,2012479
fiqa,12,selection,5,452,5,glob_probe,best_in_menu_on_eval,0.0,True,,2012479
fiqa,13,recalibration,5,462,5,ad_probe,ad_c(full_target_scalar_reference),0.006473742648182734,False,0.500296894287618,2013479
fiqa,13,selection,5,462,5,glob_probe,best_in_menu_on_eval,0.0,True,,2013479
fiqa,14,recalibration,5,470,5,ad_probe,ad_c(full_target_scalar_reference),0.0010705734118052757,True,0.07790169464392727,2014479
fiqa,14,selection,5,470,5,glob_probe,best_in_menu_on_eval,0.0,True,,2014479
fiqa,15,recalibration,5,487,5,ad_probe,ad_c(full_target_scalar_reference),0.007292727315261538,False,1.5797429089871953,2015479
fiqa,15,selection,5,487,5,glob_probe,best_in_menu_on_eval,0.0,True,,2015479
fiqa,16,recalibration,5,451,5,ad_probe,ad_c(full_target_scalar_reference),0.006404337492616097,False,1.3061765566595516,2016479
fiqa,16,selection,5,451,5,glob_probe,best_in_menu_on_eval,0.03751759897820345,False,,2016479
fiqa,17,recalibration,5,421,5,ad_probe,ad_c(full_target_scalar_reference),0.008899601207580543,False,0.6223518051826189,2017479
fiqa,17,selection,5,421,5,glob_probe,best_in_menu_on_eval,0.0,True,,2017479
fiqa,18,recalibration,5,464,5,ad_probe,ad_c(full_target_scalar_reference),0.0037953478196153245,True,0.3919555160780702,2018479
fiqa,18,selection,5,464,5,glob_probe,best_in_menu_on_eval,0.0,True,,2018479
fiqa,19,recalibration,5,430,5,ad_probe,ad_c(full_target_scalar_reference),0.009501238543870583,False,0.6303404698310449,2019479
fiqa,19,selection,5,430,5,glob_probe,best_in_menu_on_eval,0.0,True,,2019479
fiqa,20,recalibration,5,447,5,ad_probe,ad_c(full_target_scalar_reference),0.006308606178344334,False,0.4596300106346566,2020479
fiqa,20,selection,5,447,5,glob_probe,best_in_menu_on_eval,0.0030399886534149823,True,,2020479
fiqa,21,recalibration,5,465,5,ad_probe,ad_c(full_target_scalar_reference),1.1121541967529236e-05,True,0.037708628982610515,2021479
fiqa,21,selection,5,465,5,glob_probe,best_in_menu_on_eval,0.06687664553195022,False,,2021479
fiqa,22,recalibration,5,407,5,ad_probe,ad_c(full_target_scalar_reference),0.0015147458389335733,True,0.1233432996091719,2022479
fiqa,22,selection,5,407,5,glob_probe,best_in_menu_on_eval,0.0,True,,2022479
fiqa,23,recalibration,5,462,5,ad_probe,ad_c(full_target_scalar_reference),0.0014373282304963597,True,0.13208489974124915,2023479
fiqa,23,selection,5,462,5,glob_probe,best_in_menu_on_eval,0.003865371661155581,True,,2023479
fiqa,24,recalibration,5,442,5,ad_probe,ad_c(full_target_scalar_reference),0.0019643430204718815,True,0.6767367884216928,2024479
fiqa,24,selection,5,442,5,glob_probe,best_in_menu_on_eval,0.0,True,,2024479
fiqa,25,recalibration,5,502,5,ad_probe,ad_c(full_target_scalar_reference),0.0018231752191209538,True,0.6805226856897555,2025479
fiqa,25,selection,5,502,5,glob_probe,best_in_menu_on_eval,0.0,True,,2025479
fiqa,26,recalibration,5,432,5,ad_probe,ad_c(full_target_scalar_reference),0.007599602030559149,False,0.8571890170282908,2026479
fiqa,26,selection,5,432,5,ad_probe,best_in_menu_on_eval,0.022829428057535683,False,,2026479
fiqa,27,recalibration,5,439,5,ad_probe,ad_c(full_target_scalar_reference),0.001977957237506822,True,0.288094143768147,2027479
fiqa,27,selection,5,439,5,glob_probe,best_in_menu_on_eval,0.06441332221912394,False,,2027479
fiqa,28,recalibration,5,453,5,ad_probe,ad_c(full_target_scalar_reference),0.008924948423882806,False,0.6156318825441194,2028479
fiqa,28,selection,5,453,5,glob_probe,best_in_menu_on_eval,0.0,True,,2028479
fiqa,29,recalibration,5,443,5,ad_probe,ad_c(full_target_scalar_reference),0.006092293143837801,False,0.5740130734980217,2029479
fiqa,29,selection,5,443,5,glob_probe,best_in_menu_on_eval,0.0,True,,2029479
fiqa,30,recalibration,5,431,5,ad_probe,ad_c(full_target_scalar_reference),1.1121541967529236e-05,True,0.037708628982610515,2030479
fiqa,30,selection,5,431,5,trunc,best_in_menu_on_eval,0.0,True,,2030479
fiqa,31,recalibration,5,449,5,ad_probe,ad_c(full_target_scalar_reference),0.0005259186542614369,True,0.06340568958020376,2031479
fiqa,31,selection,5,449,5,glob_probe,best_in_menu_on_eval,0.0,True,,2031479
fiqa,32,recalibration,5,394,5,ad_probe,ad_c(full_target_scalar_reference),0.00011523728167578406,True,0.03832557191317387,2032479
fiqa,32,selection,5,394,5,glob_probe,best_in_menu_on_eval,0.0,True,,2032479
fiqa,33,recalibration,5,427,5,ad_probe,ad_c(full_target_scalar_reference),0.0008356908942062091,True,0.14049357192772471,2033479
fiqa,33,selection,5,427,5,glob_probe,best_in_menu_on_eval,0.2104244959948432,False,,2033479
fiqa,34,recalibration,5,440,5,ad_probe,ad_c(full_target_scalar_reference),0.0034905177007444887,True,0.2983329130163155,2034479
fiqa,34,selection,5,440,5,glob_probe,best_in_menu_on_eval,0.0,True,,2034479
fiqa,35,recalibration,5,451,5,ad_probe,ad_c(full_target_scalar_reference),0.0032800583083611445,True,0.3659938107139489,2035479
fiqa,35,selection,5,451,5,glob_probe,best_in_menu_on_eval,0.0,True,,2035479
fiqa,36,recalibration,5,424,5,ad_probe,ad_c(full_target_scalar_reference),0.004711071049222082,True,0.37287902984017784,2036479
fiqa,36,selection,5,424,5,glob_probe,best_in_menu_on_eval,0.0,True,,2036479
fiqa,37,recalibration,5,456,5,ad_probe,ad_c(full_target_scalar_reference),0.002901695108031621,True,0.2726003665756216,2037479
fiqa,37,selection,5,456,5,glob_probe,best_in_menu_on_eval,0.0,True,,2037479
fiqa,38,recalibration,5,421,5,ad_probe,ad_c(full_target_scalar_reference),0.0006195137980108401,True,0.1308287927720453,2038479
fiqa,38,selection,5,421,5,glob_probe,best_in_menu_on_eval,0.0,True,,2038479
fiqa,39,recalibration,5,403,5,ad_probe,ad_c(full_target_scalar_reference),0.0015784960318472874,True,0.1255250862450794,2039479
fiqa,39,selection,5,403,5,glob_probe,best_in_menu_on_eval,0.0,True,,2039479
fiqa,40,recalibration,5,487,5,ad_probe,ad_c(full_target_scalar_reference),0.005207900613808603,False,0.4226591448746493,2040479
fiqa,40,selection,5,487,5,glob_probe,best_in_menu_on_eval,0.0,True,,2040479
fiqa,41,recalibration,5,473,5,ad_probe,ad_c(full_target_scalar_reference),6.2877380200832e-05,True,0.029000133998096533,2041479
fiqa,41,selection,5,473,5,glob_probe,best_in_menu_on_eval,0.01056225360846591,False,,2041479
fiqa,42,recalibration,5,494,5,ad_probe,ad_c(full_target_scalar_reference),0.0010705734118053312,True,0.08502516907735957,2042479
fiqa,42,selection,5,494,5,glob_probe,best_in_menu_on_eval,0.0,True,,2042479
fiqa,43,recalibration,5,495,5,ad_probe,ad_c(full_target_scalar_reference),0.008770099903046835,False,0.6486197368652503,2043479
fiqa,43,selection,5,495,5,glob_probe,best_in_menu_on_eval,0.0,True,,2043479
fiqa,44,recalibration,5,477,5,ad_probe,ad_c(full_target_scalar_reference),0.004412845894568029,True,1.0249243512685293,2044479
fiqa,44,selection,5,477,5,glob_probe,best_in_menu_on_eval,0.0,True,,2044479
fiqa,45,recalibration,5,477,5,ad_probe,ad_c(full_target_scalar_reference),0.0010705734118053867,True,0.0744466772787511,2045479
fiqa,45,selection,5,477,5,glob_probe,best_in_menu_on_eval,0.0,True,,2045479
fiqa,46,recalibration,5,447,5,ad_probe,ad_c(full_target_scalar_reference),0.0010705734118053867,True,0.07230437744783513,2046479
fiqa,46,selection,5,447,5,glob_probe,best_in_menu_on_eval,0.0,True,,2046479
fiqa,47,recalibration,5,431,5,ad_probe,ad_c(full_target_scalar_reference),0.0007456037303408825,True,0.1504976253837389,2047479
fiqa,47,selection,5,431,5,trunc,best_in_menu_on_eval,0.0,True,,2047479
fiqa,48,recalibration,5,433,5,ad_probe,ad_c(full_target_scalar_reference),0.000161005181459839,True,0.08731135855170269,2048479
fiqa,48,selection,5,433,5,glob_probe,best_in_menu_on_eval,0.0,True,,2048479
fiqa,49,recalibration,5,487,5,ad_probe,ad_c(full_target_scalar_reference),0.0022612150661766584,True,0.5646687920594804,2049479
fiqa,49,selection,5,487,5,glob_probe,best_in_menu_on_eval,0.03753451416911041,False,,2049479
fiqa,0,recalibration,10,846,10,ad_probe,ad_c(full_target_scalar_reference),0.0005258194515808112,True,0.1629699906567168,213
fiqa,0,selection,10,846,10,glob_probe,best_in_menu_on_eval,0.0991309725490796,False,,213
fiqa,1,recalibration,10,893,10,ad_probe,ad_c(full_target_scalar_reference),0.003215243479867458,True,0.3946837139586563,1213
fiqa,1,selection,10,893,10,glob_probe,best_in_menu_on_eval,0.0,True,,1213
fiqa,2,recalibration,10,957,10,ad_probe,ad_c(full_target_scalar_reference),0.00019317817074382404,True,0.220729872985443,2213
fiqa,2,selection,10,957,10,glob_probe,best_in_menu_on_eval,0.01067877707735132,False,,2213
fiqa,3,recalibration,10,861,10,ad_probe,ad_c(full_target_scalar_reference),0.0007189381101183057,True,0.16687957756922556,3213
fiqa,3,selection,10,861,10,glob_probe,best_in_menu_on_eval,0.056101048396736464,False,,3213
fiqa,4,recalibration,10,910,10,ad_probe,ad_c(full_target_scalar_reference),0.00041576192890002694,True,0.16931758691362164,4213
fiqa,4,selection,10,910,10,glob_probe,best_in_menu_on_eval,0.0,True,,4213
fiqa,5,recalibration,10,924,10,ad_probe,ad_c(full_target_scalar_reference),0.0010789634855655206,True,0.07588291150193172,5213
fiqa,5,selection,10,924,10,glob_probe,best_in_menu_on_eval,0.0,True,,5213
fiqa,6,recalibration,10,888,10,ad_probe,ad_c(full_target_scalar_reference),0.0003323397182573018,True,0.052064199443911274,6213
fiqa,6,selection,10,888,10,ad_probe,best_in_menu_on_eval,0.04270512429531581,False,,6213
fiqa,7,recalibration,10,811,10,ad_probe,ad_c(full_target_scalar_reference),0.009045840303647357,False,0.6644159042854837,7213
fiqa,7,selection,10,811,10,glob_probe,best_in_menu_on_eval,0.0,True,,7213
fiqa,8,recalibration,10,895,10,ad_probe,ad_c(full_target_scalar_reference),0.0002873447075990576,True,0.22609374703136353,8213
fiqa,8,selection,10,895,10,glob_probe,best_in_menu_on_eval,0.0,True,,8213
fiqa,9,recalibration,10,934,10,ad_probe,ad_c(full_target_scalar_reference),0.0029099136429703854,True,0.46461653711498085,9213
fiqa,9,selection,10,934,10,glob_probe,best_in_menu_on_eval,0.0,True,,9213
fiqa,10,recalibration,10,899,10,ad_probe,ad_c(full_target_scalar_reference),0.00436412019091359,True,0.9282739512328204,10213
fiqa,10,selection,10,899,10,trunc,best_in_menu_on_eval,0.0,True,,10213
fiqa,11,recalibration,10,883,10,ad_probe,ad_c(full_target_scalar_reference),0.003088840423439543,True,0.2980415159855849,11213
fiqa,11,selection,10,883,10,glob_probe,best_in_menu_on_eval,0.0,True,,11213
fiqa,12,recalibration,10,941,10,ad_probe,ad_c(full_target_scalar_reference),0.0017114237068602267,True,0.3208535409483513,12213
fiqa,12,selection,10,941,10,glob_probe,best_in_menu_on_eval,0.0,True,,12213
fiqa,13,recalibration,10,951,10,ad_probe,ad_c(full_target_scalar_reference),0.00431511808388052,True,0.9222871090047238,13213
fiqa,13,selection,10,951,10,glob_probe,best_in_menu_on_eval,0.0,True,,13213
fiqa,14,recalibration,10,935,10,ad_probe,ad_c(full_target_scalar_reference),0.0002242527773915759,True,0.008442950145937989,14213
fiqa,14,selection,10,935,10,trunc,best_in_menu_on_eval,0.0,True,,14213
fiqa,15,recalibration,10,929,10,ad_probe,ad_c(full_target_scalar_reference),0.0024951227664213316,True,0.32711108991228155,15213
fiqa,15,selection,10,929,10,trunc,best_in_menu_on_eval,0.0,True,,15213
fiqa,16,recalibration,10,855,10,ad_probe,ad_c(full_target_scalar_reference),0.0,True,0.00809522545746999,16213
fiqa,16,selection,10,855,10,glob_probe,best_in_menu_on_eval,0.0,True,,16213
fiqa,17,recalibration,10,848,10,ad_probe,ad_c(full_target_scalar_reference),0.0028753381156531588,True,0.4863884325199792,17213
fiqa,17,selection,10,848,10,glob_probe,best_in_menu_on_eval,0.0,True,,17213
fiqa,18,recalibration,10,887,10,ad_probe,ad_c(full_target_scalar_reference),0.004649316548684002,True,0.42636815829698005,18213
fiqa,18,selection,10,887,10,glob_probe,best_in_menu_on_eval,0.00335699166371084,True,,18213
fiqa,19,recalibration,10,910,10,ad_probe,ad_c(full_target_scalar_reference),0.0010789634855655206,True,0.08062375716144832,19213
fiqa,19,selection,10,910,10,trunc,best_in_menu_on_eval,0.027240491917663034,False,,19213
fiqa,20,recalibration,10,936,10,ad_probe,ad_c(full_target_scalar_reference),0.00016226697755283848,True,0.07875509452942975,20213
fiqa,20,selection,10,936,10,glob_probe,best_in_menu_on_eval,0.0,True,,20213
fiqa,21,recalibration,10,887,10,ad_probe,ad_c(full_target_scalar_reference),0.00017989745499707999,True,0.1938440743532821,21213
fiqa,21,selection,10,887,10,glob_probe,best_in_menu_on_eval,0.06830972161410798,False,,21213
fiqa,22,recalibration,10,869,10,ad_probe,ad_c(full_target_scalar_reference),0.006780928432336908,False,0.4922263298806342,22213
fiqa,22,selection,10,869,10,glob_probe,best_in_menu_on_eval,0.0,True,,22213
fiqa,23,recalibration,10,898,10,ad_probe,ad_c(full_target_scalar_reference),0.001993458469775611,True,0.2985300381003193,23213
fiqa,23,selection,10,898,10,glob_probe,best_in_menu_on_eval,0.0,True,,23213
fiqa,24,recalibration,10,959,10,ad_probe,ad_c(full_target_scalar_reference),0.000842940515852153,True,0.16382148019468445,24213
fiqa,24,selection,10,959,10,glob_probe,best_in_menu_on_eval,0.0,True,,24213
fiqa,25,recalibration,10,889,10,ad_probe,ad_c(full_target_scalar_reference),0.0005300402738089849,True,0.09295123226271995,25213
fiqa,25,selection,10,889,10,glob_probe,best_in_menu_on_eval,0.0,True,,25213
fiqa,26,recalibration,10,899,10,ad_probe,ad_c(full_target_scalar_reference),0.000655118003855093,True,0.21917253025950778,26213
fiqa,26,selection,10,899,10,glob_probe,best_in_menu_on_eval,0.0,True,,26213
fiqa,27,recalibration,10,911,10,ad_probe,ad_c(full_target_scalar_reference),0.0015866198830969958,True,0.2620563007787391,27213
fiqa,27,selection,10,911,10,glob_probe,best_in_menu_on_eval,0.0,True,,27213
fiqa,28,recalibration,10,845,10,ad_probe,ad_c(full_target_scalar_reference),0.005388572029654259,False,0.41281041196064905,28213
fiqa,28,selection,10,845,10,glob_probe,best_in_menu_on_eval,0.0,True,,28213
fiqa,29,recalibration,10,919,10,ad_probe,ad_c(full_target_scalar_reference),0.0025411213406426048,True,0.537345007983403,29213
fiqa,29,selection,10,919,10,glob_probe,best_in_menu_on_eval,0.06458168064819203,False,,29213
fiqa,30,recalibration,10,879,10,ad_probe,ad_c(full_target_scalar_reference),0.009350200496812011,False,0.6325583933515371,30213
fiqa,30,selection,10,879,10,glob_probe,best_in_menu_on_eval,0.05583667063615777,False,,30213
fiqa,31,recalibration,10,879,10,ad_probe,ad_c(full_target_scalar_reference),0.0002254991641734705,True,0.023547719776094045,31213
fiqa,31,selection,10,879,10,ad_probe,best_in_menu_on_eval,0.04231322118393688,False,,31213
fiqa,32,recalibration,10,943,10,ad_probe,ad_c(full_target_scalar_reference),0.001993458469775722,True,0.2994905669340402,32213
fiqa,32,selection,10,943,10,glob_probe,best_in_menu_on_eval,0.06755797933244462,False,,32213
fiqa,33,recalibration,10,842,10,ad_probe,ad_c(full_target_scalar_reference),0.005701978418731768,False,0.5524254806761899,33213
fiqa,33,selection,10,842,10,glob_probe,best_in_menu_on_eval,0.0,True,,33213
fiqa,34,recalibration,10,896,10,ad_probe,ad_c(full_target_scalar_reference),0.008969347298549035,False,0.6219264025893411,34213
fiqa,34,selection,10,896,10,glob_probe,best_in_menu_on_eval,0.0,True,,34213
fiqa,35,recalibration,10,876,10,ad_probe,ad_c(full_target_scalar_reference),0.0033523632075636023,True,0.29945704633035874,35213
fiqa,35,selection,10,876,10,glob_probe,best_in_menu_on_eval,0.0,True,,35213
fiqa,36,recalibration,10,922,10,ad_probe,ad_c(full_target_scalar_reference),0.0012527259568647087,True,0.13718423134354119,36213
fiqa,36,selection,10,922,10,glob_probe,best_in_menu_on_eval,0.056056589541462365,False,,36213
fiqa,37,recalibration,10,837,10,ad_probe,ad_c(full_target_scalar_reference),0.0001292452230123864,True,0.20612713203644284,37213
fiqa,37,selection,10,837,10,glob_probe,best_in_menu_on_eval,0.0,True,,37213
fiqa,38,recalibration,10,887,10,ad_probe,ad_c(full_target_scalar_reference),0.0018726261526760268,True,0.19987778535873924,38213
fiqa,38,selection,10,887,10,trunc,best_in_menu_on_eval,0.0,True,,38213
fiqa,39,recalibration,10,885,10,ad_probe,ad_c(full_target_scalar_reference),0.0012072500643222073,True,0.23419004158237655,39213
fiqa,39,selection,10,885,10,glob_probe,best_in_menu_on_eval,0.0,True,,39213
fiqa,40,recalibration,10,934,10,ad_probe,ad_c(full_target_scalar_reference),0.0026386302500923664,True,0.4767904884444105,40213
fiqa,40,selection,10,934,10,glob_probe,best_in_menu_on_eval,0.0,True,,40213
fiqa,41,recalibration,10,928,10,ad_probe,ad_c(full_target_scalar_reference),0.00022549916417363702,True,0.010391547785947974,41213
fiqa,41,selection,10,928,10,glob_probe,best_in_menu_on_eval,0.0,True,,41213
fiqa,42,recalibration,10,840,10,ad_probe,ad_c(full_target_scalar_reference),0.00047115726699759053,True,0.1560294668023512,42213
fiqa,42,selection,10,840,10,glob_probe,best_in_menu_on_eval,0.10111450404541444,False,,42213
fiqa,43,recalibration,10,932,10,ad_probe,ad_c(full_target_scalar_reference),0.0002873447075989466,True,0.22637717818858683,43213
fiqa,43,selection,10,932,10,glob_probe,best_in_menu_on_eval,0.0,True,,43213
fiqa,44,recalibration,10,799,10,ad_probe,ad_c(full_target_scalar_reference),0.006892250604691064,False,0.4813977214310141,44213
fiqa,44,selection,10,799,10,glob_probe,best_in_menu_on_eval,0.0,True,,44213
fiqa,45,recalibration,10,894,10,ad_probe,ad_c(full_target_scalar_reference),0.0005300402738088739,True,0.06878263329130085,45213
fiqa,45,selection,10,894,10,glob_probe,best_in_menu_on_eval,0.0039052645895800153,True,,45213
fiqa,46,recalibration,10,867,10,ad_probe,ad_c(full_target_scalar_reference),0.0026609128811806437,True,0.2652772193608941,46213
fiqa,46,selection,10,867,10,glob_probe,best_in_menu_on_eval,0.0,True,,46213
fiqa,47,recalibration,10,921,10,ad_probe,ad_c(full_target_scalar_reference),0.00011614039516855135,True,0.0344258250423124,47213
fiqa,47,selection,10,921,10,glob_probe,best_in_menu_on_eval,0.0,True,,47213
fiqa,48,recalibration,10,889,10,ad_probe,ad_c(full_target_scalar_reference),0.0007168714924464803,True,0.15294211385496537,48213
fiqa,48,selection,10,889,10,glob_probe,best_in_menu_on_eval,0.0,True,,48213
fiqa,49,recalibration,10,932,10,ad_probe,ad_c(full_target_scalar_reference),0.002861627215122231,True,0.4958449983397155,49213
fiqa,49,selection,10,932,10,glob_probe,best_in_menu_on_eval,0.07598428904266713,False,,49213
fiqa,0,recalibration,20,1761,20,ad_probe,ad_c(full_target_scalar_reference),0.0031991130117940414,True,0.30236213395120837,2200803
fiqa,0,selection,20,1761,20,glob_probe,best_in_menu_on_eval,0.0,True,,2200803
fiqa,1,recalibration,20,1817,20,ad_probe,ad_c(full_target_scalar_reference),0.0004455691899346581,True,0.1836333191208226,2201803
fiqa,1,selection,20,1817,20,glob_probe,best_in_menu_on_eval,0.0,True,,2201803
fiqa,2,recalibration,20,1828,20,ad_probe,ad_c(full_target_scalar_reference),0.0008226250965301385,True,0.17031298980267962,2202803
fiqa,2,selection,20,1828,20,glob_probe,best_in_menu_on_eval,0.0,True,,2202803
fiqa,3,recalibration,20,1852,20,ad_probe,ad_c(full_target_scalar_reference),0.0007303861691966285,True,0.17257008106269,2203803
fiqa,3,selection,20,1852,20,glob_probe,best_in_menu_on_eval,0.0051228710197712135,True,,2203803
fiqa,4,recalibration,20,1810,20,ad_probe,ad_c(full_target_scalar_reference),0.00019001406289770317,True,0.047792970853258065,2204803
fiqa,4,selection,20,1810,20,trunc,best_in_menu_on_eval,0.0,True,,2204803
fiqa,5,recalibration,20,1811,20,ad_probe,ad_c(full_target_scalar_reference),0.0020469846841974504,True,0.20580104877112015,2205803
fiqa,5,selection,20,1811,20,glob_probe,best_in_menu_on_eval,0.0,True,,2205803
fiqa,6,recalibration,20,1831,20,ad_probe,ad_c(full_target_scalar_reference),0.0013023800156453103,True,0.23926637169866094,2206803
fiqa,6,selection,20,1831,20,glob_probe,best_in_menu_on_eval,0.0,True,,2206803
fiqa,7,recalibration,20,1842,20,ad_probe,ad_c(full_target_scalar_reference),0.002451783870480173,True,0.7088090180671647,2207803
fiqa,7,selection,20,1842,20,glob_probe,best_in_menu_on_eval,0.0,True,,2207803
fiqa,8,recalibration,20,1879,20,ad_probe,ad_c(full_target_scalar_reference),0.0042115097358711995,True,0.8518905487008062,2208803
fiqa,8,selection,20,1879,20,glob_probe,best_in_menu_on_eval,0.01188562229006751,False,,2208803
fiqa,9,recalibration,20,1793,20,ad_probe,ad_c(full_target_scalar_reference),0.0013252343479833728,True,0.07885547910805624,2209803
fiqa,9,selection,20,1793,20,glob_probe,best_in_menu_on_eval,0.027063962589204127,False,,2209803
fiqa,10,recalibration,20,1829,20,ad_probe,ad_c(full_target_scalar_reference),0.004823596631608029,True,0.37819186886519907,2210803
fiqa,10,selection,20,1829,20,glob_probe,best_in_menu_on_eval,0.0,True,,2210803
fiqa,11,recalibration,20,1755,20,ad_probe,ad_c(full_target_scalar_reference),1.1387183893429853e-05,True,0.03967422723985403,2211803
fiqa,11,selection,20,1755,20,glob_probe,best_in_menu_on_eval,0.0,True,,2211803
fiqa,12,recalibration,20,1784,20,ad_probe,ad_c(full_target_scalar_reference),0.0002304765781414586,True,0.07170839225054593,2212803
fiqa,12,selection,20,1784,20,glob_probe,best_in_menu_on_eval,0.0,True,,2212803
fiqa,13,recalibration,20,1826,20,ad_probe,ad_c(full_target_scalar_reference),0.0038700869272377814,True,0.3535036928432165,2213803
fiqa,13,selection,20,1826,20,glob_probe,best_in_menu_on_eval,0.0,True,,2213803
fiqa,14,recalibration,20,1756,20,ad_probe,ad_c(full_target_scalar_reference),0.0057816139985636394,False,0.5304560304783261,2214803
fiqa,14,selection,20,1756,20,glob_probe,best_in_menu_on_eval,0.004207954629051436,True,,2214803
fiqa,15,recalibration,20,1805,20,ad_probe,ad_c(full_target_scalar_reference),0.0034114396687021653,True,0.45183653321326434,2215803
fiqa,15,selection,20,1805,20,ad_probe,best_in_menu_on_eval,0.012353304893224282,False,,2215803
fiqa,16,recalibration,20,1788,20,ad_probe,ad_c(full_target_scalar_reference),0.00022782368149010246,True,0.011295492267402896,2216803
fiqa,16,selection,20,1788,20,glob_probe,best_in_menu_on_eval,0.0,True,,2216803
fiqa,17,recalibration,20,1794,20,ad_probe,ad_c(full_target_scalar_reference),0.002598125859133882,True,0.611734620655686,2217803
fiqa,17,selection,20,1794,20,glob_probe,best_in_menu_on_eval,0.0036380816341348154,True,,2217803
fiqa,18,recalibration,20,1818,20,ad_probe,ad_c(full_target_scalar_reference),0.0051231543345598984,False,1.1541999048662293,2218803
fiqa,18,selection,20,1818,20,glob_probe,best_in_menu_on_eval,0.003535944708500549,True,,2218803
fiqa,19,recalibration,20,1862,20,ad_probe,ad_c(full_target_scalar_reference),0.0006606083272451269,True,0.24570979927137682,2219803
fiqa,19,selection,20,1862,20,glob_probe,best_in_menu_on_eval,0.011742726764366218,False,,2219803
fiqa,20,recalibration,20,1756,20,ad_probe,ad_c(full_target_scalar_reference),0.0031455679982175244,True,0.31703115860442566,2220803
fiqa,20,selection,20,1756,20,glob_probe,best_in_menu_on_eval,0.0045624007249678855,True,,2220803
fiqa,21,recalibration,20,1799,20,ad_probe,ad_c(full_target_scalar_reference),0.0002290899151954351,True,0.026393072237314463,2221803
fiqa,21,selection,20,1799,20,trunc,best_in_menu_on_eval,0.027798685122242095,False,,2221803
fiqa,22,recalibration,20,1876,20,ad_probe,ad_c(full_target_scalar_reference),0.0024613491415612088,True,0.34507564637843746,2222803
fiqa,22,selection,20,1876,20,glob_probe,best_in_menu_on_eval,0.0,True,,2222803
fiqa,23,recalibration,20,1784,20,ad_probe,ad_c(full_target_scalar_reference),0.0006830200492973781,True,0.05981757483753802,2223803
fiqa,23,selection,20,1784,20,glob_probe,best_in_menu_on_eval,0.06648066532394076,False,,2223803
fiqa,24,recalibration,20,1945,20,ad_probe,ad_c(full_target_scalar_reference),0.0004392073561200749,True,0.15335526703537683,2224803
fiqa,24,selection,20,1945,20,glob_probe,best_in_menu_on_eval,0.004102237061133274,True,,2224803
fiqa,25,recalibration,20,1838,20,ad_probe,ad_c(full_target_scalar_reference),0.0005384804055574288,True,0.09295123226271995,2225803
fiqa,25,selection,20,1838,20,glob_probe,best_in_menu_on_eval,0.0,True,,2225803
fiqa,26,recalibration,20,1804,20,ad_probe,ad_c(full_target_scalar_reference),0.0,True,0.001451435534874701,2226803
fiqa,26,selection,20,1804,20,glob_probe,best_in_menu_on_eval,0.0,True,,2226803
fiqa,27,recalibration,20,1744,20,ad_probe,ad_c(full_target_scalar_reference),0.0012761657731666376,True,0.10263773502539819,2227803
fiqa,27,selection,20,1744,20,glob_probe,best_in_menu_on_eval,0.011159418824621292,False,,2227803
fiqa,28,recalibration,20,1808,20,ad_probe,ad_c(full_target_scalar_reference),0.0035448703969718776,True,0.47924517334698025,2228803
fiqa,28,selection,20,1808,20,glob_probe,best_in_menu_on_eval,0.0,True,,2228803
fiqa,29,recalibration,20,1778,20,ad_probe,ad_c(full_target_scalar_reference),0.0020174934078341367,True,0.26411804353631463,2229803
fiqa,29,selection,20,1778,20,glob_probe,best_in_menu_on_eval,0.0,True,,2229803
fiqa,30,recalibration,20,1824,20,ad_probe,ad_c(full_target_scalar_reference),0.0002436245989621555,True,0.037227145744146206,2230803
fiqa,30,selection,20,1824,20,glob_probe,best_in_menu_on_eval,0.0,True,,2230803
fiqa,31,recalibration,20,1803,20,ad_probe,ad_c(full_target_scalar_reference),0.004823596631608085,True,0.37990444390322375,2231803
fiqa,31,selection,20,1803,20,glob_probe,best_in_menu_on_eval,0.0,True,,2231803
fiqa,32,recalibration,20,1793,20,ad_probe,ad_c(full_target_scalar_reference),0.00011798976451826704,True,0.04252095408255707,2232803
fiqa,32,selection,20,1793,20,glob_probe,best_in_menu_on_eval,0.0,True,,2232803
fiqa,33,recalibration,20,1885,20,ad_probe,ad_c(full_target_scalar_reference),0.0,True,0.0031925756554893603,2233803
fiqa,33,selection,20,1885,20,glob_probe,best_in_menu_on_eval,0.0,True,,2233803
fiqa,34,recalibration,20,1804,20,ad_probe,ad_c(full_target_scalar_reference),0.004251466251080138,True,0.3308872206695317,2234803
fiqa,34,selection,20,1804,20,glob_probe,best_in_menu_on_eval,0.0,True,,2234803
fiqa,35,recalibration,20,1827,20,ad_probe,ad_c(full_target_scalar_reference),0.00011798976451821153,True,0.04098097433667247,2235803
fiqa,35,selection,20,1827,20,glob_probe,best_in_menu_on_eval,0.0,True,,2235803
fiqa,36,recalibration,20,1768,20,ad_probe,ad_c(full_target_scalar_reference),0.0006786982334416325,True,0.20214550107651852,2236803
fiqa,36,selection,20,1768,20,glob_probe,best_in_menu_on_eval,0.0,True,,2236803
fiqa,37,recalibration,20,1708,20,ad_probe,ad_c(full_target_scalar_reference),0.0013935454546668002,True,0.19544322704400718,2237803
fiqa,37,selection,20,1708,20,glob_probe,best_in_menu_on_eval,0.0,True,,2237803
fiqa,38,recalibration,20,1892,20,ad_probe,ad_c(full_target_scalar_reference),0.002764336199231554,True,0.7734417290319029,2238803
fiqa,38,selection,20,1892,20,glob_probe,best_in_menu_on_eval,0.0,True,,2238803
fiqa,39,recalibration,20,1821,20,ad_probe,ad_c(full_target_scalar_reference),0.00011798976451826704,True,0.038140882467901926,2239803
fiqa,39,selection,20,1821,20,glob_probe,best_in_menu_on_eval,0.0,True,,2239803
fiqa,40,recalibration,20,1759,20,ad_probe,ad_c(full_target_scalar_reference),0.0022943769215748033,True,0.3268579317234668,2240803
fiqa,40,selection,20,1759,20,glob_probe,best_in_menu_on_eval,0.028701595203668773,False,,2240803
fiqa,41,recalibration,20,1787,20,ad_probe,ad_c(full_target_scalar_reference),0.0012761657731667486,True,0.10694615690176845,2241803
fiqa,41,selection,20,1787,20,glob_probe,best_in_menu_on_eval,0.0,True,,2241803
fiqa,42,recalibration,20,1803,20,ad_probe,ad_c(full_target_scalar_reference),0.00022908991519532407,True,0.01647817577620314,2242803
fiqa,42,selection,20,1803,20,glob_probe,best_in_menu_on_eval,0.0,True,,2242803
fiqa,43,recalibration,20,1780,20,ad_probe,ad_c(full_target_scalar_reference),0.0002919202602678639,True,0.2220229596316594,2243803
fiqa,43,selection,20,1780,20,glob_probe,best_in_menu_on_eval,0.0,True,,2243803
fiqa,44,recalibration,20,1775,20,ad_probe,ad_c(full_target_scalar_reference),0.00011798976451826704,True,0.03289300785207261,2244803
fiqa,44,selection,20,1775,20,glob_probe,best_in_menu_on_eval,0.0,True,,2244803
fiqa,45,recalibration,20,1817,20,ad_probe,ad_c(full_target_scalar_reference),0.0017497744010329108,True,0.24830640381001112,2245803
fiqa,45,selection,20,1817,20,glob_probe,best_in_menu_on_eval,0.0,True,,2245803
fiqa,46,recalibration,20,1837,20,ad_probe,ad_c(full_target_scalar_reference),4.871807241402237e-05,True,0.2077936783248182,2246803
fiqa,46,selection,20,1837,20,trunc,best_in_menu_on_eval,0.0,True,,2246803
fiqa,47,recalibration,20,1797,20,ad_probe,ad_c(full_target_scalar_reference),0.0025758441769321294,True,0.3331614792370794,2247803
fiqa,47,selection,20,1797,20,glob_probe,best_in_menu_on_eval,0.07917977079303301,False,,2247803
fiqa,48,recalibration,20,1876,20,ad_probe,ad_c(full_target_scalar_reference),0.00022908991519532407,True,0.015241189203061722,2248803
fiqa,48,selection,20,1876,20,glob_probe,best_in_menu_on_eval,0.00476107536018322,True,,2248803
fiqa,49,recalibration,20,1807,20,ad_probe,ad_c(full_target_scalar_reference),0.0010342378861805113,True,0.23257632642955972,2249803
fiqa,49,selection,20,1807,20,glob_probe,best_in_menu_on_eval,0.0,True,,2249803
fiqa,0,recalibration,50,4639,50,ad_probe,ad_c(full_target_scalar_reference),0.00037119054850581756,True,0.016808925639611116,2300852
fiqa,0,selection,50,4639,50,glob_probe,best_in_menu_on_eval,0.0,True,,2300852
fiqa,1,recalibration,50,4442,50,ad_probe,ad_c(full_target_scalar_reference),0.002695590085419697,True,0.4576448071040198,2301852
fiqa,1,selection,50,4442,50,glob_probe,best_in_menu_on_eval,0.0,True,,2301852
fiqa,2,recalibration,50,4583,50,ad_probe,ad_c(full_target_scalar_reference),0.002114841726140182,True,0.30170500739114026,2302852
fiqa,2,selection,50,4583,50,ad_probe,best_in_menu_on_eval,0.014756888873974361,False,,2302852
fiqa,3,recalibration,50,4538,50,ad_probe,ad_c(full_target_scalar_reference),0.0005069509801042815,True,0.16013167645748938,2303852
fiqa,3,selection,50,4538,50,glob_probe,best_in_menu_on_eval,0.0,True,,2303852
fiqa,4,recalibration,50,4393,50,ad_probe,ad_c(full_target_scalar_reference),0.00037119054850581756,True,0.01849920921883097,2304852
fiqa,4,selection,50,4393,50,glob_probe,best_in_menu_on_eval,0.0,True,,2304852
fiqa,5,recalibration,50,4481,50,ad_probe,ad_c(full_target_scalar_reference),0.003014975613923332,True,0.37290473610971864,2305852
fiqa,5,selection,50,4481,50,glob_probe,best_in_menu_on_eval,0.0,True,,2305852
fiqa,6,recalibration,50,4584,50,ad_probe,ad_c(full_target_scalar_reference),0.0014748110432141748,True,0.1134015075125161,2306852
fiqa,6,selection,50,4584,50,glob_probe,best_in_menu_on_eval,0.0,True,,2306852
fiqa,7,recalibration,50,4456,50,ad_probe,ad_c(full_target_scalar_reference),0.0011511349561719175,True,0.09649593608034457,2307852
fiqa,7,selection,50,4456,50,glob_probe,best_in_menu_on_eval,0.0,True,,2307852
fiqa,8,recalibration,50,4444,50,ad_probe,ad_c(full_target_scalar_reference),0.0014748110432142858,True,0.11113585140310467,2308852
fiqa,8,selection,50,4444,50,glob_probe,best_in_menu_on_eval,0.0,True,,2308852
fiqa,9,recalibration,50,4483,50,ad_probe,ad_c(full_target_scalar_reference),0.0006467833292407299,True,0.14115485772060254,2309852
fiqa,9,selection,50,4483,50,glob_probe,best_in_menu_on_eval,0.0,True,,2309852
fiqa,10,recalibration,50,4480,50,ad_probe,ad_c(full_target_scalar_reference),0.00025584656880961454,True,0.030396430207178637,2310852
fiqa,10,selection,50,4480,50,glob_probe,best_in_menu_on_eval,0.0,True,,2310852
fiqa,11,recalibration,50,4512,50,ad_probe,ad_c(full_target_scalar_reference),0.001760669315158725,True,0.11952411761669923,2311852
fiqa,11,selection,50,4512,50,glob_probe,best_in_menu_on_eval,0.0,True,,2311852
fiqa,12,recalibration,50,4488,50,ad_probe,ad_c(full_target_scalar_reference),0.0005654944727259137,True,0.0700584693936992,2312852
fiqa,12,selection,50,4488,50,glob_probe,best_in_menu_on_eval,0.0,True,,2312852
fiqa,13,recalibration,50,4521,50,ad_probe,ad_c(full_target_scalar_reference),0.0027770970255369676,True,0.5697956507403175,2313852
fiqa,13,selection,50,4521,50,glob_probe,best_in_menu_on_eval,0.0,True,,2313852
fiqa,14,recalibration,50,4467,50,ad_probe,ad_c(full_target_scalar_reference),0.001151134956171973,True,0.08765962209871025,2314852
fiqa,14,selection,50,4467,50,glob_probe,best_in_menu_on_eval,0.030794346821807372,False,,2314852
fiqa,15,recalibration,50,4433,50,ad_probe,ad_c(full_target_scalar_reference),0.001068920849671251,True,0.18373015357495603,2315852
fiqa,15,selection,50,4433,50,glob_probe,best_in_menu_on_eval,0.0,True,,2315852
fiqa,16,recalibration,50,4398,50,ad_probe,ad_c(full_target_scalar_reference),0.0008603712053786294,True,0.19053140059645024,2316852
fiqa,16,selection,50,4398,50,glob_probe,best_in_menu_on_eval,0.0,True,,2316852
fiqa,17,recalibration,50,4473,50,ad_probe,ad_c(full_target_scalar_reference),4.2081893848022744e-05,True,0.050470939319617436,2317852
fiqa,17,selection,50,4473,50,glob_probe,best_in_menu_on_eval,0.0,True,,2317852
fiqa,18,recalibration,50,4426,50,ad_probe,ad_c(full_target_scalar_reference),0.0006529566394602448,True,0.10178386727124789,2318852
fiqa,18,selection,50,4426,50,glob_probe,best_in_menu_on_eval,0.0,True,,2318852
fiqa,19,recalibration,50,4653,50,ad_probe,ad_c(full_target_scalar_reference),0.0013365203352503352,True,0.14033178418246317,2319852
fiqa,19,selection,50,4653,50,glob_probe,best_in_menu_on_eval,0.0,True,,2319852
fiqa,20,recalibration,50,4410,50,ad_probe,ad_c(full_target_scalar_reference),0.00029196780589552107,True,0.11699569655070219,2320852
fiqa,20,selection,50,4410,50,glob_probe,best_in_menu_on_eval,0.0,True,,2320852
fiqa,21,recalibration,50,4494,50,ad_probe,ad_c(full_target_scalar_reference),0.001606748628549759,True,0.10926811011257032,2321852
fiqa,21,selection,50,4494,50,glob_probe,best_in_menu_on_eval,0.0,True,,2321852
fiqa,22,recalibration,50,4550,50,ad_probe,ad_c(full_target_scalar_reference),0.0005654944727258582,True,0.09774529466072646,2322852
fiqa,22,selection,50,4550,50,glob_probe,best_in_menu_on_eval,0.0,True,,2322852
fiqa,23,recalibration,50,4541,50,ad_probe,ad_c(full_target_scalar_reference),0.000211371150208417,True,0.033029299790034106,2323852
fiqa,23,selection,50,4541,50,glob_probe,best_in_menu_on_eval,0.0,True,,2323852
fiqa,24,recalibration,50,4564,50,ad_probe,ad_c(full_target_scalar_reference),0.0007172852691618714,True,0.062604464902982,2324852
fiqa,24,selection,50,4564,50,glob_probe,best_in_menu_on_eval,0.0,True,,2324852
fiqa,25,recalibration,50,4539,50,ad_probe,ad_c(full_target_scalar_reference),0.003474609338166179,True,0.38414219913808756,2325852
fiqa,25,selection,50,4539,50,glob_probe,best_in_menu_on_eval,0.0,True,,2325852
fiqa,26,recalibration,50,4420,50,ad_probe,ad_c(full_target_scalar_reference),0.0002694810357051214,True,0.12182223663781255,2326852
fiqa,26,selection,50,4420,50,glob_probe,best_in_menu_on_eval,0.0,True,,2326852
fiqa,27,recalibration,50,4621,50,ad_probe,ad_c(full_target_scalar_reference),1.1958447299453834e-05,True,0.030801303474209396,2327852
fiqa,27,selection,50,4621,50,glob_probe,best_in_menu_on_eval,0.0,True,,2327852
fiqa,28,recalibration,50,4439,50,ad_probe,ad_c(full_target_scalar_reference),0.0007102719855449635,True,0.14970783138602206,2328852
fiqa,28,selection,50,4439,50,glob_probe,best_in_menu_on_eval,0.0,True,,2328852
fiqa,29,recalibration,50,4459,50,ad_probe,ad_c(full_target_scalar_reference),0.004216622444598805,True,0.36832106101012974,2329852
fiqa,29,selection,50,4459,50,glob_probe,best_in_menu_on_eval,0.0,True,,2329852
fiqa,30,recalibration,50,4474,50,ad_probe,ad_c(full_target_scalar_reference),0.00019954654096948632,True,0.04927453804560633,2330852
fiqa,30,selection,50,4474,50,glob_probe,best_in_menu_on_eval,0.0,True,,2330852
fiqa,31,recalibration,50,4469,50,ad_probe,ad_c(full_target_scalar_reference),0.0007201730704466947,True,0.1298405152012747,2331852
fiqa,31,selection,50,4469,50,glob_probe,best_in_menu_on_eval,0.0,True,,2331852
fiqa,32,recalibration,50,4511,50,ad_probe,ad_c(full_target_scalar_reference),6.760895563395763e-05,True,0.06648702558434749,2332852
fiqa,32,selection,50,4511,50,glob_probe,best_in_menu_on_eval,0.0,True,,2332852
fiqa,33,recalibration,50,4566,50,ad_probe,ad_c(full_target_scalar_reference),0.0011391765088724637,True,0.08861521025554087,2333852
fiqa,33,selection,50,4566,50,glob_probe,best_in_menu_on_eval,0.029133992970650002,False,,2333852
fiqa,34,recalibration,50,4524,50,ad_probe,ad_c(full_target_scalar_reference),0.0021321315990954215,True,0.20683508907992287,2334852
fiqa,34,selection,50,4524,50,glob_probe,best_in_menu_on_eval,0.0,True,,2334852
fiqa,35,recalibration,50,4431,50,ad_probe,ad_c(full_target_scalar_reference),1.1741104307405603e-05,True,0.16359691127118747,2335852
fiqa,35,selection,50,4431,50,glob_probe,best_in_menu_on_eval,0.0,True,,2335852
fiqa,36,recalibration,50,4457,50,ad_probe,ad_c(full_target_scalar_reference),0.00012390898347403034,True,0.04527841908898811,2336852
fiqa,36,selection,50,4457,50,glob_probe,best_in_menu_on_eval,0.0,True,,2336852
fiqa,37,recalibration,50,4497,50,ad_probe,ad_c(full_target_scalar_reference),0.00024058272030552663,True,0.017887628225738528,2337852
fiqa,37,selection,50,4497,50,glob_probe,best_in_menu_on_eval,0.0,True,,2337852
fiqa,38,recalibration,50,4484,50,ad_probe,ad_c(full_target_scalar_reference),0.0022651792257909475,True,0.22006482999706245,2338852
fiqa,38,selection,50,4484,50,glob_probe,best_in_menu_on_eval,0.0,True,,2338852
fiqa,39,recalibration,50,4490,50,ad_probe,ad_c(full_target_scalar_reference),0.00012390898347408585,True,0.04086421771139426,2339852
fiqa,39,selection,50,4490,50,glob_probe,best_in_menu_on_eval,0.0,True,,2339852
fiqa,40,recalibration,50,4582,50,ad_probe,ad_c(full_target_scalar_reference),0.0,True,0.0030824397561004524,2340852
fiqa,40,selection,50,4582,50,glob_probe,best_in_menu_on_eval,0.0,True,,2340852
fiqa,41,recalibration,50,4544,50,ad_probe,ad_c(full_target_scalar_reference),0.00012390898347408585,True,0.03216644890006526,2341852
fiqa,41,selection,50,4544,50,glob_probe,best_in_menu_on_eval,0.0,True,,2341852
fiqa,42,recalibration,50,4491,50,ad_probe,ad_c(full_target_scalar_reference),0.0011511349561720285,True,0.07637707256457471,2342852
fiqa,42,selection,50,4491,50,glob_probe,best_in_menu_on_eval,0.0,True,,2342852
fiqa,43,recalibration,50,4578,50,ad_probe,ad_c(full_target_scalar_reference),0.00017312095598442934,True,0.08451597318128878,2343852
fiqa,43,selection,50,4578,50,glob_probe,best_in_menu_on_eval,0.0,True,,2343852
fiqa,44,recalibration,50,4455,50,ad_probe,ad_c(full_target_scalar_reference),0.001069282847670383,True,0.1425726003493608,2344852
fiqa,44,selection,50,4455,50,glob_probe,best_in_menu_on_eval,0.0,True,,2344852
fiqa,45,recalibration,50,4410,50,ad_probe,ad_c(full_target_scalar_reference),0.0008129308321465079,True,0.2569441592488637,2345852
fiqa,45,selection,50,4410,50,glob_probe,best_in_menu_on_eval,0.0,True,,2345852
fiqa,46,recalibration,50,4502,50,ad_probe,ad_c(full_target_scalar_reference),0.0027229613134066577,True,0.2833636885893718,2346852
fiqa,46,selection,50,4502,50,glob_probe,best_in_menu_on_eval,0.0,True,,2346852
fiqa,47,recalibration,50,4406,50,ad_probe,ad_c(full_target_scalar_reference),0.0009818206809359964,True,0.14740892803305794,2347852
fiqa,47,selection,50,4406,50,glob_probe,best_in_menu_on_eval,0.0,True,,2347852
fiqa,48,recalibration,50,4548,50,ad_probe,ad_c(full_target_scalar_reference),0.000541112178904235,True,0.06119607303465102,2348852
fiqa,48,selection,50,4548,50,glob_probe,best_in_menu_on_eval,0.0,True,,2348852
fiqa,49,recalibration,50,4427,50,ad_probe,ad_c(full_target_scalar_reference),0.0,True,0.0003888981661308577,2349852
fiqa,49,selection,50,4427,50,glob_probe,best_in_menu_on_eval,0.0,True,,2349852
fiqa,0,recalibration,100,8820,100,ad_probe,ad_c(full_target_scalar_reference),0.00028581004042466107,True,0.05771266277606513,2400550
fiqa,0,selection,100,8820,100,glob_probe,best_in_menu_on_eval,0.0,True,,2400550
fiqa,1,recalibration,100,9176,100,ad_probe,ad_c(full_target_scalar_reference),0.00028769603980582925,True,0.07956299872100514,2401550
fiqa,1,selection,100,9176,100,glob_probe,best_in_menu_on_eval,0.0,True,,2401550
fiqa,2,recalibration,100,9090,100,ad_probe,ad_c(full_target_scalar_reference),0.00027558324494131314,True,0.029443997018606893,2402550
fiqa,2,selection,100,9090,100,glob_probe,best_in_menu_on_eval,0.0,True,,2402550
fiqa,3,recalibration,100,8910,100,ad_probe,ad_c(full_target_scalar_reference),0.0016093740946024337,True,0.11285256386391262,2403550
fiqa,3,selection,100,8910,100,glob_probe,best_in_menu_on_eval,0.0,True,,2403550
fiqa,4,recalibration,100,8674,100,ad_probe,ad_c(full_target_scalar_reference),0.001499172527117787,True,0.12891184707050307,2404550
fiqa,4,selection,100,8674,100,glob_probe,best_in_menu_on_eval,0.0,True,,2404550
fiqa,5,recalibration,100,8889,100,ad_probe,ad_c(full_target_scalar_reference),0.00040896924105987553,True,0.18089239694459502,2405550
fiqa,5,selection,100,8889,100,glob_probe,best_in_menu_on_eval,0.0,True,,2405550
fiqa,6,recalibration,100,9007,100,ad_probe,ad_c(full_target_scalar_reference),0.0006170906837410506,True,0.10160620199138481,2406550
fiqa,6,selection,100,9007,100,glob_probe,best_in_menu_on_eval,0.0,True,,2406550
fiqa,7,recalibration,100,9056,100,ad_probe,ad_c(full_target_scalar_reference),0.0007610663699282871,True,0.06435504423807203,2407550
fiqa,7,selection,100,9056,100,glob_probe,best_in_menu_on_eval,0.0,True,,2407550
fiqa,8,recalibration,100,8888,100,ad_probe,ad_c(full_target_scalar_reference),0.001164355894216651,True,0.30229084533011874,2408550
fiqa,8,selection,100,8888,100,glob_probe,best_in_menu_on_eval,0.0,True,,2408550
fiqa,9,recalibration,100,9001,100,ad_probe,ad_c(full_target_scalar_reference),0.002840189115744074,True,0.2973137462145006,2409550
fiqa,9,selection,100,9001,100,glob_probe,best_in_menu_on_eval,0.0,True,,2409550
fiqa,10,recalibration,100,8944,100,ad_probe,ad_c(full_target_scalar_reference),0.0,True,0.0022104947003884767,2410550
fiqa,10,selection,100,8944,100,glob_probe,best_in_menu_on_eval,0.0,True,,2410550
fiqa,11,recalibration,100,9135,100,ad_probe,ad_c(full_target_scalar_reference),0.00040809848011574834,True,0.06612506293095866,2411550
fiqa,11,selection,100,9135,100,glob_probe,best_in_menu_on_eval,0.0,True,,2411550
fiqa,12,recalibration,100,9022,100,ad_probe,ad_c(full_target_scalar_reference),0.0005490339854691828,True,0.030725517382686363,2412550
fiqa,12,selection,100,9022,100,glob_probe,best_in_menu_on_eval,0.0,True,,2412550
fiqa,13,recalibration,100,8940,100,ad_probe,ad_c(full_target_scalar_reference),0.0002755832449412021,True,0.03911663455574721,2413550
fiqa,13,selection,100,8940,100,glob_probe,best_in_menu_on_eval,0.0,True,,2413550
fiqa,14,recalibration,100,8870,100,ad_probe,ad_c(full_target_scalar_reference),1.304954650571677e-05,True,0.04931940599262674,2414550
fiqa,14,selection,100,8870,100,glob_probe,best_in_menu_on_eval,0.0,True,,2414550
fiqa,15,recalibration,100,9042,100,ad_probe,ad_c(full_target_scalar_reference),0.0019065611349027844,True,0.27876203690698986,2415550
fiqa,15,selection,100,9042,100,glob_probe,best_in_menu_on_eval,0.0,True,,2415550
fiqa,16,recalibration,100,8890,100,ad_probe,ad_c(full_target_scalar_reference),0.0016865000952722142,True,0.1264332054213786,2416550
fiqa,16,selection,100,8890,100,glob_probe,best_in_menu_on_eval,0.0,True,,2416550
fiqa,17,recalibration,100,8990,100,ad_probe,ad_c(full_target_scalar_reference),0.001996116103117729,True,0.1319184357684482,2417550
fiqa,17,selection,100,8990,100,glob_probe,best_in_menu_on_eval,0.0,True,,2417550
fiqa,18,recalibration,100,8892,100,ad_probe,ad_c(full_target_scalar_reference),1.3049546505550236e-05,True,0.03324062868925459,2418550
fiqa,18,selection,100,8892,100,glob_probe,best_in_menu_on_eval,0.005330646276327455,True,,2418550
fiqa,19,recalibration,100,9075,100,ad_probe,ad_c(full_target_scalar_reference),0.001657013913303751,True,0.42752828151419964,2419550
fiqa,19,selection,100,9075,100,glob_probe,best_in_menu_on_eval,0.0,True,,2419550
fiqa,20,recalibration,100,8987,100,ad_probe,ad_c(full_target_scalar_reference),0.0003279500296388127,True,0.055006503215222935,2420550
fiqa,20,selection,100,8987,100,glob_probe,best_in_menu_on_eval,0.0,True,,2420550
fiqa,21,recalibration,100,9149,100,ad_probe,ad_c(full_target_scalar_reference),0.0,True,0.005391394578345254,2421550
fiqa,21,selection,100,9149,100,glob_probe,best_in_menu_on_eval,0.0,True,,2421550
fiqa,22,recalibration,100,9067,100,ad_probe,ad_c(full_target_scalar_reference),0.0011508480467590787,True,0.24236505357180826,2422550
fiqa,22,selection,100,9067,100,glob_probe,best_in_menu_on_eval,0.0,True,,2422550
fiqa,23,recalibration,100,8916,100,ad_probe,ad_c(full_target_scalar_reference),0.0031032572792747404,True,0.26931214985638174,2423550
fiqa,23,selection,100,8916,100,glob_probe,best_in_menu_on_eval,0.0,True,,2423550
fiqa,24,recalibration,100,8993,100,ad_probe,ad_c(full_target_scalar_reference),0.00027558324494131314,True,0.03040154971351683,2424550
fiqa,24,selection,100,8993,100,glob_probe,best_in_menu_on_eval,0.0,True,,2424550
fiqa,25,recalibration,100,9011,100,ad_probe,ad_c(full_target_scalar_reference),0.0004417159214823996,True,0.23347552910003033,2425550
fiqa,25,selection,100,9011,100,glob_probe,best_in_menu_on_eval,0.0,True,,2425550
fiqa,26,recalibration,100,9180,100,ad_probe,ad_c(full_target_scalar_reference),0.000590483728074298,True,0.058919125005964634,2426550
fiqa,26,selection,100,9180,100,glob_probe,best_in_menu_on_eval,0.0,True,,2426550
fiqa,27,recalibration,100,9106,100,ad_probe,ad_c(full_target_scalar_reference),0.00033289234983457927,True,0.07258556901526503,2427550
fiqa,27,selection,100,9106,100,glob_probe,best_in_menu_on_eval,0.0,True,,2427550
fiqa,28,recalibration,100,8820,100,ad_probe,ad_c(full_target_scalar_reference),0.0015854378177719841,True,0.12669902249001375,2428550
fiqa,28,selection,100,8820,100,glob_probe,best_in_menu_on_eval,0.0,True,,2428550
fiqa,29,recalibration,100,8960,100,ad_probe,ad_c(full_target_scalar_reference),0.0012901803234925957,True,0.14082455966579088,2429550
fiqa,29,selection,100,8960,100,glob_probe,best_in_menu_on_eval,0.0,True,,2429550
fiqa,30,recalibration,100,9030,100,ad_probe,ad_c(full_target_scalar_reference),0.00019517714215250281,True,0.1864517216464241,2430550
fiqa,30,selection,100,9030,100,glob_probe,best_in_menu_on_eval,0.0,True,,2430550
fiqa,31,recalibration,100,8721,100,ad_probe,ad_c(full_target_scalar_reference),0.0006170906837411061,True,0.06391551172420895,2431550
fiqa,31,selection,100,8721,100,glob_probe,best_in_menu_on_eval,0.0,True,,2431550
fiqa,32,recalibration,100,8956,100,ad_probe,ad_c(full_target_scalar_reference),0.0001640512261653071,True,0.085455432775293,2432550
fiqa,32,selection,100,8956,100,glob_probe,best_in_menu_on_eval,0.0,True,,2432550
fiqa,33,recalibration,100,8795,100,ad_probe,ad_c(full_target_scalar_reference),0.001848792072226102,True,0.11248000951949999,2433550
fiqa,33,selection,100,8795,100,glob_probe,best_in_menu_on_eval,0.0,True,,2433550
fiqa,34,recalibration,100,9005,100,ad_probe,ad_c(full_target_scalar_reference),0.003465561105614856,True,0.2663475804061681,2434550
fiqa,34,selection,100,9005,100,glob_probe,best_in_menu_on_eval,0.0,True,,2434550
fiqa,35,recalibration,100,9115,100,ad_probe,ad_c(full_target_scalar_reference),0.0006170906837410506,True,0.05836144144114774,2435550
fiqa,35,selection,100,9115,100,glob_probe,best_in_menu_on_eval,0.0,True,,2435550
fiqa,36,recalibration,100,9034,100,ad_probe,ad_c(full_target_scalar_reference),0.0,True,0.00857236821276497,2436550
fiqa,36,selection,100,9034,100,glob_probe,best_in_menu_on_eval,0.0,True,,2436550
fiqa,37,recalibration,100,8981,100,ad_probe,ad_c(full_target_scalar_reference),0.0010214643720585226,True,0.23641900964570772,2437550
fiqa,37,selection,100,8981,100,glob_probe,best_in_menu_on_eval,0.0,True,,2437550
fiqa,38,recalibration,100,9076,100,ad_probe,ad_c(full_target_scalar_reference),0.00010084487620043436,True,0.25327720834447875,2438550
fiqa,38,selection,100,9076,100,glob_probe,best_in_menu_on_eval,0.0,True,,2438550
fiqa,39,recalibration,100,8990,100,ad_probe,ad_c(full_target_scalar_reference),0.0006170906837409951,True,0.085455432775293,2439550
fiqa,39,selection,100,8990,100,glob_probe,best_in_menu_on_eval,0.0,True,,2439550
fiqa,40,recalibration,100,9035,100,ad_probe,ad_c(full_target_scalar_reference),0.004174069857744933,True,0.38707372709694265,2440550
fiqa,40,selection,100,9035,100,glob_probe,best_in_menu_on_eval,0.0,True,,2440550
fiqa,41,recalibration,100,8887,100,ad_probe,ad_c(full_target_scalar_reference),0.0014284395344347778,True,0.19706691582832936,2441550
fiqa,41,selection,100,8887,100,glob_probe,best_in_menu_on_eval,0.0,True,,2441550
fiqa,42,recalibration,100,9036,100,ad_probe,ad_c(full_target_scalar_reference),0.0006946554169712793,True,0.10325612484823177,2442550
fiqa,42,selection,100,9036,100,glob_probe,best_in_menu_on_eval,0.0,True,,2442550
fiqa,43,recalibration,100,9088,100,ad_probe,ad_c(full_target_scalar_reference),0.0006170906837409951,True,0.06842067063791224,2443550
fiqa,43,selection,100,9088,100,glob_probe,best_in_menu_on_eval,0.0,True,,2443550
fiqa,44,recalibration,100,8763,100,ad_probe,ad_c(full_target_scalar_reference),0.00013521454765969,True,0.03808608428243776,2444550
fiqa,44,selection,100,8763,100,glob_probe,best_in_menu_on_eval,0.0,True,,2444550
fiqa,45,recalibration,100,8825,100,ad_probe,ad_c(full_target_scalar_reference),0.00013521454765963448,True,0.054171152058537064,2445550
fiqa,45,selection,100,8825,100,glob_probe,best_in_menu_on_eval,0.0,True,,2445550
fiqa,46,recalibration,100,8961,100,ad_probe,ad_c(full_target_scalar_reference),0.0009423257960355924,True,0.1348868278339257,2446550
fiqa,46,selection,100,8961,100,glob_probe,best_in_menu_on_eval,0.0,True,,2446550
fiqa,47,recalibration,100,9141,100,ad_probe,ad_c(full_target_scalar_reference),9.544229143632066e-05,True,0.010627325475482507,2447550
fiqa,47,selection,100,9141,100,glob_probe,best_in_menu_on_eval,0.0,True,,2447550
fiqa,48,recalibration,100,8850,100,ad_probe,ad_c(full_target_scalar_reference),1.3049546505661258e-05,True,0.0322117435027407,2448550
fiqa,48,selection,100,8850,100,glob_probe,best_in_menu_on_eval,0.0,True,,2448550
fiqa,49,recalibration,100,8979,100,ad_probe,ad_c(full_target_scalar_reference),0.0003096160078455146,True,0.01849920921883097,2449550
fiqa,49,selection,100,8979,100,glob_probe,best_in_menu_on_eval,0.0,True,,2449550
quora,0,recalibration,5,354,5,ad_probe,ad_c(full_target_scalar_reference),0.005360267286616205,False,0.22158820994591655,2000206
quora,0,selection,5,354,5,glob_probe,best_in_menu_on_eval,0.0,True,,2000206
quora,1,recalibration,5,392,5,ad_probe,ad_c(full_target_scalar_reference),0.001048177111861559,True,0.05893743146681396,2001206
quora,1,selection,5,392,5,glob_probe,best_in_menu_on_eval,0.0,True,,2001206
quora,2,recalibration,5,380,5,ad_probe,ad_c(full_target_scalar_reference),0.0015488497694844394,True,0.08736608583469951,2002206
quora,2,selection,5,380,5,glob_probe,best_in_menu_on_eval,0.0,True,,2002206
quora,3,recalibration,5,382,5,ad_probe,ad_c(full_target_scalar_reference),0.0022900316693007516,True,0.08846329823589683,2003206
quora,3,selection,5,382,5,glob_probe,best_in_menu_on_eval,0.0,True,,2003206
quora,4,recalibration,5,365,5,ad_probe,ad_c(full_target_scalar_reference),0.003562606909756627,True,0.15426485294104042,2004206
quora,4,selection,5,365,5,glob_probe,best_in_menu_on_eval,0.0,True,,2004206
quora,5,recalibration,5,334,5,ad_probe,ad_c(full_target_scalar_reference),0.006643486753210359,False,0.35058152353068917,2005206
quora,5,selection,5,334,5,glob_probe,best_in_menu_on_eval,0.0,True,,2005206
quora,6,recalibration,5,350,5,ad_probe,ad_c(full_target_scalar_reference),0.0047560015542554845,True,0.22278297198697217,2006206
quora,6,selection,5,350,5,trunc,best_in_menu_on_eval,0.006594054420272943,True,,2006206
quora,7,recalibration,5,374,5,ad_probe,ad_c(full_target_scalar_reference),0.0013925899526737728,True,0.07589277151583995,2007206
quora,7,selection,5,374,5,glob_probe,best_in_menu_on_eval,0.0,True,,2007206
quora,8,recalibration,5,355,5,ad_probe,ad_c(full_target_scalar_reference),0.0014442140261172742,True,0.08265035947977539,2008206
quora,8,selection,5,355,5,glob_probe,best_in_menu_on_eval,0.0,True,,2008206
quora,9,recalibration,5,342,5,ad_probe,ad_c(full_target_scalar_reference),0.0018580294053627266,True,0.10330612023834485,2009206
quora,9,selection,5,342,5,glob_probe,best_in_menu_on_eval,0.0,True,,2009206
quora,10,recalibration,5,380,5,ad_probe,ad_c(full_target_scalar_reference),0.006069562381121996,False,0.3149452891569907,2010206
quora,10,selection,5,380,5,glob_probe,best_in_menu_on_eval,0.0,True,,2010206
quora,11,recalibration,5,418,5,ad_probe,ad_c(full_target_scalar_reference),0.012760904650389593,False,0.9079053931449707,2011206
quora,11,selection,5,418,5,glob_probe,best_in_menu_on_eval,0.0,True,,2011206
quora,12,recalibration,5,392,5,ad_probe,ad_c(full_target_scalar_reference),0.006354496494799355,False,0.24757111137375343,2012206
quora,12,selection,5,392,5,glob_probe,best_in_menu_on_eval,0.0,True,,2012206
quora,13,recalibration,5,361,5,ad_probe,ad_c(full_target_scalar_reference),0.0027655252802546437,True,0.13744486459870076,2013206
quora,13,selection,5,361,5,glob_probe,best_in_menu_on_eval,0.0,True,,2013206
quora,14,recalibration,5,329,5,ad_probe,ad_c(full_target_scalar_reference),0.004243844995752144,True,0.18465552847637234,2014206
quora,14,selection,5,329,5,glob_probe,best_in_menu_on_eval,0.020417717422683168,False,,2014206
quora,15,recalibration,5,419,5,ad_probe,ad_c(full_target_scalar_reference),0.001958661409966256,True,0.10601166382981064,2015206
quora,15,selection,5,419,5,glob_probe,best_in_menu_on_eval,0.0,True,,2015206
quora,16,recalibration,5,320,5,ad_probe,ad_c(full_target_scalar_reference),0.014357302784649084,False,0.4324094031785108,2016206
quora,16,selection,5,320,5,glob_probe,best_in_menu_on_eval,0.0,True,,2016206
quora,17,recalibration,5,352,5,ad_probe,ad_c(full_target_scalar_reference),0.001973758717432439,True,0.06412042984116328,2017206
quora,17,selection,5,352,5,glob_probe,best_in_menu_on_eval,0.0,True,,2017206
quora,18,recalibration,5,323,5,ad_probe,ad_c(full_target_scalar_reference),0.0023222406275942298,True,0.09248386928178132,2018206
quora,18,selection,5,323,5,glob_probe,best_in_menu_on_eval,0.0,True,,2018206
quora,19,recalibration,5,293,5,ad_probe,ad_c(full_target_scalar_reference),3.5771708597809315e-05,True,0.00027974999968949366,2019206
quora,19,selection,5,293,5,glob_probe,best_in_menu_on_eval,0.0,True,,2019206
quora,20,recalibration,5,360,5,ad_probe,ad_c(full_target_scalar_reference),0.0012326322830130687,True,0.06456401267462608,2020206
quora,20,selection,5,360,5,glob_probe,best_in_menu_on_eval,0.0,True,,2020206
quora,21,recalibration,5,371,5,ad_probe,ad_c(full_target_scalar_reference),0.004287161352721669,True,0.19674573663906336,2021206
quora,21,selection,5,371,5,glob_probe,best_in_menu_on_eval,0.0,True,,2021206
quora,22,recalibration,5,386,5,ad_probe,ad_c(full_target_scalar_reference),0.0013893352041746132,True,0.04323591805462268,2022206
quora,22,selection,5,386,5,glob_probe,best_in_menu_on_eval,0.0,True,,2022206
quora,23,recalibration,5,362,5,ad_probe,ad_c(full_target_scalar_reference),0.001504185323060514,True,0.08545613076386926,2023206
quora,23,selection,5,362,5,glob_probe,best_in_menu_on_eval,0.0,True,,2023206
quora,24,recalibration,5,359,5,ad_probe,ad_c(full_target_scalar_reference),0.010349857651554606,False,0.6737014574790255,2024206
quora,24,selection,5,359,5,ad_probe,best_in_menu_on_eval,0.0061843776106164094,True,,2024206
quora,25,recalibration,5,362,5,ad_probe,ad_c(full_target_scalar_reference),0.001479852564096662,True,0.0835843093084665,2025206
quora,25,selection,5,362,5,glob_probe,best_in_menu_on_eval,0.0,True,,2025206
quora,26,recalibration,5,427,5,ad_probe,ad_c(full_target_scalar_reference),0.003302257822788257,True,0.1328523038800815,2026206
quora,26,selection,5,427,5,glob_probe,best_in_menu_on_eval,0.0,True,,2026206
quora,27,recalibration,5,342,5,ad_probe,ad_c(full_target_scalar_reference),0.008372009198889474,False,0.4646175726705183,2027206
quora,27,selection,5,342,5,glob_probe,best_in_menu_on_eval,0.0,True,,2027206
quora,28,recalibration,5,357,5,ad_probe,ad_c(full_target_scalar_reference),0.004006027967024872,True,0.18053778908785334,2028206
quora,28,selection,5,357,5,glob_probe,best_in_menu_on_eval,0.0,True,,2028206
quora,29,recalibration,5,327,5,ad_probe,ad_c(full_target_scalar_reference),0.013066392353204614,False,0.941920874804791,2029206
quora,29,selection,5,327,5,glob_probe,best_in_menu_on_eval,0.0,True,,2029206
quora,30,recalibration,5,365,5,ad_probe,ad_c(full_target_scalar_reference),0.005789144634488208,False,0.29815440091513035,2030206
quora,30,selection,5,365,5,glob_probe,best_in_menu_on_eval,0.05357967966676669,False,,2030206
quora,31,recalibration,5,389,5,ad_probe,ad_c(full_target_scalar_reference),0.010435246021132216,False,0.6796018691462143,2031206
quora,31,selection,5,389,5,glob_probe,best_in_menu_on_eval,0.004154271349591121,True,,2031206
quora,32,recalibration,5,414,5,ad_probe,ad_c(full_target_scalar_reference),0.000664141353430292,True,0.021654143936563397,2032206
quora,32,selection,5,414,5,glob_probe,best_in_menu_on_eval,0.0,True,,2032206
quora,33,recalibration,5,349,5,ad_probe,ad_c(full_target_scalar_reference),0.0027655252802546437,True,0.13715046279555265,2033206
quora,33,selection,5,349,5,glob_probe,best_in_menu_on_eval,0.0,True,,2033206
quora,34,recalibration,5,377,5,ad_probe,ad_c(full_target_scalar_reference),0.0036020986258936682,True,0.1513241974930878,2034206
quora,34,selection,5,377,5,glob_probe,best_in_menu_on_eval,0.0,True,,2034206
quora,35,recalibration,5,395,5,ad_probe,ad_c(full_target_scalar_reference),0.002407353613474328,True,0.12104742198853768,2035206
quora,35,selection,5,395,5,glob_probe,best_in_menu_on_eval,0.0,True,,2035206
quora,36,recalibration,5,341,5,ad_probe,ad_c(full_target_scalar_reference),0.0054641658071363786,False,0.22276928721654554,2036206
quora,36,selection,5,341,5,glob_probe,best_in_menu_on_eval,0.0,True,,2036206
quora,37,recalibration,5,314,5,ad_probe,ad_c(full_target_scalar_reference),0.0015488497694843284,True,0.08706040594806219,2037206
quora,37,selection,5,314,5,glob_probe,best_in_menu_on_eval,0.0,True,,2037206
quora,38,recalibration,5,358,5,ad_probe,ad_c(full_target_scalar_reference),0.009835509814973165,False,0.578563741263764,2038206
quora,38,selection,5,358,5,glob_probe,best_in_menu_on_eval,0.0900707661514929,False,,2038206
quora,39,recalibration,5,350,5,ad_probe,ad_c(full_target_scalar_reference),0.007004121671674635,False,0.37942838584275107,2039206
quora,39,selection,5,350,5,glob_probe,best_in_menu_on_eval,0.0,True,,2039206
quora,40,recalibration,5,367,5,ad_probe,ad_c(full_target_scalar_reference),0.002627811883410547,True,0.12945785109576602,2040206
quora,40,selection,5,367,5,glob_probe,best_in_menu_on_eval,0.0,True,,2040206
quora,41,recalibration,5,335,5,ad_probe,ad_c(full_target_scalar_reference),0.0041518706892033075,True,0.18403443105449357,2041206
quora,41,selection,5,335,5,glob_probe,best_in_menu_on_eval,0.0,True,,2041206
quora,42,recalibration,5,378,5,ad_probe,ad_c(full_target_scalar_reference),0.0019939795625050216,True,0.06596838109334324,2042206
quora,42,selection,5,378,5,glob_probe,best_in_menu_on_eval,0.0,True,,2042206
quora,43,recalibration,5,348,5,ad_probe,ad_c(full_target_scalar_reference),0.005457581667874245,False,0.22463025759814037,2043206
quora,43,selection,5,348,5,glob_probe,best_in_menu_on_eval,0.0,True,,2043206
quora,44,recalibration,5,333,5,ad_probe,ad_c(full_target_scalar_reference),0.012790778115232104,False,0.3991078866389735,2044206
quora,44,selection,5,333,5,glob_probe,best_in_menu_on_eval,0.0,True,,2044206
quora,45,recalibration,5,327,5,ad_probe,ad_c(full_target_scalar_reference),0.0007685651756872414,True,0.029669968686604542,2045206
quora,45,selection,5,327,5,glob_probe,best_in_menu_on_eval,0.0,True,,2045206
quora,46,recalibration,5,359,5,ad_probe,ad_c(full_target_scalar_reference),0.004641845865527183,True,0.20583856495015762,2046206
quora,46,selection,5,359,5,glob_probe,best_in_menu_on_eval,0.0,True,,2046206
quora,47,recalibration,5,354,5,ad_probe,ad_c(full_target_scalar_reference),0.0073281600981690564,False,0.39052431688118194,2047206
quora,47,selection,5,354,5,glob_probe,best_in_menu_on_eval,0.0,True,,2047206
quora,48,recalibration,5,384,5,ad_probe,ad_c(full_target_scalar_reference),0.00896999266127041,False,0.5068326178212869,2048206
quora,48,selection,5,384,5,glob_probe,best_in_menu_on_eval,0.0,True,,2048206
quora,49,recalibration,5,322,5,ad_probe,ad_c(full_target_scalar_reference),0.007759005443570999,False,0.28525909291330753,2049206
quora,49,selection,5,322,5,glob_probe,best_in_menu_on_eval,0.0,True,,2049206
quora,0,recalibration,10,703,10,ad_probe,ad_c(full_target_scalar_reference),0.0032998723488678605,True,0.13306857957655993,163
quora,0,selection,10,703,10,glob_probe,best_in_menu_on_eval,0.0,True,,163
quora,1,recalibration,10,717,10,ad_probe,ad_c(full_target_scalar_reference),0.005677238227957404,False,0.23352692546813714,1163
quora,1,selection,10,717,10,glob_probe,best_in_menu_on_eval,0.0,True,,1163
quora,2,recalibration,10,653,10,ad_probe,ad_c(full_target_scalar_reference),0.003027606464989896,True,0.14321576404590997,2163
quora,2,selection,10,653,10,glob_probe,best_in_menu_on_eval,0.0,True,,2163
quora,3,recalibration,10,721,10,ad_probe,ad_c(full_target_scalar_reference),0.003668305414707862,True,0.16457437852845846,3163
quora,3,selection,10,721,10,glob_probe,best_in_menu_on_eval,0.0,True,,3163
quora,4,recalibration,10,776,10,ad_probe,ad_c(full_target_scalar_reference),0.001720092655744243,True,0.09488384281212647,4163
quora,4,selection,10,776,10,glob_probe,best_in_menu_on_eval,0.0,True,,4163
quora,5,recalibration,10,729,10,ad_probe,ad_c(full_target_scalar_reference),0.004701206973785732,True,0.20560425293349527,5163
quora,5,selection,10,729,10,glob_probe,best_in_menu_on_eval,0.0,True,,5163
quora,6,recalibration,10,690,10,ad_probe,ad_c(full_target_scalar_reference),0.004235351392906206,True,0.19072405504877088,6163
quora,6,selection,10,690,10,glob_probe,best_in_menu_on_eval,0.0,True,,6163
quora,7,recalibration,10,711,10,ad_probe,ad_c(full_target_scalar_reference),0.00577812256678667,False,0.29463653360176323,7163
quora,7,selection,10,711,10,glob_probe,best_in_menu_on_eval,0.0,True,,7163
quora,8,recalibration,10,698,10,ad_probe,ad_c(full_target_scalar_reference),0.004150440055031401,True,0.1828753211689439,8163
quora,8,selection,10,698,10,glob_probe,best_in_menu_on_eval,0.0,True,,8163
quora,9,recalibration,10,756,10,ad_probe,ad_c(full_target_scalar_reference),0.0018968142346378336,True,0.11157433738926092,9163
quora,9,selection,10,756,10,glob_probe,best_in_menu_on_eval,0.053580173858334246,False,,9163
quora,10,recalibration,10,723,10,ad_probe,ad_c(full_target_scalar_reference),0.009955340854607364,False,0.3424497243379051,10163
quora,10,selection,10,723,10,glob_probe,best_in_menu_on_eval,0.0,True,,10163
quora,11,recalibration,10,698,10,ad_probe,ad_c(full_target_scalar_reference),0.004720745514826374,True,0.2055150117623915,11163
quora,11,selection,10,698,10,glob_probe,best_in_menu_on_eval,0.0,True,,11163
quora,12,recalibration,10,852,10,ad_probe,ad_c(full_target_scalar_reference),0.011726090555776891,False,0.7880046840107474,12163
quora,12,selection,10,852,10,glob_probe,best_in_menu_on_eval,0.0,True,,12163
quora,13,recalibration,10,642,10,ad_probe,ad_c(full_target_scalar_reference),0.003824014277615584,True,0.1691823393780677,13163
quora,13,selection,10,642,10,glob_probe,best_in_menu_on_eval,0.0,True,,13163
quora,14,recalibration,10,734,10,ad_probe,ad_c(full_target_scalar_reference),0.00154962496956923,True,0.08670215389888825,14163
quora,14,selection,10,734,10,glob_probe,best_in_menu_on_eval,0.0,True,,14163
quora,15,recalibration,10,714,10,ad_probe,ad_c(full_target_scalar_reference),0.00019123878261684268,True,0.011657665406587747,15163
quora,15,selection,10,714,10,glob_probe,best_in_menu_on_eval,0.0,True,,15163
quora,16,recalibration,10,766,10,ad_probe,ad_c(full_target_scalar_reference),0.0076195037908693974,False,0.4191396264766202,16163
quora,16,selection,10,766,10,glob_probe,best_in_menu_on_eval,0.0,True,,16163
quora,17,recalibration,10,788,10,ad_probe,ad_c(full_target_scalar_reference),0.004783913850896493,True,0.23023628053566492,17163
quora,17,selection,10,788,10,glob_probe,best_in_menu_on_eval,0.0,True,,17163
quora,18,recalibration,10,747,10,ad_probe,ad_c(full_target_scalar_reference),0.009808265744414513,False,0.3357133888758974,18163
quora,18,selection,10,747,10,glob_probe,best_in_menu_on_eval,0.0,True,,18163
quora,19,recalibration,10,707,10,ad_probe,ad_c(full_target_scalar_reference),0.0020741106062661663,True,0.07212355371712953,19163
quora,19,selection,10,707,10,glob_probe,best_in_menu_on_eval,0.0,True,,19163
quora,20,recalibration,10,722,10,ad_probe,ad_c(full_target_scalar_reference),0.001234340488905028,True,0.06753947085028222,20163
quora,20,selection,10,722,10,glob_probe,best_in_menu_on_eval,0.0,True,,20163
quora,21,recalibration,10,811,10,ad_probe,ad_c(full_target_scalar_reference),0.0029404755570561214,True,0.1193721428796316,21163
quora,21,selection,10,811,10,glob_probe,best_in_menu_on_eval,0.0,True,,21163
quora,22,recalibration,10,786,10,ad_probe,ad_c(full_target_scalar_reference),0.002116589857242168,True,0.07989982449744726,22163
quora,22,selection,10,786,10,glob_probe,best_in_menu_on_eval,0.0,True,,22163
quora,23,recalibration,10,755,10,ad_probe,ad_c(full_target_scalar_reference),0.005389348895301849,False,0.2592248138779233,23163
quora,23,selection,10,755,10,glob_probe,best_in_menu_on_eval,0.053590857098005484,False,,23163
quora,24,recalibration,10,744,10,ad_probe,ad_c(full_target_scalar_reference),0.003914680896322298,True,0.17171164389374638,24163
quora,24,selection,10,744,10,glob_probe,best_in_menu_on_eval,0.010339322962334752,False,,24163
quora,25,recalibration,10,791,10,ad_probe,ad_c(full_target_scalar_reference),0.004709828194822685,True,0.2178442127417869,25163
quora,25,selection,10,791,10,glob_probe,best_in_menu_on_eval,0.0,True,,25163
quora,26,recalibration,10,799,10,ad_probe,ad_c(full_target_scalar_reference),0.005636877066108825,False,0.2782940839328528,26163
quora,26,selection,10,799,10,glob_probe,best_in_menu_on_eval,0.0,True,,26163
quora,27,recalibration,10,833,10,ad_probe,ad_c(full_target_scalar_reference),0.011361171457202612,False,0.7549743049578493,27163
quora,27,selection,10,833,10,glob_probe,best_in_menu_on_eval,0.0,True,,27163
quora,28,recalibration,10,713,10,ad_probe,ad_c(full_target_scalar_reference),0.005843993599138453,False,0.3072922528323744,28163
quora,28,selection,10,713,10,glob_probe,best_in_menu_on_eval,0.0,True,,28163
quora,29,recalibration,10,806,10,ad_probe,ad_c(full_target_scalar_reference),0.00032401946476889876,True,0.01513569164798112,29163
quora,29,selection,10,806,10,glob_probe,best_in_menu_on_eval,0.0,True,,29163
quora,30,recalibration,10,747,10,ad_probe,ad_c(full_target_scalar_reference),0.003307758292586116,True,0.1352472163968227,30163
quora,30,selection,10,747,10,glob_probe,best_in_menu_on_eval,0.0,True,,30163
quora,31,recalibration,10,728,10,ad_probe,ad_c(full_target_scalar_reference),0.00018365061014957718,True,0.0058100121706563534,31163
quora,31,selection,10,728,10,glob_probe,best_in_menu_on_eval,0.0,True,,31163
quora,32,recalibration,10,749,10,ad_probe,ad_c(full_target_scalar_reference),0.005995607656665514,False,0.23682374078742863,32163
quora,32,selection,10,749,10,glob_probe,best_in_menu_on_eval,0.0,True,,32163
quora,33,recalibration,10,713,10,ad_probe,ad_c(full_target_scalar_reference),0.004051143752601072,True,0.18105140412776788,33163
quora,33,selection,10,713,10,glob_probe,best_in_menu_on_eval,0.0,True,,33163
quora,34,recalibration,10,756,10,ad_probe,ad_c(full_target_scalar_reference),0.0012398470127372718,True,0.07119786266601846,34163
quora,34,selection,10,756,10,glob_probe,best_in_menu_on_eval,0.0,True,,34163
quora,35,recalibration,10,753,10,ad_probe,ad_c(full_target_scalar_reference),0.0060726002001314505,False,0.3150980017901418,35163
quora,35,selection,10,753,10,glob_probe,best_in_menu_on_eval,0.0,True,,35163
quora,36,recalibration,10,747,10,ad_probe,ad_c(full_target_scalar_reference),0.0016277184402725409,True,0.051515905904493176,36163
quora,36,selection,10,747,10,glob_probe,best_in_menu_on_eval,0.0,True,,36163
quora,37,recalibration,10,745,10,ad_probe,ad_c(full_target_scalar_reference),0.003679763999572927,True,0.1574466793615551,37163
quora,37,selection,10,745,10,glob_probe,best_in_menu_on_eval,0.0,True,,37163
quora,38,recalibration,10,784,10,ad_probe,ad_c(full_target_scalar_reference),0.00917072435135624,False,0.5291566972731937,38163
quora,38,selection,10,784,10,glob_probe,best_in_menu_on_eval,0.0,True,,38163
quora,39,recalibration,10,727,10,ad_probe,ad_c(full_target_scalar_reference),0.006997979589255743,False,0.3770902509023165,39163
quora,39,selection,10,727,10,glob_probe,best_in_menu_on_eval,0.0,True,,39163
quora,40,recalibration,10,697,10,ad_probe,ad_c(full_target_scalar_reference),0.0027664575708379324,True,0.11019687173817949,40163
quora,40,selection,10,697,10,glob_probe,best_in_menu_on_eval,0.0,True,,40163
quora,41,recalibration,10,715,10,ad_probe,ad_c(full_target_scalar_reference),0.0020794679109611414,True,0.06834527320024952,41163
quora,41,selection,10,715,10,glob_probe,best_in_menu_on_eval,0.0,True,,41163
quora,42,recalibration,10,711,10,ad_probe,ad_c(full_target_scalar_reference),0.0015496249695691189,True,0.08675969566973418,42163
quora,42,selection,10,711,10,glob_probe,best_in_menu_on_eval,0.0,True,,42163
quora,43,recalibration,10,751,10,ad_probe,ad_c(full_target_scalar_reference),0.005723515948068303,False,0.28421397869551523,43163
quora,43,selection,10,751,10,glob_probe,best_in_menu_on_eval,0.0,True,,43163
quora,44,recalibration,10,683,10,ad_probe,ad_c(full_target_scalar_reference),0.004183368087314898,True,0.18661591693920598,44163
quora,44,selection,10,683,10,glob_probe,best_in_menu_on_eval,0.0,True,,44163
quora,45,recalibration,10,710,10,ad_probe,ad_c(full_target_scalar_reference),0.003824014277615917,True,0.16919920882100914,45163
quora,45,selection,10,710,10,glob_probe,best_in_menu_on_eval,0.0,True,,45163
quora,46,recalibration,10,783,10,ad_probe,ad_c(full_target_scalar_reference),0.004709828194822463,True,0.21832227009733718,46163
quora,46,selection,10,783,10,glob_probe,best_in_menu_on_eval,0.0,True,,46163
quora,47,recalibration,10,765,10,ad_probe,ad_c(full_target_scalar_reference),0.0020761611934833057,True,0.07763530751229286,47163
quora,47,selection,10,765,10,glob_probe,best_in_menu_on_eval,0.0,True,,47163
quora,48,recalibration,10,707,10,ad_probe,ad_c(full_target_scalar_reference),0.006467211675687978,False,0.3441062646218519,48163
quora,48,selection,10,707,10,glob_probe,best_in_menu_on_eval,0.0,True,,48163
quora,49,recalibration,10,726,10,ad_probe,ad_c(full_target_scalar_reference),0.0001662653373710743,True,0.009780622868204358,49163
quora,49,selection,10,726,10,glob_probe,best_in_menu_on_eval,0.0,True,,49163
quora,0,recalibration,20,1475,20,ad_probe,ad_c(full_target_scalar_reference),0.0003550629308037845,True,0.015687183214136202,2200732
quora,0,selection,20,1475,20,glob_probe,best_in_menu_on_eval,0.0,True,,2200732
quora,1,recalibration,20,1444,20,ad_probe,ad_c(full_target_scalar_reference),0.004270124355058469,True,0.19297559071207926,2201732
quora,1,selection,20,1444,20,glob_probe,best_in_menu_on_eval,0.0,True,,2201732
quora,2,recalibration,20,1525,20,ad_probe,ad_c(full_target_scalar_reference),0.0010581545876012788,True,0.033380425173251016,2202732
quora,2,selection,20,1525,20,glob_probe,best_in_menu_on_eval,0.0,True,,2202732
quora,3,recalibration,20,1451,20,ad_probe,ad_c(full_target_scalar_reference),0.0004254158774464889,True,0.014404020967512698,2203732
quora,3,selection,20,1451,20,glob_probe,best_in_menu_on_eval,0.0,True,,2203732
quora,4,recalibration,20,1400,20,ad_probe,ad_c(full_target_scalar_reference),0.006485474677220049,False,0.2532537433480063,2204732
quora,4,selection,20,1400,20,glob_probe,best_in_menu_on_eval,0.0,True,,2204732
quora,5,recalibration,20,1488,20,ad_probe,ad_c(full_target_scalar_reference),0.0007827684534348345,True,0.032261713426233185,2205732
quora,5,selection,20,1488,20,glob_probe,best_in_menu_on_eval,0.0,True,,2205732
quora,6,recalibration,20,1460,20,ad_probe,ad_c(full_target_scalar_reference),0.00016643193590548666,True,0.009631149901806912,2206732
quora,6,selection,20,1460,20,glob_probe,best_in_menu_on_eval,0.0,True,,2206732
quora,7,recalibration,20,1333,20,ad_probe,ad_c(full_target_scalar_reference),0.0012355773030221506,True,0.06855915009582969,2207732
quora,7,selection,20,1333,20,glob_probe,best_in_menu_on_eval,0.0,True,,2207732
quora,8,recalibration,20,1367,20,ad_probe,ad_c(full_target_scalar_reference),0.005199280086068625,False,0.21671134925544566,2208732
quora,8,selection,20,1367,20,glob_probe,best_in_menu_on_eval,0.0,True,,2208732
quora,9,recalibration,20,1441,20,ad_probe,ad_c(full_target_scalar_reference),0.0013916193200961269,True,0.04139064896012834,2209732
quora,9,selection,20,1441,20,glob_probe,best_in_menu_on_eval,0.0,True,,2209732
quora,10,recalibration,20,1501,20,ad_probe,ad_c(full_target_scalar_reference),0.0016904164108932918,True,0.056205250299189324,2210732
quora,10,selection,20,1501,20,glob_probe,best_in_menu_on_eval,0.0,True,,2210732
quora,11,recalibration,20,1497,20,ad_probe,ad_c(full_target_scalar_reference),0.0015583151110967197,True,0.08936642766133618,2211732
quora,11,selection,20,1497,20,glob_probe,best_in_menu_on_eval,0.0,True,,2211732
quora,12,recalibration,20,1590,20,ad_probe,ad_c(full_target_scalar_reference),0.001725769034960134,True,0.0944137942789981,2212732
quora,12,selection,20,1590,20,glob_probe,best_in_menu_on_eval,0.0,True,,2212732
quora,13,recalibration,20,1379,20,ad_probe,ad_c(full_target_scalar_reference),0.0025003745640915787,True,0.12668624856488486,2213732
quora,13,selection,20,1379,20,glob_probe,best_in_menu_on_eval,0.0,True,,2213732
quora,14,recalibration,20,1392,20,ad_probe,ad_c(full_target_scalar_reference),0.0041436365997398195,True,0.18466260267571732,2214732
quora,14,selection,20,1392,20,glob_probe,best_in_menu_on_eval,0.0,True,,2214732
quora,15,recalibration,20,1558,20,ad_probe,ad_c(full_target_scalar_reference),0.0014731360238383617,True,0.08325278583971218,2215732
quora,15,selection,20,1558,20,glob_probe,best_in_menu_on_eval,0.0,True,,2215732
quora,16,recalibration,20,1448,20,ad_probe,ad_c(full_target_scalar_reference),0.0013823956548048022,True,0.044909899943511467,2216732
quora,16,selection,20,1448,20,trunc,best_in_menu_on_eval,0.017822718491533496,False,,2216732
quora,17,recalibration,20,1397,20,ad_probe,ad_c(full_target_scalar_reference),0.001828174457064291,True,0.060337897269580276,2217732
quora,17,selection,20,1397,20,glob_probe,best_in_menu_on_eval,0.0,True,,2217732
quora,18,recalibration,20,1511,20,ad_probe,ad_c(full_target_scalar_reference),0.0032634704017341365,True,0.13247113090225693,2218732
quora,18,selection,20,1511,20,glob_probe,best_in_menu_on_eval,0.0,True,,2218732
quora,19,recalibration,20,1520,20,ad_probe,ad_c(full_target_scalar_reference),0.0005888261760282898,True,0.019550708483070944,2219732
quora,19,selection,20,1520,20,glob_probe,best_in_menu_on_eval,0.0,True,,2219732
quora,20,recalibration,20,1378,20,ad_probe,ad_c(full_target_scalar_reference),0.006192612190627389,False,0.24132182754779896,2220732
quora,20,selection,20,1378,20,glob_probe,best_in_menu_on_eval,0.0,True,,2220732
quora,21,recalibration,20,1522,20,ad_probe,ad_c(full_target_scalar_reference),0.0012209984991591316,True,0.0630739772285609,2221732
quora,21,selection,20,1522,20,glob_probe,best_in_menu_on_eval,0.0,True,,2221732
quora,22,recalibration,20,1489,20,ad_probe,ad_c(full_target_scalar_reference),0.000546459395919463,True,0.016430578740158408,2222732
quora,22,selection,20,1489,20,glob_probe,best_in_menu_on_eval,0.0,True,,2222732
quora,23,recalibration,20,1602,20,ad_probe,ad_c(full_target_scalar_reference),0.0025771639244095423,True,0.10529766680309238,2223732
quora,23,selection,20,1602,20,glob_probe,best_in_menu_on_eval,0.0,True,,2223732
quora,24,recalibration,20,1400,20,ad_probe,ad_c(full_target_scalar_reference),0.0007788156139543201,True,0.030612998463328767,2224732
quora,24,selection,20,1400,20,glob_probe,best_in_menu_on_eval,0.05362896313347376,False,,2224732
quora,25,recalibration,20,1541,20,ad_probe,ad_c(full_target_scalar_reference),0.004080372814189603,True,0.17937821053924508,2225732
quora,25,selection,20,1541,20,glob_probe,best_in_menu_on_eval,0.0,True,,2225732
quora,26,recalibration,20,1426,20,ad_probe,ad_c(full_target_scalar_reference),0.0006800945739576791,True,0.02205526403478142,2226732
quora,26,selection,20,1426,20,glob_probe,best_in_menu_on_eval,0.0,True,,2226732
quora,27,recalibration,20,1462,20,ad_probe,ad_c(full_target_scalar_reference),0.004728165542403295,True,0.23327054143439707,2227732
quora,27,selection,20,1462,20,glob_probe,best_in_menu_on_eval,0.0,True,,2227732
quora,28,recalibration,20,1385,20,ad_probe,ad_c(full_target_scalar_reference),0.0003566552788103472,True,0.009265915343722342,2228732
quora,28,selection,20,1385,20,glob_probe,best_in_menu_on_eval,0.0,True,,2228732
quora,29,recalibration,20,1447,20,ad_probe,ad_c(full_target_scalar_reference),0.0006727121580007989,True,0.023484672372454996,2229732
quora,29,selection,20,1447,20,trunc,best_in_menu_on_eval,0.01783118671323969,False,,2229732
quora,30,recalibration,20,1542,20,ad_probe,ad_c(full_target_scalar_reference),0.002769229572411769,True,0.11065326003503428,2230732
quora,30,selection,20,1542,20,glob_probe,best_in_menu_on_eval,0.0,True,,2230732
quora,31,recalibration,20,1423,20,ad_probe,ad_c(full_target_scalar_reference),0.0016714596474075583,True,0.0931781468335876,2231732
quora,31,selection,20,1423,20,glob_probe,best_in_menu_on_eval,0.0,True,,2231732
quora,32,recalibration,20,1570,20,ad_probe,ad_c(full_target_scalar_reference),0.004086347081757813,True,0.17808354812531346,2232732
quora,32,selection,20,1570,20,glob_probe,best_in_menu_on_eval,0.0,True,,2232732
quora,33,recalibration,20,1507,20,ad_probe,ad_c(full_target_scalar_reference),0.005403905574562939,False,0.25806118846804915,2233732
quora,33,selection,20,1507,20,glob_probe,best_in_menu_on_eval,0.0,True,,2233732
quora,34,recalibration,20,1381,20,ad_probe,ad_c(full_target_scalar_reference),0.004277931009864511,True,0.19698622186313186,2234732
quora,34,selection,20,1381,20,glob_probe,best_in_menu_on_eval,0.0,True,,2234732
quora,35,recalibration,20,1460,20,ad_probe,ad_c(full_target_scalar_reference),0.0025757139296954668,True,0.13055807997596347,2235732
quora,35,selection,20,1460,20,glob_probe,best_in_menu_on_eval,0.0,True,,2235732
quora,36,recalibration,20,1458,20,ad_probe,ad_c(full_target_scalar_reference),0.002974506092764173,True,0.12084621648771743,2236732
quora,36,selection,20,1458,20,glob_probe,best_in_menu_on_eval,0.0,True,,2236732
quora,37,recalibration,20,1448,20,ad_probe,ad_c(full_target_scalar_reference),0.005407303551217879,False,0.2190941882647851,2237732
quora,37,selection,20,1448,20,glob_probe,best_in_menu_on_eval,0.0,True,,2237732
quora,38,recalibration,20,1395,20,ad_probe,ad_c(full_target_scalar_reference),0.0013198642947055417,True,0.038225063127140246,2238732
quora,38,selection,20,1395,20,glob_probe,best_in_menu_on_eval,0.0,True,,2238732
quora,39,recalibration,20,1377,20,ad_probe,ad_c(full_target_scalar_reference),0.0009579632865455157,True,0.05416729514772267,2239732
quora,39,selection,20,1377,20,glob_probe,best_in_menu_on_eval,0.0,True,,2239732
quora,40,recalibration,20,1442,20,ad_probe,ad_c(full_target_scalar_reference),0.0003962858132117164,True,0.011465974945913948,2240732
quora,40,selection,20,1442,20,glob_probe,best_in_menu_on_eval,0.0,True,,2240732
quora,41,recalibration,20,1426,20,ad_probe,ad_c(full_target_scalar_reference),0.0021446524154697943,True,0.07811958197467084,2241732
quora,41,selection,20,1426,20,glob_probe,best_in_menu_on_eval,0.0,True,,2241732
quora,42,recalibration,20,1506,20,ad_probe,ad_c(full_target_scalar_reference),0.0012410893444131377,True,0.0698876710847749,2242732
quora,42,selection,20,1506,20,glob_probe,best_in_menu_on_eval,0.0,True,,2242732
quora,43,recalibration,20,1533,20,ad_probe,ad_c(full_target_scalar_reference),0.0009420876485494167,True,0.0485460120297212,2243732
quora,43,selection,20,1533,20,glob_probe,best_in_menu_on_eval,0.0,True,,2243732
quora,44,recalibration,20,1496,20,ad_probe,ad_c(full_target_scalar_reference),0.0009010444874318901,True,0.03766412599250446,2244732
quora,44,selection,20,1496,20,glob_probe,best_in_menu_on_eval,0.0,True,,2244732
quora,45,recalibration,20,1550,20,ad_probe,ad_c(full_target_scalar_reference),0.004082418409466548,True,0.18236423315709305,2245732
quora,45,selection,20,1550,20,glob_probe,best_in_menu_on_eval,0.0,True,,2245732
quora,46,recalibration,20,1393,20,ad_probe,ad_c(full_target_scalar_reference),0.0003259364815774157,True,0.009123614231054789,2246732
quora,46,selection,20,1393,20,glob_probe,best_in_menu_on_eval,0.0,True,,2246732
quora,47,recalibration,20,1431,20,ad_probe,ad_c(full_target_scalar_reference),0.0031461613836359925,True,0.1287489948905185,2247732
quora,47,selection,20,1431,20,glob_probe,best_in_menu_on_eval,0.0,True,,2247732
quora,48,recalibration,20,1415,20,ad_probe,ad_c(full_target_scalar_reference),0.0020752285015778194,True,0.11346872105328543,2248732
quora,48,selection,20,1415,20,glob_probe,best_in_menu_on_eval,0.02051368487649441,False,,2248732
quora,49,recalibration,20,1465,20,ad_probe,ad_c(full_target_scalar_reference),0.002394249841229046,True,0.09380110938452957,2249732
quora,49,selection,20,1465,20,glob_probe,best_in_menu_on_eval,0.0,True,,2249732
quora,0,recalibration,50,3455,50,ad_probe,ad_c(full_target_scalar_reference),0.0009552580245300035,True,0.05709448130014294,2300363
quora,0,selection,50,3455,50,glob_probe,best_in_menu_on_eval,0.0,True,,2300363
quora,1,recalibration,50,3723,50,ad_probe,ad_c(full_target_scalar_reference),0.004346707270068029,True,0.18995863215797326,2301363
quora,1,selection,50,3723,50,glob_probe,best_in_menu_on_eval,0.0,True,,2301363
quora,2,recalibration,50,3547,50,ad_probe,ad_c(full_target_scalar_reference),0.0023362677842376778,True,0.09070893833128846,2302363
quora,2,selection,50,3547,50,glob_probe,best_in_menu_on_eval,0.0,True,,2302363
quora,3,recalibration,50,3550,50,ad_probe,ad_c(full_target_scalar_reference),0.00019791600427143674,True,0.007382538299606889,2303363
quora,3,selection,50,3550,50,glob_probe,best_in_menu_on_eval,0.0,True,,2303363
quora,4,recalibration,50,3630,50,ad_probe,ad_c(full_target_scalar_reference),0.0018040891892716626,True,0.05933198764336678,2304363
quora,4,selection,50,3630,50,glob_probe,best_in_menu_on_eval,0.0,True,,2304363
quora,5,recalibration,50,3663,50,ad_probe,ad_c(full_target_scalar_reference),0.0005357668428758178,True,0.017562180152901674,2305363
quora,5,selection,50,3663,50,glob_probe,best_in_menu_on_eval,0.0,True,,2305363
quora,6,recalibration,50,3729,50,ad_probe,ad_c(full_target_scalar_reference),0.003930418306960837,True,0.17149365206349043,2306363
quora,6,selection,50,3729,50,glob_probe,best_in_menu_on_eval,0.0,True,,2306363
quora,7,recalibration,50,3476,50,ad_probe,ad_c(full_target_scalar_reference),0.003615801963738452,True,0.15913869790979518,2307363
quora,7,selection,50,3476,50,glob_probe,best_in_menu_on_eval,0.0,True,,2307363
quora,8,recalibration,50,3708,50,ad_probe,ad_c(full_target_scalar_reference),0.0017853698804239926,True,0.10254116608523034,2308363
quora,8,selection,50,3708,50,glob_probe,best_in_menu_on_eval,0.0,True,,2308363
quora,9,recalibration,50,3674,50,ad_probe,ad_c(full_target_scalar_reference),2.1474347808192462e-05,True,0.0033222011967700693,2309363
quora,9,selection,50,3674,50,glob_probe,best_in_menu_on_eval,0.0,True,,2309363
quora,10,recalibration,50,3668,50,ad_probe,ad_c(full_target_scalar_reference),0.001555854617688146,True,0.08762706146458121,2310363
quora,10,selection,50,3668,50,glob_probe,best_in_menu_on_eval,0.0,True,,2310363
quora,11,recalibration,50,3732,50,ad_probe,ad_c(full_target_scalar_reference),0.0014485002784992984,True,0.08053425027484928,2311363
quora,11,selection,50,3732,50,glob_probe,best_in_menu_on_eval,0.0,True,,2311363
quora,12,recalibration,50,3584,50,ad_probe,ad_c(full_target_scalar_reference),0.0017462147724590649,True,0.10011131598327982,2312363
quora,12,selection,50,3584,50,glob_probe,best_in_menu_on_eval,0.0,True,,2312363
quora,13,recalibration,50,3866,50,ad_probe,ad_c(full_target_scalar_reference),0.0033810868439702046,True,0.1391162543315495,2313363
quora,13,selection,50,3866,50,glob_probe,best_in_menu_on_eval,0.0,True,,2313363
quora,14,recalibration,50,3448,50,ad_probe,ad_c(full_target_scalar_reference),5.152271465491687e-05,True,0.006488933660938945,2314363
quora,14,selection,50,3448,50,glob_probe,best_in_menu_on_eval,0.010432660706416907,False,,2314363
quora,15,recalibration,50,3657,50,ad_probe,ad_c(full_target_scalar_reference),0.0010121323377615399,True,0.027628564378819775,2315363
quora,15,selection,50,3657,50,glob_probe,best_in_menu_on_eval,0.0,True,,2315363
quora,16,recalibration,50,3671,50,ad_probe,ad_c(full_target_scalar_reference),0.0003986249129476205,True,0.016262390558286044,2316363
quora,16,selection,50,3671,50,glob_probe,best_in_menu_on_eval,0.0,True,,2316363
quora,17,recalibration,50,3757,50,ad_probe,ad_c(full_target_scalar_reference),0.0027267176941190296,True,0.1083225917045918,2317363
quora,17,selection,50,3757,50,glob_probe,best_in_menu_on_eval,0.0,True,,2317363
quora,18,recalibration,50,3517,50,ad_probe,ad_c(full_target_scalar_reference),0.0011744286453877484,True,0.06183024894668565,2318363
quora,18,selection,50,3517,50,glob_probe,best_in_menu_on_eval,0.0,True,,2318363
quora,19,recalibration,50,3736,50,ad_probe,ad_c(full_target_scalar_reference),0.0014799443250924638,True,0.04779975599262232,2319363
quora,19,selection,50,3736,50,glob_probe,best_in_menu_on_eval,0.0,True,,2319363
quora,20,recalibration,50,3669,50,ad_probe,ad_c(full_target_scalar_reference),0.0001704134086314424,True,0.005334370194258642,2320363
quora,20,selection,50,3669,50,glob_probe,best_in_menu_on_eval,0.0,True,,2320363
quora,21,recalibration,50,3516,50,ad_probe,ad_c(full_target_scalar_reference),0.0014493956947378983,True,0.08491245039618855,2321363
quora,21,selection,50,3516,50,glob_probe,best_in_menu_on_eval,0.0,True,,2321363
quora,22,recalibration,50,3646,50,ad_probe,ad_c(full_target_scalar_reference),0.0018560950055712677,True,0.060747112284619376,2322363
quora,22,selection,50,3646,50,glob_probe,best_in_menu_on_eval,0.0,True,,2322363
quora,23,recalibration,50,3679,50,ad_probe,ad_c(full_target_scalar_reference),0.0023392682755675187,True,0.0874599974051593,2323363
quora,23,selection,50,3679,50,glob_probe,best_in_menu_on_eval,0.0,True,,2323363
quora,24,recalibration,50,3527,50,ad_probe,ad_c(full_target_scalar_reference),0.0016871118026413612,True,0.09323738455352559,2324363
quora,24,selection,50,3527,50,glob_probe,best_in_menu_on_eval,0.0,True,,2324363
quora,25,recalibration,50,3717,50,ad_probe,ad_c(full_target_scalar_reference),0.0021051283939140797,True,0.08082334562469129,2325363
quora,25,selection,50,3717,50,glob_probe,best_in_menu_on_eval,0.0,True,,2325363
quora,26,recalibration,50,3809,50,ad_probe,ad_c(full_target_scalar_reference),0.0024098642597175646,True,0.09402993779573598,2326363
quora,26,selection,50,3809,50,glob_probe,best_in_menu_on_eval,0.0,True,,2326363
quora,27,recalibration,50,3527,50,ad_probe,ad_c(full_target_scalar_reference),0.0010140808704556248,True,0.044301103860250435,2327363
quora,27,selection,50,3527,50,glob_probe,best_in_menu_on_eval,0.0,True,,2327363
quora,28,recalibration,50,3625,50,ad_probe,ad_c(full_target_scalar_reference),0.0009037612044792143,True,0.038757170213939096,2328363
quora,28,selection,50,3625,50,glob_probe,best_in_menu_on_eval,0.0,True,,2328363
quora,29,recalibration,50,3554,50,ad_probe,ad_c(full_target_scalar_reference),0.0014473311466659533,True,0.07656654396154072,2329363
quora,29,selection,50,3554,50,glob_probe,best_in_menu_on_eval,0.0,True,,2329363
quora,30,recalibration,50,3519,50,ad_probe,ad_c(full_target_scalar_reference),0.0025546799969792255,True,0.1059952776217965,2330363
quora,30,selection,50,3519,50,glob_probe,best_in_menu_on_eval,0.0,True,,2330363
quora,31,recalibration,50,3802,50,ad_probe,ad_c(full_target_scalar_reference),0.0014865453646379923,True,0.08356034537533286,2331363
quora,31,selection,50,3802,50,glob_probe,best_in_menu_on_eval,0.0,True,,2331363
quora,32,recalibration,50,3808,50,ad_probe,ad_c(full_target_scalar_reference),0.0038879246976747384,True,0.17240908385895193,2332363
quora,32,selection,50,3808,50,glob_probe,best_in_menu_on_eval,0.0,True,,2332363
quora,33,recalibration,50,3532,50,ad_probe,ad_c(full_target_scalar_reference),0.0008360570611888329,True,0.03615907467816948,2333363
quora,33,selection,50,3532,50,glob_probe,best_in_menu_on_eval,0.0,True,,2333363
quora,34,recalibration,50,3612,50,ad_probe,ad_c(full_target_scalar_reference),0.0009552580245300035,True,0.05703283923008351,2334363
quora,34,selection,50,3612,50,glob_probe,best_in_menu_on_eval,0.0,True,,2334363
quora,35,recalibration,50,3543,50,ad_probe,ad_c(full_target_scalar_reference),0.001061345003443237,True,0.03280228167421284,2335363
quora,35,selection,50,3543,50,glob_probe,best_in_menu_on_eval,0.0,True,,2335363
quora,36,recalibration,50,3644,50,ad_probe,ad_c(full_target_scalar_reference),0.0009175675418744422,True,0.054436519745404977,2336363
quora,36,selection,50,3644,50,glob_probe,best_in_menu_on_eval,0.004182008351834465,True,,2336363
quora,37,recalibration,50,3721,50,ad_probe,ad_c(full_target_scalar_reference),0.0030645317041138043,True,0.12610505231037494,2337363
quora,37,selection,50,3721,50,glob_probe,best_in_menu_on_eval,0.0,True,,2337363
quora,38,recalibration,50,3742,50,ad_probe,ad_c(full_target_scalar_reference),0.0022267700587366157,True,0.08436107445959007,2338363
quora,38,selection,50,3742,50,glob_probe,best_in_menu_on_eval,0.0,True,,2338363
quora,39,recalibration,50,3640,50,ad_probe,ad_c(full_target_scalar_reference),0.0010921564201651357,True,0.033061584374133646,2339363
quora,39,selection,50,3640,50,glob_probe,best_in_menu_on_eval,0.0,True,,2339363
quora,40,recalibration,50,3689,50,ad_probe,ad_c(full_target_scalar_reference),0.00090809240003209,True,0.05259427677078876,2340363
quora,40,selection,50,3689,50,glob_probe,best_in_menu_on_eval,0.0,True,,2340363
quora,41,recalibration,50,3649,50,ad_probe,ad_c(full_target_scalar_reference),0.0006144404974406381,True,0.019911846913867826,2341363
quora,41,selection,50,3649,50,glob_probe,best_in_menu_on_eval,0.0,True,,2341363
quora,42,recalibration,50,3628,50,ad_probe,ad_c(full_target_scalar_reference),0.0018117425150442346,True,0.0965045596822901,2342363
quora,42,selection,50,3628,50,glob_probe,best_in_menu_on_eval,0.0,True,,2342363
quora,43,recalibration,50,3717,50,ad_probe,ad_c(full_target_scalar_reference),0.0006802452389330638,True,0.023793299135215884,2343363
quora,43,selection,50,3717,50,glob_probe,best_in_menu_on_eval,0.0,True,,2343363
quora,44,recalibration,50,3721,50,ad_probe,ad_c(full_target_scalar_reference),0.0011744286453877484,True,0.06269164174178699,2344363
quora,44,selection,50,3721,50,glob_probe,best_in_menu_on_eval,0.0,True,,2344363
quora,45,recalibration,50,3707,50,ad_probe,ad_c(full_target_scalar_reference),1.421355213415687e-06,True,0.0018444505582265736,2345363
quora,45,selection,50,3707,50,glob_probe,best_in_menu_on_eval,0.0,True,,2345363
quora,46,recalibration,50,3696,50,ad_probe,ad_c(full_target_scalar_reference),0.0007720410985923021,True,0.02889459071118694,2346363
quora,46,selection,50,3696,50,glob_probe,best_in_menu_on_eval,0.0,True,,2346363
quora,47,recalibration,50,3623,50,ad_probe,ad_c(full_target_scalar_reference),0.0021195072840699547,True,0.08037522096930494,2347363
quora,47,selection,50,3623,50,glob_probe,best_in_menu_on_eval,0.0,True,,2347363
quora,48,recalibration,50,3530,50,ad_probe,ad_c(full_target_scalar_reference),0.002807861020061919,True,0.14017276522439082,2348363
quora,48,selection,50,3530,50,glob_probe,best_in_menu_on_eval,0.0,True,,2348363
quora,49,recalibration,50,3629,50,ad_probe,ad_c(full_target_scalar_reference),0.002403540099298107,True,0.0981189335109981,2349363
quora,49,selection,50,3629,50,glob_probe,best_in_menu_on_eval,0.0,True,,2349363
quora,0,recalibration,100,7357,100,ad_probe,ad_c(full_target_scalar_reference),0.0009083256550070917,True,0.03860159647714967,2400155
quora,0,selection,100,7357,100,glob_probe,best_in_menu_on_eval,0.0,True,,2400155
quora,1,recalibration,100,7279,100,ad_probe,ad_c(full_target_scalar_reference),0.0010582353770767217,True,0.059850919499569555,2401155
quora,1,selection,100,7279,100,glob_probe,best_in_menu_on_eval,0.0,True,,2401155
quora,2,recalibration,100,7169,100,ad_probe,ad_c(full_target_scalar_reference),0.0016523218220229063,True,0.0530726558039476,2402155
quora,2,selection,100,7169,100,glob_probe,best_in_menu_on_eval,0.0,True,,2402155
quora,3,recalibration,100,7166,100,ad_probe,ad_c(full_target_scalar_reference),0.0006610464149094941,True,0.020582315850913857,2403155
quora,3,selection,100,7166,100,glob_probe,best_in_menu_on_eval,0.0,True,,2403155
quora,4,recalibration,100,7256,100,ad_probe,ad_c(full_target_scalar_reference),0.0004409234144540086,True,0.015478835645240996,2404155
quora,4,selection,100,7256,100,glob_probe,best_in_menu_on_eval,0.0,True,,2404155
quora,5,recalibration,100,7193,100,ad_probe,ad_c(full_target_scalar_reference),0.001251172174625892,True,0.06558743571405556,2405155
quora,5,selection,100,7193,100,glob_probe,best_in_menu_on_eval,0.0,True,,2405155
quora,6,recalibration,100,7432,100,ad_probe,ad_c(full_target_scalar_reference),0.0030981846132007718,True,0.12288087933512337,2406155
quora,6,selection,100,7432,100,glob_probe,best_in_menu_on_eval,0.0,True,,2406155
quora,7,recalibration,100,7519,100,ad_probe,ad_c(full_target_scalar_reference),0.0009068660648846594,True,0.050758982558435806,2407155
quora,7,selection,100,7519,100,glob_probe,best_in_menu_on_eval,0.0,True,,2407155
quora,8,recalibration,100,7271,100,ad_probe,ad_c(full_target_scalar_reference),0.00018974680264982613,True,0.006245738332057438,2408155
quora,8,selection,100,7271,100,glob_probe,best_in_menu_on_eval,0.0,True,,2408155
quora,9,recalibration,100,7316,100,ad_probe,ad_c(full_target_scalar_reference),0.0020508581469235176,True,0.06772522261613478,2409155
quora,9,selection,100,7316,100,glob_probe,best_in_menu_on_eval,0.0,True,,2409155
quora,10,recalibration,100,7181,100,ad_probe,ad_c(full_target_scalar_reference),0.0010473785461299068,True,0.04506146269140354,2410155
quora,10,selection,100,7181,100,glob_probe,best_in_menu_on_eval,0.0,True,,2410155
quora,11,recalibration,100,7315,100,ad_probe,ad_c(full_target_scalar_reference),0.000878244410030482,True,0.024780774613802015,2411155
quora,11,selection,100,7315,100,glob_probe,best_in_menu_on_eval,0.0,True,,2411155
quora,12,recalibration,100,7221,100,ad_probe,ad_c(full_target_scalar_reference),0.0010124774649260537,True,0.04711867488492738,2412155
quora,12,selection,100,7221,100,glob_probe,best_in_menu_on_eval,0.0,True,,2412155
quora,13,recalibration,100,7270,100,ad_probe,ad_c(full_target_scalar_reference),2.158280411046487e-05,True,0.002691000370087404,2413155
quora,13,selection,100,7270,100,glob_probe,best_in_menu_on_eval,0.0,True,,2413155
quora,14,recalibration,100,7223,100,ad_probe,ad_c(full_target_scalar_reference),0.0013935665287831966,True,0.0446864236020138,2414155
quora,14,selection,100,7223,100,glob_probe,best_in_menu_on_eval,0.0,True,,2414155
quora,15,recalibration,100,7368,100,ad_probe,ad_c(full_target_scalar_reference),0.00010763942880265276,True,0.0027072588200105496,2415155
quora,15,selection,100,7368,100,glob_probe,best_in_menu_on_eval,0.0,True,,2415155
quora,16,recalibration,100,7406,100,ad_probe,ad_c(full_target_scalar_reference),0.004318594864978653,True,0.19077163322572688,2416155
quora,16,selection,100,7406,100,glob_probe,best_in_menu_on_eval,0.0,True,,2416155
quora,17,recalibration,100,7252,100,ad_probe,ad_c(full_target_scalar_reference),0.0014854500227960976,True,0.0867742695805136,2417155
quora,17,selection,100,7252,100,glob_probe,best_in_menu_on_eval,0.0,True,,2417155
quora,18,recalibration,100,7415,100,ad_probe,ad_c(full_target_scalar_reference),0.0005560737496291823,True,0.017145351195394842,2418155
quora,18,selection,100,7415,100,glob_probe,best_in_menu_on_eval,0.0,True,,2418155
quora,19,recalibration,100,7103,100,ad_probe,ad_c(full_target_scalar_reference),0.0010393054744994856,True,0.028657834050019093,2419155
quora,19,selection,100,7103,100,glob_probe,best_in_menu_on_eval,0.0,True,,2419155
quora,20,recalibration,100,7237,100,ad_probe,ad_c(full_target_scalar_reference),0.0017741247096988433,True,0.05887284034889362,2420155
quora,20,selection,100,7237,100,glob_probe,best_in_menu_on_eval,0.0,True,,2420155
quora,21,recalibration,100,7345,100,ad_probe,ad_c(full_target_scalar_reference),0.0025313530711613685,True,0.10456765386007238,2421155
quora,21,selection,100,7345,100,glob_probe,best_in_menu_on_eval,0.0,True,,2421155
quora,22,recalibration,100,7431,100,ad_probe,ad_c(full_target_scalar_reference),0.0014369137408758448,True,0.046891390254953924,2422155
quora,22,selection,100,7431,100,glob_probe,best_in_menu_on_eval,0.0,True,,2422155
quora,23,recalibration,100,7391,100,ad_probe,ad_c(full_target_scalar_reference),0.002560551882866635,True,0.10230761581267023,2423155
quora,23,selection,100,7391,100,glob_probe,best_in_menu_on_eval,0.0,True,,2423155
quora,24,recalibration,100,7424,100,ad_probe,ad_c(full_target_scalar_reference),0.00042269952733808847,True,0.016649357314559965,2424155
quora,24,selection,100,7424,100,glob_probe,best_in_menu_on_eval,0.0,True,,2424155
quora,25,recalibration,100,7270,100,ad_probe,ad_c(full_target_scalar_reference),0.0006836808209480516,True,0.023998406773786063,2425155
quora,25,selection,100,7270,100,glob_probe,best_in_menu_on_eval,0.0,True,,2425155
quora,26,recalibration,100,7554,100,ad_probe,ad_c(full_target_scalar_reference),0.0011920469025570313,True,0.035197308482269096,2426155
quora,26,selection,100,7554,100,glob_probe,best_in_menu_on_eval,0.0,True,,2426155
quora,27,recalibration,100,7167,100,ad_probe,ad_c(full_target_scalar_reference),0.0009464362230823253,True,0.04822252759462342,2427155
quora,27,selection,100,7167,100,glob_probe,best_in_menu_on_eval,0.0,True,,2427155
quora,28,recalibration,100,7252,100,ad_probe,ad_c(full_target_scalar_reference),0.0013937222899981228,True,0.04564879564546265,2428155
quora,28,selection,100,7252,100,glob_probe,best_in_menu_on_eval,0.0,True,,2428155
quora,29,recalibration,100,7130,100,ad_probe,ad_c(full_target_scalar_reference),5.474399905203153e-05,True,0.006863252122551233,2429155
quora,29,selection,100,7130,100,glob_probe,best_in_menu_on_eval,0.0,True,,2429155
quora,30,recalibration,100,7573,100,ad_probe,ad_c(full_target_scalar_reference),0.0014326425699179302,True,0.043957297524221284,2430155
quora,30,selection,100,7573,100,glob_probe,best_in_menu_on_eval,0.0,True,,2430155
quora,31,recalibration,100,7201,100,ad_probe,ad_c(full_target_scalar_reference),0.0014248489065339376,True,0.07995551938117129,2431155
quora,31,selection,100,7201,100,glob_probe,best_in_menu_on_eval,0.0,True,,2431155
quora,32,recalibration,100,7286,100,ad_probe,ad_c(full_target_scalar_reference),0.0005508752294217656,True,0.01622156203323155,2432155
quora,32,selection,100,7286,100,glob_probe,best_in_menu_on_eval,0.0,True,,2432155
quora,33,recalibration,100,7192,100,ad_probe,ad_c(full_target_scalar_reference),0.00017127408241246478,True,0.0048873172459561465,2433155
quora,33,selection,100,7192,100,glob_probe,best_in_menu_on_eval,0.0,True,,2433155
quora,34,recalibration,100,7469,100,ad_probe,ad_c(full_target_scalar_reference),0.0033530012695264233,True,0.1391430296412045,2434155
quora,34,selection,100,7469,100,glob_probe,best_in_menu_on_eval,0.0,True,,2434155
quora,35,recalibration,100,7277,100,ad_probe,ad_c(full_target_scalar_reference),0.00016777684043800534,True,0.009440504964039476,2435155
quora,35,selection,100,7277,100,glob_probe,best_in_menu_on_eval,0.0,True,,2435155
quora,36,recalibration,100,7504,100,ad_probe,ad_c(full_target_scalar_reference),0.0030955188369903297,True,0.1279236969087193,2436155
quora,36,selection,100,7504,100,glob_probe,best_in_menu_on_eval,0.0,True,,2436155
quora,37,recalibration,100,7450,100,ad_probe,ad_c(full_target_scalar_reference),7.017374271156562e-05,True,0.00419318593925444,2437155
quora,37,selection,100,7450,100,glob_probe,best_in_menu_on_eval,0.0,True,,2437155
quora,38,recalibration,100,7427,100,ad_probe,ad_c(full_target_scalar_reference),0.00031795208008078557,True,0.013058262767443707,2438155
quora,38,selection,100,7427,100,glob_probe,best_in_menu_on_eval,0.0,True,,2438155
quora,39,recalibration,100,7251,100,ad_probe,ad_c(full_target_scalar_reference),0.001992698826337014,True,0.06465432589742193,2439155
quora,39,selection,100,7251,100,glob_probe,best_in_menu_on_eval,0.0,True,,2439155
quora,40,recalibration,100,7376,100,ad_probe,ad_c(full_target_scalar_reference),0.0006525098501547477,True,0.018937967546127865,2440155
quora,40,selection,100,7376,100,glob_probe,best_in_menu_on_eval,0.0,True,,2440155
quora,41,recalibration,100,7184,100,ad_probe,ad_c(full_target_scalar_reference),0.000753878938805741,True,0.02948318766371749,2441155
quora,41,selection,100,7184,100,glob_probe,best_in_menu_on_eval,0.0,True,,2441155
quora,42,recalibration,100,7291,100,ad_probe,ad_c(full_target_scalar_reference),0.0022734668569974747,True,0.11733452361760244,2442155
quora,42,selection,100,7291,100,glob_probe,best_in_menu_on_eval,0.0,True,,2442155
quora,43,recalibration,100,7200,100,ad_probe,ad_c(full_target_scalar_reference),0.001031917374104463,True,0.029294701062881567,2443155
quora,43,selection,100,7200,100,glob_probe,best_in_menu_on_eval,0.0,True,,2443155
quora,44,recalibration,100,7401,100,ad_probe,ad_c(full_target_scalar_reference),0.0003687061190704721,True,0.00988294575630333,2444155
quora,44,selection,100,7401,100,glob_probe,best_in_menu_on_eval,0.0,True,,2444155
quora,45,recalibration,100,7434,100,ad_probe,ad_c(full_target_scalar_reference),0.0006477250075249685,True,0.01848689477351184,2445155
quora,45,selection,100,7434,100,glob_probe,best_in_menu_on_eval,0.0,True,,2445155
quora,46,recalibration,100,7486,100,ad_probe,ad_c(full_target_scalar_reference),0.002059296123562371,True,0.07258043882278076,2446155
quora,46,selection,100,7486,100,glob_probe,best_in_menu_on_eval,0.0,True,,2446155
quora,47,recalibration,100,7330,100,ad_probe,ad_c(full_target_scalar_reference),0.0034165005949536864,True,0.13875336643007452,2447155
quora,47,selection,100,7330,100,glob_probe,best_in_menu_on_eval,0.0,True,,2447155
quora,48,recalibration,100,7112,100,ad_probe,ad_c(full_target_scalar_reference),1.428533775160723e-06,True,0.0018344921893557187,2448155
quora,48,selection,100,7112,100,glob_probe,best_in_menu_on_eval,0.0,True,,2448155
quora,49,recalibration,100,7416,100,ad_probe,ad_c(full_target_scalar_reference),0.0010431108609434414,True,0.03111237022920521,2449155
quora,49,selection,100,7416,100,glob_probe,best_in_menu_on_eval,0.0,True,,2449155
nq,0,recalibration,5,426,5,ad_probe,ad_c(full_target_scalar_reference),0.013028755869458397,False,0.17254867576257976,2000386
nq,0,selection,5,426,5,glob_probe,best_in_menu_on_eval,0.0,True,,2000386
nq,1,recalibration,5,418,5,ad_probe,ad_c(full_target_scalar_reference),0.007195230186898216,False,0.05426641575647856,2001386
nq,1,selection,5,418,5,glob_probe,best_in_menu_on_eval,0.0,True,,2001386
nq,2,recalibration,5,362,5,ad_probe,ad_c(full_target_scalar_reference),0.0052110733354396865,False,0.0341870076738815,2002386
nq,2,selection,5,362,5,glob_probe,best_in_menu_on_eval,0.0,True,,2002386
nq,3,recalibration,5,379,5,ad_probe,ad_c(full_target_scalar_reference),0.005786320955549429,False,0.06841583458863504,2003386
nq,3,selection,5,379,5,glob_probe,best_in_menu_on_eval,0.0,True,,2003386
nq,4,recalibration,5,386,5,ad_probe,ad_c(full_target_scalar_reference),0.02561773460296063,False,0.3462966076594653,2004386
nq,4,selection,5,386,5,glob_probe,best_in_menu_on_eval,0.0,True,,2004386
nq,5,recalibration,5,431,5,ad_probe,ad_c(full_target_scalar_reference),0.02926275075775553,False,0.40354999393042595,2005386
nq,5,selection,5,431,5,glob_probe,best_in_menu_on_eval,0.0,True,,2005386
nq,6,recalibration,5,404,5,ad_probe,ad_c(full_target_scalar_reference),0.011615687274420028,False,0.14709282467493395,2006386
nq,6,selection,5,404,5,glob_probe,best_in_menu_on_eval,0.0,True,,2006386
nq,7,recalibration,5,396,5,ad_probe,ad_c(full_target_scalar_reference),0.011480446349246498,False,0.1427361089398082,2007386
nq,7,selection,5,396,5,glob_probe,best_in_menu_on_eval,0.0,True,,2007386
nq,8,recalibration,5,386,5,ad_probe,ad_c(full_target_scalar_reference),0.014556203010860247,False,0.19277393119240022,2008386
nq,8,selection,5,386,5,glob_probe,best_in_menu_on_eval,0.0,True,,2008386
nq,9,recalibration,5,314,5,ad_probe,ad_c(full_target_scalar_reference),0.012605769092713104,False,0.08720606259020669,2009386
nq,9,selection,5,314,5,glob_probe,best_in_menu_on_eval,0.0,True,,2009386
nq,10,recalibration,5,375,5,ad_probe,ad_c(full_target_scalar_reference),0.019252351095807474,False,0.24842716690559757,2010386
nq,10,selection,5,375,5,glob_probe,best_in_menu_on_eval,0.0,True,,2010386
nq,11,recalibration,5,378,5,ad_probe,ad_c(full_target_scalar_reference),0.010266069630099628,False,0.07566224958546636,2011386
nq,11,selection,5,378,5,glob_probe,best_in_menu_on_eval,0.0,True,,2011386
nq,12,recalibration,5,402,5,ad_probe,ad_c(full_target_scalar_reference),0.009171825729010374,False,0.06880985597616673,2012386
nq,12,selection,5,402,5,glob_probe,best_in_menu_on_eval,0.0,True,,2012386
nq,13,recalibration,5,409,5,ad_probe,ad_c(full_target_scalar_reference),0.005710111960495645,False,0.03715651869359948,2013386
nq,13,selection,5,409,5,glob_probe,best_in_menu_on_eval,0.0,True,,2013386
nq,14,recalibration,5,340,5,ad_probe,ad_c(full_target_scalar_reference),0.01744609347025533,False,0.11842965359279028,2014386
nq,14,selection,5,340,5,glob_probe,best_in_menu_on_eval,0.0,True,,2014386
nq,15,recalibration,5,434,5,ad_probe,ad_c(full_target_scalar_reference),0.017107052452237426,False,0.22074944878712904,2015386
nq,15,selection,5,434,5,glob_probe,best_in_menu_on_eval,0.0,True,,2015386
nq,16,recalibration,5,341,5,ad_probe,ad_c(full_target_scalar_reference),0.016730215376274837,False,0.11257155786756179,2016386
nq,16,selection,5,341,5,glob_probe,best_in_menu_on_eval,0.0,True,,2016386
nq,17,recalibration,5,388,5,ad_probe,ad_c(full_target_scalar_reference),0.006306218580676648,False,0.04214857443952885,2017386
nq,17,selection,5,388,5,glob_probe,best_in_menu_on_eval,0.0,True,,2017386
nq,18,recalibration,5,392,5,ad_probe,ad_c(full_target_scalar_reference),0.008195431431858247,False,0.09812157893238432,2018386
nq,18,selection,5,392,5,glob_probe,best_in_menu_on_eval,0.0,True,,2018386
nq,19,recalibration,5,402,5,ad_probe,ad_c(full_target_scalar_reference),0.0038779384413797358,True,0.04874507104320719,2019386
nq,19,selection,5,402,5,glob_probe,best_in_menu_on_eval,0.0,True,,2019386
nq,20,recalibration,5,384,5,ad_probe,ad_c(full_target_scalar_reference),0.006028077071979165,False,0.07393298029644751,2020386
nq,20,selection,5,384,5,glob_probe,best_in_menu_on_eval,0.0,True,,2020386
nq,21,recalibration,5,410,5,ad_probe,ad_c(full_target_scalar_reference),0.016220411595371798,False,0.20801996890209867,2021386
nq,21,selection,5,410,5,glob_probe,best_in_menu_on_eval,0.0,True,,2021386
nq,22,recalibration,5,406,5,ad_probe,ad_c(full_target_scalar_reference),0.006072225660345154,False,0.03942007499660888,2022386
nq,22,selection,5,406,5,glob_probe,best_in_menu_on_eval,0.0,True,,2022386
nq,23,recalibration,5,322,5,ad_probe,ad_c(full_target_scalar_reference),0.01290847734445355,False,0.08893078220550249,2023386
nq,23,selection,5,322,5,glob_probe,best_in_menu_on_eval,0.0,True,,2023386
nq,24,recalibration,5,453,5,ad_probe,ad_c(full_target_scalar_reference),0.0066498362247280896,False,0.07852410066538779,2024386
nq,24,selection,5,453,5,glob_probe,best_in_menu_on_eval,0.0,True,,2024386
nq,25,recalibration,5,390,5,ad_probe,ad_c(full_target_scalar_reference),0.008717429029210633,False,0.10914057079677247,2025386
nq,25,selection,5,390,5,glob_probe,best_in_menu_on_eval,0.0,True,,2025386
nq,26,recalibration,5,341,5,ad_probe,ad_c(full_target_scalar_reference),0.016730215376274837,False,0.11369278931977245,2026386
nq,26,selection,5,341,5,glob_probe,best_in_menu_on_eval,0.0,True,,2026386
nq,27,recalibration,5,361,5,ad_probe,ad_c(full_target_scalar_reference),0.013201103089415356,False,0.09072504170716078,2027386
nq,27,selection,5,361,5,glob_probe,best_in_menu_on_eval,0.0,True,,2027386
nq,28,recalibration,5,407,5,ad_probe,ad_c(full_target_scalar_reference),0.009006278377993393,False,0.06752211928665097,2028386
nq,28,selection,5,407,5,glob_probe,best_in_menu_on_eval,0.0,True,,2028386
nq,29,recalibration,5,344,5,ad_probe,ad_c(full_target_scalar_reference),0.017266147050272573,False,0.1169248689708981,2029386
nq,29,selection,5,344,5,glob_probe,best_in_menu_on_eval,0.0,True,,2029386
nq,30,recalibration,5,423,5,ad_probe,ad_c(full_target_scalar_reference),0.01651813334429636,False,0.21367544760566143,2030386
nq,30,selection,5,423,5,glob_probe,best_in_menu_on_eval,0.0,True,,2030386
nq,31,recalibration,5,431,5,ad_probe,ad_c(full_target_scalar_reference),0.012899039567687953,False,0.08874327116954639,2031386
nq,31,selection,5,431,5,glob_probe,best_in_menu_on_eval,0.0,True,,2031386
nq,32,recalibration,5,386,5,ad_probe,ad_c(full_target_scalar_reference),0.00809929733276099,False,0.06054232855870312,2032386
nq,32,selection,5,386,5,glob_probe,best_in_menu_on_eval,0.0,True,,2032386
nq,33,recalibration,5,376,5,ad_probe,ad_c(full_target_scalar_reference),0.006154942846895939,False,0.04394689202850549,2033386
nq,33,selection,5,376,5,glob_probe,best_in_menu_on_eval,0.0,True,,2033386
nq,34,recalibration,5,410,5,ad_probe,ad_c(full_target_scalar_reference),0.004239269351147601,True,0.027436830668266077,2034386
nq,34,selection,5,410,5,glob_probe,best_in_menu_on_eval,0.0,True,,2034386
nq,35,recalibration,5,382,5,ad_probe,ad_c(full_target_scalar_reference),0.0036168328603101707,True,0.04158757059822099,2035386
nq,35,selection,5,382,5,glob_probe,best_in_menu_on_eval,0.0,True,,2035386
nq,36,recalibration,5,416,5,ad_probe,ad_c(full_target_scalar_reference),0.0016065544433643275,True,0.02275813573081137,2036386
nq,36,selection,5,416,5,glob_probe,best_in_menu_on_eval,0.0,True,,2036386
nq,37,recalibration,5,482,5,ad_probe,ad_c(full_target_scalar_reference),0.004142566904575706,True,0.024015750805383596,2037386
nq,37,selection,5,482,5,glob_probe,best_in_menu_on_eval,0.0,True,,2037386
nq,38,recalibration,5,423,5,ad_probe,ad_c(full_target_scalar_reference),0.0037529960108390603,True,0.04790537105688436,2038386
nq,38,selection,5,423,5,glob_probe,best_in_menu_on_eval,0.0,True,,2038386
nq,39,recalibration,5,400,5,ad_probe,ad_c(full_target_scalar_reference),0.017369485369712168,False,0.1170985913594868,2039386
nq,39,selection,5,400,5,glob_probe,best_in_menu_on_eval,0.0,True,,2039386
nq,40,recalibration,5,417,5,ad_probe,ad_c(full_target_scalar_reference),0.014044051458901585,False,0.18863214513592758,2040386
nq,40,selection,5,417,5,glob_probe,best_in_menu_on_eval,0.0,True,,2040386
nq,41,recalibration,5,399,5,ad_probe,ad_c(full_target_scalar_reference),0.011740030781687505,False,0.15011614799919776,2041386
nq,41,selection,5,399,5,glob_probe,best_in_menu_on_eval,0.0,True,,2041386
nq,42,recalibration,5,371,5,ad_probe,ad_c(full_target_scalar_reference),0.014080708101676331,False,0.09687998594514657,2042386
nq,42,selection,5,371,5,glob_probe,best_in_menu_on_eval,0.0,True,,2042386
nq,43,recalibration,5,397,5,ad_probe,ad_c(full_target_scalar_reference),0.004727318400377323,True,0.05664974630783903,2043386
nq,43,selection,5,397,5,glob_probe,best_in_menu_on_eval,0.0,True,,2043386
nq,44,recalibration,5,387,5,ad_probe,ad_c(full_target_scalar_reference),0.0036079423409813294,True,0.045600330143958145,2044386
nq,44,selection,5,387,5,glob_probe,best_in_menu_on_eval,0.0,True,,2044386
nq,45,recalibration,5,423,5,ad_probe,ad_c(full_target_scalar_reference),0.012054579876189853,False,0.08302548761836265,2045386
nq,45,selection,5,423,5,glob_probe,best_in_menu_on_eval,0.0,True,,2045386
nq,46,recalibration,5,393,5,ad_probe,ad_c(full_target_scalar_reference),0.0030923474747525104,True,0.03583804629411369,2046386
nq,46,selection,5,393,5,glob_probe,best_in_menu_on_eval,0.0,True,,2046386
nq,47,recalibration,5,397,5,ad_probe,ad_c(full_target_scalar_reference),0.0044244974688893435,True,0.05507779060823409,2047386
nq,47,selection,5,397,5,glob_probe,best_in_menu_on_eval,0.0,True,,2047386
nq,48,recalibration,5,388,5,ad_probe,ad_c(full_target_scalar_reference),0.003713897422851553,True,0.020907623814390153,2048386
nq,48,selection,5,388,5,glob_probe,best_in_menu_on_eval,0.0,True,,2048386
nq,49,recalibration,5,389,5,ad_probe,ad_c(full_target_scalar_reference),0.02770901288750094,False,0.37829021586279793,2049386
nq,49,selection,5,389,5,glob_probe,best_in_menu_on_eval,0.0,True,,2049386
nq,0,recalibration,10,694,10,ad_probe,ad_c(full_target_scalar_reference),0.003101423587067942,True,0.0188462735927174,852
nq,0,selection,10,694,10,glob_probe,best_in_menu_on_eval,0.0,True,,852
nq,1,recalibration,10,710,10,ad_probe,ad_c(full_target_scalar_reference),0.005192271612722843,False,0.03314211476753165,1852
nq,1,selection,10,710,10,glob_probe,best_in_menu_on_eval,0.0,True,,1852
nq,2,recalibration,10,747,10,ad_probe,ad_c(full_target_scalar_reference),0.0031014235870678863,True,0.01853627398215435,2852
nq,2,selection,10,747,10,glob_probe,best_in_menu_on_eval,0.0,True,,2852
nq,3,recalibration,10,735,10,ad_probe,ad_c(full_target_scalar_reference),0.012230063589620643,False,0.08433738019388431,3852
nq,3,selection,10,735,10,glob_probe,best_in_menu_on_eval,0.0,True,,3852
nq,4,recalibration,10,763,10,ad_probe,ad_c(full_target_scalar_reference),0.010280982572618669,False,0.07422008303977085,4852
nq,4,selection,10,763,10,glob_probe,best_in_menu_on_eval,0.0,True,,4852
nq,5,recalibration,10,801,10,ad_probe,ad_c(full_target_scalar_reference),0.00482325395772315,True,0.059446529438105966,5852
nq,5,selection,10,801,10,glob_probe,best_in_menu_on_eval,0.0,True,,5852
nq,6,recalibration,10,739,10,ad_probe,ad_c(full_target_scalar_reference),0.017712792706703007,False,0.12881007482074897,6852
nq,6,selection,10,739,10,glob_probe,best_in_menu_on_eval,0.0,True,,6852
nq,7,recalibration,10,683,10,ad_probe,ad_c(full_target_scalar_reference),0.006315379270073362,False,0.043037549982319845,7852
nq,7,selection,10,683,10,glob_probe,best_in_menu_on_eval,0.0,True,,7852
nq,8,recalibration,10,790,10,ad_probe,ad_c(full_target_scalar_reference),0.016629394492721106,False,0.1114128966582632,8852
nq,8,selection,10,790,10,glob_probe,best_in_menu_on_eval,0.0,True,,8852
nq,9,recalibration,10,797,10,ad_probe,ad_c(full_target_scalar_reference),0.0030968395541754457,True,0.03598946393687513,9852
nq,9,selection,10,797,10,glob_probe,best_in_menu_on_eval,0.0,True,,9852
nq,10,recalibration,10,817,10,ad_probe,ad_c(full_target_scalar_reference),0.015312524243388026,False,0.10494911333560658,10852
nq,10,selection,10,817,10,glob_probe,best_in_menu_on_eval,0.0,True,,10852
nq,11,recalibration,10,828,10,ad_probe,ad_c(full_target_scalar_reference),0.007191362342370777,False,0.0824566027186368,11852
nq,11,selection,10,828,10,glob_probe,best_in_menu_on_eval,0.0,True,,11852
nq,12,recalibration,10,739,10,ad_probe,ad_c(full_target_scalar_reference),0.0008118500541550167,True,0.015397525708447157,12852
nq,12,selection,10,739,10,glob_probe,best_in_menu_on_eval,0.0,True,,12852
nq,13,recalibration,10,726,10,ad_probe,ad_c(full_target_scalar_reference),0.007274595051425636,False,0.055386302523627695,13852
nq,13,selection,10,726,10,glob_probe,best_in_menu_on_eval,0.0,True,,13852
nq,14,recalibration,10,778,10,ad_probe,ad_c(full_target_scalar_reference),0.013997673921955278,False,0.09581609663972451,14852
nq,14,selection,10,778,10,glob_probe,best_in_menu_on_eval,0.0,True,,14852
nq,15,recalibration,10,802,10,ad_probe,ad_c(full_target_scalar_reference),0.0028826624150791735,True,0.03410112489334377,15852
nq,15,selection,10,802,10,glob_probe,best_in_menu_on_eval,0.0,True,,15852
nq,16,recalibration,10,821,10,ad_probe,ad_c(full_target_scalar_reference),0.013789320900075785,False,0.18595474977717613,16852
nq,16,selection,10,821,10,glob_probe,best_in_menu_on_eval,0.0,True,,16852
nq,17,recalibration,10,746,10,ad_probe,ad_c(full_target_scalar_reference),0.012545218157912763,False,0.16528849102145243,17852
nq,17,selection,10,746,10,glob_probe,best_in_menu_on_eval,0.0,True,,17852
nq,18,recalibration,10,737,10,ad_probe,ad_c(full_target_scalar_reference),0.009048427160036954,False,0.06493257623016513,18852
nq,18,selection,10,737,10,glob_probe,best_in_menu_on_eval,0.0,True,,18852
nq,19,recalibration,10,822,10,ad_probe,ad_c(full_target_scalar_reference),0.009967246018754483,False,0.12329677043890014,19852
nq,19,selection,10,822,10,glob_probe,best_in_menu_on_eval,0.0,True,,19852
nq,20,recalibration,10,859,10,ad_probe,ad_c(full_target_scalar_reference),0.024948968694072204,False,0.34020996725539726,20852
nq,20,selection,10,859,10,glob_probe,best_in_menu_on_eval,0.0,True,,20852
nq,21,recalibration,10,745,10,ad_probe,ad_c(full_target_scalar_reference),0.006935293984940416,False,0.054118344512665895,21852
nq,21,selection,10,745,10,glob_probe,best_in_menu_on_eval,0.0,True,,21852
nq,22,recalibration,10,785,10,ad_probe,ad_c(full_target_scalar_reference),0.008207336474612192,False,0.09665024984732334,22852
nq,22,selection,10,785,10,glob_probe,best_in_menu_on_eval,0.0,True,,22852
nq,23,recalibration,10,821,10,ad_probe,ad_c(full_target_scalar_reference),0.011088841854152542,False,0.1358482025504743,23852
nq,23,selection,10,821,10,glob_probe,best_in_menu_on_eval,0.0,True,,23852
nq,24,recalibration,10,814,10,ad_probe,ad_c(full_target_scalar_reference),0.000993154679374053,True,0.01725598058828065,24852
nq,24,selection,10,814,10,glob_probe,best_in_menu_on_eval,0.021017314499718664,False,,24852
nq,25,recalibration,10,805,10,ad_probe,ad_c(full_target_scalar_reference),0.013885282054658832,False,0.09476436018738704,25852
nq,25,selection,10,805,10,glob_probe,best_in_menu_on_eval,0.0,True,,25852
nq,26,recalibration,10,805,10,ad_probe,ad_c(full_target_scalar_reference),0.00482325395772315,True,0.057706676962640424,26852
nq,26,selection,10,805,10,glob_probe,best_in_menu_on_eval,0.0,True,,26852
nq,27,recalibration,10,772,10,ad_probe,ad_c(full_target_scalar_reference),0.012072090887050135,False,0.08329885077059712,27852
nq,27,selection,10,772,10,glob_probe,best_in_menu_on_eval,0.0,True,,27852
nq,28,recalibration,10,763,10,ad_probe,ad_c(full_target_scalar_reference),0.0007351306693286208,True,0.01435927919351615,28852
nq,28,selection,10,763,10,glob_probe,best_in_menu_on_eval,0.0,True,,28852
nq,29,recalibration,10,814,10,ad_probe,ad_c(full_target_scalar_reference),0.004942023757944558,True,0.029841420880427794,29852
nq,29,selection,10,814,10,glob_probe,best_in_menu_on_eval,0.0,True,,29852
nq,30,recalibration,10,726,10,ad_probe,ad_c(full_target_scalar_reference),0.01640665221671378,False,0.10890067573677081,30852
nq,30,selection,10,726,10,glob_probe,best_in_menu_on_eval,0.0,True,,30852
nq,31,recalibration,10,778,10,ad_probe,ad_c(full_target_scalar_reference),0.006315379270073362,False,0.041062816889754605,31852
nq,31,selection,10,778,10,glob_probe,best_in_menu_on_eval,0.0,True,,31852
nq,32,recalibration,10,778,10,ad_probe,ad_c(full_target_scalar_reference),0.001105546546670555,True,0.018012170812017114,32852
nq,32,selection,10,778,10,glob_probe,best_in_menu_on_eval,0.0,True,,32852
nq,33,recalibration,10,747,10,ad_probe,ad_c(full_target_scalar_reference),0.0019457858916233084,True,0.02713731153833282,33852
nq,33,selection,10,747,10,glob_probe,best_in_menu_on_eval,0.0,True,,33852
nq,34,recalibration,10,822,10,ad_probe,ad_c(full_target_scalar_reference),0.016085992870451593,False,0.2052198208532891,34852
nq,34,selection,10,822,10,glob_probe,best_in_menu_on_eval,0.0,True,,34852
nq,35,recalibration,10,794,10,ad_probe,ad_c(full_target_scalar_reference),0.009949892887419765,False,0.07245279141020117,35852
nq,35,selection,10,794,10,glob_probe,best_in_menu_on_eval,0.0,True,,35852
nq,36,recalibration,10,734,10,ad_probe,ad_c(full_target_scalar_reference),0.0012179384139670013,True,0.019912206971095026,36852
nq,36,selection,10,734,10,glob_probe,best_in_menu_on_eval,0.0,True,,36852
nq,37,recalibration,10,729,10,ad_probe,ad_c(full_target_scalar_reference),0.005718406719299296,False,0.03824218554403047,37852
nq,37,selection,10,729,10,glob_probe,best_in_menu_on_eval,0.0,True,,37852
nq,38,recalibration,10,738,10,ad_probe,ad_c(full_target_scalar_reference),0.008628207918213338,False,0.06282712845379251,38852
nq,38,selection,10,738,10,glob_probe,best_in_menu_on_eval,0.0,True,,38852
nq,39,recalibration,10,799,10,ad_probe,ad_c(full_target_scalar_reference),0.02481111270659042,False,0.33794843073963615,39852
nq,39,selection,10,799,10,glob_probe,best_in_menu_on_eval,0.0,True,,39852
nq,40,recalibration,10,859,10,ad_probe,ad_c(full_target_scalar_reference),0.005939990800052031,False,0.073002064797488,40852
nq,40,selection,10,859,10,glob_probe,best_in_menu_on_eval,0.0,True,,40852
nq,41,recalibration,10,861,10,ad_probe,ad_c(full_target_scalar_reference),0.0020581777589196992,True,0.028461111079714052,41852
nq,41,selection,10,861,10,glob_probe,best_in_menu_on_eval,0.0,True,,41852
nq,42,recalibration,10,828,10,ad_probe,ad_c(full_target_scalar_reference),0.00689725512568079,False,0.05269549484675723,42852
nq,42,selection,10,828,10,glob_probe,best_in_menu_on_eval,0.0,True,,42852
nq,43,recalibration,10,791,10,ad_probe,ad_c(full_target_scalar_reference),0.007205682293503157,False,0.05360306795116809,43852
nq,43,selection,10,791,10,glob_probe,best_in_menu_on_eval,0.0,True,,43852
nq,44,recalibration,10,815,10,ad_probe,ad_c(full_target_scalar_reference),0.004245427499536825,True,0.025492642643405228,44852
nq,44,selection,10,815,10,glob_probe,best_in_menu_on_eval,0.0,True,,44852
nq,45,recalibration,10,740,10,ad_probe,ad_c(full_target_scalar_reference),0.00562156379851686,False,0.03617306800346731,45852
nq,45,selection,10,740,10,glob_probe,best_in_menu_on_eval,0.0,True,,45852
nq,46,recalibration,10,794,10,ad_probe,ad_c(full_target_scalar_reference),0.008275505958345919,False,0.09637414421803031,46852
nq,46,selection,10,794,10,glob_probe,best_in_menu_on_eval,0.0,True,,46852
nq,47,recalibration,10,722,10,ad_probe,ad_c(full_target_scalar_reference),0.016858006853320007,False,0.1145599089206864,47852
nq,47,selection,10,722,10,glob_probe,best_in_menu_on_eval,0.0,True,,47852
nq,48,recalibration,10,821,10,ad_probe,ad_c(full_target_scalar_reference),0.005218643168872883,False,0.03540503666809053,48852
nq,48,selection,10,821,10,glob_probe,best_in_menu_on_eval,0.0,True,,48852
nq,49,recalibration,10,773,10,ad_probe,ad_c(full_target_scalar_reference),0.0066594960681689574,False,0.07841925478597173,49852
nq,49,selection,10,773,10,glob_probe,best_in_menu_on_eval,0.0,True,,49852
nq,0,recalibration,20,1487,20,ad_probe,ad_c(full_target_scalar_reference),0.0009960484867148622,True,0.017039696511843117,2200345
nq,0,selection,20,1487,20,glob_probe,best_in_menu_on_eval,0.0,True,,2200345
nq,1,recalibration,20,1586,20,ad_probe,ad_c(full_target_scalar_reference),0.007886502916629845,False,0.09275943031485318,2201345
nq,1,selection,20,1586,20,glob_probe,best_in_menu_on_eval,0.0,True,,2201345
nq,2,recalibration,20,1546,20,ad_probe,ad_c(full_target_scalar_reference),0.000559609475051237,True,0.0035451054898518186,2202345
nq,2,selection,20,1546,20,glob_probe,best_in_menu_on_eval,0.0,True,,2202345
nq,3,recalibration,20,1524,20,ad_probe,ad_c(full_target_scalar_reference),0.00780023196355123,False,0.09107520617500747,2203345
nq,3,selection,20,1524,20,glob_probe,best_in_menu_on_eval,0.0,True,,2203345
nq,4,recalibration,20,1559,20,ad_probe,ad_c(full_target_scalar_reference),0.006369574345860496,False,0.07616973047628378,2204345
nq,4,selection,20,1559,20,glob_probe,best_in_menu_on_eval,0.0,True,,2204345
nq,5,recalibration,20,1497,20,ad_probe,ad_c(full_target_scalar_reference),0.0001472073217217429,True,0.004365408006654692,2205345
nq,5,selection,20,1497,20,glob_probe,best_in_menu_on_eval,0.0,True,,2205345
nq,6,recalibration,20,1543,20,ad_probe,ad_c(full_target_scalar_reference),0.004810735948381495,True,0.029975348755358178,2206345
nq,6,selection,20,1543,20,glob_probe,best_in_menu_on_eval,0.0,True,,2206345
nq,7,recalibration,20,1643,20,ad_probe,ad_c(full_target_scalar_reference),0.0017888864506583335,True,0.011284606335980718,2207345
nq,7,selection,20,1643,20,glob_probe,best_in_menu_on_eval,0.0,True,,2207345
nq,8,recalibration,20,1538,20,ad_probe,ad_c(full_target_scalar_reference),0.0063337807248229905,False,0.04225409056664542,2208345
nq,8,selection,20,1538,20,glob_probe,best_in_menu_on_eval,0.0,True,,2208345
nq,9,recalibration,20,1373,20,ad_probe,ad_c(full_target_scalar_reference),0.01225420726660259,False,0.08401096293438787,2209345
nq,9,selection,20,1373,20,glob_probe,best_in_menu_on_eval,0.0,True,,2209345
nq,10,recalibration,20,1479,20,ad_probe,ad_c(full_target_scalar_reference),0.0037364306691715643,True,0.04336182145437145,2210345
nq,10,selection,20,1479,20,glob_probe,best_in_menu_on_eval,0.0,True,,2210345
nq,11,recalibration,20,1579,20,ad_probe,ad_c(full_target_scalar_reference),0.0008833291372875585,True,0.01627711891974687,2211345
nq,11,selection,20,1579,20,glob_probe,best_in_menu_on_eval,0.0,True,,2211345
nq,12,recalibration,20,1519,20,ad_probe,ad_c(full_target_scalar_reference),0.008467019188335811,False,0.1019348535217906,2212345
nq,12,selection,20,1519,20,glob_probe,best_in_menu_on_eval,0.0,True,,2212345
nq,13,recalibration,20,1541,20,ad_probe,ad_c(full_target_scalar_reference),0.006691544425331153,False,0.049787495731620945,2213345
nq,13,selection,20,1541,20,glob_probe,best_in_menu_on_eval,0.0,True,,2213345
nq,14,recalibration,20,1548,20,ad_probe,ad_c(full_target_scalar_reference),0.004257797626283755,True,0.024917716409027457,2214345
nq,14,selection,20,1548,20,glob_probe,best_in_menu_on_eval,0.0,True,,2214345
nq,15,recalibration,20,1642,20,ad_probe,ad_c(full_target_scalar_reference),0.004441634967067898,True,0.0279519499331366,2215345
nq,15,selection,20,1642,20,glob_probe,best_in_menu_on_eval,0.0,True,,2215345
nq,16,recalibration,20,1441,20,ad_probe,ad_c(full_target_scalar_reference),0.014211363210736516,False,0.10037250333551978,2216345
nq,16,selection,20,1441,20,glob_probe,best_in_menu_on_eval,0.0,True,,2216345
nq,17,recalibration,20,1485,20,ad_probe,ad_c(full_target_scalar_reference),0.006167142912105628,False,0.07508673641933211,2217345
nq,17,selection,20,1485,20,glob_probe,best_in_menu_on_eval,0.0,True,,2217345
nq,18,recalibration,20,1545,20,ad_probe,ad_c(full_target_scalar_reference),0.009089247279548018,False,0.06710847412965953,2218345
nq,18,selection,20,1545,20,glob_probe,best_in_menu_on_eval,0.0,True,,2218345
nq,19,recalibration,20,1559,20,ad_probe,ad_c(full_target_scalar_reference),0.003894887473029074,True,0.04890542324758146,2219345
nq,19,selection,20,1559,20,glob_probe,best_in_menu_on_eval,0.0,True,,2219345
nq,20,recalibration,20,1528,20,ad_probe,ad_c(full_target_scalar_reference),0.0005684110619086913,True,0.011335291223236232,2220345
nq,20,selection,20,1528,20,glob_probe,best_in_menu_on_eval,0.0,True,,2220345
nq,21,recalibration,20,1637,20,ad_probe,ad_c(full_target_scalar_reference),0.004257797626283699,True,0.027271700692579726,2221345
nq,21,selection,20,1637,20,glob_probe,best_in_menu_on_eval,0.0,True,,2221345
nq,22,recalibration,20,1538,20,ad_probe,ad_c(full_target_scalar_reference),0.001613576097400038,True,0.02321128949679091,2222345
nq,22,selection,20,1538,20,glob_probe,best_in_menu_on_eval,0.0,True,,2222345
nq,23,recalibration,20,1669,20,ad_probe,ad_c(full_target_scalar_reference),0.005924330169293057,False,0.06984284974445315,2223345
nq,23,selection,20,1669,20,glob_probe,best_in_menu_on_eval,0.0,True,,2223345
nq,24,recalibration,20,1586,20,ad_probe,ad_c(full_target_scalar_reference),0.0032995722427737184,True,0.03818049545933816,2224345
nq,24,selection,20,1586,20,glob_probe,best_in_menu_on_eval,0.0,True,,2224345
nq,25,recalibration,20,1640,20,ad_probe,ad_c(full_target_scalar_reference),0.007042840530497307,False,0.05218459481818455,2225345
nq,25,selection,20,1640,20,glob_probe,best_in_menu_on_eval,0.0,True,,2225345
nq,26,recalibration,20,1456,20,ad_probe,ad_c(full_target_scalar_reference),0.004020375980626156,True,0.05024125037544913,2226345
nq,26,selection,20,1456,20,glob_probe,best_in_menu_on_eval,0.0,True,,2226345
nq,27,recalibration,20,1648,20,ad_probe,ad_c(full_target_scalar_reference),0.0012263350059983358,True,0.008797914559707187,2227345
nq,27,selection,20,1648,20,glob_probe,best_in_menu_on_eval,0.0,True,,2227345
nq,28,recalibration,20,1561,20,ad_probe,ad_c(full_target_scalar_reference),0.007741884063537707,False,0.08905443296786414,2228345
nq,28,selection,20,1561,20,glob_probe,best_in_menu_on_eval,0.0,True,,2228345
nq,29,recalibration,20,1611,20,ad_probe,ad_c(full_target_scalar_reference),0.0007372726584583544,True,0.014586089305487993,2229345
nq,29,selection,20,1611,20,glob_probe,best_in_menu_on_eval,0.0,True,,2229345
nq,30,recalibration,20,1517,20,ad_probe,ad_c(full_target_scalar_reference),0.0031058629794498693,True,0.03550380882396448,2230345
nq,30,selection,20,1517,20,glob_probe,best_in_menu_on_eval,0.0,True,,2230345
nq,31,recalibration,20,1589,20,ad_probe,ad_c(full_target_scalar_reference),0.0,True,0.0019497044181946976,2231345
nq,31,selection,20,1589,20,glob_probe,best_in_menu_on_eval,0.0,True,,2231345
nq,32,recalibration,20,1544,20,ad_probe,ad_c(full_target_scalar_reference),0.004956423594069059,True,0.03140697782320706,2232345
nq,32,selection,20,1544,20,glob_probe,best_in_menu_on_eval,0.0,True,,2232345
nq,33,recalibration,20,1569,20,ad_probe,ad_c(full_target_scalar_reference),0.001369982958266569,True,0.021510476158315306,2233345
nq,33,selection,20,1569,20,glob_probe,best_in_menu_on_eval,0.0,True,,2233345
nq,34,recalibration,20,1534,20,ad_probe,ad_c(full_target_scalar_reference),0.005957298465553318,False,0.07256319763672547,2234345
nq,34,selection,20,1534,20,glob_probe,best_in_menu_on_eval,0.0,True,,2234345
nq,35,recalibration,20,1520,20,ad_probe,ad_c(full_target_scalar_reference),0.007042840530497307,False,0.05204582387491158,2235345
nq,35,selection,20,1520,20,glob_probe,best_in_menu_on_eval,0.0,True,,2235345
nq,36,recalibration,20,1570,20,ad_probe,ad_c(full_target_scalar_reference),0.0004164741579628095,True,0.009538700564172276,2236345
nq,36,selection,20,1570,20,glob_probe,best_in_menu_on_eval,0.0,True,,2236345
nq,37,recalibration,20,1502,20,ad_probe,ad_c(full_target_scalar_reference),0.006952383171335508,False,0.08056573849915333,2237345
nq,37,selection,20,1502,20,glob_probe,best_in_menu_on_eval,0.0,True,,2237345
nq,38,recalibration,20,1544,20,ad_probe,ad_c(full_target_scalar_reference),0.008740060627834612,False,0.0635160352583572,2238345
nq,38,selection,20,1544,20,glob_probe,best_in_menu_on_eval,0.0,True,,2238345
nq,39,recalibration,20,1527,20,ad_probe,ad_c(full_target_scalar_reference),0.006098765108161375,False,0.039769772984659835,2239345
nq,39,selection,20,1527,20,glob_probe,best_in_menu_on_eval,0.0,True,,2239345
nq,40,recalibration,20,1562,20,ad_probe,ad_c(full_target_scalar_reference),0.0031104603690814137,True,0.018782602379301017,2240345
nq,40,selection,20,1562,20,glob_probe,best_in_menu_on_eval,0.0,True,,2240345
nq,41,recalibration,20,1637,20,ad_probe,ad_c(full_target_scalar_reference),0.00128269468071196,True,0.007610983029958052,2241345
nq,41,selection,20,1637,20,glob_probe,best_in_menu_on_eval,0.0,True,,2241345
nq,42,recalibration,20,1564,20,ad_probe,ad_c(full_target_scalar_reference),0.005957298465553318,False,0.0729190798677572,2242345
nq,42,selection,20,1564,20,glob_probe,best_in_menu_on_eval,0.0,True,,2242345
nq,43,recalibration,20,1520,20,ad_probe,ad_c(full_target_scalar_reference),0.00495642359406917,True,0.029999588629550933,2243345
nq,43,selection,20,1520,20,glob_probe,best_in_menu_on_eval,0.0,True,,2243345
nq,44,recalibration,20,1565,20,ad_probe,ad_c(full_target_scalar_reference),0.008464221346036804,False,0.06113756967719702,2244345
nq,44,selection,20,1565,20,glob_probe,best_in_menu_on_eval,0.0,True,,2244345
nq,45,recalibration,20,1761,20,ad_probe,ad_c(full_target_scalar_reference),0.004097318906783776,True,0.051093087968420325,2245345
nq,45,selection,20,1761,20,glob_probe,best_in_menu_on_eval,0.0,True,,2245345
nq,46,recalibration,20,1521,20,ad_probe,ad_c(full_target_scalar_reference),0.002064174780361805,True,0.027888165742053772,2246345
nq,46,selection,20,1521,20,glob_probe,best_in_menu_on_eval,0.0,True,,2246345
nq,47,recalibration,20,1617,20,ad_probe,ad_c(full_target_scalar_reference),0.00021733061062140235,True,0.001457136084016264,2247345
nq,47,selection,20,1617,20,glob_probe,best_in_menu_on_eval,0.0,True,,2247345
nq,48,recalibration,20,1590,20,ad_probe,ad_c(full_target_scalar_reference),0.005735068743539795,False,0.03728154105364673,2248345
nq,48,selection,20,1590,20,glob_probe,best_in_menu_on_eval,0.0,True,,2248345
nq,49,recalibration,20,1574,20,ad_probe,ad_c(full_target_scalar_reference),0.0006850979826484305,True,0.004414028038676576,2249345
nq,49,selection,20,1574,20,glob_probe,best_in_menu_on_eval,0.0,True,,2249345
nq,0,recalibration,50,3777,50,ad_probe,ad_c(full_target_scalar_reference),0.0008381117802614413,True,0.0053105240870004455,2300958
nq,0,selection,50,3777,50,glob_probe,best_in_menu_on_eval,0.0,True,,2300958
nq,1,recalibration,50,3949,50,ad_probe,ad_c(full_target_scalar_reference),0.004726563555782437,True,0.03078429322276316,2301958
nq,1,selection,50,3949,50,glob_probe,best_in_menu_on_eval,0.0,True,,2301958
nq,2,recalibration,50,4043,50,ad_probe,ad_c(full_target_scalar_reference),0.00028897012593231963,True,0.0020880901814349095,2302958
nq,2,selection,50,4043,50,glob_probe,best_in_menu_on_eval,0.0,True,,2302958
nq,3,recalibration,50,4116,50,ad_probe,ad_c(full_target_scalar_reference),0.006159637220951086,False,0.07042238184552069,2303958
nq,3,selection,50,4116,50,glob_probe,best_in_menu_on_eval,0.0,True,,2303958
nq,4,recalibration,50,4062,50,ad_probe,ad_c(full_target_scalar_reference),0.003019538194661109,True,0.036845845486715156,2304958
nq,4,selection,50,4062,50,glob_probe,best_in_menu_on_eval,0.0,True,,2304958
nq,5,recalibration,50,3998,50,ad_probe,ad_c(full_target_scalar_reference),0.003011294364672068,True,0.018199953526929102,2305958
nq,5,selection,50,3998,50,glob_probe,best_in_menu_on_eval,0.0,True,,2305958
nq,6,recalibration,50,3933,50,ad_probe,ad_c(full_target_scalar_reference),0.0015862804801343722,True,0.02134083133871162,2306958
nq,6,selection,50,3933,50,glob_probe,best_in_menu_on_eval,0.0,True,,2306958
nq,7,recalibration,50,3830,50,ad_probe,ad_c(full_target_scalar_reference),0.004838440079254325,True,0.057656362705745534,2307958
nq,7,selection,50,3830,50,glob_probe,best_in_menu_on_eval,0.0,True,,2307958
nq,8,recalibration,50,3857,50,ad_probe,ad_c(full_target_scalar_reference),0.0017179208591003858,True,0.023567794713035495,2308958
nq,8,selection,50,3857,50,glob_probe,best_in_menu_on_eval,0.0,True,,2308958
nq,9,recalibration,50,3905,50,ad_probe,ad_c(full_target_scalar_reference),0.006052121340541339,False,0.07180950051247387,2309958
nq,9,selection,50,3905,50,glob_probe,best_in_menu_on_eval,0.0,True,,2309958
nq,10,recalibration,50,3848,50,ad_probe,ad_c(full_target_scalar_reference),0.0020229689887422686,True,0.026779807190913718,2310958
nq,10,selection,50,3848,50,glob_probe,best_in_menu_on_eval,0.0,True,,2310958
nq,11,recalibration,50,4072,50,ad_probe,ad_c(full_target_scalar_reference),0.001795542294306951,True,0.026258987183589932,2311958
nq,11,selection,50,4072,50,glob_probe,best_in_menu_on_eval,0.0,True,,2311958
nq,12,recalibration,50,4092,50,ad_probe,ad_c(full_target_scalar_reference),0.0020823773798359646,True,0.02777163435105262,2312958
nq,12,selection,50,4092,50,glob_probe,best_in_menu_on_eval,0.0,True,,2312958
nq,13,recalibration,50,3973,50,ad_probe,ad_c(full_target_scalar_reference),0.0048799647626346365,True,0.060210626595904704,2313958
nq,13,selection,50,3973,50,glob_probe,best_in_menu_on_eval,0.0,True,,2313958
nq,14,recalibration,50,3899,50,ad_probe,ad_c(full_target_scalar_reference),0.0007437741810197296,True,0.014867593268927726,2314958
nq,14,selection,50,3899,50,glob_probe,best_in_menu_on_eval,0.0,True,,2314958
nq,15,recalibration,50,3933,50,ad_probe,ad_c(full_target_scalar_reference),0.001459685371941133,True,0.020955246563389818,2315958
nq,15,selection,50,3933,50,glob_probe,best_in_menu_on_eval,0.0,True,,2315958
nq,16,recalibration,50,3859,50,ad_probe,ad_c(full_target_scalar_reference),0.003789704677494954,True,0.02194188289949911,2316958
nq,16,selection,50,3859,50,glob_probe,best_in_menu_on_eval,0.0,True,,2316958
nq,17,recalibration,50,3837,50,ad_probe,ad_c(full_target_scalar_reference),0.006350070782035644,False,0.04530650817029408,2317958
nq,17,selection,50,3837,50,glob_probe,best_in_menu_on_eval,0.0,True,,2317958
nq,18,recalibration,50,3914,50,ad_probe,ad_c(full_target_scalar_reference),0.0031065699145217396,True,0.03588064284334308,2318958
nq,18,selection,50,3914,50,glob_probe,best_in_menu_on_eval,0.0,True,,2318958
nq,19,recalibration,50,3970,50,ad_probe,ad_c(full_target_scalar_reference),0.0,True,0.00026773539607621855,2319958
nq,19,selection,50,3970,50,glob_probe,best_in_menu_on_eval,0.0,True,,2319958
nq,20,recalibration,50,3895,50,ad_probe,ad_c(full_target_scalar_reference),0.0035113454525165233,True,0.020683679427046353,2320958
nq,20,selection,50,3895,50,glob_probe,best_in_menu_on_eval,0.0,True,,2320958
nq,21,recalibration,50,3972,50,ad_probe,ad_c(full_target_scalar_reference),0.0008911186358526724,True,0.016053632431241305,2321958
nq,21,selection,50,3972,50,glob_probe,best_in_menu_on_eval,0.0,True,,2321958
nq,22,recalibration,50,3979,50,ad_probe,ad_c(full_target_scalar_reference),0.001804661463450874,True,0.011971562463247543,2322958
nq,22,selection,50,3979,50,glob_probe,best_in_menu_on_eval,0.0,True,,2322958
nq,23,recalibration,50,3778,50,ad_probe,ad_c(full_target_scalar_reference),6.419971687776638e-05,True,0.0025374185087257417,2323958
nq,23,selection,50,3778,50,glob_probe,best_in_menu_on_eval,0.0,True,,2323958
nq,24,recalibration,50,3909,50,ad_probe,ad_c(full_target_scalar_reference),0.0005734235051353953,True,0.011258735433711087,2324958
nq,24,selection,50,3909,50,glob_probe,best_in_menu_on_eval,0.0,True,,2324958
nq,25,recalibration,50,3935,50,ad_probe,ad_c(full_target_scalar_reference),0.00473248042154184,True,0.027979225284126163,2325958
nq,25,selection,50,3935,50,glob_probe,best_in_menu_on_eval,0.0,True,,2325958
nq,26,recalibration,50,3910,50,ad_probe,ad_c(full_target_scalar_reference),0.0016278051635146285,True,0.023095733398255713,2326958
nq,26,selection,50,3910,50,glob_probe,best_in_menu_on_eval,0.0,True,,2326958
nq,27,recalibration,50,3813,50,ad_probe,ad_c(full_target_scalar_reference),0.0019686640326181948,True,0.02684944496389513,2327958
nq,27,selection,50,3813,50,glob_probe,best_in_menu_on_eval,0.0,True,,2327958
nq,28,recalibration,50,3826,50,ad_probe,ad_c(full_target_scalar_reference),0.006312012735161687,False,0.04153635168659037,2328958
nq,28,selection,50,3826,50,glob_probe,best_in_menu_on_eval,0.0,True,,2328958
nq,29,recalibration,50,3884,50,ad_probe,ad_c(full_target_scalar_reference),0.0012345975301890633,True,0.007807378032511136,2329958
nq,29,selection,50,3884,50,glob_probe,best_in_menu_on_eval,0.0,True,,2329958
nq,30,recalibration,50,3886,50,ad_probe,ad_c(full_target_scalar_reference),0.0057856425419838264,False,0.03766471360718948,2330958
nq,30,selection,50,3886,50,glob_probe,best_in_menu_on_eval,0.0,True,,2330958
nq,31,recalibration,50,3984,50,ad_probe,ad_c(full_target_scalar_reference),0.0,True,0.0016575322719679098,2331958
nq,31,selection,50,3984,50,glob_probe,best_in_menu_on_eval,0.0,True,,2331958
nq,32,recalibration,50,3908,50,ad_probe,ad_c(full_target_scalar_reference),0.0008213956162261837,True,0.015460025934768196,2332958
nq,32,selection,50,3908,50,glob_probe,best_in_menu_on_eval,0.0,True,,2332958
nq,33,recalibration,50,3840,50,ad_probe,ad_c(full_target_scalar_reference),0.005758154364100876,False,0.06681661508537545,2333958
nq,33,selection,50,3840,50,glob_probe,best_in_menu_on_eval,0.0,True,,2333958
nq,34,recalibration,50,4013,50,ad_probe,ad_c(full_target_scalar_reference),0.004192858857901827,True,0.051545548072726155,2334958
nq,34,selection,50,4013,50,glob_probe,best_in_menu_on_eval,0.0,True,,2334958
nq,35,recalibration,50,3833,50,ad_probe,ad_c(full_target_scalar_reference),0.008471674607007595,False,0.06148223981161838,2335958
nq,35,selection,50,3833,50,glob_probe,best_in_menu_on_eval,0.0,True,,2335958
nq,36,recalibration,50,4037,50,ad_probe,ad_c(full_target_scalar_reference),0.002990917103670665,True,0.018456404442149632,2336958
nq,36,selection,50,4037,50,glob_probe,best_in_menu_on_eval,0.0,True,,2336958
nq,37,recalibration,50,4006,50,ad_probe,ad_c(full_target_scalar_reference),0.0008381117802614968,True,0.00489340851185488,2337958
nq,37,selection,50,4006,50,glob_probe,best_in_menu_on_eval,0.0,True,,2337958
nq,38,recalibration,50,3987,50,ad_probe,ad_c(full_target_scalar_reference),0.0015310939860629924,True,0.010254069060789905,2338958
nq,38,selection,50,3987,50,glob_probe,best_in_menu_on_eval,0.0,True,,2338958
nq,39,recalibration,50,3917,50,ad_probe,ad_c(full_target_scalar_reference),0.004197362763101731,True,0.023574487686858825,2339958
nq,39,selection,50,3917,50,glob_probe,best_in_menu_on_eval,0.0,True,,2339958
nq,40,recalibration,50,3879,50,ad_probe,ad_c(full_target_scalar_reference),0.004418822850806414,True,0.055232378777794855,2340958
nq,40,selection,50,3879,50,glob_probe,best_in_menu_on_eval,0.0,True,,2340958
nq,41,recalibration,50,4061,50,ad_probe,ad_c(full_target_scalar_reference),0.0037250173800086883,True,0.04733133045852722,2341958
nq,41,selection,50,4061,50,glob_probe,best_in_menu_on_eval,0.0,True,,2341958
nq,42,recalibration,50,3760,50,ad_probe,ad_c(full_target_scalar_reference),0.00016695655319864944,True,0.007289524251846535,2342958
nq,42,selection,50,3760,50,glob_probe,best_in_menu_on_eval,0.0,True,,2342958
nq,43,recalibration,50,3940,50,ad_probe,ad_c(full_target_scalar_reference),0.0020823773798359646,True,0.029191816045245178,2343958
nq,43,selection,50,3940,50,glob_probe,best_in_menu_on_eval,0.0,True,,2343958
nq,44,recalibration,50,3707,50,ad_probe,ad_c(full_target_scalar_reference),0.006766138267007449,False,0.04989985165682376,2344958
nq,44,selection,50,3707,50,glob_probe,best_in_menu_on_eval,0.0,True,,2344958
nq,45,recalibration,50,3948,50,ad_probe,ad_c(full_target_scalar_reference),0.005253321249556742,False,0.033076453831721864,2345958
nq,45,selection,50,3948,50,glob_probe,best_in_menu_on_eval,0.0,True,,2345958
nq,46,recalibration,50,3939,50,ad_probe,ad_c(full_target_scalar_reference),0.005849977831552167,False,0.07016243286313101,2346958
nq,46,selection,50,3939,50,glob_probe,best_in_menu_on_eval,0.0,True,,2346958
nq,47,recalibration,50,4113,50,ad_probe,ad_c(full_target_scalar_reference),0.003147818836668481,True,0.037204882211879176,2347958
nq,47,selection,50,4113,50,glob_probe,best_in_menu_on_eval,0.0,True,,2347958
nq,48,recalibration,50,3961,50,ad_probe,ad_c(full_target_scalar_reference),0.0028596840644910526,True,0.03455153461036592,2348958
nq,48,selection,50,3961,50,glob_probe,best_in_menu_on_eval,0.0,True,,2348958
nq,49,recalibration,50,4188,50,ad_probe,ad_c(full_target_scalar_reference),0.003019538194661109,True,0.0367684109682222,2349958
nq,49,selection,50,4188,50,glob_probe,best_in_menu_on_eval,0.0,True,,2349958
nq,0,recalibration,100,7690,100,ad_probe,ad_c(full_target_scalar_reference),0.0011641432411106933,True,0.006687941570116596,2400498
nq,0,selection,100,7690,100,glob_probe,best_in_menu_on_eval,0.0,True,,2400498
nq,1,recalibration,100,7706,100,ad_probe,ad_c(full_target_scalar_reference),0.0,True,0.000959873390688426,2401498
nq,1,selection,100,7706,100,glob_probe,best_in_menu_on_eval,0.0,True,,2401498
nq,2,recalibration,100,7589,100,ad_probe,ad_c(full_target_scalar_reference),0.0007548686646268177,True,0.013817544157840811,2402498
nq,2,selection,100,7589,100,glob_probe,best_in_menu_on_eval,0.0,True,,2402498
nq,3,recalibration,100,7897,100,ad_probe,ad_c(full_target_scalar_reference),0.00224192255497474,True,0.029340572401177545,2403498
nq,3,selection,100,7897,100,glob_probe,best_in_menu_on_eval,0.0,True,,2403498
nq,4,recalibration,100,7925,100,ad_probe,ad_c(full_target_scalar_reference),0.003710196076778638,True,0.042877608961175706,2404498
nq,4,selection,100,7925,100,glob_probe,best_in_menu_on_eval,0.0,True,,2404498
nq,5,recalibration,100,7625,100,ad_probe,ad_c(full_target_scalar_reference),0.0016773582809140875,True,0.013465220888462748,2405498
nq,5,selection,100,7625,100,glob_probe,best_in_menu_on_eval,0.0,True,,2405498
nq,6,recalibration,100,7760,100,ad_probe,ad_c(full_target_scalar_reference),0.0008506134476281013,True,0.005413931358459634,2406498
nq,6,selection,100,7760,100,glob_probe,best_in_menu_on_eval,0.0,True,,2406498
nq,7,recalibration,100,8256,100,ad_probe,ad_c(full_target_scalar_reference),0.0016520862667889769,True,0.02167459787845394,2407498
nq,7,selection,100,8256,100,glob_probe,best_in_menu_on_eval,0.0,True,,2407498
nq,8,recalibration,100,7935,100,ad_probe,ad_c(full_target_scalar_reference),0.004753203442457887,True,0.028947067265726878,2408498
nq,8,selection,100,7935,100,glob_probe,best_in_menu_on_eval,0.0,True,,2408498
nq,9,recalibration,100,7641,100,ad_probe,ad_c(full_target_scalar_reference),0.007249971960784918,False,0.0551025731031593,2409498
nq,9,selection,100,7641,100,glob_probe,best_in_menu_on_eval,0.0,True,,2409498
nq,10,recalibration,100,7768,100,ad_probe,ad_c(full_target_scalar_reference),0.004486546555756643,True,0.05278748076709866,2410498
nq,10,selection,100,7768,100,glob_probe,best_in_menu_on_eval,0.0,True,,2410498
nq,11,recalibration,100,7993,100,ad_probe,ad_c(full_target_scalar_reference),0.002616341157932245,True,0.01740114523470726,2411498
nq,11,selection,100,7993,100,glob_probe,best_in_menu_on_eval,0.0,True,,2411498
nq,12,recalibration,100,7699,100,ad_probe,ad_c(full_target_scalar_reference),0.0038191540622223297,True,0.02186957092725461,2412498
nq,12,selection,100,7699,100,glob_probe,best_in_menu_on_eval,0.0,True,,2412498
nq,13,recalibration,100,7874,100,ad_probe,ad_c(full_target_scalar_reference),0.0038593607545830966,True,0.04650643068385668,2413498
nq,13,selection,100,7874,100,glob_probe,best_in_menu_on_eval,0.0,True,,2413498
nq,14,recalibration,100,8094,100,ad_probe,ad_c(full_target_scalar_reference),0.0001507206229560687,True,0.004699431116705732,2414498
nq,14,selection,100,8094,100,glob_probe,best_in_menu_on_eval,0.0,True,,2414498
nq,15,recalibration,100,7853,100,ad_probe,ad_c(full_target_scalar_reference),0.0014047678223705895,True,0.009277105267968766,2415498
nq,15,selection,100,7853,100,glob_probe,best_in_menu_on_eval,0.0,True,,2415498
nq,16,recalibration,100,7855,100,ad_probe,ad_c(full_target_scalar_reference),0.0016099421818069892,True,0.02155376941795334,2416498
nq,16,selection,100,7855,100,glob_probe,best_in_menu_on_eval,0.0,True,,2416498
nq,17,recalibration,100,7849,100,ad_probe,ad_c(full_target_scalar_reference),0.0010853639682669725,True,0.0061179079822622495,2417498
nq,17,selection,100,7849,100,glob_probe,best_in_menu_on_eval,0.0,True,,2417498
nq,18,recalibration,100,7896,100,ad_probe,ad_c(full_target_scalar_reference),0.0005898528684183946,True,0.013105076938278837,2418498
nq,18,selection,100,7896,100,glob_probe,best_in_menu_on_eval,0.0,True,,2418498
nq,19,recalibration,100,7846,100,ad_probe,ad_c(full_target_scalar_reference),0.0005729653097779619,True,0.0036332530760906923,2419498
nq,19,selection,100,7846,100,glob_probe,best_in_menu_on_eval,0.0,True,,2419498
nq,20,recalibration,100,7868,100,ad_probe,ad_c(full_target_scalar_reference),0.004946231866578721,True,0.03135528433909862,2420498
nq,20,selection,100,7868,100,glob_probe,best_in_menu_on_eval,0.0,True,,2420498
nq,21,recalibration,100,7831,100,ad_probe,ad_c(full_target_scalar_reference),0.004259972589520433,True,0.023167128013619365,2421498
nq,21,selection,100,7831,100,glob_probe,best_in_menu_on_eval,0.0,True,,2421498
nq,22,recalibration,100,7779,100,ad_probe,ad_c(full_target_scalar_reference),0.0038191540622223297,True,0.02059091124238477,2422498
nq,22,selection,100,7779,100,glob_probe,best_in_menu_on_eval,0.0,True,,2422498
nq,23,recalibration,100,8096,100,ad_probe,ad_c(full_target_scalar_reference),0.004074834603379873,True,0.05144666126292935,2423498
nq,23,selection,100,8096,100,glob_probe,best_in_menu_on_eval,0.0,True,,2423498
nq,24,recalibration,100,7704,100,ad_probe,ad_c(full_target_scalar_reference),0.0,True,3.927310391038663e-05,2424498
nq,24,selection,100,7704,100,glob_probe,best_in_menu_on_eval,0.0,True,,2424498
nq,25,recalibration,100,7839,100,ad_probe,ad_c(full_target_scalar_reference),0.0077531456229240625,False,0.05871829057799388,2425498
nq,25,selection,100,7839,100,glob_probe,best_in_menu_on_eval,0.0,True,,2425498
nq,26,recalibration,100,7725,100,ad_probe,ad_c(full_target_scalar_reference),0.001858955718942179,True,0.024652892256875003,2426498
nq,26,selection,100,7725,100,glob_probe,best_in_menu_on_eval,0.0,True,,2426498
nq,27,recalibration,100,7635,100,ad_probe,ad_c(full_target_scalar_reference),0.003697069007409848,True,0.02235735003006306,2427498
nq,27,selection,100,7635,100,glob_probe,best_in_menu_on_eval,0.0,True,,2427498
nq,28,recalibration,100,7738,100,ad_probe,ad_c(full_target_scalar_reference),0.0005729653097780729,True,0.003612524167625253,2428498
nq,28,selection,100,7738,100,glob_probe,best_in_menu_on_eval,0.0,True,,2428498
nq,29,recalibration,100,7643,100,ad_probe,ad_c(full_target_scalar_reference),0.0001507206229560687,True,0.004243223832419485,2429498
nq,29,selection,100,7643,100,glob_probe,best_in_menu_on_eval,0.0,True,,2429498
nq,30,recalibration,100,7854,100,ad_probe,ad_c(full_target_scalar_reference),0.0048964929352443565,True,0.029998012323731726,2430498
nq,30,selection,100,7854,100,glob_probe,best_in_menu_on_eval,0.0,True,,2430498
nq,31,recalibration,100,7834,100,ad_probe,ad_c(full_target_scalar_reference),0.004413283054207184,True,0.0279584989857124,2431498
nq,31,selection,100,7834,100,glob_probe,best_in_menu_on_eval,0.0,True,,2431498
nq,32,recalibration,100,7759,100,ad_probe,ad_c(full_target_scalar_reference),0.00019364080993183874,True,0.0033781234180990105,2432498
nq,32,selection,100,7759,100,glob_probe,best_in_menu_on_eval,0.0,True,,2432498
nq,33,recalibration,100,7701,100,ad_probe,ad_c(full_target_scalar_reference),0.0030308239097468492,True,0.03583885365146472,2433498
nq,33,selection,100,7701,100,glob_probe,best_in_menu_on_eval,0.0,True,,2433498
nq,34,recalibration,100,7887,100,ad_probe,ad_c(full_target_scalar_reference),0.0,True,0.0006434990146014785,2434498
nq,34,selection,100,7887,100,glob_probe,best_in_menu_on_eval,0.0,True,,2434498
nq,35,recalibration,100,7843,100,ad_probe,ad_c(full_target_scalar_reference),0.0007548686646268177,True,0.014480343779830929,2435498
nq,35,selection,100,7843,100,glob_probe,best_in_menu_on_eval,0.0,True,,2435498
nq,36,recalibration,100,7960,100,ad_probe,ad_c(full_target_scalar_reference),0.0038256056254764026,True,0.041786784906833574,2436498
nq,36,selection,100,7960,100,glob_probe,best_in_menu_on_eval,0.0,True,,2436498
nq,37,recalibration,100,7956,100,ad_probe,ad_c(full_target_scalar_reference),0.003987844214628777,True,0.0500743330423129,2437498
nq,37,selection,100,7956,100,glob_probe,best_in_menu_on_eval,0.0,True,,2437498
nq,38,recalibration,100,7762,100,ad_probe,ad_c(full_target_scalar_reference),0.005817507545685163,False,0.04020997823764261,2438498
nq,38,selection,100,7762,100,glob_probe,best_in_menu_on_eval,0.0,True,,2438498
nq,39,recalibration,100,7783,100,ad_probe,ad_c(full_target_scalar_reference),0.001237565713017752,True,0.020578904671728404,2439498
nq,39,selection,100,7783,100,glob_probe,best_in_menu_on_eval,0.0,True,,2439498
nq,40,recalibration,100,7752,100,ad_probe,ad_c(full_target_scalar_reference),0.006396300547295897,False,0.048386531418949275,2440498
nq,40,selection,100,7752,100,glob_probe,best_in_menu_on_eval,0.0,True,,2440498
nq,41,recalibration,100,7858,100,ad_probe,ad_c(full_target_scalar_reference),0.001019820526970583,True,0.016739704906119146,2441498
nq,41,selection,100,7858,100,glob_probe,best_in_menu_on_eval,0.0,True,,2441498
nq,42,recalibration,100,7752,100,ad_probe,ad_c(full_target_scalar_reference),0.0043594157080566465,True,0.026733412261715328,2442498
nq,42,selection,100,7752,100,glob_probe,best_in_menu_on_eval,0.0,True,,2442498
nq,43,recalibration,100,7856,100,ad_probe,ad_c(full_target_scalar_reference),0.0002932805395053917,True,0.0023501202550744726,2443498
nq,43,selection,100,7856,100,glob_probe,best_in_menu_on_eval,0.0,True,,2443498
nq,44,recalibration,100,7746,100,ad_probe,ad_c(full_target_scalar_reference),0.005899023515542223,False,0.03733461661411669,2444498
nq,44,selection,100,7746,100,glob_probe,best_in_menu_on_eval,0.0,True,,2444498
nq,45,recalibration,100,7906,100,ad_probe,ad_c(full_target_scalar_reference),0.0004815054063226909,True,0.0033474212464144615,2445498
nq,45,selection,100,7906,100,glob_probe,best_in_menu_on_eval,0.0,True,,2445498
nq,46,recalibration,100,7990,100,ad_probe,ad_c(full_target_scalar_reference),0.0031799885875512524,True,0.03524048791528739,2446498
nq,46,selection,100,7990,100,glob_probe,best_in_menu_on_eval,0.0,True,,2446498
nq,47,recalibration,100,7843,100,ad_probe,ad_c(full_target_scalar_reference),0.002025769459566451,True,0.013690172349292151,2447498
nq,47,selection,100,7843,100,glob_probe,best_in_menu_on_eval,0.0,True,,2447498
nq,48,recalibration,100,8027,100,ad_probe,ad_c(full_target_scalar_reference),0.00486129669633073,True,0.05724751864457189,2448498
nq,48,selection,100,8027,100,glob_probe,best_in_menu_on_eval,0.0,True,,2448498
nq,49,recalibration,100,7885,100,ad_probe,ad_c(full_target_scalar_reference),0.00362635912462822,True,0.044483170226795654,2449498
nq,49,selection,100,7885,100,glob_probe,best_in_menu_on_eval,0.0,True,,2449498
hotpotqa,0,recalibration,5,495,5,ad_probe,ad_c(full_target_scalar_reference),0.004909746631222789,True,0.5476159649874586,2000801
hotpotqa,0,selection,5,495,5,glob_probe,best_in_menu_on_eval,0.03729862878070844,False,,2000801
hotpotqa,1,recalibration,5,548,5,ad_probe,ad_c(full_target_scalar_reference),0.0027870448687249416,True,0.3269667230461277,2001801
hotpotqa,1,selection,5,548,5,glob_probe,best_in_menu_on_eval,0.026605527774692495,False,,2001801
hotpotqa,2,recalibration,5,529,5,ad_probe,ad_c(full_target_scalar_reference),0.0003125047207945819,True,0.025882613414159872,2002801
hotpotqa,2,selection,5,529,5,glob_probe,best_in_menu_on_eval,0.03264910946389732,False,,2002801
hotpotqa,3,recalibration,5,546,5,ad_probe,ad_c(full_target_scalar_reference),0.0022547943132396053,True,0.31274010731897417,2003801
hotpotqa,3,selection,5,546,5,trunc,best_in_menu_on_eval,0.05370331373851023,False,,2003801
hotpotqa,4,recalibration,5,502,5,ad_probe,ad_c(full_target_scalar_reference),0.002343887905990938,True,0.3210358174975696,2004801
hotpotqa,4,selection,5,502,5,ad_probe,best_in_menu_on_eval,0.0,True,,2004801
hotpotqa,5,recalibration,5,510,5,ad_probe,ad_c(full_target_scalar_reference),0.0002922920417761654,True,0.04754438075072076,2005801
hotpotqa,5,selection,5,510,5,glob_probe,best_in_menu_on_eval,0.029726293549569904,False,,2005801
hotpotqa,6,recalibration,5,465,5,ad_probe,ad_c(full_target_scalar_reference),0.0059580378536271406,False,0.5339803337641047,2006801
hotpotqa,6,selection,5,465,5,glob_probe,best_in_menu_on_eval,0.03147639944576475,False,,2006801
hotpotqa,7,recalibration,5,508,5,ad_probe,ad_c(full_target_scalar_reference),0.001598053207904071,True,0.22362225162649163,2007801
hotpotqa,7,selection,5,508,5,glob_probe,best_in_menu_on_eval,0.039057570523733265,False,,2007801
hotpotqa,8,recalibration,5,532,5,ad_probe,ad_c(full_target_scalar_reference),0.0022547943132396053,True,0.31343058625914355,2008801
hotpotqa,8,selection,5,532,5,glob_probe,best_in_menu_on_eval,0.03023254149732868,False,,2008801
hotpotqa,9,recalibration,5,505,5,ad_probe,ad_c(full_target_scalar_reference),0.0012019061957312394,True,0.07976593133809495,2009801
hotpotqa,9,selection,5,505,5,ad_probe,best_in_menu_on_eval,0.0,True,,2009801
hotpotqa,10,recalibration,5,531,5,ad_probe,ad_c(full_target_scalar_reference),0.0017177388088642775,True,0.11169189320047734,2010801
hotpotqa,10,selection,5,531,5,glob_probe,best_in_menu_on_eval,0.07042217321745192,False,,2010801
hotpotqa,11,recalibration,5,498,5,ad_probe,ad_c(full_target_scalar_reference),0.0009809061098553506,True,0.05410350583719947,2011801
hotpotqa,11,selection,5,498,5,glob_probe,best_in_menu_on_eval,0.028411666533562308,False,,2011801
hotpotqa,12,recalibration,5,492,5,ad_probe,ad_c(full_target_scalar_reference),0.006396082745475429,False,0.6294054574439019,2012801
hotpotqa,12,selection,5,492,5,ad_probe,best_in_menu_on_eval,0.0,True,,2012801
hotpotqa,13,recalibration,5,433,5,ad_probe,ad_c(full_target_scalar_reference),0.001017849344748245,True,0.18352987640681695,2013801
hotpotqa,13,selection,5,433,5,ad_probe,best_in_menu_on_eval,0.0,True,,2013801
hotpotqa,14,recalibration,5,534,5,ad_probe,ad_c(full_target_scalar_reference),0.004430125385075923,True,0.42561075750884103,2014801
hotpotqa,14,selection,5,534,5,glob_probe,best_in_menu_on_eval,0.027906479358026814,False,,2014801
hotpotqa,15,recalibration,5,520,5,ad_probe,ad_c(full_target_scalar_reference),0.001225770603203613,True,0.19211586679552806,2015801
hotpotqa,15,selection,5,520,5,glob_probe,best_in_menu_on_eval,0.1250804152452749,False,,2015801
hotpotqa,16,recalibration,5,506,5,ad_probe,ad_c(full_target_scalar_reference),0.0010534071776523435,True,0.0560760362139876,2016801
hotpotqa,16,selection,5,506,5,glob_probe,best_in_menu_on_eval,0.03133547497183331,False,,2016801
hotpotqa,17,recalibration,5,531,5,ad_probe,ad_c(full_target_scalar_reference),0.0016622865756907856,True,0.26772794716943005,2017801
hotpotqa,17,selection,5,531,5,trunc,best_in_menu_on_eval,0.05313356888885534,False,,2017801
hotpotqa,18,recalibration,5,530,5,ad_probe,ad_c(full_target_scalar_reference),0.005492156771817136,False,0.5195590957137888,2018801
hotpotqa,18,selection,5,530,5,glob_probe,best_in_menu_on_eval,0.023900415871600522,False,,2018801
hotpotqa,19,recalibration,5,510,5,ad_probe,ad_c(full_target_scalar_reference),0.0011734931968206963,True,0.18963273061755825,2019801
hotpotqa,19,selection,5,510,5,glob_probe,best_in_menu_on_eval,0.0292035177872928,False,,2019801
hotpotqa,20,recalibration,5,501,5,ad_probe,ad_c(full_target_scalar_reference),0.002854756810495851,True,0.4122855524671194,2020801
hotpotqa,20,selection,5,501,5,glob_probe,best_in_menu_on_eval,0.030884781400968064,False,,2020801
hotpotqa,21,recalibration,5,540,5,ad_probe,ad_c(full_target_scalar_reference),0.00686837364774473,False,0.6741997671533635,2021801
hotpotqa,21,selection,5,540,5,glob_probe,best_in_menu_on_eval,0.08981961282548712,False,,2021801
hotpotqa,22,recalibration,5,518,5,ad_probe,ad_c(full_target_scalar_reference),0.00675166792920201,False,0.6527347685475753,2022801
hotpotqa,22,selection,5,518,5,ad_probe,best_in_menu_on_eval,0.0,True,,2022801
hotpotqa,23,recalibration,5,521,5,ad_probe,ad_c(full_target_scalar_reference),0.002658813434041063,True,0.31963720709867993,2023801
hotpotqa,23,selection,5,521,5,ad_probe,best_in_menu_on_eval,0.0,True,,2023801
hotpotqa,24,recalibration,5,510,5,ad_probe,ad_c(full_target_scalar_reference),0.003971982620089354,True,0.48978381713194663,2024801
hotpotqa,24,selection,5,510,5,glob_probe,best_in_menu_on_eval,0.0414478487838571,False,,2024801
hotpotqa,25,recalibration,5,468,5,ad_probe,ad_c(full_target_scalar_reference),0.0004198424370563947,True,0.03117536371472407,2025801
hotpotqa,25,selection,5,468,5,glob_probe,best_in_menu_on_eval,0.028972730206361152,False,,2025801
hotpotqa,26,recalibration,5,503,5,ad_probe,ad_c(full_target_scalar_reference),0.002152171678532544,True,0.22910254499756966,2026801
hotpotqa,26,selection,5,503,5,ad_probe,best_in_menu_on_eval,0.0,True,,2026801
hotpotqa,27,recalibration,5,485,5,ad_probe,ad_c(full_target_scalar_reference),0.004022186574944686,True,0.49758975137533823,2027801
hotpotqa,27,selection,5,485,5,trunc,best_in_menu_on_eval,0.055433088991728496,False,,2027801
hotpotqa,28,recalibration,5,502,5,ad_probe,ad_c(full_target_scalar_reference),0.0016177849882662576,True,0.21859495459751765,2028801
hotpotqa,28,selection,5,502,5,glob_probe,best_in_menu_on_eval,0.09821206519073888,False,,2028801
hotpotqa,29,recalibration,5,509,5,ad_probe,ad_c(full_target_scalar_reference),0.001518175361569063,True,0.09691276867595833,2029801
hotpotqa,29,selection,5,509,5,glob_probe,best_in_menu_on_eval,0.021616450902481432,False,,2029801
hotpotqa,30,recalibration,5,523,5,ad_probe,ad_c(full_target_scalar_reference),0.0017177388088641665,True,0.11107828515201645,2030801
hotpotqa,30,selection,5,523,5,glob_probe,best_in_menu_on_eval,0.02141688745518633,False,,2030801
hotpotqa,31,recalibration,5,529,5,ad_probe,ad_c(full_target_scalar_reference),0.0015596042259452547,True,0.09691276867595833,2031801
hotpotqa,31,selection,5,529,5,glob_probe,best_in_menu_on_eval,0.07058030780037094,False,,2031801
hotpotqa,32,recalibration,5,544,5,ad_probe,ad_c(full_target_scalar_reference),0.002571489197319088,True,0.36075195921846626,2032801
hotpotqa,32,selection,5,544,5,trunc,best_in_menu_on_eval,0.05398155293806006,False,,2032801
hotpotqa,33,recalibration,5,501,5,ad_probe,ad_c(full_target_scalar_reference),0.00627742238932949,False,0.5750559852285166,2033801
hotpotqa,33,selection,5,501,5,glob_probe,best_in_menu_on_eval,0.031151099868285015,False,,2033801
hotpotqa,34,recalibration,5,463,5,ad_probe,ad_c(full_target_scalar_reference),0.004058468233445245,True,0.5141438014274036,2034801
hotpotqa,34,selection,5,463,5,glob_probe,best_in_menu_on_eval,0.04146085178786818,False,,2034801
hotpotqa,35,recalibration,5,471,5,ad_probe,ad_c(full_target_scalar_reference),0.00210303352755703,True,0.21149700854858122,2035801
hotpotqa,35,selection,5,471,5,glob_probe,best_in_menu_on_eval,0.021031592736493354,False,,2035801
hotpotqa,36,recalibration,5,515,5,ad_probe,ad_c(full_target_scalar_reference),0.007149597356041593,False,0.6945190380634727,2036801
hotpotqa,36,selection,5,515,5,glob_probe,best_in_menu_on_eval,0.025280713657820253,False,,2036801
hotpotqa,37,recalibration,5,506,5,ad_probe,ad_c(full_target_scalar_reference),0.0027145438009277267,True,0.3266105564414208,2037801
hotpotqa,37,selection,5,506,5,glob_probe,best_in_menu_on_eval,0.02673030624887296,False,,2037801
hotpotqa,38,recalibration,5,491,5,ad_probe,ad_c(full_target_scalar_reference),0.0024590789279158587,True,0.3077405160252511,2038801
hotpotqa,38,selection,5,491,5,glob_probe,best_in_menu_on_eval,0.04442264453178246,False,,2038801
hotpotqa,39,recalibration,5,514,5,ad_probe,ad_c(full_target_scalar_reference),0.001820700365315342,True,0.24536941018646563,2039801
hotpotqa,39,selection,5,514,5,glob_probe,best_in_menu_on_eval,0.07401288979801468,False,,2039801
hotpotqa,40,recalibration,5,504,5,ad_probe,ad_c(full_target_scalar_reference),0.0033824621903710828,True,0.3558316976186273,2040801
hotpotqa,40,selection,5,504,5,ad_probe,best_in_menu_on_eval,0.0,True,,2040801
hotpotqa,41,recalibration,5,522,5,ad_probe,ad_c(full_target_scalar_reference),0.002109504392640238,True,0.1631192373733208,2041801
hotpotqa,41,selection,5,522,5,glob_probe,best_in_menu_on_eval,0.03529287916178259,False,,2041801
hotpotqa,42,recalibration,5,464,5,ad_probe,ad_c(full_target_scalar_reference),0.006463821371872958,False,0.6251288541046931,2042801
hotpotqa,42,selection,5,464,5,glob_probe,best_in_menu_on_eval,0.02587278337122967,False,,2042801
hotpotqa,43,recalibration,5,524,5,ad_probe,ad_c(full_target_scalar_reference),0.0005018935483607212,True,0.05375175309218827,2043801
hotpotqa,43,selection,5,524,5,glob_probe,best_in_menu_on_eval,0.028531918138832935,False,,2043801
hotpotqa,44,recalibration,5,534,5,ad_probe,ad_c(full_target_scalar_reference),0.007821114144702768,False,0.7865587537772909,2044801
hotpotqa,44,selection,5,534,5,glob_probe,best_in_menu_on_eval,0.02957042086771311,False,,2044801
hotpotqa,45,recalibration,5,538,5,ad_probe,ad_c(full_target_scalar_reference),0.003938452200664577,True,0.5155222498747192,2045801
hotpotqa,45,selection,5,538,5,ad_probe,best_in_menu_on_eval,0.0,True,,2045801
hotpotqa,46,recalibration,5,500,5,ad_probe,ad_c(full_target_scalar_reference),0.00809805565514965,False,0.8541194864068655,2046801
hotpotqa,46,selection,5,500,5,glob_probe,best_in_menu_on_eval,0.015036570608900957,False,,2046801
hotpotqa,47,recalibration,5,496,5,ad_probe,ad_c(full_target_scalar_reference),0.002992496673170697,True,0.4204599536499045,2047801
hotpotqa,47,selection,5,496,5,glob_probe,best_in_menu_on_eval,0.04041515141585161,False,,2047801
hotpotqa,48,recalibration,5,462,5,ad_probe,ad_c(full_target_scalar_reference),0.0003973387355946656,True,0.052547533128423085,2048801
hotpotqa,48,selection,5,462,5,ad_probe,best_in_menu_on_eval,0.0,True,,2048801
hotpotqa,49,recalibration,5,479,5,ad_probe,ad_c(full_target_scalar_reference),0.008931091983337858,False,0.693484048133314,2049801
hotpotqa,49,selection,5,479,5,glob_probe,best_in_menu_on_eval,0.046333475537760904,False,,2049801
hotpotqa,0,recalibration,10,970,10,ad_probe,ad_c(full_target_scalar_reference),0.002656036649409277,True,0.3431688147790275,739
hotpotqa,0,selection,10,970,10,glob_probe,best_in_menu_on_eval,0.049621771119862434,False,,739
hotpotqa,1,recalibration,10,1049,10,ad_probe,ad_c(full_target_scalar_reference),0.0005987763188132211,True,0.04452837067345672,1739
hotpotqa,1,selection,10,1049,10,glob_probe,best_in_menu_on_eval,0.0225514920184382,False,,1739
hotpotqa,2,recalibration,10,1004,10,ad_probe,ad_c(full_target_scalar_reference),0.0040462019181432,True,0.3908763908840347,2739
hotpotqa,2,selection,10,1004,10,glob_probe,best_in_menu_on_eval,0.025355388122483946,False,,2739
hotpotqa,3,recalibration,10,1033,10,ad_probe,ad_c(full_target_scalar_reference),0.004771986006805395,True,0.46739413170593935,3739
hotpotqa,3,selection,10,1033,10,glob_probe,best_in_menu_on_eval,0.023224677842046293,False,,3739
hotpotqa,4,recalibration,10,1008,10,ad_probe,ad_c(full_target_scalar_reference),0.0015715146021428872,True,0.09967982065990566,4739
hotpotqa,4,selection,10,1008,10,ad_probe,best_in_menu_on_eval,0.0,True,,4739
hotpotqa,5,recalibration,10,936,10,ad_probe,ad_c(full_target_scalar_reference),0.0037148653787802965,True,0.46969009297656616,5739
hotpotqa,5,selection,10,936,10,trunc,best_in_menu_on_eval,0.05519176455312147,False,,5739
hotpotqa,6,recalibration,10,989,10,ad_probe,ad_c(full_target_scalar_reference),0.0003831912500711354,True,0.03770185321635311,6739
hotpotqa,6,selection,10,989,10,glob_probe,best_in_menu_on_eval,0.04735978159758347,False,,6739
hotpotqa,7,recalibration,10,978,10,ad_probe,ad_c(full_target_scalar_reference),0.0024724498008484863,True,0.3265127149815188,7739
hotpotqa,7,selection,10,978,10,glob_probe,best_in_menu_on_eval,0.030573739155375645,False,,7739
hotpotqa,8,recalibration,10,994,10,ad_probe,ad_c(full_target_scalar_reference),0.002093599579860994,True,0.21084574724851257,8739
hotpotqa,8,selection,10,994,10,glob_probe,best_in_menu_on_eval,0.02110898151022811,False,,8739
hotpotqa,9,recalibration,10,926,10,ad_probe,ad_c(full_target_scalar_reference),0.0018802164896859486,True,0.29179496313251607,9739
hotpotqa,9,selection,10,926,10,glob_probe,best_in_menu_on_eval,0.07412121740949318,False,,9739
hotpotqa,10,recalibration,10,978,10,ad_probe,ad_c(full_target_scalar_reference),0.002338024711069364,True,0.2380509270788831,10739
hotpotqa,10,selection,10,978,10,glob_probe,best_in_menu_on_eval,0.02085370050196067,False,,10739
hotpotqa,11,recalibration,10,1001,10,ad_probe,ad_c(full_target_scalar_reference),0.006177041253085824,False,0.570412368523342,11739
hotpotqa,11,selection,10,1001,10,glob_probe,best_in_menu_on_eval,0.040736380464529764,False,,11739
hotpotqa,12,recalibration,10,992,10,ad_probe,ad_c(full_target_scalar_reference),0.00032011659729602737,True,0.022099111685371042,12739
hotpotqa,12,selection,10,992,10,ad_probe,best_in_menu_on_eval,0.0,True,,12739
hotpotqa,13,recalibration,10,1031,10,ad_probe,ad_c(full_target_scalar_reference),0.002209080962595311,True,0.21586214396840853,13739
hotpotqa,13,selection,10,1031,10,ad_probe,best_in_menu_on_eval,0.0,True,,13739
hotpotqa,14,recalibration,10,975,10,ad_probe,ad_c(full_target_scalar_reference),0.0012265993865728797,True,0.19172069363900301,14739
hotpotqa,14,selection,10,975,10,glob_probe,best_in_menu_on_eval,0.03365761804791978,False,,14739
hotpotqa,15,recalibration,10,1040,10,ad_probe,ad_c(full_target_scalar_reference),0.0032908372682883824,True,0.3421943948970101,15739
hotpotqa,15,selection,10,1040,10,ad_probe,best_in_menu_on_eval,0.0,True,,15739
hotpotqa,16,recalibration,10,1065,10,ad_probe,ad_c(full_target_scalar_reference),0.0020219551617650655,True,0.14792402314504938,16739
hotpotqa,16,selection,10,1065,10,ad_probe,best_in_menu_on_eval,0.0,True,,16739
hotpotqa,17,recalibration,10,994,10,ad_probe,ad_c(full_target_scalar_reference),0.001199244732757121,True,0.2001905003882707,17739
hotpotqa,17,selection,10,994,10,glob_probe,best_in_menu_on_eval,0.0292482213344466,False,,17739
hotpotqa,18,recalibration,10,1020,10,ad_probe,ad_c(full_target_scalar_reference),0.0003417343742924128,True,0.03836025083162675,18739
hotpotqa,18,selection,10,1020,10,glob_probe,best_in_menu_on_eval,0.028390710975982003,False,,18739
hotpotqa,19,recalibration,10,1066,10,ad_probe,ad_c(full_target_scalar_reference),0.00636195011994467,False,0.594334245416418,19739
hotpotqa,19,selection,10,1066,10,glob_probe,best_in_menu_on_eval,0.023115739281094005,False,,19739
hotpotqa,20,recalibration,10,987,10,ad_probe,ad_c(full_target_scalar_reference),0.002771518032143594,True,0.34869368351973096,20739
hotpotqa,20,selection,10,987,10,glob_probe,best_in_menu_on_eval,0.025953861786943255,False,,20739
hotpotqa,21,recalibration,10,1026,10,ad_probe,ad_c(full_target_scalar_reference),0.002274856081172616,True,0.23457845221153995,21739
hotpotqa,21,selection,10,1026,10,glob_probe,best_in_menu_on_eval,0.02718990258935139,False,,21739
hotpotqa,22,recalibration,10,1042,10,ad_probe,ad_c(full_target_scalar_reference),0.0016634105017053757,True,0.26747983298650424,22739
hotpotqa,22,selection,10,1042,10,glob_probe,best_in_menu_on_eval,0.029744462520943205,False,,22739
hotpotqa,23,recalibration,10,949,10,ad_probe,ad_c(full_target_scalar_reference),0.0007323344996650327,True,0.13843707208618983,23739
hotpotqa,23,selection,10,949,10,trunc,best_in_menu_on_eval,0.052181667967549195,False,,23739
hotpotqa,24,recalibration,10,981,10,ad_probe,ad_c(full_target_scalar_reference),0.0036128463617858264,True,0.4726612326739934,24739
hotpotqa,24,selection,10,981,10,ad_probe,best_in_menu_on_eval,0.0,True,,24739
hotpotqa,25,recalibration,10,1003,10,ad_probe,ad_c(full_target_scalar_reference),0.0004558353153196748,True,0.030136262417228332,25739
hotpotqa,25,selection,10,1003,10,ad_probe,best_in_menu_on_eval,0.0,True,,25739
hotpotqa,26,recalibration,10,982,10,ad_probe,ad_c(full_target_scalar_reference),0.000742398822183854,True,0.07044844269374817,26739
hotpotqa,26,selection,10,982,10,glob_probe,best_in_menu_on_eval,0.03821490631810187,False,,26739
hotpotqa,27,recalibration,10,987,10,ad_probe,ad_c(full_target_scalar_reference),0.0015991337036497244,True,0.22263369544108147,27739
hotpotqa,27,selection,10,987,10,glob_probe,best_in_menu_on_eval,0.03902680622599308,False,,27739
hotpotqa,28,recalibration,10,1039,10,ad_probe,ad_c(full_target_scalar_reference),0.0009110753865861909,True,0.11448548146307136,28739
hotpotqa,28,selection,10,1039,10,ad_probe,best_in_menu_on_eval,0.0,True,,28739
hotpotqa,29,recalibration,10,1049,10,ad_probe,ad_c(full_target_scalar_reference),0.004155764259748174,True,0.40754064848844407,29739
hotpotqa,29,selection,10,1049,10,ad_probe,best_in_menu_on_eval,0.0,True,,29739
hotpotqa,30,recalibration,10,960,10,ad_probe,ad_c(full_target_scalar_reference),0.001579923471269118,True,0.21150062201276665,30739
hotpotqa,30,selection,10,960,10,glob_probe,best_in_menu_on_eval,0.12551623541312484,False,,30739
hotpotqa,31,recalibration,10,989,10,ad_probe,ad_c(full_target_scalar_reference),0.002391896202040611,True,0.2464382396459912,31739
hotpotqa,31,selection,10,989,10,glob_probe,best_in_menu_on_eval,0.029914259618341377,False,,31739
hotpotqa,32,recalibration,10,964,10,ad_probe,ad_c(full_target_scalar_reference),0.001237455263632059,True,0.1926128051262621,32739
hotpotqa,32,selection,10,964,10,glob_probe,best_in_menu_on_eval,0.038689095235168836,False,,32739
hotpotqa,33,recalibration,10,1027,10,ad_probe,ad_c(full_target_scalar_reference),0.00117222606587708,True,0.06121111911408561,33739
hotpotqa,33,selection,10,1027,10,glob_probe,best_in_menu_on_eval,0.021978042271374454,False,,33739
hotpotqa,34,recalibration,10,1015,10,ad_probe,ad_c(full_target_scalar_reference),0.0020834710764064956,True,0.15729568419065365,34739
hotpotqa,34,selection,10,1015,10,glob_probe,best_in_menu_on_eval,0.025986725065772154,False,,34739
hotpotqa,35,recalibration,10,1020,10,ad_probe,ad_c(full_target_scalar_reference),0.0025095990488277486,True,0.2979734808433647,35739
hotpotqa,35,selection,10,1020,10,glob_probe,best_in_menu_on_eval,0.020640669288423452,False,,35739
hotpotqa,36,recalibration,10,1055,10,ad_probe,ad_c(full_target_scalar_reference),0.001086194838052501,True,0.05575485869272545,36739
hotpotqa,36,selection,10,1055,10,glob_probe,best_in_menu_on_eval,0.02209978250833644,False,,36739
hotpotqa,37,recalibration,10,1025,10,ad_probe,ad_c(full_target_scalar_reference),0.0009649655886769803,True,0.051514871490977,37739
hotpotqa,37,selection,10,1025,10,glob_probe,best_in_menu_on_eval,0.028483189338146975,False,,37739
hotpotqa,38,recalibration,10,900,10,ad_probe,ad_c(full_target_scalar_reference),0.0018802164896860596,True,0.29136848713255703,38739
hotpotqa,38,selection,10,900,10,glob_probe,best_in_menu_on_eval,0.03429099781574352,False,,38739
hotpotqa,39,recalibration,10,882,10,ad_probe,ad_c(full_target_scalar_reference),0.0038423347084257653,True,0.4767169739303869,39739
hotpotqa,39,selection,10,882,10,glob_probe,best_in_menu_on_eval,0.1278118147160856,False,,39739
hotpotqa,40,recalibration,10,1096,10,ad_probe,ad_c(full_target_scalar_reference),0.002221946147762943,True,0.20128611629809678,40739
hotpotqa,40,selection,10,1096,10,trunc,best_in_menu_on_eval,0.04930507685219032,False,,40739
hotpotqa,41,recalibration,10,1062,10,ad_probe,ad_c(full_target_scalar_reference),0.000930180652023882,True,0.11213211467949846,41739
hotpotqa,41,selection,10,1062,10,glob_probe,best_in_menu_on_eval,0.04789591512247704,False,,41739
hotpotqa,42,recalibration,10,920,10,ad_probe,ad_c(full_target_scalar_reference),0.0002475665091687951,True,0.01970191176593672,42739
hotpotqa,42,selection,10,920,10,ad_probe,best_in_menu_on_eval,0.0,True,,42739
hotpotqa,43,recalibration,10,1018,10,ad_probe,ad_c(full_target_scalar_reference),0.0017680360073807355,True,0.27666872540696996,43739
hotpotqa,43,selection,10,1018,10,ad_probe,best_in_menu_on_eval,0.0,True,,43739
hotpotqa,44,recalibration,10,1072,10,ad_probe,ad_c(full_target_scalar_reference),0.004796839138884179,True,0.46450107551772546,44739
hotpotqa,44,selection,10,1072,10,glob_probe,best_in_menu_on_eval,0.02766625494001096,False,,44739
hotpotqa,45,recalibration,10,1009,10,ad_probe,ad_c(full_target_scalar_reference),0.002129308588998402,True,0.21033098802046912,45739
hotpotqa,45,selection,10,1009,10,glob_probe,best_in_menu_on_eval,0.044853029625154694,False,,45739
hotpotqa,46,recalibration,10,962,10,ad_probe,ad_c(full_target_scalar_reference),0.0007323344996650327,True,0.13924330630140758,46739
hotpotqa,46,selection,10,962,10,ad_probe,best_in_menu_on_eval,0.0,True,,46739
hotpotqa,47,recalibration,10,1026,10,ad_probe,ad_c(full_target_scalar_reference),0.0013229755038698388,True,0.19721502899289622,47739
hotpotqa,47,selection,10,1026,10,glob_probe,best_in_menu_on_eval,0.030845965968360867,False,,47739
hotpotqa,48,recalibration,10,1010,10,ad_probe,ad_c(full_target_scalar_reference),0.0013622635907921676,True,0.0915444770620828,48739
hotpotqa,48,selection,10,1010,10,glob_probe,best_in_menu_on_eval,0.02803932644983509,False,,48739
hotpotqa,49,recalibration,10,1020,10,ad_probe,ad_c(full_target_scalar_reference),0.0007913379027475465,True,0.1196999584355356,49739
hotpotqa,49,selection,10,1020,10,glob_probe,best_in_menu_on_eval,0.047809385126038606,False,,49739
hotpotqa,0,recalibration,20,1988,20,ad_probe,ad_c(full_target_scalar_reference),0.0009082798148392079,True,0.08345406042158765,2200822
hotpotqa,0,selection,20,1988,20,glob_probe,best_in_menu_on_eval,0.038531608186089694,False,,2200822
hotpotqa,1,recalibration,20,1988,20,ad_probe,ad_c(full_target_scalar_reference),0.0007018910891897212,True,0.07070032924264091,2201822
hotpotqa,1,selection,20,1988,20,glob_probe,best_in_menu_on_eval,0.02392502012782982,False,,2201822
hotpotqa,2,recalibration,20,2100,20,ad_probe,ad_c(full_target_scalar_reference),0.00038727521090708983,True,0.051925178791488724,2202822
hotpotqa,2,selection,20,2100,20,trunc,best_in_menu_on_eval,0.05201051781518584,False,,2202822
hotpotqa,3,recalibration,20,2139,20,ad_probe,ad_c(full_target_scalar_reference),0.004607144953570508,True,0.44254334028937925,2203822
hotpotqa,3,selection,20,2139,20,glob_probe,best_in_menu_on_eval,0.02484512824362517,False,,2203822
hotpotqa,4,recalibration,20,1964,20,ad_probe,ad_c(full_target_scalar_reference),0.000792409450347753,True,0.12115549329713238,2204822
hotpotqa,4,selection,20,1964,20,trunc,best_in_menu_on_eval,0.05232453958859229,False,,2204822
hotpotqa,5,recalibration,20,1953,20,ad_probe,ad_c(full_target_scalar_reference),0.0015271743411714445,True,0.21555835389270306,2205822
hotpotqa,5,selection,20,1953,20,glob_probe,best_in_menu_on_eval,0.029614131953831446,False,,2205822
hotpotqa,6,recalibration,20,2057,20,ad_probe,ad_c(full_target_scalar_reference),0.0008380933296538995,True,0.14352159473729986,2206822
hotpotqa,6,selection,20,2057,20,glob_probe,best_in_menu_on_eval,0.038290558786687856,False,,2206822
hotpotqa,7,recalibration,20,2075,20,ad_probe,ad_c(full_target_scalar_reference),0.0008790566167207192,True,0.11355804570559447,2207822
hotpotqa,7,selection,20,2075,20,glob_probe,best_in_menu_on_eval,0.024222445458011554,False,,2207822
hotpotqa,8,recalibration,20,1974,20,ad_probe,ad_c(full_target_scalar_reference),0.0009314402060551785,True,0.11272834050394143,2208822
hotpotqa,8,selection,20,1974,20,ad_probe,best_in_menu_on_eval,0.0,True,,2208822
hotpotqa,9,recalibration,20,2001,20,ad_probe,ad_c(full_target_scalar_reference),0.0007400258610132937,True,0.12096072050479711,2209822
hotpotqa,9,selection,20,2001,20,ad_probe,best_in_menu_on_eval,0.0,True,,2209822
hotpotqa,10,recalibration,20,2061,20,ad_probe,ad_c(full_target_scalar_reference),0.0015998343786679525,True,0.10426921408604062,2210822
hotpotqa,10,selection,20,2061,20,ad_probe,best_in_menu_on_eval,0.0,True,,2210822
hotpotqa,11,recalibration,20,2059,20,ad_probe,ad_c(full_target_scalar_reference),0.0003872752109068678,True,0.051552984910626654,2211822
hotpotqa,11,selection,20,2059,20,ad_probe,best_in_menu_on_eval,0.0,True,,2211822
hotpotqa,12,recalibration,20,1990,20,ad_probe,ad_c(full_target_scalar_reference),0.003825027400309211,True,0.3658228300077855,2212822
hotpotqa,12,selection,20,1990,20,ad_probe,best_in_menu_on_eval,0.0,True,,2212822
hotpotqa,13,recalibration,20,2027,20,ad_probe,ad_c(full_target_scalar_reference),0.0021705592582272892,True,0.2250388524728153,2213822
hotpotqa,13,selection,20,2027,20,glob_probe,best_in_menu_on_eval,0.035395660260869044,False,,2213822
hotpotqa,14,recalibration,20,1911,20,ad_probe,ad_c(full_target_scalar_reference),0.001430667721346257,True,0.20837231825882374,2214822
hotpotqa,14,selection,20,1911,20,glob_probe,best_in_menu_on_eval,0.0308317481100292,False,,2214822
hotpotqa,15,recalibration,20,1948,20,ad_probe,ad_c(full_target_scalar_reference),0.0003837101278642008,True,0.037477519513891444,2215822
hotpotqa,15,selection,20,1948,20,ad_probe,best_in_menu_on_eval,0.0,True,,2215822
hotpotqa,16,recalibration,20,2058,20,ad_probe,ad_c(full_target_scalar_reference),0.004543890787275795,True,0.43544711399210523,2216822
hotpotqa,16,selection,20,2058,20,glob_probe,best_in_menu_on_eval,0.04239154320126637,False,,2216822
hotpotqa,17,recalibration,20,1988,20,ad_probe,ad_c(full_target_scalar_reference),0.0020734096906853683,True,0.17374624406021844,2217822
hotpotqa,17,selection,20,1988,20,ad_probe,best_in_menu_on_eval,0.0,True,,2217822
hotpotqa,18,recalibration,20,2105,20,ad_probe,ad_c(full_target_scalar_reference),0.002579711427474485,True,0.31471124109513027,2218822
hotpotqa,18,selection,20,2105,20,trunc,best_in_menu_on_eval,0.04896853524559863,False,,2218822
hotpotqa,19,recalibration,20,2092,20,ad_probe,ad_c(full_target_scalar_reference),0.0021626842453720263,True,0.186988132309575,2219822
hotpotqa,19,selection,20,2092,20,ad_probe,best_in_menu_on_eval,0.0,True,,2219822
hotpotqa,20,recalibration,20,1924,20,ad_probe,ad_c(full_target_scalar_reference),0.0007542746785244026,True,0.072297602237269,2220822
hotpotqa,20,selection,20,1924,20,glob_probe,best_in_menu_on_eval,0.03825572739475436,False,,2220822
hotpotqa,21,recalibration,20,1989,20,ad_probe,ad_c(full_target_scalar_reference),0.0008588509483743456,True,0.15416481491366496,2221822
hotpotqa,21,selection,20,1989,20,glob_probe,best_in_menu_on_eval,0.03340741619005483,False,,2221822
hotpotqa,22,recalibration,20,1968,20,ad_probe,ad_c(full_target_scalar_reference),1.6626226765237284e-05,True,0.006319223741254154,2222822
hotpotqa,22,selection,20,1968,20,glob_probe,best_in_menu_on_eval,0.023310842744511784,False,,2222822
hotpotqa,23,recalibration,20,1910,20,ad_probe,ad_c(full_target_scalar_reference),0.000934585837743307,True,0.09642983378243764,2223822
hotpotqa,23,selection,20,1910,20,glob_probe,best_in_menu_on_eval,0.047880890403245835,False,,2223822
hotpotqa,24,recalibration,20,1951,20,ad_probe,ad_c(full_target_scalar_reference),0.0017224900179454439,True,0.27504508382620974,2224822
hotpotqa,24,selection,20,1951,20,ad_probe,best_in_menu_on_eval,0.0,True,,2224822
hotpotqa,25,recalibration,20,1997,20,ad_probe,ad_c(full_target_scalar_reference),0.003936043108916487,True,0.38337710201745234,2225822
hotpotqa,25,selection,20,1997,20,ad_probe,best_in_menu_on_eval,0.0,True,,2225822
hotpotqa,26,recalibration,20,2020,20,ad_probe,ad_c(full_target_scalar_reference),0.00037918218521793,True,0.03524792098331919,2226822
hotpotqa,26,selection,20,2020,20,glob_probe,best_in_menu_on_eval,0.046702531994367025,False,,2226822
hotpotqa,27,recalibration,20,1862,20,ad_probe,ad_c(full_target_scalar_reference),5.238358933434828e-05,True,0.001446729658244772,2227822
hotpotqa,27,selection,20,1862,20,glob_probe,best_in_menu_on_eval,0.09683199012791899,False,,2227822
hotpotqa,28,recalibration,20,1956,20,ad_probe,ad_c(full_target_scalar_reference),0.0007333261509849809,True,0.13858696952393657,2228822
hotpotqa,28,selection,20,1956,20,glob_probe,best_in_menu_on_eval,0.033345145558960176,False,,2228822
hotpotqa,29,recalibration,20,1875,20,ad_probe,ad_c(full_target_scalar_reference),0.001871807473136755,True,0.2866569561833676,2229822
hotpotqa,29,selection,20,1875,20,glob_probe,best_in_menu_on_eval,0.04895352165272193,False,,2229822
hotpotqa,30,recalibration,20,2055,20,ad_probe,ad_c(full_target_scalar_reference),0.005321169471560805,False,0.5006111401149,2230822
hotpotqa,30,selection,20,2055,20,glob_probe,best_in_menu_on_eval,0.0178604465547052,False,,2230822
hotpotqa,31,recalibration,20,1876,20,ad_probe,ad_c(full_target_scalar_reference),0.001780807794941941,True,0.25954419567051445,2231822
hotpotqa,31,selection,20,1876,20,glob_probe,best_in_menu_on_eval,0.03924333539862912,False,,2231822
hotpotqa,32,recalibration,20,2127,20,ad_probe,ad_c(full_target_scalar_reference),0.0004948199408471021,True,0.043482727565058665,2232822
hotpotqa,32,selection,20,2127,20,glob_probe,best_in_menu_on_eval,0.03194583249047667,False,,2232822
hotpotqa,33,recalibration,20,1990,20,ad_probe,ad_c(full_target_scalar_reference),7.98803930599501e-05,True,0.007887045018450944,2233822
hotpotqa,33,selection,20,1990,20,glob_probe,best_in_menu_on_eval,0.029572664226823808,False,,2233822
hotpotqa,34,recalibration,20,1880,20,ad_probe,ad_c(full_target_scalar_reference),0.00043156577455216727,True,0.039706533260644106,2234822
hotpotqa,34,selection,20,1880,20,ad_probe,best_in_menu_on_eval,0.0,True,,2234822
hotpotqa,35,recalibration,20,1937,20,ad_probe,ad_c(full_target_scalar_reference),0.0015212589946664856,True,0.09875755235432737,2235822
hotpotqa,35,selection,20,1937,20,glob_probe,best_in_menu_on_eval,0.07064128128188885,False,,2235822
hotpotqa,36,recalibration,20,1954,20,ad_probe,ad_c(full_target_scalar_reference),0.002698000559072211,True,0.35144894893794465,2236822
hotpotqa,36,selection,20,1954,20,glob_probe,best_in_menu_on_eval,0.025898320475110204,False,,2236822
hotpotqa,37,recalibration,20,2003,20,ad_probe,ad_c(full_target_scalar_reference),0.0008786228068279334,True,0.15102425940517406,2237822
hotpotqa,37,selection,20,2003,20,glob_probe,best_in_menu_on_eval,0.038584987092285195,False,,2237822
hotpotqa,38,recalibration,20,1981,20,ad_probe,ad_c(full_target_scalar_reference),0.0004564525601611358,True,0.027533989009964843,2238822
hotpotqa,38,selection,20,1981,20,ad_probe,best_in_menu_on_eval,0.0,True,,2238822
hotpotqa,39,recalibration,20,2133,20,ad_probe,ad_c(full_target_scalar_reference),0.0016574568036158421,True,0.12995797164271772,2239822
hotpotqa,39,selection,20,2133,20,glob_probe,best_in_menu_on_eval,0.04547664096530368,False,,2239822
hotpotqa,40,recalibration,20,2013,20,ad_probe,ad_c(full_target_scalar_reference),0.0003002853273580408,True,0.02062048467348432,2240822
hotpotqa,40,selection,20,2013,20,ad_probe,best_in_menu_on_eval,0.0,True,,2240822
hotpotqa,41,recalibration,20,2045,20,ad_probe,ad_c(full_target_scalar_reference),0.0011193521203278767,True,0.0733147159426768,2241822
hotpotqa,41,selection,20,2045,20,glob_probe,best_in_menu_on_eval,0.022062263905938018,False,,2241822
hotpotqa,42,recalibration,20,1963,20,ad_probe,ad_c(full_target_scalar_reference),0.001780807794941941,True,0.2589649921903876,2242822
hotpotqa,42,selection,20,1963,20,glob_probe,best_in_menu_on_eval,0.04891490556386158,False,,2242822
hotpotqa,43,recalibration,20,1968,20,ad_probe,ad_c(full_target_scalar_reference),0.0024342847232080578,True,0.3291941776341336,2243822
hotpotqa,43,selection,20,1968,20,glob_probe,best_in_menu_on_eval,0.03189950616037074,False,,2243822
hotpotqa,44,recalibration,20,2001,20,ad_probe,ad_c(full_target_scalar_reference),0.0015795579305059038,True,0.21550611340580095,2244822
hotpotqa,44,selection,20,2001,20,glob_probe,best_in_menu_on_eval,0.03910202360273474,False,,2244822
hotpotqa,45,recalibration,20,2010,20,ad_probe,ad_c(full_target_scalar_reference),0.000934585837743307,True,0.09615307241744175,2245822
hotpotqa,45,selection,20,2010,20,glob_probe,best_in_menu_on_eval,0.03850077108720129,False,,2245822
hotpotqa,46,recalibration,20,2044,20,ad_probe,ad_c(full_target_scalar_reference),0.002110300656037567,True,0.1818791319631703,2246822
hotpotqa,46,selection,20,2044,20,glob_probe,best_in_menu_on_eval,0.027466985617807915,False,,2246822
hotpotqa,47,recalibration,20,2088,20,ad_probe,ad_c(full_target_scalar_reference),0.0013641082266631077,True,0.08973179404244269,2247822
hotpotqa,47,selection,20,2088,20,glob_probe,best_in_menu_on_eval,0.021817507799602787,False,,2247822
hotpotqa,48,recalibration,20,1944,20,ad_probe,ad_c(full_target_scalar_reference),0.0009675331542183807,True,0.17803764367620212,2248822
hotpotqa,48,selection,20,1944,20,glob_probe,best_in_menu_on_eval,0.024149149180484275,False,,2248822
hotpotqa,49,recalibration,20,1899,20,ad_probe,ad_c(full_target_scalar_reference),0.0020678041084635224,True,0.1925966185790211,2249822
hotpotqa,49,selection,20,1899,20,glob_probe,best_in_menu_on_eval,0.035411244726579305,False,,2249822
hotpotqa,0,recalibration,50,4918,50,ad_probe,ad_c(full_target_scalar_reference),0.00021666303501499673,True,0.021343503939490027,2300473
hotpotqa,0,selection,50,4918,50,glob_probe,best_in_menu_on_eval,0.02373119008907021,False,,2300473
hotpotqa,1,recalibration,50,5024,50,ad_probe,ad_c(full_target_scalar_reference),0.0021715055271341877,True,0.18652115184707685,2301473
hotpotqa,1,selection,50,5024,50,glob_probe,best_in_menu_on_eval,0.04506318660116582,False,,2301473
hotpotqa,2,recalibration,50,4961,50,ad_probe,ad_c(full_target_scalar_reference),0.0006561110703298123,True,0.13033500699807665,2302473
hotpotqa,2,selection,50,4961,50,glob_probe,best_in_menu_on_eval,0.09796077987556995,False,,2302473
hotpotqa,3,recalibration,50,5106,50,ad_probe,ad_c(full_target_scalar_reference),0.0013696722303070397,True,0.08970658659223552,2303473
hotpotqa,3,selection,50,5106,50,ad_probe,best_in_menu_on_eval,0.0,True,,2303473
hotpotqa,4,recalibration,50,5046,50,ad_probe,ad_c(full_target_scalar_reference),0.0024721755367130838,True,0.27106321343578954,2304473
hotpotqa,4,selection,50,5046,50,ad_probe,best_in_menu_on_eval,0.0,True,,2304473
hotpotqa,5,recalibration,50,5015,50,ad_probe,ad_c(full_target_scalar_reference),0.00021666303501477469,True,0.021336457411289755,2305473
hotpotqa,5,selection,50,5015,50,glob_probe,best_in_menu_on_eval,0.02847333537392427,False,,2305473
hotpotqa,6,recalibration,50,5128,50,ad_probe,ad_c(full_target_scalar_reference),0.002150019904969769,True,0.16890879746577814,2306473
hotpotqa,6,selection,50,5128,50,ad_probe,best_in_menu_on_eval,0.0,True,,2306473
hotpotqa,7,recalibration,50,4992,50,ad_probe,ad_c(full_target_scalar_reference),0.001189072755143128,True,0.19949473700569298,2307473
hotpotqa,7,selection,50,4992,50,ad_probe,best_in_menu_on_eval,0.0,True,,2307473
hotpotqa,8,recalibration,50,5047,50,ad_probe,ad_c(full_target_scalar_reference),0.001165600136642353,True,0.06366228583647149,2308473
hotpotqa,8,selection,50,5047,50,glob_probe,best_in_menu_on_eval,0.03145915491984297,False,,2308473
hotpotqa,9,recalibration,50,5063,50,ad_probe,ad_c(full_target_scalar_reference),0.0016137062173722239,True,0.11520647384010485,2309473
hotpotqa,9,selection,50,5063,50,ad_probe,best_in_menu_on_eval,0.0,True,,2309473
hotpotqa,10,recalibration,50,5063,50,ad_probe,ad_c(full_target_scalar_reference),0.0008441182879832532,True,0.09966686244993483,2310473
hotpotqa,10,selection,50,5063,50,ad_probe,best_in_menu_on_eval,0.0,True,,2310473
hotpotqa,11,recalibration,50,4991,50,ad_probe,ad_c(full_target_scalar_reference),0.0010530592859586685,True,0.05756027588240875,2311473
hotpotqa,11,selection,50,4991,50,ad_probe,best_in_menu_on_eval,0.0,True,,2311473
hotpotqa,12,recalibration,50,5059,50,ad_probe,ad_c(full_target_scalar_reference),0.0006020327501868872,True,0.046420983176062025,2312473
hotpotqa,12,selection,50,5059,50,ad_probe,best_in_menu_on_eval,0.0,True,,2312473
hotpotqa,13,recalibration,50,5105,50,ad_probe,ad_c(full_target_scalar_reference),0.0002489128939909824,True,0.01853145786197774,2313473
hotpotqa,13,selection,50,5105,50,ad_probe,best_in_menu_on_eval,0.0,True,,2313473
hotpotqa,14,recalibration,50,4940,50,ad_probe,ad_c(full_target_scalar_reference),0.002117920725681066,True,0.18980217570674252,2314473
hotpotqa,14,selection,50,4940,50,ad_probe,best_in_menu_on_eval,0.0,True,,2314473
hotpotqa,15,recalibration,50,5024,50,ad_probe,ad_c(full_target_scalar_reference),0.002168800085250777,True,0.16574818435571825,2315473
hotpotqa,15,selection,50,5024,50,ad_probe,best_in_menu_on_eval,0.0,True,,2315473
hotpotqa,16,recalibration,50,4945,50,ad_probe,ad_c(full_target_scalar_reference),0.0016159644602879997,True,0.10064747597545387,2316473
hotpotqa,16,selection,50,4945,50,ad_probe,best_in_menu_on_eval,0.0,True,,2316473
hotpotqa,17,recalibration,50,5005,50,ad_probe,ad_c(full_target_scalar_reference),0.0009134095853180479,True,0.10445520597720548,2317473
hotpotqa,17,selection,50,5005,50,glob_probe,best_in_menu_on_eval,0.024191666267204814,False,,2317473
hotpotqa,18,recalibration,50,5088,50,ad_probe,ad_c(full_target_scalar_reference),0.0012274910931200367,True,0.19306315464000767,2318473
hotpotqa,18,selection,50,5088,50,ad_probe,best_in_menu_on_eval,0.0,True,,2318473
hotpotqa,19,recalibration,50,5045,50,ad_probe,ad_c(full_target_scalar_reference),0.0010186040944230035,True,0.10764247813713701,2319473
hotpotqa,19,selection,50,5045,50,glob_probe,best_in_menu_on_eval,0.024244911412542036,False,,2319473
hotpotqa,20,recalibration,50,4968,50,ad_probe,ad_c(full_target_scalar_reference),0.0007956415759098334,True,0.12015300648039084,2320473
hotpotqa,20,selection,50,4968,50,ad_probe,best_in_menu_on_eval,0.0,True,,2320473
hotpotqa,21,recalibration,50,5101,50,ad_probe,ad_c(full_target_scalar_reference),0.0021189082725815434,True,0.18342733964286517,2321473
hotpotqa,21,selection,50,5101,50,glob_probe,best_in_menu_on_eval,0.027530934347894664,False,,2321473
hotpotqa,22,recalibration,50,5010,50,ad_probe,ad_c(full_target_scalar_reference),0.0003852752269580817,True,0.036926495495660516,2322473
hotpotqa,22,selection,50,5010,50,glob_probe,best_in_menu_on_eval,0.028690917733450227,False,,2322473
hotpotqa,23,recalibration,50,5068,50,ad_probe,ad_c(full_target_scalar_reference),0.0012291123076941801,True,0.07586631625263984,2323473
hotpotqa,23,selection,50,5068,50,glob_probe,best_in_menu_on_eval,0.031453696344522,False,,2323473
hotpotqa,24,recalibration,50,5126,50,ad_probe,ad_c(full_target_scalar_reference),0.00032998358011104845,True,0.04730353197262249,2324473
hotpotqa,24,selection,50,5126,50,ad_probe,best_in_menu_on_eval,0.0,True,,2324473
hotpotqa,25,recalibration,50,5055,50,ad_probe,ad_c(full_target_scalar_reference),2.7608959281333334e-05,True,0.009221004854782278,2325473
hotpotqa,25,selection,50,5055,50,glob_probe,best_in_menu_on_eval,0.0376388201518596,False,,2325473
hotpotqa,26,recalibration,50,5078,50,ad_probe,ad_c(full_target_scalar_reference),0.0011765150531414248,True,0.07279462102654288,2326473
hotpotqa,26,selection,50,5078,50,glob_probe,best_in_menu_on_eval,0.03650931278869951,False,,2326473
hotpotqa,27,recalibration,50,4982,50,ad_probe,ad_c(full_target_scalar_reference),0.00026298627276299946,True,0.005217267855108121,2327473
hotpotqa,27,selection,50,4982,50,ad_probe,best_in_menu_on_eval,0.0,True,,2327473
hotpotqa,28,recalibration,50,5043,50,ad_probe,ad_c(full_target_scalar_reference),0.0004057171107485491,True,0.025767658968139484,2328473
hotpotqa,28,selection,50,5043,50,ad_probe,best_in_menu_on_eval,0.0,True,,2328473
hotpotqa,29,recalibration,50,4929,50,ad_probe,ad_c(full_target_scalar_reference),0.0018182195740895635,True,0.23447542479678596,2329473
hotpotqa,29,selection,50,4929,50,ad_probe,best_in_menu_on_eval,0.0,True,,2329473
hotpotqa,30,recalibration,50,5007,50,ad_probe,ad_c(full_target_scalar_reference),0.0008623540793670781,True,0.15544962998747835,2330473
hotpotqa,30,selection,50,5007,50,ad_probe,best_in_menu_on_eval,0.0,True,,2330473
hotpotqa,31,recalibration,50,5057,50,ad_probe,ad_c(full_target_scalar_reference),0.0011130028820895976,True,0.0679659616750341,2331473
hotpotqa,31,selection,50,5057,50,ad_probe,best_in_menu_on_eval,0.0,True,,2331473
hotpotqa,32,recalibration,50,5041,50,ad_probe,ad_c(full_target_scalar_reference),0.0018110941815845383,True,0.1264138479953434,2332473
hotpotqa,32,selection,50,5041,50,ad_probe,best_in_menu_on_eval,0.0,True,,2332473
hotpotqa,33,recalibration,50,5089,50,ad_probe,ad_c(full_target_scalar_reference),0.0011765150531415358,True,0.07080720895700554,2333473
hotpotqa,33,selection,50,5089,50,ad_probe,best_in_menu_on_eval,0.0,True,,2333473
hotpotqa,34,recalibration,50,4858,50,ad_probe,ad_c(full_target_scalar_reference),0.0007015955409449548,True,0.07865867435496532,2334473
hotpotqa,34,selection,50,4858,50,glob_probe,best_in_menu_on_eval,0.02891849957388304,False,,2334473
hotpotqa,35,recalibration,50,5019,50,ad_probe,ad_c(full_target_scalar_reference),0.0015800612485175058,True,0.09806968613302813,2335473
hotpotqa,35,selection,50,5019,50,ad_probe,best_in_menu_on_eval,0.0,True,,2335473
hotpotqa,36,recalibration,50,4849,50,ad_probe,ad_c(full_target_scalar_reference),0.0008082150762126483,True,0.10499069329473065,2336473
hotpotqa,36,selection,50,4849,50,ad_probe,best_in_menu_on_eval,0.0,True,,2336473
hotpotqa,37,recalibration,50,4995,50,ad_probe,ad_c(full_target_scalar_reference),0.0006938390867184951,True,0.06995921016149675,2337473
hotpotqa,37,selection,50,4995,50,glob_probe,best_in_menu_on_eval,0.0481440560234454,False,,2337473
hotpotqa,38,recalibration,50,4968,50,ad_probe,ad_c(full_target_scalar_reference),0.002187061343328245,True,0.17771520477804725,2338473
hotpotqa,38,selection,50,4968,50,ad_probe,best_in_menu_on_eval,0.0,True,,2338473
hotpotqa,39,recalibration,50,4891,50,ad_probe,ad_c(full_target_scalar_reference),0.0017694118435311879,True,0.13092828194758055,2339473
hotpotqa,39,selection,50,4891,50,glob_probe,best_in_menu_on_eval,0.0709190446970851,False,,2339473
hotpotqa,40,recalibration,50,4824,50,ad_probe,ad_c(full_target_scalar_reference),0.0027602922425676857,True,0.34757967874829876,2340473
hotpotqa,40,selection,50,4824,50,glob_probe,best_in_menu_on_eval,0.0405455447249744,False,,2340473
hotpotqa,41,recalibration,50,4757,50,ad_probe,ad_c(full_target_scalar_reference),0.002522294265076108,True,0.33845232097606837,2341473
hotpotqa,41,selection,50,4757,50,glob_probe,best_in_menu_on_eval,0.04029641121403771,False,,2341473
hotpotqa,42,recalibration,50,5093,50,ad_probe,ad_c(full_target_scalar_reference),0.00215001990496988,True,0.17289535403654965,2342473
hotpotqa,42,selection,50,5093,50,glob_probe,best_in_menu_on_eval,0.021225250692732733,False,,2342473
hotpotqa,43,recalibration,50,4874,50,ad_probe,ad_c(full_target_scalar_reference),0.0008315866578127995,True,0.1645632242579087,2343473
hotpotqa,43,selection,50,4874,50,glob_probe,best_in_menu_on_eval,0.024207706240689908,False,,2343473
hotpotqa,44,recalibration,50,5002,50,ad_probe,ad_c(full_target_scalar_reference),0.0005158791935718776,True,0.0548640470725108,2344473
hotpotqa,44,selection,50,5002,50,glob_probe,best_in_menu_on_eval,0.028836488137522487,False,,2344473
hotpotqa,45,recalibration,50,5096,50,ad_probe,ad_c(full_target_scalar_reference),0.0007538771710636771,True,0.0666100169691548,2345473
hotpotqa,45,selection,50,5096,50,glob_probe,best_in_menu_on_eval,0.038337101887336966,False,,2345473
hotpotqa,46,recalibration,50,4958,50,ad_probe,ad_c(full_target_scalar_reference),0.0005494354956343539,True,0.043811952790771214,2346473
hotpotqa,46,selection,50,4958,50,trunc,best_in_menu_on_eval,0.051286482596039185,False,,2346473
hotpotqa,47,recalibration,50,5059,50,ad_probe,ad_c(full_target_scalar_reference),0.00038072881547723814,True,0.03354977526217229,2347473
hotpotqa,47,selection,50,5059,50,glob_probe,best_in_menu_on_eval,0.022951304418551977,False,,2347473
hotpotqa,48,recalibration,50,5006,50,ad_probe,ad_c(full_target_scalar_reference),0.0006020327501869982,True,0.04460665376070483,2348473
hotpotqa,48,selection,50,5006,50,ad_probe,best_in_menu_on_eval,0.0,True,,2348473
hotpotqa,49,recalibration,50,5171,50,ad_probe,ad_c(full_target_scalar_reference),0.002150019904969769,True,0.16910801890207883,2349473
hotpotqa,49,selection,50,5171,50,glob_probe,best_in_menu_on_eval,0.026209292180848998,False,,2349473
hotpotqa,0,recalibration,100,10020,100,ad_probe,ad_c(full_target_scalar_reference),0.001099577115317829,True,0.05541870540398919,2400938
hotpotqa,0,selection,100,10020,100,ad_probe,best_in_menu_on_eval,0.0,True,,2400938
hotpotqa,1,recalibration,100,10182,100,ad_probe,ad_c(full_target_scalar_reference),0.0006531226527999312,True,0.06689593102150226,2401938
hotpotqa,1,selection,100,10182,100,ad_probe,best_in_menu_on_eval,0.0,True,,2401938
hotpotqa,2,recalibration,100,10036,100,ad_probe,ad_c(full_target_scalar_reference),0.00010591452627906062,True,0.0025082176039619153,2402938
hotpotqa,2,selection,100,10036,100,ad_probe,best_in_menu_on_eval,0.0,True,,2402938
hotpotqa,3,recalibration,100,10043,100,ad_probe,ad_c(full_target_scalar_reference),0.0008447828242145183,True,0.08142251611522777,2403938
hotpotqa,3,selection,100,10043,100,ad_probe,best_in_menu_on_eval,0.0,True,,2403938
hotpotqa,4,recalibration,100,10095,100,ad_probe,ad_c(full_target_scalar_reference),0.0012621429744815726,True,0.08595393952839792,2404938
hotpotqa,4,selection,100,10095,100,ad_probe,best_in_menu_on_eval,0.0,True,,2404938
hotpotqa,5,recalibration,100,9873,100,ad_probe,ad_c(full_target_scalar_reference),0.0005084205691813226,True,0.0539668830558615,2405938
hotpotqa,5,selection,100,9873,100,glob_probe,best_in_menu_on_eval,0.04815338244042655,False,,2405938
hotpotqa,6,recalibration,100,10125,100,ad_probe,ad_c(full_target_scalar_reference),0.0,True,0.0009462686642234264,2406938
hotpotqa,6,selection,100,10125,100,ad_probe,best_in_menu_on_eval,0.0,True,,2406938
hotpotqa,7,recalibration,100,10215,100,ad_probe,ad_c(full_target_scalar_reference),0.0021007891010220714,True,0.17045810989959143,2407938
hotpotqa,7,selection,100,10215,100,ad_probe,best_in_menu_on_eval,0.0,True,,2407938
hotpotqa,8,recalibration,100,9949,100,ad_probe,ad_c(full_target_scalar_reference),0.000642133027769054,True,0.060259751657649074,2408938
hotpotqa,8,selection,100,9949,100,ad_probe,best_in_menu_on_eval,0.0,True,,2408938
hotpotqa,9,recalibration,100,10160,100,ad_probe,ad_c(full_target_scalar_reference),0.000165188749527867,True,0.018998087462017255,2409938
hotpotqa,9,selection,100,10160,100,ad_probe,best_in_menu_on_eval,0.0,True,,2409938
hotpotqa,10,recalibration,100,9948,100,ad_probe,ad_c(full_target_scalar_reference),0.00038333476219498674,True,0.03225495639114473,2410938
hotpotqa,10,selection,100,9948,100,ad_probe,best_in_menu_on_eval,0.0,True,,2410938
hotpotqa,11,recalibration,100,10068,100,ad_probe,ad_c(full_target_scalar_reference),9.174482047924482e-05,True,0.009741422262881771,2411938
hotpotqa,11,selection,100,10068,100,ad_probe,best_in_menu_on_eval,0.0,True,,2411938
hotpotqa,12,recalibration,100,10029,100,ad_probe,ad_c(full_target_scalar_reference),0.0002757759407289173,True,0.009553921442631674,2412938
hotpotqa,12,selection,100,10029,100,ad_probe,best_in_menu_on_eval,0.0,True,,2412938
hotpotqa,13,recalibration,100,10107,100,ad_probe,ad_c(full_target_scalar_reference),0.000237497786471641,True,0.043326976883251156,2413938
hotpotqa,13,selection,100,10107,100,ad_probe,best_in_menu_on_eval,0.0,True,,2413938
hotpotqa,14,recalibration,100,9893,100,ad_probe,ad_c(full_target_scalar_reference),0.0008043096831836793,True,0.15169570936253574,2414938
hotpotqa,14,selection,100,9893,100,glob_probe,best_in_menu_on_eval,0.024257991563447878,False,,2414938
hotpotqa,15,recalibration,100,9978,100,ad_probe,ad_c(full_target_scalar_reference),0.0005891757646293572,True,0.05886408192496195,2415938
hotpotqa,15,selection,100,9978,100,ad_probe,best_in_menu_on_eval,0.0,True,,2415938
hotpotqa,16,recalibration,100,9921,100,ad_probe,ad_c(full_target_scalar_reference),0.0005891757646293572,True,0.06317198028798554,2416938
hotpotqa,16,selection,100,9921,100,ad_probe,best_in_menu_on_eval,0.0,True,,2416938
hotpotqa,17,recalibration,100,10027,100,ad_probe,ad_c(full_target_scalar_reference),0.00025061660989789125,True,0.01670927101110542,2417938
hotpotqa,17,selection,100,10027,100,ad_probe,best_in_menu_on_eval,0.0,True,,2417938
hotpotqa,18,recalibration,100,10083,100,ad_probe,ad_c(full_target_scalar_reference),0.00038791229216639245,True,0.03419951021375778,2418938
hotpotqa,18,selection,100,10083,100,glob_probe,best_in_menu_on_eval,0.028752480729384078,False,,2418938
hotpotqa,19,recalibration,100,9970,100,ad_probe,ad_c(full_target_scalar_reference),0.001099577115317829,True,0.05544137360288981,2419938
hotpotqa,19,selection,100,9970,100,ad_probe,best_in_menu_on_eval,0.0,True,,2419938
hotpotqa,20,recalibration,100,10044,100,ad_probe,ad_c(full_target_scalar_reference),0.0006061534397843182,True,0.04560809267066346,2420938
hotpotqa,20,selection,100,10044,100,ad_probe,best_in_menu_on_eval,0.0,True,,2420938
hotpotqa,21,recalibration,100,9997,100,ad_probe,ad_c(full_target_scalar_reference),0.0008667042700587491,True,0.10444577243591646,2421938
hotpotqa,21,selection,100,9997,100,ad_probe,best_in_menu_on_eval,0.0,True,,2421938
hotpotqa,22,recalibration,100,9864,100,ad_probe,ad_c(full_target_scalar_reference),0.0010602670839459094,True,0.058704991207517265,2422938
hotpotqa,22,selection,100,9864,100,ad_probe,best_in_menu_on_eval,0.0,True,,2422938
hotpotqa,23,recalibration,100,10057,100,ad_probe,ad_c(full_target_scalar_reference),0.0002757759407289173,True,0.01204855659236137,2423938
hotpotqa,23,selection,100,10057,100,glob_probe,best_in_menu_on_eval,0.023235103942621627,False,,2423938
hotpotqa,24,recalibration,100,9990,100,ad_probe,ad_c(full_target_scalar_reference),0.00039750446799491357,True,0.023949048289816366,2424938
hotpotqa,24,selection,100,9990,100,ad_probe,best_in_menu_on_eval,0.0,True,,2424938
hotpotqa,25,recalibration,100,9982,100,ad_probe,ad_c(full_target_scalar_reference),0.0007413571013037412,True,0.1410485836262818,2425938
hotpotqa,25,selection,100,9982,100,glob_probe,best_in_menu_on_eval,0.024177024843404893,False,,2425938
hotpotqa,26,recalibration,100,10030,100,ad_probe,ad_c(full_target_scalar_reference),0.0003770178020858772,True,0.023489955756155867,2426938
hotpotqa,26,selection,100,10030,100,glob_probe,best_in_menu_on_eval,0.03821914961130579,False,,2426938
hotpotqa,27,recalibration,100,10148,100,ad_probe,ad_c(full_target_scalar_reference),0.0008430550838057771,True,0.12146646178432174,2427938
hotpotqa,27,selection,100,10148,100,glob_probe,best_in_menu_on_eval,0.02931143469565778,False,,2427938
hotpotqa,28,recalibration,100,9972,100,ad_probe,ad_c(full_target_scalar_reference),0.0007324678926046158,True,0.12497473277865301,2428938
hotpotqa,28,selection,100,9972,100,ad_probe,best_in_menu_on_eval,0.0,True,,2428938
hotpotqa,29,recalibration,100,9958,100,ad_probe,ad_c(full_target_scalar_reference),0.0002228186775893315,True,0.010803789702386934,2429938
hotpotqa,29,selection,100,9958,100,ad_probe,best_in_menu_on_eval,0.0,True,,2429938
hotpotqa,30,recalibration,100,10249,100,ad_probe,ad_c(full_target_scalar_reference),0.0012375251229419515,True,0.07548330658629943,2430938
hotpotqa,30,selection,100,10249,100,ad_probe,best_in_menu_on_eval,0.0,True,,2430938
hotpotqa,31,recalibration,100,10119,100,ad_probe,ad_c(full_target_scalar_reference),0.0011505193202721031,True,0.061885772224699265,2431938
hotpotqa,31,selection,100,10119,100,ad_probe,best_in_menu_on_eval,0.0,True,,2431938
hotpotqa,32,recalibration,100,9900,100,ad_probe,ad_c(full_target_scalar_reference),0.0002181460126673418,True,0.020532060082441905,2432938
hotpotqa,32,selection,100,9900,100,ad_probe,best_in_menu_on_eval,0.0,True,,2432938
hotpotqa,33,recalibration,100,10192,100,ad_probe,ad_c(full_target_scalar_reference),0.0009448208640292499,True,0.09907228742528118,2433938
hotpotqa,33,selection,100,10192,100,glob_probe,best_in_menu_on_eval,0.039168688818921216,False,,2433938
hotpotqa,34,recalibration,100,10122,100,ad_probe,ad_c(full_target_scalar_reference),0.00034594465405790586,True,0.03823209115762327,2434938
hotpotqa,34,selection,100,10122,100,glob_probe,best_in_menu_on_eval,0.02877346273784287,False,,2434938
hotpotqa,35,recalibration,100,10051,100,ad_probe,ad_c(full_target_scalar_reference),0.0008300171290510638,True,0.08681884899564163,2435938
hotpotqa,35,selection,100,10051,100,glob_probe,best_in_menu_on_eval,0.030839027528654195,False,,2435938
hotpotqa,36,recalibration,100,10126,100,ad_probe,ad_c(full_target_scalar_reference),0.002173087012746211,True,0.15845576187300403,2436938
hotpotqa,36,selection,100,10126,100,ad_probe,best_in_menu_on_eval,0.0,True,,2436938
hotpotqa,37,recalibration,100,10014,100,ad_probe,ad_c(full_target_scalar_reference),0.0006061534397843182,True,0.0448482547034208,2437938
hotpotqa,37,selection,100,10014,100,glob_probe,best_in_menu_on_eval,0.029201769721287407,False,,2437938
hotpotqa,38,recalibration,100,9972,100,ad_probe,ad_c(full_target_scalar_reference),0.0008578150613595126,True,0.08866992497970605,2438938
hotpotqa,38,selection,100,9972,100,glob_probe,best_in_menu_on_eval,0.03873564453985523,False,,2438938
hotpotqa,39,recalibration,100,10151,100,ad_probe,ad_c(full_target_scalar_reference),0.0006061534397843182,True,0.04647659509951274,2439938
hotpotqa,39,selection,100,10151,100,ad_probe,best_in_menu_on_eval,0.0,True,,2439938
hotpotqa,40,recalibration,100,10182,100,ad_probe,ad_c(full_target_scalar_reference),0.0020636458388695322,True,0.18212080811473075,2440938
hotpotqa,40,selection,100,10182,100,ad_probe,best_in_menu_on_eval,0.0,True,,2440938
hotpotqa,41,recalibration,100,10030,100,ad_probe,ad_c(full_target_scalar_reference),0.0008776938950895152,True,0.11092630800751335,2441938
hotpotqa,41,selection,100,10030,100,ad_probe,best_in_menu_on_eval,0.0,True,,2441938
hotpotqa,42,recalibration,100,9855,100,ad_probe,ad_c(full_target_scalar_reference),0.0007061625444491071,True,0.12325645498199234,2442938
hotpotqa,42,selection,100,9855,100,ad_probe,best_in_menu_on_eval,0.0,True,,2442938
hotpotqa,43,recalibration,100,10266,100,ad_probe,ad_c(full_target_scalar_reference),0.0002647863156980401,True,0.005311088873053427,2443938
hotpotqa,43,selection,100,10266,100,ad_probe,best_in_menu_on_eval,0.0,True,,2443938
hotpotqa,44,recalibration,100,10057,100,ad_probe,ad_c(full_target_scalar_reference),0.0012511533494503624,True,0.08370870144259324,2444938
hotpotqa,44,selection,100,10057,100,ad_probe,best_in_menu_on_eval,0.0,True,,2444938
hotpotqa,45,recalibration,100,10151,100,ad_probe,ad_c(full_target_scalar_reference),0.0003240605389464024,True,0.02185851786684645,2445938
hotpotqa,45,selection,100,10151,100,ad_probe,best_in_menu_on_eval,0.0,True,,2445938
hotpotqa,46,recalibration,100,10047,100,ad_probe,ad_c(full_target_scalar_reference),0.0012034765834118,True,0.061973616100906126,2446938
hotpotqa,46,selection,100,10047,100,ad_probe,best_in_menu_on_eval,0.0,True,,2446938
hotpotqa,47,recalibration,100,9923,100,ad_probe,ad_c(full_target_scalar_reference),0.0017584638930534524,True,0.12401811591098588,2447938
hotpotqa,47,selection,100,9923,100,ad_probe,best_in_menu_on_eval,0.0,True,,2447938
hotpotqa,48,recalibration,100,9941,100,ad_probe,ad_c(full_target_scalar_reference),0.0009251717367101397,True,0.1745578488172268,2448938
hotpotqa,48,selection,100,9941,100,ad_probe,best_in_menu_on_eval,0.0,True,,2448938
hotpotqa,49,recalibration,100,9931,100,ad_probe,ad_c(full_target_scalar_reference),0.0006905002544962402,True,0.12528838991810254,2449938
hotpotqa,49,selection,100,9931,100,ad_probe,best_in_menu_on_eval,0.0,True,,2449938
fever,0,recalibration,5,438,5,ad_probe,ad_c(full_target_scalar_reference),0.002429528087943944,True,0.04372255195005437,2000105
fever,0,selection,5,438,5,glob_probe,best_in_menu_on_eval,0.0,True,,2000105
fever,1,recalibration,5,436,5,ad_probe,ad_c(full_target_scalar_reference),0.004653835785758509,True,0.10339179780128294,2001105
fever,1,selection,5,436,5,glob_probe,best_in_menu_on_eval,0.0,True,,2001105
fever,2,recalibration,5,458,5,ad_probe,ad_c(full_target_scalar_reference),0.005723949494538916,False,0.137258168118503,2002105
fever,2,selection,5,458,5,glob_probe,best_in_menu_on_eval,0.0,True,,2002105
fever,3,recalibration,5,473,5,ad_probe,ad_c(full_target_scalar_reference),0.0009102369542656197,True,0.024250682230379073,2003105
fever,3,selection,5,473,5,glob_probe,best_in_menu_on_eval,0.0,True,,2003105
fever,4,recalibration,5,453,5,ad_probe,ad_c(full_target_scalar_reference),0.00843706839564029,False,0.14767692270987637,2004105
fever,4,selection,5,453,5,glob_probe,best_in_menu_on_eval,0.0,True,,2004105
fever,5,recalibration,5,414,5,ad_probe,ad_c(full_target_scalar_reference),0.0007310707024091867,True,0.020185894439818663,2005105
fever,5,selection,5,414,5,glob_probe,best_in_menu_on_eval,0.0,True,,2005105
fever,6,recalibration,5,439,5,ad_probe,ad_c(full_target_scalar_reference),0.009131567633355875,False,0.16188955933624305,2006105
fever,6,selection,5,439,5,glob_probe,best_in_menu_on_eval,0.0,True,,2006105
fever,7,recalibration,5,464,5,ad_probe,ad_c(full_target_scalar_reference),0.003389245595692869,True,0.058384669289203606,2007105
fever,7,selection,5,464,5,glob_probe,best_in_menu_on_eval,0.03319874805236622,False,,2007105
fever,8,recalibration,5,474,5,ad_probe,ad_c(full_target_scalar_reference),0.0017415372289453224,True,0.03821772269833579,2008105
fever,8,selection,5,474,5,glob_probe,best_in_menu_on_eval,0.0,True,,2008105
fever,9,recalibration,5,482,5,ad_probe,ad_c(full_target_scalar_reference),0.007474712086623536,False,0.18919415793838923,2009105
fever,9,selection,5,482,5,glob_probe,best_in_menu_on_eval,0.08094321212791622,False,,2009105
fever,10,recalibration,5,451,5,ad_probe,ad_c(full_target_scalar_reference),0.007405116822371327,False,0.13472507486783536,2010105
fever,10,selection,5,451,5,glob_probe,best_in_menu_on_eval,0.0,True,,2010105
fever,11,recalibration,5,487,5,ad_probe,ad_c(full_target_scalar_reference),0.0019858580818248317,True,0.03833098677458979,2011105
fever,11,selection,5,487,5,glob_probe,best_in_menu_on_eval,0.0,True,,2011105
fever,12,recalibration,5,444,5,ad_probe,ad_c(full_target_scalar_reference),0.0007369356253124071,True,0.01550784851321274,2012105
fever,12,selection,5,444,5,glob_probe,best_in_menu_on_eval,0.0,True,,2012105
fever,13,recalibration,5,471,5,ad_probe,ad_c(full_target_scalar_reference),0.011131091632210821,False,0.18692936902272073,2013105
fever,13,selection,5,471,5,glob_probe,best_in_menu_on_eval,0.02014949283489309,False,,2013105
fever,14,recalibration,5,424,5,ad_probe,ad_c(full_target_scalar_reference),0.006485206569050939,False,0.11461583566519395,2014105
fever,14,selection,5,424,5,glob_probe,best_in_menu_on_eval,0.0,True,,2014105
fever,15,recalibration,5,426,5,ad_probe,ad_c(full_target_scalar_reference),0.006251893922325946,False,0.11101968133532303,2015105
fever,15,selection,5,426,5,glob_probe,best_in_menu_on_eval,0.0,True,,2015105
fever,16,recalibration,5,476,5,ad_probe,ad_c(full_target_scalar_reference),0.002061448616660577,True,0.041877397628941715,2016105
fever,16,selection,5,476,5,glob_probe,best_in_menu_on_eval,0.0,True,,2016105
fever,17,recalibration,5,456,5,ad_probe,ad_c(full_target_scalar_reference),0.006502193086505459,False,0.11546732157676831,2017105
fever,17,selection,5,456,5,trunc,best_in_menu_on_eval,0.0,True,,2017105
fever,18,recalibration,5,447,5,ad_probe,ad_c(full_target_scalar_reference),0.011108624270784073,False,0.18736925758093298,2018105
fever,18,selection,5,447,5,glob_probe,best_in_menu_on_eval,0.0,True,,2018105
fever,19,recalibration,5,438,5,ad_probe,ad_c(full_target_scalar_reference),0.007016142367190725,False,0.12609996153167669,2019105
fever,19,selection,5,438,5,glob_probe,best_in_menu_on_eval,0.0,True,,2019105
fever,20,recalibration,5,449,5,ad_probe,ad_c(full_target_scalar_reference),0.0013237460779373933,True,0.029601094353684965,2020105
fever,20,selection,5,449,5,glob_probe,best_in_menu_on_eval,0.0,True,,2020105
fever,21,recalibration,5,443,5,ad_probe,ad_c(full_target_scalar_reference),0.011108624270783962,False,0.18771827935692492,2021105
fever,21,selection,5,443,5,glob_probe,best_in_menu_on_eval,0.0,True,,2021105
fever,22,recalibration,5,446,5,ad_probe,ad_c(full_target_scalar_reference),0.002846079687493619,True,0.06110221026810203,2022105
fever,22,selection,5,446,5,glob_probe,best_in_menu_on_eval,0.0,True,,2022105
fever,23,recalibration,5,461,5,ad_probe,ad_c(full_target_scalar_reference),0.005311050517167404,False,0.09535560150536371,2023105
fever,23,selection,5,461,5,glob_probe,best_in_menu_on_eval,0.0,True,,2023105
fever,24,recalibration,5,481,5,ad_probe,ad_c(full_target_scalar_reference),0.002380201450062347,True,0.04642198669406916,2024105
fever,24,selection,5,481,5,glob_probe,best_in_menu_on_eval,0.0,True,,2024105
fever,25,recalibration,5,491,5,ad_probe,ad_c(full_target_scalar_reference),0.007516136493808112,False,0.1960790934175375,2025105
fever,25,selection,5,491,5,glob_probe,best_in_menu_on_eval,0.0,True,,2025105
fever,26,recalibration,5,458,5,ad_probe,ad_c(full_target_scalar_reference),0.0034885443312682174,True,0.07428454635170667,2026105
fever,26,selection,5,458,5,glob_probe,best_in_menu_on_eval,0.0,True,,2026105
fever,27,recalibration,5,477,5,ad_probe,ad_c(full_target_scalar_reference),0.007047486555592508,False,0.18150463126853422,2027105
fever,27,selection,5,477,5,ad_probe,best_in_menu_on_eval,0.02744436714686249,False,,2027105
fever,28,recalibration,5,410,5,ad_probe,ad_c(full_target_scalar_reference),0.006994334130607349,False,0.17120126917625345,2028105
fever,28,selection,5,410,5,glob_probe,best_in_menu_on_eval,0.03318690318282236,False,,2028105
fever,29,recalibration,5,476,5,ad_probe,ad_c(full_target_scalar_reference),0.014637463470337453,False,0.38547521737370316,2029105
fever,29,selection,5,476,5,glob_probe,best_in_menu_on_eval,0.0,True,,2029105
fever,30,recalibration,5,418,5,ad_probe,ad_c(full_target_scalar_reference),0.010004744194484605,False,0.23576096800144364,2030105
fever,30,selection,5,418,5,glob_probe,best_in_menu_on_eval,0.0,True,,2030105
fever,31,recalibration,5,480,5,ad_probe,ad_c(full_target_scalar_reference),0.0026860136242392585,True,0.05374813776098897,2031105
fever,31,selection,5,480,5,glob_probe,best_in_menu_on_eval,0.010903782816042318,False,,2031105
fever,32,recalibration,5,428,5,ad_probe,ad_c(full_target_scalar_reference),0.006918038506845692,False,0.12407747167485778,2032105
fever,32,selection,5,428,5,glob_probe,best_in_menu_on_eval,0.16694923404159268,False,,2032105
fever,33,recalibration,5,407,5,ad_probe,ad_c(full_target_scalar_reference),0.007216256681291111,False,0.12794342547038084,2033105
fever,33,selection,5,407,5,glob_probe,best_in_menu_on_eval,0.0,True,,2033105
fever,34,recalibration,5,410,5,ad_probe,ad_c(full_target_scalar_reference),0.007669952150786474,False,0.13867571669120587,2034105
fever,34,selection,5,410,5,glob_probe,best_in_menu_on_eval,0.0,True,,2034105
fever,35,recalibration,5,416,5,ad_probe,ad_c(full_target_scalar_reference),0.010184424922439428,False,0.1780431721798188,2035105
fever,35,selection,5,416,5,glob_probe,best_in_menu_on_eval,0.0,True,,2035105
fever,36,recalibration,5,446,5,ad_probe,ad_c(full_target_scalar_reference),0.004840841328791701,True,0.0879668471113203,2036105
fever,36,selection,5,446,5,glob_probe,best_in_menu_on_eval,0.0,True,,2036105
fever,37,recalibration,5,433,5,ad_probe,ad_c(full_target_scalar_reference),0.012046514269907438,False,0.28627698769806365,2037105
fever,37,selection,5,433,5,glob_probe,best_in_menu_on_eval,0.0,True,,2037105
fever,38,recalibration,5,412,5,ad_probe,ad_c(full_target_scalar_reference),0.011826155879400613,False,0.20342508881356947,2038105
fever,38,selection,5,412,5,glob_probe,best_in_menu_on_eval,0.0,True,,2038105
fever,39,recalibration,5,445,5,ad_probe,ad_c(full_target_scalar_reference),0.006728227228376182,False,0.1663039101214916,2039105
fever,39,selection,5,445,5,glob_probe,best_in_menu_on_eval,0.0,True,,2039105
fever,40,recalibration,5,484,5,ad_probe,ad_c(full_target_scalar_reference),0.003535836644521728,True,0.07542157015637141,2040105
fever,40,selection,5,484,5,glob_probe,best_in_menu_on_eval,0.03318690318282258,False,,2040105
fever,41,recalibration,5,406,5,ad_probe,ad_c(full_target_scalar_reference),0.004914126705262811,True,0.09009539767454611,2041105
fever,41,selection,5,406,5,glob_probe,best_in_menu_on_eval,0.0,True,,2041105
fever,42,recalibration,5,468,5,ad_probe,ad_c(full_target_scalar_reference),0.0025824893800399096,True,0.05165828978410547,2042105
fever,42,selection,5,468,5,glob_probe,best_in_menu_on_eval,0.0,True,,2042105
fever,43,recalibration,5,421,5,ad_probe,ad_c(full_target_scalar_reference),0.0017415372289453224,True,0.03800632978758234,2043105
fever,43,selection,5,421,5,glob_probe,best_in_menu_on_eval,0.0,True,,2043105
fever,44,recalibration,5,464,5,ad_probe,ad_c(full_target_scalar_reference),0.011996471733751957,False,0.28423799644078307,2044105
fever,44,selection,5,464,5,ad_probe,best_in_menu_on_eval,0.03944998672760813,False,,2044105
fever,45,recalibration,5,499,5,ad_probe,ad_c(full_target_scalar_reference),0.006220520504340521,False,0.16028707639792417,2045105
fever,45,selection,5,499,5,glob_probe,best_in_menu_on_eval,0.033156561290238806,False,,2045105
fever,46,recalibration,5,435,5,ad_probe,ad_c(full_target_scalar_reference),0.00338924559569298,True,0.05701336598524365,2046105
fever,46,selection,5,435,5,glob_probe,best_in_menu_on_eval,0.0,True,,2046105
fever,47,recalibration,5,470,5,ad_probe,ad_c(full_target_scalar_reference),0.0018461378359044822,True,0.03446092875208506,2047105
fever,47,selection,5,470,5,glob_probe,best_in_menu_on_eval,0.0,True,,2047105
fever,48,recalibration,5,482,5,ad_probe,ad_c(full_target_scalar_reference),0.0005019452026757687,True,0.006202271006657156,2048105
fever,48,selection,5,482,5,glob_probe,best_in_menu_on_eval,0.0809313672583728,False,,2048105
fever,49,recalibration,5,438,5,ad_probe,ad_c(full_target_scalar_reference),0.0060305307172646705,False,0.10604496636661981,2049105
fever,49,selection,5,438,5,glob_probe,best_in_menu_on_eval,0.0,True,,2049105
fever,0,recalibration,10,841,10,ad_probe,ad_c(full_target_scalar_reference),0.006849894922089206,False,0.12076529590986429,489
fever,0,selection,10,841,10,glob_probe,best_in_menu_on_eval,0.0,True,,489
fever,1,recalibration,10,954,10,ad_probe,ad_c(full_target_scalar_reference),0.008422415206729372,False,0.2022596053083079,1489
fever,1,selection,10,954,10,glob_probe,best_in_menu_on_eval,0.0,True,,1489
fever,2,recalibration,10,996,10,ad_probe,ad_c(full_target_scalar_reference),0.0025125068285902774,True,0.04502437560040584,2489
fever,2,selection,10,996,10,trunc,best_in_menu_on_eval,0.016961761537114706,False,,2489
fever,3,recalibration,10,890,10,ad_probe,ad_c(full_target_scalar_reference),8.224327357853056e-05,True,0.0079387865686531,3489
fever,3,selection,10,890,10,glob_probe,best_in_menu_on_eval,0.0,True,,3489
fever,4,recalibration,10,892,10,ad_probe,ad_c(full_target_scalar_reference),0.006659203763260235,False,0.16489536903060253,4489
fever,4,selection,10,892,10,glob_probe,best_in_menu_on_eval,0.0,True,,4489
fever,5,recalibration,10,948,10,ad_probe,ad_c(full_target_scalar_reference),0.011365802142121684,False,0.27113440207385475,5489
fever,5,selection,10,948,10,glob_probe,best_in_menu_on_eval,0.0,True,,5489
fever,6,recalibration,10,812,10,ad_probe,ad_c(full_target_scalar_reference),0.013465915448472088,False,0.22468630193980876,6489
fever,6,selection,10,812,10,glob_probe,best_in_menu_on_eval,0.0,True,,6489
fever,7,recalibration,10,939,10,ad_probe,ad_c(full_target_scalar_reference),0.006941467373308696,False,0.17040682649004957,7489
fever,7,selection,10,939,10,glob_probe,best_in_menu_on_eval,0.0,True,,7489
fever,8,recalibration,10,911,10,ad_probe,ad_c(full_target_scalar_reference),0.0010808320471659139,True,0.029703917930739232,8489
fever,8,selection,10,911,10,glob_probe,best_in_menu_on_eval,0.0,True,,8489
fever,9,recalibration,10,953,10,ad_probe,ad_c(full_target_scalar_reference),0.0026880313628392383,True,0.054717919800413184,9489
fever,9,selection,10,953,10,glob_probe,best_in_menu_on_eval,0.0,True,,9489
fever,10,recalibration,10,861,10,ad_probe,ad_c(full_target_scalar_reference),0.0007544884905305027,True,0.017737124358303102,10489
fever,10,selection,10,861,10,glob_probe,best_in_menu_on_eval,0.0,True,,10489
fever,11,recalibration,10,929,10,ad_probe,ad_c(full_target_scalar_reference),0.006640756545011839,False,0.16294193334252904,11489
fever,11,selection,10,929,10,glob_probe,best_in_menu_on_eval,0.0,True,,11489
fever,12,recalibration,10,924,10,ad_probe,ad_c(full_target_scalar_reference),0.004420279187544174,True,0.08478014230628439,12489
fever,12,selection,10,924,10,glob_probe,best_in_menu_on_eval,0.0,True,,12489
fever,13,recalibration,10,904,10,ad_probe,ad_c(full_target_scalar_reference),0.010735539719078813,False,0.2495182623973755,13489
fever,13,selection,10,904,10,glob_probe,best_in_menu_on_eval,0.0,True,,13489
fever,14,recalibration,10,896,10,ad_probe,ad_c(full_target_scalar_reference),0.005473869345719806,False,0.11971240361230673,14489
fever,14,selection,10,896,10,glob_probe,best_in_menu_on_eval,0.0,True,,14489
fever,15,recalibration,10,905,10,ad_probe,ad_c(full_target_scalar_reference),0.0038654816698276973,True,0.06862892557164568,15489
fever,15,selection,10,905,10,glob_probe,best_in_menu_on_eval,0.010867490298481552,False,,15489
fever,16,recalibration,10,982,10,ad_probe,ad_c(full_target_scalar_reference),0.005757386807374809,False,0.13195020115853973,16489
fever,16,selection,10,982,10,glob_probe,best_in_menu_on_eval,0.02012584092010883,False,,16489
fever,17,recalibration,10,866,10,ad_probe,ad_c(full_target_scalar_reference),0.0059402697346948585,False,0.10373366425118824,17489
fever,17,selection,10,866,10,glob_probe,best_in_menu_on_eval,0.0,True,,17489
fever,18,recalibration,10,926,10,ad_probe,ad_c(full_target_scalar_reference),0.0005774424571851622,True,0.008002188043957803,18489
fever,18,selection,10,926,10,glob_probe,best_in_menu_on_eval,0.0,True,,18489
fever,19,recalibration,10,866,10,ad_probe,ad_c(full_target_scalar_reference),0.008501527252192553,False,0.14581609846402444,19489
fever,19,selection,10,866,10,glob_probe,best_in_menu_on_eval,0.0,True,,19489
fever,20,recalibration,10,934,10,ad_probe,ad_c(full_target_scalar_reference),0.008169783626917337,False,0.14303475361584334,20489
fever,20,selection,10,934,10,glob_probe,best_in_menu_on_eval,0.01093358861243987,False,,20489
fever,21,recalibration,10,930,10,ad_probe,ad_c(full_target_scalar_reference),0.00636389051902686,False,0.11310713241008719,21489
fever,21,selection,10,930,10,glob_probe,best_in_menu_on_eval,0.0,True,,21489
fever,22,recalibration,10,883,10,ad_probe,ad_c(full_target_scalar_reference),0.005831322971140973,False,0.13239551238051717,22489
fever,22,selection,10,883,10,glob_probe,best_in_menu_on_eval,0.10146249846683342,False,,22489
fever,23,recalibration,10,922,10,ad_probe,ad_c(full_target_scalar_reference),0.0007009831520000676,True,0.012991575275656642,23489
fever,23,selection,10,922,10,glob_probe,best_in_menu_on_eval,0.0,True,,23489
fever,24,recalibration,10,951,10,ad_probe,ad_c(full_target_scalar_reference),0.0005023222648773418,True,0.006487097821016974,24489
fever,24,selection,10,951,10,glob_probe,best_in_menu_on_eval,0.0,True,,24489
fever,25,recalibration,10,840,10,ad_probe,ad_c(full_target_scalar_reference),0.004325488058702254,True,0.08191933301475529,25489
fever,25,selection,10,840,10,glob_probe,best_in_menu_on_eval,0.0,True,,25489
fever,26,recalibration,10,1006,10,ad_probe,ad_c(full_target_scalar_reference),0.0042468963753931055,True,0.08428491354922008,26489
fever,26,selection,10,1006,10,glob_probe,best_in_menu_on_eval,0.0,True,,26489
fever,27,recalibration,10,810,10,ad_probe,ad_c(full_target_scalar_reference),0.004188775460844729,True,0.08606535553475547,27489
fever,27,selection,10,810,10,glob_probe,best_in_menu_on_eval,0.0,True,,27489
fever,28,recalibration,10,929,10,ad_probe,ad_c(full_target_scalar_reference),0.0027835126562981705,True,0.06011906658466093,28489
fever,28,selection,10,929,10,glob_probe,best_in_menu_on_eval,0.03324373509933087,False,,28489
fever,29,recalibration,10,904,10,ad_probe,ad_c(full_target_scalar_reference),0.0035061956890746204,True,0.07147330992437784,29489
fever,29,selection,10,904,10,glob_probe,best_in_menu_on_eval,0.0,True,,29489
fever,30,recalibration,10,931,10,ad_probe,ad_c(full_target_scalar_reference),0.004172576015311957,True,0.07983630656057994,30489
fever,30,selection,10,931,10,trunc,best_in_menu_on_eval,0.00567954355070277,True,,30489
fever,31,recalibration,10,918,10,ad_probe,ad_c(full_target_scalar_reference),0.0019226448505049731,True,0.0375426654257458,31489
fever,31,selection,10,918,10,glob_probe,best_in_menu_on_eval,0.0,True,,31489
fever,32,recalibration,10,922,10,ad_probe,ad_c(full_target_scalar_reference),0.002547759136734995,True,0.04760260759968937,32489
fever,32,selection,10,922,10,glob_probe,best_in_menu_on_eval,0.0,True,,32489
fever,33,recalibration,10,911,10,ad_probe,ad_c(full_target_scalar_reference),0.0042468963753932165,True,0.08433692071845811,33489
fever,33,selection,10,911,10,glob_probe,best_in_menu_on_eval,0.0,True,,33489
fever,34,recalibration,10,879,10,ad_probe,ad_c(full_target_scalar_reference),0.0010808320471656918,True,0.026868279939956774,34489
fever,34,selection,10,879,10,glob_probe,best_in_menu_on_eval,0.0,True,,34489
fever,35,recalibration,10,879,10,ad_probe,ad_c(full_target_scalar_reference),0.0024723291683150794,True,0.050262332570721324,35489
fever,35,selection,10,879,10,glob_probe,best_in_menu_on_eval,0.0,True,,35489
fever,36,recalibration,10,935,10,ad_probe,ad_c(full_target_scalar_reference),1.699927775911103e-05,True,0.0027894444008189634,36489
fever,36,selection,10,935,10,trunc,best_in_menu_on_eval,0.0,True,,36489
fever,37,recalibration,10,911,10,ad_probe,ad_c(full_target_scalar_reference),0.0008113661233364322,True,0.02075705713895082,37489
fever,37,selection,10,911,10,glob_probe,best_in_menu_on_eval,0.0,True,,37489
fever,38,recalibration,10,961,10,ad_probe,ad_c(full_target_scalar_reference),0.005657429487500587,False,0.13039130771138208,38489
fever,38,selection,10,961,10,glob_probe,best_in_menu_on_eval,0.0,True,,38489
fever,39,recalibration,10,917,10,ad_probe,ad_c(full_target_scalar_reference),9.92425513376416e-05,True,0.005818701651036373,39489
fever,39,selection,10,917,10,glob_probe,best_in_menu_on_eval,0.0,True,,39489
fever,40,recalibration,10,885,10,ad_probe,ad_c(full_target_scalar_reference),0.01264979229364549,False,0.29920500934338856,40489
fever,40,selection,10,885,10,ad_probe,best_in_menu_on_eval,0.021962598730960625,False,,40489
fever,41,recalibration,10,923,10,ad_probe,ad_c(full_target_scalar_reference),0.004247988015877557,True,0.09026422346220153,41489
fever,41,selection,10,923,10,glob_probe,best_in_menu_on_eval,0.0,True,,41489
fever,42,recalibration,10,852,10,ad_probe,ad_c(full_target_scalar_reference),0.006256590357063274,False,0.10996740393355608,42489
fever,42,selection,10,852,10,glob_probe,best_in_menu_on_eval,0.0,True,,42489
fever,43,recalibration,10,935,10,ad_probe,ad_c(full_target_scalar_reference),0.0020821409910765087,True,0.039237999683941926,43489
fever,43,selection,10,935,10,glob_probe,best_in_menu_on_eval,0.0,True,,43489
fever,44,recalibration,10,942,10,ad_probe,ad_c(full_target_scalar_reference),0.0006747385891685553,True,0.01787928967895147,44489
fever,44,selection,10,942,10,glob_probe,best_in_menu_on_eval,0.0,True,,44489
fever,45,recalibration,10,902,10,ad_probe,ad_c(full_target_scalar_reference),0.0013247404785368122,True,0.029214978430104344,45489
fever,45,selection,10,902,10,glob_probe,best_in_menu_on_eval,0.0,True,,45489
fever,46,recalibration,10,847,10,ad_probe,ad_c(full_target_scalar_reference),0.003441490677345005,True,0.07178952712356801,46489
fever,46,selection,10,847,10,glob_probe,best_in_menu_on_eval,0.0,True,,46489
fever,47,recalibration,10,880,10,ad_probe,ad_c(full_target_scalar_reference),0.002381989461969214,True,0.04661232171622487,47489
fever,47,selection,10,880,10,glob_probe,best_in_menu_on_eval,0.0,True,,47489
fever,48,recalibration,10,872,10,ad_probe,ad_c(full_target_scalar_reference),0.0025844293510282057,True,0.05184461729458645,48489
fever,48,selection,10,872,10,glob_probe,best_in_menu_on_eval,0.0,True,,48489
fever,49,recalibration,10,892,10,ad_probe,ad_c(full_target_scalar_reference),0.0034911649324785854,True,0.07376067896792426,49489
fever,49,selection,10,892,10,glob_probe,best_in_menu_on_eval,0.08105409695273202,False,,49489
fever,0,recalibration,20,1848,20,ad_probe,ad_c(full_target_scalar_reference),0.0008125869571060651,True,0.020376967427579995,2200184
fever,0,selection,20,1848,20,glob_probe,best_in_menu_on_eval,0.03322801325597413,False,,2200184
fever,1,recalibration,20,1811,20,ad_probe,ad_c(full_target_scalar_reference),0.0039832565363694394,True,0.07250801533748963,2201184
fever,1,selection,20,1811,20,glob_probe,best_in_menu_on_eval,0.0,True,,2201184
fever,2,recalibration,20,1818,20,ad_probe,ad_c(full_target_scalar_reference),0.0003721895074868531,True,0.01415117062109783,2202184
fever,2,selection,20,1818,20,glob_probe,best_in_menu_on_eval,0.0,True,,2202184
fever,3,recalibration,20,1830,20,ad_probe,ad_c(full_target_scalar_reference),8.236702210917546e-05,True,0.007568616937919881,2203184
fever,3,selection,20,1830,20,glob_probe,best_in_menu_on_eval,0.0,True,,2203184
fever,4,recalibration,20,1922,20,ad_probe,ad_c(full_target_scalar_reference),0.002493384292337253,True,0.050932939871751515,2204184
fever,4,selection,20,1922,20,glob_probe,best_in_menu_on_eval,0.0,True,,2204184
fever,5,recalibration,20,1866,20,ad_probe,ad_c(full_target_scalar_reference),0.0007385988865790116,True,0.014678940346782632,2205184
fever,5,selection,20,1866,20,glob_probe,best_in_menu_on_eval,0.0,True,,2205184
fever,6,recalibration,20,1801,20,ad_probe,ad_c(full_target_scalar_reference),0.001082458336734149,True,0.02722533722809839,2206184
fever,6,selection,20,1801,20,glob_probe,best_in_menu_on_eval,0.0,True,,2206184
fever,7,recalibration,20,1874,20,ad_probe,ad_c(full_target_scalar_reference),0.0007909290935872448,True,0.018892322587862553,2207184
fever,7,selection,20,1874,20,glob_probe,best_in_menu_on_eval,0.0,True,,2207184
fever,8,recalibration,20,1832,20,ad_probe,ad_c(full_target_scalar_reference),0.0018404016303906756,True,0.04009604611680495,2208184
fever,8,selection,20,1832,20,trunc,best_in_menu_on_eval,0.01239818601857734,False,,2208184
fever,9,recalibration,20,1760,20,ad_probe,ad_c(full_target_scalar_reference),0.0033968951117830937,True,0.0577243932265703,2209184
fever,9,selection,20,1760,20,glob_probe,best_in_menu_on_eval,0.0,True,,2209184
fever,10,recalibration,20,1814,20,ad_probe,ad_c(full_target_scalar_reference),0.001745467872706019,True,0.037623936168091676,2210184
fever,10,selection,20,1814,20,glob_probe,best_in_menu_on_eval,0.0,True,,2210184
fever,11,recalibration,20,1750,20,ad_probe,ad_c(full_target_scalar_reference),0.008514319198103415,False,0.1466848751646127,2211184
fever,11,selection,20,1750,20,glob_probe,best_in_menu_on_eval,0.0,True,,2211184
fever,12,recalibration,20,1751,20,ad_probe,ad_c(full_target_scalar_reference),0.00834480534504145,False,0.1530488118469442,2212184
fever,12,selection,20,1751,20,glob_probe,best_in_menu_on_eval,0.0,True,,2212184
fever,13,recalibration,20,1723,20,ad_probe,ad_c(full_target_scalar_reference),0.002476049194147567,True,0.04946253493257413,2213184
fever,13,selection,20,1723,20,glob_probe,best_in_menu_on_eval,0.0,True,,2213184
fever,14,recalibration,20,1879,20,ad_probe,ad_c(full_target_scalar_reference),0.0022845450788134825,True,0.04222224888717596,2214184
fever,14,selection,20,1879,20,glob_probe,best_in_menu_on_eval,0.0,True,,2214184
fever,15,recalibration,20,1806,20,ad_probe,ad_c(full_target_scalar_reference),0.0009732364399653859,True,0.022858251629530812,2215184
fever,15,selection,20,1806,20,glob_probe,best_in_menu_on_eval,0.047792869750925004,False,,2215184
fever,16,recalibration,20,1888,20,ad_probe,ad_c(full_target_scalar_reference),0.006041425156714353,False,0.14694246018492518,2216184
fever,16,selection,20,1888,20,glob_probe,best_in_menu_on_eval,0.0,True,,2216184
fever,17,recalibration,20,1885,20,ad_probe,ad_c(full_target_scalar_reference),0.0025416095021153495,True,0.05456541281864413,2217184
fever,17,selection,20,1885,20,glob_probe,best_in_menu_on_eval,0.0,True,,2217184
fever,18,recalibration,20,1815,20,ad_probe,ad_c(full_target_scalar_reference),0.005938438514000888,False,0.15183102280129268,2218184
fever,18,selection,20,1815,20,glob_probe,best_in_menu_on_eval,0.0,True,,2218184
fever,19,recalibration,20,1730,20,ad_probe,ad_c(full_target_scalar_reference),0.002247673846448861,True,0.04800496401860177,2219184
fever,19,selection,20,1730,20,glob_probe,best_in_menu_on_eval,0.0,True,,2219184
fever,20,recalibration,20,1890,20,ad_probe,ad_c(full_target_scalar_reference),0.0022093118558220715,True,0.03946410126171496,2220184
fever,20,selection,20,1890,20,glob_probe,best_in_menu_on_eval,0.0,True,,2220184
fever,21,recalibration,20,1803,20,ad_probe,ad_c(full_target_scalar_reference),0.005732249785097565,False,0.14078151206459222,2221184
fever,21,selection,20,1803,20,ad_probe,best_in_menu_on_eval,0.04574657751173272,False,,2221184
fever,22,recalibration,20,1820,20,ad_probe,ad_c(full_target_scalar_reference),0.0047568333339618185,True,0.08744900869821359,2222184
fever,22,selection,20,1820,20,glob_probe,best_in_menu_on_eval,0.0,True,,2222184
fever,23,recalibration,20,1843,20,ad_probe,ad_c(full_target_scalar_reference),0.004142128951486468,True,0.07781907610938266,2223184
fever,23,selection,20,1843,20,glob_probe,best_in_menu_on_eval,0.0,True,,2223184
fever,24,recalibration,20,1857,20,ad_probe,ad_c(full_target_scalar_reference),0.0028595672500486558,True,0.058235288825690956,2224184
fever,24,selection,20,1857,20,glob_probe,best_in_menu_on_eval,0.0,True,,2224184
fever,25,recalibration,20,1839,20,ad_probe,ad_c(full_target_scalar_reference),0.0013201397644149182,True,0.02680804016322824,2225184
fever,25,selection,20,1839,20,ad_probe,best_in_menu_on_eval,0.05023912431275657,False,,2225184
fever,26,recalibration,20,1902,20,ad_probe,ad_c(full_target_scalar_reference),0.0005201029473047569,True,0.00850336818311237,2226184
fever,26,selection,20,1902,20,trunc,best_in_menu_on_eval,0.0,True,,2226184
fever,27,recalibration,20,1876,20,ad_probe,ad_c(full_target_scalar_reference),0.0036256363524391766,True,0.07621697435313912,2227184
fever,27,selection,20,1876,20,glob_probe,best_in_menu_on_eval,0.0,True,,2227184
fever,28,recalibration,20,1902,20,ad_probe,ad_c(full_target_scalar_reference),0.002858439081614428,True,0.06212318349089507,2228184
fever,28,selection,20,1902,20,glob_probe,best_in_menu_on_eval,0.0,True,,2228184
fever,29,recalibration,20,1701,20,ad_probe,ad_c(full_target_scalar_reference),9.939187807761485e-05,True,0.005636813932283324,2229184
fever,29,selection,20,1701,20,glob_probe,best_in_menu_on_eval,0.0,True,,2229184
fever,30,recalibration,20,1722,20,ad_probe,ad_c(full_target_scalar_reference),0.00226915682281037,True,0.04736345962463484,2230184
fever,30,selection,20,1722,20,glob_probe,best_in_menu_on_eval,0.0,True,,2230184
fever,31,recalibration,20,1905,20,ad_probe,ad_c(full_target_scalar_reference),0.0065481994840597135,False,0.16539393627221366,2231184
fever,31,selection,20,1905,20,ad_probe,best_in_menu_on_eval,0.02789222411882053,False,,2231184
fever,32,recalibration,20,1903,20,ad_probe,ad_c(full_target_scalar_reference),0.00583021774714465,False,0.13579587726025122,2232184
fever,32,selection,20,1903,20,glob_probe,best_in_menu_on_eval,0.010933003755309256,False,,2232184
fever,33,recalibration,20,1836,20,ad_probe,ad_c(full_target_scalar_reference),0.002613615602876318,True,0.052750306523686286,2233184
fever,33,selection,20,1836,20,glob_probe,best_in_menu_on_eval,0.0,True,,2233184
fever,34,recalibration,20,1727,20,ad_probe,ad_c(full_target_scalar_reference),9.885208299797998e-05,True,0.012380333576070157,2234184
fever,34,selection,20,1727,20,glob_probe,best_in_menu_on_eval,0.0,True,,2234184
fever,35,recalibration,20,1754,20,ad_probe,ad_c(full_target_scalar_reference),9.939187807750383e-05,True,0.0053746920061017445,2235184
fever,35,selection,20,1754,20,glob_probe,best_in_menu_on_eval,0.0,True,,2235184
fever,36,recalibration,20,1906,20,ad_probe,ad_c(full_target_scalar_reference),0.001925537785880227,True,0.03757661219057473,2236184
fever,36,selection,20,1906,20,glob_probe,best_in_menu_on_eval,0.0,True,,2236184
fever,37,recalibration,20,1736,20,ad_probe,ad_c(full_target_scalar_reference),0.0018105711709882621,True,0.033296779225704065,2237184
fever,37,selection,20,1736,20,glob_probe,best_in_menu_on_eval,0.0,True,,2237184
fever,38,recalibration,20,1876,20,ad_probe,ad_c(full_target_scalar_reference),0.0007385988865790116,True,0.015134805500324977,2238184
fever,38,selection,20,1876,20,glob_probe,best_in_menu_on_eval,0.0,True,,2238184
fever,39,recalibration,20,1807,20,ad_probe,ad_c(full_target_scalar_reference),0.0022906397991715455,True,0.044337779603143446,2239184
fever,39,selection,20,1807,20,glob_probe,best_in_menu_on_eval,0.0,True,,2239184
fever,40,recalibration,20,1869,20,ad_probe,ad_c(full_target_scalar_reference),0.0042896851635105815,True,0.09324798899039055,2240184
fever,40,selection,20,1869,20,glob_probe,best_in_menu_on_eval,0.0,True,,2240184
fever,41,recalibration,20,1860,20,ad_probe,ad_c(full_target_scalar_reference),0.001082458336734149,True,0.026823745376416852,2241184
fever,41,selection,20,1860,20,glob_probe,best_in_menu_on_eval,0.010928392617763794,False,,2241184
fever,42,recalibration,20,1927,20,ad_probe,ad_c(full_target_scalar_reference),0.0005783113143279506,True,0.008103026821986714,2242184
fever,42,selection,20,1927,20,glob_probe,best_in_menu_on_eval,0.0,True,,2242184
fever,43,recalibration,20,1835,20,ad_probe,ad_c(full_target_scalar_reference),0.0002800711881051354,True,0.013303923935457207,2243184
fever,43,selection,20,1835,20,trunc,best_in_menu_on_eval,0.012393966303677284,False,,2243184
fever,44,recalibration,20,1731,20,ad_probe,ad_c(full_target_scalar_reference),0.003338686744760122,True,0.055011935248930666,2244184
fever,44,selection,20,1731,20,trunc,best_in_menu_on_eval,0.0056948711772989435,True,,2244184
fever,45,recalibration,20,1733,20,ad_probe,ad_c(full_target_scalar_reference),0.003491828869467417,True,0.060031377359322846,2245184
fever,45,selection,20,1733,20,glob_probe,best_in_menu_on_eval,0.0,True,,2245184
fever,46,recalibration,20,1845,20,ad_probe,ad_c(full_target_scalar_reference),0.0013201397644148072,True,0.02743167606229102,2246184
fever,46,selection,20,1845,20,glob_probe,best_in_menu_on_eval,0.0,True,,2246184
fever,47,recalibration,20,1899,20,ad_probe,ad_c(full_target_scalar_reference),0.002493384292337142,True,0.05065082470678928,2247184
fever,47,selection,20,1899,20,glob_probe,best_in_menu_on_eval,0.0,True,,2247184
fever,48,recalibration,20,1851,20,ad_probe,ad_c(full_target_scalar_reference),0.0009875245790497145,True,0.027114248105125638,2248184
fever,48,selection,20,1851,20,glob_probe,best_in_menu_on_eval,0.0,True,,2248184
fever,49,recalibration,20,1747,20,ad_probe,ad_c(full_target_scalar_reference),0.002787700908865598,True,0.059333382610515795,2249184
fever,49,selection,20,1747,20,glob_probe,best_in_menu_on_eval,0.0,True,,2249184
fever,0,recalibration,50,4565,50,ad_probe,ad_c(full_target_scalar_reference),0.001940892967926211,True,0.03885929905318464,2300127
fever,0,selection,50,4565,50,glob_probe,best_in_menu_on_eval,0.0,True,,2300127
fever,1,recalibration,50,4266,50,ad_probe,ad_c(full_target_scalar_reference),0.003925744096238026,True,0.0724733861555551,2301127
fever,1,selection,50,4266,50,glob_probe,best_in_menu_on_eval,0.0,True,,2301127
fever,2,recalibration,50,4507,50,ad_probe,ad_c(full_target_scalar_reference),0.0009164281064635293,True,0.023506535422361363,2302127
fever,2,selection,50,4507,50,glob_probe,best_in_menu_on_eval,0.0,True,,2302127
fever,3,recalibration,50,4422,50,ad_probe,ad_c(full_target_scalar_reference),0.002075469957009579,True,0.04148119632473435,2303127
fever,3,selection,50,4422,50,glob_probe,best_in_menu_on_eval,0.0,True,,2303127
fever,4,recalibration,50,4581,50,ad_probe,ad_c(full_target_scalar_reference),0.0023963908492846686,True,0.04691116962098585,2304127
fever,4,selection,50,4581,50,glob_probe,best_in_menu_on_eval,0.0,True,,2304127
fever,5,recalibration,50,4463,50,ad_probe,ad_c(full_target_scalar_reference),0.0033963743984827266,True,0.0679230404184743,2305127
fever,5,selection,50,4463,50,glob_probe,best_in_menu_on_eval,0.0,True,,2305127
fever,6,recalibration,50,4635,50,ad_probe,ad_c(full_target_scalar_reference),0.004169227870928327,True,0.08033489923062298,2306127
fever,6,selection,50,4635,50,trunc,best_in_menu_on_eval,0.01706705312133483,False,,2306127
fever,7,recalibration,50,4521,50,ad_probe,ad_c(full_target_scalar_reference),0.0023963908492845576,True,0.04704639430922486,2307127
fever,7,selection,50,4521,50,glob_probe,best_in_menu_on_eval,0.0,True,,2307127
fever,8,recalibration,50,4685,50,ad_probe,ad_c(full_target_scalar_reference),0.002504690448439262,True,0.05003345774607926,2308127
fever,8,selection,50,4685,50,glob_probe,best_in_menu_on_eval,0.0,True,,2308127
fever,9,recalibration,50,4509,50,ad_probe,ad_c(full_target_scalar_reference),0.0018586946984522346,True,0.036841177901749234,2309127
fever,9,selection,50,4509,50,glob_probe,best_in_menu_on_eval,0.0,True,,2309127
fever,10,recalibration,50,4400,50,ad_probe,ad_c(full_target_scalar_reference),0.003642339214147916,True,0.06645860789365843,2310127
fever,10,selection,50,4400,50,glob_probe,best_in_menu_on_eval,0.0,True,,2310127
fever,11,recalibration,50,4554,50,ad_probe,ad_c(full_target_scalar_reference),0.0015048182607434457,True,0.03336881957704052,2311127
fever,11,selection,50,4554,50,glob_probe,best_in_menu_on_eval,0.0,True,,2311127
fever,12,recalibration,50,4438,50,ad_probe,ad_c(full_target_scalar_reference),0.000522461334309221,True,0.008374241856988318,2312127
fever,12,selection,50,4438,50,ad_probe,best_in_menu_on_eval,0.035341038448571616,False,,2312127
fever,13,recalibration,50,4576,50,ad_probe,ad_c(full_target_scalar_reference),0.000811617585965263,True,0.020871396826398714,2313127
fever,13,selection,50,4576,50,glob_probe,best_in_menu_on_eval,0.0,True,,2313127
fever,14,recalibration,50,4560,50,ad_probe,ad_c(full_target_scalar_reference),0.0005053592797797934,True,0.0066490692536036455,2314127
fever,14,selection,50,4560,50,glob_probe,best_in_menu_on_eval,0.010980594646345154,False,,2314127
fever,15,recalibration,50,4531,50,ad_probe,ad_c(full_target_scalar_reference),0.0038480060217573886,True,0.06771206359267812,2315127
fever,15,selection,50,4531,50,glob_probe,best_in_menu_on_eval,0.0,True,,2315127
fever,16,recalibration,50,4511,50,ad_probe,ad_c(full_target_scalar_reference),0.00034489883364241525,True,0.004596219924754674,2316127
fever,16,selection,50,4511,50,glob_probe,best_in_menu_on_eval,0.0,True,,2316127
fever,17,recalibration,50,4683,50,ad_probe,ad_c(full_target_scalar_reference),0.0035924901850898916,True,0.07289652688205672,2317127
fever,17,selection,50,4683,50,glob_probe,best_in_menu_on_eval,0.0,True,,2317127
fever,18,recalibration,50,4757,50,ad_probe,ad_c(full_target_scalar_reference),0.0018187811369995144,True,0.03342310880171562,2318127
fever,18,selection,50,4757,50,glob_probe,best_in_menu_on_eval,0.0,True,,2318127
fever,19,recalibration,50,4443,50,ad_probe,ad_c(full_target_scalar_reference),0.0030948487544133485,True,0.0644887427504226,2319127
fever,19,selection,50,4443,50,glob_probe,best_in_menu_on_eval,0.0,True,,2319127
fever,20,recalibration,50,4609,50,ad_probe,ad_c(full_target_scalar_reference),0.0006558111555746704,True,0.019522766277586312,2320127
fever,20,selection,50,4609,50,glob_probe,best_in_menu_on_eval,0.0,True,,2320127
fever,21,recalibration,50,4594,50,ad_probe,ad_c(full_target_scalar_reference),0.0015650299345746355,True,0.035784759956076106,2321127
fever,21,selection,50,4594,50,glob_probe,best_in_menu_on_eval,0.0,True,,2321127
fever,22,recalibration,50,4636,50,ad_probe,ad_c(full_target_scalar_reference),0.0012571754270166435,True,0.02941437545690473,2322127
fever,22,selection,50,4636,50,glob_probe,best_in_menu_on_eval,0.011125046608253197,False,,2322127
fever,23,recalibration,50,4759,50,ad_probe,ad_c(full_target_scalar_reference),0.003261933104849346,True,0.06664302999624483,2323127
fever,23,selection,50,4759,50,glob_probe,best_in_menu_on_eval,0.0,True,,2323127
fever,24,recalibration,50,4598,50,ad_probe,ad_c(full_target_scalar_reference),0.0009284641959990125,True,0.024595392796274318,2324127
fever,24,selection,50,4598,50,glob_probe,best_in_menu_on_eval,0.0,True,,2324127
fever,25,recalibration,50,4521,50,ad_probe,ad_c(full_target_scalar_reference),0.00034489883364241525,True,0.004097663462660384,2325127
fever,25,selection,50,4521,50,glob_probe,best_in_menu_on_eval,0.0,True,,2325127
fever,26,recalibration,50,4549,50,ad_probe,ad_c(full_target_scalar_reference),0.0017533826302909006,True,0.03835759640351666,2326127
fever,26,selection,50,4549,50,glob_probe,best_in_menu_on_eval,0.0,True,,2326127
fever,27,recalibration,50,4451,50,ad_probe,ad_c(full_target_scalar_reference),0.0025631627590850803,True,0.04851576997015927,2327127
fever,27,selection,50,4451,50,glob_probe,best_in_menu_on_eval,0.0,True,,2327127
fever,28,recalibration,50,4560,50,ad_probe,ad_c(full_target_scalar_reference),0.002236431950810025,True,0.04169777882061276,2328127
fever,28,selection,50,4560,50,glob_probe,best_in_menu_on_eval,0.0,True,,2328127
fever,29,recalibration,50,4704,50,ad_probe,ad_c(full_target_scalar_reference),0.0028003416324546837,True,0.0608321126361262,2329127
fever,29,selection,50,4704,50,glob_probe,best_in_menu_on_eval,0.0,True,,2329127
fever,30,recalibration,50,4478,50,ad_probe,ad_c(full_target_scalar_reference),1.764429728912109e-05,True,0.008650774319565402,2330127
fever,30,selection,50,4478,50,glob_probe,best_in_menu_on_eval,0.0,True,,2330127
fever,31,recalibration,50,4539,50,ad_probe,ad_c(full_target_scalar_reference),0.0023704786266315336,True,0.04310308459341017,2331127
fever,31,selection,50,4539,50,glob_probe,best_in_menu_on_eval,0.0,True,,2331127
fever,32,recalibration,50,4456,50,ad_probe,ad_c(full_target_scalar_reference),0.003566134745120464,True,0.05975209366518275,2332127
fever,32,selection,50,4456,50,glob_probe,best_in_menu_on_eval,0.0,True,,2332127
fever,33,recalibration,50,4679,50,ad_probe,ad_c(full_target_scalar_reference),0.0008162716017120486,True,0.019997181965,2333127
fever,33,selection,50,4679,50,glob_probe,best_in_menu_on_eval,0.0,True,,2333127
fever,34,recalibration,50,4458,50,ad_probe,ad_c(full_target_scalar_reference),0.000522461334309221,True,0.01002930614414177,2334127
fever,34,selection,50,4458,50,glob_probe,best_in_menu_on_eval,0.0,True,,2334127
fever,35,recalibration,50,4726,50,ad_probe,ad_c(full_target_scalar_reference),0.002704283063944657,True,0.05372745165058945,2335127
fever,35,selection,50,4726,50,glob_probe,best_in_menu_on_eval,0.0,True,,2335127
fever,36,recalibration,50,4655,50,ad_probe,ad_c(full_target_scalar_reference),0.0013327497921918896,True,0.02892046522830294,2336127
fever,36,selection,50,4655,50,trunc,best_in_menu_on_eval,0.017042914424264644,False,,2336127
fever,37,recalibration,50,4561,50,ad_probe,ad_c(full_target_scalar_reference),0.0006788180244112763,True,0.017376692009757222,2337127
fever,37,selection,50,4561,50,glob_probe,best_in_menu_on_eval,0.0,True,,2337127
fever,38,recalibration,50,4671,50,ad_probe,ad_c(full_target_scalar_reference),0.0,True,0.0017499504435781743,2338127
fever,38,selection,50,4671,50,glob_probe,best_in_menu_on_eval,0.0,True,,2338127
fever,39,recalibration,50,4617,50,ad_probe,ad_c(full_target_scalar_reference),0.0014674576549575935,True,0.03149471639417811,2339127
fever,39,selection,50,4617,50,glob_probe,best_in_menu_on_eval,0.0,True,,2339127
fever,40,recalibration,50,4650,50,ad_probe,ad_c(full_target_scalar_reference),0.0007636935711832216,True,0.010909045800307937,2340127
fever,40,selection,50,4650,50,glob_probe,best_in_menu_on_eval,0.0,True,,2340127
fever,41,recalibration,50,4493,50,ad_probe,ad_c(full_target_scalar_reference),0.001619335954469614,True,0.037355753518380164,2341127
fever,41,selection,50,4493,50,glob_probe,best_in_menu_on_eval,0.0,True,,2341127
fever,42,recalibration,50,4496,50,ad_probe,ad_c(full_target_scalar_reference),0.001343889129366782,True,0.030406549158013108,2342127
fever,42,selection,50,4496,50,glob_probe,best_in_menu_on_eval,0.0,True,,2342127
fever,43,recalibration,50,4483,50,ad_probe,ad_c(full_target_scalar_reference),0.0015650299345746355,True,0.035436772004992956,2343127
fever,43,selection,50,4483,50,trunc,best_in_menu_on_eval,0.017054691690400747,False,,2343127
fever,44,recalibration,50,4713,50,ad_probe,ad_c(full_target_scalar_reference),0.001924321226659087,True,0.039853918422759316,2344127
fever,44,selection,50,4713,50,glob_probe,best_in_menu_on_eval,0.0,True,,2344127
fever,45,recalibration,50,4561,50,ad_probe,ad_c(full_target_scalar_reference),0.0012505515227181352,True,0.026582805009271793,2345127
fever,45,selection,50,4561,50,glob_probe,best_in_menu_on_eval,0.0,True,,2345127
fever,46,recalibration,50,4505,50,ad_probe,ad_c(full_target_scalar_reference),0.000705221260536959,True,0.013185606684519957,2346127
fever,46,selection,50,4505,50,glob_probe,best_in_menu_on_eval,0.0,True,,2346127
fever,47,recalibration,50,4609,50,ad_probe,ad_c(full_target_scalar_reference),0.0006788180244113873,True,0.01861250972035433,2347127
fever,47,selection,50,4609,50,glob_probe,best_in_menu_on_eval,0.0,True,,2347127
fever,48,recalibration,50,4577,50,ad_probe,ad_c(full_target_scalar_reference),0.0007945155314361685,True,0.018531826286870112,2348127
fever,48,selection,50,4577,50,glob_probe,best_in_menu_on_eval,0.0,True,,2348127
fever,49,recalibration,50,4526,50,ad_probe,ad_c(full_target_scalar_reference),0.0009164281064636404,True,0.022208355851977446,2349127
fever,49,selection,50,4526,50,glob_probe,best_in_menu_on_eval,0.0,True,,2349127
fever,0,recalibration,100,9033,100,ad_probe,ad_c(full_target_scalar_reference),0.0009995565568633458,True,0.028980251723600303,2400428
fever,0,selection,100,9033,100,glob_probe,best_in_menu_on_eval,0.0,True,,2400428
fever,1,recalibration,100,9075,100,ad_probe,ad_c(full_target_scalar_reference),0.0007475979592148629,True,0.01562339946244351,2401428
fever,1,selection,100,9075,100,glob_probe,best_in_menu_on_eval,0.0,True,,2401428
fever,2,recalibration,100,9048,100,ad_probe,ad_c(full_target_scalar_reference),0.0,True,0.0018242050651774422,2402428
fever,2,selection,100,9048,100,glob_probe,best_in_menu_on_eval,0.0,True,,2402428
fever,3,recalibration,100,9183,100,ad_probe,ad_c(full_target_scalar_reference),0.0008578147722040352,True,0.022550548843800478,2403428
fever,3,selection,100,9183,100,glob_probe,best_in_menu_on_eval,0.0,True,,2403428
fever,4,recalibration,100,9091,100,ad_probe,ad_c(full_target_scalar_reference),0.00271105175979125,True,0.053046009209507305,2404428
fever,4,selection,100,9091,100,glob_probe,best_in_menu_on_eval,0.0,True,,2404428
fever,5,recalibration,100,9018,100,ad_probe,ad_c(full_target_scalar_reference),0.0,True,0.0011998056320825512,2405428
fever,5,selection,100,9018,100,glob_probe,best_in_menu_on_eval,0.0,True,,2405428
fever,6,recalibration,100,9143,100,ad_probe,ad_c(full_target_scalar_reference),0.00041007250460189937,True,0.00832141829255173,2406428
fever,6,selection,100,9143,100,glob_probe,best_in_menu_on_eval,0.0,True,,2406428
fever,7,recalibration,100,9293,100,ad_probe,ad_c(full_target_scalar_reference),0.005284560556757301,False,0.1131307018678509,2407428
fever,7,selection,100,9293,100,glob_probe,best_in_menu_on_eval,0.0,True,,2407428
fever,8,recalibration,100,8932,100,ad_probe,ad_c(full_target_scalar_reference),0.0025823671861566755,True,0.05084681984665185,2408428
fever,8,selection,100,8932,100,glob_probe,best_in_menu_on_eval,0.0,True,,2408428
fever,9,recalibration,100,9229,100,ad_probe,ad_c(full_target_scalar_reference),0.0024195610695814107,True,0.045477606032259255,2409428
fever,9,selection,100,9229,100,glob_probe,best_in_menu_on_eval,0.0,True,,2409428
fever,10,recalibration,100,9183,100,ad_probe,ad_c(full_target_scalar_reference),0.004653246029719282,True,0.10684200434767444,2410428
fever,10,selection,100,9183,100,glob_probe,best_in_menu_on_eval,0.0,True,,2410428
fever,11,recalibration,100,9040,100,ad_probe,ad_c(full_target_scalar_reference),4.0217502676354044e-05,True,0.0023362395632635646,2411428
fever,11,selection,100,9040,100,glob_probe,best_in_menu_on_eval,0.0,True,,2411428
fever,12,recalibration,100,9316,100,ad_probe,ad_c(full_target_scalar_reference),0.0006992383239257105,True,0.016391791073293804,2412428
fever,12,selection,100,9316,100,glob_probe,best_in_menu_on_eval,0.0,True,,2412428
fever,13,recalibration,100,9072,100,ad_probe,ad_c(full_target_scalar_reference),0.003345690257221756,True,0.06652113414186933,2413428
fever,13,selection,100,9072,100,glob_probe,best_in_menu_on_eval,0.0,True,,2413428
fever,14,recalibration,100,9125,100,ad_probe,ad_c(full_target_scalar_reference),0.0005853574466985201,True,0.0073041987645805495,2414428
fever,14,selection,100,9125,100,glob_probe,best_in_menu_on_eval,0.0,True,,2414428
fever,15,recalibration,100,8972,100,ad_probe,ad_c(full_target_scalar_reference),0.00140248246195529,True,0.03156800090844247,2415428
fever,15,selection,100,8972,100,glob_probe,best_in_menu_on_eval,0.0,True,,2415428
fever,16,recalibration,100,9133,100,ad_probe,ad_c(full_target_scalar_reference),0.0008224874987706743,True,0.019983400621911507,2416428
fever,16,selection,100,9133,100,glob_probe,best_in_menu_on_eval,0.0,True,,2416428
fever,17,recalibration,100,8755,100,ad_probe,ad_c(full_target_scalar_reference),0.0023185489042484297,True,0.04458074232872278,2417428
fever,17,selection,100,8755,100,glob_probe,best_in_menu_on_eval,0.0,True,,2417428
fever,18,recalibration,100,9078,100,ad_probe,ad_c(full_target_scalar_reference),0.000769509087259701,True,0.01392379458501325,2418428
fever,18,selection,100,9078,100,glob_probe,best_in_menu_on_eval,0.0,True,,2418428
fever,19,recalibration,100,9153,100,ad_probe,ad_c(full_target_scalar_reference),0.0010956469853693473,True,0.026762489701694703,2419428
fever,19,selection,100,9153,100,glob_probe,best_in_menu_on_eval,0.0,True,,2419428
fever,20,recalibration,100,9168,100,ad_probe,ad_c(full_target_scalar_reference),0.00048233290745902657,True,0.015837025932155413,2420428
fever,20,selection,100,9168,100,glob_probe,best_in_menu_on_eval,0.0,True,,2420428
fever,21,recalibration,100,8771,100,ad_probe,ad_c(full_target_scalar_reference),0.0006999628897772503,True,0.020815826204851562,2421428
fever,21,selection,100,8771,100,glob_probe,best_in_menu_on_eval,0.0,True,,2421428
fever,22,recalibration,100,9315,100,ad_probe,ad_c(full_target_scalar_reference),0.000406442810023222,True,0.004699888466266566,2422428
fever,22,selection,100,9315,100,glob_probe,best_in_menu_on_eval,0.0,True,,2422428
fever,23,recalibration,100,9147,100,ad_probe,ad_c(full_target_scalar_reference),0.0023490474110252624,True,0.045034550599738266,2423428
fever,23,selection,100,9147,100,trunc,best_in_menu_on_eval,0.01717597635853574,False,,2423428
fever,24,recalibration,100,9021,100,ad_probe,ad_c(full_target_scalar_reference),0.0006681816548679276,True,0.01042678604659697,2424428
fever,24,selection,100,9021,100,glob_probe,best_in_menu_on_eval,0.0,True,,2424428
fever,25,recalibration,100,9213,100,ad_probe,ad_c(full_target_scalar_reference),0.0018728486331039962,True,0.03632949554847764,2425428
fever,25,selection,100,9213,100,glob_probe,best_in_menu_on_eval,0.0,True,,2425428
fever,26,recalibration,100,9223,100,ad_probe,ad_c(full_target_scalar_reference),0.001289533243667207,True,0.02688954253039777,2426428
fever,26,selection,100,9223,100,glob_probe,best_in_menu_on_eval,0.0,True,,2426428
fever,27,recalibration,100,9211,100,ad_probe,ad_c(full_target_scalar_reference),0.0,True,0.0016667052689129935,2427428
fever,27,selection,100,9211,100,glob_probe,best_in_menu_on_eval,0.0,True,,2427428
fever,28,recalibration,100,9027,100,ad_probe,ad_c(full_target_scalar_reference),8.337058010021714e-05,True,0.007999619216848552,2428428
fever,28,selection,100,9027,100,glob_probe,best_in_menu_on_eval,0.0,True,,2428428
fever,29,recalibration,100,9254,100,ad_probe,ad_c(full_target_scalar_reference),0.00010060286654034467,True,0.0058372886317317185,2429428
fever,29,selection,100,9254,100,glob_probe,best_in_menu_on_eval,0.0,True,,2429428
fever,30,recalibration,100,9392,100,ad_probe,ad_c(full_target_scalar_reference),0.0015547821878159063,True,0.0320010701991742,2430428
fever,30,selection,100,9392,100,glob_probe,best_in_menu_on_eval,0.0,True,,2430428
fever,31,recalibration,100,8958,100,ad_probe,ad_c(full_target_scalar_reference),0.0034126286235902636,True,0.06126128268547104,2431428
fever,31,selection,100,8958,100,glob_probe,best_in_menu_on_eval,0.0,True,,2431428
fever,32,recalibration,100,9037,100,ad_probe,ad_c(full_target_scalar_reference),0.0,True,0.002090251434432977,2432428
fever,32,selection,100,9037,100,glob_probe,best_in_menu_on_eval,0.0,True,,2432428
fever,33,recalibration,100,8994,100,ad_probe,ad_c(full_target_scalar_reference),0.0015180300395845059,True,0.03508479733790437,2433428
fever,33,selection,100,8994,100,glob_probe,best_in_menu_on_eval,0.0,True,,2433428
fever,34,recalibration,100,9187,100,ad_probe,ad_c(full_target_scalar_reference),0.0002713753706030664,True,0.0036991266299324366,2434428
fever,34,selection,100,9187,100,glob_probe,best_in_menu_on_eval,0.0,True,,2434428
fever,35,recalibration,100,9134,100,ad_probe,ad_c(full_target_scalar_reference),0.000769509087259812,True,0.01352890630301995,2435428
fever,35,selection,100,9134,100,glob_probe,best_in_menu_on_eval,0.0,True,,2435428
fever,36,recalibration,100,9003,100,ad_probe,ad_c(full_target_scalar_reference),0.0007475979592147519,True,0.015061542826128038,2436428
fever,36,selection,100,9003,100,glob_probe,best_in_menu_on_eval,0.0,True,,2436428
fever,37,recalibration,100,9050,100,ad_probe,ad_c(full_target_scalar_reference),0.0010956469853692363,True,0.029710514436205315,2437428
fever,37,selection,100,9050,100,glob_probe,best_in_menu_on_eval,0.0,True,,2437428
fever,38,recalibration,100,9100,100,ad_probe,ad_c(full_target_scalar_reference),0.0007039171655305321,True,0.010705427063484652,2438428
fever,38,selection,100,9100,100,glob_probe,best_in_menu_on_eval,0.0,True,,2438428
fever,39,recalibration,100,9296,100,ad_probe,ad_c(full_target_scalar_reference),0.0025237636318723444,True,0.04845111272149394,2439428
fever,39,selection,100,9296,100,glob_probe,best_in_menu_on_eval,0.0,True,,2439428
fever,40,recalibration,100,9104,100,ad_probe,ad_c(full_target_scalar_reference),0.0,True,0.0013751730073139345,2440428
fever,40,selection,100,9104,100,glob_probe,best_in_menu_on_eval,0.0,True,,2440428
fever,41,recalibration,100,8932,100,ad_probe,ad_c(full_target_scalar_reference),0.003379365230836928,True,0.05455918236755375,2441428
fever,41,selection,100,8932,100,glob_probe,best_in_menu_on_eval,0.0,True,,2441428
fever,42,recalibration,100,8703,100,ad_probe,ad_c(full_target_scalar_reference),0.003534373235833166,True,0.06042633204329939,2442428
fever,42,selection,100,8703,100,glob_probe,best_in_menu_on_eval,0.0,True,,2442428
fever,43,recalibration,100,9012,100,ad_probe,ad_c(full_target_scalar_reference),0.0007105915107694649,True,0.012585999645792545,2443428
fever,43,selection,100,9012,100,glob_probe,best_in_menu_on_eval,0.0,True,,2443428
fever,44,recalibration,100,9244,100,ad_probe,ad_c(full_target_scalar_reference),0.000971269948788045,True,0.025080263638933786,2444428
fever,44,selection,100,9244,100,glob_probe,best_in_menu_on_eval,0.0,True,,2444428
fever,45,recalibration,100,9057,100,ad_probe,ad_c(full_target_scalar_reference),0.002236230063020761,True,0.04047688592459919,2445428
fever,45,selection,100,9057,100,glob_probe,best_in_menu_on_eval,0.0,True,,2445428
fever,46,recalibration,100,9008,100,ad_probe,ad_c(full_target_scalar_reference),4.113891811896586e-05,True,0.011172203448894913,2446428
fever,46,selection,100,9008,100,glob_probe,best_in_menu_on_eval,0.0,True,,2446428
fever,47,recalibration,100,9160,100,ad_probe,ad_c(full_target_scalar_reference),0.002351523340435979,True,0.05085203317439024,2447428
fever,47,selection,100,9160,100,glob_probe,best_in_menu_on_eval,0.0,True,,2447428
fever,48,recalibration,100,9318,100,ad_probe,ad_c(full_target_scalar_reference),8.337058010032816e-05,True,0.0076703732118397205,2448428
fever,48,selection,100,9318,100,glob_probe,best_in_menu_on_eval,0.0,True,,2448428
fever,49,recalibration,100,9246,100,ad_probe,ad_c(full_target_scalar_reference),0.0009234066939330932,True,0.023359639577680724,2449428
fever,49,selection,100,9246,100,glob_probe,best_in_menu_on_eval,0.0,True,,2449428
climate-fever,0,recalibration,5,479,5,ad_probe,ad_c(full_target_scalar_reference),0.001606955775445451,True,0.4829568624333387,2000264
climate-fever,0,selection,5,479,5,glob_probe,best_in_menu_on_eval,0.0,True,,2000264
climate-fever,1,recalibration,5,463,5,ad_probe,ad_c(full_target_scalar_reference),0.0018666580582241965,True,0.46553684451711463,2001264
climate-fever,1,selection,5,463,5,glob_probe,best_in_menu_on_eval,0.0,True,,2001264
climate-fever,2,recalibration,5,493,5,ad_probe,ad_c(full_target_scalar_reference),5.156776211157066e-05,True,0.011754259912968301,2002264
climate-fever,2,selection,5,493,5,trunc,best_in_menu_on_eval,0.0,True,,2002264
climate-fever,3,recalibration,5,465,5,ad_probe,ad_c(full_target_scalar_reference),5.841607033707508e-06,True,0.05072557396690769,2003264
climate-fever,3,selection,5,465,5,trunc,best_in_menu_on_eval,0.0,True,,2003264
climate-fever,4,recalibration,5,480,5,ad_probe,ad_c(full_target_scalar_reference),0.00022078242390219383,True,0.036580540236498926,2004264
climate-fever,4,selection,5,480,5,trunc,best_in_menu_on_eval,0.0,True,,2004264
climate-fever,5,recalibration,5,438,5,ad_probe,ad_c(full_target_scalar_reference),0.002317742026555797,True,0.8295912937453185,2005264
climate-fever,5,selection,5,438,5,glob_probe,best_in_menu_on_eval,0.0,True,,2005264
climate-fever,6,recalibration,5,478,5,ad_probe,ad_c(full_target_scalar_reference),0.0015634982609238346,True,0.5499080063382076,2006264
climate-fever,6,selection,5,478,5,glob_probe,best_in_menu_on_eval,0.0,True,,2006264
climate-fever,7,recalibration,5,473,5,ad_probe,ad_c(full_target_scalar_reference),0.0036133612679725424,True,1.3503446536536714,2007264
climate-fever,7,selection,5,473,5,trunc,best_in_menu_on_eval,0.0,True,,2007264
climate-fever,8,recalibration,5,479,5,ad_probe,ad_c(full_target_scalar_reference),0.0018012233270110756,True,0.6400255742566752,2008264
climate-fever,8,selection,5,479,5,glob_probe,best_in_menu_on_eval,0.07347041610137267,False,,2008264
climate-fever,9,recalibration,5,474,5,ad_probe,ad_c(full_target_scalar_reference),0.002883817681774259,True,0.8248709453309004,2009264
climate-fever,9,selection,5,474,5,glob_probe,best_in_menu_on_eval,0.013605550149602214,False,,2009264
climate-fever,10,recalibration,5,475,5,ad_probe,ad_c(full_target_scalar_reference),0.0007472994283839185,True,0.2009721147704897,2010264
climate-fever,10,selection,5,475,5,glob_probe,best_in_menu_on_eval,0.07917198243380227,False,,2010264
climate-fever,11,recalibration,5,460,5,ad_probe,ad_c(full_target_scalar_reference),0.0017086250422133908,True,0.4878156684117818,2011264
climate-fever,11,selection,5,460,5,trunc,best_in_menu_on_eval,0.0,True,,2011264
climate-fever,12,recalibration,5,480,5,ad_probe,ad_c(full_target_scalar_reference),0.0006030413427595693,True,0.4960303969723723,2012264
climate-fever,12,selection,5,480,5,glob_probe,best_in_menu_on_eval,0.031581667409272596,False,,2012264
climate-fever,13,recalibration,5,445,5,ad_probe,ad_c(full_target_scalar_reference),0.0007128536159169141,True,0.22941130777493957,2013264
climate-fever,13,selection,5,445,5,trunc,best_in_menu_on_eval,0.0,True,,2013264
climate-fever,14,recalibration,5,462,5,ad_probe,ad_c(full_target_scalar_reference),0.0029563123523176638,True,1.0692110394386616,2014264
climate-fever,14,selection,5,462,5,glob_probe,best_in_menu_on_eval,0.0,True,,2014264
climate-fever,15,recalibration,5,471,5,ad_probe,ad_c(full_target_scalar_reference),0.0017660769829321299,True,0.5224579630787582,2015264
climate-fever,15,selection,5,471,5,glob_probe,best_in_menu_on_eval,0.0,True,,2015264
climate-fever,16,recalibration,5,497,5,ad_probe,ad_c(full_target_scalar_reference),0.0011074391854436483,True,0.3875456971721547,2016264
climate-fever,16,selection,5,497,5,ad_probe,best_in_menu_on_eval,0.021590106483461186,False,,2016264
climate-fever,17,recalibration,5,478,5,ad_probe,ad_c(full_target_scalar_reference),0.0007053526168024349,True,0.17244905818546874,2017264
climate-fever,17,selection,5,478,5,glob_probe,best_in_menu_on_eval,0.045703248667120694,False,,2017264
climate-fever,18,recalibration,5,439,5,ad_probe,ad_c(full_target_scalar_reference),0.0005845586812526227,True,0.14529327652358104,2018264
climate-fever,18,selection,5,439,5,trunc,best_in_menu_on_eval,0.019320651772586406,False,,2018264
climate-fever,19,recalibration,5,508,5,ad_probe,ad_c(full_target_scalar_reference),0.0017163026466463227,True,0.5585483271261129,2019264
climate-fever,19,selection,5,508,5,glob_probe,best_in_menu_on_eval,0.0,True,,2019264
climate-fever,20,recalibration,5,466,5,ad_probe,ad_c(full_target_scalar_reference),0.0007053526168023794,True,0.1760831933391258,2020264
climate-fever,20,selection,5,466,5,glob_probe,best_in_menu_on_eval,0.0,True,,2020264
climate-fever,21,recalibration,5,445,5,ad_probe,ad_c(full_target_scalar_reference),0.0008354931165051871,True,0.33630847365531635,2021264
climate-fever,21,selection,5,445,5,glob_probe,best_in_menu_on_eval,0.0,True,,2021264
climate-fever,22,recalibration,5,463,5,ad_probe,ad_c(full_target_scalar_reference),6.510251078134521e-05,True,0.03520981319559846,2022264
climate-fever,22,selection,5,463,5,glob_probe,best_in_menu_on_eval,0.01360555014960213,False,,2022264
climate-fever,23,recalibration,5,480,5,ad_probe,ad_c(full_target_scalar_reference),0.002563099936564228,True,0.6651682201564473,2023264
climate-fever,23,selection,5,480,5,trunc,best_in_menu_on_eval,0.0,True,,2023264
climate-fever,24,recalibration,5,490,5,ad_probe,ad_c(full_target_scalar_reference),0.002292075053532877,True,0.5983078838473173,2024264
climate-fever,24,selection,5,490,5,glob_probe,best_in_menu_on_eval,0.020632774351553723,False,,2024264
climate-fever,25,recalibration,5,484,5,ad_probe,ad_c(full_target_scalar_reference),0.0007721809990990647,True,0.22425631099001375,2025264
climate-fever,25,selection,5,484,5,trunc,best_in_menu_on_eval,0.0,True,,2025264
climate-fever,26,recalibration,5,476,5,ad_probe,ad_c(full_target_scalar_reference),0.002175108975883966,True,0.5935767305175341,2026264
climate-fever,26,selection,5,476,5,trunc,best_in_menu_on_eval,0.019325815544963543,False,,2026264
climate-fever,27,recalibration,5,441,5,ad_probe,ad_c(full_target_scalar_reference),0.000876670212932168,True,0.2653995876976123,2027264
climate-fever,27,selection,5,441,5,glob_probe,best_in_menu_on_eval,0.0,True,,2027264
climate-fever,28,recalibration,5,445,5,ad_probe,ad_c(full_target_scalar_reference),0.0011276522255488641,True,0.7457222776686414,2028264
climate-fever,28,selection,5,445,5,glob_probe,best_in_menu_on_eval,0.0,True,,2028264
climate-fever,29,recalibration,5,415,5,ad_probe,ad_c(full_target_scalar_reference),0.0022843154324622417,True,0.6046700508561349,2029264
climate-fever,29,selection,5,415,5,trunc,best_in_menu_on_eval,0.0,True,,2029264
climate-fever,30,recalibration,5,470,5,ad_probe,ad_c(full_target_scalar_reference),0.002100651365448458,True,0.6100731194411608,2030264
climate-fever,30,selection,5,470,5,ad_probe,best_in_menu_on_eval,0.017935578613449743,False,,2030264
climate-fever,31,recalibration,5,459,5,ad_probe,ad_c(full_target_scalar_reference),0.0003772312367236186,True,0.08107858734391371,2031264
climate-fever,31,selection,5,459,5,glob_probe,best_in_menu_on_eval,0.0,True,,2031264
climate-fever,32,recalibration,5,494,5,ad_probe,ad_c(full_target_scalar_reference),0.0014792809971839738,True,0.3287982511211385,2032264
climate-fever,32,selection,5,494,5,glob_probe,best_in_menu_on_eval,0.0,True,,2032264
climate-fever,33,recalibration,5,433,5,ad_probe,ad_c(full_target_scalar_reference),0.002853506430693653,True,0.912337850030019,2033264
climate-fever,33,selection,5,433,5,glob_probe,best_in_menu_on_eval,0.0,True,,2033264
climate-fever,34,recalibration,5,512,5,ad_probe,ad_c(full_target_scalar_reference),0.001385249319574372,True,0.3322600836220615,2034264
climate-fever,34,selection,5,512,5,glob_probe,best_in_menu_on_eval,0.013511518471992584,False,,2034264
climate-fever,35,recalibration,5,461,5,ad_probe,ad_c(full_target_scalar_reference),0.002460491985260438,True,0.8172468643219872,2035264
climate-fever,35,selection,5,461,5,glob_probe,best_in_menu_on_eval,0.0,True,,2035264
climate-fever,36,recalibration,5,457,5,ad_probe,ad_c(full_target_scalar_reference),0.0007128536159169696,True,0.22716429273375027,2036264
climate-fever,36,selection,5,457,5,glob_probe,best_in_menu_on_eval,0.0,True,,2036264
climate-fever,37,recalibration,5,464,5,ad_probe,ad_c(full_target_scalar_reference),0.002286404955469279,True,0.6202132121096469,2037264
climate-fever,37,selection,5,464,5,glob_probe,best_in_menu_on_eval,0.020638513487526794,False,,2037264
climate-fever,38,recalibration,5,449,5,ad_probe,ad_c(full_target_scalar_reference),0.001729276488216247,True,0.36119955338070797,2038264
climate-fever,38,selection,5,449,5,glob_probe,best_in_menu_on_eval,0.0,True,,2038264
climate-fever,39,recalibration,5,479,5,ad_probe,ad_c(full_target_scalar_reference),0.00022392770967477604,True,0.0678145668149881,2039264
climate-fever,39,selection,5,479,5,glob_probe,best_in_menu_on_eval,0.020405713260560704,False,,2039264
climate-fever,40,recalibration,5,493,5,ad_probe,ad_c(full_target_scalar_reference),0.001157294228083361,True,0.568957124609595,2040264
climate-fever,40,selection,5,493,5,glob_probe,best_in_menu_on_eval,0.0,True,,2040264
climate-fever,41,recalibration,5,482,5,ad_probe,ad_c(full_target_scalar_reference),0.0029860570556355104,True,0.8276695122111262,2041264
climate-fever,41,selection,5,482,5,glob_probe,best_in_menu_on_eval,0.0,True,,2041264
climate-fever,42,recalibration,5,472,5,ad_probe,ad_c(full_target_scalar_reference),0.0023587196721836234,True,0.9019496785290411,2042264
climate-fever,42,selection,5,472,5,glob_probe,best_in_menu_on_eval,0.0,True,,2042264
climate-fever,43,recalibration,5,497,5,ad_probe,ad_c(full_target_scalar_reference),0.002358719672183679,True,0.9029817366043353,2043264
climate-fever,43,selection,5,497,5,glob_probe,best_in_menu_on_eval,0.0,True,,2043264
climate-fever,44,recalibration,5,496,5,ad_probe,ad_c(full_target_scalar_reference),0.00281397802754374,True,1.040421697318136,2044264
climate-fever,44,selection,5,496,5,trunc,best_in_menu_on_eval,0.0,True,,2044264
climate-fever,45,recalibration,5,501,5,ad_probe,ad_c(full_target_scalar_reference),0.0006842535560097063,True,0.2834876885233668,2045264
climate-fever,45,selection,5,501,5,glob_probe,best_in_menu_on_eval,0.0,True,,2045264
climate-fever,46,recalibration,5,470,5,ad_probe,ad_c(full_target_scalar_reference),0.0007771058417906374,True,0.35646993741489164,2046264
climate-fever,46,selection,5,470,5,glob_probe,best_in_menu_on_eval,0.0,True,,2046264
climate-fever,47,recalibration,5,465,5,ad_probe,ad_c(full_target_scalar_reference),0.001614593364603789,True,0.4878156684117818,2047264
climate-fever,47,selection,5,465,5,glob_probe,best_in_menu_on_eval,0.0,True,,2047264
climate-fever,48,recalibration,5,507,5,ad_probe,ad_c(full_target_scalar_reference),0.0025399334286892172,True,0.9916530520747129,2048264
climate-fever,48,selection,5,507,5,glob_probe,best_in_menu_on_eval,0.0,True,,2048264
climate-fever,49,recalibration,5,456,5,ad_probe,ad_c(full_target_scalar_reference),0.0022843154324622694,True,0.6046700508561349,2049264
climate-fever,49,selection,5,456,5,glob_probe,best_in_menu_on_eval,0.07363517806280595,False,,2049264
climate-fever,0,recalibration,10,889,10,ad_probe,ad_c(full_target_scalar_reference),0.0011727402294842704,True,0.3001181478310011,821
climate-fever,0,selection,10,889,10,glob_probe,best_in_menu_on_eval,0.02095465243293354,False,,821
climate-fever,1,recalibration,10,952,10,ad_probe,ad_c(full_target_scalar_reference),0.0012858516469997916,True,0.5406465510914882,1821
climate-fever,1,selection,10,952,10,trunc,best_in_menu_on_eval,0.0,True,,1821
climate-fever,2,recalibration,10,917,10,ad_probe,ad_c(full_target_scalar_reference),0.0009957026997248764,True,0.20413405557391906,2821
climate-fever,2,selection,10,917,10,glob_probe,best_in_menu_on_eval,0.0,True,,2821
climate-fever,3,recalibration,10,922,10,ad_probe,ad_c(full_target_scalar_reference),0.00041981308798483274,True,0.09126462727822737,3821
climate-fever,3,selection,10,922,10,glob_probe,best_in_menu_on_eval,0.0,True,,3821
climate-fever,4,recalibration,10,897,10,ad_probe,ad_c(full_target_scalar_reference),0.0010319373408076982,True,0.539285433634086,4821
climate-fever,4,selection,10,897,10,glob_probe,best_in_menu_on_eval,0.0,True,,4821
climate-fever,5,recalibration,10,928,10,ad_probe,ad_c(full_target_scalar_reference),0.0030476509407788843,True,0.8451089823154745,5821
climate-fever,5,selection,10,928,10,glob_probe,best_in_menu_on_eval,0.04586882157455113,False,,5821
climate-fever,6,recalibration,10,969,10,ad_probe,ad_c(full_target_scalar_reference),0.0019671182267708975,True,0.44888758029968434,6821
climate-fever,6,selection,10,969,10,glob_probe,best_in_menu_on_eval,0.0,True,,6821
climate-fever,7,recalibration,10,945,10,ad_probe,ad_c(full_target_scalar_reference),6.77389128511674e-06,True,0.020044024409792804,7821
climate-fever,7,selection,10,945,10,trunc,best_in_menu_on_eval,0.0,True,,7821
climate-fever,8,recalibration,10,977,10,ad_probe,ad_c(full_target_scalar_reference),0.0001251956051740999,True,0.10029106754240802,8821
climate-fever,8,selection,10,977,10,glob_probe,best_in_menu_on_eval,0.0,True,,8821
climate-fever,9,recalibration,10,914,10,ad_probe,ad_c(full_target_scalar_reference),0.00015662883210634804,True,0.06820820909143155,9821
climate-fever,9,selection,10,914,10,glob_probe,best_in_menu_on_eval,0.07382575624603782,False,,9821
climate-fever,10,recalibration,10,978,10,ad_probe,ad_c(full_target_scalar_reference),0.0023385271667220042,True,0.6715779214008228,10821
climate-fever,10,selection,10,978,10,glob_probe,best_in_menu_on_eval,0.0,True,,10821
climate-fever,11,recalibration,10,917,10,ad_probe,ad_c(full_target_scalar_reference),0.0007151908408871421,True,0.22830307541915884,11821
climate-fever,11,selection,10,917,10,glob_probe,best_in_menu_on_eval,0.0,True,,11821
climate-fever,12,recalibration,10,903,10,ad_probe,ad_c(full_target_scalar_reference),0.0009711254774065758,True,0.5281071988235673,12821
climate-fever,12,selection,10,903,10,glob_probe,best_in_menu_on_eval,0.0,True,,12821
climate-fever,13,recalibration,10,923,10,ad_probe,ad_c(full_target_scalar_reference),7.583626130638899e-05,True,0.0898104720189008,13821
climate-fever,13,selection,10,923,10,glob_probe,best_in_menu_on_eval,0.0,True,,13821
climate-fever,14,recalibration,10,941,10,ad_probe,ad_c(full_target_scalar_reference),0.00022819449831740224,True,0.4392425325033593,14821
climate-fever,14,selection,10,941,10,glob_probe,best_in_menu_on_eval,0.0,True,,14821
climate-fever,15,recalibration,10,956,10,ad_probe,ad_c(full_target_scalar_reference),0.003039559758978766,True,0.8631682621255021,15821
climate-fever,15,selection,10,956,10,glob_probe,best_in_menu_on_eval,0.055061757673609935,False,,15821
climate-fever,16,recalibration,10,965,10,ad_probe,ad_c(full_target_scalar_reference),0.0017357097629054352,True,0.49468464325647465,16821
climate-fever,16,selection,10,965,10,trunc,best_in_menu_on_eval,0.0,True,,16821
climate-fever,17,recalibration,10,870,10,ad_probe,ad_c(full_target_scalar_reference),0.0005278284599198602,True,0.16765959525808105,17821
climate-fever,17,selection,10,870,10,glob_probe,best_in_menu_on_eval,0.03604294878074918,False,,17821
climate-fever,18,recalibration,10,961,10,ad_probe,ad_c(full_target_scalar_reference),0.001002957792301029,True,0.2588353287437215,18821
climate-fever,18,selection,10,961,10,glob_probe,best_in_menu_on_eval,0.0,True,,18821
climate-fever,19,recalibration,10,957,10,ad_probe,ad_c(full_target_scalar_reference),0.002997025439699541,True,0.9076698955123053,19821
climate-fever,19,selection,10,957,10,glob_probe,best_in_menu_on_eval,0.0,True,,19821
climate-fever,20,recalibration,10,902,10,ad_probe,ad_c(full_target_scalar_reference),0.0005881668503832649,True,0.22858578026626786,20821
climate-fever,20,selection,10,902,10,glob_probe,best_in_menu_on_eval,0.0,True,,20821
climate-fever,21,recalibration,10,877,10,ad_probe,ad_c(full_target_scalar_reference),2.4099424564966165e-05,True,0.07914861444503396,21821
climate-fever,21,selection,10,877,10,glob_probe,best_in_menu_on_eval,0.06871481630466827,False,,21821
climate-fever,22,recalibration,10,962,10,ad_probe,ad_c(full_target_scalar_reference),0.002795811078964705,True,0.7352430013398221,22821
climate-fever,22,selection,10,962,10,glob_probe,best_in_menu_on_eval,0.0,True,,22821
climate-fever,23,recalibration,10,975,10,ad_probe,ad_c(full_target_scalar_reference),0.0019883091277586307,True,0.44027348325467974,23821
climate-fever,23,selection,10,975,10,trunc,best_in_menu_on_eval,0.0,True,,23821
climate-fever,24,recalibration,10,960,10,ad_probe,ad_c(full_target_scalar_reference),0.0014841310988140954,True,0.32822090751965227,24821
climate-fever,24,selection,10,960,10,ad_probe,best_in_menu_on_eval,0.018750320844933277,False,,24821
climate-fever,25,recalibration,10,912,10,ad_probe,ad_c(full_target_scalar_reference),0.0001293420918535293,True,0.02230172374373618,25821
climate-fever,25,selection,10,912,10,glob_probe,best_in_menu_on_eval,0.00271909206382559,True,,25821
climate-fever,26,recalibration,10,933,10,ad_probe,ad_c(full_target_scalar_reference),0.0011329947688019648,True,0.7376342179787065,26821
climate-fever,26,selection,10,933,10,trunc,best_in_menu_on_eval,0.0,True,,26821
climate-fever,27,recalibration,10,918,10,ad_probe,ad_c(full_target_scalar_reference),0.0011692576212658234,True,0.3057090833937912,27821
climate-fever,27,selection,10,918,10,glob_probe,best_in_menu_on_eval,0.0,True,,27821
climate-fever,28,recalibration,10,983,10,ad_probe,ad_c(full_target_scalar_reference),0.0007668101280348116,True,0.14133002501707503,28821
climate-fever,28,selection,10,983,10,glob_probe,best_in_menu_on_eval,0.021185563896504334,False,,28821
climate-fever,29,recalibration,10,980,10,ad_probe,ad_c(full_target_scalar_reference),0.0007076652483329338,True,0.16463854158068392,29821
climate-fever,29,selection,10,980,10,glob_probe,best_in_menu_on_eval,0.0,True,,29821
climate-fever,30,recalibration,10,950,10,ad_probe,ad_c(full_target_scalar_reference),0.0019245150853204052,True,0.46247708126977427,30821
climate-fever,30,selection,10,950,10,glob_probe,best_in_menu_on_eval,0.06879122009764482,False,,30821
climate-fever,31,recalibration,10,895,10,ad_probe,ad_c(full_target_scalar_reference),0.0012053370996804869,True,0.560321342830296,31821
climate-fever,31,selection,10,895,10,glob_probe,best_in_menu_on_eval,0.0,True,,31821
climate-fever,32,recalibration,10,965,10,ad_probe,ad_c(full_target_scalar_reference),0.002795811078964705,True,0.7444429129057566,32821
climate-fever,32,selection,10,965,10,glob_probe,best_in_menu_on_eval,0.0,True,,32821
climate-fever,33,recalibration,10,958,10,ad_probe,ad_c(full_target_scalar_reference),0.002573324723036008,True,1.026834170057794,33821
climate-fever,33,selection,10,958,10,glob_probe,best_in_menu_on_eval,0.0,True,,33821
climate-fever,34,recalibration,10,863,10,ad_probe,ad_c(full_target_scalar_reference),0.0007066462214476987,True,0.3586441789014778,34821
climate-fever,34,selection,10,863,10,trunc,best_in_menu_on_eval,0.0,True,,34821
climate-fever,35,recalibration,10,904,10,ad_probe,ad_c(full_target_scalar_reference),0.0011727402294842426,True,0.31685199346400816,35821
climate-fever,35,selection,10,904,10,glob_probe,best_in_menu_on_eval,0.0,True,,35821
climate-fever,36,recalibration,10,909,10,ad_probe,ad_c(full_target_scalar_reference),0.000510997467991936,True,0.09956742998290125,36821
climate-fever,36,selection,10,909,10,glob_probe,best_in_menu_on_eval,0.0,True,,36821
climate-fever,37,recalibration,10,922,10,ad_probe,ad_c(full_target_scalar_reference),0.0005364300136419253,True,0.22553050495231775,37821
climate-fever,37,selection,10,922,10,glob_probe,best_in_menu_on_eval,0.0,True,,37821
climate-fever,38,recalibration,10,965,10,ad_probe,ad_c(full_target_scalar_reference),0.0017084574668708163,True,0.49599470227704634,38821
climate-fever,38,selection,10,965,10,glob_probe,best_in_menu_on_eval,0.1595921725391929,False,,38821
climate-fever,39,recalibration,10,942,10,ad_probe,ad_c(full_target_scalar_reference),0.003464307520239962,True,1.2601180843598327,39821
climate-fever,39,selection,10,942,10,glob_probe,best_in_menu_on_eval,0.013808481333347528,False,,39821
climate-fever,40,recalibration,10,950,10,ad_probe,ad_c(full_target_scalar_reference),0.0004783358708438934,True,0.060563403347711375,40821
climate-fever,40,selection,10,950,10,glob_probe,best_in_menu_on_eval,0.0,True,,40821
climate-fever,41,recalibration,10,926,10,ad_probe,ad_c(full_target_scalar_reference),7.583626130636123e-05,True,0.07972448957892198,41821
climate-fever,41,selection,10,926,10,trunc,best_in_menu_on_eval,0.0,True,,41821
climate-fever,42,recalibration,10,919,10,ad_probe,ad_c(full_target_scalar_reference),0.002135740322428331,True,0.9605140791940143,42821
climate-fever,42,selection,10,919,10,glob_probe,best_in_menu_on_eval,0.0,True,,42821
climate-fever,43,recalibration,10,969,10,ad_probe,ad_c(full_target_scalar_reference),0.002126701070924608,True,0.3905508489609786,43821
climate-fever,43,selection,10,969,10,trunc,best_in_menu_on_eval,0.0,True,,43821
climate-fever,44,recalibration,10,938,10,ad_probe,ad_c(full_target_scalar_reference),0.00040984075412639487,True,0.13392183422776327,44821
climate-fever,44,selection,10,938,10,ad_probe,best_in_menu_on_eval,0.01980954146531419,False,,44821
climate-fever,45,recalibration,10,944,10,ad_probe,ad_c(full_target_scalar_reference),0.0028234146462171317,True,0.9137661654116189,45821
climate-fever,45,selection,10,944,10,glob_probe,best_in_menu_on_eval,0.03133541534468359,False,,45821
climate-fever,46,recalibration,10,877,10,ad_probe,ad_c(full_target_scalar_reference),0.0016540225463051172,True,0.41662620466743405,46821
climate-fever,46,selection,10,877,10,glob_probe,best_in_menu_on_eval,0.0,True,,46821
climate-fever,47,recalibration,10,929,10,ad_probe,ad_c(full_target_scalar_reference),8.376300622539579e-05,True,0.42240071744742,47821
climate-fever,47,selection,10,929,10,glob_probe,best_in_menu_on_eval,0.0,True,,47821
climate-fever,48,recalibration,10,965,10,ad_probe,ad_c(full_target_scalar_reference),0.0007630561834436889,True,0.395891521296013,48821
climate-fever,48,selection,10,965,10,glob_probe,best_in_menu_on_eval,0.0,True,,48821
climate-fever,49,recalibration,10,953,10,ad_probe,ad_c(full_target_scalar_reference),0.0009698342813541927,True,0.20140125696092648,49821
climate-fever,49,selection,10,953,10,glob_probe,best_in_menu_on_eval,0.0,True,,49821
climate-fever,0,recalibration,20,1856,20,ad_probe,ad_c(full_target_scalar_reference),0.0006057206406205051,True,0.16308341075512756,2200249
climate-fever,0,selection,20,1856,20,glob_probe,best_in_menu_on_eval,0.0,True,,2200249
climate-fever,1,recalibration,20,1757,20,ad_probe,ad_c(full_target_scalar_reference),0.0003495302986609161,True,0.44142360693768046,2201249
climate-fever,1,selection,20,1757,20,glob_probe,best_in_menu_on_eval,0.0,True,,2201249
climate-fever,2,recalibration,20,1857,20,ad_probe,ad_c(full_target_scalar_reference),0.0015947811064054018,True,0.6273830681643098,2202249
climate-fever,2,selection,20,1857,20,glob_probe,best_in_menu_on_eval,0.020994530764257863,False,,2202249
climate-fever,3,recalibration,20,1908,20,ad_probe,ad_c(full_target_scalar_reference),7.633683068794528e-05,True,0.09464942825301881,2203249
climate-fever,3,selection,20,1908,20,glob_probe,best_in_menu_on_eval,0.0,True,,2203249
climate-fever,4,recalibration,20,1878,20,ad_probe,ad_c(full_target_scalar_reference),0.00084927547583033,True,0.18160645367946593,2204249
climate-fever,4,selection,20,1878,20,glob_probe,best_in_menu_on_eval,0.013891344232183495,False,,2204249
climate-fever,5,recalibration,20,1904,20,ad_probe,ad_c(full_target_scalar_reference),0.0005101721623856637,True,0.2638316136512042,2205249
climate-fever,5,selection,20,1904,20,glob_probe,best_in_menu_on_eval,0.0,True,,2205249
climate-fever,6,recalibration,20,1871,20,ad_probe,ad_c(full_target_scalar_reference),0.0012033400343132716,True,0.3856812531211653,2206249
climate-fever,6,selection,20,1871,20,glob_probe,best_in_menu_on_eval,0.0,True,,2206249
climate-fever,7,recalibration,20,1819,20,ad_probe,ad_c(full_target_scalar_reference),3.970792308918836e-05,True,0.04659310304738051,2207249
climate-fever,7,selection,20,1819,20,glob_probe,best_in_menu_on_eval,0.0,True,,2207249
climate-fever,8,recalibration,20,1870,20,ad_probe,ad_c(full_target_scalar_reference),5.2078334013633265e-05,True,0.0114663455474604,2208249
climate-fever,8,selection,20,1870,20,glob_probe,best_in_menu_on_eval,0.0,True,,2208249
climate-fever,9,recalibration,20,1880,20,ad_probe,ad_c(full_target_scalar_reference),0.0028408058956617133,True,0.6933732005183484,2209249
climate-fever,9,selection,20,1880,20,glob_probe,best_in_menu_on_eval,0.0,True,,2209249
climate-fever,10,recalibration,20,1886,20,ad_probe,ad_c(full_target_scalar_reference),0.0007327216250223589,True,0.36582033911071865,2210249
climate-fever,10,selection,20,1886,20,glob_probe,best_in_menu_on_eval,0.0,True,,2210249
climate-fever,11,recalibration,20,1857,20,ad_probe,ad_c(full_target_scalar_reference),0.0008164177053846811,True,0.18154719841367628,2211249
climate-fever,11,selection,20,1857,20,glob_probe,best_in_menu_on_eval,0.0,True,,2211249
climate-fever,12,recalibration,20,1820,20,ad_probe,ad_c(full_target_scalar_reference),0.0009588224915539623,True,0.3426856166573471,2212249
climate-fever,12,selection,20,1820,20,glob_probe,best_in_menu_on_eval,0.0,True,,2212249
climate-fever,13,recalibration,20,1819,20,ad_probe,ad_c(full_target_scalar_reference),5.207833401360551e-05,True,0.0064074541540914964,2213249
climate-fever,13,selection,20,1819,20,glob_probe,best_in_menu_on_eval,0.0,True,,2213249
climate-fever,14,recalibration,20,1917,20,ad_probe,ad_c(full_target_scalar_reference),0.0007680928579218149,True,0.3960661036552713,2214249
climate-fever,14,selection,20,1917,20,glob_probe,best_in_menu_on_eval,0.0,True,,2214249
climate-fever,15,recalibration,20,1908,20,ad_probe,ad_c(full_target_scalar_reference),0.0016649401868748248,True,0.41395151479954295,2215249
climate-fever,15,selection,20,1908,20,glob_probe,best_in_menu_on_eval,0.0,True,,2215249
climate-fever,16,recalibration,20,1833,20,ad_probe,ad_c(full_target_scalar_reference),0.0006828679698784035,True,0.2855411261940395,2216249
climate-fever,16,selection,20,1833,20,glob_probe,best_in_menu_on_eval,0.0,True,,2216249
climate-fever,17,recalibration,20,1893,20,ad_probe,ad_c(full_target_scalar_reference),0.0018715599173834696,True,0.5261305072257976,2217249
climate-fever,17,selection,20,1893,20,glob_probe,best_in_menu_on_eval,0.0,True,,2217249
climate-fever,18,recalibration,20,1869,20,ad_probe,ad_c(full_target_scalar_reference),6.574709009601887e-05,True,0.030432913150664653,2218249
climate-fever,18,selection,20,1869,20,glob_probe,best_in_menu_on_eval,0.0,True,,2218249
climate-fever,19,recalibration,20,1853,20,ad_probe,ad_c(full_target_scalar_reference),0.0013140285549128605,True,0.336071314086436,2219249
climate-fever,19,selection,20,1853,20,glob_probe,best_in_menu_on_eval,0.0,True,,2219249
climate-fever,20,recalibration,20,1855,20,ad_probe,ad_c(full_target_scalar_reference),0.0007519459269212381,True,0.2692821267562424,2220249
climate-fever,20,selection,20,1855,20,glob_probe,best_in_menu_on_eval,0.014037020371197834,False,,2220249
climate-fever,21,recalibration,20,1891,20,ad_probe,ad_c(full_target_scalar_reference),0.0007989403176370258,True,0.18928565726604107,2221249
climate-fever,21,selection,20,1891,20,trunc,best_in_menu_on_eval,0.019590446832623454,False,,2221249
climate-fever,22,recalibration,20,1786,20,ad_probe,ad_c(full_target_scalar_reference),0.0011510484150998312,True,0.2724124209348697,2222249
climate-fever,22,selection,20,1786,20,glob_probe,best_in_menu_on_eval,0.0,True,,2222249
climate-fever,23,recalibration,20,1825,20,ad_probe,ad_c(full_target_scalar_reference),0.0008213583604315677,True,0.21540253045889868,2223249
climate-fever,23,selection,20,1825,20,glob_probe,best_in_menu_on_eval,0.0,True,,2223249
climate-fever,24,recalibration,20,1847,20,ad_probe,ad_c(full_target_scalar_reference),9.768570182996927e-05,True,0.05734941558603701,2224249
climate-fever,24,selection,20,1847,20,glob_probe,best_in_menu_on_eval,0.014105943888509581,False,,2224249
climate-fever,25,recalibration,20,1913,20,ad_probe,ad_c(full_target_scalar_reference),0.0005143703885727713,True,0.08804159666956268,2225249
climate-fever,25,selection,20,1913,20,glob_probe,best_in_menu_on_eval,0.0,True,,2225249
climate-fever,26,recalibration,20,1853,20,ad_probe,ad_c(full_target_scalar_reference),0.0010095779757485213,True,0.2474276628261629,2226249
climate-fever,26,selection,20,1853,20,glob_probe,best_in_menu_on_eval,0.0,True,,2226249
climate-fever,27,recalibration,20,1873,20,ad_probe,ad_c(full_target_scalar_reference),0.0017724372046113435,True,0.35552043285544954,2227249
climate-fever,27,selection,20,1873,20,glob_probe,best_in_menu_on_eval,0.0,True,,2227249
climate-fever,28,recalibration,20,1886,20,ad_probe,ad_c(full_target_scalar_reference),0.001980102505495518,True,0.44852252318384567,2228249
climate-fever,28,selection,20,1886,20,glob_probe,best_in_menu_on_eval,0.0,True,,2228249
climate-fever,29,recalibration,20,1973,20,ad_probe,ad_c(full_target_scalar_reference),0.00257011725355763,True,0.6142781632273402,2229249
climate-fever,29,selection,20,1973,20,glob_probe,best_in_menu_on_eval,0.0026359869965029425,True,,2229249
climate-fever,30,recalibration,20,1845,20,ad_probe,ad_c(full_target_scalar_reference),0.0021473221931477826,True,0.6415378578551243,2230249
climate-fever,30,selection,20,1845,20,glob_probe,best_in_menu_on_eval,0.0,True,,2230249
climate-fever,31,recalibration,20,1800,20,ad_probe,ad_c(full_target_scalar_reference),0.0005637629721061965,True,0.23957970509438598,2231249
climate-fever,31,selection,20,1800,20,glob_probe,best_in_menu_on_eval,0.0,True,,2231249
climate-fever,32,recalibration,20,1837,20,ad_probe,ad_c(full_target_scalar_reference),0.0001901106180496881,True,0.03503788787234763,2232249
climate-fever,32,selection,20,1837,20,glob_probe,best_in_menu_on_eval,0.0,True,,2232249
climate-fever,33,recalibration,20,1834,20,ad_probe,ad_c(full_target_scalar_reference),0.0011510484150997757,True,0.27333707682961395,2233249
climate-fever,33,selection,20,1834,20,glob_probe,best_in_menu_on_eval,0.0,True,,2233249
climate-fever,34,recalibration,20,1813,20,ad_probe,ad_c(full_target_scalar_reference),0.0008822085149962355,True,0.1565909868615054,2234249
climate-fever,34,selection,20,1813,20,glob_probe,best_in_menu_on_eval,0.0,True,,2234249
climate-fever,35,recalibration,20,1860,20,ad_probe,ad_c(full_target_scalar_reference),0.0003809661994634561,True,0.08134886704516431,2235249
climate-fever,35,selection,20,1860,20,trunc,best_in_menu_on_eval,0.019524964937996547,False,,2235249
climate-fever,36,recalibration,20,1834,20,ad_probe,ad_c(full_target_scalar_reference),0.0002832493971645367,True,0.07867424918792931,2236249
climate-fever,36,selection,20,1834,20,glob_probe,best_in_menu_on_eval,0.0,True,,2236249
climate-fever,37,recalibration,20,1861,20,ad_probe,ad_c(full_target_scalar_reference),0.001746398037604513,True,0.35903689861214527,2237249
climate-fever,37,selection,20,1861,20,glob_probe,best_in_menu_on_eval,0.0,True,,2237249
climate-fever,38,recalibration,20,1855,20,ad_probe,ad_c(full_target_scalar_reference),0.0017035731252989794,True,0.5022169366050995,2238249
climate-fever,38,selection,20,1855,20,glob_probe,best_in_menu_on_eval,0.09592570228441513,False,,2238249
climate-fever,39,recalibration,20,1941,20,ad_probe,ad_c(full_target_scalar_reference),0.000867347986179684,True,0.2928202447069945,2239249
climate-fever,39,selection,20,1941,20,glob_probe,best_in_menu_on_eval,0.020841563841442007,False,,2239249
climate-fever,40,recalibration,20,1815,20,ad_probe,ad_c(full_target_scalar_reference),0.0006689268321391495,True,0.5099869690888497,2240249
climate-fever,40,selection,20,1815,20,glob_probe,best_in_menu_on_eval,0.0025505117545732148,True,,2240249
climate-fever,41,recalibration,20,1878,20,ad_probe,ad_c(full_target_scalar_reference),0.0003207597165227616,True,0.12269662942136472,2241249
climate-fever,41,selection,20,1878,20,ad_probe,best_in_menu_on_eval,0.02003565846315719,False,,2241249
climate-fever,42,recalibration,20,1853,20,ad_probe,ad_c(full_target_scalar_reference),0.0006323583775426633,True,0.23994367027610863,2242249
climate-fever,42,selection,20,1853,20,glob_probe,best_in_menu_on_eval,0.0,True,,2242249
climate-fever,43,recalibration,20,1882,20,ad_probe,ad_c(full_target_scalar_reference),0.0008164177053846811,True,0.18158133878380767,2243249
climate-fever,43,selection,20,1882,20,glob_probe,best_in_menu_on_eval,0.05534221704363282,False,,2243249
climate-fever,44,recalibration,20,1864,20,ad_probe,ad_c(full_target_scalar_reference),0.0009134041991637754,True,0.5743943256849857,2244249
climate-fever,44,selection,20,1864,20,glob_probe,best_in_menu_on_eval,0.0,True,,2244249
climate-fever,45,recalibration,20,1870,20,ad_probe,ad_c(full_target_scalar_reference),0.00013019583503406928,True,0.018290270118249463,2245249
climate-fever,45,selection,20,1870,20,glob_probe,best_in_menu_on_eval,0.0,True,,2245249
climate-fever,46,recalibration,20,1851,20,ad_probe,ad_c(full_target_scalar_reference),5.889693745242397e-05,True,0.015848081522292556,2246249
climate-fever,46,selection,20,1851,20,glob_probe,best_in_menu_on_eval,0.0,True,,2246249
climate-fever,47,recalibration,20,1789,20,ad_probe,ad_c(full_target_scalar_reference),0.000597569189888153,True,0.14190795925263133,2247249
climate-fever,47,selection,20,1789,20,glob_probe,best_in_menu_on_eval,0.0,True,,2247249
climate-fever,48,recalibration,20,1849,20,ad_probe,ad_c(full_target_scalar_reference),0.0007006833249391109,True,0.15515038853162055,2248249
climate-fever,48,selection,20,1849,20,glob_probe,best_in_menu_on_eval,0.0,True,,2248249
climate-fever,49,recalibration,20,1867,20,ad_probe,ad_c(full_target_scalar_reference),9.549981687756448e-06,True,0.06893431580853582,2249249
climate-fever,49,selection,20,1867,20,glob_probe,best_in_menu_on_eval,0.0,True,,2249249
climate-fever,0,recalibration,50,4637,50,ad_probe,ad_c(full_target_scalar_reference),0.0010041230552960967,True,0.29475547643271316,2300950
climate-fever,0,selection,50,4637,50,glob_probe,best_in_menu_on_eval,0.0,True,,2300950
climate-fever,1,recalibration,50,4711,50,ad_probe,ad_c(full_target_scalar_reference),0.0005582832733420084,True,0.10066285379877549,2301950
climate-fever,1,selection,50,4711,50,glob_probe,best_in_menu_on_eval,0.0,True,,2301950
climate-fever,2,recalibration,50,4742,50,ad_probe,ad_c(full_target_scalar_reference),0.00010059687792629557,True,0.02832093703929983,2302950
climate-fever,2,selection,50,4742,50,glob_probe,best_in_menu_on_eval,0.0,True,,2302950
climate-fever,3,recalibration,50,4746,50,ad_probe,ad_c(full_target_scalar_reference),6.707531413832624e-05,True,0.031034621853522015,2303950
climate-fever,3,selection,50,4746,50,glob_probe,best_in_menu_on_eval,0.0,True,,2303950
climate-fever,4,recalibration,50,4693,50,ad_probe,ad_c(full_target_scalar_reference),0.0001262243611365177,True,0.057426910708268775,2304950
climate-fever,4,selection,50,4693,50,glob_probe,best_in_menu_on_eval,0.0,True,,2304950
climate-fever,5,recalibration,50,4870,50,ad_probe,ad_c(full_target_scalar_reference),0.0006315045923710461,True,0.21194041081273918,2305950
climate-fever,5,selection,50,4870,50,glob_probe,best_in_menu_on_eval,0.0,True,,2305950
climate-fever,6,recalibration,50,4764,50,ad_probe,ad_c(full_target_scalar_reference),0.0006756352895860018,True,0.10447798689095977,2306950
climate-fever,6,selection,50,4764,50,glob_probe,best_in_menu_on_eval,0.0,True,,2306950
climate-fever,7,recalibration,50,4665,50,ad_probe,ad_c(full_target_scalar_reference),0.00022747280038412643,True,0.041960891122717836,2307950
climate-fever,7,selection,50,4665,50,glob_probe,best_in_menu_on_eval,0.0,True,,2307950
climate-fever,8,recalibration,50,4683,50,ad_probe,ad_c(full_target_scalar_reference),0.002046555779023518,True,0.5059944381540595,2308950
climate-fever,8,selection,50,4683,50,glob_probe,best_in_menu_on_eval,0.0,True,,2308950
climate-fever,9,recalibration,50,4645,50,ad_probe,ad_c(full_target_scalar_reference),0.00022747280038415418,True,0.05048553747967999,2309950
climate-fever,9,selection,50,4645,50,glob_probe,best_in_menu_on_eval,0.0,True,,2309950
climate-fever,10,recalibration,50,4655,50,ad_probe,ad_c(full_target_scalar_reference),0.0020959008972553372,True,0.5369879170525111,2310950
climate-fever,10,selection,50,4655,50,glob_probe,best_in_menu_on_eval,0.0477097215306434,False,,2310950
climate-fever,11,recalibration,50,4761,50,ad_probe,ad_c(full_target_scalar_reference),6.707531413835399e-05,True,0.03793681804554838,2311950
climate-fever,11,selection,50,4761,50,glob_probe,best_in_menu_on_eval,0.0,True,,2311950
climate-fever,12,recalibration,50,4771,50,ad_probe,ad_c(full_target_scalar_reference),7.787898888358957e-05,True,0.08618936485539663,2312950
climate-fever,12,selection,50,4771,50,trunc,best_in_menu_on_eval,0.020020021291351053,False,,2312950
climate-fever,13,recalibration,50,4687,50,ad_probe,ad_c(full_target_scalar_reference),0.001138545978722011,True,0.28072986058971505,2313950
climate-fever,13,selection,50,4687,50,glob_probe,best_in_menu_on_eval,0.0,True,,2313950
climate-fever,14,recalibration,50,4679,50,ad_probe,ad_c(full_target_scalar_reference),0.0007312085758050257,True,0.11297994866734795,2314950
climate-fever,14,selection,50,4679,50,glob_probe,best_in_menu_on_eval,0.0,True,,2314950
climate-fever,15,recalibration,50,4632,50,ad_probe,ad_c(full_target_scalar_reference),0.0007923337584774814,True,0.10812363595851071,2315950
climate-fever,15,selection,50,4632,50,glob_probe,best_in_menu_on_eval,0.0,True,,2315950
climate-fever,16,recalibration,50,4687,50,ad_probe,ad_c(full_target_scalar_reference),0.0005005758680731998,True,0.144107424304726,2316950
climate-fever,16,selection,50,4687,50,glob_probe,best_in_menu_on_eval,0.0,True,,2316950
climate-fever,17,recalibration,50,4665,50,ad_probe,ad_c(full_target_scalar_reference),0.0007267269385236863,True,0.1636528623924196,2317950
climate-fever,17,selection,50,4665,50,glob_probe,best_in_menu_on_eval,0.0,True,,2317950
climate-fever,18,recalibration,50,4650,50,ad_probe,ad_c(full_target_scalar_reference),0.0005247617095540669,True,0.09470368196560353,2318950
climate-fever,18,selection,50,4650,50,glob_probe,best_in_menu_on_eval,0.0,True,,2318950
climate-fever,19,recalibration,50,4683,50,ad_probe,ad_c(full_target_scalar_reference),9.965915035176076e-05,True,0.055903195092047664,2319950
climate-fever,19,selection,50,4683,50,glob_probe,best_in_menu_on_eval,0.0,True,,2319950
climate-fever,20,recalibration,50,4681,50,ad_probe,ad_c(full_target_scalar_reference),0.00013282605392367364,True,0.0226893735687006,2320950
climate-fever,20,selection,50,4681,50,glob_probe,best_in_menu_on_eval,0.0,True,,2320950
climate-fever,21,recalibration,50,4615,50,ad_probe,ad_c(full_target_scalar_reference),6.707531413832624e-05,True,0.034730134465087215,2321950
climate-fever,21,selection,50,4615,50,glob_probe,best_in_menu_on_eval,0.0,True,,2321950
climate-fever,22,recalibration,50,4765,50,ad_probe,ad_c(full_target_scalar_reference),0.0009517511768055709,True,0.31057445142243933,2322950
climate-fever,22,selection,50,4765,50,glob_probe,best_in_menu_on_eval,0.0,True,,2322950
climate-fever,23,recalibration,50,4782,50,ad_probe,ad_c(full_target_scalar_reference),0.001122685939711321,True,0.31573551183589954,2323950
climate-fever,23,selection,50,4782,50,glob_probe,best_in_menu_on_eval,0.0,True,,2323950
climate-fever,24,recalibration,50,4763,50,ad_probe,ad_c(full_target_scalar_reference),0.002149170422938884,True,0.4823296554955441,2324950
climate-fever,24,selection,50,4763,50,glob_probe,best_in_menu_on_eval,0.0,True,,2324950
climate-fever,25,recalibration,50,4575,50,ad_probe,ad_c(full_target_scalar_reference),0.00011838909223729766,True,0.08344217167949486,2325950
climate-fever,25,selection,50,4575,50,glob_probe,best_in_menu_on_eval,0.0,True,,2325950
climate-fever,26,recalibration,50,4807,50,ad_probe,ad_c(full_target_scalar_reference),0.0004451649391482293,True,0.17466350914672146,2326950
climate-fever,26,selection,50,4807,50,glob_probe,best_in_menu_on_eval,0.0,True,,2326950
climate-fever,27,recalibration,50,4836,50,ad_probe,ad_c(full_target_scalar_reference),0.0014197001073060767,True,0.41577782446815403,2327950
climate-fever,27,selection,50,4836,50,glob_probe,best_in_menu_on_eval,0.0,True,,2327950
climate-fever,28,recalibration,50,4694,50,ad_probe,ad_c(full_target_scalar_reference),0.0002866681808571525,True,0.11762440321257417,2328950
climate-fever,28,selection,50,4694,50,glob_probe,best_in_menu_on_eval,0.02159595584722973,False,,2328950
climate-fever,29,recalibration,50,4719,50,ad_probe,ad_c(full_target_scalar_reference),7.787898888361733e-05,True,0.08873971582748164,2329950
climate-fever,29,selection,50,4719,50,glob_probe,best_in_menu_on_eval,0.0,True,,2329950
climate-fever,30,recalibration,50,4517,50,ad_probe,ad_c(full_target_scalar_reference),7.787898888367284e-05,True,0.08664151617405347,2330950
climate-fever,30,selection,50,4517,50,glob_probe,best_in_menu_on_eval,0.03722312436435865,False,,2330950
climate-fever,31,recalibration,50,4678,50,ad_probe,ad_c(full_target_scalar_reference),5.313042156945835e-05,True,0.006919858826504477,2331950
climate-fever,31,selection,50,4678,50,glob_probe,best_in_menu_on_eval,0.0,True,,2331950
climate-fever,32,recalibration,50,4661,50,ad_probe,ad_c(full_target_scalar_reference),0.0004451649391482293,True,0.16840067359275457,2332950
climate-fever,32,selection,50,4661,50,glob_probe,best_in_menu_on_eval,0.0,True,,2332950
climate-fever,33,recalibration,50,4766,50,ad_probe,ad_c(full_target_scalar_reference),0.0016266083299088518,True,0.3410519837206589,2333950
climate-fever,33,selection,50,4766,50,glob_probe,best_in_menu_on_eval,0.0,True,,2333950
climate-fever,34,recalibration,50,4648,50,ad_probe,ad_c(full_target_scalar_reference),0.0001328260539237014,True,0.022187047608858812,2334950
climate-fever,34,selection,50,4648,50,glob_probe,best_in_menu_on_eval,0.0,True,,2334950
climate-fever,35,recalibration,50,4588,50,ad_probe,ad_c(full_target_scalar_reference),0.0008656266799582923,True,0.33839514026799455,2335950
climate-fever,35,selection,50,4588,50,glob_probe,best_in_menu_on_eval,0.0,True,,2335950
climate-fever,36,recalibration,50,4625,50,ad_probe,ad_c(full_target_scalar_reference),0.001227649933996322,True,0.3838083125292804,2336950
climate-fever,36,selection,50,4625,50,glob_probe,best_in_menu_on_eval,0.0,True,,2336950
climate-fever,37,recalibration,50,4664,50,ad_probe,ad_c(full_target_scalar_reference),0.0005247617095540114,True,0.10189644291019961,2337950
climate-fever,37,selection,50,4664,50,glob_probe,best_in_menu_on_eval,0.0,True,,2337950
climate-fever,38,recalibration,50,4730,50,ad_probe,ad_c(full_target_scalar_reference),0.0007582558262678452,True,0.21492632231779085,2338950
climate-fever,38,selection,50,4730,50,trunc,best_in_menu_on_eval,0.01995474000356412,False,,2338950
climate-fever,39,recalibration,50,4661,50,ad_probe,ad_c(full_target_scalar_reference),0.00022747280038412643,True,0.04750286271173376,2339950
climate-fever,39,selection,50,4661,50,glob_probe,best_in_menu_on_eval,0.0,True,,2339950
climate-fever,40,recalibration,50,4644,50,ad_probe,ad_c(full_target_scalar_reference),0.0007312085758049702,True,0.12113026185554032,2340950
climate-fever,40,selection,50,4644,50,glob_probe,best_in_menu_on_eval,0.0,True,,2340950
climate-fever,41,recalibration,50,4764,50,ad_probe,ad_c(full_target_scalar_reference),0.0005388054640713125,True,0.17261003627845062,2341950
climate-fever,41,selection,50,4764,50,glob_probe,best_in_menu_on_eval,0.0,True,,2341950
climate-fever,42,recalibration,50,4735,50,ad_probe,ad_c(full_target_scalar_reference),0.0006022725806845153,True,0.14607858794686557,2342950
climate-fever,42,selection,50,4735,50,glob_probe,best_in_menu_on_eval,0.0,True,,2342950
climate-fever,43,recalibration,50,4557,50,ad_probe,ad_c(full_target_scalar_reference),0.00048797974128278465,True,0.055224670097735906,2343950
climate-fever,43,selection,50,4557,50,glob_probe,best_in_menu_on_eval,0.0,True,,2343950
climate-fever,44,recalibration,50,4497,50,ad_probe,ad_c(full_target_scalar_reference),0.000474877952821251,True,0.19768467353699348,2344950
climate-fever,44,selection,50,4497,50,glob_probe,best_in_menu_on_eval,0.0,True,,2344950
climate-fever,45,recalibration,50,4715,50,ad_probe,ad_c(full_target_scalar_reference),0.0008133789238811417,True,0.16231000744329416,2345950
climate-fever,45,selection,50,4715,50,glob_probe,best_in_menu_on_eval,0.0,True,,2345950
climate-fever,46,recalibration,50,4746,50,ad_probe,ad_c(full_target_scalar_reference),0.0008492470661186913,True,0.21087738898724195,2346950
climate-fever,46,selection,50,4746,50,glob_probe,best_in_menu_on_eval,0.0,True,,2346950
climate-fever,47,recalibration,50,4764,50,ad_probe,ad_c(full_target_scalar_reference),0.0009152665491862222,True,0.206015338387052,2347950
climate-fever,47,selection,50,4764,50,glob_probe,best_in_menu_on_eval,0.0,True,,2347950
climate-fever,48,recalibration,50,4619,50,ad_probe,ad_c(full_target_scalar_reference),0.00016084779054689746,True,0.06213473201942987,2348950
climate-fever,48,selection,50,4619,50,glob_probe,best_in_menu_on_eval,0.0,True,,2348950
climate-fever,49,recalibration,50,4623,50,ad_probe,ad_c(full_target_scalar_reference),0.00012488469367316624,True,0.1061161952120604,2349950
climate-fever,49,selection,50,4623,50,glob_probe,best_in_menu_on_eval,0.0,True,,2349950
climate-fever,0,recalibration,100,9395,100,ad_probe,ad_c(full_target_scalar_reference),0.00069264573876196,True,0.21330082678043594,2400254
climate-fever,0,selection,100,9395,100,glob_probe,best_in_menu_on_eval,0.0,True,,2400254
climate-fever,1,recalibration,100,9475,100,ad_probe,ad_c(full_target_scalar_reference),0.0006250553636477918,True,0.22990453564152658,2401254
climate-fever,1,selection,100,9475,100,glob_probe,best_in_menu_on_eval,0.0,True,,2401254
climate-fever,2,recalibration,100,9172,100,ad_probe,ad_c(full_target_scalar_reference),0.0007829330618767394,True,0.4803257714325011,2402254
climate-fever,2,selection,100,9172,100,glob_probe,best_in_menu_on_eval,0.0,True,,2402254
climate-fever,3,recalibration,100,9432,100,ad_probe,ad_c(full_target_scalar_reference),0.0002633555041623159,True,0.0632003481184249,2403254
climate-fever,3,selection,100,9432,100,glob_probe,best_in_menu_on_eval,0.0,True,,2403254
climate-fever,4,recalibration,100,9282,100,ad_probe,ad_c(full_target_scalar_reference),0.00013745413942622964,True,0.020269221548617544,2404254
climate-fever,4,selection,100,9282,100,glob_probe,best_in_menu_on_eval,0.0,True,,2404254
climate-fever,5,recalibration,100,9245,100,ad_probe,ad_c(full_target_scalar_reference),0.0008702850703881659,True,0.1731392753801244,2405254
climate-fever,5,selection,100,9245,100,glob_probe,best_in_menu_on_eval,0.0,True,,2405254
climate-fever,6,recalibration,100,9430,100,ad_probe,ad_c(full_target_scalar_reference),0.0003516382749850222,True,0.1117654379840709,2406254
climate-fever,6,selection,100,9430,100,glob_probe,best_in_menu_on_eval,0.0,True,,2406254
climate-fever,7,recalibration,100,9334,100,ad_probe,ad_c(full_target_scalar_reference),0.00013882486619573586,True,0.057010140721658775,2407254
climate-fever,7,selection,100,9334,100,glob_probe,best_in_menu_on_eval,0.0,True,,2407254
climate-fever,8,recalibration,100,9398,100,ad_probe,ad_c(full_target_scalar_reference),0.0002463981229098855,True,0.10786711946936922,2408254
climate-fever,8,selection,100,9398,100,glob_probe,best_in_menu_on_eval,0.0,True,,2408254
climate-fever,9,recalibration,100,9400,100,ad_probe,ad_c(full_target_scalar_reference),8.059254250325498e-05,True,0.08549680995338038,2409254
climate-fever,9,selection,100,9400,100,glob_probe,best_in_menu_on_eval,0.0,True,,2409254
climate-fever,10,recalibration,100,9196,100,ad_probe,ad_c(full_target_scalar_reference),5.498165577053071e-05,True,0.012339019944675567,2410254
climate-fever,10,selection,100,9196,100,glob_probe,best_in_menu_on_eval,0.0,True,,2410254
climate-fever,11,recalibration,100,9289,100,ad_probe,ad_c(full_target_scalar_reference),0.0004523390215457057,True,0.17522540320651503,2411254
climate-fever,11,selection,100,9289,100,glob_probe,best_in_menu_on_eval,0.0,True,,2411254
climate-fever,12,recalibration,100,9505,100,ad_probe,ad_c(full_target_scalar_reference),0.000233401639236408,True,0.12297274427218863,2412254
climate-fever,12,selection,100,9505,100,glob_probe,best_in_menu_on_eval,0.0,True,,2412254
climate-fever,13,recalibration,100,9314,100,ad_probe,ad_c(full_target_scalar_reference),0.0010204610277874948,True,0.23674493516166395,2413254
climate-fever,13,selection,100,9314,100,glob_probe,best_in_menu_on_eval,0.0,True,,2413254
climate-fever,14,recalibration,100,9289,100,ad_probe,ad_c(full_target_scalar_reference),0.0009969032620281149,True,0.320909744737512,2414254
climate-fever,14,selection,100,9289,100,glob_probe,best_in_menu_on_eval,0.0,True,,2414254
climate-fever,15,recalibration,100,9262,100,ad_probe,ad_c(full_target_scalar_reference),0.0005031366407481086,True,0.10033579193106901,2415254
climate-fever,15,selection,100,9262,100,glob_probe,best_in_menu_on_eval,0.0,True,,2415254
climate-fever,16,recalibration,100,9406,100,ad_probe,ad_c(full_target_scalar_reference),0.0004398816607699141,True,0.09722897968356659,2416254
climate-fever,16,selection,100,9406,100,glob_probe,best_in_menu_on_eval,0.0,True,,2416254
climate-fever,17,recalibration,100,9281,100,ad_probe,ad_c(full_target_scalar_reference),8.247248365572668e-05,True,0.013361700275932531,2417254
climate-fever,17,selection,100,9281,100,glob_probe,best_in_menu_on_eval,0.0,True,,2417254
climate-fever,18,recalibration,100,9402,100,ad_probe,ad_c(full_target_scalar_reference),5.498165577053071e-05,True,0.0016315377291342692,2418254
climate-fever,18,selection,100,9402,100,glob_probe,best_in_menu_on_eval,0.0,True,,2418254
climate-fever,19,recalibration,100,9374,100,ad_probe,ad_c(full_target_scalar_reference),0.00043554505229465024,True,0.1319989798515948,2419254
climate-fever,19,selection,100,9374,100,glob_probe,best_in_menu_on_eval,0.0,True,,2419254
climate-fever,20,recalibration,100,9394,100,ad_probe,ad_c(full_target_scalar_reference),0.00013075897159836591,True,0.06498272886159695,2420254
climate-fever,20,selection,100,9394,100,glob_probe,best_in_menu_on_eval,0.0,True,,2420254
climate-fever,21,recalibration,100,9374,100,ad_probe,ad_c(full_target_scalar_reference),0.0006428425489700129,True,0.15780552337768716,2421254
climate-fever,21,selection,100,9374,100,glob_probe,best_in_menu_on_eval,0.0,True,,2421254
climate-fever,22,recalibration,100,9359,100,ad_probe,ad_c(full_target_scalar_reference),4.1921605212602575e-05,True,0.045941265965570466,2422254
climate-fever,22,selection,100,9359,100,glob_probe,best_in_menu_on_eval,0.0,True,,2422254
climate-fever,23,recalibration,100,9345,100,ad_probe,ad_c(full_target_scalar_reference),0.0008463633475162269,True,0.19473707878387847,2423254
climate-fever,23,selection,100,9345,100,glob_probe,best_in_menu_on_eval,0.0,True,,2423254
climate-fever,24,recalibration,100,9276,100,ad_probe,ad_c(full_target_scalar_reference),0.0004804024895805614,True,0.22744443901049127,2424254
climate-fever,24,selection,100,9276,100,glob_probe,best_in_menu_on_eval,0.0,True,,2424254
climate-fever,25,recalibration,100,9384,100,ad_probe,ad_c(full_target_scalar_reference),0.0005342488866287298,True,0.16173073641439872,2425254
climate-fever,25,selection,100,9384,100,glob_probe,best_in_menu_on_eval,0.0,True,,2425254
climate-fever,26,recalibration,100,9285,100,ad_probe,ad_c(full_target_scalar_reference),0.00023539868193062086,True,0.04693858660003558,2426254
climate-fever,26,selection,100,9285,100,glob_probe,best_in_menu_on_eval,0.0,True,,2426254
climate-fever,27,recalibration,100,9374,100,ad_probe,ad_c(full_target_scalar_reference),0.0006589509596063026,True,0.14437502728344365,2427254
climate-fever,27,selection,100,9374,100,glob_probe,best_in_menu_on_eval,0.0,True,,2427254
climate-fever,28,recalibration,100,9397,100,ad_probe,ad_c(full_target_scalar_reference),6.218039041142043e-05,True,0.016627224972367127,2428254
climate-fever,28,selection,100,9397,100,glob_probe,best_in_menu_on_eval,0.0,True,,2428254
climate-fever,29,recalibration,100,9372,100,ad_probe,ad_c(full_target_scalar_reference),5.49816557704752e-05,True,0.0038315438804281676,2429254
climate-fever,29,selection,100,9372,100,glob_probe,best_in_menu_on_eval,0.0,True,,2429254
climate-fever,30,recalibration,100,9353,100,ad_probe,ad_c(full_target_scalar_reference),0.00030232082962722284,True,0.1302577780987222,2430254
climate-fever,30,selection,100,9353,100,glob_probe,best_in_menu_on_eval,0.0,True,,2430254
climate-fever,31,recalibration,100,9466,100,ad_probe,ad_c(full_target_scalar_reference),0.0007397458099531184,True,0.15149986190255582,2431254
climate-fever,31,selection,100,9466,100,glob_probe,best_in_menu_on_eval,0.0,True,,2431254
climate-fever,32,recalibration,100,9462,100,ad_probe,ad_c(full_target_scalar_reference),0.0008976255528755084,True,0.19776239362462844,2432254
climate-fever,32,selection,100,9462,100,glob_probe,best_in_menu_on_eval,0.0,True,,2432254
climate-fever,33,recalibration,100,9320,100,ad_probe,ad_c(full_target_scalar_reference),8.247248365572668e-05,True,0.0159941092187168,2433254
climate-fever,33,selection,100,9320,100,glob_probe,best_in_menu_on_eval,0.0,True,,2433254
climate-fever,34,recalibration,100,9280,100,ad_probe,ad_c(full_target_scalar_reference),0.00012251414771591307,True,0.07239671675580661,2434254
climate-fever,34,selection,100,9280,100,glob_probe,best_in_menu_on_eval,0.0,True,,2434254
climate-fever,35,recalibration,100,9542,100,ad_probe,ad_c(full_target_scalar_reference),5.498165577053071e-05,True,0.007733928094247666,2435254
climate-fever,35,selection,100,9542,100,glob_probe,best_in_menu_on_eval,0.0,True,,2435254
climate-fever,36,recalibration,100,9277,100,ad_probe,ad_c(full_target_scalar_reference),0.000814902749305263,True,0.1422268694180775,2436254
climate-fever,36,selection,100,9277,100,glob_probe,best_in_menu_on_eval,0.0,True,,2436254
climate-fever,37,recalibration,100,9345,100,ad_probe,ad_c(full_target_scalar_reference),6.218039041144818e-05,True,0.005158156207139886,2437254
climate-fever,37,selection,100,9345,100,glob_probe,best_in_menu_on_eval,0.0,True,,2437254
climate-fever,38,recalibration,100,9255,100,ad_probe,ad_c(full_target_scalar_reference),0.0008744268155510548,True,0.24053598957562938,2438254
climate-fever,38,selection,100,9255,100,glob_probe,best_in_menu_on_eval,0.0,True,,2438254
climate-fever,39,recalibration,100,9353,100,ad_probe,ad_c(full_target_scalar_reference),0.0009527123343892885,True,0.12704051529636162,2439254
climate-fever,39,selection,100,9353,100,glob_probe,best_in_menu_on_eval,0.0,True,,2439254
climate-fever,40,recalibration,100,9297,100,ad_probe,ad_c(full_target_scalar_reference),0.0008619322812946639,True,0.1879552105386928,2440254
climate-fever,40,selection,100,9297,100,glob_probe,best_in_menu_on_eval,0.0,True,,2440254
climate-fever,41,recalibration,100,9433,100,ad_probe,ad_c(full_target_scalar_reference),0.00010410199562413402,True,0.02658040501093195,2441254
climate-fever,41,selection,100,9433,100,glob_probe,best_in_menu_on_eval,0.0,True,,2441254
climate-fever,42,recalibration,100,9258,100,ad_probe,ad_c(full_target_scalar_reference),0.00013745413942620188,True,0.02133914474728371,2442254
climate-fever,42,selection,100,9258,100,glob_probe,best_in_menu_on_eval,0.0,True,,2442254
climate-fever,43,recalibration,100,9432,100,ad_probe,ad_c(full_target_scalar_reference),8.247248365572668e-05,True,0.013926706267821665,2443254
climate-fever,43,selection,100,9432,100,glob_probe,best_in_menu_on_eval,0.0,True,,2443254
climate-fever,44,recalibration,100,9477,100,ad_probe,ad_c(full_target_scalar_reference),5.498165577050296e-05,True,0.005349783749595272,2444254
climate-fever,44,selection,100,9477,100,glob_probe,best_in_menu_on_eval,0.0,True,,2444254
climate-fever,45,recalibration,100,9168,100,ad_probe,ad_c(full_target_scalar_reference),0.0003416232403990471,True,0.1828394706098524,2445254
climate-fever,45,selection,100,9168,100,glob_probe,best_in_menu_on_eval,0.0,True,,2445254
climate-fever,46,recalibration,100,9184,100,ad_probe,ad_c(full_target_scalar_reference),0.0005915508835236116,True,0.22408494047288618,2446254
climate-fever,46,selection,100,9184,100,glob_probe,best_in_menu_on_eval,0.0,True,,2446254
climate-fever,47,recalibration,100,9378,100,ad_probe,ad_c(full_target_scalar_reference),0.0001374541394262574,True,0.028618345488456765,2447254
climate-fever,47,selection,100,9378,100,glob_probe,best_in_menu_on_eval,0.0,True,,2447254
climate-fever,48,recalibration,100,9331,100,ad_probe,ad_c(full_target_scalar_reference),0.00013745413942620188,True,0.026195985862785154,2448254
climate-fever,48,selection,100,9331,100,glob_probe,best_in_menu_on_eval,0.0,True,,2448254
climate-fever,49,recalibration,100,9366,100,ad_probe,ad_c(full_target_scalar_reference),0.0005575791736208424,True,0.1703569374289864,2449254
climate-fever,49,selection,100,9366,100,glob_probe,best_in_menu_on_eval,0.0,True,,2449254
